mtllib turret_heavy_mg_rifle.mtl
o turret_heavy_mg_rifle
v 0.00000000 1.00000000 0.00000000
v 0.00000000 1.00000000 0.00000000
v 0.00000000 1.00000000 0.00000000
v 0.00000000 1.00000000 0.00000000
v 0.00000000 1.00000000 0.00000000
v 0.00000000 1.00000000 0.00000000
v 0.00000000 1.00000000 0.00000000
v 0.00000000 1.00000000 0.00000000
v 0.00000000 1.00000000 0.00000000
v 0.00000000 1.00000000 0.00000000
v 0.00000000 1.00000000 0.00000000
v 0.00000000 1.00000000 0.00000000
v 0.00000000 1.00000000 0.00000000
v 0.00000000 1.00000000 0.00000000
v 0.00000000 1.00000000 0.00000000
v 0.00000000 0.95105654 0.30901700
v 0.13407746 0.95105654 0.27841470
v 0.24159923 0.95105654 0.19266894
v 0.30126929 0.95105654 0.06876276
v 0.30126929 0.95105654 -0.06876276
v 0.24159919 0.95105654 -0.19266900
v 0.13407747 0.95105654 -0.27841470
v -0.00000003 0.95105654 -0.30901700
v -0.13407746 0.95105654 -0.27841470
v -0.24159926 0.95105654 -0.19266890
v -0.30126932 0.95105654 -0.06876263
v -0.30126926 0.95105654 0.06876293
v -0.24159926 0.95105654 0.19266891
v -0.13407746 0.95105654 0.27841470
v 0.00000005 0.95105654 0.30901700
v 0.00000000 0.80901700 0.58778524
v 0.25503048 0.80901700 0.52957618
v 0.45954901 0.80901700 0.36647812
v 0.57304823 0.80901700 0.13079454
v 0.57304823 0.80901700 -0.13079453
v 0.45954895 0.80901700 -0.36647820
v 0.25503051 0.80901700 -0.52957618
v -0.00000005 0.80901700 -0.58778524
v -0.25503048 0.80901700 -0.52957618
v -0.45954910 0.80901700 -0.36647800
v -0.57304829 0.80901700 -0.13079429
v -0.57304817 0.80901700 0.13079485
v -0.45954910 0.80901700 0.36647803
v -0.25503048 0.80901700 0.52957618
v 0.00000010 0.80901700 0.58778524
v 0.00000000 0.58778524 0.80901700
v 0.35101932 0.58778524 0.72889912
v 0.63251495 0.58778524 0.50441384
v 0.78873324 0.58778524 0.18002325
v 0.78873324 0.58778524 -0.18002322
v 0.63251489 0.58778524 -0.50441396
v 0.35101938 0.58778524 -0.72889912
v -0.00000007 0.58778524 -0.80901700
v -0.35101932 0.58778524 -0.72889912
v -0.63251507 0.58778524 -0.50441372
v -0.78873336 0.58778524 -0.18002291
v -0.78873312 0.58778524 0.18002367
v -0.63251507 0.58778524 0.50441372
v -0.35101932 0.58778524 0.72889912
v 0.00000014 0.58778524 0.80901700
v 0.00000000 0.30901697 0.95105654
v 0.41264799 0.30901697 0.85687232
v 0.74356598 0.30901697 0.59297407
v 0.92721158 0.30901697 0.21163003
v 0.92721158 0.30901697 -0.21163000
v 0.74356586 0.30901697 -0.59297425
v 0.41264805 0.30901697 -0.85687232
v -0.00000008 0.30901697 -0.95105654
v -0.41264799 0.30901697 -0.85687232
v -0.74356610 0.30901697 -0.59297389
v -0.92721164 0.30901697 -0.21162961
v -0.92721146 0.30901697 0.21163052
v -0.74356610 0.30901697 0.59297395
v -0.41264799 0.30901697 0.85687232
v 0.00000017 0.30901697 0.95105654
v 0.00000000 -0.00000004 1.00000000
v 0.43388376 -0.00000004 0.90096885
v 0.78183150 -0.00000004 0.62348980
v 0.97492790 -0.00000004 0.22252098
v 0.97492790 -0.00000004 -0.22252095
v 0.78183138 -0.00000004 -0.62348998
v 0.43388382 -0.00000004 -0.90096885
v -0.00000009 -0.00000004 -1.00000000
v -0.43388376 -0.00000004 -0.90096885
v -0.78183162 -0.00000004 -0.62348962
v -0.97492802 -0.00000004 -0.22252055
v -0.97492778 -0.00000004 0.22252150
v -0.78183162 -0.00000004 0.62348968
v -0.43388376 -0.00000004 0.90096885
v 0.00000017 -0.00000004 1.00000000
v 0.00000000 -0.30901703 0.95105648
v 0.41264796 -0.30901703 0.85687226
v 0.74356592 -0.30901703 0.59297401
v 0.92721152 -0.30901703 0.21163002
v 0.92721152 -0.30901703 -0.21162999
v 0.74356580 -0.30901703 -0.59297419
v 0.41264802 -0.30901703 -0.85687226
v -0.00000008 -0.30901703 -0.95105648
v -0.41264796 -0.30901703 -0.85687226
v -0.74356604 -0.30901703 -0.59297383
v -0.92721164 -0.30901703 -0.21162960
v -0.92721140 -0.30901703 0.21163051
v -0.74356604 -0.30901703 0.59297389
v -0.41264796 -0.30901703 0.85687226
v 0.00000017 -0.30901703 0.95105648
v 0.00000000 -0.58778542 0.80901688
v 0.35101929 -0.58778542 0.72889900
v 0.63251489 -0.58778542 0.50441378
v 0.78873312 -0.58778542 0.18002322
v 0.78873312 -0.58778542 -0.18002321
v 0.63251477 -0.58778542 -0.50441390
v 0.35101932 -0.58778542 -0.72889900
v -0.00000007 -0.58778542 -0.80901688
v -0.35101929 -0.58778542 -0.72889900
v -0.63251495 -0.58778542 -0.50441360
v -0.78873324 -0.58778542 -0.18002288
v -0.78873307 -0.58778542 0.18002366
v -0.63251495 -0.58778542 0.50441366
v -0.35101929 -0.58778542 0.72889900
v 0.00000014 -0.58778542 0.80901688
v 0.00000000 -0.80901706 0.58778518
v 0.25503045 -0.80901706 0.52957612
v 0.45954898 -0.80901706 0.36647806
v 0.57304817 -0.80901706 0.13079454
v 0.57304817 -0.80901706 -0.13079451
v 0.45954889 -0.80901706 -0.36647817
v 0.25503048 -0.80901706 -0.52957612
v -0.00000005 -0.80901706 -0.58778518
v -0.25503045 -0.80901706 -0.52957612
v -0.45954904 -0.80901706 -0.36647797
v -0.57304823 -0.80901706 -0.13079429
v -0.57304811 -0.80901706 0.13079484
v -0.45954904 -0.80901706 0.36647800
v -0.25503045 -0.80901706 0.52957612
v 0.00000010 -0.80901706 0.58778518
v 0.00000000 -0.95105648 0.30901703
v 0.13407747 -0.95105648 0.27841473
v 0.24159925 -0.95105648 0.19266896
v 0.30126932 -0.95105648 0.06876277
v 0.30126932 -0.95105648 -0.06876276
v 0.24159922 -0.95105648 -0.19266902
v 0.13407749 -0.95105648 -0.27841473
v -0.00000003 -0.95105648 -0.30901703
v -0.13407747 -0.95105648 -0.27841473
v -0.24159929 -0.95105648 -0.19266891
v -0.30126935 -0.95105648 -0.06876264
v -0.30126929 -0.95105648 0.06876294
v -0.24159929 -0.95105648 0.19266893
v -0.13407747 -0.95105648 0.27841473
v 0.00000005 -0.95105648 0.30901703
v 0.00000000 -1.00000000 -0.00000009
v -0.00000004 -1.00000000 -0.00000008
v -0.00000007 -1.00000000 -0.00000005
v -0.00000009 -1.00000000 -0.00000002
v -0.00000009 -1.00000000 0.00000002
v -0.00000007 -1.00000000 0.00000005
v -0.00000004 -1.00000000 0.00000008
v 0.00000000 -1.00000000 0.00000009
v 0.00000004 -1.00000000 0.00000008
v 0.00000007 -1.00000000 0.00000005
v 0.00000009 -1.00000000 0.00000002
v 0.00000009 -1.00000000 -0.00000002
v 0.00000007 -1.00000000 -0.00000005
v 0.00000004 -1.00000000 -0.00000008
v -0.00000000 -1.00000000 -0.00000009
v -1.06000006 -0.14999999 0.32000002
v -0.90000004 -0.14999999 0.32000002
v -0.90000004 0.26999998 0.32000002
v -1.06000006 0.26999998 0.32000002
v -0.90000004 -0.14999999 -0.40000001
v -1.06000006 -0.14999999 -0.40000001
v -1.06000006 0.26999998 -0.40000001
v -0.90000004 0.26999998 -0.40000001
v -1.06000006 0.26999998 0.32000002
v -0.90000004 0.26999998 0.32000002
v -0.90000004 0.26999998 -0.40000001
v -1.06000006 0.26999998 -0.40000001
v -1.06000006 -0.14999999 -0.40000001
v -0.90000004 -0.14999999 -0.40000001
v -0.90000004 -0.14999999 0.32000002
v -1.06000006 -0.14999999 0.32000002
v -0.90000004 -0.14999999 0.32000002
v -0.90000004 -0.14999999 -0.40000001
v -0.90000004 0.26999998 -0.40000001
v -0.90000004 0.26999998 0.32000002
v -1.06000006 -0.14999999 -0.40000001
v -1.06000006 -0.14999999 0.32000002
v -1.06000006 0.26999998 0.32000002
v -1.06000006 0.26999998 -0.40000001
v 0.90000004 -0.14999999 0.32000002
v 1.06000006 -0.14999999 0.32000002
v 1.06000006 0.26999998 0.32000002
v 0.90000004 0.26999998 0.32000002
v 1.06000006 -0.14999999 -0.40000001
v 0.90000004 -0.14999999 -0.40000001
v 0.90000004 0.26999998 -0.40000001
v 1.06000006 0.26999998 -0.40000001
v 0.90000004 0.26999998 0.32000002
v 1.06000006 0.26999998 0.32000002
v 1.06000006 0.26999998 -0.40000001
v 0.90000004 0.26999998 -0.40000001
v 0.90000004 -0.14999999 -0.40000001
v 1.06000006 -0.14999999 -0.40000001
v 1.06000006 -0.14999999 0.32000002
v 0.90000004 -0.14999999 0.32000002
v 1.06000006 -0.14999999 0.32000002
v 1.06000006 -0.14999999 -0.40000001
v 1.06000006 0.26999998 -0.40000001
v 1.06000006 0.26999998 0.32000002
v 0.90000004 -0.14999999 -0.40000001
v 0.90000004 -0.14999999 0.32000002
v 0.90000004 0.26999998 0.32000002
v 0.90000004 0.26999998 -0.40000001
v -1.05999994 0.06000000 -0.35999998
v -1.14999998 0.06000000 -0.35999998
v -1.05999994 -0.09999999 -0.31712812
v -1.14999998 -0.09999999 -0.31712812
v -1.05999994 -0.21712813 -0.19999999
v -1.14999998 -0.21712813 -0.19999999
v -1.05999994 -0.25999999 -0.03999998
v -1.14999998 -0.25999999 -0.03999998
v -1.05999994 -0.21712813 0.12000001
v -1.14999998 -0.21712813 0.12000001
v -1.05999994 -0.09999993 0.23712817
v -1.14999998 -0.09999993 0.23712817
v -1.05999994 0.06000003 0.28000000
v -1.14999998 0.06000003 0.28000000
v -1.05999994 0.22000006 0.23712808
v -1.14999998 0.22000006 0.23712808
v -1.05999994 0.33712813 0.11999997
v -1.14999998 0.33712813 0.11999997
v -1.05999994 0.38000000 -0.04000000
v -1.14999998 0.38000000 -0.04000000
v -1.05999994 0.33712807 -0.20000011
v -1.14999998 0.33712807 -0.20000011
v -1.05999994 0.21999992 -0.31712818
v -1.14999998 0.21999992 -0.31712818
v -1.14999998 0.06000000 -0.04000000
v 1.05999994 0.06000000 0.28000000
v 1.14999998 0.06000000 0.28000000
v 1.05999994 -0.09999999 0.23712814
v 1.14999998 -0.09999999 0.23712814
v 1.05999994 -0.21712813 0.11999998
v 1.14999998 -0.21712813 0.11999998
v 1.05999994 -0.25999999 -0.04000001
v 1.14999998 -0.25999999 -0.04000001
v 1.05999994 -0.21712813 -0.20000002
v 1.14999998 -0.21712813 -0.20000002
v 1.05999994 -0.09999993 -0.31712815
v 1.14999998 -0.09999993 -0.31712815
v 1.05999994 0.06000003 -0.35999998
v 1.14999998 0.06000003 -0.35999998
v 1.05999994 0.22000006 -0.31712806
v 1.14999998 0.22000006 -0.31712806
v 1.05999994 0.33712813 -0.19999996
v 1.14999998 0.33712813 -0.19999996
v 1.05999994 0.38000000 -0.04000000
v 1.14999998 0.38000000 -0.04000000
v 1.05999994 0.33712807 0.12000012
v 1.14999998 0.33712807 0.12000012
v 1.05999994 0.21999992 0.23712820
v 1.14999998 0.21999992 0.23712820
v 1.14999998 0.06000000 -0.04000000
v -1.14999998 0.06000000 -0.21599999
v -1.16999996 0.06000000 -0.21599999
v -1.14999998 -0.04345020 -0.18238699
v -1.16999996 -0.04345020 -0.18238699
v -1.14999998 -0.10738595 -0.09438699
v -1.16999996 -0.10738595 -0.09438699
v -1.14999998 -0.10738593 0.01438700
v -1.16999996 -0.10738593 0.01438700
v -1.14999998 -0.04345020 0.10238700
v -1.16999996 -0.04345020 0.10238700
v -1.14999998 0.06000001 0.13600001
v -1.16999996 0.06000001 0.13600001
v -1.14999998 0.16345023 0.10238699
v -1.16999996 0.16345023 0.10238699
v -1.14999998 0.22738597 0.01438693
v -1.16999996 0.22738597 0.01438693
v -1.14999998 0.22738594 -0.09438701
v -1.16999996 0.22738594 -0.09438701
v -1.14999998 0.16345021 -0.18238699
v -1.16999996 0.16345021 -0.18238699
v -1.16999996 0.06000000 -0.04000000
v 1.14999998 0.06000000 0.13600001
v 1.16999996 0.06000000 0.13600001
v 1.14999998 -0.04345020 0.10238699
v 1.16999996 -0.04345020 0.10238699
v 1.14999998 -0.10738595 0.01438699
v 1.16999996 -0.10738595 0.01438699
v 1.14999998 -0.10738593 -0.09438699
v 1.16999996 -0.10738593 -0.09438699
v 1.14999998 -0.04345020 -0.18238699
v 1.16999996 -0.04345020 -0.18238699
v 1.14999998 0.06000001 -0.21599999
v 1.16999996 0.06000001 -0.21599999
v 1.14999998 0.16345023 -0.18238699
v 1.16999996 0.16345023 -0.18238699
v 1.14999998 0.22738597 -0.09438693
v 1.16999996 0.22738597 -0.09438693
v 1.14999998 0.22738594 0.01438702
v 1.16999996 0.22738594 0.01438702
v 1.14999998 0.16345021 0.10238699
v 1.16999996 0.16345021 0.10238699
v 1.16999996 0.06000000 -0.04000000
v -0.56000000 -0.33000001 -0.80000001
v 0.56000000 -0.33000001 -0.80000001
v 0.56000000 0.53000003 -0.80000001
v -0.56000000 0.53000003 -0.80000001
v 0.56000000 -0.33000001 -1.70000005
v -0.56000000 -0.33000001 -1.70000005
v -0.56000000 0.53000003 -1.70000005
v 0.56000000 0.53000003 -1.70000005
v -0.56000000 0.53000003 -0.80000001
v 0.56000000 0.53000003 -0.80000001
v 0.56000000 0.53000003 -1.70000005
v -0.56000000 0.53000003 -1.70000005
v -0.56000000 -0.33000001 -1.70000005
v 0.56000000 -0.33000001 -1.70000005
v 0.56000000 -0.33000001 -0.80000001
v -0.56000000 -0.33000001 -0.80000001
v 0.56000000 -0.33000001 -0.80000001
v 0.56000000 -0.33000001 -1.70000005
v 0.56000000 0.53000003 -1.70000005
v 0.56000000 0.53000003 -0.80000001
v -0.56000000 -0.33000001 -1.70000005
v -0.56000000 -0.33000001 -0.80000001
v -0.56000000 0.53000003 -0.80000001
v -0.56000000 0.53000003 -1.70000005
v -0.75800002 -0.24000001 -0.85000002
v -0.53799999 -0.24000001 -0.85000002
v -0.53799999 0.44000000 -0.85000002
v -0.75800002 0.44000000 -0.85000002
v -0.53799999 -0.24000001 -1.59000003
v -0.75800002 -0.24000001 -1.59000003
v -0.75800002 0.44000000 -1.59000003
v -0.53799999 0.44000000 -1.59000003
v -0.75800002 0.44000000 -0.85000002
v -0.53799999 0.44000000 -0.85000002
v -0.53799999 0.44000000 -1.59000003
v -0.75800002 0.44000000 -1.59000003
v -0.75800002 -0.24000001 -1.59000003
v -0.53799999 -0.24000001 -1.59000003
v -0.53799999 -0.24000001 -0.85000002
v -0.75800002 -0.24000001 -0.85000002
v -0.53799999 -0.24000001 -0.85000002
v -0.53799999 -0.24000001 -1.59000003
v -0.53799999 0.44000000 -1.59000003
v -0.53799999 0.44000000 -0.85000002
v -0.75800002 -0.24000001 -1.59000003
v -0.75800002 -0.24000001 -0.85000002
v -0.75800002 0.44000000 -0.85000002
v -0.75800002 0.44000000 -1.59000003
v 0.53799999 -0.24000001 -0.85000002
v 0.75800002 -0.24000001 -0.85000002
v 0.75800002 0.44000000 -0.85000002
v 0.53799999 0.44000000 -0.85000002
v 0.75800002 -0.24000001 -1.59000003
v 0.53799999 -0.24000001 -1.59000003
v 0.53799999 0.44000000 -1.59000003
v 0.75800002 0.44000000 -1.59000003
v 0.53799999 0.44000000 -0.85000002
v 0.75800002 0.44000000 -0.85000002
v 0.75800002 0.44000000 -1.59000003
v 0.53799999 0.44000000 -1.59000003
v 0.53799999 -0.24000001 -1.59000003
v 0.75800002 -0.24000001 -1.59000003
v 0.75800002 -0.24000001 -0.85000002
v 0.53799999 -0.24000001 -0.85000002
v 0.75800002 -0.24000001 -0.85000002
v 0.75800002 -0.24000001 -1.59000003
v 0.75800002 0.44000000 -1.59000003
v 0.75800002 0.44000000 -0.85000002
v 0.53799999 -0.24000001 -1.59000003
v 0.53799999 -0.24000001 -0.85000002
v 0.53799999 0.44000000 -0.85000002
v 0.53799999 0.44000000 -1.59000003
v -0.39199999 0.53000003 -0.90799999
v 0.39199999 0.53000003 -0.90799999
v 0.39199999 0.63000005 -0.90799999
v -0.39199999 0.63000005 -0.90799999
v 0.39199999 0.53000003 -1.59200001
v -0.39199999 0.53000003 -1.59200001
v -0.39199999 0.63000005 -1.59200001
v 0.39199999 0.63000005 -1.59200001
v -0.39199999 0.63000005 -0.90799999
v 0.39199999 0.63000005 -0.90799999
v 0.39199999 0.63000005 -1.59200001
v -0.39199999 0.63000005 -1.59200001
v -0.39199999 0.53000003 -1.59200001
v 0.39199999 0.53000003 -1.59200001
v 0.39199999 0.53000003 -0.90799999
v -0.39199999 0.53000003 -0.90799999
v 0.39199999 0.53000003 -0.90799999
v 0.39199999 0.53000003 -1.59200001
v 0.39199999 0.63000005 -1.59200001
v 0.39199999 0.63000005 -0.90799999
v -0.39199999 0.53000003 -1.59200001
v -0.39199999 0.53000003 -0.90799999
v -0.39199999 0.63000005 -0.90799999
v -0.39199999 0.63000005 -1.59200001
v -0.46120000 0.10000000 -1.95000005
v -0.46120000 0.10000000 -1.70000005
v -0.42873287 0.00007651 -1.95000005
v -0.42873287 0.00007651 -1.70000005
v -0.34373286 -0.06167961 -1.95000005
v -0.34373286 -0.06167961 -1.70000005
v -0.23866709 -0.06167961 -1.95000005
v -0.23866709 -0.06167961 -1.70000005
v -0.15366708 0.00007652 -1.95000005
v -0.15366708 0.00007652 -1.70000005
v -0.12119998 0.10000002 -1.95000005
v -0.12119998 0.10000002 -1.70000005
v -0.15366711 0.19992352 -1.95000005
v -0.15366711 0.19992352 -1.70000005
v -0.23866716 0.26167962 -1.95000005
v -0.23866716 0.26167962 -1.70000005
v -0.34373289 0.26167962 -1.95000005
v -0.34373289 0.26167962 -1.70000005
v -0.42873287 0.19992352 -1.95000005
v -0.42873287 0.19992352 -1.70000005
v -0.29119998 0.10000000 -1.95000005
v 0.12119998 0.10000000 -1.95000005
v 0.12119998 0.10000000 -1.70000005
v 0.15366709 0.00007651 -1.95000005
v 0.15366709 0.00007651 -1.70000005
v 0.23866710 -0.06167961 -1.95000005
v 0.23866710 -0.06167961 -1.70000005
v 0.34373289 -0.06167961 -1.95000005
v 0.34373289 -0.06167961 -1.70000005
v 0.42873287 0.00007652 -1.95000005
v 0.42873287 0.00007652 -1.70000005
v 0.46120000 0.10000002 -1.95000005
v 0.46120000 0.10000002 -1.70000005
v 0.42873287 0.19992352 -1.95000005
v 0.42873287 0.19992352 -1.70000005
v 0.34373280 0.26167962 -1.95000005
v 0.34373280 0.26167962 -1.70000005
v 0.23866707 0.26167962 -1.95000005
v 0.23866707 0.26167962 -1.70000005
v 0.15366711 0.19992352 -1.95000005
v 0.15366711 0.19992352 -1.70000005
v 0.29119998 0.10000000 -1.95000005
v -0.55000001 -0.38000000 1.16000009
v 0.55000001 -0.38000000 1.16000009
v 0.55000001 0.54000002 1.16000009
v -0.55000001 0.54000002 1.16000009
v 0.55000001 -0.38000000 0.28000003
v -0.55000001 -0.38000000 0.28000003
v -0.55000001 0.54000002 0.28000003
v 0.55000001 0.54000002 0.28000003
v -0.55000001 0.54000002 1.16000009
v 0.55000001 0.54000002 1.16000009
v 0.55000001 0.54000002 0.28000003
v -0.55000001 0.54000002 0.28000003
v -0.55000001 -0.38000000 0.28000003
v 0.55000001 -0.38000000 0.28000003
v 0.55000001 -0.38000000 1.16000009
v -0.55000001 -0.38000000 1.16000009
v 0.55000001 -0.38000000 1.16000009
v 0.55000001 -0.38000000 0.28000003
v 0.55000001 0.54000002 0.28000003
v 0.55000001 0.54000002 1.16000009
v -0.55000001 -0.38000000 0.28000003
v -0.55000001 -0.38000000 1.16000009
v -0.55000001 0.54000002 1.16000009
v -0.55000001 0.54000002 0.28000003
v -0.88600004 0.04000000 1.15199995
v -0.56599998 0.04000000 1.15199995
v -0.88600004 -0.18561953 1.10050380
v -0.56599998 -0.18561953 1.10050380
v -0.88600004 -0.36655238 0.95621473
v -0.56599998 -0.36655238 0.95621473
v -0.88600004 -0.46696249 0.74771094
v -0.56599998 -0.46696249 0.74771094
v -0.88600004 -0.46696249 0.51628911
v -0.56599998 -0.46696249 0.51628911
v -0.88600004 -0.36655232 0.30778524
v -0.56599998 -0.36655232 0.30778524
v -0.88600004 -0.18561956 0.16349626
v -0.56599998 -0.18561956 0.16349626
v -0.88600004 0.04000004 0.11200005
v -0.56599998 0.04000004 0.11200005
v -0.88600004 0.26561955 0.16349626
v -0.56599998 0.26561955 0.16349626
v -0.88600004 0.44655243 0.30778545
v -0.56599998 0.44655243 0.30778545
v -0.88600004 0.54696256 0.51628935
v -0.56599998 0.54696256 0.51628935
v -0.88600004 0.54696244 0.74771118
v -0.56599998 0.54696244 0.74771118
v -0.88600004 0.44655243 0.95621467
v -0.56599998 0.44655243 0.95621467
v -0.88600004 0.26561955 1.10050380
v -0.56599998 0.26561955 1.10050380
v -0.88600004 0.04000000 0.63200003
v -0.56599998 0.04000000 0.63200003
v -0.71000004 -0.14000002 0.89600003
v -0.51800001 -0.14000002 0.89600003
v -0.51800001 0.22000000 0.89600003
v -0.71000004 0.22000000 0.89600003
v -0.51800001 -0.14000002 0.45600000
v -0.71000004 -0.14000002 0.45600000
v -0.71000004 0.22000000 0.45600000
v -0.51800001 0.22000000 0.45600000
v -0.71000004 0.22000000 0.89600003
v -0.51800001 0.22000000 0.89600003
v -0.51800001 0.22000000 0.45600000
v -0.71000004 0.22000000 0.45600000
v -0.71000004 -0.14000002 0.45600000
v -0.51800001 -0.14000002 0.45600000
v -0.51800001 -0.14000002 0.89600003
v -0.71000004 -0.14000002 0.89600003
v -0.51800001 -0.14000002 0.89600003
v -0.51800001 -0.14000002 0.45600000
v -0.51800001 0.22000000 0.45600000
v -0.51800001 0.22000000 0.89600003
v -0.71000004 -0.14000002 0.45600000
v -0.71000004 -0.14000002 0.89600003
v -0.71000004 0.22000000 0.89600003
v -0.71000004 0.22000000 0.45600000
v 0.55000001 -0.23999999 1.07000005
v 0.82999998 -0.23999999 1.07000005
v 0.82999998 0.39999998 1.07000005
v 0.55000001 0.39999998 1.07000005
v 0.82999998 -0.23999999 0.37000003
v 0.55000001 -0.23999999 0.37000003
v 0.55000001 0.39999998 0.37000003
v 0.82999998 0.39999998 0.37000003
v 0.55000001 0.39999998 1.07000005
v 0.82999998 0.39999998 1.07000005
v 0.82999998 0.39999998 0.37000003
v 0.55000001 0.39999998 0.37000003
v 0.55000001 -0.23999999 0.37000003
v 0.82999998 -0.23999999 0.37000003
v 0.82999998 -0.23999999 1.07000005
v 0.55000001 -0.23999999 1.07000005
v 0.82999998 -0.23999999 1.07000005
v 0.82999998 -0.23999999 0.37000003
v 0.82999998 0.39999998 0.37000003
v 0.82999998 0.39999998 1.07000005
v 0.55000001 -0.23999999 0.37000003
v 0.55000001 -0.23999999 1.07000005
v 0.55000001 0.39999998 1.07000005
v 0.55000001 0.39999998 0.37000003
v 0.81000000 -0.14000000 0.97000003
v 0.84999996 -0.14000000 0.97000003
v 0.84999996 0.30000001 0.97000003
v 0.81000000 0.30000001 0.97000003
v 0.84999996 -0.14000000 0.47000003
v 0.81000000 -0.14000000 0.47000003
v 0.81000000 0.30000001 0.47000003
v 0.84999996 0.30000001 0.47000003
v 0.81000000 0.30000001 0.97000003
v 0.84999996 0.30000001 0.97000003
v 0.84999996 0.30000001 0.47000003
v 0.81000000 0.30000001 0.47000003
v 0.81000000 -0.14000000 0.47000003
v 0.84999996 -0.14000000 0.47000003
v 0.84999996 -0.14000000 0.97000003
v 0.81000000 -0.14000000 0.97000003
v 0.84999996 -0.14000000 0.97000003
v 0.84999996 -0.14000000 0.47000003
v 0.84999996 0.30000001 0.47000003
v 0.84999996 0.30000001 0.97000003
v 0.81000000 -0.14000000 0.47000003
v 0.81000000 -0.14000000 0.97000003
v 0.81000000 0.30000001 0.97000003
v 0.81000000 0.30000001 0.47000003
v -0.85100001 0.00000000 1.12000012
v -0.78200006 0.00000000 1.38000011
v -0.76672453 -0.36923507 1.12000012
v -0.70455772 -0.33929712 1.38000011
v -0.53058982 -0.66533864 1.12000012
v -0.48756906 -0.61139226 1.38000011
v -0.18936536 -0.82966363 1.12000012
v -0.17401142 -0.76239365 1.38000011
v 0.18936533 -0.82966363 1.12000012
v 0.17401139 -0.76239365 1.38000011
v 0.53059000 -0.66533852 1.12000012
v 0.48756921 -0.61139220 1.38000011
v 0.76672453 -0.36923513 1.12000012
v 0.70455772 -0.33929718 1.38000011
v 0.85100001 0.00000007 1.12000012
v 0.78200006 0.00000007 1.38000011
v 0.76672453 0.36923507 1.12000012
v 0.70455772 0.33929712 1.38000011
v 0.53058970 0.66533870 1.12000012
v 0.48756891 0.61139238 1.38000011
v 0.18936498 0.82966375 1.12000012
v 0.17401108 0.76239377 1.38000011
v -0.18936580 0.82966357 1.12000012
v -0.17401183 0.76239359 1.38000011
v -0.53058970 0.66533870 1.12000012
v -0.48756897 0.61139238 1.38000011
v -0.76672453 0.36923507 1.12000012
v -0.70455772 0.33929712 1.38000011
v 0.00000000 0.00000000 1.38000011
v -0.74520004 0.00000000 1.38000011
v -0.70048803 0.00000000 4.37200022
v -0.67140204 -0.32333019 1.38000011
v -0.63111788 -0.30393037 4.37200022
v -0.46462461 -0.58262086 1.38000011
v -0.43674713 -0.54766363 4.37200022
v -0.16582264 -0.72651631 1.38000011
v -0.15587328 -0.68292534 4.37200022
v 0.16582263 -0.72651631 1.38000011
v 0.15587325 -0.68292534 4.37200022
v 0.46462476 -0.58262080 1.38000011
v 0.43674725 -0.54766351 4.37200022
v 0.67140204 -0.32333022 1.38000011
v 0.63111788 -0.30393043 4.37200022
v 0.74520004 0.00000007 1.38000011
v 0.70048803 0.00000006 4.37200022
v 0.67140204 0.32333019 1.38000011
v 0.63111788 0.30393037 4.37200022
v 0.46462449 0.58262098 1.38000011
v 0.43674701 0.54766369 4.37200022
v 0.16582231 0.72651643 1.38000011
v 0.15587299 0.68292540 4.37200022
v -0.16582303 0.72651625 1.38000011
v -0.15587364 0.68292522 4.37200022
v -0.46462452 0.58262098 1.38000011
v -0.43674704 0.54766369 4.37200022
v -0.67140204 0.32333019 1.38000011
v -0.63111788 0.30393037 4.37200022
v 0.00000000 0.00000000 4.37200022
v -0.11040000 0.73820800 4.25232029
v 0.11040000 0.73820800 4.25232029
v 0.11040000 0.81180805 4.25232029
v -0.11040000 0.81180805 4.25232029
v 0.11040000 0.73820800 1.49968004
v -0.11040000 0.73820800 1.49968004
v -0.11040000 0.81180805 1.49968004
v 0.11040000 0.81180805 1.49968004
v -0.11040000 0.81180805 4.25232029
v 0.11040000 0.81180805 4.25232029
v 0.11040000 0.81180805 1.49968004
v -0.11040000 0.81180805 1.49968004
v -0.11040000 0.73820800 1.49968004
v 0.11040000 0.73820800 1.49968004
v 0.11040000 0.73820800 4.25232029
v -0.11040000 0.73820800 4.25232029
v 0.11040000 0.73820800 4.25232029
v 0.11040000 0.73820800 1.49968004
v 0.11040000 0.81180805 1.49968004
v 0.11040000 0.81180805 4.25232029
v -0.11040000 0.73820800 1.49968004
v -0.11040000 0.73820800 4.25232029
v -0.11040000 0.81180805 4.25232029
v -0.11040000 0.81180805 1.49968004
v -0.11040000 -0.81180805 4.25232029
v 0.11040000 -0.81180805 4.25232029
v 0.11040000 -0.73820800 4.25232029
v -0.11040000 -0.73820800 4.25232029
v 0.11040000 -0.81180805 1.49968004
v -0.11040000 -0.81180805 1.49968004
v -0.11040000 -0.73820800 1.49968004
v 0.11040000 -0.73820800 1.49968004
v -0.11040000 -0.73820800 4.25232029
v 0.11040000 -0.73820800 4.25232029
v 0.11040000 -0.73820800 1.49968004
v -0.11040000 -0.73820800 1.49968004
v -0.11040000 -0.81180805 1.49968004
v 0.11040000 -0.81180805 1.49968004
v 0.11040000 -0.81180805 4.25232029
v -0.11040000 -0.81180805 4.25232029
v 0.11040000 -0.81180805 4.25232029
v 0.11040000 -0.81180805 1.49968004
v 0.11040000 -0.73820800 1.49968004
v 0.11040000 -0.73820800 4.25232029
v -0.11040000 -0.81180805 1.49968004
v -0.11040000 -0.81180805 4.25232029
v -0.11040000 -0.73820800 4.25232029
v -0.11040000 -0.73820800 1.49968004
v -0.46000001 0.00000000 3.92320037
v -0.46000001 0.00000000 7.41599989
v -0.41444567 -0.19958653 3.92320037
v -0.41444567 -0.19958653 7.41599989
v -0.28680530 -0.35964251 3.92320037
v -0.28680530 -0.35964251 7.41599989
v -0.10235965 -0.44846684 3.92320037
v -0.10235965 -0.44846684 7.41599989
v 0.10235964 -0.44846684 3.92320037
v 0.10235964 -0.44846684 7.41599989
v 0.28680539 -0.35964245 3.92320037
v 0.28680539 -0.35964245 7.41599989
v 0.41444567 -0.19958656 3.92320037
v 0.41444567 -0.19958656 7.41599989
v 0.46000001 0.00000004 3.92320037
v 0.46000001 0.00000004 7.41599989
v 0.41444567 0.19958653 3.92320037
v 0.41444567 0.19958653 7.41599989
v 0.28680524 0.35964257 3.92320037
v 0.28680524 0.35964257 7.41599989
v 0.10235945 0.44846690 3.92320037
v 0.10235945 0.44846690 7.41599989
v -0.10235989 0.44846678 3.92320037
v -0.10235989 0.44846678 7.41599989
v -0.28680524 0.35964257 3.92320037
v -0.28680524 0.35964257 7.41599989
v -0.41444567 0.19958653 3.92320037
v -0.41444567 0.19958653 7.41599989
v -0.64399999 0.00000000 7.41599989
v -0.62560004 0.00000000 7.68800020
v -0.58022392 -0.27942115 7.41599989
v -0.56364614 -0.27143770 7.68800020
v -0.40152743 -0.50349951 7.41599989
v -0.39005524 -0.48911381 7.68800020
v -0.14330351 -0.62785357 7.41599989
v -0.13920914 -0.60991496 7.68800020
v 0.14330348 -0.62785357 7.41599989
v 0.13920911 -0.60991496 7.68800020
v 0.40152755 -0.50349939 7.41599989
v 0.39005536 -0.48911375 7.68800020
v 0.58022392 -0.27942118 7.41599989
v 0.56364614 -0.27143773 7.68800020
v 0.64399999 0.00000006 7.41599989
v 0.62560004 0.00000005 7.68800020
v 0.58022392 0.27942115 7.41599989
v 0.56364614 0.27143770 7.68800020
v 0.40152732 0.50349957 7.41599989
v 0.39005512 0.48911390 7.68800020
v 0.14330323 0.62785363 7.41599989
v 0.13920887 0.60991502 7.68800020
v -0.14330384 0.62785351 7.41599989
v -0.13920946 0.60991484 7.68800020
v -0.40152735 0.50349957 7.41599989
v -0.39005518 0.48911390 7.68800020
v -0.58022392 0.27942115 7.41599989
v -0.56364614 0.27143770 7.68800020
v -0.62560004 0.00000000 7.68800020
v -0.60720003 0.00000000 7.96000004
v -0.56364614 -0.27143770 7.68800020
v -0.54706830 -0.26345423 7.96000004
v -0.39005524 -0.48911381 7.68800020
v -0.37858301 -0.47472811 7.96000004
v -0.13920914 -0.60991496 7.68800020
v -0.13511474 -0.59197623 7.96000004
v 0.13920911 -0.60991496 7.68800020
v 0.13511473 -0.59197623 7.96000004
v 0.39005536 -0.48911375 7.68800020
v 0.37858313 -0.47472805 7.96000004
v 0.56364614 -0.27143773 7.68800020
v 0.54706830 -0.26345426 7.96000004
v 0.62560004 0.00000005 7.68800020
v 0.60720003 0.00000005 7.96000004
v 0.56364614 0.27143770 7.68800020
v 0.54706830 0.26345423 7.96000004
v 0.39005512 0.48911390 7.68800020
v 0.37858292 0.47472817 7.96000004
v 0.13920887 0.60991502 7.68800020
v 0.13511448 0.59197634 7.96000004
v -0.13920946 0.60991484 7.68800020
v -0.13511506 0.59197617 7.96000004
v -0.39005518 0.48911390 7.68800020
v -0.37858295 0.47472817 7.96000004
v -0.56364614 0.27143770 7.68800020
v -0.54706830 0.26345423 7.96000004
v -0.65319997 0.00000000 7.62000036
v -0.65319997 0.00000000 7.75600004
v -0.58851284 -0.28341284 7.62000036
v -0.58851284 -0.28341284 7.75600004
v -0.40726352 -0.51069230 7.62000036
v -0.40726352 -0.51069230 7.75600004
v -0.14535069 -0.63682288 7.62000036
v -0.14535069 -0.63682288 7.75600004
v 0.14535068 -0.63682288 7.62000036
v 0.14535068 -0.63682288 7.75600004
v 0.40726364 -0.51069224 7.62000036
v 0.40726364 -0.51069224 7.75600004
v 0.58851284 -0.28341290 7.62000036
v 0.58851284 -0.28341290 7.75600004
v 0.65319997 0.00000006 7.62000036
v 0.65319997 0.00000006 7.75600004
v 0.58851284 0.28341284 7.62000036
v 0.58851284 0.28341284 7.75600004
v 0.40726340 0.51069242 7.62000036
v 0.40726340 0.51069242 7.75600004
v 0.14535041 0.63682294 7.62000036
v 0.14535041 0.63682294 7.75600004
v -0.14535104 0.63682282 7.62000036
v -0.14535104 0.63682282 7.75600004
v -0.40726343 0.51069242 7.62000036
v -0.40726343 0.51069242 7.75600004
v -0.58851284 0.28341284 7.62000036
v -0.58851284 0.28341284 7.75600004
v -0.60720003 0.00000000 7.96000004
v -0.33120003 0.00000000 7.96000004
v -0.33120003 0.00000000 7.96000004
v -0.33120003 0.00000000 6.46399975
v -0.54706830 -0.26345423 7.96000004
v -0.29840091 -0.14370231 7.96000004
v -0.29840091 -0.14370231 7.96000004
v -0.29840091 -0.14370231 6.46399975
v -0.37858301 -0.47472811 7.96000004
v -0.20649984 -0.25894263 7.96000004
v -0.20649984 -0.25894263 7.96000004
v -0.20649984 -0.25894263 6.46399975
v -0.13511474 -0.59197623 7.96000004
v -0.07369895 -0.32289615 7.96000004
v -0.07369895 -0.32289615 7.96000004
v -0.07369895 -0.32289615 6.46399975
v 0.13511473 -0.59197623 7.96000004
v 0.07369895 -0.32289615 7.96000004
v 0.07369895 -0.32289615 7.96000004
v 0.07369895 -0.32289615 6.46399975
v 0.37858313 -0.47472805 7.96000004
v 0.20649990 -0.25894257 7.96000004
v 0.20649990 -0.25894257 7.96000004
v 0.20649990 -0.25894257 6.46399975
v 0.54706830 -0.26345426 7.96000004
v 0.29840091 -0.14370233 7.96000004
v 0.29840091 -0.14370233 7.96000004
v 0.29840091 -0.14370233 6.46399975
v 0.60720003 0.00000005 7.96000004
v 0.33120003 0.00000003 7.96000004
v 0.33120003 0.00000003 7.96000004
v 0.33120003 0.00000003 6.46399975
v 0.54706830 0.26345423 7.96000004
v 0.29840091 0.14370231 7.96000004
v 0.29840091 0.14370231 7.96000004
v 0.29840091 0.14370231 6.46399975
v 0.37858292 0.47472817 7.96000004
v 0.20649979 0.25894266 7.96000004
v 0.20649979 0.25894266 7.96000004
v 0.20649979 0.25894266 6.46399975
v 0.13511448 0.59197634 7.96000004
v 0.07369881 0.32289618 7.96000004
v 0.07369881 0.32289618 7.96000004
v 0.07369881 0.32289618 6.46399975
v -0.13511506 0.59197617 7.96000004
v -0.07369912 0.32289612 7.96000004
v -0.07369912 0.32289612 7.96000004
v -0.07369912 0.32289612 6.46399975
v -0.37858295 0.47472817 7.96000004
v -0.20649980 0.25894266 7.96000004
v -0.20649980 0.25894266 7.96000004
v -0.20649980 0.25894266 6.46399975
v -0.54706830 0.26345423 7.96000004
v -0.29840091 0.14370231 7.96000004
v -0.29840091 0.14370231 7.96000004
v -0.29840091 0.14370231 6.46399975
v 0.00000000 0.00000000 6.46399975
vt 0.05000000 0.94999999
vt 0.07857143 0.94999999
vt 0.10714286 0.94999999
vt 0.13571428 0.94999999
vt 0.16428572 0.94999999
vt 0.19285713 0.94999999
vt 0.22142856 0.94999999
vt 0.24999999 0.94999999
vt 0.27857143 0.94999999
vt 0.30714285 0.94999999
vt 0.33571428 0.94999999
vt 0.36428571 0.94999999
vt 0.39285713 0.94999999
vt 0.42142856 0.94999999
vt 0.44999999 0.94999999
vt 0.05000000 0.90999997
vt 0.07857143 0.90999997
vt 0.10714286 0.90999997
vt 0.13571428 0.90999997
vt 0.16428572 0.90999997
vt 0.19285713 0.90999997
vt 0.22142856 0.90999997
vt 0.24999999 0.90999997
vt 0.27857143 0.90999997
vt 0.30714285 0.90999997
vt 0.33571428 0.90999997
vt 0.36428571 0.90999997
vt 0.39285713 0.90999997
vt 0.42142856 0.90999997
vt 0.44999999 0.90999997
vt 0.05000000 0.87000000
vt 0.07857143 0.87000000
vt 0.10714286 0.87000000
vt 0.13571428 0.87000000
vt 0.16428572 0.87000000
vt 0.19285713 0.87000000
vt 0.22142856 0.87000000
vt 0.24999999 0.87000000
vt 0.27857143 0.87000000
vt 0.30714285 0.87000000
vt 0.33571428 0.87000000
vt 0.36428571 0.87000000
vt 0.39285713 0.87000000
vt 0.42142856 0.87000000
vt 0.44999999 0.87000000
vt 0.05000000 0.82999998
vt 0.07857143 0.82999998
vt 0.10714286 0.82999998
vt 0.13571428 0.82999998
vt 0.16428572 0.82999998
vt 0.19285713 0.82999998
vt 0.22142856 0.82999998
vt 0.24999999 0.82999998
vt 0.27857143 0.82999998
vt 0.30714285 0.82999998
vt 0.33571428 0.82999998
vt 0.36428571 0.82999998
vt 0.39285713 0.82999998
vt 0.42142856 0.82999998
vt 0.44999999 0.82999998
vt 0.05000000 0.79000002
vt 0.07857143 0.79000002
vt 0.10714286 0.79000002
vt 0.13571428 0.79000002
vt 0.16428572 0.79000002
vt 0.19285713 0.79000002
vt 0.22142856 0.79000002
vt 0.24999999 0.79000002
vt 0.27857143 0.79000002
vt 0.30714285 0.79000002
vt 0.33571428 0.79000002
vt 0.36428571 0.79000002
vt 0.39285713 0.79000002
vt 0.42142856 0.79000002
vt 0.44999999 0.79000002
vt 0.05000000 0.75000000
vt 0.07857143 0.75000000
vt 0.10714286 0.75000000
vt 0.13571428 0.75000000
vt 0.16428572 0.75000000
vt 0.19285713 0.75000000
vt 0.22142856 0.75000000
vt 0.24999999 0.75000000
vt 0.27857143 0.75000000
vt 0.30714285 0.75000000
vt 0.33571428 0.75000000
vt 0.36428571 0.75000000
vt 0.39285713 0.75000000
vt 0.42142856 0.75000000
vt 0.44999999 0.75000000
vt 0.05000000 0.71000004
vt 0.07857143 0.71000004
vt 0.10714286 0.71000004
vt 0.13571428 0.71000004
vt 0.16428572 0.71000004
vt 0.19285713 0.71000004
vt 0.22142856 0.71000004
vt 0.24999999 0.71000004
vt 0.27857143 0.71000004
vt 0.30714285 0.71000004
vt 0.33571428 0.71000004
vt 0.36428571 0.71000004
vt 0.39285713 0.71000004
vt 0.42142856 0.71000004
vt 0.44999999 0.71000004
vt 0.05000000 0.67000002
vt 0.07857143 0.67000002
vt 0.10714286 0.67000002
vt 0.13571428 0.67000002
vt 0.16428572 0.67000002
vt 0.19285713 0.67000002
vt 0.22142856 0.67000002
vt 0.24999999 0.67000002
vt 0.27857143 0.67000002
vt 0.30714285 0.67000002
vt 0.33571428 0.67000002
vt 0.36428571 0.67000002
vt 0.39285713 0.67000002
vt 0.42142856 0.67000002
vt 0.44999999 0.67000002
vt 0.05000000 0.63000000
vt 0.07857143 0.63000000
vt 0.10714286 0.63000000
vt 0.13571428 0.63000000
vt 0.16428572 0.63000000
vt 0.19285713 0.63000000
vt 0.22142856 0.63000000
vt 0.24999999 0.63000000
vt 0.27857143 0.63000000
vt 0.30714285 0.63000000
vt 0.33571428 0.63000000
vt 0.36428571 0.63000000
vt 0.39285713 0.63000000
vt 0.42142856 0.63000000
vt 0.44999999 0.63000000
vt 0.05000000 0.59000003
vt 0.07857143 0.59000003
vt 0.10714286 0.59000003
vt 0.13571428 0.59000003
vt 0.16428572 0.59000003
vt 0.19285713 0.59000003
vt 0.22142856 0.59000003
vt 0.24999999 0.59000003
vt 0.27857143 0.59000003
vt 0.30714285 0.59000003
vt 0.33571428 0.59000003
vt 0.36428571 0.59000003
vt 0.39285713 0.59000003
vt 0.42142856 0.59000003
vt 0.44999999 0.59000003
vt 0.05000000 0.55000001
vt 0.07857143 0.55000001
vt 0.10714286 0.55000001
vt 0.13571428 0.55000001
vt 0.16428572 0.55000001
vt 0.19285713 0.55000001
vt 0.22142856 0.55000001
vt 0.24999999 0.55000001
vt 0.27857143 0.55000001
vt 0.30714285 0.55000001
vt 0.33571428 0.55000001
vt 0.36428571 0.55000001
vt 0.39285713 0.55000001
vt 0.42142856 0.55000001
vt 0.44999999 0.55000001
vt 0.55000001 0.94999999
vt 0.94999999 0.94999999
vt 0.94999999 0.55000001
vt 0.55000001 0.55000001
vt 0.55000001 0.94999999
vt 0.94999999 0.94999999
vt 0.94999999 0.55000001
vt 0.55000001 0.55000001
vt 0.55000001 0.94999999
vt 0.94999999 0.94999999
vt 0.94999999 0.55000001
vt 0.55000001 0.55000001
vt 0.55000001 0.94999999
vt 0.94999999 0.94999999
vt 0.94999999 0.55000001
vt 0.55000001 0.55000001
vt 0.55000001 0.94999999
vt 0.94999999 0.94999999
vt 0.94999999 0.55000001
vt 0.55000001 0.55000001
vt 0.55000001 0.94999999
vt 0.94999999 0.94999999
vt 0.94999999 0.55000001
vt 0.55000001 0.55000001
vt 0.55000001 0.94999999
vt 0.94999999 0.94999999
vt 0.94999999 0.55000001
vt 0.55000001 0.55000001
vt 0.55000001 0.94999999
vt 0.94999999 0.94999999
vt 0.94999999 0.55000001
vt 0.55000001 0.55000001
vt 0.55000001 0.94999999
vt 0.94999999 0.94999999
vt 0.94999999 0.55000001
vt 0.55000001 0.55000001
vt 0.55000001 0.94999999
vt 0.94999999 0.94999999
vt 0.94999999 0.55000001
vt 0.55000001 0.55000001
vt 0.55000001 0.94999999
vt 0.94999999 0.94999999
vt 0.94999999 0.55000001
vt 0.55000001 0.55000001
vt 0.55000001 0.94999999
vt 0.94999999 0.94999999
vt 0.94999999 0.55000001
vt 0.55000001 0.55000001
vt 0.55000001 0.44999999
vt 0.55000001 0.05000001
vt 0.58333337 0.44999999
vt 0.58333337 0.05000001
vt 0.61666667 0.44999999
vt 0.61666667 0.05000001
vt 0.64999998 0.44999999
vt 0.64999998 0.05000001
vt 0.68333334 0.44999999
vt 0.68333334 0.05000001
vt 0.71666670 0.44999999
vt 0.71666670 0.05000001
vt 0.75000000 0.44999999
vt 0.75000000 0.05000001
vt 0.78333330 0.44999999
vt 0.78333330 0.05000001
vt 0.81666666 0.44999999
vt 0.81666666 0.05000001
vt 0.85000002 0.44999999
vt 0.85000002 0.05000001
vt 0.88333333 0.44999999
vt 0.88333333 0.05000001
vt 0.91666663 0.44999999
vt 0.91666663 0.05000001
vt 0.75000000 0.05000001
vt 0.55000001 0.44999999
vt 0.55000001 0.05000001
vt 0.58333337 0.44999999
vt 0.58333337 0.05000001
vt 0.61666667 0.44999999
vt 0.61666667 0.05000001
vt 0.64999998 0.44999999
vt 0.64999998 0.05000001
vt 0.68333334 0.44999999
vt 0.68333334 0.05000001
vt 0.71666670 0.44999999
vt 0.71666670 0.05000001
vt 0.75000000 0.44999999
vt 0.75000000 0.05000001
vt 0.78333330 0.44999999
vt 0.78333330 0.05000001
vt 0.81666666 0.44999999
vt 0.81666666 0.05000001
vt 0.85000002 0.44999999
vt 0.85000002 0.05000001
vt 0.88333333 0.44999999
vt 0.88333333 0.05000001
vt 0.91666663 0.44999999
vt 0.91666663 0.05000001
vt 0.75000000 0.05000001
vt 0.23999999 0.22000003
vt 0.23999999 0.05000001
vt 0.26199999 0.22000003
vt 0.26199999 0.05000001
vt 0.28400001 0.22000003
vt 0.28400001 0.05000001
vt 0.30599999 0.22000003
vt 0.30599999 0.05000001
vt 0.32800001 0.22000003
vt 0.32800001 0.05000001
vt 0.34999999 0.22000003
vt 0.34999999 0.05000001
vt 0.37200001 0.22000003
vt 0.37200001 0.05000001
vt 0.39399999 0.22000003
vt 0.39399999 0.05000001
vt 0.41600001 0.22000003
vt 0.41600001 0.05000001
vt 0.43800002 0.22000003
vt 0.43800002 0.05000001
vt 0.34999999 0.05000001
vt 0.23999999 0.22000003
vt 0.23999999 0.05000001
vt 0.26199999 0.22000003
vt 0.26199999 0.05000001
vt 0.28400001 0.22000003
vt 0.28400001 0.05000001
vt 0.30599999 0.22000003
vt 0.30599999 0.05000001
vt 0.32800001 0.22000003
vt 0.32800001 0.05000001
vt 0.34999999 0.22000003
vt 0.34999999 0.05000001
vt 0.37200001 0.22000003
vt 0.37200001 0.05000001
vt 0.39399999 0.22000003
vt 0.39399999 0.05000001
vt 0.41600001 0.22000003
vt 0.41600001 0.05000001
vt 0.43800002 0.22000003
vt 0.43800002 0.05000001
vt 0.34999999 0.05000001
vt 0.55000001 0.94999999
vt 0.94999999 0.94999999
vt 0.94999999 0.55000001
vt 0.55000001 0.55000001
vt 0.55000001 0.94999999
vt 0.94999999 0.94999999
vt 0.94999999 0.55000001
vt 0.55000001 0.55000001
vt 0.55000001 0.94999999
vt 0.94999999 0.94999999
vt 0.94999999 0.55000001
vt 0.55000001 0.55000001
vt 0.55000001 0.94999999
vt 0.94999999 0.94999999
vt 0.94999999 0.55000001
vt 0.55000001 0.55000001
vt 0.55000001 0.94999999
vt 0.94999999 0.94999999
vt 0.94999999 0.55000001
vt 0.55000001 0.55000001
vt 0.55000001 0.94999999
vt 0.94999999 0.94999999
vt 0.94999999 0.55000001
vt 0.55000001 0.55000001
vt 0.55000001 0.44999999
vt 0.94999999 0.44999999
vt 0.94999999 0.05000001
vt 0.55000001 0.05000001
vt 0.55000001 0.44999999
vt 0.94999999 0.44999999
vt 0.94999999 0.05000001
vt 0.55000001 0.05000001
vt 0.55000001 0.44999999
vt 0.94999999 0.44999999
vt 0.94999999 0.05000001
vt 0.55000001 0.05000001
vt 0.55000001 0.44999999
vt 0.94999999 0.44999999
vt 0.94999999 0.05000001
vt 0.55000001 0.05000001
vt 0.55000001 0.44999999
vt 0.94999999 0.44999999
vt 0.94999999 0.05000001
vt 0.55000001 0.05000001
vt 0.55000001 0.44999999
vt 0.94999999 0.44999999
vt 0.94999999 0.05000001
vt 0.55000001 0.05000001
vt 0.55000001 0.44999999
vt 0.94999999 0.44999999
vt 0.94999999 0.05000001
vt 0.55000001 0.05000001
vt 0.55000001 0.44999999
vt 0.94999999 0.44999999
vt 0.94999999 0.05000001
vt 0.55000001 0.05000001
vt 0.55000001 0.44999999
vt 0.94999999 0.44999999
vt 0.94999999 0.05000001
vt 0.55000001 0.05000001
vt 0.55000001 0.44999999
vt 0.94999999 0.44999999
vt 0.94999999 0.05000001
vt 0.55000001 0.05000001
vt 0.55000001 0.44999999
vt 0.94999999 0.44999999
vt 0.94999999 0.05000001
vt 0.55000001 0.05000001
vt 0.55000001 0.44999999
vt 0.94999999 0.44999999
vt 0.94999999 0.05000001
vt 0.55000001 0.05000001
vt 0.23999999 0.22000003
vt 0.46000001 0.22000003
vt 0.46000001 0.05000001
vt 0.23999999 0.05000001
vt 0.23999999 0.22000003
vt 0.46000001 0.22000003
vt 0.46000001 0.05000001
vt 0.23999999 0.05000001
vt 0.23999999 0.22000003
vt 0.46000001 0.22000003
vt 0.46000001 0.05000001
vt 0.23999999 0.05000001
vt 0.23999999 0.22000003
vt 0.46000001 0.22000003
vt 0.46000001 0.05000001
vt 0.23999999 0.05000001
vt 0.23999999 0.22000003
vt 0.46000001 0.22000003
vt 0.46000001 0.05000001
vt 0.23999999 0.05000001
vt 0.23999999 0.22000003
vt 0.46000001 0.22000003
vt 0.46000001 0.05000001
vt 0.23999999 0.05000001
vt 0.55000001 0.44999999
vt 0.55000001 0.05000001
vt 0.59000003 0.44999999
vt 0.59000003 0.05000001
vt 0.63000000 0.44999999
vt 0.63000000 0.05000001
vt 0.67000002 0.44999999
vt 0.67000002 0.05000001
vt 0.71000004 0.44999999
vt 0.71000004 0.05000001
vt 0.75000000 0.44999999
vt 0.75000000 0.05000001
vt 0.79000002 0.44999999
vt 0.79000002 0.05000001
vt 0.82999998 0.44999999
vt 0.82999998 0.05000001
vt 0.87000000 0.44999999
vt 0.87000000 0.05000001
vt 0.90999997 0.44999999
vt 0.90999997 0.05000001
vt 0.75000000 0.44999999
vt 0.55000001 0.44999999
vt 0.55000001 0.05000001
vt 0.59000003 0.44999999
vt 0.59000003 0.05000001
vt 0.63000000 0.44999999
vt 0.63000000 0.05000001
vt 0.67000002 0.44999999
vt 0.67000002 0.05000001
vt 0.71000004 0.44999999
vt 0.71000004 0.05000001
vt 0.75000000 0.44999999
vt 0.75000000 0.05000001
vt 0.79000002 0.44999999
vt 0.79000002 0.05000001
vt 0.82999998 0.44999999
vt 0.82999998 0.05000001
vt 0.87000000 0.44999999
vt 0.87000000 0.05000001
vt 0.90999997 0.44999999
vt 0.90999997 0.05000001
vt 0.75000000 0.44999999
vt 0.55000001 0.94999999
vt 0.94999999 0.94999999
vt 0.94999999 0.55000001
vt 0.55000001 0.55000001
vt 0.55000001 0.94999999
vt 0.94999999 0.94999999
vt 0.94999999 0.55000001
vt 0.55000001 0.55000001
vt 0.55000001 0.94999999
vt 0.94999999 0.94999999
vt 0.94999999 0.55000001
vt 0.55000001 0.55000001
vt 0.55000001 0.94999999
vt 0.94999999 0.94999999
vt 0.94999999 0.55000001
vt 0.55000001 0.55000001
vt 0.55000001 0.94999999
vt 0.94999999 0.94999999
vt 0.94999999 0.55000001
vt 0.55000001 0.55000001
vt 0.55000001 0.94999999
vt 0.94999999 0.94999999
vt 0.94999999 0.55000001
vt 0.55000001 0.55000001
vt 0.55000001 0.44999999
vt 0.55000001 0.05000001
vt 0.57857144 0.44999999
vt 0.57857144 0.05000001
vt 0.60714287 0.44999999
vt 0.60714287 0.05000001
vt 0.63571429 0.44999999
vt 0.63571429 0.05000001
vt 0.66428572 0.44999999
vt 0.66428572 0.05000001
vt 0.69285715 0.44999999
vt 0.69285715 0.05000001
vt 0.72142857 0.44999999
vt 0.72142857 0.05000001
vt 0.75000000 0.44999999
vt 0.75000000 0.05000001
vt 0.77857143 0.44999999
vt 0.77857143 0.05000001
vt 0.80714285 0.44999999
vt 0.80714285 0.05000001
vt 0.83571428 0.44999999
vt 0.83571428 0.05000001
vt 0.86428571 0.44999999
vt 0.86428571 0.05000001
vt 0.89285713 0.44999999
vt 0.89285713 0.05000001
vt 0.92142856 0.44999999
vt 0.92142856 0.05000001
vt 0.75000000 0.44999999
vt 0.75000000 0.05000001
vt 0.55000001 0.44999999
vt 0.94999999 0.44999999
vt 0.94999999 0.05000001
vt 0.55000001 0.05000001
vt 0.55000001 0.44999999
vt 0.94999999 0.44999999
vt 0.94999999 0.05000001
vt 0.55000001 0.05000001
vt 0.55000001 0.44999999
vt 0.94999999 0.44999999
vt 0.94999999 0.05000001
vt 0.55000001 0.05000001
vt 0.55000001 0.44999999
vt 0.94999999 0.44999999
vt 0.94999999 0.05000001
vt 0.55000001 0.05000001
vt 0.55000001 0.44999999
vt 0.94999999 0.44999999
vt 0.94999999 0.05000001
vt 0.55000001 0.05000001
vt 0.55000001 0.44999999
vt 0.94999999 0.44999999
vt 0.94999999 0.05000001
vt 0.55000001 0.05000001
vt 0.55000001 0.94999999
vt 0.94999999 0.94999999
vt 0.94999999 0.55000001
vt 0.55000001 0.55000001
vt 0.55000001 0.94999999
vt 0.94999999 0.94999999
vt 0.94999999 0.55000001
vt 0.55000001 0.55000001
vt 0.55000001 0.94999999
vt 0.94999999 0.94999999
vt 0.94999999 0.55000001
vt 0.55000001 0.55000001
vt 0.55000001 0.94999999
vt 0.94999999 0.94999999
vt 0.94999999 0.55000001
vt 0.55000001 0.55000001
vt 0.55000001 0.94999999
vt 0.94999999 0.94999999
vt 0.94999999 0.55000001
vt 0.55000001 0.55000001
vt 0.55000001 0.94999999
vt 0.94999999 0.94999999
vt 0.94999999 0.55000001
vt 0.55000001 0.55000001
vt 0.23999999 0.22000003
vt 0.46000001 0.22000003
vt 0.46000001 0.05000001
vt 0.23999999 0.05000001
vt 0.23999999 0.22000003
vt 0.46000001 0.22000003
vt 0.46000001 0.05000001
vt 0.23999999 0.05000001
vt 0.23999999 0.22000003
vt 0.46000001 0.22000003
vt 0.46000001 0.05000001
vt 0.23999999 0.05000001
vt 0.23999999 0.22000003
vt 0.46000001 0.22000003
vt 0.46000001 0.05000001
vt 0.23999999 0.05000001
vt 0.23999999 0.22000003
vt 0.46000001 0.22000003
vt 0.46000001 0.05000001
vt 0.23999999 0.05000001
vt 0.23999999 0.22000003
vt 0.46000001 0.22000003
vt 0.46000001 0.05000001
vt 0.23999999 0.05000001
vt 0.55000001 0.44999999
vt 0.55000001 0.05000001
vt 0.57857144 0.44999999
vt 0.57857144 0.05000001
vt 0.60714287 0.44999999
vt 0.60714287 0.05000001
vt 0.63571429 0.44999999
vt 0.63571429 0.05000001
vt 0.66428572 0.44999999
vt 0.66428572 0.05000001
vt 0.69285715 0.44999999
vt 0.69285715 0.05000001
vt 0.72142857 0.44999999
vt 0.72142857 0.05000001
vt 0.75000000 0.44999999
vt 0.75000000 0.05000001
vt 0.77857143 0.44999999
vt 0.77857143 0.05000001
vt 0.80714285 0.44999999
vt 0.80714285 0.05000001
vt 0.83571428 0.44999999
vt 0.83571428 0.05000001
vt 0.86428571 0.44999999
vt 0.86428571 0.05000001
vt 0.89285713 0.44999999
vt 0.89285713 0.05000001
vt 0.92142856 0.44999999
vt 0.92142856 0.05000001
vt 0.75000000 0.05000001
vt 0.55000001 0.94999999
vt 0.55000001 0.55000001
vt 0.57857144 0.94999999
vt 0.57857144 0.55000001
vt 0.60714287 0.94999999
vt 0.60714287 0.55000001
vt 0.63571429 0.94999999
vt 0.63571429 0.55000001
vt 0.66428572 0.94999999
vt 0.66428572 0.55000001
vt 0.69285715 0.94999999
vt 0.69285715 0.55000001
vt 0.72142857 0.94999999
vt 0.72142857 0.55000001
vt 0.75000000 0.94999999
vt 0.75000000 0.55000001
vt 0.77857143 0.94999999
vt 0.77857143 0.55000001
vt 0.80714285 0.94999999
vt 0.80714285 0.55000001
vt 0.83571428 0.94999999
vt 0.83571428 0.55000001
vt 0.86428571 0.94999999
vt 0.86428571 0.55000001
vt 0.89285713 0.94999999
vt 0.89285713 0.55000001
vt 0.92142856 0.94999999
vt 0.92142856 0.55000001
vt 0.75000000 0.55000001
vt 0.23999999 0.22000003
vt 0.46000001 0.22000003
vt 0.46000001 0.05000001
vt 0.23999999 0.05000001
vt 0.23999999 0.22000003
vt 0.46000001 0.22000003
vt 0.46000001 0.05000001
vt 0.23999999 0.05000001
vt 0.23999999 0.22000003
vt 0.46000001 0.22000003
vt 0.46000001 0.05000001
vt 0.23999999 0.05000001
vt 0.23999999 0.22000003
vt 0.46000001 0.22000003
vt 0.46000001 0.05000001
vt 0.23999999 0.05000001
vt 0.23999999 0.22000003
vt 0.46000001 0.22000003
vt 0.46000001 0.05000001
vt 0.23999999 0.05000001
vt 0.23999999 0.22000003
vt 0.46000001 0.22000003
vt 0.46000001 0.05000001
vt 0.23999999 0.05000001
vt 0.23999999 0.22000003
vt 0.46000001 0.22000003
vt 0.46000001 0.05000001
vt 0.23999999 0.05000001
vt 0.23999999 0.22000003
vt 0.46000001 0.22000003
vt 0.46000001 0.05000001
vt 0.23999999 0.05000001
vt 0.23999999 0.22000003
vt 0.46000001 0.22000003
vt 0.46000001 0.05000001
vt 0.23999999 0.05000001
vt 0.23999999 0.22000003
vt 0.46000001 0.22000003
vt 0.46000001 0.05000001
vt 0.23999999 0.05000001
vt 0.23999999 0.22000003
vt 0.46000001 0.22000003
vt 0.46000001 0.05000001
vt 0.23999999 0.05000001
vt 0.23999999 0.22000003
vt 0.46000001 0.22000003
vt 0.46000001 0.05000001
vt 0.23999999 0.05000001
vt 0.05000000 0.44999999
vt 0.05000000 0.27999997
vt 0.07857143 0.44999999
vt 0.07857143 0.27999997
vt 0.10714286 0.44999999
vt 0.10714286 0.27999997
vt 0.13571428 0.44999999
vt 0.13571428 0.27999997
vt 0.16428572 0.44999999
vt 0.16428572 0.27999997
vt 0.19285713 0.44999999
vt 0.19285713 0.27999997
vt 0.22142856 0.44999999
vt 0.22142856 0.27999997
vt 0.24999999 0.44999999
vt 0.24999999 0.27999997
vt 0.27857143 0.44999999
vt 0.27857143 0.27999997
vt 0.30714285 0.44999999
vt 0.30714285 0.27999997
vt 0.33571428 0.44999999
vt 0.33571428 0.27999997
vt 0.36428571 0.44999999
vt 0.36428571 0.27999997
vt 0.39285713 0.44999999
vt 0.39285713 0.27999997
vt 0.42142856 0.44999999
vt 0.42142856 0.27999997
vt 0.55000001 0.44999999
vt 0.55000001 0.05000001
vt 0.57857144 0.44999999
vt 0.57857144 0.05000001
vt 0.60714287 0.44999999
vt 0.60714287 0.05000001
vt 0.63571429 0.44999999
vt 0.63571429 0.05000001
vt 0.66428572 0.44999999
vt 0.66428572 0.05000001
vt 0.69285715 0.44999999
vt 0.69285715 0.05000001
vt 0.72142857 0.44999999
vt 0.72142857 0.05000001
vt 0.75000000 0.44999999
vt 0.75000000 0.05000001
vt 0.77857143 0.44999999
vt 0.77857143 0.05000001
vt 0.80714285 0.44999999
vt 0.80714285 0.05000001
vt 0.83571428 0.44999999
vt 0.83571428 0.05000001
vt 0.86428571 0.44999999
vt 0.86428571 0.05000001
vt 0.89285713 0.44999999
vt 0.89285713 0.05000001
vt 0.92142856 0.44999999
vt 0.92142856 0.05000001
vt 0.55000001 0.44999999
vt 0.55000001 0.05000001
vt 0.57857144 0.44999999
vt 0.57857144 0.05000001
vt 0.60714287 0.44999999
vt 0.60714287 0.05000001
vt 0.63571429 0.44999999
vt 0.63571429 0.05000001
vt 0.66428572 0.44999999
vt 0.66428572 0.05000001
vt 0.69285715 0.44999999
vt 0.69285715 0.05000001
vt 0.72142857 0.44999999
vt 0.72142857 0.05000001
vt 0.75000000 0.44999999
vt 0.75000000 0.05000001
vt 0.77857143 0.44999999
vt 0.77857143 0.05000001
vt 0.80714285 0.44999999
vt 0.80714285 0.05000001
vt 0.83571428 0.44999999
vt 0.83571428 0.05000001
vt 0.86428571 0.44999999
vt 0.86428571 0.05000001
vt 0.89285713 0.44999999
vt 0.89285713 0.05000001
vt 0.92142856 0.44999999
vt 0.92142856 0.05000001
vt 0.23999999 0.22000003
vt 0.23999999 0.05000001
vt 0.25571430 0.22000003
vt 0.25571430 0.05000001
vt 0.27142859 0.22000003
vt 0.27142859 0.05000001
vt 0.28714284 0.22000003
vt 0.28714284 0.05000001
vt 0.30285716 0.22000003
vt 0.30285716 0.05000001
vt 0.31857145 0.22000003
vt 0.31857145 0.05000001
vt 0.33428571 0.22000003
vt 0.33428571 0.05000001
vt 0.34999999 0.22000003
vt 0.34999999 0.05000001
vt 0.36571431 0.22000003
vt 0.36571431 0.05000001
vt 0.38142857 0.22000003
vt 0.38142857 0.05000001
vt 0.39714289 0.22000003
vt 0.39714289 0.05000001
vt 0.41285715 0.22000003
vt 0.41285715 0.05000001
vt 0.42857143 0.22000003
vt 0.42857143 0.05000001
vt 0.44428572 0.22000003
vt 0.44428572 0.05000001
vt 0.55000001 0.05000001
vt 0.55000001 0.44999999
vt 0.05000000 0.18000001
vt 0.05000000 0.05000001
vt 0.57857144 0.05000001
vt 0.57857144 0.44999999
vt 0.06071429 0.18000001
vt 0.06071429 0.05000001
vt 0.60714287 0.05000001
vt 0.60714287 0.44999999
vt 0.07142857 0.18000001
vt 0.07142857 0.05000001
vt 0.63571429 0.05000001
vt 0.63571429 0.44999999
vt 0.08214286 0.18000001
vt 0.08214286 0.05000001
vt 0.66428572 0.05000001
vt 0.66428572 0.44999999
vt 0.09285715 0.18000001
vt 0.09285715 0.05000001
vt 0.69285715 0.05000001
vt 0.69285715 0.44999999
vt 0.10357143 0.18000001
vt 0.10357143 0.05000001
vt 0.72142857 0.05000001
vt 0.72142857 0.44999999
vt 0.11428572 0.18000001
vt 0.11428572 0.05000001
vt 0.75000000 0.05000001
vt 0.75000000 0.44999999
vt 0.12500000 0.18000001
vt 0.12500000 0.05000001
vt 0.77857143 0.05000001
vt 0.77857143 0.44999999
vt 0.13571429 0.18000001
vt 0.13571429 0.05000001
vt 0.80714285 0.05000001
vt 0.80714285 0.44999999
vt 0.14642857 0.18000001
vt 0.14642857 0.05000001
vt 0.83571428 0.05000001
vt 0.83571428 0.44999999
vt 0.15714286 0.18000001
vt 0.15714286 0.05000001
vt 0.86428571 0.05000001
vt 0.86428571 0.44999999
vt 0.16785714 0.18000001
vt 0.16785714 0.05000001
vt 0.89285713 0.05000001
vt 0.89285713 0.44999999
vt 0.17857143 0.18000001
vt 0.17857143 0.05000001
vt 0.92142856 0.05000001
vt 0.92142856 0.44999999
vt 0.18928571 0.18000001
vt 0.18928571 0.05000001
vt 0.12500000 0.05000001
vn 0.00000000 1.00000000 0.00000000
vn 0.00000000 1.00000000 0.00000000
vn 0.00000000 1.00000000 0.00000000
vn 0.00000000 1.00000000 0.00000000
vn 0.00000000 1.00000000 -0.00000000
vn 0.00000000 1.00000000 -0.00000000
vn 0.00000000 1.00000000 -0.00000000
vn -0.00000000 1.00000000 -0.00000000
vn -0.00000000 1.00000000 -0.00000000
vn -0.00000000 1.00000000 -0.00000000
vn -0.00000000 1.00000000 -0.00000000
vn -0.00000000 1.00000000 0.00000000
vn -0.00000000 1.00000000 0.00000000
vn -0.00000000 1.00000000 0.00000000
vn 0.00000000 1.00000000 0.00000000
vn 0.00000000 0.95105654 0.30901700
vn 0.13407746 0.95105654 0.27841470
vn 0.24159923 0.95105654 0.19266894
vn 0.30126929 0.95105654 0.06876276
vn 0.30126929 0.95105654 -0.06876276
vn 0.24159919 0.95105654 -0.19266900
vn 0.13407747 0.95105654 -0.27841470
vn -0.00000003 0.95105654 -0.30901700
vn -0.13407746 0.95105654 -0.27841470
vn -0.24159926 0.95105654 -0.19266890
vn -0.30126932 0.95105654 -0.06876263
vn -0.30126926 0.95105654 0.06876293
vn -0.24159926 0.95105654 0.19266891
vn -0.13407746 0.95105654 0.27841470
vn 0.00000005 0.95105654 0.30901700
vn 0.00000000 0.80901700 0.58778524
vn 0.25503048 0.80901700 0.52957618
vn 0.45954901 0.80901700 0.36647812
vn 0.57304823 0.80901700 0.13079454
vn 0.57304823 0.80901700 -0.13079453
vn 0.45954895 0.80901700 -0.36647820
vn 0.25503051 0.80901700 -0.52957618
vn -0.00000005 0.80901700 -0.58778524
vn -0.25503048 0.80901700 -0.52957618
vn -0.45954910 0.80901700 -0.36647800
vn -0.57304829 0.80901700 -0.13079429
vn -0.57304817 0.80901700 0.13079485
vn -0.45954910 0.80901700 0.36647803
vn -0.25503048 0.80901700 0.52957618
vn 0.00000010 0.80901700 0.58778524
vn 0.00000000 0.58778524 0.80901700
vn 0.35101932 0.58778524 0.72889912
vn 0.63251495 0.58778524 0.50441384
vn 0.78873324 0.58778524 0.18002325
vn 0.78873324 0.58778524 -0.18002322
vn 0.63251489 0.58778524 -0.50441396
vn 0.35101938 0.58778524 -0.72889912
vn -0.00000007 0.58778524 -0.80901700
vn -0.35101932 0.58778524 -0.72889912
vn -0.63251507 0.58778524 -0.50441372
vn -0.78873336 0.58778524 -0.18002291
vn -0.78873324 0.58778530 0.18002369
vn -0.63251507 0.58778524 0.50441372
vn -0.35101932 0.58778524 0.72889912
vn 0.00000014 0.58778524 0.80901700
vn 0.00000000 0.30901697 0.95105654
vn 0.41264799 0.30901697 0.85687232
vn 0.74356598 0.30901697 0.59297407
vn 0.92721158 0.30901697 0.21163003
vn 0.92721158 0.30901697 -0.21163000
vn 0.74356586 0.30901697 -0.59297425
vn 0.41264805 0.30901697 -0.85687232
vn -0.00000008 0.30901697 -0.95105654
vn -0.41264799 0.30901697 -0.85687232
vn -0.74356610 0.30901697 -0.59297389
vn -0.92721164 0.30901697 -0.21162961
vn -0.92721146 0.30901697 0.21163052
vn -0.74356610 0.30901697 0.59297395
vn -0.41264799 0.30901697 0.85687232
vn 0.00000017 0.30901697 0.95105654
vn 0.00000000 -0.00000004 1.00000000
vn 0.43388376 -0.00000004 0.90096885
vn 0.78183150 -0.00000004 0.62348980
vn 0.97492790 -0.00000004 0.22252098
vn 0.97492802 -0.00000004 -0.22252098
vn 0.78183138 -0.00000004 -0.62348998
vn 0.43388382 -0.00000004 -0.90096885
vn -0.00000009 -0.00000004 -1.00000000
vn -0.43388376 -0.00000004 -0.90096885
vn -0.78183162 -0.00000004 -0.62348962
vn -0.97492802 -0.00000004 -0.22252055
vn -0.97492778 -0.00000004 0.22252150
vn -0.78183162 -0.00000004 0.62348968
vn -0.43388376 -0.00000004 0.90096885
vn 0.00000017 -0.00000004 1.00000000
vn 0.00000000 -0.30901706 0.95105660
vn 0.41264802 -0.30901706 0.85687238
vn 0.74356592 -0.30901703 0.59297401
vn 0.92721152 -0.30901703 0.21163002
vn 0.92721164 -0.30901706 -0.21163002
vn 0.74356580 -0.30901703 -0.59297419
vn 0.41264808 -0.30901706 -0.85687238
vn -0.00000008 -0.30901706 -0.95105660
vn -0.41264802 -0.30901706 -0.85687238
vn -0.74356604 -0.30901703 -0.59297383
vn -0.92721164 -0.30901703 -0.21162960
vn -0.92721140 -0.30901703 0.21163051
vn -0.74356604 -0.30901703 0.59297389
vn -0.41264802 -0.30901706 0.85687238
vn 0.00000017 -0.30901706 0.95105660
vn 0.00000000 -0.58778542 0.80901688
vn 0.35101929 -0.58778542 0.72889900
vn 0.63251489 -0.58778542 0.50441378
vn 0.78873312 -0.58778542 0.18002322
vn 0.78873312 -0.58778542 -0.18002321
vn 0.63251477 -0.58778542 -0.50441390
vn 0.35101932 -0.58778542 -0.72889900
vn -0.00000007 -0.58778542 -0.80901688
vn -0.35101929 -0.58778542 -0.72889900
vn -0.63251501 -0.58778548 -0.50441366
vn -0.78873324 -0.58778542 -0.18002288
vn -0.78873307 -0.58778542 0.18002366
vn -0.63251495 -0.58778542 0.50441366
vn -0.35101929 -0.58778542 0.72889900
vn 0.00000014 -0.58778542 0.80901688
vn 0.00000000 -0.80901706 0.58778518
vn 0.25503045 -0.80901706 0.52957612
vn 0.45954898 -0.80901706 0.36647806
vn 0.57304817 -0.80901706 0.13079454
vn 0.57304817 -0.80901706 -0.13079451
vn 0.45954889 -0.80901706 -0.36647817
vn 0.25503048 -0.80901706 -0.52957612
vn -0.00000005 -0.80901706 -0.58778518
vn -0.25503045 -0.80901706 -0.52957612
vn -0.45954904 -0.80901706 -0.36647797
vn -0.57304823 -0.80901706 -0.13079429
vn -0.57304811 -0.80901706 0.13079484
vn -0.45954904 -0.80901706 0.36647800
vn -0.25503045 -0.80901706 0.52957612
vn 0.00000010 -0.80901706 0.58778518
vn 0.00000000 -0.95105660 0.30901706
vn 0.13407749 -0.95105660 0.27841476
vn 0.24159928 -0.95105660 0.19266899
vn 0.30126935 -0.95105660 0.06876278
vn 0.30126935 -0.95105660 -0.06876277
vn 0.24159925 -0.95105660 -0.19266905
vn 0.13407750 -0.95105660 -0.27841476
vn -0.00000003 -0.95105660 -0.30901706
vn -0.13407749 -0.95105660 -0.27841476
vn -0.24159932 -0.95105660 -0.19266894
vn -0.30126938 -0.95105660 -0.06876265
vn -0.30126932 -0.95105660 0.06876294
vn -0.24159932 -0.95105660 0.19266896
vn -0.13407749 -0.95105660 0.27841476
vn 0.00000005 -0.95105660 0.30901706
vn -0.00000000 -1.00000000 -0.00000009
vn -0.00000004 -1.00000000 -0.00000008
vn -0.00000007 -1.00000000 -0.00000005
vn -0.00000009 -1.00000000 -0.00000002
vn -0.00000009 -1.00000000 0.00000002
vn -0.00000007 -1.00000000 0.00000005
vn -0.00000004 -1.00000000 0.00000008
vn 0.00000000 -1.00000000 0.00000009
vn 0.00000004 -1.00000000 0.00000008
vn 0.00000007 -1.00000000 0.00000005
vn 0.00000009 -1.00000000 0.00000002
vn 0.00000009 -1.00000000 -0.00000002
vn 0.00000007 -1.00000000 -0.00000005
vn 0.00000004 -1.00000000 -0.00000008
vn -0.00000000 -1.00000000 -0.00000009
vn 0.00000000 0.00000000 1.00000000
vn 0.00000000 0.00000000 1.00000000
vn 0.00000000 0.00000000 1.00000000
vn 0.00000000 0.00000000 1.00000000
vn 0.00000000 0.00000000 -1.00000000
vn 0.00000000 0.00000000 -1.00000000
vn 0.00000000 0.00000000 -1.00000000
vn 0.00000000 0.00000000 -1.00000000
vn 0.00000000 1.00000000 0.00000000
vn 0.00000000 1.00000000 0.00000000
vn 0.00000000 1.00000000 0.00000000
vn 0.00000000 1.00000000 0.00000000
vn 0.00000000 -1.00000000 0.00000000
vn 0.00000000 -1.00000000 0.00000000
vn 0.00000000 -1.00000000 0.00000000
vn 0.00000000 -1.00000000 0.00000000
vn 1.00000000 0.00000000 0.00000000
vn 1.00000000 0.00000000 0.00000000
vn 1.00000000 0.00000000 0.00000000
vn 1.00000000 0.00000000 0.00000000
vn -1.00000000 0.00000000 0.00000000
vn -1.00000000 0.00000000 0.00000000
vn -1.00000000 0.00000000 0.00000000
vn -1.00000000 0.00000000 0.00000000
vn 0.00000000 0.00000000 1.00000000
vn 0.00000000 0.00000000 1.00000000
vn 0.00000000 0.00000000 1.00000000
vn 0.00000000 0.00000000 1.00000000
vn 0.00000000 0.00000000 -1.00000000
vn 0.00000000 0.00000000 -1.00000000
vn 0.00000000 0.00000000 -1.00000000
vn 0.00000000 0.00000000 -1.00000000
vn 0.00000000 1.00000000 0.00000000
vn 0.00000000 1.00000000 0.00000000
vn 0.00000000 1.00000000 0.00000000
vn 0.00000000 1.00000000 0.00000000
vn 0.00000000 -1.00000000 0.00000000
vn 0.00000000 -1.00000000 0.00000000
vn 0.00000000 -1.00000000 0.00000000
vn 0.00000000 -1.00000000 0.00000000
vn 1.00000000 0.00000000 0.00000000
vn 1.00000000 0.00000000 0.00000000
vn 1.00000000 0.00000000 0.00000000
vn 1.00000000 0.00000000 0.00000000
vn -1.00000000 0.00000000 0.00000000
vn -1.00000000 0.00000000 0.00000000
vn -1.00000000 0.00000000 0.00000000
vn -1.00000000 0.00000000 0.00000000
vn 0.00000000 0.00000000 -1.00000000
vn 0.00000000 0.00000000 -1.00000000
vn 0.00000000 -0.50000000 -0.86602539
vn 0.00000000 -0.50000000 -0.86602539
vn 0.00000000 -0.86602545 -0.49999997
vn 0.00000000 -0.86602545 -0.49999997
vn -0.00000000 -1.00000000 0.00000004
vn -0.00000000 -1.00000000 0.00000004
vn -0.00000000 -0.86602539 0.50000006
vn -0.00000000 -0.86602539 0.50000006
vn -0.00000000 -0.49999982 0.86602551
vn -0.00000000 -0.49999982 0.86602551
vn 0.00000000 0.00000009 1.00000000
vn 0.00000000 0.00000009 1.00000000
vn 0.00000000 0.50000024 0.86602539
vn 0.00000000 0.50000024 0.86602539
vn 0.00000000 0.86602545 0.49999991
vn 0.00000000 0.86602545 0.49999991
vn 0.00000000 1.00000000 -0.00000001
vn 0.00000000 1.00000000 -0.00000001
vn 0.00000000 0.86602521 -0.50000036
vn 0.00000000 0.86602521 -0.50000036
vn 0.00000000 0.49999976 -0.86602557
vn 0.00000000 0.49999976 -0.86602557
vn -1.00000000 0.00000000 0.00000000
vn 0.00000000 0.00000000 1.00000000
vn 0.00000000 0.00000000 1.00000000
vn 0.00000000 -0.50000000 0.86602539
vn 0.00000000 -0.50000000 0.86602539
vn 0.00000000 -0.86602545 0.49999997
vn 0.00000000 -0.86602545 0.49999997
vn 0.00000000 -1.00000000 -0.00000004
vn 0.00000000 -1.00000000 -0.00000004
vn 0.00000000 -0.86602539 -0.50000006
vn 0.00000000 -0.86602539 -0.50000006
vn 0.00000000 -0.49999982 -0.86602551
vn 0.00000000 -0.49999982 -0.86602551
vn -0.00000000 0.00000009 -1.00000000
vn -0.00000000 0.00000009 -1.00000000
vn -0.00000000 0.50000024 -0.86602539
vn -0.00000000 0.50000024 -0.86602539
vn -0.00000000 0.86602545 -0.49999991
vn -0.00000000 0.86602545 -0.49999991
vn 0.00000000 1.00000000 0.00000001
vn 0.00000000 1.00000000 0.00000001
vn 0.00000000 0.86602521 0.50000036
vn 0.00000000 0.86602521 0.50000036
vn 0.00000000 0.49999976 0.86602557
vn 0.00000000 0.49999976 0.86602557
vn 1.00000000 0.00000000 0.00000000
vn 0.00000000 0.00000000 -1.00000000
vn 0.00000000 0.00000000 -1.00000000
vn 0.00000000 -0.58778524 -0.80901700
vn 0.00000000 -0.58778524 -0.80901700
vn 0.00000000 -0.95105654 -0.30901697
vn 0.00000000 -0.95105654 -0.30901697
vn -0.00000000 -0.95105660 0.30901706
vn -0.00000000 -0.95105660 0.30901706
vn -0.00000000 -0.58778518 0.80901706
vn -0.00000000 -0.58778518 0.80901706
vn 0.00000000 0.00000009 1.00000000
vn 0.00000000 0.00000009 1.00000000
vn 0.00000000 0.58778536 0.80901694
vn 0.00000000 0.58778536 0.80901694
vn 0.00000000 0.95105672 0.30901667
vn 0.00000000 0.95105672 0.30901667
vn 0.00000000 0.95105648 -0.30901712
vn 0.00000000 0.95105648 -0.30901712
vn 0.00000000 0.58778530 -0.80901694
vn 0.00000000 0.58778530 -0.80901694
vn -1.00000000 0.00000000 0.00000000
vn 0.00000000 0.00000000 1.00000000
vn 0.00000000 0.00000000 1.00000000
vn 0.00000000 -0.58778524 0.80901700
vn 0.00000000 -0.58778524 0.80901700
vn 0.00000000 -0.95105654 0.30901697
vn 0.00000000 -0.95105654 0.30901697
vn 0.00000000 -0.95105660 -0.30901706
vn 0.00000000 -0.95105660 -0.30901706
vn 0.00000000 -0.58778518 -0.80901706
vn 0.00000000 -0.58778518 -0.80901706
vn -0.00000000 0.00000009 -1.00000000
vn -0.00000000 0.00000009 -1.00000000
vn -0.00000000 0.58778536 -0.80901694
vn -0.00000000 0.58778536 -0.80901694
vn -0.00000000 0.95105672 -0.30901667
vn -0.00000000 0.95105672 -0.30901667
vn 0.00000000 0.95105648 0.30901712
vn 0.00000000 0.95105648 0.30901712
vn 0.00000000 0.58778530 0.80901694
vn 0.00000000 0.58778530 0.80901694
vn 1.00000000 0.00000000 0.00000000
vn 0.00000000 0.00000000 1.00000000
vn 0.00000000 0.00000000 1.00000000
vn 0.00000000 0.00000000 1.00000000
vn 0.00000000 0.00000000 1.00000000
vn 0.00000000 0.00000000 -1.00000000
vn 0.00000000 0.00000000 -1.00000000
vn 0.00000000 0.00000000 -1.00000000
vn 0.00000000 0.00000000 -1.00000000
vn 0.00000000 1.00000000 0.00000000
vn 0.00000000 1.00000000 0.00000000
vn 0.00000000 1.00000000 0.00000000
vn 0.00000000 1.00000000 0.00000000
vn 0.00000000 -1.00000000 0.00000000
vn 0.00000000 -1.00000000 0.00000000
vn 0.00000000 -1.00000000 0.00000000
vn 0.00000000 -1.00000000 0.00000000
vn 1.00000000 0.00000000 0.00000000
vn 1.00000000 0.00000000 0.00000000
vn 1.00000000 0.00000000 0.00000000
vn 1.00000000 0.00000000 0.00000000
vn -1.00000000 0.00000000 0.00000000
vn -1.00000000 0.00000000 0.00000000
vn -1.00000000 0.00000000 0.00000000
vn -1.00000000 0.00000000 0.00000000
vn 0.00000000 0.00000000 1.00000000
vn 0.00000000 0.00000000 1.00000000
vn 0.00000000 0.00000000 1.00000000
vn 0.00000000 0.00000000 1.00000000
vn 0.00000000 0.00000000 -1.00000000
vn 0.00000000 0.00000000 -1.00000000
vn 0.00000000 0.00000000 -1.00000000
vn 0.00000000 0.00000000 -1.00000000
vn 0.00000000 1.00000000 0.00000000
vn 0.00000000 1.00000000 0.00000000
vn 0.00000000 1.00000000 0.00000000
vn 0.00000000 1.00000000 0.00000000
vn 0.00000000 -1.00000000 0.00000000
vn 0.00000000 -1.00000000 0.00000000
vn 0.00000000 -1.00000000 0.00000000
vn 0.00000000 -1.00000000 0.00000000
vn 1.00000000 0.00000000 0.00000000
vn 1.00000000 0.00000000 0.00000000
vn 1.00000000 0.00000000 0.00000000
vn 1.00000000 0.00000000 0.00000000
vn -1.00000000 0.00000000 0.00000000
vn -1.00000000 0.00000000 0.00000000
vn -1.00000000 0.00000000 0.00000000
vn -1.00000000 0.00000000 0.00000000
vn 0.00000000 0.00000000 1.00000000
vn 0.00000000 0.00000000 1.00000000
vn 0.00000000 0.00000000 1.00000000
vn 0.00000000 0.00000000 1.00000000
vn 0.00000000 0.00000000 -1.00000000
vn 0.00000000 0.00000000 -1.00000000
vn 0.00000000 0.00000000 -1.00000000
vn 0.00000000 0.00000000 -1.00000000
vn 0.00000000 1.00000000 0.00000000
vn 0.00000000 1.00000000 0.00000000
vn 0.00000000 1.00000000 0.00000000
vn 0.00000000 1.00000000 0.00000000
vn 0.00000000 -1.00000000 0.00000000
vn 0.00000000 -1.00000000 0.00000000
vn 0.00000000 -1.00000000 0.00000000
vn 0.00000000 -1.00000000 0.00000000
vn 1.00000000 0.00000000 0.00000000
vn 1.00000000 0.00000000 0.00000000
vn 1.00000000 0.00000000 0.00000000
vn 1.00000000 0.00000000 0.00000000
vn -1.00000000 0.00000000 0.00000000
vn -1.00000000 0.00000000 0.00000000
vn -1.00000000 0.00000000 0.00000000
vn -1.00000000 0.00000000 0.00000000
vn 0.00000000 0.00000000 1.00000000
vn 0.00000000 0.00000000 1.00000000
vn 0.00000000 0.00000000 1.00000000
vn 0.00000000 0.00000000 1.00000000
vn 0.00000000 0.00000000 -1.00000000
vn 0.00000000 0.00000000 -1.00000000
vn 0.00000000 0.00000000 -1.00000000
vn 0.00000000 0.00000000 -1.00000000
vn 0.00000000 1.00000000 0.00000000
vn 0.00000000 1.00000000 0.00000000
vn 0.00000000 1.00000000 0.00000000
vn 0.00000000 1.00000000 0.00000000
vn 0.00000000 -1.00000000 0.00000000
vn 0.00000000 -1.00000000 0.00000000
vn 0.00000000 -1.00000000 0.00000000
vn 0.00000000 -1.00000000 0.00000000
vn 1.00000000 0.00000000 0.00000000
vn 1.00000000 0.00000000 0.00000000
vn 1.00000000 0.00000000 0.00000000
vn 1.00000000 0.00000000 0.00000000
vn -1.00000000 0.00000000 0.00000000
vn -1.00000000 0.00000000 0.00000000
vn -1.00000000 0.00000000 0.00000000
vn -1.00000000 0.00000000 0.00000000
vn -1.00000000 0.00000000 0.00000000
vn -1.00000000 0.00000000 0.00000000
vn -0.80901700 -0.58778524 0.00000000
vn -0.80901700 -0.58778524 0.00000000
vn -0.30901697 -0.95105654 0.00000000
vn -0.30901697 -0.95105654 0.00000000
vn 0.30901706 -0.95105660 0.00000000
vn 0.30901706 -0.95105660 0.00000000
vn 0.80901706 -0.58778518 0.00000000
vn 0.80901706 -0.58778518 0.00000000
vn 1.00000000 0.00000009 -0.00000000
vn 1.00000000 0.00000009 -0.00000000
vn 0.80901694 0.58778536 -0.00000000
vn 0.80901694 0.58778536 -0.00000000
vn 0.30901667 0.95105672 -0.00000000
vn 0.30901667 0.95105672 -0.00000000
vn -0.30901712 0.95105648 0.00000000
vn -0.30901712 0.95105648 0.00000000
vn -0.80901694 0.58778530 0.00000000
vn -0.80901694 0.58778530 0.00000000
vn -0.00000000 -0.00000000 -1.00000000
vn -1.00000000 0.00000000 0.00000000
vn -1.00000000 0.00000000 0.00000000
vn -0.80901700 -0.58778524 0.00000000
vn -0.80901700 -0.58778524 0.00000000
vn -0.30901697 -0.95105654 0.00000000
vn -0.30901697 -0.95105654 0.00000000
vn 0.30901706 -0.95105660 0.00000000
vn 0.30901706 -0.95105660 0.00000000
vn 0.80901706 -0.58778518 0.00000000
vn 0.80901706 -0.58778518 0.00000000
vn 1.00000000 0.00000009 -0.00000000
vn 1.00000000 0.00000009 -0.00000000
vn 0.80901694 0.58778536 -0.00000000
vn 0.80901694 0.58778536 -0.00000000
vn 0.30901667 0.95105672 -0.00000000
vn 0.30901667 0.95105672 -0.00000000
vn -0.30901712 0.95105648 0.00000000
vn -0.30901712 0.95105648 0.00000000
vn -0.80901694 0.58778530 0.00000000
vn -0.80901694 0.58778530 0.00000000
vn -0.00000000 -0.00000000 -1.00000000
vn 0.00000000 0.00000000 1.00000000
vn 0.00000000 0.00000000 1.00000000
vn 0.00000000 0.00000000 1.00000000
vn 0.00000000 0.00000000 1.00000000
vn 0.00000000 0.00000000 -1.00000000
vn 0.00000000 0.00000000 -1.00000000
vn 0.00000000 0.00000000 -1.00000000
vn 0.00000000 0.00000000 -1.00000000
vn 0.00000000 1.00000000 0.00000000
vn 0.00000000 1.00000000 0.00000000
vn 0.00000000 1.00000000 0.00000000
vn 0.00000000 1.00000000 0.00000000
vn 0.00000000 -1.00000000 0.00000000
vn 0.00000000 -1.00000000 0.00000000
vn 0.00000000 -1.00000000 0.00000000
vn 0.00000000 -1.00000000 0.00000000
vn 1.00000000 0.00000000 0.00000000
vn 1.00000000 0.00000000 0.00000000
vn 1.00000000 0.00000000 0.00000000
vn 1.00000000 0.00000000 0.00000000
vn -1.00000000 0.00000000 0.00000000
vn -1.00000000 0.00000000 0.00000000
vn -1.00000000 0.00000000 0.00000000
vn -1.00000000 0.00000000 0.00000000
vn 0.00000000 0.00000000 1.00000000
vn 0.00000000 0.00000000 1.00000000
vn 0.00000000 -0.43388376 0.90096885
vn 0.00000000 -0.43388376 0.90096885
vn 0.00000000 -0.78183150 0.62348980
vn 0.00000000 -0.78183150 0.62348980
vn 0.00000000 -0.97492790 0.22252098
vn 0.00000000 -0.97492790 0.22252098
vn 0.00000000 -0.97492802 -0.22252098
vn 0.00000000 -0.97492802 -0.22252098
vn 0.00000000 -0.78183138 -0.62348998
vn 0.00000000 -0.78183138 -0.62348998
vn 0.00000000 -0.43388382 -0.90096885
vn 0.00000000 -0.43388382 -0.90096885
vn -0.00000000 0.00000009 -1.00000000
vn -0.00000000 0.00000009 -1.00000000
vn -0.00000000 0.43388376 -0.90096885
vn -0.00000000 0.43388376 -0.90096885
vn -0.00000000 0.78183162 -0.62348962
vn -0.00000000 0.78183162 -0.62348962
vn -0.00000000 0.97492802 -0.22252055
vn -0.00000000 0.97492802 -0.22252055
vn 0.00000000 0.97492778 0.22252150
vn 0.00000000 0.97492778 0.22252150
vn 0.00000000 0.78183162 0.62348968
vn 0.00000000 0.78183162 0.62348968
vn 0.00000000 0.43388376 0.90096885
vn 0.00000000 0.43388376 0.90096885
vn -1.00000000 -0.00000000 -0.00000000
vn 1.00000000 0.00000000 0.00000000
vn 0.00000000 0.00000000 1.00000000
vn 0.00000000 0.00000000 1.00000000
vn 0.00000000 0.00000000 1.00000000
vn 0.00000000 0.00000000 1.00000000
vn 0.00000000 0.00000000 -1.00000000
vn 0.00000000 0.00000000 -1.00000000
vn 0.00000000 0.00000000 -1.00000000
vn 0.00000000 0.00000000 -1.00000000
vn 0.00000000 1.00000000 0.00000000
vn 0.00000000 1.00000000 0.00000000
vn 0.00000000 1.00000000 0.00000000
vn 0.00000000 1.00000000 0.00000000
vn 0.00000000 -1.00000000 0.00000000
vn 0.00000000 -1.00000000 0.00000000
vn 0.00000000 -1.00000000 0.00000000
vn 0.00000000 -1.00000000 0.00000000
vn 1.00000000 0.00000000 0.00000000
vn 1.00000000 0.00000000 0.00000000
vn 1.00000000 0.00000000 0.00000000
vn 1.00000000 0.00000000 0.00000000
vn -1.00000000 0.00000000 0.00000000
vn -1.00000000 0.00000000 0.00000000
vn -1.00000000 0.00000000 0.00000000
vn -1.00000000 0.00000000 0.00000000
vn 0.00000000 0.00000000 1.00000000
vn 0.00000000 0.00000000 1.00000000
vn 0.00000000 0.00000000 1.00000000
vn 0.00000000 0.00000000 1.00000000
vn 0.00000000 0.00000000 -1.00000000
vn 0.00000000 0.00000000 -1.00000000
vn 0.00000000 0.00000000 -1.00000000
vn 0.00000000 0.00000000 -1.00000000
vn 0.00000000 1.00000000 0.00000000
vn 0.00000000 1.00000000 0.00000000
vn 0.00000000 1.00000000 0.00000000
vn 0.00000000 1.00000000 0.00000000
vn 0.00000000 -1.00000000 0.00000000
vn 0.00000000 -1.00000000 0.00000000
vn 0.00000000 -1.00000000 0.00000000
vn 0.00000000 -1.00000000 0.00000000
vn 1.00000000 0.00000000 0.00000000
vn 1.00000000 0.00000000 0.00000000
vn 1.00000000 0.00000000 0.00000000
vn 1.00000000 0.00000000 0.00000000
vn -1.00000000 0.00000000 0.00000000
vn -1.00000000 0.00000000 0.00000000
vn -1.00000000 0.00000000 0.00000000
vn -1.00000000 0.00000000 0.00000000
vn 0.00000000 0.00000000 1.00000000
vn 0.00000000 0.00000000 1.00000000
vn 0.00000000 0.00000000 1.00000000
vn 0.00000000 0.00000000 1.00000000
vn 0.00000000 0.00000000 -1.00000000
vn 0.00000000 0.00000000 -1.00000000
vn 0.00000000 0.00000000 -1.00000000
vn 0.00000000 0.00000000 -1.00000000
vn 0.00000000 1.00000000 0.00000000
vn 0.00000000 1.00000000 0.00000000
vn 0.00000000 1.00000000 0.00000000
vn 0.00000000 1.00000000 0.00000000
vn 0.00000000 -1.00000000 0.00000000
vn 0.00000000 -1.00000000 0.00000000
vn 0.00000000 -1.00000000 0.00000000
vn 0.00000000 -1.00000000 0.00000000
vn 1.00000000 0.00000000 0.00000000
vn 1.00000000 0.00000000 0.00000000
vn 1.00000000 0.00000000 0.00000000
vn 1.00000000 0.00000000 0.00000000
vn -1.00000000 0.00000000 0.00000000
vn -1.00000000 0.00000000 0.00000000
vn -1.00000000 0.00000000 0.00000000
vn -1.00000000 0.00000000 0.00000000
vn -1.00000000 0.00000000 0.00000000
vn -1.00000000 0.00000000 0.00000000
vn -0.90096885 -0.43388376 0.00000000
vn -0.90096885 -0.43388376 0.00000000
vn -0.62348980 -0.78183150 0.00000000
vn -0.62348980 -0.78183150 0.00000000
vn -0.22252098 -0.97492790 0.00000000
vn -0.22252098 -0.97492790 0.00000000
vn 0.22252098 -0.97492802 0.00000000
vn 0.22252098 -0.97492802 0.00000000
vn 0.62348998 -0.78183138 0.00000000
vn 0.62348998 -0.78183138 0.00000000
vn 0.90096885 -0.43388382 0.00000000
vn 0.90096885 -0.43388382 0.00000000
vn 1.00000000 0.00000009 -0.00000000
vn 1.00000000 0.00000009 -0.00000000
vn 0.90096885 0.43388376 -0.00000000
vn 0.90096885 0.43388376 -0.00000000
vn 0.62348962 0.78183162 -0.00000000
vn 0.62348962 0.78183162 -0.00000000
vn 0.22252055 0.97492802 -0.00000000
vn 0.22252055 0.97492802 -0.00000000
vn -0.22252150 0.97492778 0.00000000
vn -0.22252150 0.97492778 0.00000000
vn -0.62348968 0.78183162 0.00000000
vn -0.62348968 0.78183162 0.00000000
vn -0.90096885 0.43388376 0.00000000
vn -0.90096885 0.43388376 0.00000000
vn 0.00000000 0.00000000 1.00000000
vn -1.00000000 0.00000000 0.00000000
vn -1.00000000 0.00000000 0.00000000
vn -0.90096885 -0.43388376 0.00000000
vn -0.90096885 -0.43388376 0.00000000
vn -0.62348980 -0.78183150 0.00000000
vn -0.62348980 -0.78183150 0.00000000
vn -0.22252098 -0.97492790 0.00000000
vn -0.22252098 -0.97492790 0.00000000
vn 0.22252098 -0.97492802 0.00000000
vn 0.22252098 -0.97492802 0.00000000
vn 0.62348998 -0.78183138 0.00000000
vn 0.62348998 -0.78183138 0.00000000
vn 0.90096885 -0.43388382 0.00000000
vn 0.90096885 -0.43388382 0.00000000
vn 1.00000000 0.00000009 -0.00000000
vn 1.00000000 0.00000009 -0.00000000
vn 0.90096885 0.43388376 -0.00000000
vn 0.90096885 0.43388376 -0.00000000
vn 0.62348962 0.78183162 -0.00000000
vn 0.62348962 0.78183162 -0.00000000
vn 0.22252055 0.97492802 -0.00000000
vn 0.22252055 0.97492802 -0.00000000
vn -0.22252150 0.97492778 0.00000000
vn -0.22252150 0.97492778 0.00000000
vn -0.62348968 0.78183162 0.00000000
vn -0.62348968 0.78183162 0.00000000
vn -0.90096885 0.43388376 0.00000000
vn -0.90096885 0.43388376 0.00000000
vn 0.00000000 0.00000000 1.00000000
vn 0.00000000 0.00000000 1.00000000
vn 0.00000000 0.00000000 1.00000000
vn 0.00000000 0.00000000 1.00000000
vn 0.00000000 0.00000000 1.00000000
vn 0.00000000 0.00000000 -1.00000000
vn 0.00000000 0.00000000 -1.00000000
vn 0.00000000 0.00000000 -1.00000000
vn 0.00000000 0.00000000 -1.00000000
vn 0.00000000 1.00000000 0.00000000
vn 0.00000000 1.00000000 0.00000000
vn 0.00000000 1.00000000 0.00000000
vn 0.00000000 1.00000000 0.00000000
vn 0.00000000 -1.00000000 0.00000000
vn 0.00000000 -1.00000000 0.00000000
vn 0.00000000 -1.00000000 0.00000000
vn 0.00000000 -1.00000000 0.00000000
vn 1.00000000 0.00000000 0.00000000
vn 1.00000000 0.00000000 0.00000000
vn 1.00000000 0.00000000 0.00000000
vn 1.00000000 0.00000000 0.00000000
vn -1.00000000 0.00000000 0.00000000
vn -1.00000000 0.00000000 0.00000000
vn -1.00000000 0.00000000 0.00000000
vn -1.00000000 0.00000000 0.00000000
vn 0.00000000 0.00000000 1.00000000
vn 0.00000000 0.00000000 1.00000000
vn 0.00000000 0.00000000 1.00000000
vn 0.00000000 0.00000000 1.00000000
vn 0.00000000 0.00000000 -1.00000000
vn 0.00000000 0.00000000 -1.00000000
vn 0.00000000 0.00000000 -1.00000000
vn 0.00000000 0.00000000 -1.00000000
vn 0.00000000 1.00000000 0.00000000
vn 0.00000000 1.00000000 0.00000000
vn 0.00000000 1.00000000 0.00000000
vn 0.00000000 1.00000000 0.00000000
vn 0.00000000 -1.00000000 0.00000000
vn 0.00000000 -1.00000000 0.00000000
vn 0.00000000 -1.00000000 0.00000000
vn 0.00000000 -1.00000000 0.00000000
vn 1.00000000 0.00000000 0.00000000
vn 1.00000000 0.00000000 0.00000000
vn 1.00000000 0.00000000 0.00000000
vn 1.00000000 0.00000000 0.00000000
vn -1.00000000 0.00000000 0.00000000
vn -1.00000000 0.00000000 0.00000000
vn -1.00000000 0.00000000 0.00000000
vn -1.00000000 0.00000000 0.00000000
vn -1.00000000 0.00000000 0.00000000
vn -1.00000000 0.00000000 0.00000000
vn -0.90096885 -0.43388376 0.00000000
vn -0.90096885 -0.43388376 0.00000000
vn -0.62348980 -0.78183150 0.00000000
vn -0.62348980 -0.78183150 0.00000000
vn -0.22252098 -0.97492790 0.00000000
vn -0.22252098 -0.97492790 0.00000000
vn 0.22252098 -0.97492802 0.00000000
vn 0.22252098 -0.97492802 0.00000000
vn 0.62348998 -0.78183138 0.00000000
vn 0.62348998 -0.78183138 0.00000000
vn 0.90096885 -0.43388382 0.00000000
vn 0.90096885 -0.43388382 0.00000000
vn 1.00000000 0.00000009 -0.00000000
vn 1.00000000 0.00000009 -0.00000000
vn 0.90096885 0.43388376 -0.00000000
vn 0.90096885 0.43388376 -0.00000000
vn 0.62348962 0.78183162 -0.00000000
vn 0.62348962 0.78183162 -0.00000000
vn 0.22252055 0.97492802 -0.00000000
vn 0.22252055 0.97492802 -0.00000000
vn -0.22252150 0.97492778 0.00000000
vn -0.22252150 0.97492778 0.00000000
vn -0.62348968 0.78183162 0.00000000
vn -0.62348968 0.78183162 0.00000000
vn -0.90096885 0.43388376 0.00000000
vn -0.90096885 0.43388376 0.00000000
vn -1.00000000 0.00000000 0.00000000
vn -1.00000000 0.00000000 0.00000000
vn -0.90096885 -0.43388376 0.00000000
vn -0.90096885 -0.43388376 0.00000000
vn -0.62348980 -0.78183150 0.00000000
vn -0.62348980 -0.78183150 0.00000000
vn -0.22252098 -0.97492790 0.00000000
vn -0.22252098 -0.97492790 0.00000000
vn 0.22252098 -0.97492802 0.00000000
vn 0.22252098 -0.97492802 0.00000000
vn 0.62348998 -0.78183138 0.00000000
vn 0.62348998 -0.78183138 0.00000000
vn 0.90096885 -0.43388382 0.00000000
vn 0.90096885 -0.43388382 0.00000000
vn 1.00000000 0.00000009 -0.00000000
vn 1.00000000 0.00000009 -0.00000000
vn 0.90096885 0.43388376 -0.00000000
vn 0.90096885 0.43388376 -0.00000000
vn 0.62348962 0.78183162 -0.00000000
vn 0.62348962 0.78183162 -0.00000000
vn 0.22252055 0.97492802 -0.00000000
vn 0.22252055 0.97492802 -0.00000000
vn -0.22252150 0.97492778 0.00000000
vn -0.22252150 0.97492778 0.00000000
vn -0.62348968 0.78183162 0.00000000
vn -0.62348968 0.78183162 0.00000000
vn -0.90096885 0.43388376 0.00000000
vn -0.90096885 0.43388376 0.00000000
vn -1.00000000 0.00000000 0.00000000
vn -1.00000000 0.00000000 0.00000000
vn -0.90096885 -0.43388376 0.00000000
vn -0.90096885 -0.43388376 0.00000000
vn -0.62348980 -0.78183150 0.00000000
vn -0.62348980 -0.78183150 0.00000000
vn -0.22252098 -0.97492790 0.00000000
vn -0.22252098 -0.97492790 0.00000000
vn 0.22252098 -0.97492802 0.00000000
vn 0.22252098 -0.97492802 0.00000000
vn 0.62348998 -0.78183138 0.00000000
vn 0.62348998 -0.78183138 0.00000000
vn 0.90096885 -0.43388382 0.00000000
vn 0.90096885 -0.43388382 0.00000000
vn 1.00000000 0.00000009 -0.00000000
vn 1.00000000 0.00000009 -0.00000000
vn 0.90096885 0.43388376 -0.00000000
vn 0.90096885 0.43388376 -0.00000000
vn 0.62348962 0.78183162 -0.00000000
vn 0.62348962 0.78183162 -0.00000000
vn 0.22252055 0.97492802 -0.00000000
vn 0.22252055 0.97492802 -0.00000000
vn -0.22252150 0.97492778 0.00000000
vn -0.22252150 0.97492778 0.00000000
vn -0.62348968 0.78183162 0.00000000
vn -0.62348968 0.78183162 0.00000000
vn -0.90096885 0.43388376 0.00000000
vn -0.90096885 0.43388376 0.00000000
vn -1.00000000 0.00000000 0.00000000
vn -1.00000000 0.00000000 0.00000000
vn -0.90096885 -0.43388376 0.00000000
vn -0.90096885 -0.43388376 0.00000000
vn -0.62348980 -0.78183150 0.00000000
vn -0.62348980 -0.78183150 0.00000000
vn -0.22252098 -0.97492790 0.00000000
vn -0.22252098 -0.97492790 0.00000000
vn 0.22252098 -0.97492802 0.00000000
vn 0.22252098 -0.97492802 0.00000000
vn 0.62348998 -0.78183138 0.00000000
vn 0.62348998 -0.78183138 0.00000000
vn 0.90096885 -0.43388382 0.00000000
vn 0.90096885 -0.43388382 0.00000000
vn 1.00000000 0.00000009 -0.00000000
vn 1.00000000 0.00000009 -0.00000000
vn 0.90096885 0.43388376 -0.00000000
vn 0.90096885 0.43388376 -0.00000000
vn 0.62348962 0.78183162 -0.00000000
vn 0.62348962 0.78183162 -0.00000000
vn 0.22252055 0.97492802 -0.00000000
vn 0.22252055 0.97492802 -0.00000000
vn -0.22252150 0.97492778 0.00000000
vn -0.22252150 0.97492778 0.00000000
vn -0.62348968 0.78183162 0.00000000
vn -0.62348968 0.78183162 0.00000000
vn -0.90096885 0.43388376 0.00000000
vn -0.90096885 0.43388376 0.00000000
vn 0.00000000 0.00000000 1.00000000
vn 0.00000000 0.00000000 1.00000000
vn 1.00000000 -0.00000000 -0.00000000
vn 1.00000000 -0.00000000 -0.00000000
vn 0.00000000 0.00000000 1.00000000
vn 0.00000000 0.00000000 1.00000000
vn 0.90096885 0.43388376 -0.00000000
vn 0.90096885 0.43388376 -0.00000000
vn 0.00000000 0.00000000 1.00000000
vn 0.00000000 0.00000000 1.00000000
vn 0.62348980 0.78183150 -0.00000000
vn 0.62348980 0.78183150 -0.00000000
vn 0.00000000 0.00000000 1.00000000
vn 0.00000000 0.00000000 1.00000000
vn 0.22252098 0.97492790 -0.00000000
vn 0.22252098 0.97492790 -0.00000000
vn 0.00000000 0.00000000 1.00000000
vn 0.00000000 0.00000000 1.00000000
vn -0.22252098 0.97492802 -0.00000000
vn -0.22252098 0.97492802 -0.00000000
vn 0.00000000 0.00000000 1.00000000
vn 0.00000000 0.00000000 1.00000000
vn -0.62348998 0.78183138 -0.00000000
vn -0.62348998 0.78183138 -0.00000000
vn 0.00000000 0.00000000 1.00000000
vn 0.00000000 0.00000000 1.00000000
vn -0.90096885 0.43388382 -0.00000000
vn -0.90096885 0.43388382 -0.00000000
vn 0.00000000 0.00000000 1.00000000
vn 0.00000000 0.00000000 1.00000000
vn -1.00000000 -0.00000009 0.00000000
vn -1.00000000 -0.00000009 0.00000000
vn 0.00000000 0.00000000 1.00000000
vn 0.00000000 0.00000000 1.00000000
vn -0.90096885 -0.43388376 0.00000000
vn -0.90096885 -0.43388376 0.00000000
vn 0.00000000 0.00000000 1.00000000
vn 0.00000000 0.00000000 1.00000000
vn -0.62348962 -0.78183162 0.00000000
vn -0.62348962 -0.78183162 0.00000000
vn 0.00000000 0.00000000 1.00000000
vn 0.00000000 0.00000000 1.00000000
vn -0.22252055 -0.97492802 0.00000000
vn -0.22252055 -0.97492802 0.00000000
vn 0.00000000 0.00000000 1.00000000
vn 0.00000000 0.00000000 1.00000000
vn 0.22252150 -0.97492778 -0.00000000
vn 0.22252150 -0.97492778 -0.00000000
vn 0.00000000 0.00000000 1.00000000
vn 0.00000000 0.00000000 1.00000000
vn 0.62348968 -0.78183162 -0.00000000
vn 0.62348968 -0.78183162 -0.00000000
vn 0.00000000 0.00000000 1.00000000
vn 0.00000000 0.00000000 1.00000000
vn 0.90096885 -0.43388376 -0.00000000
vn 0.90096885 -0.43388376 -0.00000000
vn 0.00000000 0.00000000 1.00000000
usemtl turret_heavy_mg_rifle
s off
f 1/1/1 16/16/16 17/17/17
f 2/2/2 17/17/17 18/18/18
f 3/3/3 18/18/18 19/19/19
f 4/4/4 19/19/19 20/20/20
f 5/5/5 20/20/20 21/21/21
f 6/6/6 21/21/21 22/22/22
f 7/7/7 22/22/22 23/23/23
f 8/8/8 23/23/23 24/24/24
f 9/9/9 24/24/24 25/25/25
f 10/10/10 25/25/25 26/26/26
f 11/11/11 26/26/26 27/27/27
f 12/12/12 27/27/27 28/28/28
f 13/13/13 28/28/28 29/29/29
f 14/14/14 29/29/29 30/30/30
f 16/16/16 31/31/31 17/17/17
f 17/17/17 31/31/31 32/32/32
f 17/17/17 32/32/32 18/18/18
f 18/18/18 32/32/32 33/33/33
f 18/18/18 33/33/33 19/19/19
f 19/19/19 33/33/33 34/34/34
f 19/19/19 34/34/34 20/20/20
f 20/20/20 34/34/34 35/35/35
f 20/20/20 35/35/35 21/21/21
f 21/21/21 35/35/35 36/36/36
f 21/21/21 36/36/36 22/22/22
f 22/22/22 36/36/36 37/37/37
f 22/22/22 37/37/37 23/23/23
f 23/23/23 37/37/37 38/38/38
f 23/23/23 38/38/38 24/24/24
f 24/24/24 38/38/38 39/39/39
f 24/24/24 39/39/39 25/25/25
f 25/25/25 39/39/39 40/40/40
f 25/25/25 40/40/40 26/26/26
f 26/26/26 40/40/40 41/41/41
f 26/26/26 41/41/41 27/27/27
f 27/27/27 41/41/41 42/42/42
f 27/27/27 42/42/42 28/28/28
f 28/28/28 42/42/42 43/43/43
f 28/28/28 43/43/43 29/29/29
f 29/29/29 43/43/43 44/44/44
f 29/29/29 44/44/44 30/30/30
f 30/30/30 44/44/44 45/45/45
f 31/31/31 46/46/46 32/32/32
f 32/32/32 46/46/46 47/47/47
f 32/32/32 47/47/47 33/33/33
f 33/33/33 47/47/47 48/48/48
f 33/33/33 48/48/48 34/34/34
f 34/34/34 48/48/48 49/49/49
f 34/34/34 49/49/49 35/35/35
f 35/35/35 49/49/49 50/50/50
f 35/35/35 50/50/50 36/36/36
f 36/36/36 50/50/50 51/51/51
f 36/36/36 51/51/51 37/37/37
f 37/37/37 51/51/51 52/52/52
f 37/37/37 52/52/52 38/38/38
f 38/38/38 52/52/52 53/53/53
f 38/38/38 53/53/53 39/39/39
f 39/39/39 53/53/53 54/54/54
f 39/39/39 54/54/54 40/40/40
f 40/40/40 54/54/54 55/55/55
f 40/40/40 55/55/55 41/41/41
f 41/41/41 55/55/55 56/56/56
f 41/41/41 56/56/56 42/42/42
f 42/42/42 56/56/56 57/57/57
f 42/42/42 57/57/57 43/43/43
f 43/43/43 57/57/57 58/58/58
f 43/43/43 58/58/58 44/44/44
f 44/44/44 58/58/58 59/59/59
f 44/44/44 59/59/59 45/45/45
f 45/45/45 59/59/59 60/60/60
f 46/46/46 61/61/61 47/47/47
f 47/47/47 61/61/61 62/62/62
f 47/47/47 62/62/62 48/48/48
f 48/48/48 62/62/62 63/63/63
f 48/48/48 63/63/63 49/49/49
f 49/49/49 63/63/63 64/64/64
f 49/49/49 64/64/64 50/50/50
f 50/50/50 64/64/64 65/65/65
f 50/50/50 65/65/65 51/51/51
f 51/51/51 65/65/65 66/66/66
f 51/51/51 66/66/66 52/52/52
f 52/52/52 66/66/66 67/67/67
f 52/52/52 67/67/67 53/53/53
f 53/53/53 67/67/67 68/68/68
f 53/53/53 68/68/68 54/54/54
f 54/54/54 68/68/68 69/69/69
f 54/54/54 69/69/69 55/55/55
f 55/55/55 69/69/69 70/70/70
f 55/55/55 70/70/70 56/56/56
f 56/56/56 70/70/70 71/71/71
f 56/56/56 71/71/71 57/57/57
f 57/57/57 71/71/71 72/72/72
f 57/57/57 72/72/72 58/58/58
f 58/58/58 72/72/72 73/73/73
f 58/58/58 73/73/73 59/59/59
f 59/59/59 73/73/73 74/74/74
f 59/59/59 74/74/74 60/60/60
f 60/60/60 74/74/74 75/75/75
f 61/61/61 76/76/76 62/62/62
f 62/62/62 76/76/76 77/77/77
f 62/62/62 77/77/77 63/63/63
f 63/63/63 77/77/77 78/78/78
f 63/63/63 78/78/78 64/64/64
f 64/64/64 78/78/78 79/79/79
f 64/64/64 79/79/79 65/65/65
f 65/65/65 79/79/79 80/80/80
f 65/65/65 80/80/80 66/66/66
f 66/66/66 80/80/80 81/81/81
f 66/66/66 81/81/81 67/67/67
f 67/67/67 81/81/81 82/82/82
f 67/67/67 82/82/82 68/68/68
f 68/68/68 82/82/82 83/83/83
f 68/68/68 83/83/83 69/69/69
f 69/69/69 83/83/83 84/84/84
f 69/69/69 84/84/84 70/70/70
f 70/70/70 84/84/84 85/85/85
f 70/70/70 85/85/85 71/71/71
f 71/71/71 85/85/85 86/86/86
f 71/71/71 86/86/86 72/72/72
f 72/72/72 86/86/86 87/87/87
f 72/72/72 87/87/87 73/73/73
f 73/73/73 87/87/87 88/88/88
f 73/73/73 88/88/88 74/74/74
f 74/74/74 88/88/88 89/89/89
f 74/74/74 89/89/89 75/75/75
f 75/75/75 89/89/89 90/90/90
f 76/76/76 91/91/91 77/77/77
f 77/77/77 91/91/91 92/92/92
f 77/77/77 92/92/92 78/78/78
f 78/78/78 92/92/92 93/93/93
f 78/78/78 93/93/93 79/79/79
f 79/79/79 93/93/93 94/94/94
f 79/79/79 94/94/94 80/80/80
f 80/80/80 94/94/94 95/95/95
f 80/80/80 95/95/95 81/81/81
f 81/81/81 95/95/95 96/96/96
f 81/81/81 96/96/96 82/82/82
f 82/82/82 96/96/96 97/97/97
f 82/82/82 97/97/97 83/83/83
f 83/83/83 97/97/97 98/98/98
f 83/83/83 98/98/98 84/84/84
f 84/84/84 98/98/98 99/99/99
f 84/84/84 99/99/99 85/85/85
f 85/85/85 99/99/99 100/100/100
f 85/85/85 100/100/100 86/86/86
f 86/86/86 100/100/100 101/101/101
f 86/86/86 101/101/101 87/87/87
f 87/87/87 101/101/101 102/102/102
f 87/87/87 102/102/102 88/88/88
f 88/88/88 102/102/102 103/103/103
f 88/88/88 103/103/103 89/89/89
f 89/89/89 103/103/103 104/104/104
f 89/89/89 104/104/104 90/90/90
f 90/90/90 104/104/104 105/105/105
f 91/91/91 106/106/106 92/92/92
f 92/92/92 106/106/106 107/107/107
f 92/92/92 107/107/107 93/93/93
f 93/93/93 107/107/107 108/108/108
f 93/93/93 108/108/108 94/94/94
f 94/94/94 108/108/108 109/109/109
f 94/94/94 109/109/109 95/95/95
f 95/95/95 109/109/109 110/110/110
f 95/95/95 110/110/110 96/96/96
f 96/96/96 110/110/110 111/111/111
f 96/96/96 111/111/111 97/97/97
f 97/97/97 111/111/111 112/112/112
f 97/97/97 112/112/112 98/98/98
f 98/98/98 112/112/112 113/113/113
f 98/98/98 113/113/113 99/99/99
f 99/99/99 113/113/113 114/114/114
f 99/99/99 114/114/114 100/100/100
f 100/100/100 114/114/114 115/115/115
f 100/100/100 115/115/115 101/101/101
f 101/101/101 115/115/115 116/116/116
f 101/101/101 116/116/116 102/102/102
f 102/102/102 116/116/116 117/117/117
f 102/102/102 117/117/117 103/103/103
f 103/103/103 117/117/117 118/118/118
f 103/103/103 118/118/118 104/104/104
f 104/104/104 118/118/118 119/119/119
f 104/104/104 119/119/119 105/105/105
f 105/105/105 119/119/119 120/120/120
f 106/106/106 121/121/121 107/107/107
f 107/107/107 121/121/121 122/122/122
f 107/107/107 122/122/122 108/108/108
f 108/108/108 122/122/122 123/123/123
f 108/108/108 123/123/123 109/109/109
f 109/109/109 123/123/123 124/124/124
f 109/109/109 124/124/124 110/110/110
f 110/110/110 124/124/124 125/125/125
f 110/110/110 125/125/125 111/111/111
f 111/111/111 125/125/125 126/126/126
f 111/111/111 126/126/126 112/112/112
f 112/112/112 126/126/126 127/127/127
f 112/112/112 127/127/127 113/113/113
f 113/113/113 127/127/127 128/128/128
f 113/113/113 128/128/128 114/114/114
f 114/114/114 128/128/128 129/129/129
f 114/114/114 129/129/129 115/115/115
f 115/115/115 129/129/129 130/130/130
f 115/115/115 130/130/130 116/116/116
f 116/116/116 130/130/130 131/131/131
f 116/116/116 131/131/131 117/117/117
f 117/117/117 131/131/131 132/132/132
f 117/117/117 132/132/132 118/118/118
f 118/118/118 132/132/132 133/133/133
f 118/118/118 133/133/133 119/119/119
f 119/119/119 133/133/133 134/134/134
f 119/119/119 134/134/134 120/120/120
f 120/120/120 134/134/134 135/135/135
f 121/121/121 136/136/136 122/122/122
f 122/122/122 136/136/136 137/137/137
f 122/122/122 137/137/137 123/123/123
f 123/123/123 137/137/137 138/138/138
f 123/123/123 138/138/138 124/124/124
f 124/124/124 138/138/138 139/139/139
f 124/124/124 139/139/139 125/125/125
f 125/125/125 139/139/139 140/140/140
f 125/125/125 140/140/140 126/126/126
f 126/126/126 140/140/140 141/141/141
f 126/126/126 141/141/141 127/127/127
f 127/127/127 141/141/141 142/142/142
f 127/127/127 142/142/142 128/128/128
f 128/128/128 142/142/142 143/143/143
f 128/128/128 143/143/143 129/129/129
f 129/129/129 143/143/143 144/144/144
f 129/129/129 144/144/144 130/130/130
f 130/130/130 144/144/144 145/145/145
f 130/130/130 145/145/145 131/131/131
f 131/131/131 145/145/145 146/146/146
f 131/131/131 146/146/146 132/132/132
f 132/132/132 146/146/146 147/147/147
f 132/132/132 147/147/147 133/133/133
f 133/133/133 147/147/147 148/148/148
f 133/133/133 148/148/148 134/134/134
f 134/134/134 148/148/148 149/149/149
f 134/134/134 149/149/149 135/135/135
f 135/135/135 149/149/149 150/150/150
f 136/136/136 151/151/151 137/137/137
f 137/137/137 152/152/152 138/138/138
f 138/138/138 153/153/153 139/139/139
f 139/139/139 154/154/154 140/140/140
f 140/140/140 155/155/155 141/141/141
f 141/141/141 156/156/156 142/142/142
f 142/142/142 157/157/157 143/143/143
f 143/143/143 158/158/158 144/144/144
f 144/144/144 159/159/159 145/145/145
f 145/145/145 160/160/160 146/146/146
f 146/146/146 161/161/161 147/147/147
f 147/147/147 162/162/162 148/148/148
f 148/148/148 163/163/163 149/149/149
f 149/149/149 164/164/164 150/150/150
f 166/166/166 167/167/167 168/168/168
f 166/166/166 168/168/168 169/169/169
f 170/170/170 171/171/171 172/172/172
f 170/170/170 172/172/172 173/173/173
f 174/174/174 175/175/175 176/176/176
f 174/174/174 176/176/176 177/177/177
f 178/178/178 179/179/179 180/180/180
f 178/178/178 180/180/180 181/181/181
f 182/182/182 183/183/183 184/184/184
f 182/182/182 184/184/184 185/185/185
f 186/186/186 187/187/187 188/188/188
f 186/186/186 188/188/188 189/189/189
f 190/190/190 191/191/191 192/192/192
f 190/190/190 192/192/192 193/193/193
f 194/194/194 195/195/195 196/196/196
f 194/194/194 196/196/196 197/197/197
f 198/198/198 199/199/199 200/200/200
f 198/198/198 200/200/200 201/201/201
f 202/202/202 203/203/203 204/204/204
f 202/202/202 204/204/204 205/205/205
f 206/206/206 207/207/207 208/208/208
f 206/206/206 208/208/208 209/209/209
f 210/210/210 211/211/211 212/212/212
f 210/210/210 212/212/212 213/213/213
f 214/214/214 216/216/216 217/217/217
f 214/214/214 217/217/217 215/215/215
f 216/216/216 218/218/218 219/219/219
f 216/216/216 219/219/219 217/217/217
f 218/218/218 220/220/220 221/221/221
f 218/218/218 221/221/221 219/219/219
f 220/220/220 222/222/222 223/223/223
f 220/220/220 223/223/223 221/221/221
f 222/222/222 224/224/224 225/225/225
f 222/222/222 225/225/225 223/223/223
f 224/224/224 226/226/226 227/227/227
f 224/224/224 227/227/227 225/225/225
f 226/226/226 228/228/228 229/229/229
f 226/226/226 229/229/229 227/227/227
f 228/228/228 230/230/230 231/231/231
f 228/228/228 231/231/231 229/229/229
f 230/230/230 232/232/232 233/233/233
f 230/230/230 233/233/233 231/231/231
f 232/232/232 234/234/234 235/235/235
f 232/232/232 235/235/235 233/233/233
f 234/234/234 236/236/236 237/237/237
f 234/234/234 237/237/237 235/235/235
f 236/236/236 214/214/214 215/215/215
f 236/236/236 215/215/215 237/237/237
f 238/238/238 215/215/215 217/217/217
f 238/238/238 217/217/217 219/219/219
f 238/238/238 219/219/219 221/221/221
f 238/238/238 221/221/221 223/223/223
f 238/238/238 223/223/223 225/225/225
f 238/238/238 225/225/225 227/227/227
f 238/238/238 227/227/227 229/229/229
f 238/238/238 229/229/229 231/231/231
f 238/238/238 231/231/231 233/233/233
f 238/238/238 233/233/233 235/235/235
f 238/238/238 235/235/235 237/237/237
f 238/238/238 237/237/237 215/215/215
f 239/239/239 241/241/241 242/242/242
f 239/239/239 242/242/242 240/240/240
f 241/241/241 243/243/243 244/244/244
f 241/241/241 244/244/244 242/242/242
f 243/243/243 245/245/245 246/246/246
f 243/243/243 246/246/246 244/244/244
f 245/245/245 247/247/247 248/248/248
f 245/245/245 248/248/248 246/246/246
f 247/247/247 249/249/249 250/250/250
f 247/247/247 250/250/250 248/248/248
f 249/249/249 251/251/251 252/252/252
f 249/249/249 252/252/252 250/250/250
f 251/251/251 253/253/253 254/254/254
f 251/251/251 254/254/254 252/252/252
f 253/253/253 255/255/255 256/256/256
f 253/253/253 256/256/256 254/254/254
f 255/255/255 257/257/257 258/258/258
f 255/255/255 258/258/258 256/256/256
f 257/257/257 259/259/259 260/260/260
f 257/257/257 260/260/260 258/258/258
f 259/259/259 261/261/261 262/262/262
f 259/259/259 262/262/262 260/260/260
f 261/261/261 239/239/239 240/240/240
f 261/261/261 240/240/240 262/262/262
f 263/263/263 240/240/240 242/242/242
f 263/263/263 242/242/242 244/244/244
f 263/263/263 244/244/244 246/246/246
f 263/263/263 246/246/246 248/248/248
f 263/263/263 248/248/248 250/250/250
f 263/263/263 250/250/250 252/252/252
f 263/263/263 252/252/252 254/254/254
f 263/263/263 254/254/254 256/256/256
f 263/263/263 256/256/256 258/258/258
f 263/263/263 258/258/258 260/260/260
f 263/263/263 260/260/260 262/262/262
f 263/263/263 262/262/262 240/240/240
f 264/264/264 266/266/266 267/267/267
f 264/264/264 267/267/267 265/265/265
f 266/266/266 268/268/268 269/269/269
f 266/266/266 269/269/269 267/267/267
f 268/268/268 270/270/270 271/271/271
f 268/268/268 271/271/271 269/269/269
f 270/270/270 272/272/272 273/273/273
f 270/270/270 273/273/273 271/271/271
f 272/272/272 274/274/274 275/275/275
f 272/272/272 275/275/275 273/273/273
f 274/274/274 276/276/276 277/277/277
f 274/274/274 277/277/277 275/275/275
f 276/276/276 278/278/278 279/279/279
f 276/276/276 279/279/279 277/277/277
f 278/278/278 280/280/280 281/281/281
f 278/278/278 281/281/281 279/279/279
f 280/280/280 282/282/282 283/283/283
f 280/280/280 283/283/283 281/281/281
f 282/282/282 264/264/264 265/265/265
f 282/282/282 265/265/265 283/283/283
f 284/284/284 265/265/265 267/267/267
f 284/284/284 267/267/267 269/269/269
f 284/284/284 269/269/269 271/271/271
f 284/284/284 271/271/271 273/273/273
f 284/284/284 273/273/273 275/275/275
f 284/284/284 275/275/275 277/277/277
f 284/284/284 277/277/277 279/279/279
f 284/284/284 279/279/279 281/281/281
f 284/284/284 281/281/281 283/283/283
f 284/284/284 283/283/283 265/265/265
f 285/285/285 287/287/287 288/288/288
f 285/285/285 288/288/288 286/286/286
f 287/287/287 289/289/289 290/290/290
f 287/287/287 290/290/290 288/288/288
f 289/289/289 291/291/291 292/292/292
f 289/289/289 292/292/292 290/290/290
f 291/291/291 293/293/293 294/294/294
f 291/291/291 294/294/294 292/292/292
f 293/293/293 295/295/295 296/296/296
f 293/293/293 296/296/296 294/294/294
f 295/295/295 297/297/297 298/298/298
f 295/295/295 298/298/298 296/296/296
f 297/297/297 299/299/299 300/300/300
f 297/297/297 300/300/300 298/298/298
f 299/299/299 301/301/301 302/302/302
f 299/299/299 302/302/302 300/300/300
f 301/301/301 303/303/303 304/304/304
f 301/301/301 304/304/304 302/302/302
f 303/303/303 285/285/285 286/286/286
f 303/303/303 286/286/286 304/304/304
f 305/305/305 286/286/286 288/288/288
f 305/305/305 288/288/288 290/290/290
f 305/305/305 290/290/290 292/292/292
f 305/305/305 292/292/292 294/294/294
f 305/305/305 294/294/294 296/296/296
f 305/305/305 296/296/296 298/298/298
f 305/305/305 298/298/298 300/300/300
f 305/305/305 300/300/300 302/302/302
f 305/305/305 302/302/302 304/304/304
f 305/305/305 304/304/304 286/286/286
f 306/306/306 307/307/307 308/308/308
f 306/306/306 308/308/308 309/309/309
f 310/310/310 311/311/311 312/312/312
f 310/310/310 312/312/312 313/313/313
f 314/314/314 315/315/315 316/316/316
f 314/314/314 316/316/316 317/317/317
f 318/318/318 319/319/319 320/320/320
f 318/318/318 320/320/320 321/321/321
f 322/322/322 323/323/323 324/324/324
f 322/322/322 324/324/324 325/325/325
f 326/326/326 327/327/327 328/328/328
f 326/326/326 328/328/328 329/329/329
f 330/330/330 331/331/331 332/332/332
f 330/330/330 332/332/332 333/333/333
f 334/334/334 335/335/335 336/336/336
f 334/334/334 336/336/336 337/337/337
f 338/338/338 339/339/339 340/340/340
f 338/338/338 340/340/340 341/341/341
f 342/342/342 343/343/343 344/344/344
f 342/342/342 344/344/344 345/345/345
f 346/346/346 347/347/347 348/348/348
f 346/346/346 348/348/348 349/349/349
f 350/350/350 351/351/351 352/352/352
f 350/350/350 352/352/352 353/353/353
f 354/354/354 355/355/355 356/356/356
f 354/354/354 356/356/356 357/357/357
f 358/358/358 359/359/359 360/360/360
f 358/358/358 360/360/360 361/361/361
f 362/362/362 363/363/363 364/364/364
f 362/362/362 364/364/364 365/365/365
f 366/366/366 367/367/367 368/368/368
f 366/366/366 368/368/368 369/369/369
f 370/370/370 371/371/371 372/372/372
f 370/370/370 372/372/372 373/373/373
f 374/374/374 375/375/375 376/376/376
f 374/374/374 376/376/376 377/377/377
f 378/378/378 379/379/379 380/380/380
f 378/378/378 380/380/380 381/381/381
f 382/382/382 383/383/383 384/384/384
f 382/382/382 384/384/384 385/385/385
f 386/386/386 387/387/387 388/388/388
f 386/386/386 388/388/388 389/389/389
f 390/390/390 391/391/391 392/392/392
f 390/390/390 392/392/392 393/393/393
f 394/394/394 395/395/395 396/396/396
f 394/394/394 396/396/396 397/397/397
f 398/398/398 399/399/399 400/400/400
f 398/398/398 400/400/400 401/401/401
f 402/402/402 404/404/404 405/405/405
f 402/402/402 405/405/405 403/403/403
f 404/404/404 406/406/406 407/407/407
f 404/404/404 407/407/407 405/405/405
f 406/406/406 408/408/408 409/409/409
f 406/406/406 409/409/409 407/407/407
f 408/408/408 410/410/410 411/411/411
f 408/408/408 411/411/411 409/409/409
f 410/410/410 412/412/412 413/413/413
f 410/410/410 413/413/413 411/411/411
f 412/412/412 414/414/414 415/415/415
f 412/412/412 415/415/415 413/413/413
f 414/414/414 416/416/416 417/417/417
f 414/414/414 417/417/417 415/415/415
f 416/416/416 418/418/418 419/419/419
f 416/416/416 419/419/419 417/417/417
f 418/418/418 420/420/420 421/421/421
f 418/418/418 421/421/421 419/419/419
f 420/420/420 402/402/402 403/403/403
f 420/420/420 403/403/403 421/421/421
f 422/422/422 404/404/404 402/402/402
f 422/422/422 406/406/406 404/404/404
f 422/422/422 408/408/408 406/406/406
f 422/422/422 410/410/410 408/408/408
f 422/422/422 412/412/412 410/410/410
f 422/422/422 414/414/414 412/412/412
f 422/422/422 416/416/416 414/414/414
f 422/422/422 418/418/418 416/416/416
f 422/422/422 420/420/420 418/418/418
f 422/422/422 402/402/402 420/420/420
f 423/423/423 425/425/425 426/426/426
f 423/423/423 426/426/426 424/424/424
f 425/425/425 427/427/427 428/428/428
f 425/425/425 428/428/428 426/426/426
f 427/427/427 429/429/429 430/430/430
f 427/427/427 430/430/430 428/428/428
f 429/429/429 431/431/431 432/432/432
f 429/429/429 432/432/432 430/430/430
f 431/431/431 433/433/433 434/434/434
f 431/431/431 434/434/434 432/432/432
f 433/433/433 435/435/435 436/436/436
f 433/433/433 436/436/436 434/434/434
f 435/435/435 437/437/437 438/438/438
f 435/435/435 438/438/438 436/436/436
f 437/437/437 439/439/439 440/440/440
f 437/437/437 440/440/440 438/438/438
f 439/439/439 441/441/441 442/442/442
f 439/439/439 442/442/442 440/440/440
f 441/441/441 423/423/423 424/424/424
f 441/441/441 424/424/424 442/442/442
f 443/443/443 425/425/425 423/423/423
f 443/443/443 427/427/427 425/425/425
f 443/443/443 429/429/429 427/427/427
f 443/443/443 431/431/431 429/429/429
f 443/443/443 433/433/433 431/431/431
f 443/443/443 435/435/435 433/433/433
f 443/443/443 437/437/437 435/435/435
f 443/443/443 439/439/439 437/437/437
f 443/443/443 441/441/441 439/439/439
f 443/443/443 423/423/423 441/441/441
f 444/444/444 445/445/445 446/446/446
f 444/444/444 446/446/446 447/447/447
f 448/448/448 449/449/449 450/450/450
f 448/448/448 450/450/450 451/451/451
f 452/452/452 453/453/453 454/454/454
f 452/452/452 454/454/454 455/455/455
f 456/456/456 457/457/457 458/458/458
f 456/456/456 458/458/458 459/459/459
f 460/460/460 461/461/461 462/462/462
f 460/460/460 462/462/462 463/463/463
f 464/464/464 465/465/465 466/466/466
f 464/464/464 466/466/466 467/467/467
f 468/468/468 470/470/470 471/471/471
f 468/468/468 471/471/471 469/469/469
f 470/470/470 472/472/472 473/473/473
f 470/470/470 473/473/473 471/471/471
f 472/472/472 474/474/474 475/475/475
f 472/472/472 475/475/475 473/473/473
f 474/474/474 476/476/476 477/477/477
f 474/474/474 477/477/477 475/475/475
f 476/476/476 478/478/478 479/479/479
f 476/476/476 479/479/479 477/477/477
f 478/478/478 480/480/480 481/481/481
f 478/478/478 481/481/481 479/479/479
f 480/480/480 482/482/482 483/483/483
f 480/480/480 483/483/483 481/481/481
f 482/482/482 484/484/484 485/485/485
f 482/482/482 485/485/485 483/483/483
f 484/484/484 486/486/486 487/487/487
f 484/484/484 487/487/487 485/485/485
f 486/486/486 488/488/488 489/489/489
f 486/486/486 489/489/489 487/487/487
f 488/488/488 490/490/490 491/491/491
f 488/488/488 491/491/491 489/489/489
f 490/490/490 492/492/492 493/493/493
f 490/490/490 493/493/493 491/491/491
f 492/492/492 494/494/494 495/495/495
f 492/492/492 495/495/495 493/493/493
f 494/494/494 468/468/468 469/469/469
f 494/494/494 469/469/469 495/495/495
f 496/496/496 470/470/470 468/468/468
f 496/496/496 472/472/472 470/470/470
f 496/496/496 474/474/474 472/472/472
f 496/496/496 476/476/476 474/474/474
f 496/496/496 478/478/478 476/476/476
f 496/496/496 480/480/480 478/478/478
f 496/496/496 482/482/482 480/480/480
f 496/496/496 484/484/484 482/482/482
f 496/496/496 486/486/486 484/484/484
f 496/496/496 488/488/488 486/486/486
f 496/496/496 490/490/490 488/488/488
f 496/496/496 492/492/492 490/490/490
f 496/496/496 494/494/494 492/492/492
f 496/496/496 468/468/468 494/494/494
f 497/497/497 469/469/469 471/471/471
f 497/497/497 471/471/471 473/473/473
f 497/497/497 473/473/473 475/475/475
f 497/497/497 475/475/475 477/477/477
f 497/497/497 477/477/477 479/479/479
f 497/497/497 479/479/479 481/481/481
f 497/497/497 481/481/481 483/483/483
f 497/497/497 483/483/483 485/485/485
f 497/497/497 485/485/485 487/487/487
f 497/497/497 487/487/487 489/489/489
f 497/497/497 489/489/489 491/491/491
f 497/497/497 491/491/491 493/493/493
f 497/497/497 493/493/493 495/495/495
f 497/497/497 495/495/495 469/469/469
f 498/498/498 499/499/499 500/500/500
f 498/498/498 500/500/500 501/501/501
f 502/502/502 503/503/503 504/504/504
f 502/502/502 504/504/504 505/505/505
f 506/506/506 507/507/507 508/508/508
f 506/506/506 508/508/508 509/509/509
f 510/510/510 511/511/511 512/512/512
f 510/510/510 512/512/512 513/513/513
f 514/514/514 515/515/515 516/516/516
f 514/514/514 516/516/516 517/517/517
f 518/518/518 519/519/519 520/520/520
f 518/518/518 520/520/520 521/521/521
f 522/522/522 523/523/523 524/524/524
f 522/522/522 524/524/524 525/525/525
f 526/526/526 527/527/527 528/528/528
f 526/526/526 528/528/528 529/529/529
f 530/530/530 531/531/531 532/532/532
f 530/530/530 532/532/532 533/533/533
f 534/534/534 535/535/535 536/536/536
f 534/534/534 536/536/536 537/537/537
f 538/538/538 539/539/539 540/540/540
f 538/538/538 540/540/540 541/541/541
f 542/542/542 543/543/543 544/544/544
f 542/542/542 544/544/544 545/545/545
f 546/546/546 547/547/547 548/548/548
f 546/546/546 548/548/548 549/549/549
f 550/550/550 551/551/551 552/552/552
f 550/550/550 552/552/552 553/553/553
f 554/554/554 555/555/555 556/556/556
f 554/554/554 556/556/556 557/557/557
f 558/558/558 559/559/559 560/560/560
f 558/558/558 560/560/560 561/561/561
f 562/562/562 563/563/563 564/564/564
f 562/562/562 564/564/564 565/565/565
f 566/566/566 567/567/567 568/568/568
f 566/566/566 568/568/568 569/569/569
f 570/570/570 572/572/572 573/573/573
f 570/570/570 573/573/573 571/571/571
f 572/572/572 574/574/574 575/575/575
f 572/572/572 575/575/575 573/573/573
f 574/574/574 576/576/576 577/577/577
f 574/574/574 577/577/577 575/575/575
f 576/576/576 578/578/578 579/579/579
f 576/576/576 579/579/579 577/577/577
f 578/578/578 580/580/580 581/581/581
f 578/578/578 581/581/581 579/579/579
f 580/580/580 582/582/582 583/583/583
f 580/580/580 583/583/583 581/581/581
f 582/582/582 584/584/584 585/585/585
f 582/582/582 585/585/585 583/583/583
f 584/584/584 586/586/586 587/587/587
f 584/584/584 587/587/587 585/585/585
f 586/586/586 588/588/588 589/589/589
f 586/586/586 589/589/589 587/587/587
f 588/588/588 590/590/590 591/591/591
f 588/588/588 591/591/591 589/589/589
f 590/590/590 592/592/592 593/593/593
f 590/590/590 593/593/593 591/591/591
f 592/592/592 594/594/594 595/595/595
f 592/592/592 595/595/595 593/593/593
f 594/594/594 596/596/596 597/597/597
f 594/594/594 597/597/597 595/595/595
f 596/596/596 570/570/570 571/571/571
f 596/596/596 571/571/571 597/597/597
f 598/598/598 571/571/571 573/573/573
f 598/598/598 573/573/573 575/575/575
f 598/598/598 575/575/575 577/577/577
f 598/598/598 577/577/577 579/579/579
f 598/598/598 579/579/579 581/581/581
f 598/598/598 581/581/581 583/583/583
f 598/598/598 583/583/583 585/585/585
f 598/598/598 585/585/585 587/587/587
f 598/598/598 587/587/587 589/589/589
f 598/598/598 589/589/589 591/591/591
f 598/598/598 591/591/591 593/593/593
f 598/598/598 593/593/593 595/595/595
f 598/598/598 595/595/595 597/597/597
f 598/598/598 597/597/597 571/571/571
f 599/599/599 601/601/601 602/602/602
f 599/599/599 602/602/602 600/600/600
f 601/601/601 603/603/603 604/604/604
f 601/601/601 604/604/604 602/602/602
f 603/603/603 605/605/605 606/606/606
f 603/603/603 606/606/606 604/604/604
f 605/605/605 607/607/607 608/608/608
f 605/605/605 608/608/608 606/606/606
f 607/607/607 609/609/609 610/610/610
f 607/607/607 610/610/610 608/608/608
f 609/609/609 611/611/611 612/612/612
f 609/609/609 612/612/612 610/610/610
f 611/611/611 613/613/613 614/614/614
f 611/611/611 614/614/614 612/612/612
f 613/613/613 615/615/615 616/616/616
f 613/613/613 616/616/616 614/614/614
f 615/615/615 617/617/617 618/618/618
f 615/615/615 618/618/618 616/616/616
f 617/617/617 619/619/619 620/620/620
f 617/617/617 620/620/620 618/618/618
f 619/619/619 621/621/621 622/622/622
f 619/619/619 622/622/622 620/620/620
f 621/621/621 623/623/623 624/624/624
f 621/621/621 624/624/624 622/622/622
f 623/623/623 625/625/625 626/626/626
f 623/623/623 626/626/626 624/624/624
f 625/625/625 599/599/599 600/600/600
f 625/625/625 600/600/600 626/626/626
f 627/627/627 600/600/600 602/602/602
f 627/627/627 602/602/602 604/604/604
f 627/627/627 604/604/604 606/606/606
f 627/627/627 606/606/606 608/608/608
f 627/627/627 608/608/608 610/610/610
f 627/627/627 610/610/610 612/612/612
f 627/627/627 612/612/612 614/614/614
f 627/627/627 614/614/614 616/616/616
f 627/627/627 616/616/616 618/618/618
f 627/627/627 618/618/618 620/620/620
f 627/627/627 620/620/620 622/622/622
f 627/627/627 622/622/622 624/624/624
f 627/627/627 624/624/624 626/626/626
f 627/627/627 626/626/626 600/600/600
f 628/628/628 629/629/629 630/630/630
f 628/628/628 630/630/630 631/631/631
f 632/632/632 633/633/633 634/634/634
f 632/632/632 634/634/634 635/635/635
f 636/636/636 637/637/637 638/638/638
f 636/636/636 638/638/638 639/639/639
f 640/640/640 641/641/641 642/642/642
f 640/640/640 642/642/642 643/643/643
f 644/644/644 645/645/645 646/646/646
f 644/644/644 646/646/646 647/647/647
f 648/648/648 649/649/649 650/650/650
f 648/648/648 650/650/650 651/651/651
f 652/652/652 653/653/653 654/654/654
f 652/652/652 654/654/654 655/655/655
f 656/656/656 657/657/657 658/658/658
f 656/656/656 658/658/658 659/659/659
f 660/660/660 661/661/661 662/662/662
f 660/660/660 662/662/662 663/663/663
f 664/664/664 665/665/665 666/666/666
f 664/664/664 666/666/666 667/667/667
f 668/668/668 669/669/669 670/670/670
f 668/668/668 670/670/670 671/671/671
f 672/672/672 673/673/673 674/674/674
f 672/672/672 674/674/674 675/675/675
f 676/676/676 678/678/678 679/679/679
f 676/676/676 679/679/679 677/677/677
f 678/678/678 680/680/680 681/681/681
f 678/678/678 681/681/681 679/679/679
f 680/680/680 682/682/682 683/683/683
f 680/680/680 683/683/683 681/681/681
f 682/682/682 684/684/684 685/685/685
f 682/682/682 685/685/685 683/683/683
f 684/684/684 686/686/686 687/687/687
f 684/684/684 687/687/687 685/685/685
f 686/686/686 688/688/688 689/689/689
f 686/686/686 689/689/689 687/687/687
f 688/688/688 690/690/690 691/691/691
f 688/688/688 691/691/691 689/689/689
f 690/690/690 692/692/692 693/693/693
f 690/690/690 693/693/693 691/691/691
f 692/692/692 694/694/694 695/695/695
f 692/692/692 695/695/695 693/693/693
f 694/694/694 696/696/696 697/697/697
f 694/694/694 697/697/697 695/695/695
f 696/696/696 698/698/698 699/699/699
f 696/696/696 699/699/699 697/697/697
f 698/698/698 700/700/700 701/701/701
f 698/698/698 701/701/701 699/699/699
f 700/700/700 702/702/702 703/703/703
f 700/700/700 703/703/703 701/701/701
f 702/702/702 676/676/676 677/677/677
f 702/702/702 677/677/677 703/703/703
f 704/704/704 706/706/706 707/707/707
f 704/704/704 707/707/707 705/705/705
f 706/706/706 708/708/708 709/709/709
f 706/706/706 709/709/709 707/707/707
f 708/708/708 710/710/710 711/711/711
f 708/708/708 711/711/711 709/709/709
f 710/710/710 712/712/712 713/713/713
f 710/710/710 713/713/713 711/711/711
f 712/712/712 714/714/714 715/715/715
f 712/712/712 715/715/715 713/713/713
f 714/714/714 716/716/716 717/717/717
f 714/714/714 717/717/717 715/715/715
f 716/716/716 718/718/718 719/719/719
f 716/716/716 719/719/719 717/717/717
f 718/718/718 720/720/720 721/721/721
f 718/718/718 721/721/721 719/719/719
f 720/720/720 722/722/722 723/723/723
f 720/720/720 723/723/723 721/721/721
f 722/722/722 724/724/724 725/725/725
f 722/722/722 725/725/725 723/723/723
f 724/724/724 726/726/726 727/727/727
f 724/724/724 727/727/727 725/725/725
f 726/726/726 728/728/728 729/729/729
f 726/726/726 729/729/729 727/727/727
f 728/728/728 730/730/730 731/731/731
f 728/728/728 731/731/731 729/729/729
f 730/730/730 704/704/704 705/705/705
f 730/730/730 705/705/705 731/731/731
f 732/732/732 734/734/734 735/735/735
f 732/732/732 735/735/735 733/733/733
f 734/734/734 736/736/736 737/737/737
f 734/734/734 737/737/737 735/735/735
f 736/736/736 738/738/738 739/739/739
f 736/736/736 739/739/739 737/737/737
f 738/738/738 740/740/740 741/741/741
f 738/738/738 741/741/741 739/739/739
f 740/740/740 742/742/742 743/743/743
f 740/740/740 743/743/743 741/741/741
f 742/742/742 744/744/744 745/745/745
f 742/742/742 745/745/745 743/743/743
f 744/744/744 746/746/746 747/747/747
f 744/744/744 747/747/747 745/745/745
f 746/746/746 748/748/748 749/749/749
f 746/746/746 749/749/749 747/747/747
f 748/748/748 750/750/750 751/751/751
f 748/748/748 751/751/751 749/749/749
f 750/750/750 752/752/752 753/753/753
f 750/750/750 753/753/753 751/751/751
f 752/752/752 754/754/754 755/755/755
f 752/752/752 755/755/755 753/753/753
f 754/754/754 756/756/756 757/757/757
f 754/754/754 757/757/757 755/755/755
f 756/756/756 758/758/758 759/759/759
f 756/756/756 759/759/759 757/757/757
f 758/758/758 732/732/732 733/733/733
f 758/758/758 733/733/733 759/759/759
f 760/760/760 762/762/762 763/763/763
f 760/760/760 763/763/763 761/761/761
f 762/762/762 764/764/764 765/765/765
f 762/762/762 765/765/765 763/763/763
f 764/764/764 766/766/766 767/767/767
f 764/764/764 767/767/767 765/765/765
f 766/766/766 768/768/768 769/769/769
f 766/766/766 769/769/769 767/767/767
f 768/768/768 770/770/770 771/771/771
f 768/768/768 771/771/771 769/769/769
f 770/770/770 772/772/772 773/773/773
f 770/770/770 773/773/773 771/771/771
f 772/772/772 774/774/774 775/775/775
f 772/772/772 775/775/775 773/773/773
f 774/774/774 776/776/776 777/777/777
f 774/774/774 777/777/777 775/775/775
f 776/776/776 778/778/778 779/779/779
f 776/776/776 779/779/779 777/777/777
f 778/778/778 780/780/780 781/781/781
f 778/778/778 781/781/781 779/779/779
f 780/780/780 782/782/782 783/783/783
f 780/780/780 783/783/783 781/781/781
f 782/782/782 784/784/784 785/785/785
f 782/782/782 785/785/785 783/783/783
f 784/784/784 786/786/786 787/787/787
f 784/784/784 787/787/787 785/785/785
f 786/786/786 760/760/760 761/761/761
f 786/786/786 761/761/761 787/787/787
f 788/788/788 792/792/792 793/793/793
f 788/788/788 793/793/793 789/789/789
f 792/792/792 796/796/796 797/797/797
f 792/792/792 797/797/797 793/793/793
f 796/796/796 800/800/800 801/801/801
f 796/796/796 801/801/801 797/797/797
f 800/800/800 804/804/804 805/805/805
f 800/800/800 805/805/805 801/801/801
f 804/804/804 808/808/808 809/809/809
f 804/804/804 809/809/809 805/805/805
f 808/808/808 812/812/812 813/813/813
f 808/808/808 813/813/813 809/809/809
f 812/812/812 816/816/816 817/817/817
f 812/812/812 817/817/817 813/813/813
f 816/816/816 820/820/820 821/821/821
f 816/816/816 821/821/821 817/817/817
f 820/820/820 824/824/824 825/825/825
f 820/820/820 825/825/825 821/821/821
f 824/824/824 828/828/828 829/829/829
f 824/824/824 829/829/829 825/825/825
f 828/828/828 832/832/832 833/833/833
f 828/828/828 833/833/833 829/829/829
f 832/832/832 836/836/836 837/837/837
f 832/832/832 837/837/837 833/833/833
f 836/836/836 840/840/840 841/841/841
f 836/836/836 841/841/841 837/837/837
f 840/840/840 788/788/788 789/789/789
f 840/840/840 789/789/789 841/841/841
f 791/791/791 794/794/794 795/795/795
f 791/791/791 790/790/790 794/794/794
f 795/795/795 798/798/798 799/799/799
f 795/795/795 794/794/794 798/798/798
f 799/799/799 802/802/802 803/803/803
f 799/799/799 798/798/798 802/802/802
f 803/803/803 806/806/806 807/807/807
f 803/803/803 802/802/802 806/806/806
f 807/807/807 810/810/810 811/811/811
f 807/807/807 806/806/806 810/810/810
f 811/811/811 814/814/814 815/815/815
f 811/811/811 810/810/810 814/814/814
f 815/815/815 818/818/818 819/819/819
f 815/815/815 814/814/814 818/818/818
f 819/819/819 822/822/822 823/823/823
f 819/819/819 818/818/818 822/822/822
f 823/823/823 826/826/826 827/827/827
f 823/823/823 822/822/822 826/826/826
f 827/827/827 830/830/830 831/831/831
f 827/827/827 826/826/826 830/830/830
f 831/831/831 834/834/834 835/835/835
f 831/831/831 830/830/830 834/834/834
f 835/835/835 838/838/838 839/839/839
f 835/835/835 834/834/834 838/838/838
f 839/839/839 842/842/842 843/843/843
f 839/839/839 838/838/838 842/842/842
f 843/843/843 790/790/790 791/791/791
f 843/843/843 842/842/842 790/790/790
f 844/844/844 791/791/791 795/795/795
f 844/844/844 795/795/795 799/799/799
f 844/844/844 799/799/799 803/803/803
f 844/844/844 803/803/803 807/807/807
f 844/844/844 807/807/807 811/811/811
f 844/844/844 811/811/811 815/815/815
f 844/844/844 815/815/815 819/819/819
f 844/844/844 819/819/819 823/823/823
f 844/844/844 823/823/823 827/827/827
f 844/844/844 827/827/827 831/831/831
f 844/844/844 831/831/831 835/835/835
f 844/844/844 835/835/835 839/839/839
f 844/844/844 839/839/839 843/843/843
f 844/844/844 843/843/843 791/791/791
