mtllib spaceship_basic.mtl
o spaceship_basic
v -0.02887500 0.00382720 1.95000005
v -0.02646875 0.02262463 1.95000005
v -0.07973962 0.02767108 1.89859724
v -0.08698868 0.00584493 1.89859724
v -0.02887500 -0.01324800 1.95000005
v -0.08698868 -0.01906838 1.89859724
v -0.07973962 -0.03466532 1.89859724
v -0.02646875 -0.02707228 1.95000005
v -0.02406250 0.04110044 1.95000005
v -0.07249057 0.04912380 1.89859724
v -0.07249057 -0.04999541 1.89859724
v -0.02406250 -0.04066003 1.95000005
v -0.02165625 0.05893851 1.95000005
v -0.06524151 0.06983598 1.89859724
v -0.06524151 -0.06479631 1.89859724
v -0.02165625 -0.05377877 1.95000005
v -0.01925000 0.07583359 1.95000005
v -0.05799245 0.08945327 1.89859724
v -0.05799245 -0.07881480 1.89859724
v -0.01925000 -0.06620400 1.95000005
v -0.01684375 0.09149663 1.95000005
v -0.05074339 0.10764000 1.89859724
v -0.05074339 -0.09181103 1.89859724
v -0.01684375 -0.07772315 1.95000005
v -0.01443750 0.10565962 1.95000005
v -0.04349434 0.12408498 1.89859724
v -0.04349434 -0.10356259 1.89859724
v -0.01443750 -0.08813909 1.95000005
v -0.01203125 0.11808023 1.95000005
v -0.03624528 0.13850684 1.89859724
v -0.03624528 -0.11386845 1.89859724
v -0.01203125 -0.09727364 1.95000005
v -0.00962500 0.12854594 1.95000005
v -0.02899623 0.15065883 1.89859724
v -0.02899623 -0.12255224 1.89859724
v -0.00962500 -0.10497048 1.95000005
v -0.00721875 0.13687767 1.95000005
v -0.02174717 0.16033301 1.89859724
v -0.02174717 -0.12946540 1.89859724
v -0.00721875 -0.11109793 1.95000005
v -0.00481250 0.14293288 1.95000005
v -0.01449811 0.16736385 1.89859724
v -0.01449811 -0.13448963 1.89859724
v -0.00481250 -0.11555114 1.95000005
v -0.00240625 0.14660795 1.95000005
v -0.00724906 0.17163107 1.89859724
v -0.00724906 -0.13753897 1.89859724
v -0.00240625 -0.11825392 1.95000005
v 0.00000000 0.14783999 1.95000005
v 0.00000000 0.17306162 1.89859724
v 0.00000000 -0.13856125 1.89859724
v 0.00000000 -0.11916000 1.95000005
v 0.00240625 0.14660795 1.95000005
v 0.00724906 0.17163107 1.89859724
v 0.00724906 -0.13753897 1.89859724
v 0.00240625 -0.11825392 1.95000005
v 0.00481250 0.14293288 1.95000005
v 0.01449811 0.16736385 1.89859724
v 0.01449811 -0.13448963 1.89859724
v 0.00481250 -0.11555114 1.95000005
v 0.00721875 0.13687767 1.95000005
v 0.02174717 0.16033301 1.89859724
v 0.02174717 -0.12946540 1.89859724
v 0.00721875 -0.11109793 1.95000005
v 0.00962500 0.12854594 1.95000005
v 0.02899623 0.15065883 1.89859724
v 0.02899623 -0.12255224 1.89859724
v 0.00962500 -0.10497048 1.95000005
v 0.01203125 0.11808023 1.95000005
v 0.03624528 0.13850684 1.89859724
v 0.03624528 -0.11386845 1.89859724
v 0.01203125 -0.09727364 1.95000005
v 0.01443750 0.10565962 1.95000005
v 0.04349434 0.12408498 1.89859724
v 0.04349434 -0.10356259 1.89859724
v 0.01443750 -0.08813909 1.95000005
v 0.01684375 0.09149663 1.95000005
v 0.05074339 0.10764000 1.89859724
v 0.05074339 -0.09181103 1.89859724
v 0.01684375 -0.07772315 1.95000005
v 0.01925000 0.07583359 1.95000005
v 0.05799245 0.08945327 1.89859724
v 0.05799245 -0.07881480 1.89859724
v 0.01925000 -0.06620400 1.95000005
v 0.02165625 0.05893851 1.95000005
v 0.06524151 0.06983598 1.89859724
v 0.06524151 -0.06479631 1.89859724
v 0.02165625 -0.05377877 1.95000005
v 0.02406250 0.04110044 1.95000005
v 0.07249057 0.04912380 1.89859724
v 0.07249057 -0.04999541 1.89859724
v 0.02406250 -0.04066003 1.95000005
v 0.02646875 0.02262463 1.95000005
v 0.07973962 0.02767108 1.89859724
v 0.07973962 -0.03466532 1.89859724
v 0.02646875 -0.02707228 1.95000005
v 0.02887500 0.00382720 1.95000005
v 0.08698868 0.00584493 1.89859724
v 0.08698868 -0.01906838 1.89859724
v 0.02887500 -0.01324800 1.95000005
v -0.20834687 0.03985430 1.77450001
v -0.22728750 0.01071616 1.77450001
v -0.22728750 -0.03312000 1.77450001
v -0.20834687 -0.05299654 1.77450001
v -0.18940625 0.06849385 1.77450001
v -0.18940625 -0.07253297 1.77450001
v -0.17046562 0.09614484 1.77450001
v -0.17046562 -0.09139505 1.77450001
v -0.15152501 0.12233406 1.77450001
v -0.15152501 -0.10925999 1.77450001
v -0.13258438 0.14661349 1.77450001
v -0.13258438 -0.12582217 1.77450001
v -0.11364375 0.16856772 1.77450001
v -0.11364375 -0.14079823 1.77450001
v -0.09470312 0.18782105 1.77450001
v -0.09470312 -0.15393184 1.77450001
v -0.07576250 0.20404406 1.77450001
v -0.07576250 -0.16499835 1.77450001
v -0.05682188 0.21695916 1.77450001
v -0.05682188 -0.17380838 1.77450001
v -0.03788125 0.22634540 1.77450001
v -0.03788125 -0.18021119 1.77450001
v -0.01894063 0.23204218 1.77450001
v -0.01894063 -0.18409723 1.77450001
v 0.00000000 0.23395199 1.77450001
v 0.00000000 -0.18540001 1.77450001
v 0.01894063 0.23204218 1.77450001
v 0.01894063 -0.18409723 1.77450001
v 0.03788125 0.22634540 1.77450001
v 0.03788125 -0.18021119 1.77450001
v 0.05682188 0.21695916 1.77450001
v 0.05682188 -0.17380838 1.77450001
v 0.07576250 0.20404406 1.77450001
v 0.07576250 -0.16499835 1.77450001
v 0.09470312 0.18782105 1.77450001
v 0.09470312 -0.15393184 1.77450001
v 0.11364375 0.16856772 1.77450001
v 0.11364375 -0.14079823 1.77450001
v 0.13258438 0.14661349 1.77450001
v 0.13258438 -0.12582217 1.77450001
v 0.15152501 0.12233406 1.77450001
v 0.15152501 -0.10925999 1.77450001
v 0.17046562 0.09614484 1.77450001
v 0.17046562 -0.09139505 1.77450001
v 0.18940625 0.06849385 1.77450001
v 0.18940625 -0.07253297 1.77450001
v 0.20834687 0.03985430 1.77450001
v 0.20834687 -0.05299654 1.77450001
v 0.22728750 0.01071616 1.77450001
v 0.22728750 -0.03312000 1.77450001
v -0.33695415 0.05203746 1.65040278
v -0.36758634 0.01558739 1.65040278
v -0.36758634 -0.04717163 1.65040278
v -0.33695415 -0.07132772 1.65040278
v -0.30632195 0.08786391 1.65040278
v -0.30632195 -0.09507053 1.65040278
v -0.27568975 0.12245365 1.65040278
v -0.27568975 -0.11799376 1.65040278
v -0.24505757 0.15521488 1.65040278
v -0.24505757 -0.13970518 1.65040278
v -0.21442536 0.18558706 1.65040278
v -0.21442536 -0.15983336 1.65040278
v -0.18379317 0.21305050 1.65040278
v -0.18379317 -0.17803384 1.65040278
v -0.15316097 0.23713528 1.65040278
v -0.15316097 -0.19399525 1.65040278
v -0.12252878 0.25742933 1.65040278
v -0.12252878 -0.20744446 1.65040278
v -0.09189659 0.27358535 1.65040278
v -0.09189659 -0.21815135 1.65040278
v -0.06126439 0.28532702 1.65040278
v -0.06126439 -0.22593275 1.65040278
v -0.03063220 0.29245335 1.65040278
v -0.03063220 -0.23065549 1.65040278
v 0.00000000 0.29484239 1.65040278
v 0.00000000 -0.23223875 1.65040278
v 0.03063220 0.29245335 1.65040278
v 0.03063220 -0.23065549 1.65040278
v 0.06126439 0.28532702 1.65040278
v 0.06126439 -0.22593275 1.65040278
v 0.09189659 0.27358535 1.65040278
v 0.09189659 -0.21815135 1.65040278
v 0.12252878 0.25742933 1.65040278
v 0.12252878 -0.20744446 1.65040278
v 0.15316097 0.23713528 1.65040278
v 0.15316097 -0.19399525 1.65040278
v 0.18379317 0.21305050 1.65040278
v 0.18379317 -0.17803384 1.65040278
v 0.21442536 0.18558706 1.65040278
v 0.21442536 -0.15983336 1.65040278
v 0.24505757 0.15521488 1.65040278
v 0.24505757 -0.13970518 1.65040278
v 0.27568975 0.12245365 1.65040278
v 0.27568975 -0.11799376 1.65040278
v 0.30632195 0.08786391 1.65040278
v 0.30632195 -0.09507053 1.65040278
v 0.33695415 0.05203746 1.65040278
v 0.33695415 -0.07132772 1.65040278
v 0.36758634 0.01558739 1.65040278
v 0.36758634 -0.04717163 1.65040278
v -0.39022502 0.05708390 1.59899998
v -0.42570001 0.01760512 1.59899998
v -0.42570001 -0.05299200 1.59899998
v -0.39022502 -0.07892076 1.59899998
v -0.35475001 0.09588724 1.59899998
v -0.35475001 -0.10440590 1.59899998
v -0.31927502 0.13335109 1.59899998
v -0.31927502 -0.12901129 1.59899998
v -0.28380001 0.16883455 1.59899998
v -0.28380001 -0.15231600 1.59899998
v -0.24832499 0.20173043 1.59899998
v -0.24832499 -0.17392126 1.59899998
v -0.21285000 0.23147584 1.59899998
v -0.21285000 -0.19345737 1.59899998
v -0.17737500 0.25756186 1.59899998
v -0.17737500 -0.21059006 1.59899998
v -0.14190000 0.27954221 1.59899998
v -0.14190000 -0.22502623 1.59899998
v -0.10642500 0.29704070 1.59899998
v -0.10642500 -0.23651883 1.59899998
v -0.07095000 0.30975798 1.59899998
v -0.07095000 -0.24487126 1.59899998
v -0.03547500 0.31747645 1.59899998
v -0.03547500 -0.24994056 1.59899998
v 0.00000000 0.32006401 1.59899998
v 0.00000000 -0.25164002 1.59899998
v 0.03547500 0.31747645 1.59899998
v 0.03547500 -0.24994056 1.59899998
v 0.07095000 0.30975798 1.59899998
v 0.07095000 -0.24487126 1.59899998
v 0.10642500 0.29704070 1.59899998
v 0.10642500 -0.23651883 1.59899998
v 0.14190000 0.27954221 1.59899998
v 0.14190000 -0.22502623 1.59899998
v 0.17737500 0.25756186 1.59899998
v 0.17737500 -0.21059006 1.59899998
v 0.21285000 0.23147584 1.59899998
v 0.21285000 -0.19345737 1.59899998
v 0.24832499 0.20173043 1.59899998
v 0.24832499 -0.17392126 1.59899998
v 0.28380001 0.16883455 1.59899998
v 0.28380001 -0.15231600 1.59899998
v 0.31927502 0.13335109 1.59899998
v 0.31927502 -0.12901129 1.59899998
v 0.35475001 0.09588724 1.59899998
v 0.35475001 -0.10440590 1.59899998
v 0.39022502 0.05708390 1.59899998
v 0.39022502 -0.07892076 1.59899998
v 0.42570001 0.01760512 1.59899998
v 0.42570001 -0.05299200 1.59899998
v -0.41281807 0.06128927 1.53046298
v -0.45034698 0.01928656 1.53046298
v -0.45034698 -0.05842435 1.53046298
v -0.41281807 -0.08600760 1.53046298
v -0.37528914 0.10257336 1.53046298
v -0.37528914 -0.11311890 1.53046298
v -0.33776024 0.14243235 1.53046298
v -0.33776024 -0.13929436 1.53046298
v -0.30023134 0.18018426 1.53046298
v -0.30023134 -0.16408610 1.53046298
v -0.26270241 0.21518321 1.53046298
v -0.26270241 -0.18706995 1.53046298
v -0.22517349 0.24683028 1.53046298
v -0.22517349 -0.20785263 1.53046298
v -0.18764457 0.27458405 1.53046298
v -0.18764457 -0.22607855 1.53046298
v -0.15011567 0.29796958 1.53046298
v -0.15011567 -0.24143587 1.53046298
v -0.11258674 0.31658679 1.53046298
v -0.11258674 -0.25366181 1.53046298
v -0.07505783 0.33011708 1.53046298
v -0.07505783 -0.26254719 1.53046298
v -0.03752892 0.33832902 1.53046298
v -0.03752892 -0.26793995 1.53046298
v 0.00000000 0.34108201 1.53046298
v 0.00000000 -0.26974785 1.53046298
v 0.03752892 0.33832902 1.53046298
v 0.03752892 -0.26793995 1.53046298
v 0.07505783 0.33011708 1.53046298
v 0.07505783 -0.26254719 1.53046298
v 0.11258674 0.31658679 1.53046298
v 0.11258674 -0.25366181 1.53046298
v 0.15011567 0.29796958 1.53046298
v 0.15011567 -0.24143587 1.53046298
v 0.18764457 0.27458405 1.53046298
v 0.18764457 -0.22607855 1.53046298
v 0.22517349 0.24683028 1.53046298
v 0.22517349 -0.20785263 1.53046298
v 0.26270241 0.21518321 1.53046298
v 0.26270241 -0.18706995 1.53046298
v 0.30023134 0.18018426 1.53046298
v 0.30023134 -0.16408610 1.53046298
v 0.33776024 0.14243235 1.53046298
v 0.33776024 -0.13929436 1.53046298
v 0.37528914 0.10257336 1.53046298
v 0.37528914 -0.11311890 1.53046298
v 0.41281807 0.06128927 1.53046298
v 0.41281807 -0.08600760 1.53046298
v 0.45034698 0.01928656 1.53046298
v 0.45034698 -0.05842435 1.53046298
v -0.46736252 0.07144193 1.36500001
v -0.50985003 0.02334592 1.36500001
v -0.50985003 -0.07153920 1.36500001
v -0.46736252 -0.10311671 1.36500001
v -0.42487502 0.11871507 1.36500001
v -0.42487502 -0.13415396 1.36500001
v -0.38238752 0.16435637 1.36500001
v -0.38238752 -0.16411981 1.36500001
v -0.33990002 0.20758493 1.36500001
v -0.33990002 -0.19250159 1.36500001
v -0.29741251 0.24766114 1.36500001
v -0.29741251 -0.21881369 1.36500001
v -0.25492501 0.28389925 1.36500001
v -0.25492501 -0.24260587 1.36500001
v -0.21243751 0.31567922 1.36500001
v -0.21243751 -0.26347104 1.36500001
v -0.16995001 0.34245726 1.36500001
v -0.16995001 -0.28105220 1.36500001
v -0.12746251 0.36377525 1.36500001
v -0.12746251 -0.29504856 1.36500001
v -0.08497500 0.37926838 1.36500001
v -0.08497500 -0.30522060 1.36500001
v -0.04248750 0.38867161 1.36500001
v -0.04248750 -0.31139430 1.36500001
v 0.00000000 0.39182398 1.36500001
v 0.00000000 -0.31346399 1.36500001
v 0.04248750 0.38867161 1.36500001
v 0.04248750 -0.31139430 1.36500001
v 0.08497500 0.37926838 1.36500001
v 0.08497500 -0.30522060 1.36500001
v 0.12746251 0.36377525 1.36500001
v 0.12746251 -0.29504856 1.36500001
v 0.16995001 0.34245726 1.36500001
v 0.16995001 -0.28105220 1.36500001
v 0.21243751 0.31567922 1.36500001
v 0.21243751 -0.26347104 1.36500001
v 0.25492501 0.28389925 1.36500001
v 0.25492501 -0.24260587 1.36500001
v 0.29741251 0.24766114 1.36500001
v 0.29741251 -0.21881369 1.36500001
v 0.33990002 0.20758493 1.36500001
v 0.33990002 -0.19250159 1.36500001
v 0.38238752 0.16435637 1.36500001
v 0.38238752 -0.16411981 1.36500001
v 0.42487502 0.11871507 1.36500001
v 0.42487502 -0.13415396 1.36500001
v 0.46736252 0.07144193 1.36500001
v 0.46736252 -0.10311671 1.36500001
v 0.50985003 0.02334592 1.36500001
v 0.50985003 -0.07153920 1.36500001
v -0.52190703 0.08159459 1.19953704
v -0.56935310 0.02740528 1.19953704
v -0.56935310 -0.08465405 1.19953704
v -0.52190703 -0.12022583 1.19953704
v -0.47446090 0.13485678 1.19953704
v -0.47446090 -0.15518901 1.19953704
v -0.42701483 0.18628038 1.19953704
v -0.42701483 -0.18894529 1.19953704
v -0.37956876 0.23498560 1.19953704
v -0.37956876 -0.22091711 1.19953704
v -0.33212262 0.28013909 1.19953704
v -0.33212262 -0.25055745 1.19953704
v -0.28467655 0.32096818 1.19953704
v -0.28467655 -0.27735913 1.19953704
v -0.23723045 0.35677436 1.19953704
v -0.23723045 -0.30086356 1.19953704
v -0.18978438 0.38694495 1.19953704
v -0.18978438 -0.32066861 1.19953704
v -0.14233828 0.41096371 1.19953704
v -0.14233828 -0.33643538 1.19953704
v -0.09489219 0.42841968 1.19953704
v -0.09489219 -0.34789407 1.19953704
v -0.04744609 0.43901420 1.19953704
v -0.04744609 -0.35484868 1.19953704
v 0.00000000 0.44256595 1.19953704
v 0.00000000 -0.35718018 1.19953704
v 0.04744609 0.43901420 1.19953704
v 0.04744609 -0.35484868 1.19953704
v 0.09489219 0.42841968 1.19953704
v 0.09489219 -0.34789407 1.19953704
v 0.14233828 0.41096371 1.19953704
v 0.14233828 -0.33643538 1.19953704
v 0.18978438 0.38694495 1.19953704
v 0.18978438 -0.32066861 1.19953704
v 0.23723045 0.35677436 1.19953704
v 0.23723045 -0.30086356 1.19953704
v 0.28467655 0.32096818 1.19953704
v 0.28467655 -0.27735913 1.19953704
v 0.33212262 0.28013909 1.19953704
v 0.33212262 -0.25055745 1.19953704
v 0.37956876 0.23498560 1.19953704
v 0.37956876 -0.22091711 1.19953704
v 0.42701483 0.18628038 1.19953704
v 0.42701483 -0.18894529 1.19953704
v 0.47446090 0.13485678 1.19953704
v 0.47446090 -0.15518901 1.19953704
v 0.52190703 0.08159459 1.19953704
v 0.52190703 -0.12022583 1.19953704
v 0.56935310 0.02740528 1.19953704
v 0.56935310 -0.08465405 1.19953704
v -0.54450005 0.08579996 1.13100004
v -0.59400004 0.02908672 1.13100004
v -0.59400004 -0.09008640 1.13100004
v -0.54450005 -0.12731266 1.13100004
v -0.49500003 0.14154290 1.13100004
v -0.49500003 -0.16390201 1.13100004
v -0.44550002 0.19536163 1.13100004
v -0.44550002 -0.19922833 1.13100004
v -0.39600003 0.24633534 1.13100004
v -0.39600003 -0.23268719 1.13100004
v -0.34650001 0.29359189 1.13100004
v -0.34650001 -0.26370615 1.13100004
v -0.29700002 0.33632267 1.13100004
v -0.29700002 -0.29175439 1.13100004
v -0.24750002 0.37379655 1.13100004
v -0.24750002 -0.31635204 1.13100004
v -0.19800001 0.40537238 1.13100004
v -0.19800001 -0.33707821 1.13100004
v -0.14850001 0.43050984 1.13100004
v -0.14850001 -0.35357833 1.13100004
v -0.09900001 0.44877884 1.13100004
v -0.09900001 -0.36557001 1.13100004
v -0.04950000 0.45986679 1.13100004
v -0.04950000 -0.37284806 1.13100004
v 0.00000000 0.46358398 1.13100004
v 0.00000000 -0.37528801 1.13100004
v 0.04950000 0.45986679 1.13100004
v 0.04950000 -0.37284806 1.13100004
v 0.09900001 0.44877884 1.13100004
v 0.09900001 -0.36557001 1.13100004
v 0.14850001 0.43050984 1.13100004
v 0.14850001 -0.35357833 1.13100004
v 0.19800001 0.40537238 1.13100004
v 0.19800001 -0.33707821 1.13100004
v 0.24750002 0.37379655 1.13100004
v 0.24750002 -0.31635204 1.13100004
v 0.29700002 0.33632267 1.13100004
v 0.29700002 -0.29175439 1.13100004
v 0.34650001 0.29359189 1.13100004
v 0.34650001 -0.26370615 1.13100004
v 0.39600003 0.24633534 1.13100004
v 0.39600003 -0.23268719 1.13100004
v 0.44550002 0.19536163 1.13100004
v 0.44550002 -0.19922833 1.13100004
v 0.49500003 0.14154290 1.13100004
v 0.49500003 -0.16390201 1.13100004
v 0.54450005 0.08579996 1.13100004
v 0.54450005 -0.12731266 1.13100004
v 0.59400004 0.02908672 1.13100004
v 0.59400004 -0.09008640 1.13100004
v -0.56665009 0.08804283 1.05104017
v -0.61816370 0.02998349 1.05104017
v -0.61816370 -0.09396666 1.05104017
v -0.56665009 -0.13237469 1.05104017
v -0.51513642 0.14510882 1.05104017
v -0.51513642 -0.17012559 1.05104017
v -0.46362278 0.20020494 1.05104017
v -0.46362278 -0.20657337 1.05104017
v -0.41210914 0.25238851 1.05104017
v -0.41210914 -0.24109438 1.05104017
v -0.36059549 0.30076671 1.05104017
v -0.36059549 -0.27309805 1.05104017
v -0.30908185 0.34451172 1.05104017
v -0.30908185 -0.30203670 1.05104017
v -0.25756821 0.38287506 1.05104017
v -0.25756821 -0.32741523 1.05104017
v -0.20605457 0.41520032 1.05104017
v -0.20605457 -0.34879938 1.05104017
v -0.15454093 0.44093442 1.05104017
v -0.15454093 -0.36582327 1.05104017
v -0.10302728 0.45963705 1.05104017
v -0.10302728 -0.37819564 1.05104017
v -0.05151364 0.47098818 1.05104017
v -0.05151364 -0.38570476 1.05104017
v 0.00000000 0.47479358 1.05104017
v 0.00000000 -0.38822216 1.05104017
v 0.05151364 0.47098818 1.05104017
v 0.05151364 -0.38570476 1.05104017
v 0.10302728 0.45963705 1.05104017
v 0.10302728 -0.37819564 1.05104017
v 0.15454093 0.44093442 1.05104017
v 0.15454093 -0.36582327 1.05104017
v 0.20605457 0.41520032 1.05104017
v 0.20605457 -0.34879938 1.05104017
v 0.25756821 0.38287506 1.05104017
v 0.25756821 -0.32741523 1.05104017
v 0.30908185 0.34451172 1.05104017
v 0.30908185 -0.30203670 1.05104017
v 0.36059549 0.30076671 1.05104017
v 0.36059549 -0.27309805 1.05104017
v 0.41210914 0.25238851 1.05104017
v 0.41210914 -0.24109438 1.05104017
v 0.46362278 0.20020494 1.05104017
v 0.46362278 -0.20657337 1.05104017
v 0.51513642 0.14510882 1.05104017
v 0.51513642 -0.17012559 1.05104017
v 0.56665009 0.08804283 1.05104017
v 0.56665009 -0.13237469 1.05104017
v 0.61816370 0.02998349 1.05104017
v 0.61816370 -0.09396666 1.05104017
v -0.62012506 0.09345753 0.85800004
v -0.67650002 0.03214848 0.85800004
v -0.67650002 -0.10333440 0.85800004
v -0.62012506 -0.14459544 0.85800004
v -0.56375003 0.15371770 0.85800004
v -0.56375003 -0.18515058 0.85800004
v -0.50737500 0.21189778 0.85800004
v -0.50737500 -0.22430581 0.85800004
v -0.45100003 0.26700222 0.85800004
v -0.45100003 -0.26139116 0.85800004
v -0.39462501 0.31808832 0.85800004
v -0.39462501 -0.29577214 0.85800004
v -0.33825001 0.36428186 0.85800004
v -0.33825001 -0.32686043 0.85800004
v -0.28187501 0.40479252 0.85800004
v -0.28187501 -0.35412413 0.85800004
v -0.22550002 0.43892714 0.85800004
v -0.22550002 -0.37709677 0.85800004
v -0.16912501 0.46610165 0.85800004
v -0.16912501 -0.39538524 0.85800004
v -0.11275001 0.48585114 0.85800004
v -0.11275001 -0.40867665 0.85800004
v -0.05637500 0.49783763 0.85800004
v -0.05637500 -0.41674358 0.85800004
v 0.00000000 0.50185603 0.85800004
v 0.00000000 -0.41944796 0.85800004
v 0.05637500 0.49783763 0.85800004
v 0.05637500 -0.41674358 0.85800004
v 0.11275001 0.48585114 0.85800004
v 0.11275001 -0.40867665 0.85800004
v 0.16912501 0.46610165 0.85800004
v 0.16912501 -0.39538524 0.85800004
v 0.22550002 0.43892714 0.85800004
v 0.22550002 -0.37709677 0.85800004
v 0.28187501 0.40479252 0.85800004
v 0.28187501 -0.35412413 0.85800004
v 0.33825001 0.36428186 0.85800004
v 0.33825001 -0.32686043 0.85800004
v 0.39462501 0.31808832 0.85800004
v 0.39462501 -0.29577214 0.85800004
v 0.45100003 0.26700222 0.85800004
v 0.45100003 -0.26139116 0.85800004
v 0.50737500 0.21189778 0.85800004
v 0.50737500 -0.22430581 0.85800004
v 0.56375003 0.15371770 0.85800004
v 0.56375003 -0.18515058 0.85800004
v 0.62012506 0.09345753 0.85800004
v 0.62012506 -0.14459544 0.85800004
v 0.67650002 0.03214848 0.85800004
v 0.67650002 -0.10333440 0.85800004
v -0.67360002 0.09887227 0.66495991
v -0.73483634 0.03431347 0.66495991
v -0.73483634 -0.11270215 0.66495991
v -0.67360002 -0.15681624 0.66495991
v -0.61236358 0.16232671 0.66495991
v -0.61236358 -0.20017570 0.66495991
v -0.55112725 0.22359057 0.66495991
v -0.55112725 -0.24203831 0.66495991
v -0.48989090 0.28161591 0.66495991
v -0.48989090 -0.28168797 0.66495991
v -0.42865452 0.33540988 0.66495991
v -0.42865452 -0.31844625 0.66495991
v -0.36741817 0.38405195 0.66495991
v -0.36741817 -0.35168421 0.66495991
v -0.30618179 0.42670995 0.66495991
v -0.30618179 -0.38083312 0.66495991
v -0.24494545 0.46265388 0.66495991
v -0.24494545 -0.40539420 0.66495991
v -0.18370908 0.49126881 0.66495991
v -0.18370908 -0.42494726 0.66495991
v -0.12247273 0.51206511 0.66495991
v -0.12247273 -0.43915769 0.66495991
v -0.06123636 0.52468699 0.66495991
v -0.06123636 -0.44778243 0.66495991
v 0.00000000 0.52891839 0.66495991
v 0.00000000 -0.45067382 0.66495991
v 0.06123636 0.52468699 0.66495991
v 0.06123636 -0.44778243 0.66495991
v 0.12247273 0.51206511 0.66495991
v 0.12247273 -0.43915769 0.66495991
v 0.18370908 0.49126881 0.66495991
v 0.18370908 -0.42494726 0.66495991
v 0.24494545 0.46265388 0.66495991
v 0.24494545 -0.40539420 0.66495991
v 0.30618179 0.42670995 0.66495991
v 0.30618179 -0.38083312 0.66495991
v 0.36741817 0.38405195 0.66495991
v 0.36741817 -0.35168421 0.66495991
v 0.42865452 0.33540988 0.66495991
v 0.42865452 -0.31844625 0.66495991
v 0.48989090 0.28161591 0.66495991
v 0.48989090 -0.28168797 0.66495991
v 0.55112725 0.22359057 0.66495991
v 0.55112725 -0.24203831 0.66495991
v 0.61236358 0.16232671 0.66495991
v 0.61236358 -0.20017570 0.66495991
v 0.67360002 0.09887227 0.66495991
v 0.67360002 -0.15681624 0.66495991
v 0.73483634 0.03431347 0.66495991
v 0.73483634 -0.11270215 0.66495991
v -0.69575000 0.10111520 0.58500004
v -0.75900000 0.03521024 0.58500004
v -0.75900000 -0.11658240 0.58500004
v -0.69575000 -0.16187830 0.58500004
v -0.63249999 0.16589259 0.58500004
v -0.63249999 -0.20639923 0.58500004
v -0.56924999 0.22843389 0.58500004
v -0.56924999 -0.24938333 0.58500004
v -0.50600004 0.28766906 0.58500004
v -0.50600004 -0.29009515 0.58500004
v -0.44274998 0.34258470 0.58500004
v -0.44274998 -0.32783818 0.58500004
v -0.37950000 0.39224100 0.58500004
v -0.37950000 -0.36196652 0.58500004
v -0.31625000 0.43578842 0.58500004
v -0.31625000 -0.39189628 0.58500004
v -0.25300002 0.47248185 0.58500004
v -0.25300002 -0.41711536 0.58500004
v -0.18975000 0.50169337 0.58500004
v -0.18975000 -0.43719220 0.58500004
v -0.12650001 0.52292329 0.58500004
v -0.12650001 -0.45178336 0.58500004
v -0.06325001 0.53580838 0.58500004
v -0.06325001 -0.46063912 0.58500004
v 0.00000000 0.54012799 0.58500004
v 0.00000000 -0.46360797 0.58500004
v 0.06325001 0.53580838 0.58500004
v 0.06325001 -0.46063912 0.58500004
v 0.12650001 0.52292329 0.58500004
v 0.12650001 -0.45178336 0.58500004
v 0.18975000 0.50169337 0.58500004
v 0.18975000 -0.43719220 0.58500004
v 0.25300002 0.47248185 0.58500004
v 0.25300002 -0.41711536 0.58500004
v 0.31625000 0.43578842 0.58500004
v 0.31625000 -0.39189628 0.58500004
v 0.37950000 0.39224100 0.58500004
v 0.37950000 -0.36196652 0.58500004
v 0.44274998 0.34258470 0.58500004
v 0.44274998 -0.32783818 0.58500004
v 0.50600004 0.28766906 0.58500004
v 0.50600004 -0.29009515 0.58500004
v 0.56924999 0.22843389 0.58500004
v 0.56924999 -0.24938333 0.58500004
v 0.63249999 0.16589259 0.58500004
v 0.63249999 -0.20639923 0.58500004
v 0.69575000 0.10111520 0.58500004
v 0.69575000 -0.16187830 0.58500004
v 0.75900000 0.03521024 0.58500004
v 0.75900000 -0.11658240 0.58500004
v -0.70461005 0.10223663 0.49932876
v -0.76866549 0.03565862 0.49932876
v -0.76866549 -0.11891054 0.49932876
v -0.70461005 -0.16491552 0.49932876
v -0.64055455 0.16767555 0.49932876
v -0.64055455 -0.21013337 0.49932876
v -0.57649910 0.23085557 0.49932876
v -0.57649910 -0.25379035 0.49932876
v -0.51244366 0.29069570 0.49932876
v -0.51244366 -0.29513949 0.49932876
v -0.44838819 0.34617212 0.49932876
v -0.44838819 -0.33347335 0.49932876
v -0.38433275 0.39633554 0.49932876
v -0.38433275 -0.36813593 0.49932876
v -0.32027727 0.44032767 0.49932876
v -0.32027727 -0.39853424 0.49932876
v -0.25622183 0.47739583 0.49932876
v -0.25622183 -0.42414808 0.49932876
v -0.19216637 0.50690573 0.49932876
v -0.19216637 -0.44453922 0.49932876
v -0.12811092 0.52835244 0.49932876
v -0.12811092 -0.45935878 0.49932876
v -0.06405546 0.54136908 0.49932876
v -0.06405546 -0.46835318 0.49932876
v 0.00000000 0.54573280 0.49932876
v 0.00000000 -0.47136849 0.49932876
v 0.06405546 0.54136908 0.49932876
v 0.06405546 -0.46835318 0.49932876
v 0.12811092 0.52835244 0.49932876
v 0.12811092 -0.45935878 0.49932876
v 0.19216637 0.50690573 0.49932876
v 0.19216637 -0.44453922 0.49932876
v 0.25622183 0.47739583 0.49932876
v 0.25622183 -0.42414808 0.49932876
v 0.32027727 0.44032767 0.49932876
v 0.32027727 -0.39853424 0.49932876
v 0.38433275 0.39633554 0.49932876
v 0.38433275 -0.36813593 0.49932876
v 0.44838819 0.34617212 0.49932876
v 0.44838819 -0.33347335 0.49932876
v 0.51244366 0.29069570 0.49932876
v 0.51244366 -0.29513949 0.49932876
v 0.57649910 0.23085557 0.49932876
v 0.57649910 -0.25379035 0.49932876
v 0.64055455 0.16767555 0.49932876
v 0.64055455 -0.21013337 0.49932876
v 0.70461005 0.10223663 0.49932876
v 0.70461005 -0.16491552 0.49932876
v 0.76866549 0.03565862 0.49932876
v 0.76866549 -0.11891054 0.49932876
v -0.72600001 0.10494401 0.29250002
v -0.79200000 0.03674112 0.29250002
v -0.79200000 -0.12453119 0.29250002
v -0.72600001 -0.17224799 0.29250002
v -0.65999997 0.17198001 0.29250002
v -0.65999997 -0.21914840 0.29250002
v -0.59399998 0.23670197 0.29250002
v -0.59399998 -0.26442981 0.29250002
v -0.52800000 0.29800251 0.29250002
v -0.52800000 -0.30731755 0.29250002
v -0.46199998 0.35483289 0.29250002
v -0.46199998 -0.34707779 0.29250002
v -0.39600000 0.40622056 0.29250002
v -0.39600000 -0.38303018 0.29250002
v -0.32999998 0.45128635 0.29250002
v -0.32999998 -0.41455954 0.29250002
v -0.26400000 0.48925918 0.29250002
v -0.26400000 -0.44112647 0.29250002
v -0.19800000 0.51948929 0.29250002
v -0.19800000 -0.46227634 0.29250002
v -0.13200000 0.54145944 0.29250002
v -0.13200000 -0.47764736 0.29250002
v -0.06600000 0.55479378 0.29250002
v -0.06600000 -0.48697644 0.29250002
v 0.00000000 0.55926400 0.29250002
v 0.00000000 -0.49010396 0.29250002
v 0.06600000 0.55479378 0.29250002
v 0.06600000 -0.48697644 0.29250002
v 0.13200000 0.54145944 0.29250002
v 0.13200000 -0.47764736 0.29250002
v 0.19800000 0.51948929 0.29250002
v 0.19800000 -0.46227634 0.29250002
v 0.26400000 0.48925918 0.29250002
v 0.26400000 -0.44112647 0.29250002
v 0.32999998 0.45128635 0.29250002
v 0.32999998 -0.41455954 0.29250002
v 0.39600000 0.40622056 0.29250002
v 0.39600000 -0.38303018 0.29250002
v 0.46199998 0.35483289 0.29250002
v 0.46199998 -0.34707779 0.29250002
v 0.52800000 0.29800251 0.29250002
v 0.52800000 -0.30731755 0.29250002
v 0.59399998 0.23670197 0.29250002
v 0.59399998 -0.26442981 0.29250002
v 0.65999997 0.17198001 0.29250002
v 0.65999997 -0.21914840 0.29250002
v 0.72600001 0.10494401 0.29250002
v 0.72600001 -0.17224799 0.29250002
v 0.79200000 0.03674112 0.29250002
v 0.79200000 -0.12453119 0.29250002
v -0.74738997 0.10765138 0.08567125
v -0.81533450 0.03782361 0.08567125
v -0.81533450 -0.13015185 0.08567125
v -0.74738997 -0.17958048 0.08567125
v -0.67944539 0.17628448 0.08567125
v -0.67944539 -0.22816342 0.08567125
v -0.61150086 0.24254838 0.08567125
v -0.61150086 -0.27506933 0.08567125
v -0.54355633 0.30530939 0.08567125
v -0.54355633 -0.31949565 0.08567125
v -0.47561178 0.36349368 0.08567125
v -0.47561178 -0.36068225 0.08567125
v -0.40766725 0.41610566 0.08567125
v -0.40766725 -0.39792442 0.08567125
v -0.33972269 0.46224511 0.08567125
v -0.33972269 -0.43058491 0.08567125
v -0.27177817 0.50112259 0.08567125
v -0.27177817 -0.45810497 0.08567125
v -0.20383362 0.53207290 0.08567125
v -0.20383362 -0.48001361 0.08567125
v -0.13588908 0.55456650 0.08567125
v -0.13588908 -0.49593598 0.08567125
v -0.06794454 0.56821847 0.08567125
v -0.06794454 -0.50559974 0.08567125
v 0.00000000 0.57279521 0.08567125
v 0.00000000 -0.50883949 0.08567125
v 0.06794454 0.56821847 0.08567125
v 0.06794454 -0.50559974 0.08567125
v 0.13588908 0.55456650 0.08567125
v 0.13588908 -0.49593598 0.08567125
v 0.20383362 0.53207290 0.08567125
v 0.20383362 -0.48001361 0.08567125
v 0.27177817 0.50112259 0.08567125
v 0.27177817 -0.45810497 0.08567125
v 0.33972269 0.46224511 0.08567125
v 0.33972269 -0.43058491 0.08567125
v 0.40766725 0.41610566 0.08567125
v 0.40766725 -0.39792442 0.08567125
v 0.47561178 0.36349368 0.08567125
v 0.47561178 -0.36068225 0.08567125
v 0.54355633 0.30530939 0.08567125
v 0.54355633 -0.31949565 0.08567125
v 0.61150086 0.24254838 0.08567125
v 0.61150086 -0.27506933 0.08567125
v 0.67944539 0.17628448 0.08567125
v 0.67944539 -0.22816342 0.08567125
v 0.74738997 0.10765138 0.08567125
v 0.74738997 -0.17958048 0.08567125
v 0.81533450 0.03782361 0.08567125
v 0.81533450 -0.13015185 0.08567125
v -0.75625002 0.10877281 0.00000000
v -0.82499999 0.03827200 0.00000000
v -0.82499999 -0.13248001 0.00000000
v -0.75625002 -0.18261771 0.00000000
v -0.68750000 0.17806736 0.00000000
v -0.68750000 -0.23189753 0.00000000
v -0.61874998 0.24497002 0.00000000
v -0.61874998 -0.27947634 0.00000000
v -0.55000001 0.30833596 0.00000000
v -0.55000001 -0.32453999 0.00000000
v -0.48124999 0.36708108 0.00000000
v -0.48124999 -0.36631745 0.00000000
v -0.41249999 0.42020014 0.00000000
v -0.41249999 -0.40409386 0.00000000
v -0.34375000 0.46678433 0.00000000
v -0.34375000 -0.43722290 0.00000000
v -0.27500001 0.50603658 0.00000000
v -0.27500001 -0.46513766 0.00000000
v -0.20625000 0.53728521 0.00000000
v -0.20625000 -0.48736060 0.00000000
v -0.13750000 0.55999559 0.00000000
v -0.13750000 -0.50351143 0.00000000
v -0.06875000 0.57377917 0.00000000
v -0.06875000 -0.51331383 0.00000000
v 0.00000000 0.57840002 0.00000000
v 0.00000000 -0.51660001 0.00000000
v 0.06875000 0.57377917 0.00000000
v 0.06875000 -0.51331383 0.00000000
v 0.13750000 0.55999559 0.00000000
v 0.13750000 -0.50351143 0.00000000
v 0.20625000 0.53728521 0.00000000
v 0.20625000 -0.48736060 0.00000000
v 0.27500001 0.50603658 0.00000000
v 0.27500001 -0.46513766 0.00000000
v 0.34375000 0.46678433 0.00000000
v 0.34375000 -0.43722290 0.00000000
v 0.41249999 0.42020014 0.00000000
v 0.41249999 -0.40409386 0.00000000
v 0.48124999 0.36708108 0.00000000
v 0.48124999 -0.36631745 0.00000000
v 0.55000001 0.30833596 0.00000000
v 0.55000001 -0.32453999 0.00000000
v 0.61874998 0.24497002 0.00000000
v 0.61874998 -0.27947634 0.00000000
v 0.68750000 0.17806736 0.00000000
v 0.68750000 -0.23189753 0.00000000
v 0.75625002 0.10877281 0.00000000
v 0.75625002 -0.18261771 0.00000000
v 0.82499999 0.03827200 0.00000000
v 0.82499999 -0.13248001 0.00000000
v -0.75181997 0.10652995 -0.09709411
v -0.82016724 0.03737523 -0.09709411
v -0.82016724 -0.12976383 -0.09709411
v -0.75181997 -0.17907427 -0.09709411
v -0.68347269 0.17450151 -0.09709411
v -0.68347269 -0.22754107 -0.09709411
v -0.61512542 0.24012671 -0.09709411
v -0.61512542 -0.27433482 -0.09709411
v -0.54677820 0.30228281 -0.09709411
v -0.54677820 -0.31865492 -0.09709411
v -0.47843087 0.35990629 -0.09709411
v -0.47843087 -0.35974306 -0.09709411
v -0.41008362 0.41201115 -0.09709411
v -0.41008362 -0.39689618 -0.09709411
v -0.34173635 0.45770589 -0.09709411
v -0.34173635 -0.42947859 -0.09709411
v -0.27338910 0.49620867 -0.09709411
v -0.27338910 -0.45693284 -0.09709411
v -0.20504181 0.52686065 -0.09709411
v -0.20504181 -0.47878909 -0.09709411
v -0.13669455 0.54913741 -0.09709411
v -0.13669455 -0.49467343 -0.09709411
v -0.06834728 0.56265777 -0.09709411
v -0.06834728 -0.50431406 -0.09709411
v 0.00000000 0.56719041 -0.09709411
v 0.00000000 -0.50754607 -0.09709411
v 0.06834728 0.56265777 -0.09709411
v 0.06834728 -0.50431406 -0.09709411
v 0.13669455 0.54913741 -0.09709411
v 0.13669455 -0.49467343 -0.09709411
v 0.20504181 0.52686065 -0.09709411
v 0.20504181 -0.47878909 -0.09709411
v 0.27338910 0.49620867 -0.09709411
v 0.27338910 -0.45693284 -0.09709411
v 0.34173635 0.45770589 -0.09709411
v 0.34173635 -0.42947859 -0.09709411
v 0.41008362 0.41201115 -0.09709411
v 0.41008362 -0.39689618 -0.09709411
v 0.47843087 0.35990629 -0.09709411
v 0.47843087 -0.35974306 -0.09709411
v 0.54677820 0.30228281 -0.09709411
v 0.54677820 -0.31865492 -0.09709411
v 0.61512542 0.24012671 -0.09709411
v 0.61512542 -0.27433482 -0.09709411
v 0.68347269 0.17450151 -0.09709411
v 0.68347269 -0.22754107 -0.09709411
v 0.75181997 0.10652995 -0.09709411
v 0.75181997 -0.17907427 -0.09709411
v 0.82016724 0.03737523 -0.09709411
v 0.82016724 -0.12976383 -0.09709411
v -0.74112499 0.10111520 -0.33150002
v -0.80849999 0.03521024 -0.33150002
v -0.80849999 -0.12320640 -0.33150002
v -0.74112499 -0.17051971 -0.33150002
v -0.67374998 0.16589259 -0.33150002
v -0.67374998 -0.21702355 -0.33150002
v -0.60637498 0.22843389 -0.33150002
v -0.60637498 -0.26192209 -0.33150002
v -0.53900003 0.28766906 -0.33150002
v -0.53900003 -0.30444717 -0.33150002
v -0.47162497 0.34258467 -0.33150002
v -0.47162497 -0.34387121 -0.33150002
v -0.40425000 0.39224100 -0.33150002
v -0.40425000 -0.37951958 -0.33150002
v -0.33687499 0.43578839 -0.33150002
v -0.33687499 -0.41078237 -0.33150002
v -0.26950002 0.47248185 -0.33150002
v -0.26950002 -0.43712464 -0.33150002
v -0.20212500 0.50169337 -0.33150002
v -0.20212500 -0.45809570 -0.33150002
v -0.13475001 0.52292329 -0.33150002
v -0.13475001 -0.47333670 -0.33150002
v -0.06737500 0.53580838 -0.33150002
v -0.06737500 -0.48258689 -0.33150002
v 0.00000000 0.54012799 -0.33150002
v 0.00000000 -0.48568797 -0.33150002
v 0.06737500 0.53580838 -0.33150002
v 0.06737500 -0.48258689 -0.33150002
v 0.13475001 0.52292329 -0.33150002
v 0.13475001 -0.47333670 -0.33150002
v 0.20212500 0.50169337 -0.33150002
v 0.20212500 -0.45809570 -0.33150002
v 0.26950002 0.47248185 -0.33150002
v 0.26950002 -0.43712464 -0.33150002
v 0.33687499 0.43578839 -0.33150002
v 0.33687499 -0.41078237 -0.33150002
v 0.40425000 0.39224100 -0.33150002
v 0.40425000 -0.37951958 -0.33150002
v 0.47162497 0.34258467 -0.33150002
v 0.47162497 -0.34387121 -0.33150002
v 0.53900003 0.28766906 -0.33150002
v 0.53900003 -0.30444717 -0.33150002
v 0.60637498 0.22843389 -0.33150002
v 0.60637498 -0.26192209 -0.33150002
v 0.67374998 0.16589259 -0.33150002
v 0.67374998 -0.21702355 -0.33150002
v 0.74112499 0.10111520 -0.33150002
v 0.74112499 -0.17051971 -0.33150002
v 0.80849999 0.03521024 -0.33150002
v 0.80849999 -0.12320640 -0.33150002
v -0.73043001 0.09570044 -0.56590593
v -0.79683274 0.03304525 -0.56590593
v -0.79683274 -0.11664898 -0.56590593
v -0.73043001 -0.16196516 -0.56590593
v -0.66402727 0.15728366 -0.56590593
v -0.66402727 -0.20650604 -0.56590593
v -0.59762454 0.21674107 -0.56590593
v -0.59762454 -0.24950939 -0.56590593
v -0.53122187 0.27305537 -0.56590593
v -0.53122187 -0.29023942 -0.56590593
v -0.46481907 0.32526314 -0.56590593
v -0.46481907 -0.32799935 -0.56590593
v -0.39841637 0.37247086 -0.56590593
v -0.39841637 -0.36214298 -0.56590593
v -0.33201364 0.41387099 -0.56590593
v -0.33201364 -0.39208615 -0.56590593
v -0.26561093 0.44875503 -0.56590593
v -0.26561093 -0.41731650 -0.56590593
v -0.19920819 0.47652620 -0.56590593
v -0.19920819 -0.43740234 -0.56590593
v -0.13280547 0.49670929 -0.56590593
v -0.13280547 -0.45200002 -0.56590593
v -0.06640273 0.50895894 -0.56590593
v -0.06640273 -0.46085978 -0.56590593
v 0.00000000 0.51306558 -0.56590593
v 0.00000000 -0.46382993 -0.56590593
v 0.06640273 0.50895894 -0.56590593
v 0.06640273 -0.46085978 -0.56590593
v 0.13280547 0.49670929 -0.56590593
v 0.13280547 -0.45200002 -0.56590593
v 0.19920819 0.47652620 -0.56590593
v 0.19920819 -0.43740234 -0.56590593
v 0.26561093 0.44875503 -0.56590593
v 0.26561093 -0.41731650 -0.56590593
v 0.33201364 0.41387099 -0.56590593
v 0.33201364 -0.39208615 -0.56590593
v 0.39841637 0.37247086 -0.56590593
v 0.39841637 -0.36214298 -0.56590593
v 0.46481907 0.32526314 -0.56590593
v 0.46481907 -0.32799935 -0.56590593
v 0.53122187 0.27305537 -0.56590593
v 0.53122187 -0.29023942 -0.56590593
v 0.59762454 0.21674107 -0.56590593
v 0.59762454 -0.24950939 -0.56590593
v 0.66402727 0.15728366 -0.56590593
v 0.66402727 -0.20650604 -0.56590593
v 0.73043001 0.09570044 -0.56590593
v 0.73043001 -0.16196516 -0.56590593
v 0.79683274 0.03304525 -0.56590593
v 0.79683274 -0.11664898 -0.56590593
v -0.72600001 0.09345758 -0.66300005
v -0.79200000 0.03214848 -0.66300005
v -0.79200000 -0.11393280 -0.66300005
v -0.72600001 -0.15842175 -0.66300005
v -0.65999997 0.15371773 -0.66300005
v -0.65999997 -0.20214953 -0.66300005
v -0.59399998 0.21189775 -0.66300005
v -0.59399998 -0.24436785 -0.66300005
v -0.52800000 0.26700220 -0.66300005
v -0.52800000 -0.28435439 -0.66300005
v -0.46199998 0.31808829 -0.66300005
v -0.46199998 -0.32142499 -0.66300005
v -0.39600000 0.36428183 -0.66300005
v -0.39600000 -0.35494533 -0.66300005
v -0.32999998 0.40479249 -0.66300005
v -0.32999998 -0.38434190 -0.66300005
v -0.26400000 0.43892708 -0.66300005
v -0.26400000 -0.40911168 -0.66300005
v -0.19800000 0.46610162 -0.66300005
v -0.19800000 -0.42883086 -0.66300005
v -0.13200000 0.48585108 -0.66300005
v -0.13200000 -0.44316202 -0.66300005
v -0.06600000 0.49783757 -0.66300005
v -0.06600000 -0.45186007 -0.66300005
v 0.00000000 0.50185597 -0.66300005
v 0.00000000 -0.45477599 -0.66300005
v 0.06600000 0.49783757 -0.66300005
v 0.06600000 -0.45186007 -0.66300005
v 0.13200000 0.48585108 -0.66300005
v 0.13200000 -0.44316202 -0.66300005
v 0.19800000 0.46610162 -0.66300005
v 0.19800000 -0.42883086 -0.66300005
v 0.26400000 0.43892708 -0.66300005
v 0.26400000 -0.40911168 -0.66300005
v 0.32999998 0.40479249 -0.66300005
v 0.32999998 -0.38434190 -0.66300005
v 0.39600000 0.36428183 -0.66300005
v 0.39600000 -0.35494533 -0.66300005
v 0.46199998 0.31808829 -0.66300005
v 0.46199998 -0.32142499 -0.66300005
v 0.52800000 0.26700220 -0.66300005
v 0.52800000 -0.28435439 -0.66300005
v 0.59399998 0.21189775 -0.66300005
v 0.59399998 -0.24436785 -0.66300005
v 0.65999997 0.15371773 -0.66300005
v 0.65999997 -0.20214953 -0.66300005
v 0.72600001 0.09345758 -0.66300005
v 0.72600001 -0.15842175 -0.66300005
v 0.79200000 0.03214848 -0.66300005
v 0.79200000 -0.11393280 -0.66300005
v -0.70606494 0.08925221 -0.74295992
v -0.77025265 0.03046704 -0.74295992
v -0.77025265 -0.10850046 -0.74295992
v -0.70606494 -0.15133491 -0.74295992
v -0.64187717 0.14703162 -0.74295992
v -0.64187717 -0.19343652 -0.74295992
v -0.57768947 0.20281653 -0.74295992
v -0.57768947 -0.23408481 -0.74295992
v -0.51350176 0.25565249 -0.74295992
v -0.51350176 -0.27258429 -0.74295992
v -0.44931403 0.30463549 -0.74295992
v -0.44931403 -0.30827630 -0.74295992
v -0.38512632 0.34892738 -0.74295992
v -0.38512632 -0.34055007 -0.74295992
v -0.32093859 0.38777032 -0.74295992
v -0.32093859 -0.36885339 -0.74295992
v -0.25675088 0.42049971 -0.74295992
v -0.25675088 -0.39270201 -0.74295992
v -0.19256316 0.44655553 -0.74295992
v -0.19256316 -0.41168788 -0.74295992
v -0.12837544 0.46549195 -0.74295992
v -0.12837544 -0.42548612 -0.74295992
v -0.06418772 0.47698501 -0.74295992
v -0.06418772 -0.43386066 -0.74295992
v 0.00000000 0.48083797 -0.74295992
v 0.00000000 -0.43666816 -0.74295992
v 0.06418772 0.47698501 -0.74295992
v 0.06418772 -0.43386066 -0.74295992
v 0.12837544 0.46549195 -0.74295992
v 0.12837544 -0.42548612 -0.74295992
v 0.19256316 0.44655553 -0.74295992
v 0.19256316 -0.41168788 -0.74295992
v 0.25675088 0.42049971 -0.74295992
v 0.25675088 -0.39270201 -0.74295992
v 0.32093859 0.38777032 -0.74295992
v 0.32093859 -0.36885339 -0.74295992
v 0.38512632 0.34892738 -0.74295992
v 0.38512632 -0.34055007 -0.74295992
v 0.44931403 0.30463549 -0.74295992
v 0.44931403 -0.30827630 -0.74295992
v 0.51350176 0.25565249 -0.74295992
v 0.51350176 -0.27258429 -0.74295992
v 0.57768947 0.20281653 -0.74295992
v 0.57768947 -0.23408481 -0.74295992
v 0.64187717 0.14703162 -0.74295992
v 0.64187717 -0.19343652 -0.74295992
v 0.70606494 0.08925221 -0.74295992
v 0.70606494 -0.15133491 -0.74295992
v 0.77025265 0.03046704 -0.74295992
v 0.77025265 -0.10850046 -0.74295992
v -0.65793747 0.07909955 -0.93599999
v -0.71774995 0.02640768 -0.93599999
v -0.71774995 -0.09538560 -0.93599999
v -0.65793747 -0.13422579 -0.93599999
v -0.59812492 0.13088997 -0.93599999
v -0.59812492 -0.17240149 -0.93599999
v -0.53831244 0.18089254 -0.93599999
v -0.53831244 -0.20925935 -0.93599999
v -0.47849998 0.22825181 -0.93599999
v -0.47849998 -0.24416876 -0.93599999
v -0.41868746 0.27215755 -0.93599999
v -0.41868746 -0.27653253 -0.93599999
v -0.35887498 0.31185842 -0.93599999
v -0.35887498 -0.30579677 -0.93599999
v -0.29906246 0.34667519 -0.93599999
v -0.29906246 -0.33146086 -0.93599999
v -0.23924999 0.37601203 -0.93599999
v -0.23924999 -0.35308564 -0.93599999
v -0.17943749 0.39936703 -0.93599999
v -0.17943749 -0.37030107 -0.93599999
v -0.11962499 0.41634065 -0.93599999
v -0.11962499 -0.38281262 -0.93599999
v -0.05981250 0.42664239 -0.93599999
v -0.05981250 -0.39040625 -0.93599999
v 0.00000000 0.43009600 -0.93599999
v 0.00000000 -0.39295197 -0.93599999
v 0.05981250 0.42664239 -0.93599999
v 0.05981250 -0.39040625 -0.93599999
v 0.11962499 0.41634065 -0.93599999
v 0.11962499 -0.38281262 -0.93599999
v 0.17943749 0.39936703 -0.93599999
v 0.17943749 -0.37030107 -0.93599999
v 0.23924999 0.37601203 -0.93599999
v 0.23924999 -0.35308564 -0.93599999
v 0.29906246 0.34667519 -0.93599999
v 0.29906246 -0.33146086 -0.93599999
v 0.35887498 0.31185842 -0.93599999
v 0.35887498 -0.30579677 -0.93599999
v 0.41868746 0.27215755 -0.93599999
v 0.41868746 -0.27653253 -0.93599999
v 0.47849998 0.22825181 -0.93599999
v 0.47849998 -0.24416876 -0.93599999
v 0.53831244 0.18089254 -0.93599999
v 0.53831244 -0.20925935 -0.93599999
v 0.59812492 0.13088997 -0.93599999
v 0.59812492 -0.17240149 -0.93599999
v 0.65793747 0.07909955 -0.93599999
v 0.65793747 -0.13422579 -0.93599999
v 0.71774995 0.02640768 -0.93599999
v 0.71774995 -0.09538560 -0.93599999
v -0.60981005 0.06894689 -1.12904012
v -0.66524732 0.02234832 -1.12904012
v -0.66524732 -0.08227075 -1.12904012
v -0.60981005 -0.11711667 -1.12904012
v -0.55437273 0.11474825 -1.12904012
v -0.55437273 -0.15136644 -1.12904012
v -0.49893549 0.15896848 -1.12904012
v -0.49893549 -0.18443386 -1.12904012
v -0.44349822 0.20085114 -1.12904012
v -0.44349822 -0.21575329 -1.12904012
v -0.38806093 0.23967960 -1.12904012
v -0.38806093 -0.24478880 -1.12904012
v -0.33262366 0.27478945 -1.12904012
v -0.33262366 -0.27104357 -1.12904012
v -0.27718636 0.30557999 -1.12904012
v -0.27718636 -0.29406840 -1.12904012
v -0.22174911 0.33152431 -1.12904012
v -0.22174911 -0.31346929 -1.12904012
v -0.16631183 0.35217854 -1.12904012
v -0.16631183 -0.32891431 -1.12904012
v -0.11087456 0.36718932 -1.12904012
v -0.11087456 -0.34013921 -1.12904012
v -0.05543728 0.37629977 -1.12904012
v -0.05543728 -0.34695190 -1.12904012
v 0.00000000 0.37935400 -1.12904012
v 0.00000000 -0.34923583 -1.12904012
v 0.05543728 0.37629977 -1.12904012
v 0.05543728 -0.34695190 -1.12904012
v 0.11087456 0.36718932 -1.12904012
v 0.11087456 -0.34013921 -1.12904012
v 0.16631183 0.35217854 -1.12904012
v 0.16631183 -0.32891431 -1.12904012
v 0.22174911 0.33152431 -1.12904012
v 0.22174911 -0.31346929 -1.12904012
v 0.27718636 0.30557999 -1.12904012
v 0.27718636 -0.29406840 -1.12904012
v 0.33262366 0.27478945 -1.12904012
v 0.33262366 -0.27104357 -1.12904012
v 0.38806093 0.23967960 -1.12904012
v 0.38806093 -0.24478880 -1.12904012
v 0.44349822 0.20085114 -1.12904012
v 0.44349822 -0.21575329 -1.12904012
v 0.49893549 0.15896848 -1.12904012
v 0.49893549 -0.18443386 -1.12904012
v 0.55437273 0.11474825 -1.12904012
v 0.55437273 -0.15136644 -1.12904012
v 0.60981005 0.06894689 -1.12904012
v 0.60981005 -0.11711667 -1.12904012
v 0.66524732 0.02234832 -1.12904012
v 0.66524732 -0.08227075 -1.12904012
v -0.58987498 0.06474152 -1.20899999
v -0.64349997 0.02066688 -1.20899999
v -0.64349997 -0.07683840 -1.20899999
v -0.58987498 -0.11002983 -1.20899999
v -0.53624994 0.10806213 -1.20899999
v -0.53624994 -0.14265344 -1.20899999
v -0.48262498 0.14988726 -1.20899999
v -0.48262498 -0.17415081 -1.20899999
v -0.42899999 0.18950143 -1.20899999
v -0.42899999 -0.20398319 -1.20899999
v -0.37537497 0.22622682 -1.20899999
v -0.37537497 -0.23164010 -1.20899999
v -0.32174999 0.25943500 -1.20899999
v -0.32174999 -0.25664830 -1.20899999
v -0.26812497 0.28855783 -1.20899999
v -0.26812497 -0.27857992 -1.20899999
v -0.21450000 0.31309691 -1.20899999
v -0.21450000 -0.29705966 -1.20899999
v -0.16087499 0.33263245 -1.20899999
v -0.16087499 -0.31177133 -1.20899999
v -0.10725000 0.34683019 -1.20899999
v -0.10725000 -0.32246327 -1.20899999
v -0.05362500 0.35544720 -1.20899999
v -0.05362500 -0.32895252 -1.20899999
v 0.00000000 0.35833600 -1.20899999
v 0.00000000 -0.33112800 -1.20899999
v 0.05362500 0.35544720 -1.20899999
v 0.05362500 -0.32895252 -1.20899999
v 0.10725000 0.34683019 -1.20899999
v 0.10725000 -0.32246327 -1.20899999
v 0.16087499 0.33263245 -1.20899999
v 0.16087499 -0.31177133 -1.20899999
v 0.21450000 0.31309691 -1.20899999
v 0.21450000 -0.29705966 -1.20899999
v 0.26812497 0.28855783 -1.20899999
v 0.26812497 -0.27857992 -1.20899999
v 0.32174999 0.25943500 -1.20899999
v 0.32174999 -0.25664830 -1.20899999
v 0.37537497 0.22622682 -1.20899999
v 0.37537497 -0.23164010 -1.20899999
v 0.42899999 0.18950143 -1.20899999
v 0.42899999 -0.20398319 -1.20899999
v 0.48262498 0.14988726 -1.20899999
v 0.48262498 -0.17415081 -1.20899999
v 0.53624994 0.10806213 -1.20899999
v 0.53624994 -0.14265344 -1.20899999
v 0.58987498 0.06474152 -1.20899999
v 0.58987498 -0.11002983 -1.20899999
v 0.64349997 0.02066688 -1.20899999
v 0.64349997 -0.07683840 -1.20899999
v -0.56550997 0.06137719 -1.27182555
v -0.61691993 0.01932173 -1.27182555
v -0.61691993 -0.07218210 -1.27182555
v -0.56550997 -0.10395539 -1.27182555
v -0.51409996 0.10271315 -1.27182555
v -0.51409996 -0.13518509 -1.27182555
v -0.46268994 0.14262228 -1.27182555
v -0.46268994 -0.16533679 -1.27182555
v -0.41127998 0.18042164 -1.27182555
v -0.41127998 -0.19389455 -1.27182555
v -0.35986996 0.21546456 -1.27182555
v -0.35986996 -0.22036980 -1.27182555
v -0.30845997 0.24715142 -1.27182555
v -0.30845997 -0.24430950 -1.27182555
v -0.25704998 0.27494007 -1.27182555
v -0.25704998 -0.26530406 -1.27182555
v -0.20563999 0.29835498 -1.27182555
v -0.20563999 -0.28299427 -1.27182555
v -0.15422998 0.31699559 -1.27182555
v -0.15422998 -0.29707739 -1.27182555
v -0.10281999 0.33054289 -1.27182555
v -0.10281999 -0.30731249 -1.27182555
v -0.05141000 0.33876514 -1.27182555
v -0.05141000 -0.31352448 -1.27182555
v 0.00000000 0.34152159 -1.27182555
v 0.00000000 -0.31560701 -1.27182555
v 0.05141000 0.33876514 -1.27182555
v 0.05141000 -0.31352448 -1.27182555
v 0.10281999 0.33054289 -1.27182555
v 0.10281999 -0.30731249 -1.27182555
v 0.15422998 0.31699559 -1.27182555
v 0.15422998 -0.29707739 -1.27182555
v 0.20563999 0.29835498 -1.27182555
v 0.20563999 -0.28299427 -1.27182555
v 0.25704998 0.27494007 -1.27182555
v 0.25704998 -0.26530406 -1.27182555
v 0.30845997 0.24715142 -1.27182555
v 0.30845997 -0.24430950 -1.27182555
v 0.35986996 0.21546456 -1.27182555
v 0.35986996 -0.22036980 -1.27182555
v 0.41127998 0.18042164 -1.27182555
v 0.41127998 -0.19389455 -1.27182555
v 0.46268994 0.14262228 -1.27182555
v 0.46268994 -0.16533679 -1.27182555
v 0.51409996 0.10271315 -1.27182555
v 0.51409996 -0.13518509 -1.27182555
v 0.56550997 0.06137719 -1.27182555
v 0.56550997 -0.10395539 -1.27182555
v 0.61691993 0.01932173 -1.27182555
v 0.61691993 -0.07218210 -1.27182555
v -0.50668752 0.05325506 -1.42350006
v -0.55274999 0.01607424 -1.42350006
v -0.55274999 -0.06094080 -1.42350006
v -0.50668752 -0.08929043 -1.42350006
v -0.46062499 0.08979983 -1.42350006
v -0.46062499 -0.11715507 -1.42350006
v -0.41456249 0.12508306 -1.42350006
v -0.41456249 -0.14405781 -1.42350006
v -0.36849999 0.15850110 -1.42350006
v -0.36849999 -0.16953841 -1.42350006
v -0.32243749 0.18948223 -1.42350006
v -0.32243749 -0.19316088 -1.42350006
v -0.27637500 0.21749626 -1.42350006
v -0.27637500 -0.21452101 -1.42350006
v -0.23031250 0.24206391 -1.42350006
v -0.23031250 -0.23325334 -1.42350006
v -0.18425000 0.26276481 -1.42350006
v -0.18425000 -0.24903737 -1.42350006
v -0.13818750 0.27924478 -1.42350006
v -0.13818750 -0.26160300 -1.42350006
v -0.09212500 0.29122183 -1.42350006
v -0.09212500 -0.27073526 -1.42350006
v -0.04606250 0.29849103 -1.42350006
v -0.04606250 -0.27627790 -1.42350006
v 0.00000000 0.30092800 -1.42350006
v 0.00000000 -0.27813601 -1.42350006
v 0.04606250 0.29849103 -1.42350006
v 0.04606250 -0.27627790 -1.42350006
v 0.09212500 0.29122183 -1.42350006
v 0.09212500 -0.27073526 -1.42350006
v 0.13818750 0.27924478 -1.42350006
v 0.13818750 -0.26160300 -1.42350006
v 0.18425000 0.26276481 -1.42350006
v 0.18425000 -0.24903737 -1.42350006
v 0.23031250 0.24206391 -1.42350006
v 0.23031250 -0.23325334 -1.42350006
v 0.27637500 0.21749626 -1.42350006
v 0.27637500 -0.21452101 -1.42350006
v 0.32243749 0.18948223 -1.42350006
v 0.32243749 -0.19316088 -1.42350006
v 0.36849999 0.15850110 -1.42350006
v 0.36849999 -0.16953841 -1.42350006
v 0.41456249 0.12508306 -1.42350006
v 0.41456249 -0.14405781 -1.42350006
v 0.46062499 0.08979983 -1.42350006
v 0.46062499 -0.11715507 -1.42350006
v 0.50668752 0.05325506 -1.42350006
v 0.50668752 -0.08929043 -1.42350006
v 0.55274999 0.01607424 -1.42350006
v 0.55274999 -0.06094080 -1.42350006
v -0.44786504 0.04513299 -1.57517445
v -0.48858005 0.01282675 -1.57517445
v -0.48858005 -0.04969950 -1.57517445
v -0.44786504 -0.07462551 -1.57517445
v -0.40715003 0.07688645 -1.57517445
v -0.40715003 -0.09912501 -1.57517445
v -0.36643505 0.10754380 -1.57517445
v -0.36643505 -0.12277880 -1.57517445
v -0.32572004 0.13658057 -1.57517445
v -0.32572004 -0.14518224 -1.57517445
v -0.28500503 0.16349983 -1.57517445
v -0.28500503 -0.16595189 -1.57517445
v -0.24429002 0.18784109 -1.57517445
v -0.24429002 -0.18473250 -1.57517445
v -0.20357502 0.20918778 -1.57517445
v -0.20357502 -0.20120260 -1.57517445
v -0.16286002 0.22717465 -1.57517445
v -0.16286002 -0.21508045 -1.57517445
v -0.12214501 0.24149400 -1.57517445
v -0.12214501 -0.22612861 -1.57517445
v -0.08143001 0.25190076 -1.57517445
v -0.08143001 -0.23415799 -1.57517445
v -0.04071501 0.25821695 -1.57517445
v -0.04071501 -0.23903126 -1.57517445
v 0.00000000 0.26033440 -1.57517445
v 0.00000000 -0.24066499 -1.57517445
v 0.04071501 0.25821695 -1.57517445
v 0.04071501 -0.23903126 -1.57517445
v 0.08143001 0.25190076 -1.57517445
v 0.08143001 -0.23415799 -1.57517445
v 0.12214501 0.24149400 -1.57517445
v 0.12214501 -0.22612861 -1.57517445
v 0.16286002 0.22717465 -1.57517445
v 0.16286002 -0.21508045 -1.57517445
v 0.20357502 0.20918778 -1.57517445
v 0.20357502 -0.20120260 -1.57517445
v 0.24429002 0.18784109 -1.57517445
v 0.24429002 -0.18473250 -1.57517445
v 0.28500503 0.16349983 -1.57517445
v 0.28500503 -0.16595189 -1.57517445
v 0.32572004 0.13658057 -1.57517445
v 0.32572004 -0.14518224 -1.57517445
v 0.36643505 0.10754380 -1.57517445
v 0.36643505 -0.12277880 -1.57517445
v 0.40715003 0.07688645 -1.57517445
v 0.40715003 -0.09912501 -1.57517445
v 0.44786504 0.04513299 -1.57517445
v 0.44786504 -0.07462551 -1.57517445
v 0.48858005 0.01282675 -1.57517445
v 0.48858005 -0.04969950 -1.57517445
v -0.42350000 0.04176867 -1.63800001
v -0.46199998 0.01148160 -1.63800001
v -0.46199998 -0.04504320 -1.63800001
v -0.42350000 -0.06855106 -1.63800001
v -0.38499999 0.07153753 -1.63800001
v -0.38499999 -0.09165670 -1.63800001
v -0.34649998 0.10027885 -1.63800001
v -0.34649998 -0.11396479 -1.63800001
v -0.30800000 0.12750079 -1.63800001
v -0.30800000 -0.13509360 -1.63800001
v -0.26949999 0.15273762 -1.63800001
v -0.26949999 -0.15468162 -1.63800001
v -0.23099999 0.17555752 -1.63800001
v -0.23099999 -0.17239369 -1.63800001
v -0.19250000 0.19557002 -1.63800001
v -0.19250000 -0.18792677 -1.63800001
v -0.15400000 0.21243274 -1.63800001
v -0.15400000 -0.20101507 -1.63800001
v -0.11550000 0.22585711 -1.63800001
v -0.11550000 -0.21143463 -1.63800001
v -0.07700000 0.23561347 -1.63800001
v -0.07700000 -0.21900721 -1.63800001
v -0.03850000 0.24153487 -1.63800001
v -0.03850000 -0.22360322 -1.63800001
v 0.00000000 0.24351999 -1.63800001
v 0.00000000 -0.22514400 -1.63800001
v 0.03850000 0.24153487 -1.63800001
v 0.03850000 -0.22360322 -1.63800001
v 0.07700000 0.23561347 -1.63800001
v 0.07700000 -0.21900721 -1.63800001
v 0.11550000 0.22585711 -1.63800001
v 0.11550000 -0.21143463 -1.63800001
v 0.15400000 0.21243274 -1.63800001
v 0.15400000 -0.20101507 -1.63800001
v 0.19250000 0.19557002 -1.63800001
v 0.19250000 -0.18792677 -1.63800001
v 0.23099999 0.17555752 -1.63800001
v 0.23099999 -0.17239369 -1.63800001
v 0.26949999 0.15273762 -1.63800001
v 0.26949999 -0.15468162 -1.63800001
v 0.30800000 0.12750079 -1.63800001
v 0.30800000 -0.13509360 -1.63800001
v 0.34649998 0.10027885 -1.63800001
v 0.34649998 -0.11396479 -1.63800001
v 0.38499999 0.07153753 -1.63800001
v 0.38499999 -0.09165670 -1.63800001
v 0.42350000 0.04176867 -1.63800001
v 0.42350000 -0.06855106 -1.63800001
v 0.46199998 0.01148160 -1.63800001
v 0.46199998 -0.04504320 -1.63800001
v -0.41091877 0.03924543 -1.68369138
v -0.44827500 0.01047274 -1.68369138
v -0.44827500 -0.04155098 -1.68369138
v -0.41091877 -0.06399523 -1.68369138
v -0.37356248 0.06752590 -1.68369138
v -0.37356248 -0.08605551 -1.68369138
v -0.33620626 0.09483012 -1.68369138
v -0.33620626 -0.10735427 -1.68369138
v -0.29885000 0.12069096 -1.68369138
v -0.29885000 -0.12752712 -1.68369138
v -0.26149374 0.14466596 -1.68369138
v -0.26149374 -0.14622889 -1.68369138
v -0.22413750 0.16634485 -1.68369138
v -0.22413750 -0.16313960 -1.68369138
v -0.18678124 0.18535674 -1.68369138
v -0.18678124 -0.17796989 -1.68369138
v -0.14942500 0.20137630 -1.68369138
v -0.14942500 -0.19046602 -1.68369138
v -0.11206875 0.21412946 -1.68369138
v -0.11206875 -0.20041417 -1.68369138
v -0.07471250 0.22339800 -1.68369138
v -0.07471250 -0.20764412 -1.68369138
v -0.03735625 0.22902334 -1.68369138
v -0.03735625 -0.21203218 -1.68369138
v 0.00000000 0.23090920 -1.68369138
v 0.00000000 -0.21350326 -1.68369138
v 0.03735625 0.22902334 -1.68369138
v 0.03735625 -0.21203218 -1.68369138
v 0.07471250 0.22339800 -1.68369138
v 0.07471250 -0.20764412 -1.68369138
v 0.11206875 0.21412946 -1.68369138
v 0.11206875 -0.20041417 -1.68369138
v 0.14942500 0.20137630 -1.68369138
v 0.14942500 -0.19046602 -1.68369138
v 0.18678124 0.18535674 -1.68369138
v 0.18678124 -0.17796989 -1.68369138
v 0.22413750 0.16634485 -1.68369138
v 0.22413750 -0.16313960 -1.68369138
v 0.26149374 0.14466596 -1.68369138
v 0.26149374 -0.14622889 -1.68369138
v 0.29885000 0.12069096 -1.68369138
v 0.29885000 -0.12752712 -1.68369138
v 0.33620626 0.09483012 -1.68369138
v 0.33620626 -0.10735427 -1.68369138
v 0.37356248 0.06752590 -1.68369138
v 0.37356248 -0.08605551 -1.68369138
v 0.41091877 0.03924543 -1.68369138
v 0.41091877 -0.06399523 -1.68369138
v 0.44827500 0.01047274 -1.68369138
v 0.44827500 -0.04155098 -1.68369138
v -0.38054502 0.03315385 -1.79400003
v -0.41514000 0.00803712 -1.79400003
v -0.41514000 -0.03312000 -1.79400003
v -0.38054502 -0.05299652 -1.79400003
v -0.34595001 0.05784085 -1.79400003
v -0.34595001 -0.07253295 -1.79400003
v -0.31135499 0.08167570 -1.79400003
v -0.31135499 -0.09139504 -1.79400003
v -0.27676001 0.10425056 -1.79400003
v -0.27676001 -0.10925999 -1.79400003
v -0.24216500 0.12517919 -1.79400003
v -0.24216500 -0.12582219 -1.79400003
v -0.20757000 0.14410348 -1.79400003
v -0.20757000 -0.14079821 -1.79400003
v -0.17297500 0.16069964 -1.79400003
v -0.17297500 -0.15393184 -1.79400003
v -0.13838001 0.17468369 -1.79400003
v -0.13838001 -0.16499835 -1.79400003
v -0.10378500 0.18581638 -1.79400003
v -0.10378500 -0.17380837 -1.79400003
v -0.06919000 0.19390722 -1.79400003
v -0.06919000 -0.18021119 -1.79400003
v -0.03459500 0.19881777 -1.79400003
v -0.03459500 -0.18409723 -1.79400003
v 0.00000000 0.20046401 -1.79400003
v 0.00000000 -0.18540001 -1.79400003
v 0.03459500 0.19881777 -1.79400003
v 0.03459500 -0.18409723 -1.79400003
v 0.06919000 0.19390722 -1.79400003
v 0.06919000 -0.18021119 -1.79400003
v 0.10378500 0.18581638 -1.79400003
v 0.10378500 -0.17380837 -1.79400003
v 0.13838001 0.17468369 -1.79400003
v 0.13838001 -0.16499835 -1.79400003
v 0.17297500 0.16069964 -1.79400003
v 0.17297500 -0.15393184 -1.79400003
v 0.20757000 0.14410348 -1.79400003
v 0.20757000 -0.14079821 -1.79400003
v 0.24216500 0.12517919 -1.79400003
v 0.24216500 -0.12582219 -1.79400003
v 0.27676001 0.10425056 -1.79400003
v 0.27676001 -0.10925999 -1.79400003
v 0.31135499 0.08167570 -1.79400003
v 0.31135499 -0.09139504 -1.79400003
v 0.34595001 0.05784085 -1.79400003
v 0.34595001 -0.07253295 -1.79400003
v 0.38054502 0.03315385 -1.79400003
v 0.38054502 -0.05299652 -1.79400003
v 0.41514000 0.00803712 -1.79400003
v 0.41514000 -0.03312000 -1.79400003
v -0.35017124 0.02706226 -1.90430868
v -0.38200498 0.00560150 -1.90430868
v -0.38200498 -0.02468902 -1.90430868
v -0.35017124 -0.04199780 -1.90430868
v -0.31833747 0.04815584 -1.90430868
v -0.31833747 -0.05901043 -1.90430868
v -0.28650373 0.06852128 -1.90430868
v -0.28650373 -0.07543580 -1.90430868
v -0.25466999 0.08781014 -1.90430868
v -0.25466999 -0.09099288 -1.90430868
v -0.22283623 0.10569241 -1.90430868
v -0.22283623 -0.10541549 -1.90430868
v -0.19100249 0.12186208 -1.90430868
v -0.19100249 -0.11845685 -1.90430868
v -0.15916874 0.13604252 -1.90430868
v -0.15916874 -0.12989381 -1.90430868
v -0.12733500 0.14799106 -1.90430868
v -0.12733500 -0.13953069 -1.90430868
v -0.09550124 0.15750328 -1.90430868
v -0.09550124 -0.14720258 -1.90430868
v -0.06366750 0.16441642 -1.90430868
v -0.06366750 -0.15277825 -1.90430868
v -0.03183375 0.16861220 -1.90430868
v -0.03183375 -0.15616228 -1.90430868
v 0.00000000 0.17001881 -1.90430868
v 0.00000000 -0.15729675 -1.90430868
v 0.03183375 0.16861220 -1.90430868
v 0.03183375 -0.15616228 -1.90430868
v 0.06366750 0.16441642 -1.90430868
v 0.06366750 -0.15277825 -1.90430868
v 0.09550124 0.15750328 -1.90430868
v 0.09550124 -0.14720258 -1.90430868
v 0.12733500 0.14799106 -1.90430868
v 0.12733500 -0.13953069 -1.90430868
v 0.15916874 0.13604252 -1.90430868
v 0.15916874 -0.12989381 -1.90430868
v 0.19100249 0.12186208 -1.90430868
v 0.19100249 -0.11845685 -1.90430868
v 0.22283623 0.10569241 -1.90430868
v 0.22283623 -0.10541549 -1.90430868
v 0.25466999 0.08781014 -1.90430868
v 0.25466999 -0.09099288 -1.90430868
v 0.28650373 0.06852128 -1.90430868
v 0.28650373 -0.07543580 -1.90430868
v 0.31833747 0.04815584 -1.90430868
v 0.31833747 -0.05901043 -1.90430868
v 0.35017124 0.02706226 -1.90430868
v 0.35017124 -0.04199780 -1.90430868
v 0.38200498 0.00560150 -1.90430868
v 0.38200498 -0.02468902 -1.90430868
v -0.33759004 0.02453904 -1.95000005
v -0.36828002 0.00459264 -1.95000005
v -0.36828002 -0.02119680 -1.95000005
v -0.33759004 -0.03744198 -1.95000005
v -0.30690002 0.04414415 -1.95000005
v -0.30690002 -0.05340920 -1.95000005
v -0.27621001 0.06307255 -1.95000005
v -0.27621001 -0.06882527 -1.95000005
v -0.24552003 0.08100031 -1.95000005
v -0.24552003 -0.08342639 -1.95000005
v -0.21483001 0.09762074 -1.95000005
v -0.21483001 -0.09696275 -1.95000005
v -0.18414001 0.11264942 -1.95000005
v -0.18414001 -0.10920274 -1.95000005
v -0.15345001 0.12582920 -1.95000005
v -0.15345001 -0.11993691 -1.95000005
v -0.12276001 0.13693462 -1.95000005
v -0.12276001 -0.12898162 -1.95000005
v -0.09207001 0.14577562 -1.95000005
v -0.09207001 -0.13618210 -1.95000005
v -0.06138001 0.15220094 -1.95000005
v -0.06138001 -0.14141515 -1.95000005
v -0.03069000 0.15610065 -1.95000005
v -0.03069000 -0.14459123 -1.95000005
v 0.00000000 0.15740800 -1.95000005
v 0.00000000 -0.14565599 -1.95000005
v 0.03069000 0.15610065 -1.95000005
v 0.03069000 -0.14459123 -1.95000005
v 0.06138001 0.15220094 -1.95000005
v 0.06138001 -0.14141515 -1.95000005
v 0.09207001 0.14577562 -1.95000005
v 0.09207001 -0.13618210 -1.95000005
v 0.12276001 0.13693462 -1.95000005
v 0.12276001 -0.12898162 -1.95000005
v 0.15345001 0.12582920 -1.95000005
v 0.15345001 -0.11993691 -1.95000005
v 0.18414001 0.11264942 -1.95000005
v 0.18414001 -0.10920274 -1.95000005
v 0.21483001 0.09762074 -1.95000005
v 0.21483001 -0.09696275 -1.95000005
v 0.24552003 0.08100031 -1.95000005
v 0.24552003 -0.08342639 -1.95000005
v 0.27621001 0.06307255 -1.95000005
v 0.27621001 -0.06882527 -1.95000005
v 0.30690002 0.04414415 -1.95000005
v 0.30690002 -0.05340920 -1.95000005
v 0.33759004 0.02453904 -1.95000005
v 0.33759004 -0.03744198 -1.95000005
v 0.36828002 0.00459264 -1.95000005
v 0.36828002 -0.02119680 -1.95000005
v -0.00000000 0.00691572 1.94999921
v 0.00000000 0.00035055 -1.94999921
v 0.46199998 0.07569601 0.85000002
v 0.69207996 0.06335370 0.76080960
v 0.69207996 0.22041722 0.48886389
v 0.46199998 0.23960000 0.56200004
v 0.69207996 0.27554733 0.08094525
v 0.46199998 0.29720002 0.13000000
v 0.69207996 0.29698682 -0.37229759
v 0.46199998 0.31959999 -0.35000002
v 0.69207996 0.25104505 -0.82554048
v 0.46199998 0.27160001 -0.83000004
v 0.69207996 0.06335370 -1.50540471
v 0.46199998 0.07569601 -1.54999995
v 0.69207996 0.01251545 -1.50540471
v 0.46199998 0.02270401 -1.54999995
v 0.69207996 -0.04041341 -0.82554048
v 0.46199998 -0.03239999 -0.83000004
v 0.69207996 -0.02203670 -0.37229759
v 0.46199998 -0.01319999 -0.35000002
v 0.69207996 -0.03428784 0.08094525
v 0.46199998 -0.02599999 0.13000000
v 0.69207996 -0.05266454 0.48886389
v 0.46199998 -0.04519999 0.56200004
v 0.69207996 0.01251545 0.76080960
v 0.46199998 0.02270401 0.85000002
v 0.92215997 0.03222162 0.53583682
v 0.92215997 0.17203075 0.30438620
v 0.92215997 0.22093084 -0.04278976
v 0.92215997 0.23994754 -0.42854077
v 0.92215997 0.19919747 -0.81429183
v 0.92215997 0.03222162 -1.39291835
v 0.92215997 -0.01318407 -1.39291835
v 0.92215997 -0.06062635 -0.81429183
v 0.92215997 -0.04432632 -0.42854077
v 0.92215997 -0.05519301 -0.04278976
v 0.92215997 -0.07149304 0.30438620
v 0.92215997 -0.01318407 0.53583682
v 1.18099999 -0.01425200 0.20000005
v 1.18099999 0.09980001 0.02900006
v 1.18099999 0.13940001 -0.22749996
v 1.18099999 0.15480000 -0.51249993
v 1.18099999 0.12180001 -0.79749990
v 1.18099999 -0.01425200 -1.22499990
v 1.18099999 -0.05154800 -1.22499990
v 1.18099999 -0.09080000 -0.79749990
v 1.18099999 -0.07760000 -0.51249993
v 1.18099999 -0.08640000 -0.22749996
v 1.18099999 -0.09960000 0.02900006
v 1.18099999 -0.05154800 0.20000005
v 1.43983996 -0.06072561 -0.13583672
v 1.43983996 0.02756926 -0.24638611
v 1.43983996 0.05786917 -0.41221020
v 1.43983996 0.06965246 -0.59645915
v 1.43983996 0.04440254 -0.78070813
v 1.43983996 -0.06072561 -1.05708158
v 1.43983996 -0.08991193 -1.05708158
v 1.43983996 -0.12097365 -0.78070813
v 1.43983996 -0.11087368 -0.59645915
v 1.43983996 -0.11760699 -0.41221020
v 1.43983996 -0.12770696 -0.24638611
v 1.43983996 -0.08991193 -0.13583672
v 1.66991997 -0.09185770 -0.36080956
v 1.66991997 -0.02081720 -0.43086383
v 1.66991997 0.00325269 -0.53594524
v 1.66991997 0.01261320 -0.65270233
v 1.66991997 -0.00744504 -0.76945949
v 1.66991997 -0.09185770 -0.94459516
v 1.66991997 -0.11561145 -0.94459516
v 1.66991997 -0.14118659 -0.76945949
v 1.66991997 -0.13316330 -0.65270233
v 1.66991997 -0.13851216 -0.53594524
v 1.66991997 -0.14653547 -0.43086383
v 1.66991997 -0.11561145 -0.36080956
v 1.89999998 -0.10420000 -0.44999993
v 1.89999998 -0.03999999 -0.50399995
v 1.89999998 -0.01839999 -0.58499992
v 1.89999998 -0.00999999 -0.67499995
v 1.89999998 -0.02799999 -0.76499999
v 1.89999998 -0.10420000 -0.89999998
v 1.89999998 -0.12580000 -0.89999998
v 1.89999998 -0.14920001 -0.76499999
v 1.89999998 -0.14200000 -0.67499995
v 1.89999998 -0.14680001 -0.58499992
v 1.89999998 -0.15400001 -0.50399995
v 1.89999998 -0.12580000 -0.44999993
v 0.46199995 0.10066666 -0.19799995
v 1.89999986 -0.09570001 -0.64649999
v -0.46199998 0.07569601 0.85000002
v -0.46199998 0.23960000 0.56200004
v -0.69207996 0.22041722 0.48886389
v -0.69207996 0.06335370 0.76080960
v -0.46199998 0.29720002 0.13000000
v -0.69207996 0.27554733 0.08094525
v -0.46199998 0.31959999 -0.35000002
v -0.69207996 0.29698682 -0.37229759
v -0.46199998 0.27160001 -0.83000004
v -0.69207996 0.25104505 -0.82554048
v -0.46199998 0.07569601 -1.54999995
v -0.69207996 0.06335370 -1.50540471
v -0.46199998 0.02270401 -1.54999995
v -0.69207996 0.01251545 -1.50540471
v -0.46199998 -0.03239999 -0.83000004
v -0.69207996 -0.04041341 -0.82554048
v -0.46199998 -0.01319999 -0.35000002
v -0.69207996 -0.02203670 -0.37229759
v -0.46199998 -0.02599999 0.13000000
v -0.69207996 -0.03428784 0.08094525
v -0.46199998 -0.04519999 0.56200004
v -0.69207996 -0.05266454 0.48886389
v -0.46199998 0.02270401 0.85000002
v -0.69207996 0.01251545 0.76080960
v -0.92215997 0.17203075 0.30438620
v -0.92215997 0.03222162 0.53583682
v -0.92215997 0.22093084 -0.04278976
v -0.92215997 0.23994754 -0.42854077
v -0.92215997 0.19919747 -0.81429183
v -0.92215997 0.03222162 -1.39291835
v -0.92215997 -0.01318407 -1.39291835
v -0.92215997 -0.06062635 -0.81429183
v -0.92215997 -0.04432632 -0.42854077
v -0.92215997 -0.05519301 -0.04278976
v -0.92215997 -0.07149304 0.30438620
v -0.92215997 -0.01318407 0.53583682
v -1.18099999 0.09980001 0.02900006
v -1.18099999 -0.01425200 0.20000005
v -1.18099999 0.13940001 -0.22749996
v -1.18099999 0.15480000 -0.51249993
v -1.18099999 0.12180001 -0.79749990
v -1.18099999 -0.01425200 -1.22499990
v -1.18099999 -0.05154800 -1.22499990
v -1.18099999 -0.09080000 -0.79749990
v -1.18099999 -0.07760000 -0.51249993
v -1.18099999 -0.08640000 -0.22749996
v -1.18099999 -0.09960000 0.02900006
v -1.18099999 -0.05154800 0.20000005
v -1.43983996 0.02756926 -0.24638611
v -1.43983996 -0.06072561 -0.13583672
v -1.43983996 0.05786917 -0.41221020
v -1.43983996 0.06965246 -0.59645915
v -1.43983996 0.04440254 -0.78070813
v -1.43983996 -0.06072561 -1.05708158
v -1.43983996 -0.08991193 -1.05708158
v -1.43983996 -0.12097365 -0.78070813
v -1.43983996 -0.11087368 -0.59645915
v -1.43983996 -0.11760699 -0.41221020
v -1.43983996 -0.12770696 -0.24638611
v -1.43983996 -0.08991193 -0.13583672
v -1.66991997 -0.02081720 -0.43086383
v -1.66991997 -0.09185770 -0.36080956
v -1.66991997 0.00325269 -0.53594524
v -1.66991997 0.01261320 -0.65270233
v -1.66991997 -0.00744504 -0.76945949
v -1.66991997 -0.09185770 -0.94459516
v -1.66991997 -0.11561145 -0.94459516
v -1.66991997 -0.14118659 -0.76945949
v -1.66991997 -0.13316330 -0.65270233
v -1.66991997 -0.13851216 -0.53594524
v -1.66991997 -0.14653547 -0.43086383
v -1.66991997 -0.11561145 -0.36080956
v -1.89999998 -0.03999999 -0.50399995
v -1.89999998 -0.10420000 -0.44999993
v -1.89999998 -0.01839999 -0.58499992
v -1.89999998 -0.00999999 -0.67499995
v -1.89999998 -0.02799999 -0.76499999
v -1.89999998 -0.10420000 -0.89999998
v -1.89999998 -0.12580000 -0.89999998
v -1.89999998 -0.14920001 -0.76499999
v -1.89999998 -0.14200000 -0.67499995
v -1.89999998 -0.14680001 -0.58499992
v -1.89999998 -0.15400001 -0.50399995
v -1.89999998 -0.12580000 -0.44999993
v -0.46199995 0.10066666 -0.19799995
v -1.89999986 -0.09570001 -0.64649999
v -0.29639998 0.46040002 0.37500000
v -0.38999999 0.41560000 0.75299996
v -0.32759997 0.59415996 0.75299996
v -0.24897598 0.56753600 0.37500000
v -0.13259999 0.70359999 0.75299996
v -0.10077599 0.63319999 0.37500000
v 0.13259999 0.70359999 0.75299996
v 0.10077599 0.63319999 0.37500000
v 0.32759997 0.59415996 0.75299996
v 0.24897598 0.56753600 0.37500000
v 0.38999999 0.41560000 0.75299996
v 0.29639998 0.46040002 0.37500000
v -0.28080001 0.45400000 1.19400001
v -0.23587200 0.59288001 1.19400001
v -0.09547201 0.67800003 1.19400001
v 0.09547201 0.67800003 1.19400001
v 0.23587200 0.59288001 1.19400001
v 0.28080001 0.45400000 1.19400001
v -0.10140000 0.51800001 1.42499995
v -0.08517599 0.58148801 1.42499995
v -0.03447600 0.62040001 1.42499995
v 0.03447600 0.62040001 1.42499995
v 0.08517599 0.58148801 1.42499995
v 0.10140000 0.51800001 1.42499995
v 0.00000000 0.55371201 0.37500000
v 0.00000000 0.57329601 1.42500007
v -0.25019127 0.04077976 -2.06963515
v -0.26321590 0.08938835 -2.06963515
v -0.26321590 0.08938835 -1.89235687
v -0.25019127 0.04077976 -1.89235687
v -0.34740844 0.04077976 -1.89235687
v -0.34740844 0.04077976 -2.06963515
v -0.29879987 0.12497231 -2.06963515
v -0.29879987 0.12497231 -1.89235687
v -0.34740844 0.13799694 -2.06963515
v -0.34740844 0.13799694 -1.89235687
v -0.39601704 0.12497230 -2.06963515
v -0.39601704 0.12497230 -1.89235687
v -0.43160099 0.08938833 -2.06963515
v -0.43160099 0.08938833 -1.89235687
v -0.44462562 0.04077975 -2.06963515
v -0.44462562 0.04077975 -1.89235687
v -0.43160099 -0.00782885 -2.06963515
v -0.43160099 -0.00782885 -1.89235687
v -0.39601701 -0.04341279 -2.06963515
v -0.39601701 -0.04341279 -1.89235687
v -0.34740844 -0.05643742 -2.06963515
v -0.34740844 -0.05643742 -1.89235687
v -0.29879981 -0.04341277 -2.06963515
v -0.29879981 -0.04341277 -1.89235687
v -0.26321587 -0.00782881 -2.06963515
v -0.26321587 -0.00782881 -1.89235687
v -0.02716362 0.04077976 -2.06963515
v -0.04018826 0.08938835 -2.06963515
v -0.04018826 0.08938835 -1.89235687
v -0.02716362 0.04077976 -1.89235687
v -0.12438080 0.04077976 -1.89235687
v -0.12438080 0.04077976 -2.06963515
v -0.07577222 0.12497231 -2.06963515
v -0.07577222 0.12497231 -1.89235687
v -0.12438081 0.13799694 -2.06963515
v -0.12438081 0.13799694 -1.89235687
v -0.17298940 0.12497230 -2.06963515
v -0.17298940 0.12497230 -1.89235687
v -0.20857337 0.08938833 -2.06963515
v -0.20857337 0.08938833 -1.89235687
v -0.22159798 0.04077975 -2.06963515
v -0.22159798 0.04077975 -1.89235687
v -0.20857334 -0.00782885 -2.06963515
v -0.20857334 -0.00782885 -1.89235687
v -0.17298938 -0.04341279 -2.06963515
v -0.17298938 -0.04341279 -1.89235687
v -0.12438080 -0.05643742 -2.06963515
v -0.12438080 -0.05643742 -1.89235687
v -0.07577218 -0.04341277 -2.06963515
v -0.07577218 -0.04341277 -1.89235687
v -0.04018824 -0.00782881 -2.06963515
v -0.04018824 -0.00782881 -1.89235687
v -0.02830735 0.04077976 -2.13966155
v -0.06795299 0.16279650 -2.13966155
v -0.06795299 0.16279650 -2.08293223
v -0.02830735 0.04077976 -2.08293223
v -0.10825898 0.13351248 -2.13966155
v -0.07812829 0.04077976 -2.13966155
v -0.07812829 0.04077976 -2.08293223
v -0.10825898 0.13351248 -2.08293223
v -0.17174663 0.23820698 -2.13966155
v -0.17174663 0.23820698 -2.08293223
v -0.18714215 0.19082445 -2.13966155
v -0.18714215 0.19082445 -2.08293223
v -0.30004263 0.23820697 -2.13966155
v -0.30004263 0.23820697 -2.08293223
v -0.28464711 0.19082445 -2.13966155
v -0.28464711 0.19082445 -2.08293223
v -0.40383625 0.16279648 -2.13966155
v -0.40383625 0.16279648 -2.08293223
v -0.36353028 0.13351247 -2.13966155
v -0.36353028 0.13351247 -2.08293223
v -0.44348189 0.04077974 -2.13966155
v -0.44348189 0.04077974 -2.08293223
v -0.39366096 0.04077974 -2.13966155
v -0.39366096 0.04077974 -2.08293223
v -0.40383625 -0.08123700 -2.13966155
v -0.40383625 -0.08123700 -2.08293223
v -0.36353025 -0.05195298 -2.13966155
v -0.36353025 -0.05195298 -2.08293223
v -0.30004254 -0.15664749 -2.13966155
v -0.30004254 -0.15664749 -2.08293223
v -0.28464705 -0.10926495 -2.13966155
v -0.28464705 -0.10926495 -2.08293223
v -0.17174660 -0.15664746 -2.13966155
v -0.17174660 -0.15664746 -2.08293223
v -0.18714212 -0.10926494 -2.13966155
v -0.18714212 -0.10926494 -2.08293223
v -0.06795301 -0.08123699 -2.13966155
v -0.06795301 -0.08123699 -2.08293223
v -0.10825899 -0.05195297 -2.13966155
v -0.10825899 -0.05195297 -2.08293223
v 0.22159798 0.04077976 -2.06963515
v 0.20857334 0.08938835 -2.06963515
v 0.20857334 0.08938835 -1.89235687
v 0.22159798 0.04077976 -1.89235687
v 0.12438080 0.04077976 -1.89235687
v 0.12438080 0.04077976 -2.06963515
v 0.17298940 0.12497231 -2.06963515
v 0.17298940 0.12497231 -1.89235687
v 0.12438080 0.13799694 -2.06963515
v 0.12438080 0.13799694 -1.89235687
v 0.07577221 0.12497230 -2.06963515
v 0.07577221 0.12497230 -1.89235687
v 0.04018825 0.08938833 -2.06963515
v 0.04018825 0.08938833 -1.89235687
v 0.02716362 0.04077975 -2.06963515
v 0.02716362 0.04077975 -1.89235687
v 0.04018827 -0.00782885 -2.06963515
v 0.04018827 -0.00782885 -1.89235687
v 0.07577223 -0.04341279 -2.06963515
v 0.07577223 -0.04341279 -1.89235687
v 0.12438080 -0.05643742 -2.06963515
v 0.12438080 -0.05643742 -1.89235687
v 0.17298943 -0.04341277 -2.06963515
v 0.17298943 -0.04341277 -1.89235687
v 0.20857337 -0.00782881 -2.06963515
v 0.20857337 -0.00782881 -1.89235687
v 0.44462562 0.04077976 -2.06963515
v 0.43160099 0.08938835 -2.06963515
v 0.43160099 0.08938835 -1.89235687
v 0.44462562 0.04077976 -1.89235687
v 0.34740844 0.04077976 -1.89235687
v 0.34740844 0.04077976 -2.06963515
v 0.39601701 0.12497231 -2.06963515
v 0.39601701 0.12497231 -1.89235687
v 0.34740844 0.13799694 -2.06963515
v 0.34740844 0.13799694 -1.89235687
v 0.29879984 0.12497230 -2.06963515
v 0.29879984 0.12497230 -1.89235687
v 0.26321590 0.08938833 -2.06963515
v 0.26321590 0.08938833 -1.89235687
v 0.25019127 0.04077975 -2.06963515
v 0.25019127 0.04077975 -1.89235687
v 0.26321590 -0.00782885 -2.06963515
v 0.26321590 -0.00782885 -1.89235687
v 0.29879987 -0.04341279 -2.06963515
v 0.29879987 -0.04341279 -1.89235687
v 0.34740844 -0.05643742 -2.06963515
v 0.34740844 -0.05643742 -1.89235687
v 0.39601707 -0.04341277 -2.06963515
v 0.39601707 -0.04341277 -1.89235687
v 0.43160102 -0.00782881 -2.06963515
v 0.43160102 -0.00782881 -1.89235687
v 0.44348189 0.04077976 -2.13966155
v 0.40383625 0.16279650 -2.13966155
v 0.40383625 0.16279650 -2.08293223
v 0.44348189 0.04077976 -2.08293223
v 0.36353028 0.13351248 -2.13966155
v 0.39366096 0.04077976 -2.13966155
v 0.39366096 0.04077976 -2.08293223
v 0.36353028 0.13351248 -2.08293223
v 0.30004263 0.23820698 -2.13966155
v 0.30004263 0.23820698 -2.08293223
v 0.28464711 0.19082445 -2.13966155
v 0.28464711 0.19082445 -2.08293223
v 0.17174661 0.23820697 -2.13966155
v 0.17174661 0.23820697 -2.08293223
v 0.18714213 0.19082445 -2.13966155
v 0.18714213 0.19082445 -2.08293223
v 0.06795298 0.16279648 -2.13966155
v 0.06795298 0.16279648 -2.08293223
v 0.10825896 0.13351247 -2.13966155
v 0.10825896 0.13351247 -2.08293223
v 0.02830735 0.04077974 -2.13966155
v 0.02830735 0.04077974 -2.08293223
v 0.07812829 0.04077974 -2.13966155
v 0.07812829 0.04077974 -2.08293223
v 0.06795301 -0.08123700 -2.13966155
v 0.06795301 -0.08123700 -2.08293223
v 0.10825899 -0.05195298 -2.13966155
v 0.10825899 -0.05195298 -2.08293223
v 0.17174670 -0.15664749 -2.13966155
v 0.17174670 -0.15664749 -2.08293223
v 0.18714219 -0.10926495 -2.13966155
v 0.18714219 -0.10926495 -2.08293223
v 0.30004263 -0.15664746 -2.13966155
v 0.30004263 -0.15664746 -2.08293223
v 0.28464711 -0.10926494 -2.13966155
v 0.28464711 -0.10926494 -2.08293223
v 0.40383625 -0.08123699 -2.13966155
v 0.40383625 -0.08123699 -2.08293223
v 0.36353025 -0.05195297 -2.13966155
v 0.36353025 -0.05195297 -2.08293223
v 0.19470781 0.47737926 -0.68518996
v 0.15752193 0.51264638 -0.68518996
v 0.30191705 0.54497457 -0.52098644
v 0.37318999 0.47737926 -0.52098644
v 0.06016802 0.53444266 -0.68518996
v 0.11532204 0.58675075 -0.52098644
v -0.06016804 0.53444266 -0.68518996
v -0.11532207 0.58675075 -0.52098644
v -0.15752193 0.51264638 -0.68518996
v -0.30191708 0.54497457 -0.52098644
v -0.19470781 0.47737926 -0.68518996
v -0.37318999 0.47737926 -0.52098644
v -0.15752193 0.44211215 -0.68518996
v -0.30191705 0.40978396 -0.52098644
v -0.06016795 0.42031586 -0.68518996
v -0.11532192 0.36800775 -0.52098644
v 0.06016805 0.42031586 -0.68518996
v 0.11532210 0.36800778 -0.52098644
v 0.15752193 0.44211215 -0.68518996
v 0.30191705 0.40978396 -0.52098644
v 0.35442436 0.55673027 -0.31200001
v 0.43809262 0.47737926 -0.31200001
v 0.13537805 0.60577190 -0.31200001
v -0.13537808 0.60577190 -0.31200001
v -0.35442439 0.55673027 -0.31200001
v -0.43809262 0.47737926 -0.31200001
v -0.35442436 0.39802822 -0.31200001
v -0.13537791 0.34898663 -0.31200001
v 0.13537812 0.34898663 -0.31200001
v 0.35442436 0.39802825 -0.31200001
v 0.29535362 0.54350507 -0.10301363
v 0.36507714 0.47737926 -0.10301363
v 0.11281504 0.58437312 -0.10301363
v -0.11281506 0.58437312 -0.10301363
v -0.29535365 0.54350507 -0.10301363
v -0.36507714 0.47737926 -0.10301363
v -0.29535362 0.41125339 -0.10301363
v -0.11281492 0.37038541 -0.10301363
v 0.11281509 0.37038541 -0.10301363
v 0.29535362 0.41125342 -0.10301363
v 0.15095852 0.51117694 0.06118998
v 0.18659499 0.47737926 0.06118998
v 0.05766102 0.53206503 0.06118998
v -0.05766103 0.53206503 0.06118998
v -0.15095854 0.51117688 0.06118998
v -0.18659499 0.47737926 0.06118998
v -0.15095852 0.44358161 0.06118998
v -0.05766096 0.42269349 0.06118998
v 0.05766105 0.42269352 0.06118998
v 0.15095852 0.44358161 0.06118998
v 0.00000001 0.47737923 -0.68519002
v 0.00000001 0.47737929 0.06118999
v -0.25760001 0.55985707 -0.19200000
v 0.25760001 0.55985707 -0.19200000
v 0.21160001 0.55985707 0.34800002
v -0.21160001 0.55985707 0.34800002
v 0.25760001 0.59009713 -0.19200000
v 0.21160001 0.59009713 0.34800002
v -0.25760001 0.59009713 -0.19200000
v -0.21160001 0.59009713 0.34800002
v -0.69414133 0.29754788 -0.50550002
v -0.44414133 0.29754788 -0.50550002
v -0.46039134 0.29754788 -0.23549999
v -0.67789131 0.29754788 -0.23549999
v -0.44414133 0.33254790 -0.50550002
v -0.46039134 0.33254790 -0.23549999
v -0.69414133 0.33254790 -0.50550002
v -0.67789131 0.33254790 -0.23549999
v 0.44414133 0.29754788 -0.50550002
v 0.69414133 0.29754788 -0.50550002
v 0.67789131 0.29754788 -0.23549999
v 0.46039134 0.29754788 -0.23549999
v 0.69414133 0.33254790 -0.50550002
v 0.67789131 0.33254790 -0.23549999
v 0.44414133 0.33254790 -0.50550002
v 0.46039134 0.33254790 -0.23549999
v -0.59765995 0.22877677 -1.25919747
v -0.61935800 0.24100271 -1.25919747
v -0.43552911 0.26545456 -0.98955429
v -0.37043494 0.22877677 -0.98955429
v -0.67616427 0.24855874 -1.25919747
v -0.60594791 0.28812271 -0.98955429
v -0.74638069 0.24855874 -1.25919747
v -0.81659710 0.28812268 -0.98955429
v -0.80318695 0.24100269 -1.25919747
v -0.98701584 0.26545456 -0.98955429
v -0.82488501 0.22877677 -1.25919747
v -1.05210996 0.22877677 -0.98955429
v -0.80318689 0.21655083 -1.25919747
v -0.98701584 0.19209896 -0.98955429
v -0.74638063 0.20899479 -1.25919747
v -0.81659693 0.16943084 -0.98955429
v -0.67616427 0.20899479 -1.25919747
v -0.60594785 0.16943084 -0.98955429
v -0.61935806 0.21655083 -1.25919747
v -0.43552914 0.19209896 -0.98955429
v -0.35775533 0.27579960 -0.64637202
v -0.27430126 0.22877677 -0.64637202
v -0.57624096 0.30486131 -0.64637202
v -0.84630406 0.30486131 -0.64637202
v -1.06478965 0.27579957 -0.64637202
v -1.14824367 0.22877677 -0.64637202
v -1.06478953 0.18175393 -0.64637202
v -0.84630382 0.15269223 -0.64637202
v -0.57624090 0.15269224 -0.64637202
v -0.35775536 0.18175393 -0.64637202
v -0.45674011 0.26263320 -0.30318975
v -0.39665318 0.22877677 -0.30318975
v -0.61404979 0.28355762 -0.30318975
v -0.80849522 0.28355762 -0.30318975
v -0.96580487 0.26263320 -0.30318975
v -1.02589178 0.22877677 -0.30318975
v -0.96580482 0.19492033 -0.30318975
v -0.80849510 0.17399590 -0.30318975
v -0.61404973 0.17399591 -0.30318975
v -0.45674014 0.19492033 -0.30318975
v -0.63349873 0.23912179 -0.03354651
v -0.61513883 0.22877677 -0.03354651
v -0.68156552 0.24551536 -0.03354651
v -0.74097943 0.24551536 -0.03354651
v -0.78904629 0.23912179 -0.03354651
v -0.80740613 0.22877677 -0.03354651
v -0.78904623 0.21843174 -0.03354651
v -0.74097937 0.21203817 -0.03354651
v -0.68156552 0.21203817 -0.03354651
v -0.63349873 0.21843174 -0.03354651
v -0.71127248 0.22877677 -1.25919735
v -0.71127248 0.22877677 -0.03354651
v 0.82488501 0.22877677 -1.25919747
v 0.80318695 0.24100271 -1.25919747
v 0.98701584 0.26545456 -0.98955429
v 1.05210996 0.22877677 -0.98955429
v 0.74638069 0.24855874 -1.25919747
v 0.81659704 0.28812271 -0.98955429
v 0.67616427 0.24855874 -1.25919747
v 0.60594785 0.28812268 -0.98955429
v 0.61935800 0.24100269 -1.25919747
v 0.43552908 0.26545456 -0.98955429
v 0.59765995 0.22877677 -1.25919747
v 0.37043494 0.22877677 -0.98955429
v 0.61935806 0.21655083 -1.25919747
v 0.43552914 0.19209896 -0.98955429
v 0.67616433 0.20899479 -1.25919747
v 0.60594803 0.16943084 -0.98955429
v 0.74638069 0.20899479 -1.25919747
v 0.81659710 0.16943084 -0.98955429
v 0.80318689 0.21655083 -1.25919747
v 0.98701584 0.19209896 -0.98955429
v 1.06478965 0.27579960 -0.64637202
v 1.14824367 0.22877677 -0.64637202
v 0.84630400 0.30486131 -0.64637202
v 0.57624090 0.30486131 -0.64637202
v 0.35775530 0.27579957 -0.64637202
v 0.27430126 0.22877677 -0.64637202
v 0.35775536 0.18175393 -0.64637202
v 0.57624114 0.15269223 -0.64637202
v 0.84630406 0.15269224 -0.64637202
v 1.06478953 0.18175393 -0.64637202
v 0.96580482 0.26263320 -0.30318975
v 1.02589178 0.22877677 -0.30318975
v 0.80849516 0.28355762 -0.30318975
v 0.61404973 0.28355762 -0.30318975
v 0.45674008 0.26263320 -0.30318975
v 0.39665318 0.22877677 -0.30318975
v 0.45674014 0.19492033 -0.30318975
v 0.61404985 0.17399590 -0.30318975
v 0.80849522 0.17399591 -0.30318975
v 0.96580482 0.19492033 -0.30318975
v 0.78904623 0.23912179 -0.03354651
v 0.80740613 0.22877677 -0.03354651
v 0.74097943 0.24551536 -0.03354651
v 0.68156552 0.24551536 -0.03354651
v 0.63349867 0.23912179 -0.03354651
v 0.61513883 0.22877677 -0.03354651
v 0.63349873 0.21843174 -0.03354651
v 0.68156558 0.21203817 -0.03354651
v 0.74097943 0.21203817 -0.03354651
v 0.78904623 0.21843174 -0.03354651
v 0.71127248 0.22877677 -1.25919735
v 0.71127254 0.22877677 -0.03354651
v 1.62000000 -0.02000000 -0.44600001
v 1.52100003 0.04200000 -0.57800001
v 1.47000003 0.06700000 -0.51400000
v 1.54700005 0.01800000 -0.41000000
v 1.35300004 0.12200000 -0.63400000
v 1.33899999 0.12899999 -0.55699998
v 1.16199994 0.19700000 -0.59700000
v 1.19000006 0.18799999 -0.52800000
v 0.99800003 0.24900000 -0.47799999
v 1.06299996 0.22800000 -0.43500000
v 0.90600002 0.26199999 -0.30800000
v 0.99000001 0.23800001 -0.30300000
v 0.91000003 0.23300000 -0.13400000
v 0.99299997 0.21600001 -0.16700000
v 1.00800002 0.17100000 -0.00100000
v 1.07000005 0.16700000 -0.06400000
v 1.17600000 0.09100000 0.05400000
v 1.20099998 0.10500000 -0.02100000
v 1.36699998 0.01600000 0.01700000
v 1.35000002 0.04600000 -0.04900000
v 1.53100002 -0.03600000 -0.10200000
v 1.47800004 0.00600000 -0.14200000
v 1.62300003 -0.04900000 -0.27200001
v 1.54999995 -0.00400000 -0.27399999
v 1.43400002 0.14000000 -0.43200001
v 1.48500001 0.10700000 -0.36300001
v 1.34700000 0.18099999 -0.46100000
v 1.24699998 0.22000000 -0.44200000
v 1.16199994 0.24699999 -0.38000000
v 1.11399996 0.25400001 -0.29200000
v 1.11600006 0.23899999 -0.20100001
v 1.16700006 0.20700000 -0.13200000
v 1.25399995 0.16500001 -0.10300000
v 1.35399997 0.12600000 -0.12300000
v 1.43900001 0.09900000 -0.18500000
v 1.48699999 0.09200000 -0.27300000
v 1.40699995 0.22600000 -0.35200000
v 1.43400002 0.20900001 -0.31600001
v 1.36199999 0.24699999 -0.36700001
v 1.31099999 0.26800001 -0.35699999
v 1.26600003 0.28200001 -0.32499999
v 1.24100006 0.28500000 -0.27900001
v 1.24199998 0.27700001 -0.23199999
v 1.26900005 0.26100001 -0.19599999
v 1.31400001 0.23899999 -0.18099999
v 1.36600006 0.21900000 -0.19100000
v 1.40999997 0.20500000 -0.22300000
v 1.43499994 0.20100001 -0.26899999
v 1.26458335 0.10650000 -0.28991669
v 1.35699999 0.27800000 -0.27000001
v -1.62000000 -0.02000000 -0.44600001
v -1.54700005 0.01800000 -0.41000000
v -1.47000003 0.06700000 -0.51400000
v -1.52100003 0.04200000 -0.57800001
v -1.33899999 0.12899999 -0.55699998
v -1.35300004 0.12200000 -0.63400000
v -1.19000006 0.18799999 -0.52800000
v -1.16199994 0.19700000 -0.59700000
v -1.06299996 0.22800000 -0.43500000
v -0.99800003 0.24900000 -0.47799999
v -0.99000001 0.23800001 -0.30300000
v -0.90600002 0.26199999 -0.30800000
v -0.99299997 0.21600001 -0.16700000
v -0.91000003 0.23300000 -0.13400000
v -1.07000005 0.16700000 -0.06400000
v -1.00800002 0.17100000 -0.00100000
v -1.20099998 0.10500000 -0.02100000
v -1.17600000 0.09100000 0.05400000
v -1.35000002 0.04600000 -0.04900000
v -1.36699998 0.01600000 0.01700000
v -1.47800004 0.00600000 -0.14200000
v -1.53100002 -0.03600000 -0.10200000
v -1.54999995 -0.00400000 -0.27399999
v -1.62300003 -0.04900000 -0.27200001
v -1.48500001 0.10700000 -0.36300001
v -1.43400002 0.14000000 -0.43200001
v -1.34700000 0.18099999 -0.46100000
v -1.24699998 0.22000000 -0.44200000
v -1.16199994 0.24699999 -0.38000000
v -1.11399996 0.25400001 -0.29200000
v -1.11600006 0.23899999 -0.20100001
v -1.16700006 0.20700000 -0.13200000
v -1.25399995 0.16500001 -0.10300000
v -1.35399997 0.12600000 -0.12300000
v -1.43900001 0.09900000 -0.18500000
v -1.48699999 0.09200000 -0.27300000
v -1.43400002 0.20900001 -0.31600001
v -1.40699995 0.22600000 -0.35200000
v -1.36199999 0.24699999 -0.36700001
v -1.31099999 0.26800001 -0.35699999
v -1.26600003 0.28200001 -0.32499999
v -1.24100006 0.28500000 -0.27900001
v -1.24199998 0.27700001 -0.23199999
v -1.26900005 0.26100001 -0.19599999
v -1.31400001 0.23899999 -0.18099999
v -1.36600006 0.21900000 -0.19100000
v -1.40999997 0.20500000 -0.22300000
v -1.43499994 0.20100001 -0.26899999
v -1.26458335 0.10650000 -0.28991669
v -1.35699999 0.27800000 -0.27000001
vt 0.24882574 0.67069995
vt 0.24892358 0.67069995
vt 0.24675724 0.67279041
vt 0.24646245 0.67279041
vt 0.24882574 0.67069995
vt 0.24646245 0.67279041
vt 0.24675724 0.67279041
vt 0.24892358 0.67069995
vt 0.24892358 0.67069995
vt 0.24902144 0.67069995
vt 0.24705204 0.67279041
vt 0.24675724 0.67279041
vt 0.24892358 0.67069995
vt 0.24675724 0.67279041
vt 0.24705204 0.67279041
vt 0.24902144 0.67069995
vt 0.24902144 0.67069995
vt 0.24911930 0.67069995
vt 0.24734683 0.67279041
vt 0.24705204 0.67279041
vt 0.24902144 0.67069995
vt 0.24705204 0.67279041
vt 0.24734683 0.67279041
vt 0.24911930 0.67069995
vt 0.24911930 0.67069995
vt 0.24921715 0.67069995
vt 0.24764162 0.67279041
vt 0.24734683 0.67279041
vt 0.24911930 0.67069995
vt 0.24734683 0.67279041
vt 0.24764162 0.67279041
vt 0.24921715 0.67069995
vt 0.24921715 0.67069995
vt 0.24931499 0.67069995
vt 0.24793641 0.67279041
vt 0.24764162 0.67279041
vt 0.24921715 0.67069995
vt 0.24764162 0.67279041
vt 0.24793641 0.67279041
vt 0.24931499 0.67069995
vt 0.24931499 0.67069995
vt 0.24941286 0.67069995
vt 0.24823122 0.67279041
vt 0.24793641 0.67279041
vt 0.24931499 0.67069995
vt 0.24793641 0.67279041
vt 0.24823122 0.67279041
vt 0.24941286 0.67069995
vt 0.24941286 0.67069995
vt 0.24951071 0.67069995
vt 0.24852601 0.67279041
vt 0.24823122 0.67279041
vt 0.24941286 0.67069995
vt 0.24823122 0.67279041
vt 0.24852601 0.67279041
vt 0.24951071 0.67069995
vt 0.24951071 0.67069995
vt 0.24960858 0.67069995
vt 0.24882081 0.67279041
vt 0.24852601 0.67279041
vt 0.24951071 0.67069995
vt 0.24852601 0.67279041
vt 0.24882081 0.67279041
vt 0.24960858 0.67069995
vt 0.24960858 0.67069995
vt 0.24970642 0.67069995
vt 0.24911560 0.67279041
vt 0.24882081 0.67279041
vt 0.24960858 0.67069995
vt 0.24882081 0.67279041
vt 0.24911560 0.67279041
vt 0.24970642 0.67069995
vt 0.24970642 0.67069995
vt 0.24980427 0.67069995
vt 0.24941039 0.67279041
vt 0.24911560 0.67279041
vt 0.24970642 0.67069995
vt 0.24911560 0.67279041
vt 0.24941039 0.67279041
vt 0.24980427 0.67069995
vt 0.24980427 0.67069995
vt 0.24990213 0.67069995
vt 0.24970518 0.67279041
vt 0.24941039 0.67279041
vt 0.24980427 0.67069995
vt 0.24941039 0.67279041
vt 0.24970518 0.67279041
vt 0.24990213 0.67069995
vt 0.24990213 0.67069995
vt 0.24999999 0.67069995
vt 0.24999999 0.67279041
vt 0.24970518 0.67279041
vt 0.24990213 0.67069995
vt 0.24970518 0.67279041
vt 0.24999999 0.67279041
vt 0.24999999 0.67069995
vt 0.24999999 0.67069995
vt 0.25009784 0.67069995
vt 0.25029480 0.67279041
vt 0.24999999 0.67279041
vt 0.24999999 0.67069995
vt 0.24999999 0.67279041
vt 0.25029480 0.67279041
vt 0.25009784 0.67069995
vt 0.25009784 0.67069995
vt 0.25019568 0.67069995
vt 0.25058958 0.67279041
vt 0.25029480 0.67279041
vt 0.25009784 0.67069995
vt 0.25029480 0.67279041
vt 0.25058958 0.67279041
vt 0.25019568 0.67069995
vt 0.25019568 0.67069995
vt 0.25029358 0.67069995
vt 0.25088438 0.67279041
vt 0.25058958 0.67279041
vt 0.25019568 0.67069995
vt 0.25058958 0.67279041
vt 0.25088438 0.67279041
vt 0.25029358 0.67069995
vt 0.25029358 0.67069995
vt 0.25039142 0.67069995
vt 0.25117919 0.67279041
vt 0.25088438 0.67279041
vt 0.25029358 0.67069995
vt 0.25088438 0.67279041
vt 0.25117919 0.67279041
vt 0.25039142 0.67069995
vt 0.25039142 0.67069995
vt 0.25048926 0.67069995
vt 0.25147399 0.67279041
vt 0.25117919 0.67279041
vt 0.25039142 0.67069995
vt 0.25117919 0.67279041
vt 0.25147399 0.67279041
vt 0.25048926 0.67069995
vt 0.25048926 0.67069995
vt 0.25058711 0.67069995
vt 0.25176874 0.67279041
vt 0.25147399 0.67279041
vt 0.25048926 0.67069995
vt 0.25147399 0.67279041
vt 0.25176874 0.67279041
vt 0.25058711 0.67069995
vt 0.25058711 0.67069995
vt 0.25068498 0.67069995
vt 0.25206354 0.67279041
vt 0.25176874 0.67279041
vt 0.25058711 0.67069995
vt 0.25176874 0.67279041
vt 0.25206354 0.67279041
vt 0.25068498 0.67069995
vt 0.25068498 0.67069995
vt 0.25078282 0.67069995
vt 0.25235835 0.67279041
vt 0.25206354 0.67279041
vt 0.25068498 0.67069995
vt 0.25206354 0.67279041
vt 0.25235835 0.67279041
vt 0.25078282 0.67069995
vt 0.25078282 0.67069995
vt 0.25088069 0.67069995
vt 0.25265315 0.67279041
vt 0.25235835 0.67279041
vt 0.25078282 0.67069995
vt 0.25235835 0.67279041
vt 0.25265315 0.67279041
vt 0.25088069 0.67069995
vt 0.25088069 0.67069995
vt 0.25097853 0.67069995
vt 0.25294793 0.67279041
vt 0.25265315 0.67279041
vt 0.25088069 0.67069995
vt 0.25265315 0.67279041
vt 0.25294793 0.67279041
vt 0.25097853 0.67069995
vt 0.25097853 0.67069995
vt 0.25107640 0.67069995
vt 0.25324273 0.67279041
vt 0.25294793 0.67279041
vt 0.25097853 0.67069995
vt 0.25294793 0.67279041
vt 0.25324273 0.67279041
vt 0.25107640 0.67069995
vt 0.25107640 0.67069995
vt 0.25117424 0.67069995
vt 0.25353754 0.67279041
vt 0.25324273 0.67279041
vt 0.25107640 0.67069995
vt 0.25324273 0.67279041
vt 0.25353754 0.67279041
vt 0.25117424 0.67069995
vt 0.24882574 0.67069995
vt 0.24646245 0.67279041
vt 0.24646245 0.67279041
vt 0.24882574 0.67069995
vt 0.25117424 0.67069995
vt 0.25117424 0.67069995
vt 0.25353754 0.67279041
vt 0.25353754 0.67279041
vt 0.24646245 0.67279041
vt 0.24675724 0.67279041
vt 0.24152721 0.67783701
vt 0.24075696 0.67783701
vt 0.24646245 0.67279041
vt 0.24075696 0.67783701
vt 0.24152721 0.67783701
vt 0.24675724 0.67279041
vt 0.24675724 0.67279041
vt 0.24705204 0.67279041
vt 0.24229747 0.67783701
vt 0.24152721 0.67783701
vt 0.24675724 0.67279041
vt 0.24152721 0.67783701
vt 0.24229747 0.67783701
vt 0.24705204 0.67279041
vt 0.24705204 0.67279041
vt 0.24734683 0.67279041
vt 0.24306773 0.67783701
vt 0.24229747 0.67783701
vt 0.24705204 0.67279041
vt 0.24229747 0.67783701
vt 0.24306773 0.67783701
vt 0.24734683 0.67279041
vt 0.24734683 0.67279041
vt 0.24764162 0.67279041
vt 0.24383797 0.67783701
vt 0.24306773 0.67783701
vt 0.24734683 0.67279041
vt 0.24306773 0.67783701
vt 0.24383797 0.67783701
vt 0.24764162 0.67279041
vt 0.24764162 0.67279041
vt 0.24793641 0.67279041
vt 0.24460822 0.67783701
vt 0.24383797 0.67783701
vt 0.24764162 0.67279041
vt 0.24383797 0.67783701
vt 0.24460822 0.67783701
vt 0.24793641 0.67279041
vt 0.24793641 0.67279041
vt 0.24823122 0.67279041
vt 0.24537848 0.67783701
vt 0.24460822 0.67783701
vt 0.24793641 0.67279041
vt 0.24460822 0.67783701
vt 0.24537848 0.67783701
vt 0.24823122 0.67279041
vt 0.24823122 0.67279041
vt 0.24852601 0.67279041
vt 0.24614872 0.67783701
vt 0.24537848 0.67783701
vt 0.24823122 0.67279041
vt 0.24537848 0.67783701
vt 0.24614872 0.67783701
vt 0.24852601 0.67279041
vt 0.24852601 0.67279041
vt 0.24882081 0.67279041
vt 0.24691898 0.67783701
vt 0.24614872 0.67783701
vt 0.24852601 0.67279041
vt 0.24614872 0.67783701
vt 0.24691898 0.67783701
vt 0.24882081 0.67279041
vt 0.24882081 0.67279041
vt 0.24911560 0.67279041
vt 0.24768923 0.67783701
vt 0.24691898 0.67783701
vt 0.24882081 0.67279041
vt 0.24691898 0.67783701
vt 0.24768923 0.67783701
vt 0.24911560 0.67279041
vt 0.24911560 0.67279041
vt 0.24941039 0.67279041
vt 0.24845947 0.67783701
vt 0.24768923 0.67783701
vt 0.24911560 0.67279041
vt 0.24768923 0.67783701
vt 0.24845947 0.67783701
vt 0.24941039 0.67279041
vt 0.24941039 0.67279041
vt 0.24970518 0.67279041
vt 0.24922973 0.67783701
vt 0.24845947 0.67783701
vt 0.24941039 0.67279041
vt 0.24845947 0.67783701
vt 0.24922973 0.67783701
vt 0.24970518 0.67279041
vt 0.24970518 0.67279041
vt 0.24999999 0.67279041
vt 0.24999999 0.67783701
vt 0.24922973 0.67783701
vt 0.24970518 0.67279041
vt 0.24922973 0.67783701
vt 0.24999999 0.67783701
vt 0.24999999 0.67279041
vt 0.24999999 0.67279041
vt 0.25029480 0.67279041
vt 0.25077024 0.67783701
vt 0.24999999 0.67783701
vt 0.24999999 0.67279041
vt 0.24999999 0.67783701
vt 0.25077024 0.67783701
vt 0.25029480 0.67279041
vt 0.25029480 0.67279041
vt 0.25058958 0.67279041
vt 0.25154051 0.67783701
vt 0.25077024 0.67783701
vt 0.25029480 0.67279041
vt 0.25077024 0.67783701
vt 0.25154051 0.67783701
vt 0.25058958 0.67279041
vt 0.25058958 0.67279041
vt 0.25088438 0.67279041
vt 0.25231075 0.67783701
vt 0.25154051 0.67783701
vt 0.25058958 0.67279041
vt 0.25154051 0.67783701
vt 0.25231075 0.67783701
vt 0.25088438 0.67279041
vt 0.25088438 0.67279041
vt 0.25117919 0.67279041
vt 0.25308102 0.67783701
vt 0.25231075 0.67783701
vt 0.25088438 0.67279041
vt 0.25231075 0.67783701
vt 0.25308102 0.67783701
vt 0.25117919 0.67279041
vt 0.25117919 0.67279041
vt 0.25147399 0.67279041
vt 0.25385126 0.67783701
vt 0.25308102 0.67783701
vt 0.25117919 0.67279041
vt 0.25308102 0.67783701
vt 0.25385126 0.67783701
vt 0.25147399 0.67279041
vt 0.25147399 0.67279041
vt 0.25176874 0.67279041
vt 0.25462151 0.67783701
vt 0.25385126 0.67783701
vt 0.25147399 0.67279041
vt 0.25385126 0.67783701
vt 0.25462151 0.67783701
vt 0.25176874 0.67279041
vt 0.25176874 0.67279041
vt 0.25206354 0.67279041
vt 0.25539175 0.67783701
vt 0.25462151 0.67783701
vt 0.25176874 0.67279041
vt 0.25462151 0.67783701
vt 0.25539175 0.67783701
vt 0.25206354 0.67279041
vt 0.25206354 0.67279041
vt 0.25235835 0.67279041
vt 0.25616202 0.67783701
vt 0.25539175 0.67783701
vt 0.25206354 0.67279041
vt 0.25539175 0.67783701
vt 0.25616202 0.67783701
vt 0.25235835 0.67279041
vt 0.25235835 0.67279041
vt 0.25265315 0.67279041
vt 0.25693226 0.67783701
vt 0.25616202 0.67783701
vt 0.25235835 0.67279041
vt 0.25616202 0.67783701
vt 0.25693226 0.67783701
vt 0.25265315 0.67279041
vt 0.25265315 0.67279041
vt 0.25294793 0.67279041
vt 0.25770253 0.67783701
vt 0.25693226 0.67783701
vt 0.25265315 0.67279041
vt 0.25693226 0.67783701
vt 0.25770253 0.67783701
vt 0.25294793 0.67279041
vt 0.25294793 0.67279041
vt 0.25324273 0.67279041
vt 0.25847277 0.67783701
vt 0.25770253 0.67783701
vt 0.25294793 0.67279041
vt 0.25770253 0.67783701
vt 0.25847277 0.67783701
vt 0.25324273 0.67279041
vt 0.25324273 0.67279041
vt 0.25353754 0.67279041
vt 0.25924301 0.67783701
vt 0.25847277 0.67783701
vt 0.25324273 0.67279041
vt 0.25847277 0.67783701
vt 0.25924301 0.67783701
vt 0.25353754 0.67279041
vt 0.24646245 0.67279041
vt 0.24075696 0.67783701
vt 0.24075696 0.67783701
vt 0.24646245 0.67279041
vt 0.25353754 0.67279041
vt 0.25353754 0.67279041
vt 0.25924301 0.67783701
vt 0.25924301 0.67783701
vt 0.24075696 0.67783701
vt 0.24152721 0.67783701
vt 0.23629719 0.68288362
vt 0.23505147 0.68288362
vt 0.24075696 0.67783701
vt 0.23505147 0.68288362
vt 0.23629719 0.68288362
vt 0.24152721 0.67783701
vt 0.24152721 0.67783701
vt 0.24229747 0.67783701
vt 0.23754290 0.68288362
vt 0.23629719 0.68288362
vt 0.24152721 0.67783701
vt 0.23629719 0.68288362
vt 0.23754290 0.68288362
vt 0.24229747 0.67783701
vt 0.24229747 0.67783701
vt 0.24306773 0.67783701
vt 0.23878860 0.68288362
vt 0.23754290 0.68288362
vt 0.24229747 0.67783701
vt 0.23754290 0.68288362
vt 0.23878860 0.68288362
vt 0.24306773 0.67783701
vt 0.24306773 0.67783701
vt 0.24383797 0.67783701
vt 0.24003431 0.68288362
vt 0.23878860 0.68288362
vt 0.24306773 0.67783701
vt 0.23878860 0.68288362
vt 0.24003431 0.68288362
vt 0.24383797 0.67783701
vt 0.24383797 0.67783701
vt 0.24460822 0.67783701
vt 0.24128002 0.68288362
vt 0.24003431 0.68288362
vt 0.24383797 0.67783701
vt 0.24003431 0.68288362
vt 0.24128002 0.68288362
vt 0.24460822 0.67783701
vt 0.24460822 0.67783701
vt 0.24537848 0.67783701
vt 0.24252573 0.68288362
vt 0.24128002 0.68288362
vt 0.24460822 0.67783701
vt 0.24128002 0.68288362
vt 0.24252573 0.68288362
vt 0.24537848 0.67783701
vt 0.24537848 0.67783701
vt 0.24614872 0.67783701
vt 0.24377143 0.68288362
vt 0.24252573 0.68288362
vt 0.24537848 0.67783701
vt 0.24252573 0.68288362
vt 0.24377143 0.68288362
vt 0.24614872 0.67783701
vt 0.24614872 0.67783701
vt 0.24691898 0.67783701
vt 0.24501716 0.68288362
vt 0.24377143 0.68288362
vt 0.24614872 0.67783701
vt 0.24377143 0.68288362
vt 0.24501716 0.68288362
vt 0.24691898 0.67783701
vt 0.24691898 0.67783701
vt 0.24768923 0.67783701
vt 0.24626286 0.68288362
vt 0.24501716 0.68288362
vt 0.24691898 0.67783701
vt 0.24501716 0.68288362
vt 0.24626286 0.68288362
vt 0.24768923 0.67783701
vt 0.24768923 0.67783701
vt 0.24845947 0.67783701
vt 0.24750856 0.68288362
vt 0.24626286 0.68288362
vt 0.24768923 0.67783701
vt 0.24626286 0.68288362
vt 0.24750856 0.68288362
vt 0.24845947 0.67783701
vt 0.24845947 0.67783701
vt 0.24922973 0.67783701
vt 0.24875428 0.68288362
vt 0.24750856 0.68288362
vt 0.24845947 0.67783701
vt 0.24750856 0.68288362
vt 0.24875428 0.68288362
vt 0.24922973 0.67783701
vt 0.24922973 0.67783701
vt 0.24999999 0.67783701
vt 0.24999999 0.68288362
vt 0.24875428 0.68288362
vt 0.24922973 0.67783701
vt 0.24875428 0.68288362
vt 0.24999999 0.68288362
vt 0.24999999 0.67783701
vt 0.24999999 0.67783701
vt 0.25077024 0.67783701
vt 0.25124571 0.68288362
vt 0.24999999 0.68288362
vt 0.24999999 0.67783701
vt 0.24999999 0.68288362
vt 0.25124571 0.68288362
vt 0.25077024 0.67783701
vt 0.25077024 0.67783701
vt 0.25154051 0.67783701
vt 0.25249141 0.68288362
vt 0.25124571 0.68288362
vt 0.25077024 0.67783701
vt 0.25124571 0.68288362
vt 0.25249141 0.68288362
vt 0.25154051 0.67783701
vt 0.25154051 0.67783701
vt 0.25231075 0.67783701
vt 0.25373712 0.68288362
vt 0.25249141 0.68288362
vt 0.25154051 0.67783701
vt 0.25249141 0.68288362
vt 0.25373712 0.68288362
vt 0.25231075 0.67783701
vt 0.25231075 0.67783701
vt 0.25308102 0.67783701
vt 0.25498283 0.68288362
vt 0.25373712 0.68288362
vt 0.25231075 0.67783701
vt 0.25373712 0.68288362
vt 0.25498283 0.68288362
vt 0.25308102 0.67783701
vt 0.25308102 0.67783701
vt 0.25385126 0.67783701
vt 0.25622857 0.68288362
vt 0.25498283 0.68288362
vt 0.25308102 0.67783701
vt 0.25498283 0.68288362
vt 0.25622857 0.68288362
vt 0.25385126 0.67783701
vt 0.25385126 0.67783701
vt 0.25462151 0.67783701
vt 0.25747424 0.68288362
vt 0.25622857 0.68288362
vt 0.25385126 0.67783701
vt 0.25622857 0.68288362
vt 0.25747424 0.68288362
vt 0.25462151 0.67783701
vt 0.25462151 0.67783701
vt 0.25539175 0.67783701
vt 0.25871995 0.68288362
vt 0.25747424 0.68288362
vt 0.25462151 0.67783701
vt 0.25747424 0.68288362
vt 0.25871995 0.68288362
vt 0.25539175 0.67783701
vt 0.25539175 0.67783701
vt 0.25616202 0.67783701
vt 0.25996566 0.68288362
vt 0.25871995 0.68288362
vt 0.25539175 0.67783701
vt 0.25871995 0.68288362
vt 0.25996566 0.68288362
vt 0.25616202 0.67783701
vt 0.25616202 0.67783701
vt 0.25693226 0.67783701
vt 0.26121137 0.68288362
vt 0.25996566 0.68288362
vt 0.25616202 0.67783701
vt 0.25996566 0.68288362
vt 0.26121137 0.68288362
vt 0.25693226 0.67783701
vt 0.25693226 0.67783701
vt 0.25770253 0.67783701
vt 0.26245710 0.68288362
vt 0.26121137 0.68288362
vt 0.25693226 0.67783701
vt 0.26121137 0.68288362
vt 0.26245710 0.68288362
vt 0.25770253 0.67783701
vt 0.25770253 0.67783701
vt 0.25847277 0.67783701
vt 0.26370281 0.68288362
vt 0.26245710 0.68288362
vt 0.25770253 0.67783701
vt 0.26245710 0.68288362
vt 0.26370281 0.68288362
vt 0.25847277 0.67783701
vt 0.25847277 0.67783701
vt 0.25924301 0.67783701
vt 0.26494852 0.68288362
vt 0.26370281 0.68288362
vt 0.25847277 0.67783701
vt 0.26370281 0.68288362
vt 0.26494852 0.68288362
vt 0.25924301 0.67783701
vt 0.24075696 0.67783701
vt 0.23505147 0.68288362
vt 0.23505147 0.68288362
vt 0.24075696 0.67783701
vt 0.25924301 0.67783701
vt 0.25924301 0.67783701
vt 0.26494852 0.68288362
vt 0.26494852 0.68288362
vt 0.23505147 0.68288362
vt 0.23629719 0.68288362
vt 0.23413084 0.68497401
vt 0.23268817 0.68497401
vt 0.23505147 0.68288362
vt 0.23268817 0.68497401
vt 0.23413084 0.68497401
vt 0.23629719 0.68288362
vt 0.23629719 0.68288362
vt 0.23754290 0.68288362
vt 0.23557349 0.68497401
vt 0.23413084 0.68497401
vt 0.23629719 0.68288362
vt 0.23413084 0.68497401
vt 0.23557349 0.68497401
vt 0.23754290 0.68288362
vt 0.23754290 0.68288362
vt 0.23878860 0.68288362
vt 0.23701613 0.68497401
vt 0.23557349 0.68497401
vt 0.23754290 0.68288362
vt 0.23557349 0.68497401
vt 0.23701613 0.68497401
vt 0.23878860 0.68288362
vt 0.23878860 0.68288362
vt 0.24003431 0.68288362
vt 0.23845880 0.68497401
vt 0.23701613 0.68497401
vt 0.23878860 0.68288362
vt 0.23701613 0.68497401
vt 0.23845880 0.68497401
vt 0.24003431 0.68288362
vt 0.24003431 0.68288362
vt 0.24128002 0.68288362
vt 0.23990144 0.68497401
vt 0.23845880 0.68497401
vt 0.24003431 0.68288362
vt 0.23845880 0.68497401
vt 0.23990144 0.68497401
vt 0.24128002 0.68288362
vt 0.24128002 0.68288362
vt 0.24252573 0.68288362
vt 0.24134408 0.68497401
vt 0.23990144 0.68497401
vt 0.24128002 0.68288362
vt 0.23990144 0.68497401
vt 0.24134408 0.68497401
vt 0.24252573 0.68288362
vt 0.24252573 0.68288362
vt 0.24377143 0.68288362
vt 0.24278674 0.68497401
vt 0.24134408 0.68497401
vt 0.24252573 0.68288362
vt 0.24134408 0.68497401
vt 0.24278674 0.68497401
vt 0.24377143 0.68288362
vt 0.24377143 0.68288362
vt 0.24501716 0.68288362
vt 0.24422939 0.68497401
vt 0.24278674 0.68497401
vt 0.24377143 0.68288362
vt 0.24278674 0.68497401
vt 0.24422939 0.68497401
vt 0.24501716 0.68288362
vt 0.24501716 0.68288362
vt 0.24626286 0.68288362
vt 0.24567203 0.68497401
vt 0.24422939 0.68497401
vt 0.24501716 0.68288362
vt 0.24422939 0.68497401
vt 0.24567203 0.68497401
vt 0.24626286 0.68288362
vt 0.24626286 0.68288362
vt 0.24750856 0.68288362
vt 0.24711467 0.68497401
vt 0.24567203 0.68497401
vt 0.24626286 0.68288362
vt 0.24567203 0.68497401
vt 0.24711467 0.68497401
vt 0.24750856 0.68288362
vt 0.24750856 0.68288362
vt 0.24875428 0.68288362
vt 0.24855734 0.68497401
vt 0.24711467 0.68497401
vt 0.24750856 0.68288362
vt 0.24711467 0.68497401
vt 0.24855734 0.68497401
vt 0.24875428 0.68288362
vt 0.24875428 0.68288362
vt 0.24999999 0.68288362
vt 0.24999999 0.68497401
vt 0.24855734 0.68497401
vt 0.24875428 0.68288362
vt 0.24855734 0.68497401
vt 0.24999999 0.68497401
vt 0.24999999 0.68288362
vt 0.24999999 0.68288362
vt 0.25124571 0.68288362
vt 0.25144264 0.68497401
vt 0.24999999 0.68497401
vt 0.24999999 0.68288362
vt 0.24999999 0.68497401
vt 0.25144264 0.68497401
vt 0.25124571 0.68288362
vt 0.25124571 0.68288362
vt 0.25249141 0.68288362
vt 0.25288528 0.68497401
vt 0.25144264 0.68497401
vt 0.25124571 0.68288362
vt 0.25144264 0.68497401
vt 0.25288528 0.68497401
vt 0.25249141 0.68288362
vt 0.25249141 0.68288362
vt 0.25373712 0.68288362
vt 0.25432795 0.68497401
vt 0.25288528 0.68497401
vt 0.25249141 0.68288362
vt 0.25288528 0.68497401
vt 0.25432795 0.68497401
vt 0.25373712 0.68288362
vt 0.25373712 0.68288362
vt 0.25498283 0.68288362
vt 0.25577059 0.68497401
vt 0.25432795 0.68497401
vt 0.25373712 0.68288362
vt 0.25432795 0.68497401
vt 0.25577059 0.68497401
vt 0.25498283 0.68288362
vt 0.25498283 0.68288362
vt 0.25622857 0.68288362
vt 0.25721323 0.68497401
vt 0.25577059 0.68497401
vt 0.25498283 0.68288362
vt 0.25577059 0.68497401
vt 0.25721323 0.68497401
vt 0.25622857 0.68288362
vt 0.25622857 0.68288362
vt 0.25747424 0.68288362
vt 0.25865591 0.68497401
vt 0.25721323 0.68497401
vt 0.25622857 0.68288362
vt 0.25721323 0.68497401
vt 0.25865591 0.68497401
vt 0.25747424 0.68288362
vt 0.25747424 0.68288362
vt 0.25871995 0.68288362
vt 0.26009858 0.68497401
vt 0.25865591 0.68497401
vt 0.25747424 0.68288362
vt 0.25865591 0.68497401
vt 0.26009858 0.68497401
vt 0.25871995 0.68288362
vt 0.25871995 0.68288362
vt 0.25996566 0.68288362
vt 0.26154119 0.68497401
vt 0.26009858 0.68497401
vt 0.25871995 0.68288362
vt 0.26009858 0.68497401
vt 0.26154119 0.68497401
vt 0.25996566 0.68288362
vt 0.25996566 0.68288362
vt 0.26121137 0.68288362
vt 0.26298386 0.68497401
vt 0.26154119 0.68497401
vt 0.25996566 0.68288362
vt 0.26154119 0.68497401
vt 0.26298386 0.68497401
vt 0.26121137 0.68288362
vt 0.26121137 0.68288362
vt 0.26245710 0.68288362
vt 0.26442650 0.68497401
vt 0.26298386 0.68497401
vt 0.26121137 0.68288362
vt 0.26298386 0.68497401
vt 0.26442650 0.68497401
vt 0.26245710 0.68288362
vt 0.26245710 0.68288362
vt 0.26370281 0.68288362
vt 0.26586914 0.68497401
vt 0.26442650 0.68497401
vt 0.26245710 0.68288362
vt 0.26442650 0.68497401
vt 0.26586914 0.68497401
vt 0.26370281 0.68288362
vt 0.26370281 0.68288362
vt 0.26494852 0.68288362
vt 0.26731181 0.68497401
vt 0.26586914 0.68497401
vt 0.26370281 0.68288362
vt 0.26586914 0.68497401
vt 0.26731181 0.68497401
vt 0.26494852 0.68288362
vt 0.23505147 0.68288362
vt 0.23268817 0.68497401
vt 0.23268817 0.68497401
vt 0.23505147 0.68288362
vt 0.26494852 0.68288362
vt 0.26494852 0.68288362
vt 0.26731181 0.68497401
vt 0.26731181 0.68497401
vt 0.23268817 0.68497401
vt 0.23413084 0.68497401
vt 0.23321205 0.68776119
vt 0.23168588 0.68776119
vt 0.23268817 0.68497401
vt 0.23168588 0.68776119
vt 0.23321205 0.68776119
vt 0.23413084 0.68497401
vt 0.23413084 0.68497401
vt 0.23557349 0.68497401
vt 0.23473823 0.68776119
vt 0.23321205 0.68776119
vt 0.23413084 0.68497401
vt 0.23321205 0.68776119
vt 0.23473823 0.68776119
vt 0.23557349 0.68497401
vt 0.23557349 0.68497401
vt 0.23701613 0.68497401
vt 0.23626441 0.68776119
vt 0.23473823 0.68776119
vt 0.23557349 0.68497401
vt 0.23473823 0.68776119
vt 0.23626441 0.68776119
vt 0.23701613 0.68497401
vt 0.23701613 0.68497401
vt 0.23845880 0.68497401
vt 0.23779057 0.68776119
vt 0.23626441 0.68776119
vt 0.23701613 0.68497401
vt 0.23626441 0.68776119
vt 0.23779057 0.68776119
vt 0.23845880 0.68497401
vt 0.23845880 0.68497401
vt 0.23990144 0.68497401
vt 0.23931676 0.68776119
vt 0.23779057 0.68776119
vt 0.23845880 0.68497401
vt 0.23779057 0.68776119
vt 0.23931676 0.68776119
vt 0.23990144 0.68497401
vt 0.23990144 0.68497401
vt 0.24134408 0.68497401
vt 0.24084292 0.68776119
vt 0.23931676 0.68776119
vt 0.23990144 0.68497401
vt 0.23931676 0.68776119
vt 0.24084292 0.68776119
vt 0.24134408 0.68497401
vt 0.24134408 0.68497401
vt 0.24278674 0.68497401
vt 0.24236912 0.68776119
vt 0.24084292 0.68776119
vt 0.24134408 0.68497401
vt 0.24084292 0.68776119
vt 0.24236912 0.68776119
vt 0.24278674 0.68497401
vt 0.24278674 0.68497401
vt 0.24422939 0.68497401
vt 0.24389528 0.68776119
vt 0.24236912 0.68776119
vt 0.24278674 0.68497401
vt 0.24236912 0.68776119
vt 0.24389528 0.68776119
vt 0.24422939 0.68497401
vt 0.24422939 0.68497401
vt 0.24567203 0.68497401
vt 0.24542147 0.68776119
vt 0.24389528 0.68776119
vt 0.24422939 0.68497401
vt 0.24389528 0.68776119
vt 0.24542147 0.68776119
vt 0.24567203 0.68497401
vt 0.24567203 0.68497401
vt 0.24711467 0.68497401
vt 0.24694763 0.68776119
vt 0.24542147 0.68776119
vt 0.24567203 0.68497401
vt 0.24542147 0.68776119
vt 0.24694763 0.68776119
vt 0.24711467 0.68497401
vt 0.24711467 0.68497401
vt 0.24855734 0.68497401
vt 0.24847382 0.68776119
vt 0.24694763 0.68776119
vt 0.24711467 0.68497401
vt 0.24694763 0.68776119
vt 0.24847382 0.68776119
vt 0.24855734 0.68497401
vt 0.24855734 0.68497401
vt 0.24999999 0.68497401
vt 0.24999999 0.68776119
vt 0.24847382 0.68776119
vt 0.24855734 0.68497401
vt 0.24847382 0.68776119
vt 0.24999999 0.68776119
vt 0.24999999 0.68497401
vt 0.24999999 0.68497401
vt 0.25144264 0.68497401
vt 0.25152615 0.68776119
vt 0.24999999 0.68776119
vt 0.24999999 0.68497401
vt 0.24999999 0.68776119
vt 0.25152615 0.68776119
vt 0.25144264 0.68497401
vt 0.25144264 0.68497401
vt 0.25288528 0.68497401
vt 0.25305232 0.68776119
vt 0.25152615 0.68776119
vt 0.25144264 0.68497401
vt 0.25152615 0.68776119
vt 0.25305232 0.68776119
vt 0.25288528 0.68497401
vt 0.25288528 0.68497401
vt 0.25432795 0.68497401
vt 0.25457853 0.68776119
vt 0.25305232 0.68776119
vt 0.25288528 0.68497401
vt 0.25305232 0.68776119
vt 0.25457853 0.68776119
vt 0.25432795 0.68497401
vt 0.25432795 0.68497401
vt 0.25577059 0.68497401
vt 0.25610471 0.68776119
vt 0.25457853 0.68776119
vt 0.25432795 0.68497401
vt 0.25457853 0.68776119
vt 0.25610471 0.68776119
vt 0.25577059 0.68497401
vt 0.25577059 0.68497401
vt 0.25721323 0.68497401
vt 0.25763088 0.68776119
vt 0.25610471 0.68776119
vt 0.25577059 0.68497401
vt 0.25610471 0.68776119
vt 0.25763088 0.68776119
vt 0.25721323 0.68497401
vt 0.25721323 0.68497401
vt 0.25865591 0.68497401
vt 0.25915703 0.68776119
vt 0.25763088 0.68776119
vt 0.25721323 0.68497401
vt 0.25763088 0.68776119
vt 0.25915703 0.68776119
vt 0.25865591 0.68497401
vt 0.25865591 0.68497401
vt 0.26009858 0.68497401
vt 0.26068324 0.68776119
vt 0.25915703 0.68776119
vt 0.25865591 0.68497401
vt 0.25915703 0.68776119
vt 0.26068324 0.68776119
vt 0.26009858 0.68497401
vt 0.26009858 0.68497401
vt 0.26154119 0.68497401
vt 0.26220942 0.68776119
vt 0.26068324 0.68776119
vt 0.26009858 0.68497401
vt 0.26068324 0.68776119
vt 0.26220942 0.68776119
vt 0.26154119 0.68497401
vt 0.26154119 0.68497401
vt 0.26298386 0.68497401
vt 0.26373559 0.68776119
vt 0.26220942 0.68776119
vt 0.26154119 0.68497401
vt 0.26220942 0.68776119
vt 0.26373559 0.68776119
vt 0.26298386 0.68497401
vt 0.26298386 0.68497401
vt 0.26442650 0.68497401
vt 0.26526174 0.68776119
vt 0.26373559 0.68776119
vt 0.26298386 0.68497401
vt 0.26373559 0.68776119
vt 0.26526174 0.68776119
vt 0.26442650 0.68497401
vt 0.26442650 0.68497401
vt 0.26586914 0.68497401
vt 0.26678795 0.68776119
vt 0.26526174 0.68776119
vt 0.26442650 0.68497401
vt 0.26526174 0.68776119
vt 0.26678795 0.68776119
vt 0.26586914 0.68497401
vt 0.26586914 0.68497401
vt 0.26731181 0.68497401
vt 0.26831412 0.68776119
vt 0.26678795 0.68776119
vt 0.26586914 0.68497401
vt 0.26678795 0.68776119
vt 0.26831412 0.68776119
vt 0.26731181 0.68497401
vt 0.23268817 0.68497401
vt 0.23168588 0.68776119
vt 0.23168588 0.68776119
vt 0.23268817 0.68497401
vt 0.26731181 0.68497401
vt 0.26731181 0.68497401
vt 0.26831412 0.68776119
vt 0.26831412 0.68776119
vt 0.23168588 0.68776119
vt 0.23321205 0.68776119
vt 0.23099391 0.69449002
vt 0.22926609 0.69449002
vt 0.23168588 0.68776119
vt 0.22926609 0.69449002
vt 0.23099391 0.69449002
vt 0.23321205 0.68776119
vt 0.23321205 0.68776119
vt 0.23473823 0.68776119
vt 0.23272173 0.69449002
vt 0.23099391 0.69449002
vt 0.23321205 0.68776119
vt 0.23099391 0.69449002
vt 0.23272173 0.69449002
vt 0.23473823 0.68776119
vt 0.23473823 0.68776119
vt 0.23626441 0.68776119
vt 0.23444957 0.69449002
vt 0.23272173 0.69449002
vt 0.23473823 0.68776119
vt 0.23272173 0.69449002
vt 0.23444957 0.69449002
vt 0.23626441 0.68776119
vt 0.23626441 0.68776119
vt 0.23779057 0.68776119
vt 0.23617738 0.69449002
vt 0.23444957 0.69449002
vt 0.23626441 0.68776119
vt 0.23444957 0.69449002
vt 0.23617738 0.69449002
vt 0.23779057 0.68776119
vt 0.23779057 0.68776119
vt 0.23931676 0.68776119
vt 0.23790520 0.69449002
vt 0.23617738 0.69449002
vt 0.23779057 0.68776119
vt 0.23617738 0.69449002
vt 0.23790520 0.69449002
vt 0.23931676 0.68776119
vt 0.23931676 0.68776119
vt 0.24084292 0.68776119
vt 0.23963304 0.69449002
vt 0.23790520 0.69449002
vt 0.23931676 0.68776119
vt 0.23790520 0.69449002
vt 0.23963304 0.69449002
vt 0.24084292 0.68776119
vt 0.24084292 0.68776119
vt 0.24236912 0.68776119
vt 0.24136086 0.69449002
vt 0.23963304 0.69449002
vt 0.24084292 0.68776119
vt 0.23963304 0.69449002
vt 0.24136086 0.69449002
vt 0.24236912 0.68776119
vt 0.24236912 0.68776119
vt 0.24389528 0.68776119
vt 0.24308868 0.69449002
vt 0.24136086 0.69449002
vt 0.24236912 0.68776119
vt 0.24136086 0.69449002
vt 0.24308868 0.69449002
vt 0.24389528 0.68776119
vt 0.24389528 0.68776119
vt 0.24542147 0.68776119
vt 0.24481651 0.69449002
vt 0.24308868 0.69449002
vt 0.24389528 0.68776119
vt 0.24308868 0.69449002
vt 0.24481651 0.69449002
vt 0.24542147 0.68776119
vt 0.24542147 0.68776119
vt 0.24694763 0.68776119
vt 0.24654435 0.69449002
vt 0.24481651 0.69449002
vt 0.24542147 0.68776119
vt 0.24481651 0.69449002
vt 0.24654435 0.69449002
vt 0.24694763 0.68776119
vt 0.24694763 0.68776119
vt 0.24847382 0.68776119
vt 0.24827215 0.69449002
vt 0.24654435 0.69449002
vt 0.24694763 0.68776119
vt 0.24654435 0.69449002
vt 0.24827215 0.69449002
vt 0.24847382 0.68776119
vt 0.24847382 0.68776119
vt 0.24999999 0.68776119
vt 0.24999999 0.69449002
vt 0.24827215 0.69449002
vt 0.24847382 0.68776119
vt 0.24827215 0.69449002
vt 0.24999999 0.69449002
vt 0.24999999 0.68776119
vt 0.24999999 0.68776119
vt 0.25152615 0.68776119
vt 0.25172782 0.69449002
vt 0.24999999 0.69449002
vt 0.24999999 0.68776119
vt 0.24999999 0.69449002
vt 0.25172782 0.69449002
vt 0.25152615 0.68776119
vt 0.25152615 0.68776119
vt 0.25305232 0.68776119
vt 0.25345564 0.69449002
vt 0.25172782 0.69449002
vt 0.25152615 0.68776119
vt 0.25172782 0.69449002
vt 0.25345564 0.69449002
vt 0.25305232 0.68776119
vt 0.25305232 0.68776119
vt 0.25457853 0.68776119
vt 0.25518349 0.69449002
vt 0.25345564 0.69449002
vt 0.25305232 0.68776119
vt 0.25345564 0.69449002
vt 0.25518349 0.69449002
vt 0.25457853 0.68776119
vt 0.25457853 0.68776119
vt 0.25610471 0.68776119
vt 0.25691128 0.69449002
vt 0.25518349 0.69449002
vt 0.25457853 0.68776119
vt 0.25518349 0.69449002
vt 0.25691128 0.69449002
vt 0.25610471 0.68776119
vt 0.25610471 0.68776119
vt 0.25763088 0.68776119
vt 0.25863913 0.69449002
vt 0.25691128 0.69449002
vt 0.25610471 0.68776119
vt 0.25691128 0.69449002
vt 0.25863913 0.69449002
vt 0.25763088 0.68776119
vt 0.25763088 0.68776119
vt 0.25915703 0.68776119
vt 0.26036695 0.69449002
vt 0.25863913 0.69449002
vt 0.25763088 0.68776119
vt 0.25863913 0.69449002
vt 0.26036695 0.69449002
vt 0.25915703 0.68776119
vt 0.25915703 0.68776119
vt 0.26068324 0.68776119
vt 0.26209477 0.69449002
vt 0.26036695 0.69449002
vt 0.25915703 0.68776119
vt 0.26036695 0.69449002
vt 0.26209477 0.69449002
vt 0.26068324 0.68776119
vt 0.26068324 0.68776119
vt 0.26220942 0.68776119
vt 0.26382262 0.69449002
vt 0.26209477 0.69449002
vt 0.26068324 0.68776119
vt 0.26209477 0.69449002
vt 0.26382262 0.69449002
vt 0.26220942 0.68776119
vt 0.26220942 0.68776119
vt 0.26373559 0.68776119
vt 0.26555040 0.69449002
vt 0.26382262 0.69449002
vt 0.26220942 0.68776119
vt 0.26382262 0.69449002
vt 0.26555040 0.69449002
vt 0.26373559 0.68776119
vt 0.26373559 0.68776119
vt 0.26526174 0.68776119
vt 0.26727825 0.69449002
vt 0.26555040 0.69449002
vt 0.26373559 0.68776119
vt 0.26555040 0.69449002
vt 0.26727825 0.69449002
vt 0.26526174 0.68776119
vt 0.26526174 0.68776119
vt 0.26678795 0.68776119
vt 0.26900607 0.69449002
vt 0.26727825 0.69449002
vt 0.26526174 0.68776119
vt 0.26727825 0.69449002
vt 0.26900607 0.69449002
vt 0.26678795 0.68776119
vt 0.26678795 0.68776119
vt 0.26831412 0.68776119
vt 0.27073389 0.69449002
vt 0.26900607 0.69449002
vt 0.26678795 0.68776119
vt 0.26900607 0.69449002
vt 0.27073389 0.69449002
vt 0.26831412 0.68776119
vt 0.23168588 0.68776119
vt 0.22926609 0.69449002
vt 0.22926609 0.69449002
vt 0.23168588 0.68776119
vt 0.26831412 0.68776119
vt 0.26831412 0.68776119
vt 0.27073389 0.69449002
vt 0.27073389 0.69449002
vt 0.22926609 0.69449002
vt 0.23099391 0.69449002
vt 0.22877577 0.70121884
vt 0.22684629 0.70121884
vt 0.22926609 0.69449002
vt 0.22684629 0.70121884
vt 0.22877577 0.70121884
vt 0.23099391 0.69449002
vt 0.23099391 0.69449002
vt 0.23272173 0.69449002
vt 0.23070525 0.70121884
vt 0.22877577 0.70121884
vt 0.23099391 0.69449002
vt 0.22877577 0.70121884
vt 0.23070525 0.70121884
vt 0.23272173 0.69449002
vt 0.23272173 0.69449002
vt 0.23444957 0.69449002
vt 0.23263472 0.70121884
vt 0.23070525 0.70121884
vt 0.23272173 0.69449002
vt 0.23070525 0.70121884
vt 0.23263472 0.70121884
vt 0.23444957 0.69449002
vt 0.23444957 0.69449002
vt 0.23617738 0.69449002
vt 0.23456419 0.70121884
vt 0.23263472 0.70121884
vt 0.23444957 0.69449002
vt 0.23263472 0.70121884
vt 0.23456419 0.70121884
vt 0.23617738 0.69449002
vt 0.23617738 0.69449002
vt 0.23790520 0.69449002
vt 0.23649366 0.70121884
vt 0.23456419 0.70121884
vt 0.23617738 0.69449002
vt 0.23456419 0.70121884
vt 0.23649366 0.70121884
vt 0.23790520 0.69449002
vt 0.23790520 0.69449002
vt 0.23963304 0.69449002
vt 0.23842314 0.70121884
vt 0.23649366 0.70121884
vt 0.23790520 0.69449002
vt 0.23649366 0.70121884
vt 0.23842314 0.70121884
vt 0.23963304 0.69449002
vt 0.23963304 0.69449002
vt 0.24136086 0.69449002
vt 0.24035262 0.70121884
vt 0.23842314 0.70121884
vt 0.23963304 0.69449002
vt 0.23842314 0.70121884
vt 0.24035262 0.70121884
vt 0.24136086 0.69449002
vt 0.24136086 0.69449002
vt 0.24308868 0.69449002
vt 0.24228208 0.70121884
vt 0.24035262 0.70121884
vt 0.24136086 0.69449002
vt 0.24035262 0.70121884
vt 0.24228208 0.70121884
vt 0.24308868 0.69449002
vt 0.24308868 0.69449002
vt 0.24481651 0.69449002
vt 0.24421155 0.70121884
vt 0.24228208 0.70121884
vt 0.24308868 0.69449002
vt 0.24228208 0.70121884
vt 0.24421155 0.70121884
vt 0.24481651 0.69449002
vt 0.24481651 0.69449002
vt 0.24654435 0.69449002
vt 0.24614103 0.70121884
vt 0.24421155 0.70121884
vt 0.24481651 0.69449002
vt 0.24421155 0.70121884
vt 0.24614103 0.70121884
vt 0.24654435 0.69449002
vt 0.24654435 0.69449002
vt 0.24827215 0.69449002
vt 0.24807051 0.70121884
vt 0.24614103 0.70121884
vt 0.24654435 0.69449002
vt 0.24614103 0.70121884
vt 0.24807051 0.70121884
vt 0.24827215 0.69449002
vt 0.24827215 0.69449002
vt 0.24999999 0.69449002
vt 0.24999999 0.70121884
vt 0.24807051 0.70121884
vt 0.24827215 0.69449002
vt 0.24807051 0.70121884
vt 0.24999999 0.70121884
vt 0.24999999 0.69449002
vt 0.24999999 0.69449002
vt 0.25172782 0.69449002
vt 0.25192946 0.70121884
vt 0.24999999 0.70121884
vt 0.24999999 0.69449002
vt 0.24999999 0.70121884
vt 0.25192946 0.70121884
vt 0.25172782 0.69449002
vt 0.25172782 0.69449002
vt 0.25345564 0.69449002
vt 0.25385895 0.70121884
vt 0.25192946 0.70121884
vt 0.25172782 0.69449002
vt 0.25192946 0.70121884
vt 0.25385895 0.70121884
vt 0.25345564 0.69449002
vt 0.25345564 0.69449002
vt 0.25518349 0.69449002
vt 0.25578842 0.70121884
vt 0.25385895 0.70121884
vt 0.25345564 0.69449002
vt 0.25385895 0.70121884
vt 0.25578842 0.70121884
vt 0.25518349 0.69449002
vt 0.25518349 0.69449002
vt 0.25691128 0.69449002
vt 0.25771791 0.70121884
vt 0.25578842 0.70121884
vt 0.25518349 0.69449002
vt 0.25578842 0.70121884
vt 0.25771791 0.70121884
vt 0.25691128 0.69449002
vt 0.25691128 0.69449002
vt 0.25863913 0.69449002
vt 0.25964737 0.70121884
vt 0.25771791 0.70121884
vt 0.25691128 0.69449002
vt 0.25771791 0.70121884
vt 0.25964737 0.70121884
vt 0.25863913 0.69449002
vt 0.25863913 0.69449002
vt 0.26036695 0.69449002
vt 0.26157686 0.70121884
vt 0.25964737 0.70121884
vt 0.25863913 0.69449002
vt 0.25964737 0.70121884
vt 0.26157686 0.70121884
vt 0.26036695 0.69449002
vt 0.26036695 0.69449002
vt 0.26209477 0.69449002
vt 0.26350632 0.70121884
vt 0.26157686 0.70121884
vt 0.26036695 0.69449002
vt 0.26157686 0.70121884
vt 0.26350632 0.70121884
vt 0.26209477 0.69449002
vt 0.26209477 0.69449002
vt 0.26382262 0.69449002
vt 0.26543581 0.70121884
vt 0.26350632 0.70121884
vt 0.26209477 0.69449002
vt 0.26350632 0.70121884
vt 0.26543581 0.70121884
vt 0.26382262 0.69449002
vt 0.26382262 0.69449002
vt 0.26555040 0.69449002
vt 0.26736528 0.70121884
vt 0.26543581 0.70121884
vt 0.26382262 0.69449002
vt 0.26543581 0.70121884
vt 0.26736528 0.70121884
vt 0.26555040 0.69449002
vt 0.26555040 0.69449002
vt 0.26727825 0.69449002
vt 0.26929474 0.70121884
vt 0.26736528 0.70121884
vt 0.26555040 0.69449002
vt 0.26736528 0.70121884
vt 0.26929474 0.70121884
vt 0.26727825 0.69449002
vt 0.26727825 0.69449002
vt 0.26900607 0.69449002
vt 0.27122423 0.70121884
vt 0.26929474 0.70121884
vt 0.26727825 0.69449002
vt 0.26929474 0.70121884
vt 0.27122423 0.70121884
vt 0.26900607 0.69449002
vt 0.26900607 0.69449002
vt 0.27073389 0.69449002
vt 0.27315369 0.70121884
vt 0.27122423 0.70121884
vt 0.26900607 0.69449002
vt 0.27122423 0.70121884
vt 0.27315369 0.70121884
vt 0.27073389 0.69449002
vt 0.22926609 0.69449002
vt 0.22684629 0.70121884
vt 0.22684629 0.70121884
vt 0.22926609 0.69449002
vt 0.27073389 0.69449002
vt 0.27073389 0.69449002
vt 0.27315369 0.70121884
vt 0.27315369 0.70121884
vt 0.22684629 0.70121884
vt 0.22877577 0.70121884
vt 0.22785699 0.70400596
vt 0.22584400 0.70400596
vt 0.22684629 0.70121884
vt 0.22584400 0.70400596
vt 0.22785699 0.70400596
vt 0.22877577 0.70121884
vt 0.22877577 0.70121884
vt 0.23070525 0.70121884
vt 0.22986999 0.70400596
vt 0.22785699 0.70400596
vt 0.22877577 0.70121884
vt 0.22785699 0.70400596
vt 0.22986999 0.70400596
vt 0.23070525 0.70121884
vt 0.23070525 0.70121884
vt 0.23263472 0.70121884
vt 0.23188299 0.70400596
vt 0.22986999 0.70400596
vt 0.23070525 0.70121884
vt 0.22986999 0.70400596
vt 0.23188299 0.70400596
vt 0.23263472 0.70121884
vt 0.23263472 0.70121884
vt 0.23456419 0.70121884
vt 0.23389599 0.70400596
vt 0.23188299 0.70400596
vt 0.23263472 0.70121884
vt 0.23188299 0.70400596
vt 0.23389599 0.70400596
vt 0.23456419 0.70121884
vt 0.23456419 0.70121884
vt 0.23649366 0.70121884
vt 0.23590899 0.70400596
vt 0.23389599 0.70400596
vt 0.23456419 0.70121884
vt 0.23389599 0.70400596
vt 0.23590899 0.70400596
vt 0.23649366 0.70121884
vt 0.23649366 0.70121884
vt 0.23842314 0.70121884
vt 0.23792198 0.70400596
vt 0.23590899 0.70400596
vt 0.23649366 0.70121884
vt 0.23590899 0.70400596
vt 0.23792198 0.70400596
vt 0.23842314 0.70121884
vt 0.23842314 0.70121884
vt 0.24035262 0.70121884
vt 0.23993498 0.70400596
vt 0.23792198 0.70400596
vt 0.23842314 0.70121884
vt 0.23792198 0.70400596
vt 0.23993498 0.70400596
vt 0.24035262 0.70121884
vt 0.24035262 0.70121884
vt 0.24228208 0.70121884
vt 0.24194799 0.70400596
vt 0.23993498 0.70400596
vt 0.24035262 0.70121884
vt 0.23993498 0.70400596
vt 0.24194799 0.70400596
vt 0.24228208 0.70121884
vt 0.24228208 0.70121884
vt 0.24421155 0.70121884
vt 0.24396099 0.70400596
vt 0.24194799 0.70400596
vt 0.24228208 0.70121884
vt 0.24194799 0.70400596
vt 0.24396099 0.70400596
vt 0.24421155 0.70121884
vt 0.24421155 0.70121884
vt 0.24614103 0.70121884
vt 0.24597399 0.70400596
vt 0.24396099 0.70400596
vt 0.24421155 0.70121884
vt 0.24396099 0.70400596
vt 0.24597399 0.70400596
vt 0.24614103 0.70121884
vt 0.24614103 0.70121884
vt 0.24807051 0.70121884
vt 0.24798699 0.70400596
vt 0.24597399 0.70400596
vt 0.24614103 0.70121884
vt 0.24597399 0.70400596
vt 0.24798699 0.70400596
vt 0.24807051 0.70121884
vt 0.24807051 0.70121884
vt 0.24999999 0.70121884
vt 0.24999999 0.70400596
vt 0.24798699 0.70400596
vt 0.24807051 0.70121884
vt 0.24798699 0.70400596
vt 0.24999999 0.70400596
vt 0.24999999 0.70121884
vt 0.24999999 0.70121884
vt 0.25192946 0.70121884
vt 0.25201300 0.70400596
vt 0.24999999 0.70400596
vt 0.24999999 0.70121884
vt 0.24999999 0.70400596
vt 0.25201300 0.70400596
vt 0.25192946 0.70121884
vt 0.25192946 0.70121884
vt 0.25385895 0.70121884
vt 0.25402600 0.70400596
vt 0.25201300 0.70400596
vt 0.25192946 0.70121884
vt 0.25201300 0.70400596
vt 0.25402600 0.70400596
vt 0.25385895 0.70121884
vt 0.25385895 0.70121884
vt 0.25578842 0.70121884
vt 0.25603899 0.70400596
vt 0.25402600 0.70400596
vt 0.25385895 0.70121884
vt 0.25402600 0.70400596
vt 0.25603899 0.70400596
vt 0.25578842 0.70121884
vt 0.25578842 0.70121884
vt 0.25771791 0.70121884
vt 0.25805199 0.70400596
vt 0.25603899 0.70400596
vt 0.25578842 0.70121884
vt 0.25603899 0.70400596
vt 0.25805199 0.70400596
vt 0.25771791 0.70121884
vt 0.25771791 0.70121884
vt 0.25964737 0.70121884
vt 0.26006499 0.70400596
vt 0.25805199 0.70400596
vt 0.25771791 0.70121884
vt 0.25805199 0.70400596
vt 0.26006499 0.70400596
vt 0.25964737 0.70121884
vt 0.25964737 0.70121884
vt 0.26157686 0.70121884
vt 0.26207799 0.70400596
vt 0.26006499 0.70400596
vt 0.25964737 0.70121884
vt 0.26006499 0.70400596
vt 0.26207799 0.70400596
vt 0.26157686 0.70121884
vt 0.26157686 0.70121884
vt 0.26350632 0.70121884
vt 0.26409099 0.70400596
vt 0.26207799 0.70400596
vt 0.26157686 0.70121884
vt 0.26207799 0.70400596
vt 0.26409099 0.70400596
vt 0.26350632 0.70121884
vt 0.26350632 0.70121884
vt 0.26543581 0.70121884
vt 0.26610398 0.70400596
vt 0.26409099 0.70400596
vt 0.26350632 0.70121884
vt 0.26409099 0.70400596
vt 0.26610398 0.70400596
vt 0.26543581 0.70121884
vt 0.26543581 0.70121884
vt 0.26736528 0.70121884
vt 0.26811698 0.70400596
vt 0.26610398 0.70400596
vt 0.26543581 0.70121884
vt 0.26610398 0.70400596
vt 0.26811698 0.70400596
vt 0.26736528 0.70121884
vt 0.26736528 0.70121884
vt 0.26929474 0.70121884
vt 0.27013001 0.70400596
vt 0.26811698 0.70400596
vt 0.26736528 0.70121884
vt 0.26811698 0.70400596
vt 0.27013001 0.70400596
vt 0.26929474 0.70121884
vt 0.26929474 0.70121884
vt 0.27122423 0.70121884
vt 0.27214301 0.70400596
vt 0.27013001 0.70400596
vt 0.26929474 0.70121884
vt 0.27013001 0.70400596
vt 0.27214301 0.70400596
vt 0.27122423 0.70121884
vt 0.27122423 0.70121884
vt 0.27315369 0.70121884
vt 0.27415600 0.70400596
vt 0.27214301 0.70400596
vt 0.27122423 0.70121884
vt 0.27214301 0.70400596
vt 0.27415600 0.70400596
vt 0.27315369 0.70121884
vt 0.22684629 0.70121884
vt 0.22584400 0.70400596
vt 0.22584400 0.70400596
vt 0.22684629 0.70121884
vt 0.27315369 0.70121884
vt 0.27315369 0.70121884
vt 0.27415600 0.70400596
vt 0.27415600 0.70400596
vt 0.22584400 0.70400596
vt 0.22785699 0.70400596
vt 0.22695622 0.70725769
vt 0.22486132 0.70725769
vt 0.22584400 0.70400596
vt 0.22486132 0.70725769
vt 0.22695622 0.70725769
vt 0.22785699 0.70400596
vt 0.22785699 0.70400596
vt 0.22986999 0.70400596
vt 0.22905110 0.70725769
vt 0.22695622 0.70725769
vt 0.22785699 0.70400596
vt 0.22695622 0.70725769
vt 0.22905110 0.70725769
vt 0.22986999 0.70400596
vt 0.22986999 0.70400596
vt 0.23188299 0.70400596
vt 0.23114599 0.70725769
vt 0.22905110 0.70725769
vt 0.22986999 0.70400596
vt 0.22905110 0.70725769
vt 0.23114599 0.70725769
vt 0.23188299 0.70400596
vt 0.23188299 0.70400596
vt 0.23389599 0.70400596
vt 0.23324087 0.70725769
vt 0.23114599 0.70725769
vt 0.23188299 0.70400596
vt 0.23114599 0.70725769
vt 0.23324087 0.70725769
vt 0.23389599 0.70400596
vt 0.23389599 0.70400596
vt 0.23590899 0.70400596
vt 0.23533577 0.70725769
vt 0.23324087 0.70725769
vt 0.23389599 0.70400596
vt 0.23324087 0.70725769
vt 0.23533577 0.70725769
vt 0.23590899 0.70400596
vt 0.23590899 0.70400596
vt 0.23792198 0.70400596
vt 0.23743065 0.70725769
vt 0.23533577 0.70725769
vt 0.23590899 0.70400596
vt 0.23533577 0.70725769
vt 0.23743065 0.70725769
vt 0.23792198 0.70400596
vt 0.23792198 0.70400596
vt 0.23993498 0.70400596
vt 0.23952554 0.70725769
vt 0.23743065 0.70725769
vt 0.23792198 0.70400596
vt 0.23743065 0.70725769
vt 0.23952554 0.70725769
vt 0.23993498 0.70400596
vt 0.23993498 0.70400596
vt 0.24194799 0.70400596
vt 0.24162044 0.70725769
vt 0.23952554 0.70725769
vt 0.23993498 0.70400596
vt 0.23952554 0.70725769
vt 0.24162044 0.70725769
vt 0.24194799 0.70400596
vt 0.24194799 0.70400596
vt 0.24396099 0.70400596
vt 0.24371532 0.70725769
vt 0.24162044 0.70725769
vt 0.24194799 0.70400596
vt 0.24162044 0.70725769
vt 0.24371532 0.70725769
vt 0.24396099 0.70400596
vt 0.24396099 0.70400596
vt 0.24597399 0.70400596
vt 0.24581021 0.70725769
vt 0.24371532 0.70725769
vt 0.24396099 0.70400596
vt 0.24371532 0.70725769
vt 0.24581021 0.70725769
vt 0.24597399 0.70400596
vt 0.24597399 0.70400596
vt 0.24798699 0.70400596
vt 0.24790509 0.70725769
vt 0.24581021 0.70725769
vt 0.24597399 0.70400596
vt 0.24581021 0.70725769
vt 0.24790509 0.70725769
vt 0.24798699 0.70400596
vt 0.24798699 0.70400596
vt 0.24999999 0.70400596
vt 0.24999999 0.70725769
vt 0.24790509 0.70725769
vt 0.24798699 0.70400596
vt 0.24790509 0.70725769
vt 0.24999999 0.70725769
vt 0.24999999 0.70400596
vt 0.24999999 0.70400596
vt 0.25201300 0.70400596
vt 0.25209486 0.70725769
vt 0.24999999 0.70725769
vt 0.24999999 0.70400596
vt 0.24999999 0.70725769
vt 0.25209486 0.70725769
vt 0.25201300 0.70400596
vt 0.25201300 0.70400596
vt 0.25402600 0.70400596
vt 0.25418979 0.70725769
vt 0.25209486 0.70725769
vt 0.25201300 0.70400596
vt 0.25209486 0.70725769
vt 0.25418979 0.70725769
vt 0.25402600 0.70400596
vt 0.25402600 0.70400596
vt 0.25603899 0.70400596
vt 0.25628465 0.70725769
vt 0.25418979 0.70725769
vt 0.25402600 0.70400596
vt 0.25418979 0.70725769
vt 0.25628465 0.70725769
vt 0.25603899 0.70400596
vt 0.25603899 0.70400596
vt 0.25805199 0.70400596
vt 0.25837955 0.70725769
vt 0.25628465 0.70725769
vt 0.25603899 0.70400596
vt 0.25628465 0.70725769
vt 0.25837955 0.70725769
vt 0.25805199 0.70400596
vt 0.25805199 0.70400596
vt 0.26006499 0.70400596
vt 0.26047441 0.70725769
vt 0.25837955 0.70725769
vt 0.25805199 0.70400596
vt 0.25837955 0.70725769
vt 0.26047441 0.70725769
vt 0.26006499 0.70400596
vt 0.26006499 0.70400596
vt 0.26207799 0.70400596
vt 0.26256934 0.70725769
vt 0.26047441 0.70725769
vt 0.26006499 0.70400596
vt 0.26047441 0.70725769
vt 0.26256934 0.70725769
vt 0.26207799 0.70400596
vt 0.26207799 0.70400596
vt 0.26409099 0.70400596
vt 0.26466420 0.70725769
vt 0.26256934 0.70725769
vt 0.26207799 0.70400596
vt 0.26256934 0.70725769
vt 0.26466420 0.70725769
vt 0.26409099 0.70400596
vt 0.26409099 0.70400596
vt 0.26610398 0.70400596
vt 0.26675910 0.70725769
vt 0.26466420 0.70725769
vt 0.26409099 0.70400596
vt 0.26466420 0.70725769
vt 0.26675910 0.70725769
vt 0.26610398 0.70400596
vt 0.26610398 0.70400596
vt 0.26811698 0.70400596
vt 0.26885399 0.70725769
vt 0.26675910 0.70725769
vt 0.26610398 0.70400596
vt 0.26675910 0.70725769
vt 0.26885399 0.70725769
vt 0.26811698 0.70400596
vt 0.26811698 0.70400596
vt 0.27013001 0.70400596
vt 0.27094889 0.70725769
vt 0.26885399 0.70725769
vt 0.26811698 0.70400596
vt 0.26885399 0.70725769
vt 0.27094889 0.70725769
vt 0.27013001 0.70400596
vt 0.27013001 0.70400596
vt 0.27214301 0.70400596
vt 0.27304375 0.70725769
vt 0.27094889 0.70725769
vt 0.27013001 0.70400596
vt 0.27094889 0.70725769
vt 0.27304375 0.70725769
vt 0.27214301 0.70400596
vt 0.27214301 0.70400596
vt 0.27415600 0.70400596
vt 0.27513868 0.70725769
vt 0.27304375 0.70725769
vt 0.27214301 0.70400596
vt 0.27304375 0.70725769
vt 0.27513868 0.70725769
vt 0.27415600 0.70400596
vt 0.22584400 0.70400596
vt 0.22486132 0.70725769
vt 0.22486132 0.70725769
vt 0.22584400 0.70400596
vt 0.27415600 0.70400596
vt 0.27415600 0.70400596
vt 0.27513868 0.70725769
vt 0.27513868 0.70725769
vt 0.22486132 0.70725769
vt 0.22695622 0.70725769
vt 0.22478157 0.71510804
vt 0.22248898 0.71510804
vt 0.22486132 0.70725769
vt 0.22248898 0.71510804
vt 0.22478157 0.71510804
vt 0.22695622 0.70725769
vt 0.22695622 0.70725769
vt 0.22905110 0.70725769
vt 0.22707416 0.71510804
vt 0.22478157 0.71510804
vt 0.22695622 0.70725769
vt 0.22478157 0.71510804
vt 0.22707416 0.71510804
vt 0.22905110 0.70725769
vt 0.22905110 0.70725769
vt 0.23114599 0.70725769
vt 0.22936673 0.71510804
vt 0.22707416 0.71510804
vt 0.22905110 0.70725769
vt 0.22707416 0.71510804
vt 0.22936673 0.71510804
vt 0.23114599 0.70725769
vt 0.23114599 0.70725769
vt 0.23324087 0.70725769
vt 0.23165931 0.71510804
vt 0.22936673 0.71510804
vt 0.23114599 0.70725769
vt 0.22936673 0.71510804
vt 0.23165931 0.71510804
vt 0.23324087 0.70725769
vt 0.23324087 0.70725769
vt 0.23533577 0.70725769
vt 0.23395190 0.71510804
vt 0.23165931 0.71510804
vt 0.23324087 0.70725769
vt 0.23165931 0.71510804
vt 0.23395190 0.71510804
vt 0.23533577 0.70725769
vt 0.23533577 0.70725769
vt 0.23743065 0.70725769
vt 0.23624448 0.71510804
vt 0.23395190 0.71510804
vt 0.23533577 0.70725769
vt 0.23395190 0.71510804
vt 0.23624448 0.71510804
vt 0.23743065 0.70725769
vt 0.23743065 0.70725769
vt 0.23952554 0.70725769
vt 0.23853706 0.71510804
vt 0.23624448 0.71510804
vt 0.23743065 0.70725769
vt 0.23624448 0.71510804
vt 0.23853706 0.71510804
vt 0.23952554 0.70725769
vt 0.23952554 0.70725769
vt 0.24162044 0.70725769
vt 0.24082965 0.71510804
vt 0.23853706 0.71510804
vt 0.23952554 0.70725769
vt 0.23853706 0.71510804
vt 0.24082965 0.71510804
vt 0.24162044 0.70725769
vt 0.24162044 0.70725769
vt 0.24371532 0.70725769
vt 0.24312223 0.71510804
vt 0.24082965 0.71510804
vt 0.24162044 0.70725769
vt 0.24082965 0.71510804
vt 0.24312223 0.71510804
vt 0.24371532 0.70725769
vt 0.24371532 0.70725769
vt 0.24581021 0.70725769
vt 0.24541482 0.71510804
vt 0.24312223 0.71510804
vt 0.24371532 0.70725769
vt 0.24312223 0.71510804
vt 0.24541482 0.71510804
vt 0.24581021 0.70725769
vt 0.24581021 0.70725769
vt 0.24790509 0.70725769
vt 0.24770740 0.71510804
vt 0.24541482 0.71510804
vt 0.24581021 0.70725769
vt 0.24541482 0.71510804
vt 0.24770740 0.71510804
vt 0.24790509 0.70725769
vt 0.24790509 0.70725769
vt 0.24999999 0.70725769
vt 0.24999999 0.71510804
vt 0.24770740 0.71510804
vt 0.24790509 0.70725769
vt 0.24770740 0.71510804
vt 0.24999999 0.71510804
vt 0.24999999 0.70725769
vt 0.24999999 0.70725769
vt 0.25209486 0.70725769
vt 0.25229257 0.71510804
vt 0.24999999 0.71510804
vt 0.24999999 0.70725769
vt 0.24999999 0.71510804
vt 0.25229257 0.71510804
vt 0.25209486 0.70725769
vt 0.25209486 0.70725769
vt 0.25418979 0.70725769
vt 0.25458515 0.71510804
vt 0.25229257 0.71510804
vt 0.25209486 0.70725769
vt 0.25229257 0.71510804
vt 0.25458515 0.71510804
vt 0.25418979 0.70725769
vt 0.25418979 0.70725769
vt 0.25628465 0.70725769
vt 0.25687775 0.71510804
vt 0.25458515 0.71510804
vt 0.25418979 0.70725769
vt 0.25458515 0.71510804
vt 0.25687775 0.71510804
vt 0.25628465 0.70725769
vt 0.25628465 0.70725769
vt 0.25837955 0.70725769
vt 0.25917032 0.71510804
vt 0.25687775 0.71510804
vt 0.25628465 0.70725769
vt 0.25687775 0.71510804
vt 0.25917032 0.71510804
vt 0.25837955 0.70725769
vt 0.25837955 0.70725769
vt 0.26047441 0.70725769
vt 0.26146293 0.71510804
vt 0.25917032 0.71510804
vt 0.25837955 0.70725769
vt 0.25917032 0.71510804
vt 0.26146293 0.71510804
vt 0.26047441 0.70725769
vt 0.26047441 0.70725769
vt 0.26256934 0.70725769
vt 0.26375550 0.71510804
vt 0.26146293 0.71510804
vt 0.26047441 0.70725769
vt 0.26146293 0.71510804
vt 0.26375550 0.71510804
vt 0.26256934 0.70725769
vt 0.26256934 0.70725769
vt 0.26466420 0.70725769
vt 0.26604810 0.71510804
vt 0.26375550 0.71510804
vt 0.26256934 0.70725769
vt 0.26375550 0.71510804
vt 0.26604810 0.71510804
vt 0.26466420 0.70725769
vt 0.26466420 0.70725769
vt 0.26675910 0.70725769
vt 0.26834068 0.71510804
vt 0.26604810 0.71510804
vt 0.26466420 0.70725769
vt 0.26604810 0.71510804
vt 0.26834068 0.71510804
vt 0.26675910 0.70725769
vt 0.26675910 0.70725769
vt 0.26885399 0.70725769
vt 0.27063325 0.71510804
vt 0.26834068 0.71510804
vt 0.26675910 0.70725769
vt 0.26834068 0.71510804
vt 0.27063325 0.71510804
vt 0.26885399 0.70725769
vt 0.26885399 0.70725769
vt 0.27094889 0.70725769
vt 0.27292585 0.71510804
vt 0.27063325 0.71510804
vt 0.26885399 0.70725769
vt 0.27063325 0.71510804
vt 0.27292585 0.71510804
vt 0.27094889 0.70725769
vt 0.27094889 0.70725769
vt 0.27304375 0.70725769
vt 0.27521843 0.71510804
vt 0.27292585 0.71510804
vt 0.27094889 0.70725769
vt 0.27292585 0.71510804
vt 0.27521843 0.71510804
vt 0.27304375 0.70725769
vt 0.27304375 0.70725769
vt 0.27513868 0.70725769
vt 0.27751100 0.71510804
vt 0.27521843 0.71510804
vt 0.27304375 0.70725769
vt 0.27521843 0.71510804
vt 0.27751100 0.71510804
vt 0.27513868 0.70725769
vt 0.22486132 0.70725769
vt 0.22248898 0.71510804
vt 0.22248898 0.71510804
vt 0.22486132 0.70725769
vt 0.27513868 0.70725769
vt 0.27513868 0.70725769
vt 0.27751100 0.71510804
vt 0.27751100 0.71510804
vt 0.22248898 0.71510804
vt 0.22478157 0.71510804
vt 0.22260693 0.72295833
vt 0.22011665 0.72295833
vt 0.22248898 0.71510804
vt 0.22011665 0.72295833
vt 0.22260693 0.72295833
vt 0.22478157 0.71510804
vt 0.22478157 0.71510804
vt 0.22707416 0.71510804
vt 0.22509719 0.72295833
vt 0.22260693 0.72295833
vt 0.22478157 0.71510804
vt 0.22260693 0.72295833
vt 0.22509719 0.72295833
vt 0.22707416 0.71510804
vt 0.22707416 0.71510804
vt 0.22936673 0.71510804
vt 0.22758748 0.72295833
vt 0.22509719 0.72295833
vt 0.22707416 0.71510804
vt 0.22509719 0.72295833
vt 0.22758748 0.72295833
vt 0.22936673 0.71510804
vt 0.22936673 0.71510804
vt 0.23165931 0.71510804
vt 0.23007776 0.72295833
vt 0.22758748 0.72295833
vt 0.22936673 0.71510804
vt 0.22758748 0.72295833
vt 0.23007776 0.72295833
vt 0.23165931 0.71510804
vt 0.23165931 0.71510804
vt 0.23395190 0.71510804
vt 0.23256804 0.72295833
vt 0.23007776 0.72295833
vt 0.23165931 0.71510804
vt 0.23007776 0.72295833
vt 0.23256804 0.72295833
vt 0.23395190 0.71510804
vt 0.23395190 0.71510804
vt 0.23624448 0.71510804
vt 0.23505831 0.72295833
vt 0.23256804 0.72295833
vt 0.23395190 0.71510804
vt 0.23256804 0.72295833
vt 0.23505831 0.72295833
vt 0.23624448 0.71510804
vt 0.23624448 0.71510804
vt 0.23853706 0.71510804
vt 0.23754860 0.72295833
vt 0.23505831 0.72295833
vt 0.23624448 0.71510804
vt 0.23505831 0.72295833
vt 0.23754860 0.72295833
vt 0.23853706 0.71510804
vt 0.23853706 0.71510804
vt 0.24082965 0.71510804
vt 0.24003887 0.72295833
vt 0.23754860 0.72295833
vt 0.23853706 0.71510804
vt 0.23754860 0.72295833
vt 0.24003887 0.72295833
vt 0.24082965 0.71510804
vt 0.24082965 0.71510804
vt 0.24312223 0.71510804
vt 0.24252915 0.72295833
vt 0.24003887 0.72295833
vt 0.24082965 0.71510804
vt 0.24003887 0.72295833
vt 0.24252915 0.72295833
vt 0.24312223 0.71510804
vt 0.24312223 0.71510804
vt 0.24541482 0.71510804
vt 0.24501942 0.72295833
vt 0.24252915 0.72295833
vt 0.24312223 0.71510804
vt 0.24252915 0.72295833
vt 0.24501942 0.72295833
vt 0.24541482 0.71510804
vt 0.24541482 0.71510804
vt 0.24770740 0.71510804
vt 0.24750972 0.72295833
vt 0.24501942 0.72295833
vt 0.24541482 0.71510804
vt 0.24501942 0.72295833
vt 0.24750972 0.72295833
vt 0.24770740 0.71510804
vt 0.24770740 0.71510804
vt 0.24999999 0.71510804
vt 0.24999999 0.72295833
vt 0.24750972 0.72295833
vt 0.24770740 0.71510804
vt 0.24750972 0.72295833
vt 0.24999999 0.72295833
vt 0.24999999 0.71510804
vt 0.24999999 0.71510804
vt 0.25229257 0.71510804
vt 0.25249028 0.72295833
vt 0.24999999 0.72295833
vt 0.24999999 0.71510804
vt 0.24999999 0.72295833
vt 0.25249028 0.72295833
vt 0.25229257 0.71510804
vt 0.25229257 0.71510804
vt 0.25458515 0.71510804
vt 0.25498053 0.72295833
vt 0.25249028 0.72295833
vt 0.25229257 0.71510804
vt 0.25249028 0.72295833
vt 0.25498053 0.72295833
vt 0.25458515 0.71510804
vt 0.25458515 0.71510804
vt 0.25687775 0.71510804
vt 0.25747085 0.72295833
vt 0.25498053 0.72295833
vt 0.25458515 0.71510804
vt 0.25498053 0.72295833
vt 0.25747085 0.72295833
vt 0.25687775 0.71510804
vt 0.25687775 0.71510804
vt 0.25917032 0.71510804
vt 0.25996113 0.72295833
vt 0.25747085 0.72295833
vt 0.25687775 0.71510804
vt 0.25747085 0.72295833
vt 0.25996113 0.72295833
vt 0.25917032 0.71510804
vt 0.25917032 0.71510804
vt 0.26146293 0.71510804
vt 0.26245138 0.72295833
vt 0.25996113 0.72295833
vt 0.25917032 0.71510804
vt 0.25996113 0.72295833
vt 0.26245138 0.72295833
vt 0.26146293 0.71510804
vt 0.26146293 0.71510804
vt 0.26375550 0.71510804
vt 0.26494166 0.72295833
vt 0.26245138 0.72295833
vt 0.26146293 0.71510804
vt 0.26245138 0.72295833
vt 0.26494166 0.72295833
vt 0.26375550 0.71510804
vt 0.26375550 0.71510804
vt 0.26604810 0.71510804
vt 0.26743194 0.72295833
vt 0.26494166 0.72295833
vt 0.26375550 0.71510804
vt 0.26494166 0.72295833
vt 0.26743194 0.72295833
vt 0.26604810 0.71510804
vt 0.26604810 0.71510804
vt 0.26834068 0.71510804
vt 0.26992223 0.72295833
vt 0.26743194 0.72295833
vt 0.26604810 0.71510804
vt 0.26743194 0.72295833
vt 0.26992223 0.72295833
vt 0.26834068 0.71510804
vt 0.26834068 0.71510804
vt 0.27063325 0.71510804
vt 0.27241251 0.72295833
vt 0.26992223 0.72295833
vt 0.26834068 0.71510804
vt 0.26992223 0.72295833
vt 0.27241251 0.72295833
vt 0.27063325 0.71510804
vt 0.27063325 0.71510804
vt 0.27292585 0.71510804
vt 0.27490276 0.72295833
vt 0.27241251 0.72295833
vt 0.27063325 0.71510804
vt 0.27241251 0.72295833
vt 0.27490276 0.72295833
vt 0.27292585 0.71510804
vt 0.27292585 0.71510804
vt 0.27521843 0.71510804
vt 0.27739307 0.72295833
vt 0.27490276 0.72295833
vt 0.27292585 0.71510804
vt 0.27490276 0.72295833
vt 0.27739307 0.72295833
vt 0.27521843 0.71510804
vt 0.27521843 0.71510804
vt 0.27751100 0.71510804
vt 0.27988335 0.72295833
vt 0.27739307 0.72295833
vt 0.27521843 0.71510804
vt 0.27739307 0.72295833
vt 0.27988335 0.72295833
vt 0.27751100 0.71510804
vt 0.22248898 0.71510804
vt 0.22011665 0.72295833
vt 0.22011665 0.72295833
vt 0.22248898 0.71510804
vt 0.27751100 0.71510804
vt 0.27751100 0.71510804
vt 0.27988335 0.72295833
vt 0.27988335 0.72295833
vt 0.22011665 0.72295833
vt 0.22260693 0.72295833
vt 0.22170615 0.72621000
vt 0.21913399 0.72621000
vt 0.22011665 0.72295833
vt 0.21913399 0.72621000
vt 0.22170615 0.72621000
vt 0.22260693 0.72295833
vt 0.22260693 0.72295833
vt 0.22509719 0.72295833
vt 0.22427832 0.72621000
vt 0.22170615 0.72621000
vt 0.22260693 0.72295833
vt 0.22170615 0.72621000
vt 0.22427832 0.72621000
vt 0.22509719 0.72295833
vt 0.22509719 0.72295833
vt 0.22758748 0.72295833
vt 0.22685049 0.72621000
vt 0.22427832 0.72621000
vt 0.22509719 0.72295833
vt 0.22427832 0.72621000
vt 0.22685049 0.72621000
vt 0.22758748 0.72295833
vt 0.22758748 0.72295833
vt 0.23007776 0.72295833
vt 0.22942264 0.72621000
vt 0.22685049 0.72621000
vt 0.22758748 0.72295833
vt 0.22685049 0.72621000
vt 0.22942264 0.72621000
vt 0.23007776 0.72295833
vt 0.23007776 0.72295833
vt 0.23256804 0.72295833
vt 0.23199482 0.72621000
vt 0.22942264 0.72621000
vt 0.23007776 0.72295833
vt 0.22942264 0.72621000
vt 0.23199482 0.72621000
vt 0.23256804 0.72295833
vt 0.23256804 0.72295833
vt 0.23505831 0.72295833
vt 0.23456699 0.72621000
vt 0.23199482 0.72621000
vt 0.23256804 0.72295833
vt 0.23199482 0.72621000
vt 0.23456699 0.72621000
vt 0.23505831 0.72295833
vt 0.23505831 0.72295833
vt 0.23754860 0.72295833
vt 0.23713915 0.72621000
vt 0.23456699 0.72621000
vt 0.23505831 0.72295833
vt 0.23456699 0.72621000
vt 0.23713915 0.72621000
vt 0.23754860 0.72295833
vt 0.23754860 0.72295833
vt 0.24003887 0.72295833
vt 0.23971133 0.72621000
vt 0.23713915 0.72621000
vt 0.23754860 0.72295833
vt 0.23713915 0.72621000
vt 0.23971133 0.72621000
vt 0.24003887 0.72295833
vt 0.24003887 0.72295833
vt 0.24252915 0.72295833
vt 0.24228349 0.72621000
vt 0.23971133 0.72621000
vt 0.24003887 0.72295833
vt 0.23971133 0.72621000
vt 0.24228349 0.72621000
vt 0.24252915 0.72295833
vt 0.24252915 0.72295833
vt 0.24501942 0.72295833
vt 0.24485564 0.72621000
vt 0.24228349 0.72621000
vt 0.24252915 0.72295833
vt 0.24228349 0.72621000
vt 0.24485564 0.72621000
vt 0.24501942 0.72295833
vt 0.24501942 0.72295833
vt 0.24750972 0.72295833
vt 0.24742782 0.72621000
vt 0.24485564 0.72621000
vt 0.24501942 0.72295833
vt 0.24485564 0.72621000
vt 0.24742782 0.72621000
vt 0.24750972 0.72295833
vt 0.24750972 0.72295833
vt 0.24999999 0.72295833
vt 0.24999999 0.72621000
vt 0.24742782 0.72621000
vt 0.24750972 0.72295833
vt 0.24742782 0.72621000
vt 0.24999999 0.72621000
vt 0.24999999 0.72295833
vt 0.24999999 0.72295833
vt 0.25249028 0.72295833
vt 0.25257215 0.72621000
vt 0.24999999 0.72621000
vt 0.24999999 0.72295833
vt 0.24999999 0.72621000
vt 0.25257215 0.72621000
vt 0.25249028 0.72295833
vt 0.25249028 0.72295833
vt 0.25498053 0.72295833
vt 0.25514433 0.72621000
vt 0.25257215 0.72621000
vt 0.25249028 0.72295833
vt 0.25257215 0.72621000
vt 0.25514433 0.72621000
vt 0.25498053 0.72295833
vt 0.25498053 0.72295833
vt 0.25747085 0.72295833
vt 0.25771651 0.72621000
vt 0.25514433 0.72621000
vt 0.25498053 0.72295833
vt 0.25514433 0.72621000
vt 0.25771651 0.72621000
vt 0.25747085 0.72295833
vt 0.25747085 0.72295833
vt 0.25996113 0.72295833
vt 0.26028869 0.72621000
vt 0.25771651 0.72621000
vt 0.25747085 0.72295833
vt 0.25771651 0.72621000
vt 0.26028869 0.72621000
vt 0.25996113 0.72295833
vt 0.25996113 0.72295833
vt 0.26245138 0.72295833
vt 0.26286083 0.72621000
vt 0.26028869 0.72621000
vt 0.25996113 0.72295833
vt 0.26028869 0.72621000
vt 0.26286083 0.72621000
vt 0.26245138 0.72295833
vt 0.26245138 0.72295833
vt 0.26494166 0.72295833
vt 0.26543298 0.72621000
vt 0.26286083 0.72621000
vt 0.26245138 0.72295833
vt 0.26286083 0.72621000
vt 0.26543298 0.72621000
vt 0.26494166 0.72295833
vt 0.26494166 0.72295833
vt 0.26743194 0.72295833
vt 0.26800516 0.72621000
vt 0.26543298 0.72621000
vt 0.26494166 0.72295833
vt 0.26543298 0.72621000
vt 0.26800516 0.72621000
vt 0.26743194 0.72295833
vt 0.26743194 0.72295833
vt 0.26992223 0.72295833
vt 0.27057731 0.72621000
vt 0.26800516 0.72621000
vt 0.26743194 0.72295833
vt 0.26800516 0.72621000
vt 0.27057731 0.72621000
vt 0.26992223 0.72295833
vt 0.26992223 0.72295833
vt 0.27241251 0.72295833
vt 0.27314949 0.72621000
vt 0.27057731 0.72621000
vt 0.26992223 0.72295833
vt 0.27057731 0.72621000
vt 0.27314949 0.72621000
vt 0.27241251 0.72295833
vt 0.27241251 0.72295833
vt 0.27490276 0.72295833
vt 0.27572167 0.72621000
vt 0.27314949 0.72621000
vt 0.27241251 0.72295833
vt 0.27314949 0.72621000
vt 0.27572167 0.72621000
vt 0.27490276 0.72295833
vt 0.27490276 0.72295833
vt 0.27739307 0.72295833
vt 0.27829382 0.72621000
vt 0.27572167 0.72621000
vt 0.27490276 0.72295833
vt 0.27572167 0.72621000
vt 0.27829382 0.72621000
vt 0.27739307 0.72295833
vt 0.27739307 0.72295833
vt 0.27988335 0.72295833
vt 0.28086600 0.72621000
vt 0.27829382 0.72621000
vt 0.27739307 0.72295833
vt 0.27829382 0.72621000
vt 0.28086600 0.72621000
vt 0.27988335 0.72295833
vt 0.22011665 0.72295833
vt 0.21913399 0.72621000
vt 0.21913399 0.72621000
vt 0.22011665 0.72295833
vt 0.27988335 0.72295833
vt 0.27988335 0.72295833
vt 0.28086600 0.72621000
vt 0.28086600 0.72621000
vt 0.21913399 0.72621000
vt 0.22170615 0.72621000
vt 0.22134586 0.72969401
vt 0.21874093 0.72969401
vt 0.21913399 0.72621000
vt 0.21874093 0.72969401
vt 0.22134586 0.72969401
vt 0.22170615 0.72621000
vt 0.22170615 0.72621000
vt 0.22427832 0.72621000
vt 0.22395077 0.72969401
vt 0.22134586 0.72969401
vt 0.22170615 0.72621000
vt 0.22134586 0.72969401
vt 0.22395077 0.72969401
vt 0.22427832 0.72621000
vt 0.22427832 0.72621000
vt 0.22685049 0.72621000
vt 0.22655569 0.72969401
vt 0.22395077 0.72969401
vt 0.22427832 0.72621000
vt 0.22395077 0.72969401
vt 0.22655569 0.72969401
vt 0.22685049 0.72621000
vt 0.22685049 0.72621000
vt 0.22942264 0.72621000
vt 0.22916062 0.72969401
vt 0.22655569 0.72969401
vt 0.22685049 0.72621000
vt 0.22655569 0.72969401
vt 0.22916062 0.72969401
vt 0.22942264 0.72621000
vt 0.22942264 0.72621000
vt 0.23199482 0.72621000
vt 0.23176554 0.72969401
vt 0.22916062 0.72969401
vt 0.22942264 0.72621000
vt 0.22916062 0.72969401
vt 0.23176554 0.72969401
vt 0.23199482 0.72621000
vt 0.23199482 0.72621000
vt 0.23456699 0.72621000
vt 0.23437046 0.72969401
vt 0.23176554 0.72969401
vt 0.23199482 0.72621000
vt 0.23176554 0.72969401
vt 0.23437046 0.72969401
vt 0.23456699 0.72621000
vt 0.23456699 0.72621000
vt 0.23713915 0.72621000
vt 0.23697537 0.72969401
vt 0.23437046 0.72969401
vt 0.23456699 0.72621000
vt 0.23437046 0.72969401
vt 0.23697537 0.72969401
vt 0.23713915 0.72621000
vt 0.23713915 0.72621000
vt 0.23971133 0.72621000
vt 0.23958030 0.72969401
vt 0.23697537 0.72969401
vt 0.23713915 0.72621000
vt 0.23697537 0.72969401
vt 0.23958030 0.72969401
vt 0.23971133 0.72621000
vt 0.23971133 0.72621000
vt 0.24228349 0.72621000
vt 0.24218522 0.72969401
vt 0.23958030 0.72969401
vt 0.23971133 0.72621000
vt 0.23958030 0.72969401
vt 0.24218522 0.72969401
vt 0.24228349 0.72621000
vt 0.24228349 0.72621000
vt 0.24485564 0.72621000
vt 0.24479014 0.72969401
vt 0.24218522 0.72969401
vt 0.24228349 0.72621000
vt 0.24218522 0.72969401
vt 0.24479014 0.72969401
vt 0.24485564 0.72621000
vt 0.24485564 0.72621000
vt 0.24742782 0.72621000
vt 0.24739507 0.72969401
vt 0.24479014 0.72969401
vt 0.24485564 0.72621000
vt 0.24479014 0.72969401
vt 0.24739507 0.72969401
vt 0.24742782 0.72621000
vt 0.24742782 0.72621000
vt 0.24999999 0.72621000
vt 0.24999999 0.72969401
vt 0.24739507 0.72969401
vt 0.24742782 0.72621000
vt 0.24739507 0.72969401
vt 0.24999999 0.72969401
vt 0.24999999 0.72621000
vt 0.24999999 0.72621000
vt 0.25257215 0.72621000
vt 0.25260490 0.72969401
vt 0.24999999 0.72969401
vt 0.24999999 0.72621000
vt 0.24999999 0.72969401
vt 0.25260490 0.72969401
vt 0.25257215 0.72621000
vt 0.25257215 0.72621000
vt 0.25514433 0.72621000
vt 0.25520983 0.72969401
vt 0.25260490 0.72969401
vt 0.25257215 0.72621000
vt 0.25260490 0.72969401
vt 0.25520983 0.72969401
vt 0.25514433 0.72621000
vt 0.25514433 0.72621000
vt 0.25771651 0.72621000
vt 0.25781476 0.72969401
vt 0.25520983 0.72969401
vt 0.25514433 0.72621000
vt 0.25520983 0.72969401
vt 0.25781476 0.72969401
vt 0.25771651 0.72621000
vt 0.25771651 0.72621000
vt 0.26028869 0.72621000
vt 0.26041970 0.72969401
vt 0.25781476 0.72969401
vt 0.25771651 0.72621000
vt 0.25781476 0.72969401
vt 0.26041970 0.72969401
vt 0.26028869 0.72621000
vt 0.26028869 0.72621000
vt 0.26286083 0.72621000
vt 0.26302460 0.72969401
vt 0.26041970 0.72969401
vt 0.26028869 0.72621000
vt 0.26041970 0.72969401
vt 0.26302460 0.72969401
vt 0.26286083 0.72621000
vt 0.26286083 0.72621000
vt 0.26543298 0.72621000
vt 0.26562953 0.72969401
vt 0.26302460 0.72969401
vt 0.26286083 0.72621000
vt 0.26302460 0.72969401
vt 0.26562953 0.72969401
vt 0.26543298 0.72621000
vt 0.26543298 0.72621000
vt 0.26800516 0.72621000
vt 0.26823446 0.72969401
vt 0.26562953 0.72969401
vt 0.26543298 0.72621000
vt 0.26562953 0.72969401
vt 0.26823446 0.72969401
vt 0.26800516 0.72621000
vt 0.26800516 0.72621000
vt 0.27057731 0.72621000
vt 0.27083936 0.72969401
vt 0.26823446 0.72969401
vt 0.26800516 0.72621000
vt 0.26823446 0.72969401
vt 0.27083936 0.72969401
vt 0.27057731 0.72621000
vt 0.27057731 0.72621000
vt 0.27314949 0.72621000
vt 0.27344429 0.72969401
vt 0.27083936 0.72969401
vt 0.27057731 0.72621000
vt 0.27083936 0.72969401
vt 0.27344429 0.72969401
vt 0.27314949 0.72621000
vt 0.27314949 0.72621000
vt 0.27572167 0.72621000
vt 0.27604923 0.72969401
vt 0.27344429 0.72969401
vt 0.27314949 0.72621000
vt 0.27344429 0.72969401
vt 0.27604923 0.72969401
vt 0.27572167 0.72621000
vt 0.27572167 0.72621000
vt 0.27829382 0.72621000
vt 0.27865413 0.72969401
vt 0.27604923 0.72969401
vt 0.27572167 0.72621000
vt 0.27604923 0.72969401
vt 0.27865413 0.72969401
vt 0.27829382 0.72621000
vt 0.27829382 0.72621000
vt 0.28086600 0.72621000
vt 0.28125906 0.72969401
vt 0.27865413 0.72969401
vt 0.27829382 0.72621000
vt 0.27865413 0.72969401
vt 0.28125906 0.72969401
vt 0.28086600 0.72621000
vt 0.21913399 0.72621000
vt 0.21874093 0.72969401
vt 0.21874093 0.72969401
vt 0.21913399 0.72621000
vt 0.28086600 0.72621000
vt 0.28086600 0.72621000
vt 0.28125906 0.72969401
vt 0.28125906 0.72969401
vt 0.21874093 0.72969401
vt 0.22134586 0.72969401
vt 0.22047599 0.73810500
vt 0.21779199 0.73810500
vt 0.21874093 0.72969401
vt 0.21779199 0.73810500
vt 0.22047599 0.73810500
vt 0.22134586 0.72969401
vt 0.22134586 0.72969401
vt 0.22395077 0.72969401
vt 0.22315998 0.73810500
vt 0.22047599 0.73810500
vt 0.22134586 0.72969401
vt 0.22047599 0.73810500
vt 0.22315998 0.73810500
vt 0.22395077 0.72969401
vt 0.22395077 0.72969401
vt 0.22655569 0.72969401
vt 0.22584400 0.73810500
vt 0.22315998 0.73810500
vt 0.22395077 0.72969401
vt 0.22315998 0.73810500
vt 0.22584400 0.73810500
vt 0.22655569 0.72969401
vt 0.22655569 0.72969401
vt 0.22916062 0.72969401
vt 0.22852799 0.73810500
vt 0.22584400 0.73810500
vt 0.22655569 0.72969401
vt 0.22584400 0.73810500
vt 0.22852799 0.73810500
vt 0.22916062 0.72969401
vt 0.22916062 0.72969401
vt 0.23176554 0.72969401
vt 0.23121198 0.73810500
vt 0.22852799 0.73810500
vt 0.22916062 0.72969401
vt 0.22852799 0.73810500
vt 0.23121198 0.73810500
vt 0.23176554 0.72969401
vt 0.23176554 0.72969401
vt 0.23437046 0.72969401
vt 0.23389599 0.73810500
vt 0.23121198 0.73810500
vt 0.23176554 0.72969401
vt 0.23121198 0.73810500
vt 0.23389599 0.73810500
vt 0.23437046 0.72969401
vt 0.23437046 0.72969401
vt 0.23697537 0.72969401
vt 0.23657998 0.73810500
vt 0.23389599 0.73810500
vt 0.23437046 0.72969401
vt 0.23389599 0.73810500
vt 0.23657998 0.73810500
vt 0.23697537 0.72969401
vt 0.23697537 0.72969401
vt 0.23958030 0.72969401
vt 0.23926398 0.73810500
vt 0.23657998 0.73810500
vt 0.23697537 0.72969401
vt 0.23657998 0.73810500
vt 0.23926398 0.73810500
vt 0.23958030 0.72969401
vt 0.23958030 0.72969401
vt 0.24218522 0.72969401
vt 0.24194799 0.73810500
vt 0.23926398 0.73810500
vt 0.23958030 0.72969401
vt 0.23926398 0.73810500
vt 0.24194799 0.73810500
vt 0.24218522 0.72969401
vt 0.24218522 0.72969401
vt 0.24479014 0.72969401
vt 0.24463198 0.73810500
vt 0.24194799 0.73810500
vt 0.24218522 0.72969401
vt 0.24194799 0.73810500
vt 0.24463198 0.73810500
vt 0.24479014 0.72969401
vt 0.24479014 0.72969401
vt 0.24739507 0.72969401
vt 0.24731599 0.73810500
vt 0.24463198 0.73810500
vt 0.24479014 0.72969401
vt 0.24463198 0.73810500
vt 0.24731599 0.73810500
vt 0.24739507 0.72969401
vt 0.24739507 0.72969401
vt 0.24999999 0.72969401
vt 0.24999999 0.73810500
vt 0.24731599 0.73810500
vt 0.24739507 0.72969401
vt 0.24731599 0.73810500
vt 0.24999999 0.73810500
vt 0.24999999 0.72969401
vt 0.24999999 0.72969401
vt 0.25260490 0.72969401
vt 0.25268400 0.73810500
vt 0.24999999 0.73810500
vt 0.24999999 0.72969401
vt 0.24999999 0.73810500
vt 0.25268400 0.73810500
vt 0.25260490 0.72969401
vt 0.25260490 0.72969401
vt 0.25520983 0.72969401
vt 0.25536799 0.73810500
vt 0.25268400 0.73810500
vt 0.25260490 0.72969401
vt 0.25268400 0.73810500
vt 0.25536799 0.73810500
vt 0.25520983 0.72969401
vt 0.25520983 0.72969401
vt 0.25781476 0.72969401
vt 0.25805199 0.73810500
vt 0.25536799 0.73810500
vt 0.25520983 0.72969401
vt 0.25536799 0.73810500
vt 0.25805199 0.73810500
vt 0.25781476 0.72969401
vt 0.25781476 0.72969401
vt 0.26041970 0.72969401
vt 0.26073602 0.73810500
vt 0.25805199 0.73810500
vt 0.25781476 0.72969401
vt 0.25805199 0.73810500
vt 0.26073602 0.73810500
vt 0.26041970 0.72969401
vt 0.26041970 0.72969401
vt 0.26302460 0.72969401
vt 0.26341999 0.73810500
vt 0.26073602 0.73810500
vt 0.26041970 0.72969401
vt 0.26073602 0.73810500
vt 0.26341999 0.73810500
vt 0.26302460 0.72969401
vt 0.26302460 0.72969401
vt 0.26562953 0.72969401
vt 0.26610398 0.73810500
vt 0.26341999 0.73810500
vt 0.26302460 0.72969401
vt 0.26341999 0.73810500
vt 0.26610398 0.73810500
vt 0.26562953 0.72969401
vt 0.26562953 0.72969401
vt 0.26823446 0.72969401
vt 0.26878801 0.73810500
vt 0.26610398 0.73810500
vt 0.26562953 0.72969401
vt 0.26610398 0.73810500
vt 0.26878801 0.73810500
vt 0.26823446 0.72969401
vt 0.26823446 0.72969401
vt 0.27083936 0.72969401
vt 0.27147201 0.73810500
vt 0.26878801 0.73810500
vt 0.26823446 0.72969401
vt 0.26878801 0.73810500
vt 0.27147201 0.73810500
vt 0.27083936 0.72969401
vt 0.27083936 0.72969401
vt 0.27344429 0.72969401
vt 0.27415600 0.73810500
vt 0.27147201 0.73810500
vt 0.27083936 0.72969401
vt 0.27147201 0.73810500
vt 0.27415600 0.73810500
vt 0.27344429 0.72969401
vt 0.27344429 0.72969401
vt 0.27604923 0.72969401
vt 0.27684000 0.73810500
vt 0.27415600 0.73810500
vt 0.27344429 0.72969401
vt 0.27415600 0.73810500
vt 0.27684000 0.73810500
vt 0.27604923 0.72969401
vt 0.27604923 0.72969401
vt 0.27865413 0.72969401
vt 0.27952400 0.73810500
vt 0.27684000 0.73810500
vt 0.27604923 0.72969401
vt 0.27684000 0.73810500
vt 0.27952400 0.73810500
vt 0.27865413 0.72969401
vt 0.27865413 0.72969401
vt 0.28125906 0.72969401
vt 0.28220800 0.73810500
vt 0.27952400 0.73810500
vt 0.27865413 0.72969401
vt 0.27952400 0.73810500
vt 0.28220800 0.73810500
vt 0.28125906 0.72969401
vt 0.21874093 0.72969401
vt 0.21779199 0.73810500
vt 0.21779199 0.73810500
vt 0.21874093 0.72969401
vt 0.28125906 0.72969401
vt 0.28125906 0.72969401
vt 0.28220800 0.73810500
vt 0.28220800 0.73810500
vt 0.21779199 0.73810500
vt 0.22047599 0.73810500
vt 0.21960613 0.74651605
vt 0.21684305 0.74651605
vt 0.21779199 0.73810500
vt 0.21684305 0.74651605
vt 0.21960613 0.74651605
vt 0.22047599 0.73810500
vt 0.22047599 0.73810500
vt 0.22315998 0.73810500
vt 0.22236921 0.74651605
vt 0.21960613 0.74651605
vt 0.22047599 0.73810500
vt 0.21960613 0.74651605
vt 0.22236921 0.74651605
vt 0.22315998 0.73810500
vt 0.22315998 0.73810500
vt 0.22584400 0.73810500
vt 0.22513229 0.74651605
vt 0.22236921 0.74651605
vt 0.22315998 0.73810500
vt 0.22236921 0.74651605
vt 0.22513229 0.74651605
vt 0.22584400 0.73810500
vt 0.22584400 0.73810500
vt 0.22852799 0.73810500
vt 0.22789536 0.74651605
vt 0.22513229 0.74651605
vt 0.22584400 0.73810500
vt 0.22513229 0.74651605
vt 0.22789536 0.74651605
vt 0.22852799 0.73810500
vt 0.22852799 0.73810500
vt 0.23121198 0.73810500
vt 0.23065844 0.74651605
vt 0.22789536 0.74651605
vt 0.22852799 0.73810500
vt 0.22789536 0.74651605
vt 0.23065844 0.74651605
vt 0.23121198 0.73810500
vt 0.23121198 0.73810500
vt 0.23389599 0.73810500
vt 0.23342152 0.74651605
vt 0.23065844 0.74651605
vt 0.23121198 0.73810500
vt 0.23065844 0.74651605
vt 0.23342152 0.74651605
vt 0.23389599 0.73810500
vt 0.23389599 0.73810500
vt 0.23657998 0.73810500
vt 0.23618458 0.74651605
vt 0.23342152 0.74651605
vt 0.23389599 0.73810500
vt 0.23342152 0.74651605
vt 0.23618458 0.74651605
vt 0.23657998 0.73810500
vt 0.23657998 0.73810500
vt 0.23926398 0.73810500
vt 0.23894767 0.74651605
vt 0.23618458 0.74651605
vt 0.23657998 0.73810500
vt 0.23618458 0.74651605
vt 0.23894767 0.74651605
vt 0.23926398 0.73810500
vt 0.23926398 0.73810500
vt 0.24194799 0.73810500
vt 0.24171075 0.74651605
vt 0.23894767 0.74651605
vt 0.23926398 0.73810500
vt 0.23894767 0.74651605
vt 0.24171075 0.74651605
vt 0.24194799 0.73810500
vt 0.24194799 0.73810500
vt 0.24463198 0.73810500
vt 0.24447383 0.74651605
vt 0.24171075 0.74651605
vt 0.24194799 0.73810500
vt 0.24171075 0.74651605
vt 0.24447383 0.74651605
vt 0.24463198 0.73810500
vt 0.24463198 0.73810500
vt 0.24731599 0.73810500
vt 0.24723691 0.74651605
vt 0.24447383 0.74651605
vt 0.24463198 0.73810500
vt 0.24447383 0.74651605
vt 0.24723691 0.74651605
vt 0.24731599 0.73810500
vt 0.24731599 0.73810500
vt 0.24999999 0.73810500
vt 0.24999999 0.74651605
vt 0.24723691 0.74651605
vt 0.24731599 0.73810500
vt 0.24723691 0.74651605
vt 0.24999999 0.74651605
vt 0.24999999 0.73810500
vt 0.24999999 0.73810500
vt 0.25268400 0.73810500
vt 0.25276306 0.74651605
vt 0.24999999 0.74651605
vt 0.24999999 0.73810500
vt 0.24999999 0.74651605
vt 0.25276306 0.74651605
vt 0.25268400 0.73810500
vt 0.25268400 0.73810500
vt 0.25536799 0.73810500
vt 0.25552616 0.74651605
vt 0.25276306 0.74651605
vt 0.25268400 0.73810500
vt 0.25276306 0.74651605
vt 0.25552616 0.74651605
vt 0.25536799 0.73810500
vt 0.25536799 0.73810500
vt 0.25805199 0.73810500
vt 0.25828922 0.74651605
vt 0.25552616 0.74651605
vt 0.25536799 0.73810500
vt 0.25552616 0.74651605
vt 0.25828922 0.74651605
vt 0.25805199 0.73810500
vt 0.25805199 0.73810500
vt 0.26073602 0.73810500
vt 0.26105231 0.74651605
vt 0.25828922 0.74651605
vt 0.25805199 0.73810500
vt 0.25828922 0.74651605
vt 0.26105231 0.74651605
vt 0.26073602 0.73810500
vt 0.26073602 0.73810500
vt 0.26341999 0.73810500
vt 0.26381540 0.74651605
vt 0.26105231 0.74651605
vt 0.26073602 0.73810500
vt 0.26105231 0.74651605
vt 0.26381540 0.74651605
vt 0.26341999 0.73810500
vt 0.26341999 0.73810500
vt 0.26610398 0.73810500
vt 0.26657847 0.74651605
vt 0.26381540 0.74651605
vt 0.26341999 0.73810500
vt 0.26381540 0.74651605
vt 0.26657847 0.74651605
vt 0.26610398 0.73810500
vt 0.26610398 0.73810500
vt 0.26878801 0.73810500
vt 0.26934153 0.74651605
vt 0.26657847 0.74651605
vt 0.26610398 0.73810500
vt 0.26657847 0.74651605
vt 0.26934153 0.74651605
vt 0.26878801 0.73810500
vt 0.26878801 0.73810500
vt 0.27147201 0.73810500
vt 0.27210462 0.74651605
vt 0.26934153 0.74651605
vt 0.26878801 0.73810500
vt 0.26934153 0.74651605
vt 0.27210462 0.74651605
vt 0.27147201 0.73810500
vt 0.27147201 0.73810500
vt 0.27415600 0.73810500
vt 0.27486768 0.74651605
vt 0.27210462 0.74651605
vt 0.27147201 0.73810500
vt 0.27210462 0.74651605
vt 0.27486768 0.74651605
vt 0.27415600 0.73810500
vt 0.27415600 0.73810500
vt 0.27684000 0.73810500
vt 0.27763081 0.74651605
vt 0.27486768 0.74651605
vt 0.27415600 0.73810500
vt 0.27486768 0.74651605
vt 0.27763081 0.74651605
vt 0.27684000 0.73810500
vt 0.27684000 0.73810500
vt 0.27952400 0.73810500
vt 0.28039387 0.74651605
vt 0.27763081 0.74651605
vt 0.27684000 0.73810500
vt 0.27763081 0.74651605
vt 0.28039387 0.74651605
vt 0.27952400 0.73810500
vt 0.27952400 0.73810500
vt 0.28220800 0.73810500
vt 0.28315693 0.74651605
vt 0.28039387 0.74651605
vt 0.27952400 0.73810500
vt 0.28039387 0.74651605
vt 0.28315693 0.74651605
vt 0.28220800 0.73810500
vt 0.21779199 0.73810500
vt 0.21684305 0.74651605
vt 0.21684305 0.74651605
vt 0.21779199 0.73810500
vt 0.28220800 0.73810500
vt 0.28220800 0.73810500
vt 0.28315693 0.74651605
vt 0.28315693 0.74651605
vt 0.21684305 0.74651605
vt 0.21960613 0.74651605
vt 0.21924582 0.75000000
vt 0.21644999 0.75000000
vt 0.21684305 0.74651605
vt 0.21644999 0.75000000
vt 0.21924582 0.75000000
vt 0.21960613 0.74651605
vt 0.21960613 0.74651605
vt 0.22236921 0.74651605
vt 0.22204165 0.75000000
vt 0.21924582 0.75000000
vt 0.21960613 0.74651605
vt 0.21924582 0.75000000
vt 0.22204165 0.75000000
vt 0.22236921 0.74651605
vt 0.22236921 0.74651605
vt 0.22513229 0.74651605
vt 0.22483750 0.75000000
vt 0.22204165 0.75000000
vt 0.22236921 0.74651605
vt 0.22204165 0.75000000
vt 0.22483750 0.75000000
vt 0.22513229 0.74651605
vt 0.22513229 0.74651605
vt 0.22789536 0.74651605
vt 0.22763331 0.75000000
vt 0.22483750 0.75000000
vt 0.22513229 0.74651605
vt 0.22483750 0.75000000
vt 0.22763331 0.75000000
vt 0.22789536 0.74651605
vt 0.22789536 0.74651605
vt 0.23065844 0.74651605
vt 0.23042916 0.75000000
vt 0.22763331 0.75000000
vt 0.22789536 0.74651605
vt 0.22763331 0.75000000
vt 0.23042916 0.75000000
vt 0.23065844 0.74651605
vt 0.23065844 0.74651605
vt 0.23342152 0.74651605
vt 0.23322497 0.75000000
vt 0.23042916 0.75000000
vt 0.23065844 0.74651605
vt 0.23042916 0.75000000
vt 0.23322497 0.75000000
vt 0.23342152 0.74651605
vt 0.23342152 0.74651605
vt 0.23618458 0.74651605
vt 0.23602082 0.75000000
vt 0.23322497 0.75000000
vt 0.23342152 0.74651605
vt 0.23322497 0.75000000
vt 0.23602082 0.75000000
vt 0.23618458 0.74651605
vt 0.23618458 0.74651605
vt 0.23894767 0.74651605
vt 0.23881665 0.75000000
vt 0.23602082 0.75000000
vt 0.23618458 0.74651605
vt 0.23602082 0.75000000
vt 0.23881665 0.75000000
vt 0.23894767 0.74651605
vt 0.23894767 0.74651605
vt 0.24171075 0.74651605
vt 0.24161248 0.75000000
vt 0.23881665 0.75000000
vt 0.23894767 0.74651605
vt 0.23881665 0.75000000
vt 0.24161248 0.75000000
vt 0.24171075 0.74651605
vt 0.24171075 0.74651605
vt 0.24447383 0.74651605
vt 0.24440831 0.75000000
vt 0.24161248 0.75000000
vt 0.24171075 0.74651605
vt 0.24161248 0.75000000
vt 0.24440831 0.75000000
vt 0.24447383 0.74651605
vt 0.24447383 0.74651605
vt 0.24723691 0.74651605
vt 0.24720415 0.75000000
vt 0.24440831 0.75000000
vt 0.24447383 0.74651605
vt 0.24440831 0.75000000
vt 0.24720415 0.75000000
vt 0.24723691 0.74651605
vt 0.24723691 0.74651605
vt 0.24999999 0.74651605
vt 0.24999999 0.75000000
vt 0.24720415 0.75000000
vt 0.24723691 0.74651605
vt 0.24720415 0.75000000
vt 0.24999999 0.75000000
vt 0.24999999 0.74651605
vt 0.24999999 0.74651605
vt 0.25276306 0.74651605
vt 0.25279582 0.75000000
vt 0.24999999 0.75000000
vt 0.24999999 0.74651605
vt 0.24999999 0.75000000
vt 0.25279582 0.75000000
vt 0.25276306 0.74651605
vt 0.25276306 0.74651605
vt 0.25552616 0.74651605
vt 0.25559166 0.75000000
vt 0.25279582 0.75000000
vt 0.25276306 0.74651605
vt 0.25279582 0.75000000
vt 0.25559166 0.75000000
vt 0.25552616 0.74651605
vt 0.25552616 0.74651605
vt 0.25828922 0.74651605
vt 0.25838748 0.75000000
vt 0.25559166 0.75000000
vt 0.25552616 0.74651605
vt 0.25559166 0.75000000
vt 0.25838748 0.75000000
vt 0.25828922 0.74651605
vt 0.25828922 0.74651605
vt 0.26105231 0.74651605
vt 0.26118335 0.75000000
vt 0.25838748 0.75000000
vt 0.25828922 0.74651605
vt 0.25838748 0.75000000
vt 0.26118335 0.75000000
vt 0.26105231 0.74651605
vt 0.26105231 0.74651605
vt 0.26381540 0.74651605
vt 0.26397917 0.75000000
vt 0.26118335 0.75000000
vt 0.26105231 0.74651605
vt 0.26118335 0.75000000
vt 0.26397917 0.75000000
vt 0.26381540 0.74651605
vt 0.26381540 0.74651605
vt 0.26657847 0.74651605
vt 0.26677501 0.75000000
vt 0.26397917 0.75000000
vt 0.26381540 0.74651605
vt 0.26397917 0.75000000
vt 0.26677501 0.75000000
vt 0.26657847 0.74651605
vt 0.26657847 0.74651605
vt 0.26934153 0.74651605
vt 0.26957083 0.75000000
vt 0.26677501 0.75000000
vt 0.26657847 0.74651605
vt 0.26677501 0.75000000
vt 0.26957083 0.75000000
vt 0.26934153 0.74651605
vt 0.26934153 0.74651605
vt 0.27210462 0.74651605
vt 0.27236667 0.75000000
vt 0.26957083 0.75000000
vt 0.26934153 0.74651605
vt 0.26957083 0.75000000
vt 0.27236667 0.75000000
vt 0.27210462 0.74651605
vt 0.27210462 0.74651605
vt 0.27486768 0.74651605
vt 0.27516249 0.75000000
vt 0.27236667 0.75000000
vt 0.27210462 0.74651605
vt 0.27236667 0.75000000
vt 0.27516249 0.75000000
vt 0.27486768 0.74651605
vt 0.27486768 0.74651605
vt 0.27763081 0.74651605
vt 0.27795833 0.75000000
vt 0.27516249 0.75000000
vt 0.27486768 0.74651605
vt 0.27516249 0.75000000
vt 0.27795833 0.75000000
vt 0.27763081 0.74651605
vt 0.27763081 0.74651605
vt 0.28039387 0.74651605
vt 0.28075415 0.75000000
vt 0.27795833 0.75000000
vt 0.27763081 0.74651605
vt 0.27795833 0.75000000
vt 0.28075415 0.75000000
vt 0.28039387 0.74651605
vt 0.28039387 0.74651605
vt 0.28315693 0.74651605
vt 0.28355002 0.75000000
vt 0.28075415 0.75000000
vt 0.28039387 0.74651605
vt 0.28075415 0.75000000
vt 0.28355002 0.75000000
vt 0.28315693 0.74651605
vt 0.21684305 0.74651605
vt 0.21644999 0.75000000
vt 0.21644999 0.75000000
vt 0.21684305 0.74651605
vt 0.28315693 0.74651605
vt 0.28315693 0.74651605
vt 0.28355002 0.75000000
vt 0.28355002 0.75000000
vt 0.21644999 0.75000000
vt 0.21924582 0.75000000
vt 0.21942598 0.75394851
vt 0.21664652 0.75394851
vt 0.21644999 0.75000000
vt 0.21664652 0.75394851
vt 0.21942598 0.75394851
vt 0.21924582 0.75000000
vt 0.21924582 0.75000000
vt 0.22204165 0.75000000
vt 0.22220543 0.75394851
vt 0.21942598 0.75394851
vt 0.21924582 0.75000000
vt 0.21942598 0.75394851
vt 0.22220543 0.75394851
vt 0.22204165 0.75000000
vt 0.22204165 0.75000000
vt 0.22483750 0.75000000
vt 0.22498488 0.75394851
vt 0.22220543 0.75394851
vt 0.22204165 0.75000000
vt 0.22220543 0.75394851
vt 0.22498488 0.75394851
vt 0.22483750 0.75000000
vt 0.22483750 0.75000000
vt 0.22763331 0.75000000
vt 0.22776434 0.75394851
vt 0.22498488 0.75394851
vt 0.22483750 0.75000000
vt 0.22498488 0.75394851
vt 0.22776434 0.75394851
vt 0.22763331 0.75000000
vt 0.22763331 0.75000000
vt 0.23042916 0.75000000
vt 0.23054379 0.75394851
vt 0.22776434 0.75394851
vt 0.22763331 0.75000000
vt 0.22776434 0.75394851
vt 0.23054379 0.75394851
vt 0.23042916 0.75000000
vt 0.23042916 0.75000000
vt 0.23322497 0.75000000
vt 0.23332325 0.75394851
vt 0.23054379 0.75394851
vt 0.23042916 0.75000000
vt 0.23054379 0.75394851
vt 0.23332325 0.75394851
vt 0.23322497 0.75000000
vt 0.23322497 0.75000000
vt 0.23602082 0.75000000
vt 0.23610272 0.75394851
vt 0.23332325 0.75394851
vt 0.23322497 0.75000000
vt 0.23332325 0.75394851
vt 0.23610272 0.75394851
vt 0.23602082 0.75000000
vt 0.23602082 0.75000000
vt 0.23881665 0.75000000
vt 0.23888217 0.75394851
vt 0.23610272 0.75394851
vt 0.23602082 0.75000000
vt 0.23610272 0.75394851
vt 0.23888217 0.75394851
vt 0.23881665 0.75000000
vt 0.23881665 0.75000000
vt 0.24161248 0.75000000
vt 0.24166162 0.75394851
vt 0.23888217 0.75394851
vt 0.23881665 0.75000000
vt 0.23888217 0.75394851
vt 0.24166162 0.75394851
vt 0.24161248 0.75000000
vt 0.24161248 0.75000000
vt 0.24440831 0.75000000
vt 0.24444106 0.75394851
vt 0.24166162 0.75394851
vt 0.24161248 0.75000000
vt 0.24166162 0.75394851
vt 0.24444106 0.75394851
vt 0.24440831 0.75000000
vt 0.24440831 0.75000000
vt 0.24720415 0.75000000
vt 0.24722053 0.75394851
vt 0.24444106 0.75394851
vt 0.24440831 0.75000000
vt 0.24444106 0.75394851
vt 0.24722053 0.75394851
vt 0.24720415 0.75000000
vt 0.24720415 0.75000000
vt 0.24999999 0.75000000
vt 0.24999999 0.75394851
vt 0.24722053 0.75394851
vt 0.24720415 0.75000000
vt 0.24722053 0.75394851
vt 0.24999999 0.75394851
vt 0.24999999 0.75000000
vt 0.24999999 0.75000000
vt 0.25279582 0.75000000
vt 0.25277942 0.75394851
vt 0.24999999 0.75394851
vt 0.24999999 0.75000000
vt 0.24999999 0.75394851
vt 0.25277942 0.75394851
vt 0.25279582 0.75000000
vt 0.25279582 0.75000000
vt 0.25559166 0.75000000
vt 0.25555891 0.75394851
vt 0.25277942 0.75394851
vt 0.25279582 0.75000000
vt 0.25277942 0.75394851
vt 0.25555891 0.75394851
vt 0.25559166 0.75000000
vt 0.25559166 0.75000000
vt 0.25838748 0.75000000
vt 0.25833836 0.75394851
vt 0.25555891 0.75394851
vt 0.25559166 0.75000000
vt 0.25555891 0.75394851
vt 0.25833836 0.75394851
vt 0.25838748 0.75000000
vt 0.25838748 0.75000000
vt 0.26118335 0.75000000
vt 0.26111785 0.75394851
vt 0.25833836 0.75394851
vt 0.25838748 0.75000000
vt 0.25833836 0.75394851
vt 0.26111785 0.75394851
vt 0.26118335 0.75000000
vt 0.26118335 0.75000000
vt 0.26397917 0.75000000
vt 0.26389727 0.75394851
vt 0.26111785 0.75394851
vt 0.26118335 0.75000000
vt 0.26111785 0.75394851
vt 0.26389727 0.75394851
vt 0.26397917 0.75000000
vt 0.26397917 0.75000000
vt 0.26677501 0.75000000
vt 0.26667672 0.75394851
vt 0.26389727 0.75394851
vt 0.26397917 0.75000000
vt 0.26389727 0.75394851
vt 0.26667672 0.75394851
vt 0.26677501 0.75000000
vt 0.26677501 0.75000000
vt 0.26957083 0.75000000
vt 0.26945618 0.75394851
vt 0.26667672 0.75394851
vt 0.26677501 0.75000000
vt 0.26667672 0.75394851
vt 0.26945618 0.75394851
vt 0.26957083 0.75000000
vt 0.26957083 0.75000000
vt 0.27236667 0.75000000
vt 0.27223563 0.75394851
vt 0.26945618 0.75394851
vt 0.26957083 0.75000000
vt 0.26945618 0.75394851
vt 0.27223563 0.75394851
vt 0.27236667 0.75000000
vt 0.27236667 0.75000000
vt 0.27516249 0.75000000
vt 0.27501512 0.75394851
vt 0.27223563 0.75394851
vt 0.27236667 0.75000000
vt 0.27223563 0.75394851
vt 0.27501512 0.75394851
vt 0.27516249 0.75000000
vt 0.27516249 0.75000000
vt 0.27795833 0.75000000
vt 0.27779454 0.75394851
vt 0.27501512 0.75394851
vt 0.27516249 0.75000000
vt 0.27501512 0.75394851
vt 0.27779454 0.75394851
vt 0.27795833 0.75000000
vt 0.27795833 0.75000000
vt 0.28075415 0.75000000
vt 0.28057399 0.75394851
vt 0.27779454 0.75394851
vt 0.27795833 0.75000000
vt 0.27779454 0.75394851
vt 0.28057399 0.75394851
vt 0.28075415 0.75000000
vt 0.28075415 0.75000000
vt 0.28355002 0.75000000
vt 0.28335348 0.75394851
vt 0.28057399 0.75394851
vt 0.28075415 0.75000000
vt 0.28057399 0.75394851
vt 0.28335348 0.75394851
vt 0.28355002 0.75000000
vt 0.21644999 0.75000000
vt 0.21664652 0.75394851
vt 0.21664652 0.75394851
vt 0.21644999 0.75000000
vt 0.28355002 0.75000000
vt 0.28355002 0.75000000
vt 0.28335348 0.75394851
vt 0.28335348 0.75394851
vt 0.21664652 0.75394851
vt 0.21942598 0.75394851
vt 0.21986090 0.76348102
vt 0.21712099 0.76348102
vt 0.21664652 0.75394851
vt 0.21712099 0.76348102
vt 0.21986090 0.76348102
vt 0.21942598 0.75394851
vt 0.21942598 0.75394851
vt 0.22220543 0.75394851
vt 0.22260082 0.76348102
vt 0.21986090 0.76348102
vt 0.21942598 0.75394851
vt 0.21986090 0.76348102
vt 0.22260082 0.76348102
vt 0.22220543 0.75394851
vt 0.22220543 0.75394851
vt 0.22498488 0.75394851
vt 0.22534074 0.76348102
vt 0.22260082 0.76348102
vt 0.22220543 0.75394851
vt 0.22260082 0.76348102
vt 0.22534074 0.76348102
vt 0.22498488 0.75394851
vt 0.22498488 0.75394851
vt 0.22776434 0.75394851
vt 0.22808066 0.76348102
vt 0.22534074 0.76348102
vt 0.22498488 0.75394851
vt 0.22534074 0.76348102
vt 0.22808066 0.76348102
vt 0.22776434 0.75394851
vt 0.22776434 0.75394851
vt 0.23054379 0.75394851
vt 0.23082057 0.76348102
vt 0.22808066 0.76348102
vt 0.22776434 0.75394851
vt 0.22808066 0.76348102
vt 0.23082057 0.76348102
vt 0.23054379 0.75394851
vt 0.23054379 0.75394851
vt 0.23332325 0.75394851
vt 0.23356049 0.76348102
vt 0.23082057 0.76348102
vt 0.23054379 0.75394851
vt 0.23082057 0.76348102
vt 0.23356049 0.76348102
vt 0.23332325 0.75394851
vt 0.23332325 0.75394851
vt 0.23610272 0.75394851
vt 0.23630039 0.76348102
vt 0.23356049 0.76348102
vt 0.23332325 0.75394851
vt 0.23356049 0.76348102
vt 0.23630039 0.76348102
vt 0.23610272 0.75394851
vt 0.23610272 0.75394851
vt 0.23888217 0.75394851
vt 0.23904032 0.76348102
vt 0.23630039 0.76348102
vt 0.23610272 0.75394851
vt 0.23630039 0.76348102
vt 0.23904032 0.76348102
vt 0.23888217 0.75394851
vt 0.23888217 0.75394851
vt 0.24166162 0.75394851
vt 0.24178024 0.76348102
vt 0.23904032 0.76348102
vt 0.23888217 0.75394851
vt 0.23904032 0.76348102
vt 0.24178024 0.76348102
vt 0.24166162 0.75394851
vt 0.24166162 0.75394851
vt 0.24444106 0.75394851
vt 0.24452016 0.76348102
vt 0.24178024 0.76348102
vt 0.24166162 0.75394851
vt 0.24178024 0.76348102
vt 0.24452016 0.76348102
vt 0.24444106 0.75394851
vt 0.24444106 0.75394851
vt 0.24722053 0.75394851
vt 0.24726006 0.76348102
vt 0.24452016 0.76348102
vt 0.24444106 0.75394851
vt 0.24452016 0.76348102
vt 0.24726006 0.76348102
vt 0.24722053 0.75394851
vt 0.24722053 0.75394851
vt 0.24999999 0.75394851
vt 0.24999999 0.76348102
vt 0.24726006 0.76348102
vt 0.24722053 0.75394851
vt 0.24726006 0.76348102
vt 0.24999999 0.76348102
vt 0.24999999 0.75394851
vt 0.24999999 0.75394851
vt 0.25277942 0.75394851
vt 0.25273991 0.76348102
vt 0.24999999 0.76348102
vt 0.24999999 0.75394851
vt 0.24999999 0.76348102
vt 0.25273991 0.76348102
vt 0.25277942 0.75394851
vt 0.25277942 0.75394851
vt 0.25555891 0.75394851
vt 0.25547981 0.76348102
vt 0.25273991 0.76348102
vt 0.25277942 0.75394851
vt 0.25273991 0.76348102
vt 0.25547981 0.76348102
vt 0.25555891 0.75394851
vt 0.25555891 0.75394851
vt 0.25833836 0.75394851
vt 0.25821975 0.76348102
vt 0.25547981 0.76348102
vt 0.25555891 0.75394851
vt 0.25547981 0.76348102
vt 0.25821975 0.76348102
vt 0.25833836 0.75394851
vt 0.25833836 0.75394851
vt 0.26111785 0.75394851
vt 0.26095966 0.76348102
vt 0.25821975 0.76348102
vt 0.25833836 0.75394851
vt 0.25821975 0.76348102
vt 0.26095966 0.76348102
vt 0.26111785 0.75394851
vt 0.26111785 0.75394851
vt 0.26389727 0.75394851
vt 0.26369956 0.76348102
vt 0.26095966 0.76348102
vt 0.26111785 0.75394851
vt 0.26095966 0.76348102
vt 0.26369956 0.76348102
vt 0.26389727 0.75394851
vt 0.26389727 0.75394851
vt 0.26667672 0.75394851
vt 0.26643950 0.76348102
vt 0.26369956 0.76348102
vt 0.26389727 0.75394851
vt 0.26369956 0.76348102
vt 0.26643950 0.76348102
vt 0.26667672 0.75394851
vt 0.26667672 0.75394851
vt 0.26945618 0.75394851
vt 0.26917943 0.76348102
vt 0.26643950 0.76348102
vt 0.26667672 0.75394851
vt 0.26643950 0.76348102
vt 0.26917943 0.76348102
vt 0.26945618 0.75394851
vt 0.26945618 0.75394851
vt 0.27223563 0.75394851
vt 0.27191934 0.76348102
vt 0.26917943 0.76348102
vt 0.26945618 0.75394851
vt 0.26917943 0.76348102
vt 0.27191934 0.76348102
vt 0.27223563 0.75394851
vt 0.27223563 0.75394851
vt 0.27501512 0.75394851
vt 0.27465925 0.76348102
vt 0.27191934 0.76348102
vt 0.27223563 0.75394851
vt 0.27191934 0.76348102
vt 0.27465925 0.76348102
vt 0.27501512 0.75394851
vt 0.27501512 0.75394851
vt 0.27779454 0.75394851
vt 0.27739918 0.76348102
vt 0.27465925 0.76348102
vt 0.27501512 0.75394851
vt 0.27465925 0.76348102
vt 0.27739918 0.76348102
vt 0.27779454 0.75394851
vt 0.27779454 0.75394851
vt 0.28057399 0.75394851
vt 0.28013909 0.76348102
vt 0.27739918 0.76348102
vt 0.27779454 0.75394851
vt 0.27739918 0.76348102
vt 0.28013909 0.76348102
vt 0.28057399 0.75394851
vt 0.28057399 0.75394851
vt 0.28335348 0.75394851
vt 0.28287899 0.76348102
vt 0.28013909 0.76348102
vt 0.28057399 0.75394851
vt 0.28013909 0.76348102
vt 0.28287899 0.76348102
vt 0.28335348 0.75394851
vt 0.21664652 0.75394851
vt 0.21712099 0.76348102
vt 0.21712099 0.76348102
vt 0.21664652 0.75394851
vt 0.28335348 0.75394851
vt 0.28335348 0.75394851
vt 0.28287899 0.76348102
vt 0.28287899 0.76348102
vt 0.21712099 0.76348102
vt 0.21986090 0.76348102
vt 0.22029583 0.77301353
vt 0.21759546 0.77301353
vt 0.21712099 0.76348102
vt 0.21759546 0.77301353
vt 0.22029583 0.77301353
vt 0.21986090 0.76348102
vt 0.21986090 0.76348102
vt 0.22260082 0.76348102
vt 0.22299621 0.77301353
vt 0.22029583 0.77301353
vt 0.21986090 0.76348102
vt 0.22029583 0.77301353
vt 0.22299621 0.77301353
vt 0.22260082 0.76348102
vt 0.22260082 0.76348102
vt 0.22534074 0.76348102
vt 0.22569659 0.77301353
vt 0.22299621 0.77301353
vt 0.22260082 0.76348102
vt 0.22299621 0.77301353
vt 0.22569659 0.77301353
vt 0.22534074 0.76348102
vt 0.22534074 0.76348102
vt 0.22808066 0.76348102
vt 0.22839697 0.77301353
vt 0.22569659 0.77301353
vt 0.22534074 0.76348102
vt 0.22569659 0.77301353
vt 0.22839697 0.77301353
vt 0.22808066 0.76348102
vt 0.22808066 0.76348102
vt 0.23082057 0.76348102
vt 0.23109736 0.77301353
vt 0.22839697 0.77301353
vt 0.22808066 0.76348102
vt 0.22839697 0.77301353
vt 0.23109736 0.77301353
vt 0.23082057 0.76348102
vt 0.23082057 0.76348102
vt 0.23356049 0.76348102
vt 0.23379771 0.77301353
vt 0.23109736 0.77301353
vt 0.23082057 0.76348102
vt 0.23109736 0.77301353
vt 0.23379771 0.77301353
vt 0.23356049 0.76348102
vt 0.23356049 0.76348102
vt 0.23630039 0.76348102
vt 0.23649810 0.77301353
vt 0.23379771 0.77301353
vt 0.23356049 0.76348102
vt 0.23379771 0.77301353
vt 0.23649810 0.77301353
vt 0.23630039 0.76348102
vt 0.23630039 0.76348102
vt 0.23904032 0.76348102
vt 0.23919848 0.77301353
vt 0.23649810 0.77301353
vt 0.23630039 0.76348102
vt 0.23649810 0.77301353
vt 0.23919848 0.77301353
vt 0.23904032 0.76348102
vt 0.23904032 0.76348102
vt 0.24178024 0.76348102
vt 0.24189886 0.77301353
vt 0.23919848 0.77301353
vt 0.23904032 0.76348102
vt 0.23919848 0.77301353
vt 0.24189886 0.77301353
vt 0.24178024 0.76348102
vt 0.24178024 0.76348102
vt 0.24452016 0.76348102
vt 0.24459922 0.77301353
vt 0.24189886 0.77301353
vt 0.24178024 0.76348102
vt 0.24189886 0.77301353
vt 0.24459922 0.77301353
vt 0.24452016 0.76348102
vt 0.24452016 0.76348102
vt 0.24726006 0.76348102
vt 0.24729960 0.77301353
vt 0.24459922 0.77301353
vt 0.24452016 0.76348102
vt 0.24459922 0.77301353
vt 0.24729960 0.77301353
vt 0.24726006 0.76348102
vt 0.24726006 0.76348102
vt 0.24999999 0.76348102
vt 0.24999999 0.77301353
vt 0.24729960 0.77301353
vt 0.24726006 0.76348102
vt 0.24729960 0.77301353
vt 0.24999999 0.77301353
vt 0.24999999 0.76348102
vt 0.24999999 0.76348102
vt 0.25273991 0.76348102
vt 0.25270039 0.77301353
vt 0.24999999 0.77301353
vt 0.24999999 0.76348102
vt 0.24999999 0.77301353
vt 0.25270039 0.77301353
vt 0.25273991 0.76348102
vt 0.25273991 0.76348102
vt 0.25547981 0.76348102
vt 0.25540078 0.77301353
vt 0.25270039 0.77301353
vt 0.25273991 0.76348102
vt 0.25270039 0.77301353
vt 0.25540078 0.77301353
vt 0.25547981 0.76348102
vt 0.25547981 0.76348102
vt 0.25821975 0.76348102
vt 0.25810114 0.77301353
vt 0.25540078 0.77301353
vt 0.25547981 0.76348102
vt 0.25540078 0.77301353
vt 0.25810114 0.77301353
vt 0.25821975 0.76348102
vt 0.25821975 0.76348102
vt 0.26095966 0.76348102
vt 0.26080152 0.77301353
vt 0.25810114 0.77301353
vt 0.25821975 0.76348102
vt 0.25810114 0.77301353
vt 0.26080152 0.77301353
vt 0.26095966 0.76348102
vt 0.26095966 0.76348102
vt 0.26369956 0.76348102
vt 0.26350188 0.77301353
vt 0.26080152 0.77301353
vt 0.26095966 0.76348102
vt 0.26080152 0.77301353
vt 0.26350188 0.77301353
vt 0.26369956 0.76348102
vt 0.26369956 0.76348102
vt 0.26643950 0.76348102
vt 0.26620224 0.77301353
vt 0.26350188 0.77301353
vt 0.26369956 0.76348102
vt 0.26350188 0.77301353
vt 0.26620224 0.77301353
vt 0.26643950 0.76348102
vt 0.26643950 0.76348102
vt 0.26917943 0.76348102
vt 0.26890263 0.77301353
vt 0.26620224 0.77301353
vt 0.26643950 0.76348102
vt 0.26620224 0.77301353
vt 0.26890263 0.77301353
vt 0.26917943 0.76348102
vt 0.26917943 0.76348102
vt 0.27191934 0.76348102
vt 0.27160302 0.77301353
vt 0.26890263 0.77301353
vt 0.26917943 0.76348102
vt 0.26890263 0.77301353
vt 0.27160302 0.77301353
vt 0.27191934 0.76348102
vt 0.27191934 0.76348102
vt 0.27465925 0.76348102
vt 0.27430341 0.77301353
vt 0.27160302 0.77301353
vt 0.27191934 0.76348102
vt 0.27160302 0.77301353
vt 0.27430341 0.77301353
vt 0.27465925 0.76348102
vt 0.27465925 0.76348102
vt 0.27739918 0.76348102
vt 0.27700377 0.77301353
vt 0.27430341 0.77301353
vt 0.27465925 0.76348102
vt 0.27430341 0.77301353
vt 0.27700377 0.77301353
vt 0.27739918 0.76348102
vt 0.27739918 0.76348102
vt 0.28013909 0.76348102
vt 0.27970415 0.77301353
vt 0.27700377 0.77301353
vt 0.27739918 0.76348102
vt 0.27700377 0.77301353
vt 0.27970415 0.77301353
vt 0.28013909 0.76348102
vt 0.28013909 0.76348102
vt 0.28287899 0.76348102
vt 0.28240454 0.77301353
vt 0.27970415 0.77301353
vt 0.28013909 0.76348102
vt 0.27970415 0.77301353
vt 0.28240454 0.77301353
vt 0.28287899 0.76348102
vt 0.21712099 0.76348102
vt 0.21759546 0.77301353
vt 0.21759546 0.77301353
vt 0.21712099 0.76348102
vt 0.28287899 0.76348102
vt 0.28287899 0.76348102
vt 0.28240454 0.77301353
vt 0.28240454 0.77301353
vt 0.21759546 0.77301353
vt 0.22029583 0.77301353
vt 0.22047599 0.77696204
vt 0.21779199 0.77696204
vt 0.21759546 0.77301353
vt 0.21779199 0.77696204
vt 0.22047599 0.77696204
vt 0.22029583 0.77301353
vt 0.22029583 0.77301353
vt 0.22299621 0.77301353
vt 0.22315998 0.77696204
vt 0.22047599 0.77696204
vt 0.22029583 0.77301353
vt 0.22047599 0.77696204
vt 0.22315998 0.77696204
vt 0.22299621 0.77301353
vt 0.22299621 0.77301353
vt 0.22569659 0.77301353
vt 0.22584400 0.77696204
vt 0.22315998 0.77696204
vt 0.22299621 0.77301353
vt 0.22315998 0.77696204
vt 0.22584400 0.77696204
vt 0.22569659 0.77301353
vt 0.22569659 0.77301353
vt 0.22839697 0.77301353
vt 0.22852799 0.77696204
vt 0.22584400 0.77696204
vt 0.22569659 0.77301353
vt 0.22584400 0.77696204
vt 0.22852799 0.77696204
vt 0.22839697 0.77301353
vt 0.22839697 0.77301353
vt 0.23109736 0.77301353
vt 0.23121198 0.77696204
vt 0.22852799 0.77696204
vt 0.22839697 0.77301353
vt 0.22852799 0.77696204
vt 0.23121198 0.77696204
vt 0.23109736 0.77301353
vt 0.23109736 0.77301353
vt 0.23379771 0.77301353
vt 0.23389599 0.77696204
vt 0.23121198 0.77696204
vt 0.23109736 0.77301353
vt 0.23121198 0.77696204
vt 0.23389599 0.77696204
vt 0.23379771 0.77301353
vt 0.23379771 0.77301353
vt 0.23649810 0.77301353
vt 0.23657998 0.77696204
vt 0.23389599 0.77696204
vt 0.23379771 0.77301353
vt 0.23389599 0.77696204
vt 0.23657998 0.77696204
vt 0.23649810 0.77301353
vt 0.23649810 0.77301353
vt 0.23919848 0.77301353
vt 0.23926398 0.77696204
vt 0.23657998 0.77696204
vt 0.23649810 0.77301353
vt 0.23657998 0.77696204
vt 0.23926398 0.77696204
vt 0.23919848 0.77301353
vt 0.23919848 0.77301353
vt 0.24189886 0.77301353
vt 0.24194799 0.77696204
vt 0.23926398 0.77696204
vt 0.23919848 0.77301353
vt 0.23926398 0.77696204
vt 0.24194799 0.77696204
vt 0.24189886 0.77301353
vt 0.24189886 0.77301353
vt 0.24459922 0.77301353
vt 0.24463198 0.77696204
vt 0.24194799 0.77696204
vt 0.24189886 0.77301353
vt 0.24194799 0.77696204
vt 0.24463198 0.77696204
vt 0.24459922 0.77301353
vt 0.24459922 0.77301353
vt 0.24729960 0.77301353
vt 0.24731599 0.77696204
vt 0.24463198 0.77696204
vt 0.24459922 0.77301353
vt 0.24463198 0.77696204
vt 0.24731599 0.77696204
vt 0.24729960 0.77301353
vt 0.24729960 0.77301353
vt 0.24999999 0.77301353
vt 0.24999999 0.77696204
vt 0.24731599 0.77696204
vt 0.24729960 0.77301353
vt 0.24731599 0.77696204
vt 0.24999999 0.77696204
vt 0.24999999 0.77301353
vt 0.24999999 0.77301353
vt 0.25270039 0.77301353
vt 0.25268400 0.77696204
vt 0.24999999 0.77696204
vt 0.24999999 0.77301353
vt 0.24999999 0.77696204
vt 0.25268400 0.77696204
vt 0.25270039 0.77301353
vt 0.25270039 0.77301353
vt 0.25540078 0.77301353
vt 0.25536799 0.77696204
vt 0.25268400 0.77696204
vt 0.25270039 0.77301353
vt 0.25268400 0.77696204
vt 0.25536799 0.77696204
vt 0.25540078 0.77301353
vt 0.25540078 0.77301353
vt 0.25810114 0.77301353
vt 0.25805199 0.77696204
vt 0.25536799 0.77696204
vt 0.25540078 0.77301353
vt 0.25536799 0.77696204
vt 0.25805199 0.77696204
vt 0.25810114 0.77301353
vt 0.25810114 0.77301353
vt 0.26080152 0.77301353
vt 0.26073602 0.77696204
vt 0.25805199 0.77696204
vt 0.25810114 0.77301353
vt 0.25805199 0.77696204
vt 0.26073602 0.77696204
vt 0.26080152 0.77301353
vt 0.26080152 0.77301353
vt 0.26350188 0.77301353
vt 0.26341999 0.77696204
vt 0.26073602 0.77696204
vt 0.26080152 0.77301353
vt 0.26073602 0.77696204
vt 0.26341999 0.77696204
vt 0.26350188 0.77301353
vt 0.26350188 0.77301353
vt 0.26620224 0.77301353
vt 0.26610398 0.77696204
vt 0.26341999 0.77696204
vt 0.26350188 0.77301353
vt 0.26341999 0.77696204
vt 0.26610398 0.77696204
vt 0.26620224 0.77301353
vt 0.26620224 0.77301353
vt 0.26890263 0.77301353
vt 0.26878801 0.77696204
vt 0.26610398 0.77696204
vt 0.26620224 0.77301353
vt 0.26610398 0.77696204
vt 0.26878801 0.77696204
vt 0.26890263 0.77301353
vt 0.26890263 0.77301353
vt 0.27160302 0.77301353
vt 0.27147201 0.77696204
vt 0.26878801 0.77696204
vt 0.26890263 0.77301353
vt 0.26878801 0.77696204
vt 0.27147201 0.77696204
vt 0.27160302 0.77301353
vt 0.27160302 0.77301353
vt 0.27430341 0.77301353
vt 0.27415600 0.77696204
vt 0.27147201 0.77696204
vt 0.27160302 0.77301353
vt 0.27147201 0.77696204
vt 0.27415600 0.77696204
vt 0.27430341 0.77301353
vt 0.27430341 0.77301353
vt 0.27700377 0.77301353
vt 0.27684000 0.77696204
vt 0.27415600 0.77696204
vt 0.27430341 0.77301353
vt 0.27415600 0.77696204
vt 0.27684000 0.77696204
vt 0.27700377 0.77301353
vt 0.27700377 0.77301353
vt 0.27970415 0.77301353
vt 0.27952400 0.77696204
vt 0.27684000 0.77696204
vt 0.27700377 0.77301353
vt 0.27684000 0.77696204
vt 0.27952400 0.77696204
vt 0.27970415 0.77301353
vt 0.27970415 0.77301353
vt 0.28240454 0.77301353
vt 0.28220800 0.77696204
vt 0.27952400 0.77696204
vt 0.27970415 0.77301353
vt 0.27952400 0.77696204
vt 0.28220800 0.77696204
vt 0.28240454 0.77301353
vt 0.21759546 0.77301353
vt 0.21779199 0.77696204
vt 0.21779199 0.77696204
vt 0.21759546 0.77301353
vt 0.28240454 0.77301353
vt 0.28240454 0.77301353
vt 0.28220800 0.77696204
vt 0.28220800 0.77696204
vt 0.21779199 0.77696204
vt 0.22047599 0.77696204
vt 0.22128667 0.78021371
vt 0.21867639 0.78021371
vt 0.21779199 0.77696204
vt 0.21867639 0.78021371
vt 0.22128667 0.78021371
vt 0.22047599 0.77696204
vt 0.22047599 0.77696204
vt 0.22315998 0.77696204
vt 0.22389698 0.78021371
vt 0.22128667 0.78021371
vt 0.22047599 0.77696204
vt 0.22128667 0.78021371
vt 0.22389698 0.78021371
vt 0.22315998 0.77696204
vt 0.22315998 0.77696204
vt 0.22584400 0.77696204
vt 0.22650728 0.78021371
vt 0.22389698 0.78021371
vt 0.22315998 0.77696204
vt 0.22389698 0.78021371
vt 0.22650728 0.78021371
vt 0.22584400 0.77696204
vt 0.22584400 0.77696204
vt 0.22852799 0.77696204
vt 0.22911759 0.78021371
vt 0.22650728 0.78021371
vt 0.22584400 0.77696204
vt 0.22650728 0.78021371
vt 0.22911759 0.78021371
vt 0.22852799 0.77696204
vt 0.22852799 0.77696204
vt 0.23121198 0.77696204
vt 0.23172788 0.78021371
vt 0.22911759 0.78021371
vt 0.22852799 0.77696204
vt 0.22911759 0.78021371
vt 0.23172788 0.78021371
vt 0.23121198 0.77696204
vt 0.23121198 0.77696204
vt 0.23389599 0.77696204
vt 0.23433818 0.78021371
vt 0.23172788 0.78021371
vt 0.23121198 0.77696204
vt 0.23172788 0.78021371
vt 0.23433818 0.78021371
vt 0.23389599 0.77696204
vt 0.23389599 0.77696204
vt 0.23657998 0.77696204
vt 0.23694849 0.78021371
vt 0.23433818 0.78021371
vt 0.23389599 0.77696204
vt 0.23433818 0.78021371
vt 0.23694849 0.78021371
vt 0.23657998 0.77696204
vt 0.23657998 0.77696204
vt 0.23926398 0.77696204
vt 0.23955877 0.78021371
vt 0.23694849 0.78021371
vt 0.23657998 0.77696204
vt 0.23694849 0.78021371
vt 0.23955877 0.78021371
vt 0.23926398 0.77696204
vt 0.23926398 0.77696204
vt 0.24194799 0.77696204
vt 0.24216908 0.78021371
vt 0.23955877 0.78021371
vt 0.23926398 0.77696204
vt 0.23955877 0.78021371
vt 0.24216908 0.78021371
vt 0.24194799 0.77696204
vt 0.24194799 0.77696204
vt 0.24463198 0.77696204
vt 0.24477938 0.78021371
vt 0.24216908 0.78021371
vt 0.24194799 0.77696204
vt 0.24216908 0.78021371
vt 0.24477938 0.78021371
vt 0.24463198 0.77696204
vt 0.24463198 0.77696204
vt 0.24731599 0.77696204
vt 0.24738969 0.78021371
vt 0.24477938 0.78021371
vt 0.24463198 0.77696204
vt 0.24477938 0.78021371
vt 0.24738969 0.78021371
vt 0.24731599 0.77696204
vt 0.24731599 0.77696204
vt 0.24999999 0.77696204
vt 0.24999999 0.78021371
vt 0.24738969 0.78021371
vt 0.24731599 0.77696204
vt 0.24738969 0.78021371
vt 0.24999999 0.78021371
vt 0.24999999 0.77696204
vt 0.24999999 0.77696204
vt 0.25268400 0.77696204
vt 0.25261030 0.78021371
vt 0.24999999 0.78021371
vt 0.24999999 0.77696204
vt 0.24999999 0.78021371
vt 0.25261030 0.78021371
vt 0.25268400 0.77696204
vt 0.25268400 0.77696204
vt 0.25536799 0.77696204
vt 0.25522059 0.78021371
vt 0.25261030 0.78021371
vt 0.25268400 0.77696204
vt 0.25261030 0.78021371
vt 0.25522059 0.78021371
vt 0.25536799 0.77696204
vt 0.25536799 0.77696204
vt 0.25805199 0.77696204
vt 0.25783092 0.78021371
vt 0.25522059 0.78021371
vt 0.25536799 0.77696204
vt 0.25522059 0.78021371
vt 0.25783092 0.78021371
vt 0.25805199 0.77696204
vt 0.25805199 0.77696204
vt 0.26073602 0.77696204
vt 0.26044121 0.78021371
vt 0.25783092 0.78021371
vt 0.25805199 0.77696204
vt 0.25783092 0.78021371
vt 0.26044121 0.78021371
vt 0.26073602 0.77696204
vt 0.26073602 0.77696204
vt 0.26341999 0.77696204
vt 0.26305151 0.78021371
vt 0.26044121 0.78021371
vt 0.26073602 0.77696204
vt 0.26044121 0.78021371
vt 0.26305151 0.78021371
vt 0.26341999 0.77696204
vt 0.26341999 0.77696204
vt 0.26610398 0.77696204
vt 0.26566181 0.78021371
vt 0.26305151 0.78021371
vt 0.26341999 0.77696204
vt 0.26305151 0.78021371
vt 0.26566181 0.78021371
vt 0.26610398 0.77696204
vt 0.26610398 0.77696204
vt 0.26878801 0.77696204
vt 0.26827210 0.78021371
vt 0.26566181 0.78021371
vt 0.26610398 0.77696204
vt 0.26566181 0.78021371
vt 0.26827210 0.78021371
vt 0.26878801 0.77696204
vt 0.26878801 0.77696204
vt 0.27147201 0.77696204
vt 0.27088243 0.78021371
vt 0.26827210 0.78021371
vt 0.26878801 0.77696204
vt 0.26827210 0.78021371
vt 0.27088243 0.78021371
vt 0.27147201 0.77696204
vt 0.27147201 0.77696204
vt 0.27415600 0.77696204
vt 0.27349269 0.78021371
vt 0.27088243 0.78021371
vt 0.27147201 0.77696204
vt 0.27088243 0.78021371
vt 0.27349269 0.78021371
vt 0.27415600 0.77696204
vt 0.27415600 0.77696204
vt 0.27684000 0.77696204
vt 0.27610299 0.78021371
vt 0.27349269 0.78021371
vt 0.27415600 0.77696204
vt 0.27349269 0.78021371
vt 0.27610299 0.78021371
vt 0.27684000 0.77696204
vt 0.27684000 0.77696204
vt 0.27952400 0.77696204
vt 0.27871329 0.78021371
vt 0.27610299 0.78021371
vt 0.27684000 0.77696204
vt 0.27610299 0.78021371
vt 0.27871329 0.78021371
vt 0.27952400 0.77696204
vt 0.27952400 0.77696204
vt 0.28220800 0.77696204
vt 0.28132361 0.78021371
vt 0.27871329 0.78021371
vt 0.27952400 0.77696204
vt 0.27871329 0.78021371
vt 0.28132361 0.78021371
vt 0.28220800 0.77696204
vt 0.21779199 0.77696204
vt 0.21867639 0.78021371
vt 0.21867639 0.78021371
vt 0.21779199 0.77696204
vt 0.28220800 0.77696204
vt 0.28220800 0.77696204
vt 0.28132361 0.78021371
vt 0.28132361 0.78021371
vt 0.21867639 0.78021371
vt 0.22128667 0.78021371
vt 0.22324388 0.78806400
vt 0.22081149 0.78806400
vt 0.21867639 0.78021371
vt 0.22081149 0.78806400
vt 0.22324388 0.78806400
vt 0.22128667 0.78021371
vt 0.22128667 0.78021371
vt 0.22389698 0.78021371
vt 0.22567625 0.78806400
vt 0.22324388 0.78806400
vt 0.22128667 0.78021371
vt 0.22324388 0.78806400
vt 0.22567625 0.78806400
vt 0.22389698 0.78021371
vt 0.22389698 0.78021371
vt 0.22650728 0.78021371
vt 0.22810861 0.78806400
vt 0.22567625 0.78806400
vt 0.22389698 0.78021371
vt 0.22567625 0.78806400
vt 0.22810861 0.78806400
vt 0.22650728 0.78021371
vt 0.22650728 0.78021371
vt 0.22911759 0.78021371
vt 0.23054099 0.78806400
vt 0.22810861 0.78806400
vt 0.22650728 0.78021371
vt 0.22810861 0.78806400
vt 0.23054099 0.78806400
vt 0.22911759 0.78021371
vt 0.22911759 0.78021371
vt 0.23172788 0.78021371
vt 0.23297337 0.78806400
vt 0.23054099 0.78806400
vt 0.22911759 0.78021371
vt 0.23054099 0.78806400
vt 0.23297337 0.78806400
vt 0.23172788 0.78021371
vt 0.23172788 0.78021371
vt 0.23433818 0.78021371
vt 0.23540574 0.78806400
vt 0.23297337 0.78806400
vt 0.23172788 0.78021371
vt 0.23297337 0.78806400
vt 0.23540574 0.78806400
vt 0.23433818 0.78021371
vt 0.23433818 0.78021371
vt 0.23694849 0.78021371
vt 0.23783812 0.78806400
vt 0.23540574 0.78806400
vt 0.23433818 0.78021371
vt 0.23540574 0.78806400
vt 0.23783812 0.78806400
vt 0.23694849 0.78021371
vt 0.23694849 0.78021371
vt 0.23955877 0.78021371
vt 0.24027050 0.78806400
vt 0.23783812 0.78806400
vt 0.23694849 0.78021371
vt 0.23783812 0.78806400
vt 0.24027050 0.78806400
vt 0.23955877 0.78021371
vt 0.23955877 0.78021371
vt 0.24216908 0.78021371
vt 0.24270286 0.78806400
vt 0.24027050 0.78806400
vt 0.23955877 0.78021371
vt 0.24027050 0.78806400
vt 0.24270286 0.78806400
vt 0.24216908 0.78021371
vt 0.24216908 0.78021371
vt 0.24477938 0.78021371
vt 0.24513523 0.78806400
vt 0.24270286 0.78806400
vt 0.24216908 0.78021371
vt 0.24270286 0.78806400
vt 0.24513523 0.78806400
vt 0.24477938 0.78021371
vt 0.24477938 0.78021371
vt 0.24738969 0.78021371
vt 0.24756761 0.78806400
vt 0.24513523 0.78806400
vt 0.24477938 0.78021371
vt 0.24513523 0.78806400
vt 0.24756761 0.78806400
vt 0.24738969 0.78021371
vt 0.24738969 0.78021371
vt 0.24999999 0.78021371
vt 0.24999999 0.78806400
vt 0.24756761 0.78806400
vt 0.24738969 0.78021371
vt 0.24756761 0.78806400
vt 0.24999999 0.78806400
vt 0.24999999 0.78021371
vt 0.24999999 0.78021371
vt 0.25261030 0.78021371
vt 0.25243238 0.78806400
vt 0.24999999 0.78806400
vt 0.24999999 0.78021371
vt 0.24999999 0.78806400
vt 0.25243238 0.78806400
vt 0.25261030 0.78021371
vt 0.25261030 0.78021371
vt 0.25522059 0.78021371
vt 0.25486475 0.78806400
vt 0.25243238 0.78806400
vt 0.25261030 0.78021371
vt 0.25243238 0.78806400
vt 0.25486475 0.78806400
vt 0.25522059 0.78021371
vt 0.25522059 0.78021371
vt 0.25783092 0.78021371
vt 0.25729713 0.78806400
vt 0.25486475 0.78806400
vt 0.25522059 0.78021371
vt 0.25486475 0.78806400
vt 0.25729713 0.78806400
vt 0.25783092 0.78021371
vt 0.25783092 0.78021371
vt 0.26044121 0.78021371
vt 0.25972950 0.78806400
vt 0.25729713 0.78806400
vt 0.25783092 0.78021371
vt 0.25729713 0.78806400
vt 0.25972950 0.78806400
vt 0.26044121 0.78021371
vt 0.26044121 0.78021371
vt 0.26305151 0.78021371
vt 0.26216188 0.78806400
vt 0.25972950 0.78806400
vt 0.26044121 0.78021371
vt 0.25972950 0.78806400
vt 0.26216188 0.78806400
vt 0.26305151 0.78021371
vt 0.26305151 0.78021371
vt 0.26566181 0.78021371
vt 0.26459426 0.78806400
vt 0.26216188 0.78806400
vt 0.26305151 0.78021371
vt 0.26216188 0.78806400
vt 0.26459426 0.78806400
vt 0.26566181 0.78021371
vt 0.26566181 0.78021371
vt 0.26827210 0.78021371
vt 0.26702663 0.78806400
vt 0.26459426 0.78806400
vt 0.26566181 0.78021371
vt 0.26459426 0.78806400
vt 0.26702663 0.78806400
vt 0.26827210 0.78021371
vt 0.26827210 0.78021371
vt 0.27088243 0.78021371
vt 0.26945898 0.78806400
vt 0.26702663 0.78806400
vt 0.26827210 0.78021371
vt 0.26702663 0.78806400
vt 0.26945898 0.78806400
vt 0.27088243 0.78021371
vt 0.27088243 0.78021371
vt 0.27349269 0.78021371
vt 0.27189136 0.78806400
vt 0.26945898 0.78806400
vt 0.27088243 0.78021371
vt 0.26945898 0.78806400
vt 0.27189136 0.78806400
vt 0.27349269 0.78021371
vt 0.27349269 0.78021371
vt 0.27610299 0.78021371
vt 0.27432373 0.78806400
vt 0.27189136 0.78806400
vt 0.27349269 0.78021371
vt 0.27189136 0.78806400
vt 0.27432373 0.78806400
vt 0.27610299 0.78021371
vt 0.27610299 0.78021371
vt 0.27871329 0.78021371
vt 0.27675611 0.78806400
vt 0.27432373 0.78806400
vt 0.27610299 0.78021371
vt 0.27432373 0.78806400
vt 0.27675611 0.78806400
vt 0.27871329 0.78021371
vt 0.27871329 0.78021371
vt 0.28132361 0.78021371
vt 0.27918848 0.78806400
vt 0.27675611 0.78806400
vt 0.27871329 0.78021371
vt 0.27675611 0.78806400
vt 0.27918848 0.78806400
vt 0.28132361 0.78021371
vt 0.21867639 0.78021371
vt 0.22081149 0.78806400
vt 0.22081149 0.78806400
vt 0.21867639 0.78021371
vt 0.28132361 0.78021371
vt 0.28132361 0.78021371
vt 0.27918848 0.78806400
vt 0.27918848 0.78806400
vt 0.22081149 0.78806400
vt 0.22324388 0.78806400
vt 0.22520106 0.79591429
vt 0.22294660 0.79591429
vt 0.22081149 0.78806400
vt 0.22294660 0.79591429
vt 0.22520106 0.79591429
vt 0.22324388 0.78806400
vt 0.22324388 0.78806400
vt 0.22567625 0.78806400
vt 0.22745550 0.79591429
vt 0.22520106 0.79591429
vt 0.22324388 0.78806400
vt 0.22520106 0.79591429
vt 0.22745550 0.79591429
vt 0.22567625 0.78806400
vt 0.22567625 0.78806400
vt 0.22810861 0.78806400
vt 0.22970994 0.79591429
vt 0.22745550 0.79591429
vt 0.22567625 0.78806400
vt 0.22745550 0.79591429
vt 0.22970994 0.79591429
vt 0.22810861 0.78806400
vt 0.22810861 0.78806400
vt 0.23054099 0.78806400
vt 0.23196439 0.79591429
vt 0.22970994 0.79591429
vt 0.22810861 0.78806400
vt 0.22970994 0.79591429
vt 0.23196439 0.79591429
vt 0.23054099 0.78806400
vt 0.23054099 0.78806400
vt 0.23297337 0.78806400
vt 0.23421884 0.79591429
vt 0.23196439 0.79591429
vt 0.23054099 0.78806400
vt 0.23196439 0.79591429
vt 0.23421884 0.79591429
vt 0.23297337 0.78806400
vt 0.23297337 0.78806400
vt 0.23540574 0.78806400
vt 0.23647329 0.79591429
vt 0.23421884 0.79591429
vt 0.23297337 0.78806400
vt 0.23421884 0.79591429
vt 0.23647329 0.79591429
vt 0.23540574 0.78806400
vt 0.23540574 0.78806400
vt 0.23783812 0.78806400
vt 0.23872775 0.79591429
vt 0.23647329 0.79591429
vt 0.23540574 0.78806400
vt 0.23647329 0.79591429
vt 0.23872775 0.79591429
vt 0.23783812 0.78806400
vt 0.23783812 0.78806400
vt 0.24027050 0.78806400
vt 0.24098219 0.79591429
vt 0.23872775 0.79591429
vt 0.23783812 0.78806400
vt 0.23872775 0.79591429
vt 0.24098219 0.79591429
vt 0.24027050 0.78806400
vt 0.24027050 0.78806400
vt 0.24270286 0.78806400
vt 0.24323663 0.79591429
vt 0.24098219 0.79591429
vt 0.24027050 0.78806400
vt 0.24098219 0.79591429
vt 0.24323663 0.79591429
vt 0.24270286 0.78806400
vt 0.24270286 0.78806400
vt 0.24513523 0.78806400
vt 0.24549109 0.79591429
vt 0.24323663 0.79591429
vt 0.24270286 0.78806400
vt 0.24323663 0.79591429
vt 0.24549109 0.79591429
vt 0.24513523 0.78806400
vt 0.24513523 0.78806400
vt 0.24756761 0.78806400
vt 0.24774553 0.79591429
vt 0.24549109 0.79591429
vt 0.24513523 0.78806400
vt 0.24549109 0.79591429
vt 0.24774553 0.79591429
vt 0.24756761 0.78806400
vt 0.24756761 0.78806400
vt 0.24999999 0.78806400
vt 0.24999999 0.79591429
vt 0.24774553 0.79591429
vt 0.24756761 0.78806400
vt 0.24774553 0.79591429
vt 0.24999999 0.79591429
vt 0.24999999 0.78806400
vt 0.24999999 0.78806400
vt 0.25243238 0.78806400
vt 0.25225446 0.79591429
vt 0.24999999 0.79591429
vt 0.24999999 0.78806400
vt 0.24999999 0.79591429
vt 0.25225446 0.79591429
vt 0.25243238 0.78806400
vt 0.25243238 0.78806400
vt 0.25486475 0.78806400
vt 0.25450888 0.79591429
vt 0.25225446 0.79591429
vt 0.25243238 0.78806400
vt 0.25225446 0.79591429
vt 0.25450888 0.79591429
vt 0.25486475 0.78806400
vt 0.25486475 0.78806400
vt 0.25729713 0.78806400
vt 0.25676334 0.79591429
vt 0.25450888 0.79591429
vt 0.25486475 0.78806400
vt 0.25450888 0.79591429
vt 0.25676334 0.79591429
vt 0.25729713 0.78806400
vt 0.25729713 0.78806400
vt 0.25972950 0.78806400
vt 0.25901780 0.79591429
vt 0.25676334 0.79591429
vt 0.25729713 0.78806400
vt 0.25676334 0.79591429
vt 0.25901780 0.79591429
vt 0.25972950 0.78806400
vt 0.25972950 0.78806400
vt 0.26216188 0.78806400
vt 0.26127225 0.79591429
vt 0.25901780 0.79591429
vt 0.25972950 0.78806400
vt 0.25901780 0.79591429
vt 0.26127225 0.79591429
vt 0.26216188 0.78806400
vt 0.26216188 0.78806400
vt 0.26459426 0.78806400
vt 0.26352671 0.79591429
vt 0.26127225 0.79591429
vt 0.26216188 0.78806400
vt 0.26127225 0.79591429
vt 0.26352671 0.79591429
vt 0.26459426 0.78806400
vt 0.26459426 0.78806400
vt 0.26702663 0.78806400
vt 0.26578113 0.79591429
vt 0.26352671 0.79591429
vt 0.26459426 0.78806400
vt 0.26352671 0.79591429
vt 0.26578113 0.79591429
vt 0.26702663 0.78806400
vt 0.26702663 0.78806400
vt 0.26945898 0.78806400
vt 0.26803559 0.79591429
vt 0.26578113 0.79591429
vt 0.26702663 0.78806400
vt 0.26578113 0.79591429
vt 0.26803559 0.79591429
vt 0.26945898 0.78806400
vt 0.26945898 0.78806400
vt 0.27189136 0.78806400
vt 0.27029002 0.79591429
vt 0.26803559 0.79591429
vt 0.26945898 0.78806400
vt 0.26803559 0.79591429
vt 0.27029002 0.79591429
vt 0.27189136 0.78806400
vt 0.27189136 0.78806400
vt 0.27432373 0.78806400
vt 0.27254447 0.79591429
vt 0.27029002 0.79591429
vt 0.27189136 0.78806400
vt 0.27029002 0.79591429
vt 0.27254447 0.79591429
vt 0.27432373 0.78806400
vt 0.27432373 0.78806400
vt 0.27675611 0.78806400
vt 0.27479893 0.79591429
vt 0.27254447 0.79591429
vt 0.27432373 0.78806400
vt 0.27254447 0.79591429
vt 0.27479893 0.79591429
vt 0.27675611 0.78806400
vt 0.27675611 0.78806400
vt 0.27918848 0.78806400
vt 0.27705339 0.79591429
vt 0.27479893 0.79591429
vt 0.27675611 0.78806400
vt 0.27479893 0.79591429
vt 0.27705339 0.79591429
vt 0.27918848 0.78806400
vt 0.22081149 0.78806400
vt 0.22294660 0.79591429
vt 0.22294660 0.79591429
vt 0.22081149 0.78806400
vt 0.27918848 0.78806400
vt 0.27918848 0.78806400
vt 0.27705339 0.79591429
vt 0.27705339 0.79591429
vt 0.22294660 0.79591429
vt 0.22520106 0.79591429
vt 0.22601174 0.79916602
vt 0.22383100 0.79916602
vt 0.22294660 0.79591429
vt 0.22383100 0.79916602
vt 0.22601174 0.79916602
vt 0.22520106 0.79591429
vt 0.22520106 0.79591429
vt 0.22745550 0.79591429
vt 0.22819248 0.79916602
vt 0.22601174 0.79916602
vt 0.22520106 0.79591429
vt 0.22601174 0.79916602
vt 0.22819248 0.79916602
vt 0.22745550 0.79591429
vt 0.22745550 0.79591429
vt 0.22970994 0.79591429
vt 0.23037323 0.79916602
vt 0.22819248 0.79916602
vt 0.22745550 0.79591429
vt 0.22819248 0.79916602
vt 0.23037323 0.79916602
vt 0.22970994 0.79591429
vt 0.22970994 0.79591429
vt 0.23196439 0.79591429
vt 0.23255399 0.79916602
vt 0.23037323 0.79916602
vt 0.22970994 0.79591429
vt 0.23037323 0.79916602
vt 0.23255399 0.79916602
vt 0.23196439 0.79591429
vt 0.23196439 0.79591429
vt 0.23421884 0.79591429
vt 0.23473474 0.79916602
vt 0.23255399 0.79916602
vt 0.23196439 0.79591429
vt 0.23255399 0.79916602
vt 0.23473474 0.79916602
vt 0.23421884 0.79591429
vt 0.23421884 0.79591429
vt 0.23647329 0.79591429
vt 0.23691548 0.79916602
vt 0.23473474 0.79916602
vt 0.23421884 0.79591429
vt 0.23473474 0.79916602
vt 0.23691548 0.79916602
vt 0.23647329 0.79591429
vt 0.23647329 0.79591429
vt 0.23872775 0.79591429
vt 0.23909624 0.79916602
vt 0.23691548 0.79916602
vt 0.23647329 0.79591429
vt 0.23691548 0.79916602
vt 0.23909624 0.79916602
vt 0.23872775 0.79591429
vt 0.23872775 0.79591429
vt 0.24098219 0.79591429
vt 0.24127699 0.79916602
vt 0.23909624 0.79916602
vt 0.23872775 0.79591429
vt 0.23909624 0.79916602
vt 0.24127699 0.79916602
vt 0.24098219 0.79591429
vt 0.24098219 0.79591429
vt 0.24323663 0.79591429
vt 0.24345773 0.79916602
vt 0.24127699 0.79916602
vt 0.24098219 0.79591429
vt 0.24127699 0.79916602
vt 0.24345773 0.79916602
vt 0.24323663 0.79591429
vt 0.24323663 0.79591429
vt 0.24549109 0.79591429
vt 0.24563847 0.79916602
vt 0.24345773 0.79916602
vt 0.24323663 0.79591429
vt 0.24345773 0.79916602
vt 0.24563847 0.79916602
vt 0.24549109 0.79591429
vt 0.24549109 0.79591429
vt 0.24774553 0.79591429
vt 0.24781924 0.79916602
vt 0.24563847 0.79916602
vt 0.24549109 0.79591429
vt 0.24563847 0.79916602
vt 0.24781924 0.79916602
vt 0.24774553 0.79591429
vt 0.24774553 0.79591429
vt 0.24999999 0.79591429
vt 0.24999999 0.79916602
vt 0.24781924 0.79916602
vt 0.24774553 0.79591429
vt 0.24781924 0.79916602
vt 0.24999999 0.79916602
vt 0.24999999 0.79591429
vt 0.24999999 0.79591429
vt 0.25225446 0.79591429
vt 0.25218073 0.79916602
vt 0.24999999 0.79916602
vt 0.24999999 0.79591429
vt 0.24999999 0.79916602
vt 0.25218073 0.79916602
vt 0.25225446 0.79591429
vt 0.25225446 0.79591429
vt 0.25450888 0.79591429
vt 0.25436148 0.79916602
vt 0.25218073 0.79916602
vt 0.25225446 0.79591429
vt 0.25218073 0.79916602
vt 0.25436148 0.79916602
vt 0.25450888 0.79591429
vt 0.25450888 0.79591429
vt 0.25676334 0.79591429
vt 0.25654227 0.79916602
vt 0.25436148 0.79916602
vt 0.25450888 0.79591429
vt 0.25436148 0.79916602
vt 0.25654227 0.79916602
vt 0.25676334 0.79591429
vt 0.25676334 0.79591429
vt 0.25901780 0.79591429
vt 0.25872302 0.79916602
vt 0.25654227 0.79916602
vt 0.25676334 0.79591429
vt 0.25654227 0.79916602
vt 0.25872302 0.79916602
vt 0.25901780 0.79591429
vt 0.25901780 0.79591429
vt 0.26127225 0.79591429
vt 0.26090375 0.79916602
vt 0.25872302 0.79916602
vt 0.25901780 0.79591429
vt 0.25872302 0.79916602
vt 0.26090375 0.79916602
vt 0.26127225 0.79591429
vt 0.26127225 0.79591429
vt 0.26352671 0.79591429
vt 0.26308450 0.79916602
vt 0.26090375 0.79916602
vt 0.26127225 0.79591429
vt 0.26090375 0.79916602
vt 0.26308450 0.79916602
vt 0.26352671 0.79591429
vt 0.26352671 0.79591429
vt 0.26578113 0.79591429
vt 0.26526523 0.79916602
vt 0.26308450 0.79916602
vt 0.26352671 0.79591429
vt 0.26308450 0.79916602
vt 0.26526523 0.79916602
vt 0.26578113 0.79591429
vt 0.26578113 0.79591429
vt 0.26803559 0.79591429
vt 0.26744598 0.79916602
vt 0.26526523 0.79916602
vt 0.26578113 0.79591429
vt 0.26526523 0.79916602
vt 0.26744598 0.79916602
vt 0.26803559 0.79591429
vt 0.26803559 0.79591429
vt 0.27029002 0.79591429
vt 0.26962677 0.79916602
vt 0.26744598 0.79916602
vt 0.26803559 0.79591429
vt 0.26744598 0.79916602
vt 0.26962677 0.79916602
vt 0.27029002 0.79591429
vt 0.27029002 0.79591429
vt 0.27254447 0.79591429
vt 0.27180749 0.79916602
vt 0.26962677 0.79916602
vt 0.27029002 0.79591429
vt 0.26962677 0.79916602
vt 0.27180749 0.79916602
vt 0.27254447 0.79591429
vt 0.27254447 0.79591429
vt 0.27479893 0.79591429
vt 0.27398825 0.79916602
vt 0.27180749 0.79916602
vt 0.27254447 0.79591429
vt 0.27180749 0.79916602
vt 0.27398825 0.79916602
vt 0.27479893 0.79591429
vt 0.27479893 0.79591429
vt 0.27705339 0.79591429
vt 0.27616900 0.79916602
vt 0.27398825 0.79916602
vt 0.27479893 0.79591429
vt 0.27398825 0.79916602
vt 0.27616900 0.79916602
vt 0.27705339 0.79591429
vt 0.22294660 0.79591429
vt 0.22383100 0.79916602
vt 0.22383100 0.79916602
vt 0.22294660 0.79591429
vt 0.27705339 0.79591429
vt 0.27705339 0.79591429
vt 0.27616900 0.79916602
vt 0.27616900 0.79916602
vt 0.22383100 0.79916602
vt 0.22601174 0.79916602
vt 0.22700259 0.80172092
vt 0.22491191 0.80172092
vt 0.22383100 0.79916602
vt 0.22491191 0.80172092
vt 0.22700259 0.80172092
vt 0.22601174 0.79916602
vt 0.22601174 0.79916602
vt 0.22819248 0.79916602
vt 0.22909325 0.80172092
vt 0.22700259 0.80172092
vt 0.22601174 0.79916602
vt 0.22700259 0.80172092
vt 0.22909325 0.80172092
vt 0.22819248 0.79916602
vt 0.22819248 0.79916602
vt 0.23037323 0.79916602
vt 0.23118393 0.80172092
vt 0.22909325 0.80172092
vt 0.22819248 0.79916602
vt 0.22909325 0.80172092
vt 0.23118393 0.80172092
vt 0.23037323 0.79916602
vt 0.23037323 0.79916602
vt 0.23255399 0.79916602
vt 0.23327461 0.80172092
vt 0.23118393 0.80172092
vt 0.23037323 0.79916602
vt 0.23118393 0.80172092
vt 0.23327461 0.80172092
vt 0.23255399 0.79916602
vt 0.23255399 0.79916602
vt 0.23473474 0.79916602
vt 0.23536529 0.80172092
vt 0.23327461 0.80172092
vt 0.23255399 0.79916602
vt 0.23327461 0.80172092
vt 0.23536529 0.80172092
vt 0.23473474 0.79916602
vt 0.23473474 0.79916602
vt 0.23691548 0.79916602
vt 0.23745593 0.80172092
vt 0.23536529 0.80172092
vt 0.23473474 0.79916602
vt 0.23536529 0.80172092
vt 0.23745593 0.80172092
vt 0.23691548 0.79916602
vt 0.23691548 0.79916602
vt 0.23909624 0.79916602
vt 0.23954661 0.80172092
vt 0.23745593 0.80172092
vt 0.23691548 0.79916602
vt 0.23745593 0.80172092
vt 0.23954661 0.80172092
vt 0.23909624 0.79916602
vt 0.23909624 0.79916602
vt 0.24127699 0.79916602
vt 0.24163729 0.80172092
vt 0.23954661 0.80172092
vt 0.23909624 0.79916602
vt 0.23954661 0.80172092
vt 0.24163729 0.80172092
vt 0.24127699 0.79916602
vt 0.24127699 0.79916602
vt 0.24345773 0.79916602
vt 0.24372797 0.80172092
vt 0.24163729 0.80172092
vt 0.24127699 0.79916602
vt 0.24163729 0.80172092
vt 0.24372797 0.80172092
vt 0.24345773 0.79916602
vt 0.24345773 0.79916602
vt 0.24563847 0.79916602
vt 0.24581863 0.80172092
vt 0.24372797 0.80172092
vt 0.24345773 0.79916602
vt 0.24372797 0.80172092
vt 0.24581863 0.80172092
vt 0.24563847 0.79916602
vt 0.24563847 0.79916602
vt 0.24781924 0.79916602
vt 0.24790931 0.80172092
vt 0.24581863 0.80172092
vt 0.24563847 0.79916602
vt 0.24581863 0.80172092
vt 0.24790931 0.80172092
vt 0.24781924 0.79916602
vt 0.24781924 0.79916602
vt 0.24999999 0.79916602
vt 0.24999999 0.80172092
vt 0.24790931 0.80172092
vt 0.24781924 0.79916602
vt 0.24790931 0.80172092
vt 0.24999999 0.80172092
vt 0.24999999 0.79916602
vt 0.24999999 0.79916602
vt 0.25218073 0.79916602
vt 0.25209066 0.80172092
vt 0.24999999 0.80172092
vt 0.24999999 0.79916602
vt 0.24999999 0.80172092
vt 0.25209066 0.80172092
vt 0.25218073 0.79916602
vt 0.25218073 0.79916602
vt 0.25436148 0.79916602
vt 0.25418136 0.80172092
vt 0.25209066 0.80172092
vt 0.25218073 0.79916602
vt 0.25209066 0.80172092
vt 0.25418136 0.80172092
vt 0.25436148 0.79916602
vt 0.25436148 0.79916602
vt 0.25654227 0.79916602
vt 0.25627202 0.80172092
vt 0.25418136 0.80172092
vt 0.25436148 0.79916602
vt 0.25418136 0.80172092
vt 0.25627202 0.80172092
vt 0.25654227 0.79916602
vt 0.25654227 0.79916602
vt 0.25872302 0.79916602
vt 0.25836271 0.80172092
vt 0.25627202 0.80172092
vt 0.25654227 0.79916602
vt 0.25627202 0.80172092
vt 0.25836271 0.80172092
vt 0.25872302 0.79916602
vt 0.25872302 0.79916602
vt 0.26090375 0.79916602
vt 0.26045337 0.80172092
vt 0.25836271 0.80172092
vt 0.25872302 0.79916602
vt 0.25836271 0.80172092
vt 0.26045337 0.80172092
vt 0.26090375 0.79916602
vt 0.26090375 0.79916602
vt 0.26308450 0.79916602
vt 0.26254404 0.80172092
vt 0.26045337 0.80172092
vt 0.26090375 0.79916602
vt 0.26045337 0.80172092
vt 0.26254404 0.80172092
vt 0.26308450 0.79916602
vt 0.26308450 0.79916602
vt 0.26526523 0.79916602
vt 0.26463473 0.80172092
vt 0.26254404 0.80172092
vt 0.26308450 0.79916602
vt 0.26254404 0.80172092
vt 0.26463473 0.80172092
vt 0.26526523 0.79916602
vt 0.26526523 0.79916602
vt 0.26744598 0.79916602
vt 0.26672539 0.80172092
vt 0.26463473 0.80172092
vt 0.26526523 0.79916602
vt 0.26463473 0.80172092
vt 0.26672539 0.80172092
vt 0.26744598 0.79916602
vt 0.26744598 0.79916602
vt 0.26962677 0.79916602
vt 0.26881605 0.80172092
vt 0.26672539 0.80172092
vt 0.26744598 0.79916602
vt 0.26672539 0.80172092
vt 0.26881605 0.80172092
vt 0.26962677 0.79916602
vt 0.26962677 0.79916602
vt 0.27180749 0.79916602
vt 0.27090675 0.80172092
vt 0.26881605 0.80172092
vt 0.26962677 0.79916602
vt 0.26881605 0.80172092
vt 0.27090675 0.80172092
vt 0.27180749 0.79916602
vt 0.27180749 0.79916602
vt 0.27398825 0.79916602
vt 0.27299741 0.80172092
vt 0.27090675 0.80172092
vt 0.27180749 0.79916602
vt 0.27090675 0.80172092
vt 0.27299741 0.80172092
vt 0.27398825 0.79916602
vt 0.27398825 0.79916602
vt 0.27616900 0.79916602
vt 0.27508810 0.80172092
vt 0.27299741 0.80172092
vt 0.27398825 0.79916602
vt 0.27299741 0.80172092
vt 0.27508810 0.80172092
vt 0.27616900 0.79916602
vt 0.22383100 0.79916602
vt 0.22491191 0.80172092
vt 0.22491191 0.80172092
vt 0.22383100 0.79916602
vt 0.27616900 0.79916602
vt 0.27616900 0.79916602
vt 0.27508810 0.80172092
vt 0.27508810 0.80172092
vt 0.22491191 0.80172092
vt 0.22700259 0.80172092
vt 0.22939469 0.80788898
vt 0.22752148 0.80788898
vt 0.22491191 0.80172092
vt 0.22752148 0.80788898
vt 0.22939469 0.80788898
vt 0.22700259 0.80172092
vt 0.22700259 0.80172092
vt 0.22909325 0.80172092
vt 0.23126790 0.80788898
vt 0.22939469 0.80788898
vt 0.22700259 0.80172092
vt 0.22939469 0.80788898
vt 0.23126790 0.80788898
vt 0.22909325 0.80172092
vt 0.22909325 0.80172092
vt 0.23118393 0.80172092
vt 0.23314111 0.80788898
vt 0.23126790 0.80788898
vt 0.22909325 0.80172092
vt 0.23126790 0.80788898
vt 0.23314111 0.80788898
vt 0.23118393 0.80172092
vt 0.23118393 0.80172092
vt 0.23327461 0.80172092
vt 0.23501432 0.80788898
vt 0.23314111 0.80788898
vt 0.23118393 0.80172092
vt 0.23314111 0.80788898
vt 0.23501432 0.80788898
vt 0.23327461 0.80172092
vt 0.23327461 0.80172092
vt 0.23536529 0.80172092
vt 0.23688751 0.80788898
vt 0.23501432 0.80788898
vt 0.23327461 0.80172092
vt 0.23501432 0.80788898
vt 0.23688751 0.80788898
vt 0.23536529 0.80172092
vt 0.23536529 0.80172092
vt 0.23745593 0.80172092
vt 0.23876074 0.80788898
vt 0.23688751 0.80788898
vt 0.23536529 0.80172092
vt 0.23688751 0.80788898
vt 0.23876074 0.80788898
vt 0.23745593 0.80172092
vt 0.23745593 0.80172092
vt 0.23954661 0.80172092
vt 0.24063395 0.80788898
vt 0.23876074 0.80788898
vt 0.23745593 0.80172092
vt 0.23876074 0.80788898
vt 0.24063395 0.80788898
vt 0.23954661 0.80172092
vt 0.23954661 0.80172092
vt 0.24163729 0.80172092
vt 0.24250716 0.80788898
vt 0.24063395 0.80788898
vt 0.23954661 0.80172092
vt 0.24063395 0.80788898
vt 0.24250716 0.80788898
vt 0.24163729 0.80172092
vt 0.24163729 0.80172092
vt 0.24372797 0.80172092
vt 0.24438037 0.80788898
vt 0.24250716 0.80788898
vt 0.24163729 0.80172092
vt 0.24250716 0.80788898
vt 0.24438037 0.80788898
vt 0.24372797 0.80172092
vt 0.24372797 0.80172092
vt 0.24581863 0.80172092
vt 0.24625356 0.80788898
vt 0.24438037 0.80788898
vt 0.24372797 0.80172092
vt 0.24438037 0.80788898
vt 0.24625356 0.80788898
vt 0.24581863 0.80172092
vt 0.24581863 0.80172092
vt 0.24790931 0.80172092
vt 0.24812678 0.80788898
vt 0.24625356 0.80788898
vt 0.24581863 0.80172092
vt 0.24625356 0.80788898
vt 0.24812678 0.80788898
vt 0.24790931 0.80172092
vt 0.24790931 0.80172092
vt 0.24999999 0.80172092
vt 0.24999999 0.80788898
vt 0.24812678 0.80788898
vt 0.24790931 0.80172092
vt 0.24812678 0.80788898
vt 0.24999999 0.80788898
vt 0.24999999 0.80172092
vt 0.24999999 0.80172092
vt 0.25209066 0.80172092
vt 0.25187320 0.80788898
vt 0.24999999 0.80788898
vt 0.24999999 0.80172092
vt 0.24999999 0.80788898
vt 0.25187320 0.80788898
vt 0.25209066 0.80172092
vt 0.25209066 0.80172092
vt 0.25418136 0.80172092
vt 0.25374642 0.80788898
vt 0.25187320 0.80788898
vt 0.25209066 0.80172092
vt 0.25187320 0.80788898
vt 0.25374642 0.80788898
vt 0.25418136 0.80172092
vt 0.25418136 0.80172092
vt 0.25627202 0.80172092
vt 0.25561962 0.80788898
vt 0.25374642 0.80788898
vt 0.25418136 0.80172092
vt 0.25374642 0.80788898
vt 0.25561962 0.80788898
vt 0.25627202 0.80172092
vt 0.25627202 0.80172092
vt 0.25836271 0.80172092
vt 0.25749284 0.80788898
vt 0.25561962 0.80788898
vt 0.25627202 0.80172092
vt 0.25561962 0.80788898
vt 0.25749284 0.80788898
vt 0.25836271 0.80172092
vt 0.25836271 0.80172092
vt 0.26045337 0.80172092
vt 0.25936604 0.80788898
vt 0.25749284 0.80788898
vt 0.25836271 0.80172092
vt 0.25749284 0.80788898
vt 0.25936604 0.80788898
vt 0.26045337 0.80172092
vt 0.26045337 0.80172092
vt 0.26254404 0.80172092
vt 0.26123923 0.80788898
vt 0.25936604 0.80788898
vt 0.26045337 0.80172092
vt 0.25936604 0.80788898
vt 0.26123923 0.80788898
vt 0.26254404 0.80172092
vt 0.26254404 0.80172092
vt 0.26463473 0.80172092
vt 0.26311246 0.80788898
vt 0.26123923 0.80788898
vt 0.26254404 0.80172092
vt 0.26123923 0.80788898
vt 0.26311246 0.80788898
vt 0.26463473 0.80172092
vt 0.26463473 0.80172092
vt 0.26672539 0.80172092
vt 0.26498565 0.80788898
vt 0.26311246 0.80788898
vt 0.26463473 0.80172092
vt 0.26311246 0.80788898
vt 0.26498565 0.80788898
vt 0.26672539 0.80172092
vt 0.26672539 0.80172092
vt 0.26881605 0.80172092
vt 0.26685888 0.80788898
vt 0.26498565 0.80788898
vt 0.26672539 0.80172092
vt 0.26498565 0.80788898
vt 0.26685888 0.80788898
vt 0.26881605 0.80172092
vt 0.26881605 0.80172092
vt 0.27090675 0.80172092
vt 0.26873207 0.80788898
vt 0.26685888 0.80788898
vt 0.26881605 0.80172092
vt 0.26685888 0.80788898
vt 0.26873207 0.80788898
vt 0.27090675 0.80172092
vt 0.27090675 0.80172092
vt 0.27299741 0.80172092
vt 0.27060527 0.80788898
vt 0.26873207 0.80788898
vt 0.27090675 0.80172092
vt 0.26873207 0.80788898
vt 0.27060527 0.80788898
vt 0.27299741 0.80172092
vt 0.27299741 0.80172092
vt 0.27508810 0.80172092
vt 0.27247849 0.80788898
vt 0.27060527 0.80788898
vt 0.27299741 0.80172092
vt 0.27060527 0.80788898
vt 0.27247849 0.80788898
vt 0.27508810 0.80172092
vt 0.22491191 0.80172092
vt 0.22752148 0.80788898
vt 0.22752148 0.80788898
vt 0.22491191 0.80172092
vt 0.27508810 0.80172092
vt 0.27508810 0.80172092
vt 0.27247849 0.80788898
vt 0.27247849 0.80788898
vt 0.22752148 0.80788898
vt 0.22939469 0.80788898
vt 0.23178682 0.81405711
vt 0.23013106 0.81405711
vt 0.22752148 0.80788898
vt 0.23013106 0.81405711
vt 0.23178682 0.81405711
vt 0.22939469 0.80788898
vt 0.22939469 0.80788898
vt 0.23126790 0.80788898
vt 0.23344254 0.81405711
vt 0.23178682 0.81405711
vt 0.22939469 0.80788898
vt 0.23178682 0.81405711
vt 0.23344254 0.81405711
vt 0.23126790 0.80788898
vt 0.23126790 0.80788898
vt 0.23314111 0.80788898
vt 0.23509829 0.81405711
vt 0.23344254 0.81405711
vt 0.23126790 0.80788898
vt 0.23344254 0.81405711
vt 0.23509829 0.81405711
vt 0.23314111 0.80788898
vt 0.23314111 0.80788898
vt 0.23501432 0.80788898
vt 0.23675404 0.81405711
vt 0.23509829 0.81405711
vt 0.23314111 0.80788898
vt 0.23509829 0.81405711
vt 0.23675404 0.81405711
vt 0.23501432 0.80788898
vt 0.23501432 0.80788898
vt 0.23688751 0.80788898
vt 0.23840977 0.81405711
vt 0.23675404 0.81405711
vt 0.23501432 0.80788898
vt 0.23675404 0.81405711
vt 0.23840977 0.81405711
vt 0.23688751 0.80788898
vt 0.23688751 0.80788898
vt 0.23876074 0.80788898
vt 0.24006553 0.81405711
vt 0.23840977 0.81405711
vt 0.23688751 0.80788898
vt 0.23840977 0.81405711
vt 0.24006553 0.81405711
vt 0.23876074 0.80788898
vt 0.23876074 0.80788898
vt 0.24063395 0.80788898
vt 0.24172127 0.81405711
vt 0.24006553 0.81405711
vt 0.23876074 0.80788898
vt 0.24006553 0.81405711
vt 0.24172127 0.81405711
vt 0.24063395 0.80788898
vt 0.24063395 0.80788898
vt 0.24250716 0.80788898
vt 0.24337700 0.81405711
vt 0.24172127 0.81405711
vt 0.24063395 0.80788898
vt 0.24172127 0.81405711
vt 0.24337700 0.81405711
vt 0.24250716 0.80788898
vt 0.24250716 0.80788898
vt 0.24438037 0.80788898
vt 0.24503276 0.81405711
vt 0.24337700 0.81405711
vt 0.24250716 0.80788898
vt 0.24337700 0.81405711
vt 0.24503276 0.81405711
vt 0.24438037 0.80788898
vt 0.24438037 0.80788898
vt 0.24625356 0.80788898
vt 0.24668850 0.81405711
vt 0.24503276 0.81405711
vt 0.24438037 0.80788898
vt 0.24503276 0.81405711
vt 0.24668850 0.81405711
vt 0.24625356 0.80788898
vt 0.24625356 0.80788898
vt 0.24812678 0.80788898
vt 0.24834424 0.81405711
vt 0.24668850 0.81405711
vt 0.24625356 0.80788898
vt 0.24668850 0.81405711
vt 0.24834424 0.81405711
vt 0.24812678 0.80788898
vt 0.24812678 0.80788898
vt 0.24999999 0.80788898
vt 0.24999999 0.81405711
vt 0.24834424 0.81405711
vt 0.24812678 0.80788898
vt 0.24834424 0.81405711
vt 0.24999999 0.81405711
vt 0.24999999 0.80788898
vt 0.24999999 0.80788898
vt 0.25187320 0.80788898
vt 0.25165576 0.81405711
vt 0.24999999 0.81405711
vt 0.24999999 0.80788898
vt 0.24999999 0.81405711
vt 0.25165576 0.81405711
vt 0.25187320 0.80788898
vt 0.25187320 0.80788898
vt 0.25374642 0.80788898
vt 0.25331146 0.81405711
vt 0.25165576 0.81405711
vt 0.25187320 0.80788898
vt 0.25165576 0.81405711
vt 0.25331146 0.81405711
vt 0.25374642 0.80788898
vt 0.25374642 0.80788898
vt 0.25561962 0.80788898
vt 0.25496721 0.81405711
vt 0.25331146 0.81405711
vt 0.25374642 0.80788898
vt 0.25331146 0.81405711
vt 0.25496721 0.81405711
vt 0.25561962 0.80788898
vt 0.25561962 0.80788898
vt 0.25749284 0.80788898
vt 0.25662297 0.81405711
vt 0.25496721 0.81405711
vt 0.25561962 0.80788898
vt 0.25496721 0.81405711
vt 0.25662297 0.81405711
vt 0.25749284 0.80788898
vt 0.25749284 0.80788898
vt 0.25936604 0.80788898
vt 0.25827870 0.81405711
vt 0.25662297 0.81405711
vt 0.25749284 0.80788898
vt 0.25662297 0.81405711
vt 0.25827870 0.81405711
vt 0.25936604 0.80788898
vt 0.25936604 0.80788898
vt 0.26123923 0.80788898
vt 0.25993446 0.81405711
vt 0.25827870 0.81405711
vt 0.25936604 0.80788898
vt 0.25827870 0.81405711
vt 0.25993446 0.81405711
vt 0.26123923 0.80788898
vt 0.26123923 0.80788898
vt 0.26311246 0.80788898
vt 0.26159021 0.81405711
vt 0.25993446 0.81405711
vt 0.26123923 0.80788898
vt 0.25993446 0.81405711
vt 0.26159021 0.81405711
vt 0.26311246 0.80788898
vt 0.26311246 0.80788898
vt 0.26498565 0.80788898
vt 0.26324597 0.81405711
vt 0.26159021 0.81405711
vt 0.26311246 0.80788898
vt 0.26159021 0.81405711
vt 0.26324597 0.81405711
vt 0.26498565 0.80788898
vt 0.26498565 0.80788898
vt 0.26685888 0.80788898
vt 0.26490167 0.81405711
vt 0.26324597 0.81405711
vt 0.26498565 0.80788898
vt 0.26324597 0.81405711
vt 0.26490167 0.81405711
vt 0.26685888 0.80788898
vt 0.26685888 0.80788898
vt 0.26873207 0.80788898
vt 0.26655743 0.81405711
vt 0.26490167 0.81405711
vt 0.26685888 0.80788898
vt 0.26490167 0.81405711
vt 0.26655743 0.81405711
vt 0.26873207 0.80788898
vt 0.26873207 0.80788898
vt 0.27060527 0.80788898
vt 0.26821318 0.81405711
vt 0.26655743 0.81405711
vt 0.26873207 0.80788898
vt 0.26655743 0.81405711
vt 0.26821318 0.81405711
vt 0.27060527 0.80788898
vt 0.27060527 0.80788898
vt 0.27247849 0.80788898
vt 0.26986891 0.81405711
vt 0.26821318 0.81405711
vt 0.27060527 0.80788898
vt 0.26821318 0.81405711
vt 0.26986891 0.81405711
vt 0.27247849 0.80788898
vt 0.22752148 0.80788898
vt 0.23013106 0.81405711
vt 0.23013106 0.81405711
vt 0.22752148 0.80788898
vt 0.27247849 0.80788898
vt 0.27247849 0.80788898
vt 0.26986891 0.81405711
vt 0.26986891 0.81405711
vt 0.23013106 0.81405711
vt 0.23178682 0.81405711
vt 0.23277766 0.81661201
vt 0.23121198 0.81661201
vt 0.23013106 0.81405711
vt 0.23121198 0.81661201
vt 0.23277766 0.81661201
vt 0.23178682 0.81405711
vt 0.23178682 0.81405711
vt 0.23344254 0.81405711
vt 0.23434332 0.81661201
vt 0.23277766 0.81661201
vt 0.23178682 0.81405711
vt 0.23277766 0.81661201
vt 0.23434332 0.81661201
vt 0.23344254 0.81405711
vt 0.23344254 0.81405711
vt 0.23509829 0.81405711
vt 0.23590899 0.81661201
vt 0.23434332 0.81661201
vt 0.23344254 0.81405711
vt 0.23434332 0.81661201
vt 0.23590899 0.81661201
vt 0.23509829 0.81405711
vt 0.23509829 0.81405711
vt 0.23675404 0.81405711
vt 0.23747467 0.81661201
vt 0.23590899 0.81661201
vt 0.23509829 0.81405711
vt 0.23590899 0.81661201
vt 0.23747467 0.81661201
vt 0.23675404 0.81405711
vt 0.23675404 0.81405711
vt 0.23840977 0.81405711
vt 0.23904032 0.81661201
vt 0.23747467 0.81661201
vt 0.23675404 0.81405711
vt 0.23747467 0.81661201
vt 0.23904032 0.81661201
vt 0.23840977 0.81405711
vt 0.23840977 0.81405711
vt 0.24006553 0.81405711
vt 0.24060598 0.81661201
vt 0.23904032 0.81661201
vt 0.23840977 0.81405711
vt 0.23904032 0.81661201
vt 0.24060598 0.81661201
vt 0.24006553 0.81405711
vt 0.24006553 0.81405711
vt 0.24172127 0.81405711
vt 0.24217165 0.81661201
vt 0.24060598 0.81661201
vt 0.24006553 0.81405711
vt 0.24060598 0.81661201
vt 0.24217165 0.81661201
vt 0.24172127 0.81405711
vt 0.24172127 0.81405711
vt 0.24337700 0.81405711
vt 0.24373733 0.81661201
vt 0.24217165 0.81661201
vt 0.24172127 0.81405711
vt 0.24217165 0.81661201
vt 0.24373733 0.81661201
vt 0.24337700 0.81405711
vt 0.24337700 0.81405711
vt 0.24503276 0.81405711
vt 0.24530299 0.81661201
vt 0.24373733 0.81661201
vt 0.24337700 0.81405711
vt 0.24373733 0.81661201
vt 0.24530299 0.81661201
vt 0.24503276 0.81405711
vt 0.24503276 0.81405711
vt 0.24668850 0.81405711
vt 0.24686864 0.81661201
vt 0.24530299 0.81661201
vt 0.24503276 0.81405711
vt 0.24530299 0.81661201
vt 0.24686864 0.81661201
vt 0.24668850 0.81405711
vt 0.24668850 0.81405711
vt 0.24834424 0.81405711
vt 0.24843432 0.81661201
vt 0.24686864 0.81661201
vt 0.24668850 0.81405711
vt 0.24686864 0.81661201
vt 0.24843432 0.81661201
vt 0.24834424 0.81405711
vt 0.24834424 0.81405711
vt 0.24999999 0.81405711
vt 0.24999999 0.81661201
vt 0.24843432 0.81661201
vt 0.24834424 0.81405711
vt 0.24843432 0.81661201
vt 0.24999999 0.81661201
vt 0.24999999 0.81405711
vt 0.24999999 0.81405711
vt 0.25165576 0.81405711
vt 0.25156567 0.81661201
vt 0.24999999 0.81661201
vt 0.24999999 0.81405711
vt 0.24999999 0.81661201
vt 0.25156567 0.81661201
vt 0.25165576 0.81405711
vt 0.25165576 0.81405711
vt 0.25331146 0.81405711
vt 0.25313133 0.81661201
vt 0.25156567 0.81661201
vt 0.25165576 0.81405711
vt 0.25156567 0.81661201
vt 0.25313133 0.81661201
vt 0.25331146 0.81405711
vt 0.25331146 0.81405711
vt 0.25496721 0.81405711
vt 0.25469700 0.81661201
vt 0.25313133 0.81661201
vt 0.25331146 0.81405711
vt 0.25313133 0.81661201
vt 0.25469700 0.81661201
vt 0.25496721 0.81405711
vt 0.25496721 0.81405711
vt 0.25662297 0.81405711
vt 0.25626269 0.81661201
vt 0.25469700 0.81661201
vt 0.25496721 0.81405711
vt 0.25469700 0.81661201
vt 0.25626269 0.81661201
vt 0.25662297 0.81405711
vt 0.25662297 0.81405711
vt 0.25827870 0.81405711
vt 0.25782833 0.81661201
vt 0.25626269 0.81661201
vt 0.25662297 0.81405711
vt 0.25626269 0.81661201
vt 0.25782833 0.81661201
vt 0.25827870 0.81405711
vt 0.25827870 0.81405711
vt 0.25993446 0.81405711
vt 0.25939399 0.81661201
vt 0.25782833 0.81661201
vt 0.25827870 0.81405711
vt 0.25782833 0.81661201
vt 0.25939399 0.81661201
vt 0.25993446 0.81405711
vt 0.25993446 0.81405711
vt 0.26159021 0.81405711
vt 0.26095966 0.81661201
vt 0.25939399 0.81661201
vt 0.25993446 0.81405711
vt 0.25939399 0.81661201
vt 0.26095966 0.81661201
vt 0.26159021 0.81405711
vt 0.26159021 0.81405711
vt 0.26324597 0.81405711
vt 0.26252532 0.81661201
vt 0.26095966 0.81661201
vt 0.26159021 0.81405711
vt 0.26095966 0.81661201
vt 0.26252532 0.81661201
vt 0.26324597 0.81405711
vt 0.26324597 0.81405711
vt 0.26490167 0.81405711
vt 0.26409099 0.81661201
vt 0.26252532 0.81661201
vt 0.26324597 0.81405711
vt 0.26252532 0.81661201
vt 0.26409099 0.81661201
vt 0.26490167 0.81405711
vt 0.26490167 0.81405711
vt 0.26655743 0.81405711
vt 0.26565668 0.81661201
vt 0.26409099 0.81661201
vt 0.26490167 0.81405711
vt 0.26409099 0.81661201
vt 0.26565668 0.81661201
vt 0.26655743 0.81405711
vt 0.26655743 0.81405711
vt 0.26821318 0.81405711
vt 0.26722234 0.81661201
vt 0.26565668 0.81661201
vt 0.26655743 0.81405711
vt 0.26565668 0.81661201
vt 0.26722234 0.81661201
vt 0.26821318 0.81405711
vt 0.26821318 0.81405711
vt 0.26986891 0.81405711
vt 0.26878801 0.81661201
vt 0.26722234 0.81661201
vt 0.26821318 0.81405711
vt 0.26722234 0.81661201
vt 0.26878801 0.81661201
vt 0.26986891 0.81405711
vt 0.23013106 0.81405711
vt 0.23121198 0.81661201
vt 0.23121198 0.81661201
vt 0.23013106 0.81405711
vt 0.26986891 0.81405711
vt 0.26986891 0.81405711
vt 0.26878801 0.81661201
vt 0.26878801 0.81661201
vt 0.23121198 0.81661201
vt 0.23277766 0.81661201
vt 0.23328929 0.81847012
vt 0.23177013 0.81847012
vt 0.23121198 0.81661201
vt 0.23177013 0.81847012
vt 0.23328929 0.81847012
vt 0.23277766 0.81661201
vt 0.23277766 0.81661201
vt 0.23434332 0.81661201
vt 0.23480844 0.81847012
vt 0.23328929 0.81847012
vt 0.23277766 0.81661201
vt 0.23328929 0.81847012
vt 0.23480844 0.81847012
vt 0.23434332 0.81661201
vt 0.23434332 0.81661201
vt 0.23590899 0.81661201
vt 0.23632759 0.81847012
vt 0.23480844 0.81847012
vt 0.23434332 0.81661201
vt 0.23480844 0.81847012
vt 0.23632759 0.81847012
vt 0.23590899 0.81661201
vt 0.23590899 0.81661201
vt 0.23747467 0.81661201
vt 0.23784676 0.81847012
vt 0.23632759 0.81847012
vt 0.23590899 0.81661201
vt 0.23632759 0.81847012
vt 0.23784676 0.81847012
vt 0.23747467 0.81661201
vt 0.23747467 0.81661201
vt 0.23904032 0.81661201
vt 0.23936591 0.81847012
vt 0.23784676 0.81847012
vt 0.23747467 0.81661201
vt 0.23784676 0.81847012
vt 0.23936591 0.81847012
vt 0.23904032 0.81661201
vt 0.23904032 0.81661201
vt 0.24060598 0.81661201
vt 0.24088506 0.81847012
vt 0.23936591 0.81847012
vt 0.23904032 0.81661201
vt 0.23936591 0.81847012
vt 0.24088506 0.81847012
vt 0.24060598 0.81661201
vt 0.24060598 0.81661201
vt 0.24217165 0.81661201
vt 0.24240422 0.81847012
vt 0.24088506 0.81847012
vt 0.24060598 0.81661201
vt 0.24088506 0.81847012
vt 0.24240422 0.81847012
vt 0.24217165 0.81661201
vt 0.24217165 0.81661201
vt 0.24373733 0.81661201
vt 0.24392337 0.81847012
vt 0.24240422 0.81847012
vt 0.24217165 0.81661201
vt 0.24240422 0.81847012
vt 0.24392337 0.81847012
vt 0.24373733 0.81661201
vt 0.24373733 0.81661201
vt 0.24530299 0.81661201
vt 0.24544252 0.81847012
vt 0.24392337 0.81847012
vt 0.24373733 0.81661201
vt 0.24392337 0.81847012
vt 0.24544252 0.81847012
vt 0.24530299 0.81661201
vt 0.24530299 0.81661201
vt 0.24686864 0.81661201
vt 0.24696168 0.81847012
vt 0.24544252 0.81847012
vt 0.24530299 0.81661201
vt 0.24544252 0.81847012
vt 0.24696168 0.81847012
vt 0.24686864 0.81661201
vt 0.24686864 0.81661201
vt 0.24843432 0.81661201
vt 0.24848083 0.81847012
vt 0.24696168 0.81847012
vt 0.24686864 0.81661201
vt 0.24696168 0.81847012
vt 0.24848083 0.81847012
vt 0.24843432 0.81661201
vt 0.24843432 0.81661201
vt 0.24999999 0.81661201
vt 0.24999999 0.81847012
vt 0.24848083 0.81847012
vt 0.24843432 0.81661201
vt 0.24848083 0.81847012
vt 0.24999999 0.81847012
vt 0.24999999 0.81661201
vt 0.24999999 0.81661201
vt 0.25156567 0.81661201
vt 0.25151914 0.81847012
vt 0.24999999 0.81847012
vt 0.24999999 0.81661201
vt 0.24999999 0.81847012
vt 0.25151914 0.81847012
vt 0.25156567 0.81661201
vt 0.25156567 0.81661201
vt 0.25313133 0.81661201
vt 0.25303832 0.81847012
vt 0.25151914 0.81847012
vt 0.25156567 0.81661201
vt 0.25151914 0.81847012
vt 0.25303832 0.81847012
vt 0.25313133 0.81661201
vt 0.25313133 0.81661201
vt 0.25469700 0.81661201
vt 0.25455743 0.81847012
vt 0.25303832 0.81847012
vt 0.25313133 0.81661201
vt 0.25303832 0.81847012
vt 0.25455743 0.81847012
vt 0.25469700 0.81661201
vt 0.25469700 0.81661201
vt 0.25626269 0.81661201
vt 0.25607660 0.81847012
vt 0.25455743 0.81847012
vt 0.25469700 0.81661201
vt 0.25455743 0.81847012
vt 0.25607660 0.81847012
vt 0.25626269 0.81661201
vt 0.25626269 0.81661201
vt 0.25782833 0.81661201
vt 0.25759578 0.81847012
vt 0.25607660 0.81847012
vt 0.25626269 0.81661201
vt 0.25607660 0.81847012
vt 0.25759578 0.81847012
vt 0.25782833 0.81661201
vt 0.25782833 0.81661201
vt 0.25939399 0.81661201
vt 0.25911492 0.81847012
vt 0.25759578 0.81847012
vt 0.25782833 0.81661201
vt 0.25759578 0.81847012
vt 0.25911492 0.81847012
vt 0.25939399 0.81661201
vt 0.25939399 0.81661201
vt 0.26095966 0.81661201
vt 0.26063409 0.81847012
vt 0.25911492 0.81847012
vt 0.25939399 0.81661201
vt 0.25911492 0.81847012
vt 0.26063409 0.81847012
vt 0.26095966 0.81661201
vt 0.26095966 0.81661201
vt 0.26252532 0.81661201
vt 0.26215324 0.81847012
vt 0.26063409 0.81847012
vt 0.26095966 0.81661201
vt 0.26063409 0.81847012
vt 0.26215324 0.81847012
vt 0.26252532 0.81661201
vt 0.26252532 0.81661201
vt 0.26409099 0.81661201
vt 0.26367238 0.81847012
vt 0.26215324 0.81847012
vt 0.26252532 0.81661201
vt 0.26215324 0.81847012
vt 0.26367238 0.81847012
vt 0.26409099 0.81661201
vt 0.26409099 0.81661201
vt 0.26565668 0.81661201
vt 0.26519153 0.81847012
vt 0.26367238 0.81847012
vt 0.26409099 0.81661201
vt 0.26367238 0.81847012
vt 0.26519153 0.81847012
vt 0.26565668 0.81661201
vt 0.26565668 0.81661201
vt 0.26722234 0.81661201
vt 0.26671070 0.81847012
vt 0.26519153 0.81847012
vt 0.26565668 0.81661201
vt 0.26519153 0.81847012
vt 0.26671070 0.81847012
vt 0.26722234 0.81661201
vt 0.26722234 0.81661201
vt 0.26878801 0.81661201
vt 0.26822984 0.81847012
vt 0.26671070 0.81847012
vt 0.26722234 0.81661201
vt 0.26671070 0.81847012
vt 0.26822984 0.81847012
vt 0.26878801 0.81661201
vt 0.23121198 0.81661201
vt 0.23177013 0.81847012
vt 0.23177013 0.81847012
vt 0.23121198 0.81661201
vt 0.26878801 0.81661201
vt 0.26878801 0.81661201
vt 0.26822984 0.81847012
vt 0.26822984 0.81847012
vt 0.23177013 0.81847012
vt 0.23328929 0.81847012
vt 0.23452449 0.82295603
vt 0.23311763 0.82295603
vt 0.23177013 0.81847012
vt 0.23311763 0.82295603
vt 0.23452449 0.82295603
vt 0.23328929 0.81847012
vt 0.23328929 0.81847012
vt 0.23480844 0.81847012
vt 0.23593135 0.82295603
vt 0.23452449 0.82295603
vt 0.23328929 0.81847012
vt 0.23452449 0.82295603
vt 0.23593135 0.82295603
vt 0.23480844 0.81847012
vt 0.23480844 0.81847012
vt 0.23632759 0.81847012
vt 0.23733822 0.82295603
vt 0.23593135 0.82295603
vt 0.23480844 0.81847012
vt 0.23593135 0.82295603
vt 0.23733822 0.82295603
vt 0.23632759 0.81847012
vt 0.23632759 0.81847012
vt 0.23784676 0.81847012
vt 0.23874508 0.82295603
vt 0.23733822 0.82295603
vt 0.23632759 0.81847012
vt 0.23733822 0.82295603
vt 0.23874508 0.82295603
vt 0.23784676 0.81847012
vt 0.23784676 0.81847012
vt 0.23936591 0.81847012
vt 0.24015194 0.82295603
vt 0.23874508 0.82295603
vt 0.23784676 0.81847012
vt 0.23874508 0.82295603
vt 0.24015194 0.82295603
vt 0.23936591 0.81847012
vt 0.23936591 0.81847012
vt 0.24088506 0.81847012
vt 0.24155881 0.82295603
vt 0.24015194 0.82295603
vt 0.23936591 0.81847012
vt 0.24015194 0.82295603
vt 0.24155881 0.82295603
vt 0.24088506 0.81847012
vt 0.24088506 0.81847012
vt 0.24240422 0.81847012
vt 0.24296567 0.82295603
vt 0.24155881 0.82295603
vt 0.24088506 0.81847012
vt 0.24155881 0.82295603
vt 0.24296567 0.82295603
vt 0.24240422 0.81847012
vt 0.24240422 0.81847012
vt 0.24392337 0.81847012
vt 0.24437253 0.82295603
vt 0.24296567 0.82295603
vt 0.24240422 0.81847012
vt 0.24296567 0.82295603
vt 0.24437253 0.82295603
vt 0.24392337 0.81847012
vt 0.24392337 0.81847012
vt 0.24544252 0.81847012
vt 0.24577940 0.82295603
vt 0.24437253 0.82295603
vt 0.24392337 0.81847012
vt 0.24437253 0.82295603
vt 0.24577940 0.82295603
vt 0.24544252 0.81847012
vt 0.24544252 0.81847012
vt 0.24696168 0.81847012
vt 0.24718626 0.82295603
vt 0.24577940 0.82295603
vt 0.24544252 0.81847012
vt 0.24577940 0.82295603
vt 0.24718626 0.82295603
vt 0.24696168 0.81847012
vt 0.24696168 0.81847012
vt 0.24848083 0.81847012
vt 0.24859312 0.82295603
vt 0.24718626 0.82295603
vt 0.24696168 0.81847012
vt 0.24718626 0.82295603
vt 0.24859312 0.82295603
vt 0.24848083 0.81847012
vt 0.24848083 0.81847012
vt 0.24999999 0.81847012
vt 0.24999999 0.82295603
vt 0.24859312 0.82295603
vt 0.24848083 0.81847012
vt 0.24859312 0.82295603
vt 0.24999999 0.82295603
vt 0.24999999 0.81847012
vt 0.24999999 0.81847012
vt 0.25151914 0.81847012
vt 0.25140685 0.82295603
vt 0.24999999 0.82295603
vt 0.24999999 0.81847012
vt 0.24999999 0.82295603
vt 0.25140685 0.82295603
vt 0.25151914 0.81847012
vt 0.25151914 0.81847012
vt 0.25303832 0.81847012
vt 0.25281373 0.82295603
vt 0.25140685 0.82295603
vt 0.25151914 0.81847012
vt 0.25140685 0.82295603
vt 0.25281373 0.82295603
vt 0.25303832 0.81847012
vt 0.25303832 0.81847012
vt 0.25455743 0.81847012
vt 0.25422058 0.82295603
vt 0.25281373 0.82295603
vt 0.25303832 0.81847012
vt 0.25281373 0.82295603
vt 0.25422058 0.82295603
vt 0.25455743 0.81847012
vt 0.25455743 0.81847012
vt 0.25607660 0.81847012
vt 0.25562742 0.82295603
vt 0.25422058 0.82295603
vt 0.25455743 0.81847012
vt 0.25422058 0.82295603
vt 0.25562742 0.82295603
vt 0.25607660 0.81847012
vt 0.25607660 0.81847012
vt 0.25759578 0.81847012
vt 0.25703433 0.82295603
vt 0.25562742 0.82295603
vt 0.25607660 0.81847012
vt 0.25562742 0.82295603
vt 0.25703433 0.82295603
vt 0.25759578 0.81847012
vt 0.25759578 0.81847012
vt 0.25911492 0.81847012
vt 0.25844118 0.82295603
vt 0.25703433 0.82295603
vt 0.25759578 0.81847012
vt 0.25703433 0.82295603
vt 0.25844118 0.82295603
vt 0.25911492 0.81847012
vt 0.25911492 0.81847012
vt 0.26063409 0.81847012
vt 0.25984803 0.82295603
vt 0.25844118 0.82295603
vt 0.25911492 0.81847012
vt 0.25844118 0.82295603
vt 0.25984803 0.82295603
vt 0.26063409 0.81847012
vt 0.26063409 0.81847012
vt 0.26215324 0.81847012
vt 0.26125491 0.82295603
vt 0.25984803 0.82295603
vt 0.26063409 0.81847012
vt 0.25984803 0.82295603
vt 0.26125491 0.82295603
vt 0.26215324 0.81847012
vt 0.26215324 0.81847012
vt 0.26367238 0.81847012
vt 0.26266178 0.82295603
vt 0.26125491 0.82295603
vt 0.26215324 0.81847012
vt 0.26125491 0.82295603
vt 0.26266178 0.82295603
vt 0.26367238 0.81847012
vt 0.26367238 0.81847012
vt 0.26519153 0.81847012
vt 0.26406863 0.82295603
vt 0.26266178 0.82295603
vt 0.26367238 0.81847012
vt 0.26266178 0.82295603
vt 0.26406863 0.82295603
vt 0.26519153 0.81847012
vt 0.26519153 0.81847012
vt 0.26671070 0.81847012
vt 0.26547548 0.82295603
vt 0.26406863 0.82295603
vt 0.26519153 0.81847012
vt 0.26406863 0.82295603
vt 0.26547548 0.82295603
vt 0.26671070 0.81847012
vt 0.26671070 0.81847012
vt 0.26822984 0.81847012
vt 0.26688236 0.82295603
vt 0.26547548 0.82295603
vt 0.26671070 0.81847012
vt 0.26547548 0.82295603
vt 0.26688236 0.82295603
vt 0.26822984 0.81847012
vt 0.23177013 0.81847012
vt 0.23311763 0.82295603
vt 0.23311763 0.82295603
vt 0.23177013 0.81847012
vt 0.26822984 0.81847012
vt 0.26822984 0.81847012
vt 0.26688236 0.82295603
vt 0.26688236 0.82295603
vt 0.23311763 0.82295603
vt 0.23452449 0.82295603
vt 0.23575969 0.82744193
vt 0.23446512 0.82744193
vt 0.23311763 0.82295603
vt 0.23446512 0.82744193
vt 0.23575969 0.82744193
vt 0.23452449 0.82295603
vt 0.23452449 0.82295603
vt 0.23593135 0.82295603
vt 0.23705426 0.82744193
vt 0.23575969 0.82744193
vt 0.23452449 0.82295603
vt 0.23575969 0.82744193
vt 0.23705426 0.82744193
vt 0.23593135 0.82295603
vt 0.23593135 0.82295603
vt 0.23733822 0.82295603
vt 0.23834884 0.82744193
vt 0.23705426 0.82744193
vt 0.23593135 0.82295603
vt 0.23705426 0.82744193
vt 0.23834884 0.82744193
vt 0.23733822 0.82295603
vt 0.23733822 0.82295603
vt 0.23874508 0.82295603
vt 0.23964341 0.82744193
vt 0.23834884 0.82744193
vt 0.23733822 0.82295603
vt 0.23834884 0.82744193
vt 0.23964341 0.82744193
vt 0.23874508 0.82295603
vt 0.23874508 0.82295603
vt 0.24015194 0.82295603
vt 0.24093798 0.82744193
vt 0.23964341 0.82744193
vt 0.23874508 0.82295603
vt 0.23964341 0.82744193
vt 0.24093798 0.82744193
vt 0.24015194 0.82295603
vt 0.24015194 0.82295603
vt 0.24155881 0.82295603
vt 0.24223255 0.82744193
vt 0.24093798 0.82744193
vt 0.24015194 0.82295603
vt 0.24093798 0.82744193
vt 0.24223255 0.82744193
vt 0.24155881 0.82295603
vt 0.24155881 0.82295603
vt 0.24296567 0.82295603
vt 0.24352713 0.82744193
vt 0.24223255 0.82744193
vt 0.24155881 0.82295603
vt 0.24223255 0.82744193
vt 0.24352713 0.82744193
vt 0.24296567 0.82295603
vt 0.24296567 0.82295603
vt 0.24437253 0.82295603
vt 0.24482170 0.82744193
vt 0.24352713 0.82744193
vt 0.24296567 0.82295603
vt 0.24352713 0.82744193
vt 0.24482170 0.82744193
vt 0.24437253 0.82295603
vt 0.24437253 0.82295603
vt 0.24577940 0.82295603
vt 0.24611627 0.82744193
vt 0.24482170 0.82744193
vt 0.24437253 0.82295603
vt 0.24482170 0.82744193
vt 0.24611627 0.82744193
vt 0.24577940 0.82295603
vt 0.24577940 0.82295603
vt 0.24718626 0.82295603
vt 0.24741085 0.82744193
vt 0.24611627 0.82744193
vt 0.24577940 0.82295603
vt 0.24611627 0.82744193
vt 0.24741085 0.82744193
vt 0.24718626 0.82295603
vt 0.24718626 0.82295603
vt 0.24859312 0.82295603
vt 0.24870540 0.82744193
vt 0.24741085 0.82744193
vt 0.24718626 0.82295603
vt 0.24741085 0.82744193
vt 0.24870540 0.82744193
vt 0.24859312 0.82295603
vt 0.24859312 0.82295603
vt 0.24999999 0.82295603
vt 0.24999999 0.82744193
vt 0.24870540 0.82744193
vt 0.24859312 0.82295603
vt 0.24870540 0.82744193
vt 0.24999999 0.82744193
vt 0.24999999 0.82295603
vt 0.24999999 0.82295603
vt 0.25140685 0.82295603
vt 0.25129458 0.82744193
vt 0.24999999 0.82744193
vt 0.24999999 0.82295603
vt 0.24999999 0.82744193
vt 0.25129458 0.82744193
vt 0.25140685 0.82295603
vt 0.25140685 0.82295603
vt 0.25281373 0.82295603
vt 0.25258914 0.82744193
vt 0.25129458 0.82744193
vt 0.25140685 0.82295603
vt 0.25129458 0.82744193
vt 0.25258914 0.82744193
vt 0.25281373 0.82295603
vt 0.25281373 0.82295603
vt 0.25422058 0.82295603
vt 0.25388369 0.82744193
vt 0.25258914 0.82744193
vt 0.25281373 0.82295603
vt 0.25258914 0.82744193
vt 0.25388369 0.82744193
vt 0.25422058 0.82295603
vt 0.25422058 0.82295603
vt 0.25562742 0.82295603
vt 0.25517827 0.82744193
vt 0.25388369 0.82744193
vt 0.25422058 0.82295603
vt 0.25388369 0.82744193
vt 0.25517827 0.82744193
vt 0.25562742 0.82295603
vt 0.25562742 0.82295603
vt 0.25703433 0.82295603
vt 0.25647286 0.82744193
vt 0.25517827 0.82744193
vt 0.25562742 0.82295603
vt 0.25517827 0.82744193
vt 0.25647286 0.82744193
vt 0.25703433 0.82295603
vt 0.25703433 0.82295603
vt 0.25844118 0.82295603
vt 0.25776744 0.82744193
vt 0.25647286 0.82744193
vt 0.25703433 0.82295603
vt 0.25647286 0.82744193
vt 0.25776744 0.82744193
vt 0.25844118 0.82295603
vt 0.25844118 0.82295603
vt 0.25984803 0.82295603
vt 0.25906202 0.82744193
vt 0.25776744 0.82744193
vt 0.25844118 0.82295603
vt 0.25776744 0.82744193
vt 0.25906202 0.82744193
vt 0.25984803 0.82295603
vt 0.25984803 0.82295603
vt 0.26125491 0.82295603
vt 0.26035658 0.82744193
vt 0.25906202 0.82744193
vt 0.25984803 0.82295603
vt 0.25906202 0.82744193
vt 0.26035658 0.82744193
vt 0.26125491 0.82295603
vt 0.26125491 0.82295603
vt 0.26266178 0.82295603
vt 0.26165116 0.82744193
vt 0.26035658 0.82744193
vt 0.26125491 0.82295603
vt 0.26035658 0.82744193
vt 0.26165116 0.82744193
vt 0.26266178 0.82295603
vt 0.26266178 0.82295603
vt 0.26406863 0.82295603
vt 0.26294571 0.82744193
vt 0.26165116 0.82744193
vt 0.26266178 0.82295603
vt 0.26165116 0.82744193
vt 0.26294571 0.82744193
vt 0.26406863 0.82295603
vt 0.26406863 0.82295603
vt 0.26547548 0.82295603
vt 0.26424029 0.82744193
vt 0.26294571 0.82744193
vt 0.26406863 0.82295603
vt 0.26294571 0.82744193
vt 0.26424029 0.82744193
vt 0.26547548 0.82295603
vt 0.26547548 0.82295603
vt 0.26688236 0.82295603
vt 0.26553488 0.82744193
vt 0.26424029 0.82744193
vt 0.26547548 0.82295603
vt 0.26424029 0.82744193
vt 0.26553488 0.82744193
vt 0.26688236 0.82295603
vt 0.23311763 0.82295603
vt 0.23446512 0.82744193
vt 0.23446512 0.82744193
vt 0.23311763 0.82295603
vt 0.26688236 0.82295603
vt 0.26688236 0.82295603
vt 0.26553488 0.82744193
vt 0.26553488 0.82744193
vt 0.23446512 0.82744193
vt 0.23575969 0.82744193
vt 0.23627132 0.82930005
vt 0.23502326 0.82930005
vt 0.23446512 0.82744193
vt 0.23502326 0.82930005
vt 0.23627132 0.82930005
vt 0.23575969 0.82744193
vt 0.23575969 0.82744193
vt 0.23705426 0.82744193
vt 0.23751938 0.82930005
vt 0.23627132 0.82930005
vt 0.23575969 0.82744193
vt 0.23627132 0.82930005
vt 0.23751938 0.82930005
vt 0.23705426 0.82744193
vt 0.23705426 0.82744193
vt 0.23834884 0.82744193
vt 0.23876745 0.82930005
vt 0.23751938 0.82930005
vt 0.23705426 0.82744193
vt 0.23751938 0.82930005
vt 0.23876745 0.82930005
vt 0.23834884 0.82744193
vt 0.23834884 0.82744193
vt 0.23964341 0.82744193
vt 0.24001551 0.82930005
vt 0.23876745 0.82930005
vt 0.23834884 0.82744193
vt 0.23876745 0.82930005
vt 0.24001551 0.82930005
vt 0.23964341 0.82744193
vt 0.23964341 0.82744193
vt 0.24093798 0.82744193
vt 0.24126357 0.82930005
vt 0.24001551 0.82930005
vt 0.23964341 0.82744193
vt 0.24001551 0.82930005
vt 0.24126357 0.82930005
vt 0.24093798 0.82744193
vt 0.24093798 0.82744193
vt 0.24223255 0.82744193
vt 0.24251162 0.82930005
vt 0.24126357 0.82930005
vt 0.24093798 0.82744193
vt 0.24126357 0.82930005
vt 0.24251162 0.82930005
vt 0.24223255 0.82744193
vt 0.24223255 0.82744193
vt 0.24352713 0.82744193
vt 0.24375969 0.82930005
vt 0.24251162 0.82930005
vt 0.24223255 0.82744193
vt 0.24251162 0.82930005
vt 0.24375969 0.82930005
vt 0.24352713 0.82744193
vt 0.24352713 0.82744193
vt 0.24482170 0.82744193
vt 0.24500774 0.82930005
vt 0.24375969 0.82930005
vt 0.24352713 0.82744193
vt 0.24375969 0.82930005
vt 0.24500774 0.82930005
vt 0.24482170 0.82744193
vt 0.24482170 0.82744193
vt 0.24611627 0.82744193
vt 0.24625582 0.82930005
vt 0.24500774 0.82930005
vt 0.24482170 0.82744193
vt 0.24500774 0.82930005
vt 0.24625582 0.82930005
vt 0.24611627 0.82744193
vt 0.24611627 0.82744193
vt 0.24741085 0.82744193
vt 0.24750386 0.82930005
vt 0.24625582 0.82930005
vt 0.24611627 0.82744193
vt 0.24625582 0.82930005
vt 0.24750386 0.82930005
vt 0.24741085 0.82744193
vt 0.24741085 0.82744193
vt 0.24870540 0.82744193
vt 0.24875194 0.82930005
vt 0.24750386 0.82930005
vt 0.24741085 0.82744193
vt 0.24750386 0.82930005
vt 0.24875194 0.82930005
vt 0.24870540 0.82744193
vt 0.24870540 0.82744193
vt 0.24999999 0.82744193
vt 0.24999999 0.82930005
vt 0.24875194 0.82930005
vt 0.24870540 0.82744193
vt 0.24875194 0.82930005
vt 0.24999999 0.82930005
vt 0.24999999 0.82744193
vt 0.24999999 0.82744193
vt 0.25129458 0.82744193
vt 0.25124806 0.82930005
vt 0.24999999 0.82930005
vt 0.24999999 0.82744193
vt 0.24999999 0.82930005
vt 0.25124806 0.82930005
vt 0.25129458 0.82744193
vt 0.25129458 0.82744193
vt 0.25258914 0.82744193
vt 0.25249609 0.82930005
vt 0.25124806 0.82930005
vt 0.25129458 0.82744193
vt 0.25124806 0.82930005
vt 0.25249609 0.82930005
vt 0.25258914 0.82744193
vt 0.25258914 0.82744193
vt 0.25388369 0.82744193
vt 0.25374416 0.82930005
vt 0.25249609 0.82930005
vt 0.25258914 0.82744193
vt 0.25249609 0.82930005
vt 0.25374416 0.82930005
vt 0.25388369 0.82744193
vt 0.25388369 0.82744193
vt 0.25517827 0.82744193
vt 0.25499225 0.82930005
vt 0.25374416 0.82930005
vt 0.25388369 0.82744193
vt 0.25374416 0.82930005
vt 0.25499225 0.82930005
vt 0.25517827 0.82744193
vt 0.25517827 0.82744193
vt 0.25647286 0.82744193
vt 0.25624031 0.82930005
vt 0.25499225 0.82930005
vt 0.25517827 0.82744193
vt 0.25499225 0.82930005
vt 0.25624031 0.82930005
vt 0.25647286 0.82744193
vt 0.25647286 0.82744193
vt 0.25776744 0.82744193
vt 0.25748834 0.82930005
vt 0.25624031 0.82930005
vt 0.25647286 0.82744193
vt 0.25624031 0.82930005
vt 0.25748834 0.82930005
vt 0.25776744 0.82744193
vt 0.25776744 0.82744193
vt 0.25906202 0.82744193
vt 0.25873640 0.82930005
vt 0.25748834 0.82930005
vt 0.25776744 0.82744193
vt 0.25748834 0.82930005
vt 0.25873640 0.82930005
vt 0.25906202 0.82744193
vt 0.25906202 0.82744193
vt 0.26035658 0.82744193
vt 0.25998449 0.82930005
vt 0.25873640 0.82930005
vt 0.25906202 0.82744193
vt 0.25873640 0.82930005
vt 0.25998449 0.82930005
vt 0.26035658 0.82744193
vt 0.26035658 0.82744193
vt 0.26165116 0.82744193
vt 0.26123255 0.82930005
vt 0.25998449 0.82930005
vt 0.26035658 0.82744193
vt 0.25998449 0.82930005
vt 0.26123255 0.82930005
vt 0.26165116 0.82744193
vt 0.26165116 0.82744193
vt 0.26294571 0.82744193
vt 0.26248059 0.82930005
vt 0.26123255 0.82930005
vt 0.26165116 0.82744193
vt 0.26123255 0.82930005
vt 0.26248059 0.82930005
vt 0.26294571 0.82744193
vt 0.26294571 0.82744193
vt 0.26424029 0.82744193
vt 0.26372865 0.82930005
vt 0.26248059 0.82930005
vt 0.26294571 0.82744193
vt 0.26248059 0.82930005
vt 0.26372865 0.82930005
vt 0.26424029 0.82744193
vt 0.26424029 0.82744193
vt 0.26553488 0.82744193
vt 0.26497674 0.82930005
vt 0.26372865 0.82930005
vt 0.26424029 0.82744193
vt 0.26372865 0.82930005
vt 0.26497674 0.82930005
vt 0.26553488 0.82744193
vt 0.23446512 0.82744193
vt 0.23502326 0.82930005
vt 0.23502326 0.82930005
vt 0.23446512 0.82744193
vt 0.26553488 0.82744193
vt 0.26553488 0.82744193
vt 0.26497674 0.82930005
vt 0.26497674 0.82930005
vt 0.50599998 0.99400002
vt 0.99400002 0.99400002
vt 0.99400002 0.50600004
vt 0.50599998 0.99400002
vt 0.99400002 0.99400002
vt 0.99400002 0.50600004
vt 0.50599998 0.99400002
vt 0.99400002 0.99400002
vt 0.99400002 0.50600004
vt 0.50599998 0.99400002
vt 0.99400002 0.99400002
vt 0.99400002 0.50600004
vt 0.50599998 0.99400002
vt 0.99400002 0.99400002
vt 0.99400002 0.50600004
vt 0.50599998 0.99400002
vt 0.99400002 0.99400002
vt 0.99400002 0.50600004
vt 0.50599998 0.99400002
vt 0.99400002 0.99400002
vt 0.99400002 0.50600004
vt 0.50599998 0.99400002
vt 0.99400002 0.99400002
vt 0.99400002 0.50600004
vt 0.50599998 0.99400002
vt 0.99400002 0.99400002
vt 0.99400002 0.50600004
vt 0.50599998 0.99400002
vt 0.99400002 0.99400002
vt 0.99400002 0.50600004
vt 0.50599998 0.99400002
vt 0.99400002 0.99400002
vt 0.99400002 0.50600004
vt 0.50599998 0.99400002
vt 0.99400002 0.99400002
vt 0.99400002 0.50600004
vt 0.50599998 0.99400002
vt 0.99400002 0.99400002
vt 0.99400002 0.50600004
vt 0.50599998 0.99400002
vt 0.99400002 0.99400002
vt 0.99400002 0.50600004
vt 0.50599998 0.99400002
vt 0.99400002 0.99400002
vt 0.99400002 0.50600004
vt 0.50599998 0.99400002
vt 0.99400002 0.99400002
vt 0.99400002 0.50600004
vt 0.50599998 0.99400002
vt 0.99400002 0.99400002
vt 0.99400002 0.50600004
vt 0.50599998 0.99400002
vt 0.99400002 0.99400002
vt 0.99400002 0.50600004
vt 0.50599998 0.99400002
vt 0.99400002 0.99400002
vt 0.99400002 0.50600004
vt 0.50599998 0.99400002
vt 0.99400002 0.99400002
vt 0.99400002 0.50600004
vt 0.50599998 0.99400002
vt 0.99400002 0.99400002
vt 0.99400002 0.50600004
vt 0.50599998 0.99400002
vt 0.99400002 0.99400002
vt 0.99400002 0.50600004
vt 0.50599998 0.99400002
vt 0.99400002 0.99400002
vt 0.99400002 0.50600004
vt 0.50599998 0.99400002
vt 0.99400002 0.99400002
vt 0.99400002 0.50600004
vt 0.50599998 0.99400002
vt 0.99400002 0.99400002
vt 0.99400002 0.50600004
vt 0.50599998 0.99400002
vt 0.99400002 0.99400002
vt 0.99400002 0.50600004
vt 0.50599998 0.99400002
vt 0.99400002 0.99400002
vt 0.99400002 0.50600004
vt 0.50599998 0.99400002
vt 0.99400002 0.99400002
vt 0.99400002 0.50600004
vt 0.50599998 0.99400002
vt 0.99400002 0.99400002
vt 0.99400002 0.50600004
vt 0.50599998 0.99400002
vt 0.99400002 0.99400002
vt 0.99400002 0.50600004
vt 0.50599998 0.99400002
vt 0.99400002 0.99400002
vt 0.99400002 0.50600004
vt 0.50599998 0.99400002
vt 0.99400002 0.99400002
vt 0.99400002 0.50600004
vt 0.50599998 0.99400002
vt 0.99400002 0.99400002
vt 0.99400002 0.50600004
vt 0.50599998 0.99400002
vt 0.99400002 0.99400002
vt 0.99400002 0.50600004
vt 0.50599998 0.99400002
vt 0.99400002 0.99400002
vt 0.99400002 0.50600004
vt 0.50599998 0.99400002
vt 0.99400002 0.99400002
vt 0.99400002 0.50600004
vt 0.50599998 0.99400002
vt 0.99400002 0.99400002
vt 0.99400002 0.50600004
vt 0.50599998 0.99400002
vt 0.99400002 0.99400002
vt 0.99400002 0.50600004
vt 0.50599998 0.99400002
vt 0.99400002 0.99400002
vt 0.99400002 0.50600004
vt 0.50599998 0.99400002
vt 0.99400002 0.99400002
vt 0.99400002 0.50600004
vt 0.50599998 0.99400002
vt 0.99400002 0.99400002
vt 0.99400002 0.50600004
vt 0.50599998 0.99400002
vt 0.99400002 0.99400002
vt 0.99400002 0.50600004
vt 0.50599998 0.99400002
vt 0.99400002 0.99400002
vt 0.99400002 0.50600004
vt 0.50599998 0.99400002
vt 0.99400002 0.99400002
vt 0.99400002 0.50600004
vt 0.50599998 0.99400002
vt 0.99400002 0.99400002
vt 0.99400002 0.50600004
vt 0.50599998 0.99400002
vt 0.99400002 0.99400002
vt 0.99400002 0.50600004
vt 0.50599998 0.99400002
vt 0.99400002 0.99400002
vt 0.99400002 0.50600004
vt 0.50599998 0.99400002
vt 0.99400002 0.99400002
vt 0.99400002 0.50600004
vt 0.50599998 0.99400002
vt 0.99400002 0.99400002
vt 0.99400002 0.50600004
vt 0.50599998 0.99400002
vt 0.99400002 0.99400002
vt 0.99400002 0.50600004
vt 0.50599998 0.99400002
vt 0.99400002 0.99400002
vt 0.99400002 0.50600004
vt 0.50599998 0.99400002
vt 0.99400002 0.99400002
vt 0.99400002 0.50600004
vt 0.50599998 0.99400002
vt 0.99400002 0.99400002
vt 0.99400002 0.50600004
vt 0.50599998 0.99400002
vt 0.99400002 0.99400002
vt 0.99400002 0.50600004
vt 0.50599998 0.99400002
vt 0.99400002 0.99400002
vt 0.99400002 0.50600004
vt 0.50599998 0.99400002
vt 0.99400002 0.99400002
vt 0.99400002 0.50600004
vt 0.50599998 0.99400002
vt 0.99400002 0.99400002
vt 0.99400002 0.50600004
vt 0.50599998 0.99400002
vt 0.99400002 0.99400002
vt 0.99400002 0.50600004
vt 0.50599998 0.99400002
vt 0.99400002 0.99400002
vt 0.99400002 0.50600004
vt 0.50599998 0.99400002
vt 0.99400002 0.99400002
vt 0.99400002 0.50600004
vt 0.50599998 0.99400002
vt 0.99400002 0.99400002
vt 0.99400002 0.50600004
vt 0.50599998 0.99400002
vt 0.99400002 0.99400002
vt 0.99400002 0.50600004
vt 0.50599998 0.99400002
vt 0.99400002 0.99400002
vt 0.99400002 0.50600004
vt 0.50599998 0.99400002
vt 0.99400002 0.99400002
vt 0.99400002 0.50600004
vt 0.50599998 0.99400002
vt 0.99400002 0.99400002
vt 0.99400002 0.50600004
vt 0.50599998 0.99400002
vt 0.99400002 0.99400002
vt 0.99400002 0.50600004
vt 0.50599998 0.99400002
vt 0.99400002 0.99400002
vt 0.99400002 0.50600004
vt 0.50599998 0.99400002
vt 0.99400002 0.99400002
vt 0.99400002 0.50600004
vt 0.50599998 0.99400002
vt 0.99400002 0.99400002
vt 0.99400002 0.50600004
vt 0.50599998 0.99400002
vt 0.99400002 0.99400002
vt 0.99400002 0.50600004
vt 0.50599998 0.99400002
vt 0.99400002 0.99400002
vt 0.99400002 0.50600004
vt 0.50599998 0.99400002
vt 0.99400002 0.99400002
vt 0.99400002 0.50600004
vt 0.50599998 0.99400002
vt 0.99400002 0.99400002
vt 0.99400002 0.50600004
vt 0.50599998 0.99400002
vt 0.99400002 0.99400002
vt 0.99400002 0.50600004
vt 0.50599998 0.99400002
vt 0.99400002 0.99400002
vt 0.99400002 0.50600004
vt 0.50599998 0.99400002
vt 0.99400002 0.99400002
vt 0.99400002 0.50600004
vt 0.50599998 0.99400002
vt 0.99400002 0.99400002
vt 0.99400002 0.50600004
vt 0.50599998 0.99400002
vt 0.99400002 0.99400002
vt 0.99400002 0.50600004
vt 0.50599998 0.99400002
vt 0.99400002 0.99400002
vt 0.99400002 0.50600004
vt 0.50599998 0.99400002
vt 0.99400002 0.99400002
vt 0.99400002 0.50600004
vt 0.50599998 0.99400002
vt 0.99400002 0.99400002
vt 0.99400002 0.50600004
vt 0.50599998 0.99400002
vt 0.99400002 0.99400002
vt 0.99400002 0.50600004
vt 0.50599998 0.99400002
vt 0.99400002 0.99400002
vt 0.99400002 0.50600004
vt 0.50599998 0.99400002
vt 0.99400002 0.99400002
vt 0.99400002 0.50600004
vt 0.50599998 0.99400002
vt 0.99400002 0.99400002
vt 0.99400002 0.50600004
vt 0.50599998 0.99400002
vt 0.99400002 0.99400002
vt 0.99400002 0.50600004
vt 0.50599998 0.99400002
vt 0.99400002 0.99400002
vt 0.99400002 0.50600004
vt 0.50599998 0.99400002
vt 0.99400002 0.99400002
vt 0.99400002 0.50600004
vt 0.50599998 0.99400002
vt 0.99400002 0.99400002
vt 0.99400002 0.50600004
vt 0.50599998 0.99400002
vt 0.99400002 0.99400002
vt 0.99400002 0.50600004
vt 0.50599998 0.99400002
vt 0.99400002 0.99400002
vt 0.99400002 0.50600004
vt 0.50599998 0.99400002
vt 0.99400002 0.99400002
vt 0.99400002 0.50600004
vt 0.50599998 0.99400002
vt 0.99400002 0.99400002
vt 0.99400002 0.50600004
vt 0.50599998 0.99400002
vt 0.99400002 0.99400002
vt 0.99400002 0.50600004
vt 0.50599998 0.99400002
vt 0.99400002 0.99400002
vt 0.99400002 0.50600004
vt 0.50599998 0.99400002
vt 0.99400002 0.99400002
vt 0.99400002 0.50600004
vt 0.50599998 0.99400002
vt 0.99400002 0.99400002
vt 0.99400002 0.50600004
vt 0.50599998 0.99400002
vt 0.99400002 0.99400002
vt 0.99400002 0.50600004
vt 0.50599998 0.99400002
vt 0.99400002 0.99400002
vt 0.99400002 0.50600004
vt 0.50599998 0.99400002
vt 0.99400002 0.99400002
vt 0.99400002 0.50600004
vt 0.26878801 0.71543336
vt 0.27814460 0.71906042
vt 0.27814460 0.73011959
vt 0.26878801 0.72714531
vt 0.26878801 0.72714531
vt 0.27814460 0.73011959
vt 0.27814460 0.74670821
vt 0.26878801 0.74471331
vt 0.26878801 0.74471331
vt 0.27814460 0.74670821
vt 0.27814460 0.76514012
vt 0.26878801 0.76423335
vt 0.26878801 0.76423335
vt 0.27814460 0.76514012
vt 0.27814460 0.78357196
vt 0.26878801 0.78375334
vt 0.26878801 0.78375334
vt 0.27814460 0.78357196
vt 0.27814460 0.81121981
vt 0.26878801 0.81303334
vt 0.26878801 0.81303334
vt 0.27814460 0.81121981
vt 0.27814460 0.81121981
vt 0.26878801 0.81303334
vt 0.26878801 0.81303334
vt 0.27814460 0.81121981
vt 0.27814460 0.78357196
vt 0.26878801 0.78375334
vt 0.26878801 0.78375334
vt 0.27814460 0.78357196
vt 0.27814460 0.76514012
vt 0.26878801 0.76423335
vt 0.26878801 0.76423335
vt 0.27814460 0.76514012
vt 0.27814460 0.74670821
vt 0.26878801 0.74471331
vt 0.26878801 0.74471331
vt 0.27814460 0.74670821
vt 0.27814460 0.73011959
vt 0.26878801 0.72714531
vt 0.26878801 0.72714531
vt 0.27814460 0.73011959
vt 0.27814460 0.71906042
vt 0.26878801 0.71543336
vt 0.26878801 0.71543336
vt 0.27814460 0.71906042
vt 0.27814460 0.71906042
vt 0.26878801 0.71543336
vt 0.27814460 0.71906042
vt 0.28750116 0.72820932
vt 0.28750116 0.73762167
vt 0.27814460 0.73011959
vt 0.27814460 0.73011959
vt 0.28750116 0.73762167
vt 0.28750116 0.75174010
vt 0.27814460 0.74670821
vt 0.27814460 0.74670821
vt 0.28750116 0.75174010
vt 0.28750116 0.76742733
vt 0.27814460 0.76514012
vt 0.27814460 0.76514012
vt 0.28750116 0.76742733
vt 0.28750116 0.78311455
vt 0.27814460 0.78357196
vt 0.27814460 0.78357196
vt 0.28750116 0.78311455
vt 0.28750116 0.80664539
vt 0.27814460 0.81121981
vt 0.27814460 0.81121981
vt 0.28750116 0.80664539
vt 0.28750116 0.80664539
vt 0.27814460 0.81121981
vt 0.27814460 0.81121981
vt 0.28750116 0.80664539
vt 0.28750116 0.78311455
vt 0.27814460 0.78357196
vt 0.27814460 0.78357196
vt 0.28750116 0.78311455
vt 0.28750116 0.76742733
vt 0.27814460 0.76514012
vt 0.27814460 0.76514012
vt 0.28750116 0.76742733
vt 0.28750116 0.75174010
vt 0.27814460 0.74670821
vt 0.27814460 0.74670821
vt 0.28750116 0.75174010
vt 0.28750116 0.73762167
vt 0.27814460 0.73011959
vt 0.27814460 0.73011959
vt 0.28750116 0.73762167
vt 0.28750116 0.72820932
vt 0.27814460 0.71906042
vt 0.27814460 0.71906042
vt 0.28750116 0.72820932
vt 0.28750116 0.72820932
vt 0.27814460 0.71906042
vt 0.28750116 0.72820932
vt 0.29802734 0.74186671
vt 0.29802734 0.74882066
vt 0.28750116 0.73762167
vt 0.28750116 0.73762167
vt 0.29802734 0.74882066
vt 0.29802734 0.75925171
vt 0.28750116 0.75174010
vt 0.28750116 0.75174010
vt 0.29802734 0.75925171
vt 0.29802734 0.77084172
vt 0.28750116 0.76742733
vt 0.28750116 0.76742733
vt 0.29802734 0.77084172
vt 0.29802734 0.78243166
vt 0.28750116 0.78311455
vt 0.28750116 0.78311455
vt 0.29802734 0.78243166
vt 0.29802734 0.79981667
vt 0.28750116 0.80664539
vt 0.28750116 0.80664539
vt 0.29802734 0.79981667
vt 0.29802734 0.79981667
vt 0.28750116 0.80664539
vt 0.28750116 0.80664539
vt 0.29802734 0.79981667
vt 0.29802734 0.78243166
vt 0.28750116 0.78311455
vt 0.28750116 0.78311455
vt 0.29802734 0.78243166
vt 0.29802734 0.77084172
vt 0.28750116 0.76742733
vt 0.28750116 0.76742733
vt 0.29802734 0.77084172
vt 0.29802734 0.75925171
vt 0.28750116 0.75174010
vt 0.28750116 0.75174010
vt 0.29802734 0.75925171
vt 0.29802734 0.74882066
vt 0.28750116 0.73762167
vt 0.28750116 0.73762167
vt 0.29802734 0.74882066
vt 0.29802734 0.74186671
vt 0.28750116 0.72820932
vt 0.28750116 0.72820932
vt 0.29802734 0.74186671
vt 0.29802734 0.74186671
vt 0.28750116 0.72820932
vt 0.29802734 0.74186671
vt 0.30855349 0.75552404
vt 0.30855349 0.76001972
vt 0.29802734 0.74882066
vt 0.29802734 0.74882066
vt 0.30855349 0.76001972
vt 0.30855349 0.76676321
vt 0.29802734 0.75925171
vt 0.29802734 0.75925171
vt 0.30855349 0.76676321
vt 0.30855349 0.77425599
vt 0.29802734 0.77084172
vt 0.29802734 0.77084172
vt 0.30855349 0.77425599
vt 0.30855349 0.78174877
vt 0.29802734 0.78243166
vt 0.29802734 0.78243166
vt 0.30855349 0.78174877
vt 0.30855349 0.79298800
vt 0.29802734 0.79981667
vt 0.29802734 0.79981667
vt 0.30855349 0.79298800
vt 0.30855349 0.79298800
vt 0.29802734 0.79981667
vt 0.29802734 0.79981667
vt 0.30855349 0.79298800
vt 0.30855349 0.78174877
vt 0.29802734 0.78243166
vt 0.29802734 0.78243166
vt 0.30855349 0.78174877
vt 0.30855349 0.77425599
vt 0.29802734 0.77084172
vt 0.29802734 0.77084172
vt 0.30855349 0.77425599
vt 0.30855349 0.76676321
vt 0.29802734 0.75925171
vt 0.29802734 0.75925171
vt 0.30855349 0.76676321
vt 0.30855349 0.76001972
vt 0.29802734 0.74882066
vt 0.29802734 0.74882066
vt 0.30855349 0.76001972
vt 0.30855349 0.75552404
vt 0.29802734 0.74186671
vt 0.29802734 0.74186671
vt 0.30855349 0.75552404
vt 0.30855349 0.75552404
vt 0.29802734 0.74186671
vt 0.30855349 0.75552404
vt 0.31791008 0.76467294
vt 0.31791008 0.76752180
vt 0.30855349 0.76001972
vt 0.30855349 0.76001972
vt 0.31791008 0.76752180
vt 0.31791008 0.77179515
vt 0.30855349 0.76676321
vt 0.30855349 0.76676321
vt 0.31791008 0.77179515
vt 0.31791008 0.77654326
vt 0.30855349 0.77425599
vt 0.30855349 0.77425599
vt 0.31791008 0.77654326
vt 0.31791008 0.78129137
vt 0.30855349 0.78174877
vt 0.30855349 0.78174877
vt 0.31791008 0.78129137
vt 0.31791008 0.78841352
vt 0.30855349 0.79298800
vt 0.30855349 0.79298800
vt 0.31791008 0.78841352
vt 0.31791008 0.78841352
vt 0.30855349 0.79298800
vt 0.30855349 0.79298800
vt 0.31791008 0.78841352
vt 0.31791008 0.78129137
vt 0.30855349 0.78174877
vt 0.30855349 0.78174877
vt 0.31791008 0.78129137
vt 0.31791008 0.77654326
vt 0.30855349 0.77425599
vt 0.30855349 0.77425599
vt 0.31791008 0.77654326
vt 0.31791008 0.77179515
vt 0.30855349 0.76676321
vt 0.30855349 0.76676321
vt 0.31791008 0.77179515
vt 0.31791008 0.76752180
vt 0.30855349 0.76001972
vt 0.30855349 0.76001972
vt 0.31791008 0.76752180
vt 0.31791008 0.76467294
vt 0.30855349 0.75552404
vt 0.30855349 0.75552404
vt 0.31791008 0.76467294
vt 0.31791008 0.76467294
vt 0.30855349 0.75552404
vt 0.31791008 0.76467294
vt 0.32726663 0.76830000
vt 0.32726663 0.77049601
vt 0.31791008 0.76752180
vt 0.31791008 0.76752180
vt 0.32726663 0.77049601
vt 0.32726663 0.77379000
vt 0.31791008 0.77179515
vt 0.31791008 0.77179515
vt 0.32726663 0.77379000
vt 0.32726663 0.77745003
vt 0.31791008 0.77654326
vt 0.31791008 0.77654326
vt 0.32726663 0.77745003
vt 0.32726663 0.78111005
vt 0.31791008 0.78129137
vt 0.31791008 0.78129137
vt 0.32726663 0.78111005
vt 0.32726663 0.78659999
vt 0.31791008 0.78841352
vt 0.31791008 0.78841352
vt 0.32726663 0.78659999
vt 0.32726663 0.78659999
vt 0.31791008 0.78841352
vt 0.31791008 0.78841352
vt 0.32726663 0.78659999
vt 0.32726663 0.78111005
vt 0.31791008 0.78129137
vt 0.31791008 0.78129137
vt 0.32726663 0.78111005
vt 0.32726663 0.77745003
vt 0.31791008 0.77654326
vt 0.31791008 0.77654326
vt 0.32726663 0.77745003
vt 0.32726663 0.77379000
vt 0.31791008 0.77179515
vt 0.31791008 0.77179515
vt 0.32726663 0.77379000
vt 0.32726663 0.77049601
vt 0.31791008 0.76752180
vt 0.31791008 0.76752180
vt 0.32726663 0.77049601
vt 0.32726663 0.76830000
vt 0.31791008 0.76467294
vt 0.31791008 0.76467294
vt 0.32726663 0.76830000
vt 0.32726663 0.76830000
vt 0.31791008 0.76467294
vt 0.26878801 0.75805199
vt 0.26878801 0.71543336
vt 0.26878801 0.72714531
vt 0.26878801 0.75805199
vt 0.26878801 0.72714531
vt 0.26878801 0.74471331
vt 0.26878801 0.75805199
vt 0.26878801 0.74471331
vt 0.26878801 0.76423335
vt 0.26878801 0.75805199
vt 0.26878801 0.76423335
vt 0.26878801 0.78375334
vt 0.26878801 0.75805199
vt 0.26878801 0.78375334
vt 0.26878801 0.81303334
vt 0.26878801 0.75805199
vt 0.26878801 0.81303334
vt 0.26878801 0.81303334
vt 0.26878801 0.75805199
vt 0.26878801 0.81303334
vt 0.26878801 0.78375334
vt 0.26878801 0.75805199
vt 0.26878801 0.78375334
vt 0.26878801 0.76423335
vt 0.26878801 0.75805199
vt 0.26878801 0.76423335
vt 0.26878801 0.74471331
vt 0.26878801 0.75805199
vt 0.26878801 0.74471331
vt 0.26878801 0.72714531
vt 0.26878801 0.75805199
vt 0.26878801 0.72714531
vt 0.26878801 0.71543336
vt 0.26878801 0.75805199
vt 0.26878801 0.71543336
vt 0.26878801 0.71543336
vt 0.32726663 0.77629101
vt 0.32726663 0.77049601
vt 0.32726663 0.76830000
vt 0.32726663 0.77629101
vt 0.32726663 0.77379000
vt 0.32726663 0.77049601
vt 0.32726663 0.77629101
vt 0.32726663 0.77745003
vt 0.32726663 0.77379000
vt 0.32726663 0.77629101
vt 0.32726663 0.78111005
vt 0.32726663 0.77745003
vt 0.32726663 0.77629101
vt 0.32726663 0.78659999
vt 0.32726663 0.78111005
vt 0.32726663 0.77629101
vt 0.32726663 0.78659999
vt 0.32726663 0.78659999
vt 0.32726663 0.77629101
vt 0.32726663 0.78111005
vt 0.32726663 0.78659999
vt 0.32726663 0.77629101
vt 0.32726663 0.77745003
vt 0.32726663 0.78111005
vt 0.32726663 0.77629101
vt 0.32726663 0.77379000
vt 0.32726663 0.77745003
vt 0.32726663 0.77629101
vt 0.32726663 0.77049601
vt 0.32726663 0.77379000
vt 0.32726663 0.77629101
vt 0.32726663 0.76830000
vt 0.32726663 0.77049601
vt 0.32726663 0.77629101
vt 0.32726663 0.76830000
vt 0.32726663 0.76830000
vt 0.23121198 0.71543336
vt 0.23121198 0.72714531
vt 0.22185540 0.73011959
vt 0.22185540 0.71906042
vt 0.23121198 0.72714531
vt 0.23121198 0.74471331
vt 0.22185540 0.74670821
vt 0.22185540 0.73011959
vt 0.23121198 0.74471331
vt 0.23121198 0.76423335
vt 0.22185540 0.76514012
vt 0.22185540 0.74670821
vt 0.23121198 0.76423335
vt 0.23121198 0.78375334
vt 0.22185540 0.78357196
vt 0.22185540 0.76514012
vt 0.23121198 0.78375334
vt 0.23121198 0.81303334
vt 0.22185540 0.81121981
vt 0.22185540 0.78357196
vt 0.23121198 0.81303334
vt 0.23121198 0.81303334
vt 0.22185540 0.81121981
vt 0.22185540 0.81121981
vt 0.23121198 0.81303334
vt 0.23121198 0.78375334
vt 0.22185540 0.78357196
vt 0.22185540 0.81121981
vt 0.23121198 0.78375334
vt 0.23121198 0.76423335
vt 0.22185540 0.76514012
vt 0.22185540 0.78357196
vt 0.23121198 0.76423335
vt 0.23121198 0.74471331
vt 0.22185540 0.74670821
vt 0.22185540 0.76514012
vt 0.23121198 0.74471331
vt 0.23121198 0.72714531
vt 0.22185540 0.73011959
vt 0.22185540 0.74670821
vt 0.23121198 0.72714531
vt 0.23121198 0.71543336
vt 0.22185540 0.71906042
vt 0.22185540 0.73011959
vt 0.23121198 0.71543336
vt 0.23121198 0.71543336
vt 0.22185540 0.71906042
vt 0.22185540 0.71906042
vt 0.22185540 0.71906042
vt 0.22185540 0.73011959
vt 0.21249881 0.73762167
vt 0.21249881 0.72820932
vt 0.22185540 0.73011959
vt 0.22185540 0.74670821
vt 0.21249881 0.75174010
vt 0.21249881 0.73762167
vt 0.22185540 0.74670821
vt 0.22185540 0.76514012
vt 0.21249881 0.76742733
vt 0.21249881 0.75174010
vt 0.22185540 0.76514012
vt 0.22185540 0.78357196
vt 0.21249881 0.78311455
vt 0.21249881 0.76742733
vt 0.22185540 0.78357196
vt 0.22185540 0.81121981
vt 0.21249881 0.80664539
vt 0.21249881 0.78311455
vt 0.22185540 0.81121981
vt 0.22185540 0.81121981
vt 0.21249881 0.80664539
vt 0.21249881 0.80664539
vt 0.22185540 0.81121981
vt 0.22185540 0.78357196
vt 0.21249881 0.78311455
vt 0.21249881 0.80664539
vt 0.22185540 0.78357196
vt 0.22185540 0.76514012
vt 0.21249881 0.76742733
vt 0.21249881 0.78311455
vt 0.22185540 0.76514012
vt 0.22185540 0.74670821
vt 0.21249881 0.75174010
vt 0.21249881 0.76742733
vt 0.22185540 0.74670821
vt 0.22185540 0.73011959
vt 0.21249881 0.73762167
vt 0.21249881 0.75174010
vt 0.22185540 0.73011959
vt 0.22185540 0.71906042
vt 0.21249881 0.72820932
vt 0.21249881 0.73762167
vt 0.22185540 0.71906042
vt 0.22185540 0.71906042
vt 0.21249881 0.72820932
vt 0.21249881 0.72820932
vt 0.21249881 0.72820932
vt 0.21249881 0.73762167
vt 0.20197266 0.74882066
vt 0.20197266 0.74186671
vt 0.21249881 0.73762167
vt 0.21249881 0.75174010
vt 0.20197266 0.75925171
vt 0.20197266 0.74882066
vt 0.21249881 0.75174010
vt 0.21249881 0.76742733
vt 0.20197266 0.77084172
vt 0.20197266 0.75925171
vt 0.21249881 0.76742733
vt 0.21249881 0.78311455
vt 0.20197266 0.78243166
vt 0.20197266 0.77084172
vt 0.21249881 0.78311455
vt 0.21249881 0.80664539
vt 0.20197266 0.79981667
vt 0.20197266 0.78243166
vt 0.21249881 0.80664539
vt 0.21249881 0.80664539
vt 0.20197266 0.79981667
vt 0.20197266 0.79981667
vt 0.21249881 0.80664539
vt 0.21249881 0.78311455
vt 0.20197266 0.78243166
vt 0.20197266 0.79981667
vt 0.21249881 0.78311455
vt 0.21249881 0.76742733
vt 0.20197266 0.77084172
vt 0.20197266 0.78243166
vt 0.21249881 0.76742733
vt 0.21249881 0.75174010
vt 0.20197266 0.75925171
vt 0.20197266 0.77084172
vt 0.21249881 0.75174010
vt 0.21249881 0.73762167
vt 0.20197266 0.74882066
vt 0.20197266 0.75925171
vt 0.21249881 0.73762167
vt 0.21249881 0.72820932
vt 0.20197266 0.74186671
vt 0.20197266 0.74882066
vt 0.21249881 0.72820932
vt 0.21249881 0.72820932
vt 0.20197266 0.74186671
vt 0.20197266 0.74186671
vt 0.20197266 0.74186671
vt 0.20197266 0.74882066
vt 0.19144650 0.76001972
vt 0.19144650 0.75552404
vt 0.20197266 0.74882066
vt 0.20197266 0.75925171
vt 0.19144650 0.76676321
vt 0.19144650 0.76001972
vt 0.20197266 0.75925171
vt 0.20197266 0.77084172
vt 0.19144650 0.77425599
vt 0.19144650 0.76676321
vt 0.20197266 0.77084172
vt 0.20197266 0.78243166
vt 0.19144650 0.78174877
vt 0.19144650 0.77425599
vt 0.20197266 0.78243166
vt 0.20197266 0.79981667
vt 0.19144650 0.79298800
vt 0.19144650 0.78174877
vt 0.20197266 0.79981667
vt 0.20197266 0.79981667
vt 0.19144650 0.79298800
vt 0.19144650 0.79298800
vt 0.20197266 0.79981667
vt 0.20197266 0.78243166
vt 0.19144650 0.78174877
vt 0.19144650 0.79298800
vt 0.20197266 0.78243166
vt 0.20197266 0.77084172
vt 0.19144650 0.77425599
vt 0.19144650 0.78174877
vt 0.20197266 0.77084172
vt 0.20197266 0.75925171
vt 0.19144650 0.76676321
vt 0.19144650 0.77425599
vt 0.20197266 0.75925171
vt 0.20197266 0.74882066
vt 0.19144650 0.76001972
vt 0.19144650 0.76676321
vt 0.20197266 0.74882066
vt 0.20197266 0.74186671
vt 0.19144650 0.75552404
vt 0.19144650 0.76001972
vt 0.20197266 0.74186671
vt 0.20197266 0.74186671
vt 0.19144650 0.75552404
vt 0.19144650 0.75552404
vt 0.19144650 0.75552404
vt 0.19144650 0.76001972
vt 0.18208992 0.76752180
vt 0.18208992 0.76467294
vt 0.19144650 0.76001972
vt 0.19144650 0.76676321
vt 0.18208992 0.77179515
vt 0.18208992 0.76752180
vt 0.19144650 0.76676321
vt 0.19144650 0.77425599
vt 0.18208992 0.77654326
vt 0.18208992 0.77179515
vt 0.19144650 0.77425599
vt 0.19144650 0.78174877
vt 0.18208992 0.78129137
vt 0.18208992 0.77654326
vt 0.19144650 0.78174877
vt 0.19144650 0.79298800
vt 0.18208992 0.78841352
vt 0.18208992 0.78129137
vt 0.19144650 0.79298800
vt 0.19144650 0.79298800
vt 0.18208992 0.78841352
vt 0.18208992 0.78841352
vt 0.19144650 0.79298800
vt 0.19144650 0.78174877
vt 0.18208992 0.78129137
vt 0.18208992 0.78841352
vt 0.19144650 0.78174877
vt 0.19144650 0.77425599
vt 0.18208992 0.77654326
vt 0.18208992 0.78129137
vt 0.19144650 0.77425599
vt 0.19144650 0.76676321
vt 0.18208992 0.77179515
vt 0.18208992 0.77654326
vt 0.19144650 0.76676321
vt 0.19144650 0.76001972
vt 0.18208992 0.76752180
vt 0.18208992 0.77179515
vt 0.19144650 0.76001972
vt 0.19144650 0.75552404
vt 0.18208992 0.76467294
vt 0.18208992 0.76752180
vt 0.19144650 0.75552404
vt 0.19144650 0.75552404
vt 0.18208992 0.76467294
vt 0.18208992 0.76467294
vt 0.18208992 0.76467294
vt 0.18208992 0.76752180
vt 0.17273332 0.77049601
vt 0.17273332 0.76830000
vt 0.18208992 0.76752180
vt 0.18208992 0.77179515
vt 0.17273332 0.77379000
vt 0.17273332 0.77049601
vt 0.18208992 0.77179515
vt 0.18208992 0.77654326
vt 0.17273332 0.77745003
vt 0.17273332 0.77379000
vt 0.18208992 0.77654326
vt 0.18208992 0.78129137
vt 0.17273332 0.78111005
vt 0.17273332 0.77745003
vt 0.18208992 0.78129137
vt 0.18208992 0.78841352
vt 0.17273332 0.78659999
vt 0.17273332 0.78111005
vt 0.18208992 0.78841352
vt 0.18208992 0.78841352
vt 0.17273332 0.78659999
vt 0.17273332 0.78659999
vt 0.18208992 0.78841352
vt 0.18208992 0.78129137
vt 0.17273332 0.78111005
vt 0.17273332 0.78659999
vt 0.18208992 0.78129137
vt 0.18208992 0.77654326
vt 0.17273332 0.77745003
vt 0.17273332 0.78111005
vt 0.18208992 0.77654326
vt 0.18208992 0.77179515
vt 0.17273332 0.77379000
vt 0.17273332 0.77745003
vt 0.18208992 0.77179515
vt 0.18208992 0.76752180
vt 0.17273332 0.77049601
vt 0.17273332 0.77379000
vt 0.18208992 0.76752180
vt 0.18208992 0.76467294
vt 0.17273332 0.76830000
vt 0.17273332 0.77049601
vt 0.18208992 0.76467294
vt 0.18208992 0.76467294
vt 0.17273332 0.76830000
vt 0.17273332 0.76830000
vt 0.23121198 0.75805199
vt 0.23121198 0.72714531
vt 0.23121198 0.71543336
vt 0.23121198 0.75805199
vt 0.23121198 0.74471331
vt 0.23121198 0.72714531
vt 0.23121198 0.75805199
vt 0.23121198 0.76423335
vt 0.23121198 0.74471331
vt 0.23121198 0.75805199
vt 0.23121198 0.78375334
vt 0.23121198 0.76423335
vt 0.23121198 0.75805199
vt 0.23121198 0.81303334
vt 0.23121198 0.78375334
vt 0.23121198 0.75805199
vt 0.23121198 0.81303334
vt 0.23121198 0.81303334
vt 0.23121198 0.75805199
vt 0.23121198 0.78375334
vt 0.23121198 0.81303334
vt 0.23121198 0.75805199
vt 0.23121198 0.76423335
vt 0.23121198 0.78375334
vt 0.23121198 0.75805199
vt 0.23121198 0.74471331
vt 0.23121198 0.76423335
vt 0.23121198 0.75805199
vt 0.23121198 0.72714531
vt 0.23121198 0.74471331
vt 0.23121198 0.75805199
vt 0.23121198 0.71543336
vt 0.23121198 0.72714531
vt 0.23121198 0.75805199
vt 0.23121198 0.71543336
vt 0.23121198 0.71543336
vt 0.17273334 0.77629101
vt 0.17273332 0.76830000
vt 0.17273332 0.77049601
vt 0.17273334 0.77629101
vt 0.17273332 0.77049601
vt 0.17273332 0.77379000
vt 0.17273334 0.77629101
vt 0.17273332 0.77379000
vt 0.17273332 0.77745003
vt 0.17273334 0.77629101
vt 0.17273332 0.77745003
vt 0.17273332 0.78111005
vt 0.17273334 0.77629101
vt 0.17273332 0.78111005
vt 0.17273332 0.78659999
vt 0.17273334 0.77629101
vt 0.17273332 0.78659999
vt 0.17273332 0.78659999
vt 0.17273334 0.77629101
vt 0.17273332 0.78659999
vt 0.17273332 0.78111005
vt 0.17273334 0.77629101
vt 0.17273332 0.78111005
vt 0.17273332 0.77745003
vt 0.17273334 0.77629101
vt 0.17273332 0.77745003
vt 0.17273332 0.77379000
vt 0.17273334 0.77629101
vt 0.17273332 0.77379000
vt 0.17273332 0.77049601
vt 0.17273334 0.77629101
vt 0.17273332 0.77049601
vt 0.17273332 0.76830000
vt 0.17273334 0.77629101
vt 0.17273332 0.76830000
vt 0.17273332 0.76830000
vt 0.00600000 0.49400002
vt 0.49399999 0.49400002
vt 0.49399999 0.00599998
vt 0.00600000 0.00599998
vt 0.00600000 0.49400002
vt 0.49399999 0.49400002
vt 0.49399999 0.00599998
vt 0.00600000 0.00599998
vt 0.00600000 0.49400002
vt 0.49399999 0.49400002
vt 0.49399999 0.00599998
vt 0.00600000 0.00599998
vt 0.00600000 0.49400002
vt 0.49399999 0.49400002
vt 0.49399999 0.00599998
vt 0.00600000 0.00599998
vt 0.00600000 0.49400002
vt 0.49399999 0.49400002
vt 0.49399999 0.00599998
vt 0.00600000 0.00599998
vt 0.00600000 0.49400002
vt 0.49399999 0.49400002
vt 0.49399999 0.00599998
vt 0.00600000 0.00599998
vt 0.00600000 0.49400002
vt 0.49399999 0.49400002
vt 0.49399999 0.00599998
vt 0.00600000 0.00599998
vt 0.00600000 0.49400002
vt 0.49399999 0.49400002
vt 0.49399999 0.00599998
vt 0.00600000 0.00599998
vt 0.00600000 0.49400002
vt 0.49399999 0.49400002
vt 0.49399999 0.00599998
vt 0.00600000 0.00599998
vt 0.00600000 0.49400002
vt 0.49399999 0.49400002
vt 0.49399999 0.00599998
vt 0.00600000 0.00599998
vt 0.00600000 0.49400002
vt 0.49399999 0.49400002
vt 0.49399999 0.00599998
vt 0.00600000 0.00599998
vt 0.00600000 0.49400002
vt 0.49399999 0.49400002
vt 0.49399999 0.00599998
vt 0.00600000 0.00599998
vt 0.00600000 0.49400002
vt 0.49399999 0.49400002
vt 0.49399999 0.00599998
vt 0.00600000 0.00599998
vt 0.00600000 0.49400002
vt 0.49399999 0.49400002
vt 0.49399999 0.00599998
vt 0.00600000 0.00599998
vt 0.00600000 0.49400002
vt 0.49399999 0.49400002
vt 0.49399999 0.00599998
vt 0.00600000 0.00599998
vt 0.00600000 0.49400002
vt 0.49399999 0.49400002
vt 0.49399999 0.00599998
vt 0.00600000 0.00599998
vt 0.00600000 0.49400002
vt 0.49399999 0.49400002
vt 0.49399999 0.00599998
vt 0.00600000 0.00599998
vt 0.00600000 0.49400002
vt 0.49399999 0.49400002
vt 0.49399999 0.00599998
vt 0.00600000 0.00599998
vt 0.00600000 0.49400002
vt 0.49399999 0.49400002
vt 0.49399999 0.00599998
vt 0.00600000 0.49400002
vt 0.49399999 0.49400002
vt 0.49399999 0.00599998
vt 0.00600000 0.49400002
vt 0.49399999 0.49400002
vt 0.49399999 0.00599998
vt 0.00600000 0.49400002
vt 0.49399999 0.49400002
vt 0.49399999 0.00599998
vt 0.00600000 0.49400002
vt 0.49399999 0.49400002
vt 0.49399999 0.00599998
vt 0.00600000 0.49400002
vt 0.49399999 0.49400002
vt 0.49399999 0.00599998
vt 0.00600000 0.49400002
vt 0.49399999 0.49400002
vt 0.49399999 0.00599998
vt 0.00600000 0.49400002
vt 0.49399999 0.49400002
vt 0.49399999 0.00599998
vt 0.00600000 0.49400002
vt 0.49399999 0.49400002
vt 0.49399999 0.00599998
vt 0.00600000 0.49400002
vt 0.49399999 0.49400002
vt 0.49399999 0.00599998
vt 0.00600000 0.49400002
vt 0.49399999 0.49400002
vt 0.49399999 0.00599998
vt 0.00600000 0.49400002
vt 0.49399999 0.49400002
vt 0.49399999 0.00599998
vt 0.50599998 0.49400002
vt 0.99400002 0.49400002
vt 0.99400002 0.00599998
vt 0.50599998 0.00599998
vt 0.50599998 0.49400002
vt 0.99400002 0.49400002
vt 0.99400002 0.00599998
vt 0.50599998 0.49400002
vt 0.99400002 0.49400002
vt 0.99400002 0.00599998
vt 0.50599998 0.49400002
vt 0.99400002 0.49400002
vt 0.99400002 0.00599998
vt 0.50599998 0.00599998
vt 0.50599998 0.49400002
vt 0.99400002 0.49400002
vt 0.99400002 0.00599998
vt 0.50599998 0.49400002
vt 0.99400002 0.49400002
vt 0.99400002 0.00599998
vt 0.50599998 0.49400002
vt 0.99400002 0.49400002
vt 0.99400002 0.00599998
vt 0.50599998 0.00599998
vt 0.50599998 0.49400002
vt 0.99400002 0.49400002
vt 0.99400002 0.00599998
vt 0.50599998 0.49400002
vt 0.99400002 0.49400002
vt 0.99400002 0.00599998
vt 0.50599998 0.49400002
vt 0.99400002 0.49400002
vt 0.99400002 0.00599998
vt 0.50599998 0.00599998
vt 0.50599998 0.49400002
vt 0.99400002 0.49400002
vt 0.99400002 0.00599998
vt 0.50599998 0.49400002
vt 0.99400002 0.49400002
vt 0.99400002 0.00599998
vt 0.50599998 0.49400002
vt 0.99400002 0.49400002
vt 0.99400002 0.00599998
vt 0.50599998 0.00599998
vt 0.50599998 0.49400002
vt 0.99400002 0.49400002
vt 0.99400002 0.00599998
vt 0.50599998 0.49400002
vt 0.99400002 0.49400002
vt 0.99400002 0.00599998
vt 0.50599998 0.49400002
vt 0.99400002 0.49400002
vt 0.99400002 0.00599998
vt 0.50599998 0.00599998
vt 0.50599998 0.49400002
vt 0.99400002 0.49400002
vt 0.99400002 0.00599998
vt 0.50599998 0.49400002
vt 0.99400002 0.49400002
vt 0.99400002 0.00599998
vt 0.50599998 0.49400002
vt 0.99400002 0.49400002
vt 0.99400002 0.00599998
vt 0.50599998 0.00599998
vt 0.50599998 0.49400002
vt 0.99400002 0.49400002
vt 0.99400002 0.00599998
vt 0.50599998 0.49400002
vt 0.99400002 0.49400002
vt 0.99400002 0.00599998
vt 0.50599998 0.49400002
vt 0.99400002 0.49400002
vt 0.99400002 0.00599998
vt 0.50599998 0.00599998
vt 0.50599998 0.49400002
vt 0.99400002 0.49400002
vt 0.99400002 0.00599998
vt 0.50599998 0.49400002
vt 0.99400002 0.49400002
vt 0.99400002 0.00599998
vt 0.50599998 0.49400002
vt 0.99400002 0.49400002
vt 0.99400002 0.00599998
vt 0.50599998 0.00599998
vt 0.50599998 0.49400002
vt 0.99400002 0.49400002
vt 0.99400002 0.00599998
vt 0.50599998 0.49400002
vt 0.99400002 0.49400002
vt 0.99400002 0.00599998
vt 0.50599998 0.49400002
vt 0.99400002 0.49400002
vt 0.99400002 0.00599998
vt 0.50599998 0.00599998
vt 0.50599998 0.49400002
vt 0.99400002 0.49400002
vt 0.99400002 0.00599998
vt 0.50599998 0.49400002
vt 0.99400002 0.49400002
vt 0.99400002 0.00599998
vt 0.50599998 0.49400002
vt 0.99400002 0.49400002
vt 0.99400002 0.00599998
vt 0.50599998 0.00599998
vt 0.50599998 0.49400002
vt 0.99400002 0.49400002
vt 0.99400002 0.00599998
vt 0.50599998 0.49400002
vt 0.99400002 0.49400002
vt 0.99400002 0.00599998
vt 0.50599998 0.49400002
vt 0.99400002 0.49400002
vt 0.99400002 0.00599998
vt 0.50599998 0.00599998
vt 0.50599998 0.49400002
vt 0.99400002 0.49400002
vt 0.99400002 0.00599998
vt 0.50599998 0.49400002
vt 0.99400002 0.49400002
vt 0.99400002 0.00599998
vt 0.50599998 0.49400002
vt 0.99400002 0.49400002
vt 0.99400002 0.00599998
vt 0.50599998 0.00599998
vt 0.50599998 0.49400002
vt 0.99400002 0.49400002
vt 0.99400002 0.00599998
vt 0.50599998 0.49400002
vt 0.99400002 0.49400002
vt 0.99400002 0.00599998
vt 0.50599998 0.49400002
vt 0.99400002 0.49400002
vt 0.99400002 0.00599998
vt 0.50599998 0.00599998
vt 0.50599998 0.49400002
vt 0.99400002 0.49400002
vt 0.99400002 0.00599998
vt 0.50599998 0.49400002
vt 0.99400002 0.49400002
vt 0.99400002 0.00599998
vt 0.50599998 0.49400002
vt 0.99400002 0.49400002
vt 0.99400002 0.00599998
vt 0.50599998 0.00599998
vt 0.50599998 0.49400002
vt 0.99400002 0.49400002
vt 0.99400002 0.00599998
vt 0.50599998 0.49400002
vt 0.99400002 0.49400002
vt 0.99400002 0.00599998
vt 0.50599998 0.49400002
vt 0.99400002 0.49400002
vt 0.99400002 0.00599998
vt 0.50599998 0.00599998
vt 0.50599998 0.49400002
vt 0.99400002 0.49400002
vt 0.99400002 0.00599998
vt 0.50599998 0.49400002
vt 0.99400002 0.49400002
vt 0.99400002 0.00599998
vt 0.50599998 0.49400002
vt 0.99400002 0.49400002
vt 0.99400002 0.00599998
vt 0.50599998 0.00599998
vt 0.50599998 0.49400002
vt 0.99400002 0.49400002
vt 0.99400002 0.00599998
vt 0.50599998 0.49400002
vt 0.99400002 0.49400002
vt 0.99400002 0.00599998
vt 0.50599998 0.49400002
vt 0.99400002 0.49400002
vt 0.99400002 0.00599998
vt 0.50599998 0.00599998
vt 0.50599998 0.49400002
vt 0.99400002 0.49400002
vt 0.99400002 0.00599998
vt 0.50599998 0.49400002
vt 0.99400002 0.49400002
vt 0.99400002 0.00599998
vt 0.50599998 0.49400002
vt 0.99400002 0.49400002
vt 0.99400002 0.00599998
vt 0.50599998 0.00599998
vt 0.50599998 0.49400002
vt 0.99400002 0.49400002
vt 0.99400002 0.00599998
vt 0.50599998 0.49400002
vt 0.99400002 0.49400002
vt 0.99400002 0.00599998
vt 0.50599998 0.49400002
vt 0.99400002 0.49400002
vt 0.99400002 0.00599998
vt 0.50599998 0.00599998
vt 0.50599998 0.49400002
vt 0.99400002 0.49400002
vt 0.99400002 0.00599998
vt 0.50599998 0.49400002
vt 0.99400002 0.49400002
vt 0.99400002 0.00599998
vt 0.50599998 0.49400002
vt 0.99400002 0.49400002
vt 0.99400002 0.00599998
vt 0.50599998 0.00599998
vt 0.50599998 0.49400002
vt 0.99400002 0.49400002
vt 0.99400002 0.00599998
vt 0.50599998 0.49400002
vt 0.99400002 0.49400002
vt 0.99400002 0.00599998
vt 0.50599998 0.49400002
vt 0.99400002 0.49400002
vt 0.99400002 0.00599998
vt 0.50599998 0.00599998
vt 0.50599998 0.49400002
vt 0.99400002 0.49400002
vt 0.99400002 0.00599998
vt 0.50599998 0.49400002
vt 0.99400002 0.49400002
vt 0.99400002 0.00599998
vt 0.50599998 0.49400002
vt 0.99400002 0.49400002
vt 0.99400002 0.00599998
vt 0.50599998 0.00599998
vt 0.50599998 0.49400002
vt 0.99400002 0.49400002
vt 0.99400002 0.00599998
vt 0.50599998 0.49400002
vt 0.99400002 0.49400002
vt 0.99400002 0.00599998
vt 0.50599998 0.49400002
vt 0.99400002 0.49400002
vt 0.99400002 0.00599998
vt 0.50599998 0.00599998
vt 0.50599998 0.49400002
vt 0.99400002 0.49400002
vt 0.99400002 0.00599998
vt 0.50599998 0.49400002
vt 0.99400002 0.49400002
vt 0.99400002 0.00599998
vt 0.50599998 0.99400002
vt 0.99400002 0.99400002
vt 0.99400002 0.50600004
vt 0.50599998 0.50600004
vt 0.50599998 0.99400002
vt 0.99400002 0.99400002
vt 0.99400002 0.50600004
vt 0.50599998 0.50600004
vt 0.50599998 0.99400002
vt 0.99400002 0.99400002
vt 0.99400002 0.50600004
vt 0.50599998 0.50600004
vt 0.50599998 0.99400002
vt 0.99400002 0.99400002
vt 0.99400002 0.50600004
vt 0.50599998 0.50600004
vt 0.50599998 0.99400002
vt 0.99400002 0.99400002
vt 0.99400002 0.50600004
vt 0.50599998 0.50600004
vt 0.50599998 0.99400002
vt 0.99400002 0.99400002
vt 0.99400002 0.50600004
vt 0.50599998 0.50600004
vt 0.50599998 0.99400002
vt 0.99400002 0.99400002
vt 0.99400002 0.50600004
vt 0.50599998 0.50600004
vt 0.50599998 0.99400002
vt 0.99400002 0.99400002
vt 0.99400002 0.50600004
vt 0.50599998 0.50600004
vt 0.50599998 0.99400002
vt 0.99400002 0.99400002
vt 0.99400002 0.50600004
vt 0.50599998 0.50600004
vt 0.50599998 0.99400002
vt 0.99400002 0.99400002
vt 0.99400002 0.50600004
vt 0.50599998 0.50600004
vt 0.50599998 0.99400002
vt 0.99400002 0.99400002
vt 0.99400002 0.50600004
vt 0.50599998 0.50600004
vt 0.50599998 0.99400002
vt 0.99400002 0.99400002
vt 0.99400002 0.50600004
vt 0.50599998 0.50600004
vt 0.50599998 0.99400002
vt 0.99400002 0.99400002
vt 0.99400002 0.50600004
vt 0.50599998 0.50600004
vt 0.50599998 0.99400002
vt 0.99400002 0.99400002
vt 0.99400002 0.50600004
vt 0.50599998 0.50600004
vt 0.50599998 0.99400002
vt 0.99400002 0.99400002
vt 0.99400002 0.50600004
vt 0.50599998 0.50600004
vt 0.50599998 0.99400002
vt 0.99400002 0.99400002
vt 0.99400002 0.50600004
vt 0.50599998 0.50600004
vt 0.50599998 0.99400002
vt 0.99400002 0.99400002
vt 0.99400002 0.50600004
vt 0.50599998 0.50600004
vt 0.50599998 0.99400002
vt 0.99400002 0.99400002
vt 0.99400002 0.50600004
vt 0.50599998 0.50600004
vt 0.50599998 0.99400002
vt 0.99400002 0.99400002
vt 0.99400002 0.50600004
vt 0.50599998 0.50600004
vt 0.50599998 0.99400002
vt 0.99400002 0.99400002
vt 0.99400002 0.50600004
vt 0.50599998 0.50600004
vt 0.50599998 0.99400002
vt 0.99400002 0.99400002
vt 0.99400002 0.50600004
vt 0.50599998 0.50600004
vt 0.50599998 0.99400002
vt 0.99400002 0.99400002
vt 0.99400002 0.50600004
vt 0.50599998 0.50600004
vt 0.50599998 0.99400002
vt 0.99400002 0.99400002
vt 0.99400002 0.50600004
vt 0.50599998 0.50600004
vt 0.50599998 0.99400002
vt 0.99400002 0.99400002
vt 0.99400002 0.50600004
vt 0.50599998 0.50600004
vt 0.50599998 0.99400002
vt 0.99400002 0.99400002
vt 0.99400002 0.50600004
vt 0.50599998 0.50600004
vt 0.50599998 0.99400002
vt 0.99400002 0.99400002
vt 0.99400002 0.50600004
vt 0.50599998 0.50600004
vt 0.50599998 0.99400002
vt 0.99400002 0.99400002
vt 0.99400002 0.50600004
vt 0.50599998 0.50600004
vt 0.50599998 0.99400002
vt 0.99400002 0.99400002
vt 0.99400002 0.50600004
vt 0.50599998 0.50600004
vt 0.50599998 0.99400002
vt 0.99400002 0.99400002
vt 0.99400002 0.50600004
vt 0.50599998 0.50600004
vt 0.50599998 0.99400002
vt 0.99400002 0.99400002
vt 0.99400002 0.50600004
vt 0.50599998 0.50600004
vt 0.50599998 0.99400002
vt 0.99400002 0.99400002
vt 0.99400002 0.50600004
vt 0.50599998 0.50600004
vt 0.50599998 0.99400002
vt 0.99400002 0.99400002
vt 0.99400002 0.50600004
vt 0.50599998 0.50600004
vt 0.50599998 0.99400002
vt 0.99400002 0.99400002
vt 0.99400002 0.50600004
vt 0.50599998 0.50600004
vt 0.50599998 0.99400002
vt 0.99400002 0.99400002
vt 0.99400002 0.50600004
vt 0.50599998 0.50600004
vt 0.50599998 0.99400002
vt 0.99400002 0.99400002
vt 0.99400002 0.50600004
vt 0.50599998 0.50600004
vt 0.50599998 0.99400002
vt 0.99400002 0.99400002
vt 0.99400002 0.50600004
vt 0.50599998 0.50600004
vt 0.50599998 0.99400002
vt 0.99400002 0.99400002
vt 0.99400002 0.50600004
vt 0.50599998 0.50600004
vt 0.50599998 0.99400002
vt 0.99400002 0.99400002
vt 0.99400002 0.50600004
vt 0.50599998 0.50600004
vt 0.50599998 0.99400002
vt 0.99400002 0.99400002
vt 0.99400002 0.50600004
vt 0.50599998 0.50600004
vt 0.50599998 0.99400002
vt 0.99400002 0.99400002
vt 0.99400002 0.50600004
vt 0.50599998 0.50600004
vt 0.50599998 0.49400002
vt 0.99400002 0.49400002
vt 0.99400002 0.00599998
vt 0.50599998 0.00599998
vt 0.50599998 0.49400002
vt 0.99400002 0.49400002
vt 0.99400002 0.00599998
vt 0.50599998 0.49400002
vt 0.99400002 0.49400002
vt 0.99400002 0.00599998
vt 0.50599998 0.49400002
vt 0.99400002 0.49400002
vt 0.99400002 0.00599998
vt 0.50599998 0.00599998
vt 0.50599998 0.49400002
vt 0.99400002 0.49400002
vt 0.99400002 0.00599998
vt 0.50599998 0.49400002
vt 0.99400002 0.49400002
vt 0.99400002 0.00599998
vt 0.50599998 0.49400002
vt 0.99400002 0.49400002
vt 0.99400002 0.00599998
vt 0.50599998 0.00599998
vt 0.50599998 0.49400002
vt 0.99400002 0.49400002
vt 0.99400002 0.00599998
vt 0.50599998 0.49400002
vt 0.99400002 0.49400002
vt 0.99400002 0.00599998
vt 0.50599998 0.49400002
vt 0.99400002 0.49400002
vt 0.99400002 0.00599998
vt 0.50599998 0.00599998
vt 0.50599998 0.49400002
vt 0.99400002 0.49400002
vt 0.99400002 0.00599998
vt 0.50599998 0.49400002
vt 0.99400002 0.49400002
vt 0.99400002 0.00599998
vt 0.50599998 0.49400002
vt 0.99400002 0.49400002
vt 0.99400002 0.00599998
vt 0.50599998 0.00599998
vt 0.50599998 0.49400002
vt 0.99400002 0.49400002
vt 0.99400002 0.00599998
vt 0.50599998 0.49400002
vt 0.99400002 0.49400002
vt 0.99400002 0.00599998
vt 0.50599998 0.49400002
vt 0.99400002 0.49400002
vt 0.99400002 0.00599998
vt 0.50599998 0.00599998
vt 0.50599998 0.49400002
vt 0.99400002 0.49400002
vt 0.99400002 0.00599998
vt 0.50599998 0.49400002
vt 0.99400002 0.49400002
vt 0.99400002 0.00599998
vt 0.50599998 0.49400002
vt 0.99400002 0.49400002
vt 0.99400002 0.00599998
vt 0.50599998 0.00599998
vt 0.50599998 0.49400002
vt 0.99400002 0.49400002
vt 0.99400002 0.00599998
vt 0.50599998 0.49400002
vt 0.99400002 0.49400002
vt 0.99400002 0.00599998
vt 0.50599998 0.49400002
vt 0.99400002 0.49400002
vt 0.99400002 0.00599998
vt 0.50599998 0.00599998
vt 0.50599998 0.49400002
vt 0.99400002 0.49400002
vt 0.99400002 0.00599998
vt 0.50599998 0.49400002
vt 0.99400002 0.49400002
vt 0.99400002 0.00599998
vt 0.50599998 0.49400002
vt 0.99400002 0.49400002
vt 0.99400002 0.00599998
vt 0.50599998 0.00599998
vt 0.50599998 0.49400002
vt 0.99400002 0.49400002
vt 0.99400002 0.00599998
vt 0.50599998 0.49400002
vt 0.99400002 0.49400002
vt 0.99400002 0.00599998
vt 0.50599998 0.49400002
vt 0.99400002 0.49400002
vt 0.99400002 0.00599998
vt 0.50599998 0.00599998
vt 0.50599998 0.49400002
vt 0.99400002 0.49400002
vt 0.99400002 0.00599998
vt 0.50599998 0.49400002
vt 0.99400002 0.49400002
vt 0.99400002 0.00599998
vt 0.50599998 0.49400002
vt 0.99400002 0.49400002
vt 0.99400002 0.00599998
vt 0.50599998 0.00599998
vt 0.50599998 0.49400002
vt 0.99400002 0.49400002
vt 0.99400002 0.00599998
vt 0.50599998 0.49400002
vt 0.99400002 0.49400002
vt 0.99400002 0.00599998
vt 0.50599998 0.49400002
vt 0.99400002 0.49400002
vt 0.99400002 0.00599998
vt 0.50599998 0.00599998
vt 0.50599998 0.49400002
vt 0.99400002 0.49400002
vt 0.99400002 0.00599998
vt 0.50599998 0.49400002
vt 0.99400002 0.49400002
vt 0.99400002 0.00599998
vt 0.50599998 0.49400002
vt 0.99400002 0.49400002
vt 0.99400002 0.00599998
vt 0.50599998 0.00599998
vt 0.50599998 0.49400002
vt 0.99400002 0.49400002
vt 0.99400002 0.00599998
vt 0.50599998 0.49400002
vt 0.99400002 0.49400002
vt 0.99400002 0.00599998
vt 0.50599998 0.49400002
vt 0.99400002 0.49400002
vt 0.99400002 0.00599998
vt 0.50599998 0.00599998
vt 0.50599998 0.49400002
vt 0.99400002 0.49400002
vt 0.99400002 0.00599998
vt 0.50599998 0.49400002
vt 0.99400002 0.49400002
vt 0.99400002 0.00599998
vt 0.50599998 0.49400002
vt 0.99400002 0.49400002
vt 0.99400002 0.00599998
vt 0.50599998 0.00599998
vt 0.50599998 0.49400002
vt 0.99400002 0.49400002
vt 0.99400002 0.00599998
vt 0.50599998 0.49400002
vt 0.99400002 0.49400002
vt 0.99400002 0.00599998
vt 0.50599998 0.49400002
vt 0.99400002 0.49400002
vt 0.99400002 0.00599998
vt 0.50599998 0.00599998
vt 0.50599998 0.49400002
vt 0.99400002 0.49400002
vt 0.99400002 0.00599998
vt 0.50599998 0.49400002
vt 0.99400002 0.49400002
vt 0.99400002 0.00599998
vt 0.50599998 0.49400002
vt 0.99400002 0.49400002
vt 0.99400002 0.00599998
vt 0.50599998 0.00599998
vt 0.50599998 0.49400002
vt 0.99400002 0.49400002
vt 0.99400002 0.00599998
vt 0.50599998 0.49400002
vt 0.99400002 0.49400002
vt 0.99400002 0.00599998
vt 0.50599998 0.49400002
vt 0.99400002 0.49400002
vt 0.99400002 0.00599998
vt 0.50599998 0.00599998
vt 0.50599998 0.49400002
vt 0.99400002 0.49400002
vt 0.99400002 0.00599998
vt 0.50599998 0.49400002
vt 0.99400002 0.49400002
vt 0.99400002 0.00599998
vt 0.50599998 0.49400002
vt 0.99400002 0.49400002
vt 0.99400002 0.00599998
vt 0.50599998 0.00599998
vt 0.50599998 0.49400002
vt 0.99400002 0.49400002
vt 0.99400002 0.00599998
vt 0.50599998 0.49400002
vt 0.99400002 0.49400002
vt 0.99400002 0.00599998
vt 0.50599998 0.49400002
vt 0.99400002 0.49400002
vt 0.99400002 0.00599998
vt 0.50599998 0.00599998
vt 0.50599998 0.49400002
vt 0.99400002 0.49400002
vt 0.99400002 0.00599998
vt 0.50599998 0.49400002
vt 0.99400002 0.49400002
vt 0.99400002 0.00599998
vt 0.50599998 0.49400002
vt 0.99400002 0.49400002
vt 0.99400002 0.00599998
vt 0.50599998 0.00599998
vt 0.50599998 0.49400002
vt 0.99400002 0.49400002
vt 0.99400002 0.00599998
vt 0.50599998 0.49400002
vt 0.99400002 0.49400002
vt 0.99400002 0.00599998
vt 0.50599998 0.49400002
vt 0.99400002 0.49400002
vt 0.99400002 0.00599998
vt 0.50599998 0.00599998
vt 0.50599998 0.49400002
vt 0.99400002 0.49400002
vt 0.99400002 0.00599998
vt 0.50599998 0.49400002
vt 0.99400002 0.49400002
vt 0.99400002 0.00599998
vt 0.50599998 0.49400002
vt 0.99400002 0.49400002
vt 0.99400002 0.00599998
vt 0.50599998 0.00599998
vt 0.50599998 0.49400002
vt 0.99400002 0.49400002
vt 0.99400002 0.00599998
vt 0.50599998 0.49400002
vt 0.99400002 0.49400002
vt 0.99400002 0.00599998
vt 0.50599998 0.49400002
vt 0.99400002 0.49400002
vt 0.99400002 0.00599998
vt 0.50599998 0.00599998
vt 0.50599998 0.49400002
vt 0.99400002 0.49400002
vt 0.99400002 0.00599998
vt 0.50599998 0.49400002
vt 0.99400002 0.49400002
vt 0.99400002 0.00599998
vt 0.50599998 0.99400002
vt 0.99400002 0.99400002
vt 0.99400002 0.50600004
vt 0.50599998 0.50600004
vt 0.50599998 0.99400002
vt 0.99400002 0.99400002
vt 0.99400002 0.50600004
vt 0.50599998 0.50600004
vt 0.50599998 0.99400002
vt 0.99400002 0.99400002
vt 0.99400002 0.50600004
vt 0.50599998 0.50600004
vt 0.50599998 0.99400002
vt 0.99400002 0.99400002
vt 0.99400002 0.50600004
vt 0.50599998 0.50600004
vt 0.50599998 0.99400002
vt 0.99400002 0.99400002
vt 0.99400002 0.50600004
vt 0.50599998 0.50600004
vt 0.50599998 0.99400002
vt 0.99400002 0.99400002
vt 0.99400002 0.50600004
vt 0.50599998 0.50600004
vt 0.50599998 0.99400002
vt 0.99400002 0.99400002
vt 0.99400002 0.50600004
vt 0.50599998 0.50600004
vt 0.50599998 0.99400002
vt 0.99400002 0.99400002
vt 0.99400002 0.50600004
vt 0.50599998 0.50600004
vt 0.50599998 0.99400002
vt 0.99400002 0.99400002
vt 0.99400002 0.50600004
vt 0.50599998 0.50600004
vt 0.50599998 0.99400002
vt 0.99400002 0.99400002
vt 0.99400002 0.50600004
vt 0.50599998 0.50600004
vt 0.50599998 0.99400002
vt 0.99400002 0.99400002
vt 0.99400002 0.50600004
vt 0.50599998 0.50600004
vt 0.50599998 0.99400002
vt 0.99400002 0.99400002
vt 0.99400002 0.50600004
vt 0.50599998 0.50600004
vt 0.50599998 0.99400002
vt 0.99400002 0.99400002
vt 0.99400002 0.50600004
vt 0.50599998 0.50600004
vt 0.50599998 0.99400002
vt 0.99400002 0.99400002
vt 0.99400002 0.50600004
vt 0.50599998 0.50600004
vt 0.50599998 0.99400002
vt 0.99400002 0.99400002
vt 0.99400002 0.50600004
vt 0.50599998 0.50600004
vt 0.50599998 0.99400002
vt 0.99400002 0.99400002
vt 0.99400002 0.50600004
vt 0.50599998 0.50600004
vt 0.50599998 0.99400002
vt 0.99400002 0.99400002
vt 0.99400002 0.50600004
vt 0.50599998 0.50600004
vt 0.50599998 0.99400002
vt 0.99400002 0.99400002
vt 0.99400002 0.50600004
vt 0.50599998 0.50600004
vt 0.50599998 0.99400002
vt 0.99400002 0.99400002
vt 0.99400002 0.50600004
vt 0.50599998 0.50600004
vt 0.50599998 0.99400002
vt 0.99400002 0.99400002
vt 0.99400002 0.50600004
vt 0.50599998 0.50600004
vt 0.50599998 0.99400002
vt 0.99400002 0.99400002
vt 0.99400002 0.50600004
vt 0.50599998 0.50600004
vt 0.50599998 0.99400002
vt 0.99400002 0.99400002
vt 0.99400002 0.50600004
vt 0.50599998 0.50600004
vt 0.50599998 0.99400002
vt 0.99400002 0.99400002
vt 0.99400002 0.50600004
vt 0.50599998 0.50600004
vt 0.50599998 0.99400002
vt 0.99400002 0.99400002
vt 0.99400002 0.50600004
vt 0.50599998 0.50600004
vt 0.50599998 0.99400002
vt 0.99400002 0.99400002
vt 0.99400002 0.50600004
vt 0.50599998 0.50600004
vt 0.50599998 0.99400002
vt 0.99400002 0.99400002
vt 0.99400002 0.50600004
vt 0.50599998 0.50600004
vt 0.50599998 0.99400002
vt 0.99400002 0.99400002
vt 0.99400002 0.50600004
vt 0.50599998 0.50600004
vt 0.50599998 0.99400002
vt 0.99400002 0.99400002
vt 0.99400002 0.50600004
vt 0.50599998 0.50600004
vt 0.50599998 0.99400002
vt 0.99400002 0.99400002
vt 0.99400002 0.50600004
vt 0.50599998 0.50600004
vt 0.50599998 0.99400002
vt 0.99400002 0.99400002
vt 0.99400002 0.50600004
vt 0.50599998 0.50600004
vt 0.50599998 0.99400002
vt 0.99400002 0.99400002
vt 0.99400002 0.50600004
vt 0.50599998 0.50600004
vt 0.50599998 0.99400002
vt 0.99400002 0.99400002
vt 0.99400002 0.50600004
vt 0.50599998 0.50600004
vt 0.50599998 0.99400002
vt 0.99400002 0.99400002
vt 0.99400002 0.50600004
vt 0.50599998 0.50600004
vt 0.50599998 0.99400002
vt 0.99400002 0.99400002
vt 0.99400002 0.50600004
vt 0.50599998 0.50600004
vt 0.50599998 0.99400002
vt 0.99400002 0.99400002
vt 0.99400002 0.50600004
vt 0.50599998 0.50600004
vt 0.50599998 0.99400002
vt 0.99400002 0.99400002
vt 0.99400002 0.50600004
vt 0.50599998 0.50600004
vt 0.50599998 0.99400002
vt 0.99400002 0.99400002
vt 0.99400002 0.50600004
vt 0.50599998 0.50600004
vt 0.50599998 0.99400002
vt 0.99400002 0.99400002
vt 0.99400002 0.50600004
vt 0.50599998 0.50600004
vt 0.50599998 0.99400002
vt 0.99400002 0.99400002
vt 0.99400002 0.50600004
vt 0.50599998 0.50600004
vt 0.50599998 0.99400002
vt 0.99400002 0.99400002
vt 0.99400002 0.50600004
vt 0.50599998 0.50600004
vt 0.25791812 0.77786440
vt 0.25640589 0.77786440
vt 0.26227796 0.77118683
vt 0.26517639 0.77118683
vt 0.25640589 0.77786440
vt 0.25244683 0.77786440
vt 0.25468975 0.77118683
vt 0.26227796 0.77118683
vt 0.25244683 0.77786440
vt 0.24755315 0.77786440
vt 0.24531022 0.77118683
vt 0.25468975 0.77118683
vt 0.24755315 0.77786440
vt 0.24359410 0.77786440
vt 0.23772202 0.77118683
vt 0.24531022 0.77118683
vt 0.24359410 0.77786440
vt 0.24208188 0.77786440
vt 0.23482358 0.77118683
vt 0.23772202 0.77118683
vt 0.24208188 0.77786440
vt 0.24359410 0.77786440
vt 0.23772202 0.77118683
vt 0.23482358 0.77118683
vt 0.24359410 0.77786440
vt 0.24755315 0.77786440
vt 0.24531023 0.77118683
vt 0.23772202 0.77118683
vt 0.24755315 0.77786440
vt 0.25244683 0.77786440
vt 0.25468975 0.77118683
vt 0.24531023 0.77118683
vt 0.25244683 0.77786440
vt 0.25640589 0.77786440
vt 0.26227796 0.77118683
vt 0.25468975 0.77118683
vt 0.25640589 0.77786440
vt 0.25791812 0.77786440
vt 0.26517639 0.77118683
vt 0.26227796 0.77118683
vt 0.26517639 0.77118683
vt 0.26227796 0.77118683
vt 0.26441324 0.76268804
vt 0.26781577 0.76268804
vt 0.26227796 0.77118683
vt 0.25468975 0.77118683
vt 0.25550535 0.76268804
vt 0.26441324 0.76268804
vt 0.25468975 0.77118683
vt 0.24531022 0.77118683
vt 0.24449460 0.76268804
vt 0.25550535 0.76268804
vt 0.24531022 0.77118683
vt 0.23772202 0.77118683
vt 0.23558673 0.76268804
vt 0.24449460 0.76268804
vt 0.23772202 0.77118683
vt 0.23482358 0.77118683
vt 0.23218422 0.76268804
vt 0.23558673 0.76268804
vt 0.23482358 0.77118683
vt 0.23772202 0.77118683
vt 0.23558673 0.76268804
vt 0.23218422 0.76268804
vt 0.23772202 0.77118683
vt 0.24531023 0.77118683
vt 0.24449462 0.76268804
vt 0.23558673 0.76268804
vt 0.24531023 0.77118683
vt 0.25468975 0.77118683
vt 0.25550535 0.76268804
vt 0.24449462 0.76268804
vt 0.25468975 0.77118683
vt 0.26227796 0.77118683
vt 0.26441324 0.76268804
vt 0.25550535 0.76268804
vt 0.26227796 0.77118683
vt 0.26517639 0.77118683
vt 0.26781577 0.76268804
vt 0.26441324 0.76268804
vt 0.26781577 0.76268804
vt 0.26441324 0.76268804
vt 0.26201105 0.75418925
vt 0.26484647 0.75418925
vt 0.26441324 0.76268804
vt 0.25550535 0.76268804
vt 0.25458780 0.75418925
vt 0.26201105 0.75418925
vt 0.25550535 0.76268804
vt 0.24449460 0.76268804
vt 0.24541217 0.75418925
vt 0.25458780 0.75418925
vt 0.24449460 0.76268804
vt 0.23558673 0.76268804
vt 0.23798893 0.75418925
vt 0.24541217 0.75418925
vt 0.23558673 0.76268804
vt 0.23218422 0.76268804
vt 0.23515351 0.75418925
vt 0.23798893 0.75418925
vt 0.23218422 0.76268804
vt 0.23558673 0.76268804
vt 0.23798893 0.75418925
vt 0.23515351 0.75418925
vt 0.23558673 0.76268804
vt 0.24449462 0.76268804
vt 0.24541219 0.75418925
vt 0.23798893 0.75418925
vt 0.24449462 0.76268804
vt 0.25550535 0.76268804
vt 0.25458780 0.75418925
vt 0.24541219 0.75418925
vt 0.25550535 0.76268804
vt 0.26441324 0.76268804
vt 0.26201105 0.75418925
vt 0.25458780 0.75418925
vt 0.26441324 0.76268804
vt 0.26781577 0.76268804
vt 0.26484647 0.75418925
vt 0.26201105 0.75418925
vt 0.26484647 0.75418925
vt 0.26201105 0.75418925
vt 0.25613898 0.74751163
vt 0.25758821 0.74751163
vt 0.26201105 0.75418925
vt 0.25458780 0.75418925
vt 0.25234488 0.74751163
vt 0.25613898 0.74751163
vt 0.25458780 0.75418925
vt 0.24541217 0.75418925
vt 0.24765511 0.74751163
vt 0.25234488 0.74751163
vt 0.24541217 0.75418925
vt 0.23798893 0.75418925
vt 0.24386100 0.74751163
vt 0.24765511 0.74751163
vt 0.23798893 0.75418925
vt 0.23515351 0.75418925
vt 0.24241179 0.74751163
vt 0.24386100 0.74751163
vt 0.23515351 0.75418925
vt 0.23798893 0.75418925
vt 0.24386100 0.74751163
vt 0.24241179 0.74751163
vt 0.23798893 0.75418925
vt 0.24541219 0.75418925
vt 0.24765511 0.74751163
vt 0.24386100 0.74751163
vt 0.24541219 0.75418925
vt 0.25458780 0.75418925
vt 0.25234488 0.74751163
vt 0.24765511 0.74751163
vt 0.25458780 0.75418925
vt 0.26201105 0.75418925
vt 0.25613898 0.74751163
vt 0.25234488 0.74751163
vt 0.26201105 0.75418925
vt 0.26484647 0.75418925
vt 0.25758821 0.74751163
vt 0.25613898 0.74751163
vt 0.24999999 0.77786440
vt 0.25640589 0.77786440
vt 0.25791812 0.77786440
vt 0.24999999 0.77786440
vt 0.25244683 0.77786440
vt 0.25640589 0.77786440
vt 0.24999999 0.77786440
vt 0.24755315 0.77786440
vt 0.25244683 0.77786440
vt 0.24999999 0.77786440
vt 0.24359410 0.77786440
vt 0.24755315 0.77786440
vt 0.24999999 0.77786440
vt 0.24208188 0.77786440
vt 0.24359410 0.77786440
vt 0.24999999 0.77786440
vt 0.24359410 0.77786440
vt 0.24208188 0.77786440
vt 0.24999999 0.77786440
vt 0.24755315 0.77786440
vt 0.24359410 0.77786440
vt 0.24999999 0.77786440
vt 0.25244683 0.77786440
vt 0.24755315 0.77786440
vt 0.24999999 0.77786440
vt 0.25640589 0.77786440
vt 0.25244683 0.77786440
vt 0.24999999 0.77786440
vt 0.25791812 0.77786440
vt 0.25640589 0.77786440
vt 0.24999999 0.74751163
vt 0.25758821 0.74751163
vt 0.25613898 0.74751163
vt 0.24999999 0.74751163
vt 0.25613898 0.74751163
vt 0.25234488 0.74751163
vt 0.24999999 0.74751163
vt 0.25234488 0.74751163
vt 0.24765511 0.74751163
vt 0.24999999 0.74751163
vt 0.24765511 0.74751163
vt 0.24386100 0.74751163
vt 0.24999999 0.74751163
vt 0.24386100 0.74751163
vt 0.24241179 0.74751163
vt 0.24999999 0.74751163
vt 0.24241179 0.74751163
vt 0.24386100 0.74751163
vt 0.24999999 0.74751163
vt 0.24386100 0.74751163
vt 0.24765511 0.74751163
vt 0.24999999 0.74751163
vt 0.24765511 0.74751163
vt 0.25234488 0.74751163
vt 0.24999999 0.74751163
vt 0.25234488 0.74751163
vt 0.25613898 0.74751163
vt 0.24999999 0.74751163
vt 0.25613898 0.74751163
vt 0.25758821 0.74751163
vt 0.50599998 0.99400002
vt 0.99400002 0.99400002
vt 0.99400002 0.50600004
vt 0.50599998 0.50600004
vt 0.50599998 0.99400002
vt 0.99400002 0.99400002
vt 0.99400002 0.50600004
vt 0.50599998 0.50600004
vt 0.50599998 0.99400002
vt 0.99400002 0.99400002
vt 0.99400002 0.50600004
vt 0.50599998 0.50600004
vt 0.50599998 0.99400002
vt 0.99400002 0.99400002
vt 0.99400002 0.50600004
vt 0.50599998 0.50600004
vt 0.50599998 0.99400002
vt 0.99400002 0.99400002
vt 0.99400002 0.50600004
vt 0.50599998 0.50600004
vt 0.50599998 0.99400002
vt 0.99400002 0.99400002
vt 0.99400002 0.50600004
vt 0.50599998 0.50600004
vt 0.50599998 0.99400002
vt 0.99400002 0.99400002
vt 0.99400002 0.50600004
vt 0.50599998 0.50600004
vt 0.50599998 0.99400002
vt 0.99400002 0.99400002
vt 0.99400002 0.50600004
vt 0.50599998 0.50600004
vt 0.50599998 0.99400002
vt 0.99400002 0.99400002
vt 0.99400002 0.50600004
vt 0.50599998 0.50600004
vt 0.50599998 0.99400002
vt 0.99400002 0.99400002
vt 0.99400002 0.50600004
vt 0.50599998 0.50600004
vt 0.50599998 0.99400002
vt 0.99400002 0.99400002
vt 0.99400002 0.50600004
vt 0.50599998 0.50600004
vt 0.50599998 0.99400002
vt 0.99400002 0.99400002
vt 0.99400002 0.50600004
vt 0.50599998 0.50600004
vt 0.50599998 0.99400002
vt 0.99400002 0.99400002
vt 0.99400002 0.50600004
vt 0.50599998 0.50600004
vt 0.50599998 0.99400002
vt 0.99400002 0.99400002
vt 0.99400002 0.50600004
vt 0.50599998 0.50600004
vt 0.50599998 0.99400002
vt 0.99400002 0.99400002
vt 0.99400002 0.50600004
vt 0.50599998 0.50600004
vt 0.50599998 0.99400002
vt 0.99400002 0.99400002
vt 0.99400002 0.50600004
vt 0.50599998 0.50600004
vt 0.50599998 0.99400002
vt 0.99400002 0.99400002
vt 0.99400002 0.50600004
vt 0.50599998 0.50600004
vt 0.50599998 0.99400002
vt 0.99400002 0.99400002
vt 0.99400002 0.50600004
vt 0.50599998 0.50600004
vt 0.22569515 0.80120736
vt 0.22481276 0.80120736
vt 0.23228846 0.79024190
vt 0.23493564 0.79024190
vt 0.22481276 0.80120736
vt 0.22250265 0.80120736
vt 0.22535811 0.79024190
vt 0.23228846 0.79024190
vt 0.22250265 0.80120736
vt 0.21964717 0.80120736
vt 0.21679170 0.79024190
vt 0.22535811 0.79024190
vt 0.21964717 0.80120736
vt 0.21733704 0.80120736
vt 0.20986135 0.79024190
vt 0.21679170 0.79024190
vt 0.21733704 0.80120736
vt 0.21645465 0.80120736
vt 0.20721418 0.79024190
vt 0.20986135 0.79024190
vt 0.21645465 0.80120736
vt 0.21733706 0.80120736
vt 0.20986135 0.79024190
vt 0.20721418 0.79024190
vt 0.21733706 0.80120736
vt 0.21964717 0.80120736
vt 0.21679172 0.79024190
vt 0.20986135 0.79024190
vt 0.21964717 0.80120736
vt 0.22250265 0.80120736
vt 0.22535811 0.79024190
vt 0.21679172 0.79024190
vt 0.22250265 0.80120736
vt 0.22481276 0.80120736
vt 0.23228846 0.79024190
vt 0.22535811 0.79024190
vt 0.22481276 0.80120736
vt 0.22569515 0.80120736
vt 0.23493564 0.79024190
vt 0.23228846 0.79024190
vt 0.23493564 0.79024190
vt 0.23228846 0.79024190
vt 0.23545128 0.77628583
vt 0.23884507 0.77628583
vt 0.23228846 0.79024190
vt 0.22535811 0.79024190
vt 0.22656620 0.77628583
vt 0.23545128 0.77628583
vt 0.22535811 0.79024190
vt 0.21679170 0.79024190
vt 0.21558362 0.77628583
vt 0.22656620 0.77628583
vt 0.21679170 0.79024190
vt 0.20986135 0.79024190
vt 0.20669854 0.77628583
vt 0.21558362 0.77628583
vt 0.20986135 0.79024190
vt 0.20721418 0.79024190
vt 0.20330474 0.77628583
vt 0.20669854 0.77628583
vt 0.20721418 0.79024190
vt 0.20986135 0.79024190
vt 0.20669855 0.77628583
vt 0.20330474 0.77628583
vt 0.20986135 0.79024190
vt 0.21679172 0.79024190
vt 0.21558364 0.77628583
vt 0.20669855 0.77628583
vt 0.21679172 0.79024190
vt 0.22535811 0.79024190
vt 0.22656620 0.77628583
vt 0.21558364 0.77628583
vt 0.22535811 0.79024190
vt 0.23228846 0.79024190
vt 0.23545128 0.77628583
vt 0.22656620 0.77628583
vt 0.23228846 0.79024190
vt 0.23493564 0.79024190
vt 0.23884507 0.77628583
vt 0.23545128 0.77628583
vt 0.23884507 0.77628583
vt 0.23545128 0.77628583
vt 0.23142588 0.76232970
vt 0.23386942 0.76232970
vt 0.23545128 0.77628583
vt 0.22656620 0.77628583
vt 0.22502862 0.76232970
vt 0.23142588 0.76232970
vt 0.22656620 0.77628583
vt 0.21558362 0.77628583
vt 0.21712118 0.76232970
vt 0.22502862 0.76232970
vt 0.21558362 0.77628583
vt 0.20669854 0.77628583
vt 0.21072392 0.76232970
vt 0.21712118 0.76232970
vt 0.20669854 0.77628583
vt 0.20330474 0.77628583
vt 0.20828040 0.76232970
vt 0.21072392 0.76232970
vt 0.20330474 0.77628583
vt 0.20669855 0.77628583
vt 0.21072392 0.76232970
vt 0.20828040 0.76232970
vt 0.20669855 0.77628583
vt 0.21558364 0.77628583
vt 0.21712118 0.76232970
vt 0.21072392 0.76232970
vt 0.21558364 0.77628583
vt 0.22656620 0.77628583
vt 0.22502862 0.76232970
vt 0.21712118 0.76232970
vt 0.22656620 0.77628583
vt 0.23545128 0.77628583
vt 0.23142588 0.76232970
vt 0.22502862 0.76232970
vt 0.23545128 0.77628583
vt 0.23884507 0.77628583
vt 0.23386942 0.76232970
vt 0.23142588 0.76232970
vt 0.23386942 0.76232970
vt 0.23142588 0.76232970
vt 0.22423770 0.75136423
vt 0.22498433 0.75136423
vt 0.23142588 0.76232970
vt 0.22502862 0.76232970
vt 0.22228299 0.75136423
vt 0.22423770 0.75136423
vt 0.22502862 0.76232970
vt 0.21712118 0.76232970
vt 0.21986681 0.75136423
vt 0.22228299 0.75136423
vt 0.21712118 0.76232970
vt 0.21072392 0.76232970
vt 0.21791211 0.75136423
vt 0.21986681 0.75136423
vt 0.21072392 0.76232970
vt 0.20828040 0.76232970
vt 0.21716547 0.75136423
vt 0.21791211 0.75136423
vt 0.20828040 0.76232970
vt 0.21072392 0.76232970
vt 0.21791211 0.75136423
vt 0.21716547 0.75136423
vt 0.21072392 0.76232970
vt 0.21712118 0.76232970
vt 0.21986683 0.75136423
vt 0.21791211 0.75136423
vt 0.21712118 0.76232970
vt 0.22502862 0.76232970
vt 0.22228299 0.75136423
vt 0.21986683 0.75136423
vt 0.22502862 0.76232970
vt 0.23142588 0.76232970
vt 0.22423770 0.75136423
vt 0.22228299 0.75136423
vt 0.23142588 0.76232970
vt 0.23386942 0.76232970
vt 0.22498433 0.75136423
vt 0.22423770 0.75136423
vt 0.22107491 0.80120736
vt 0.22481276 0.80120736
vt 0.22569515 0.80120736
vt 0.22107491 0.80120736
vt 0.22250265 0.80120736
vt 0.22481276 0.80120736
vt 0.22107491 0.80120736
vt 0.21964717 0.80120736
vt 0.22250265 0.80120736
vt 0.22107491 0.80120736
vt 0.21733704 0.80120736
vt 0.21964717 0.80120736
vt 0.22107491 0.80120736
vt 0.21645465 0.80120736
vt 0.21733704 0.80120736
vt 0.22107491 0.80120736
vt 0.21733706 0.80120736
vt 0.21645465 0.80120736
vt 0.22107491 0.80120736
vt 0.21964717 0.80120736
vt 0.21733706 0.80120736
vt 0.22107491 0.80120736
vt 0.22250265 0.80120736
vt 0.21964717 0.80120736
vt 0.22107491 0.80120736
vt 0.22481276 0.80120736
vt 0.22250265 0.80120736
vt 0.22107491 0.80120736
vt 0.22569515 0.80120736
vt 0.22481276 0.80120736
vt 0.22107491 0.75136423
vt 0.22498433 0.75136423
vt 0.22423770 0.75136423
vt 0.22107491 0.75136423
vt 0.22423770 0.75136423
vt 0.22228299 0.75136423
vt 0.22107491 0.75136423
vt 0.22228299 0.75136423
vt 0.21986681 0.75136423
vt 0.22107491 0.75136423
vt 0.21986681 0.75136423
vt 0.21791211 0.75136423
vt 0.22107491 0.75136423
vt 0.21791211 0.75136423
vt 0.21716547 0.75136423
vt 0.22107491 0.75136423
vt 0.21716547 0.75136423
vt 0.21791211 0.75136423
vt 0.22107491 0.75136423
vt 0.21791211 0.75136423
vt 0.21986683 0.75136423
vt 0.22107491 0.75136423
vt 0.21986683 0.75136423
vt 0.22228299 0.75136423
vt 0.22107491 0.75136423
vt 0.22228299 0.75136423
vt 0.22423770 0.75136423
vt 0.22107491 0.75136423
vt 0.22423770 0.75136423
vt 0.22498433 0.75136423
vt 0.28354532 0.80120736
vt 0.28266293 0.80120736
vt 0.29013863 0.79024190
vt 0.29278579 0.79024190
vt 0.28266293 0.80120736
vt 0.28035283 0.80120736
vt 0.28320828 0.79024190
vt 0.29013863 0.79024190
vt 0.28035283 0.80120736
vt 0.27749735 0.80120736
vt 0.27464187 0.79024190
vt 0.28320828 0.79024190
vt 0.27749735 0.80120736
vt 0.27518722 0.80120736
vt 0.26771152 0.79024190
vt 0.27464187 0.79024190
vt 0.27518722 0.80120736
vt 0.27430484 0.80120736
vt 0.26506436 0.79024190
vt 0.26771152 0.79024190
vt 0.27430484 0.80120736
vt 0.27518722 0.80120736
vt 0.26771152 0.79024190
vt 0.26506436 0.79024190
vt 0.27518722 0.80120736
vt 0.27749735 0.80120736
vt 0.27464190 0.79024190
vt 0.26771152 0.79024190
vt 0.27749735 0.80120736
vt 0.28035283 0.80120736
vt 0.28320828 0.79024190
vt 0.27464190 0.79024190
vt 0.28035283 0.80120736
vt 0.28266293 0.80120736
vt 0.29013863 0.79024190
vt 0.28320828 0.79024190
vt 0.28266293 0.80120736
vt 0.28354532 0.80120736
vt 0.29278579 0.79024190
vt 0.29013863 0.79024190
vt 0.29278579 0.79024190
vt 0.29013863 0.79024190
vt 0.29330146 0.77628583
vt 0.29669523 0.77628583
vt 0.29013863 0.79024190
vt 0.28320828 0.79024190
vt 0.28441638 0.77628583
vt 0.29330146 0.77628583
vt 0.28320828 0.79024190
vt 0.27464187 0.79024190
vt 0.27343380 0.77628583
vt 0.28441638 0.77628583
vt 0.27464187 0.79024190
vt 0.26771152 0.79024190
vt 0.26454872 0.77628583
vt 0.27343380 0.77628583
vt 0.26771152 0.79024190
vt 0.26506436 0.79024190
vt 0.26115492 0.77628583
vt 0.26454872 0.77628583
vt 0.26506436 0.79024190
vt 0.26771152 0.79024190
vt 0.26454872 0.77628583
vt 0.26115492 0.77628583
vt 0.26771152 0.79024190
vt 0.27464190 0.79024190
vt 0.27343383 0.77628583
vt 0.26454872 0.77628583
vt 0.27464190 0.79024190
vt 0.28320828 0.79024190
vt 0.28441638 0.77628583
vt 0.27343383 0.77628583
vt 0.28320828 0.79024190
vt 0.29013863 0.79024190
vt 0.29330146 0.77628583
vt 0.28441638 0.77628583
vt 0.29013863 0.79024190
vt 0.29278579 0.79024190
vt 0.29669523 0.77628583
vt 0.29330146 0.77628583
vt 0.29669523 0.77628583
vt 0.29330146 0.77628583
vt 0.28927606 0.76232970
vt 0.29171962 0.76232970
vt 0.29330146 0.77628583
vt 0.28441638 0.77628583
vt 0.28287879 0.76232970
vt 0.28927606 0.76232970
vt 0.28441638 0.77628583
vt 0.27343380 0.77628583
vt 0.27497137 0.76232970
vt 0.28287879 0.76232970
vt 0.27343380 0.77628583
vt 0.26454872 0.77628583
vt 0.26857409 0.76232970
vt 0.27497137 0.76232970
vt 0.26454872 0.77628583
vt 0.26115492 0.77628583
vt 0.26613057 0.76232970
vt 0.26857409 0.76232970
vt 0.26115492 0.77628583
vt 0.26454872 0.77628583
vt 0.26857409 0.76232970
vt 0.26613057 0.76232970
vt 0.26454872 0.77628583
vt 0.27343383 0.77628583
vt 0.27497137 0.76232970
vt 0.26857409 0.76232970
vt 0.27343383 0.77628583
vt 0.28441638 0.77628583
vt 0.28287879 0.76232970
vt 0.27497137 0.76232970
vt 0.28441638 0.77628583
vt 0.29330146 0.77628583
vt 0.28927606 0.76232970
vt 0.28287879 0.76232970
vt 0.29330146 0.77628583
vt 0.29669523 0.77628583
vt 0.29171962 0.76232970
vt 0.28927606 0.76232970
vt 0.29171962 0.76232970
vt 0.28927606 0.76232970
vt 0.28208789 0.75136423
vt 0.28283453 0.75136423
vt 0.28927606 0.76232970
vt 0.28287879 0.76232970
vt 0.28013316 0.75136423
vt 0.28208789 0.75136423
vt 0.28287879 0.76232970
vt 0.27497137 0.76232970
vt 0.27771699 0.75136423
vt 0.28013316 0.75136423
vt 0.27497137 0.76232970
vt 0.26857409 0.76232970
vt 0.27576226 0.75136423
vt 0.27771699 0.75136423
vt 0.26857409 0.76232970
vt 0.26613057 0.76232970
vt 0.27501562 0.75136423
vt 0.27576226 0.75136423
vt 0.26613057 0.76232970
vt 0.26857409 0.76232970
vt 0.27576226 0.75136423
vt 0.27501562 0.75136423
vt 0.26857409 0.76232970
vt 0.27497137 0.76232970
vt 0.27771699 0.75136423
vt 0.27576226 0.75136423
vt 0.27497137 0.76232970
vt 0.28287879 0.76232970
vt 0.28013316 0.75136423
vt 0.27771699 0.75136423
vt 0.28287879 0.76232970
vt 0.28927606 0.76232970
vt 0.28208789 0.75136423
vt 0.28013316 0.75136423
vt 0.28927606 0.76232970
vt 0.29171962 0.76232970
vt 0.28283453 0.75136423
vt 0.28208789 0.75136423
vt 0.27892509 0.80120736
vt 0.28266293 0.80120736
vt 0.28354532 0.80120736
vt 0.27892509 0.80120736
vt 0.28035283 0.80120736
vt 0.28266293 0.80120736
vt 0.27892509 0.80120736
vt 0.27749735 0.80120736
vt 0.28035283 0.80120736
vt 0.27892509 0.80120736
vt 0.27518722 0.80120736
vt 0.27749735 0.80120736
vt 0.27892509 0.80120736
vt 0.27430484 0.80120736
vt 0.27518722 0.80120736
vt 0.27892509 0.80120736
vt 0.27518722 0.80120736
vt 0.27430484 0.80120736
vt 0.27892509 0.80120736
vt 0.27749735 0.80120736
vt 0.27518722 0.80120736
vt 0.27892509 0.80120736
vt 0.28035283 0.80120736
vt 0.27749735 0.80120736
vt 0.27892509 0.80120736
vt 0.28266293 0.80120736
vt 0.28035283 0.80120736
vt 0.27892509 0.80120736
vt 0.28354532 0.80120736
vt 0.28266293 0.80120736
vt 0.27892509 0.75136423
vt 0.28283453 0.75136423
vt 0.28208789 0.75136423
vt 0.27892509 0.75136423
vt 0.28208789 0.75136423
vt 0.28013316 0.75136423
vt 0.27892509 0.75136423
vt 0.28013316 0.75136423
vt 0.27771699 0.75136423
vt 0.27892509 0.75136423
vt 0.27771699 0.75136423
vt 0.27576226 0.75136423
vt 0.27892509 0.75136423
vt 0.27576226 0.75136423
vt 0.27501562 0.75136423
vt 0.27892509 0.75136423
vt 0.27501562 0.75136423
vt 0.27576226 0.75136423
vt 0.27892509 0.75136423
vt 0.27576226 0.75136423
vt 0.27771699 0.75136423
vt 0.27892509 0.75136423
vt 0.27771699 0.75136423
vt 0.28013316 0.75136423
vt 0.27892509 0.75136423
vt 0.28013316 0.75136423
vt 0.28208789 0.75136423
vt 0.27892509 0.75136423
vt 0.28208789 0.75136423
vt 0.28283453 0.75136423
vt 0.31588000 0.76813734
vt 0.31185400 0.77350533
vt 0.30978000 0.77090269
vt 0.31291133 0.76667333
vt 0.31185400 0.77350533
vt 0.30502200 0.77578270
vt 0.30445269 0.77265131
vt 0.30978000 0.77090269
vt 0.30502200 0.77578270
vt 0.29725468 0.77427804
vt 0.29839334 0.77147198
vt 0.30445269 0.77265131
vt 0.29725468 0.77427804
vt 0.29058534 0.76943868
vt 0.29322869 0.76769000
vt 0.29839334 0.77147198
vt 0.29058534 0.76943868
vt 0.28684402 0.76252532
vt 0.29025999 0.76232201
vt 0.29322869 0.76769000
vt 0.28684402 0.76252532
vt 0.28700665 0.75544935
vt 0.29038200 0.75679135
vt 0.29025999 0.76232201
vt 0.28700665 0.75544935
vt 0.29099199 0.75004065
vt 0.29351333 0.75260270
vt 0.29038200 0.75679135
vt 0.29099199 0.75004065
vt 0.29782400 0.74780405
vt 0.29884067 0.75085402
vt 0.29351333 0.75260270
vt 0.29782400 0.74780405
vt 0.30559132 0.74930871
vt 0.30489999 0.75199270
vt 0.29884067 0.75085402
vt 0.30559132 0.74930871
vt 0.31226066 0.75414801
vt 0.31010532 0.75577468
vt 0.30489999 0.75199270
vt 0.31226066 0.75414801
vt 0.31600198 0.76106131
vt 0.31303334 0.76114267
vt 0.31010532 0.75577468
vt 0.31600198 0.76106131
vt 0.31588000 0.76813734
vt 0.31291133 0.76667333
vt 0.31303334 0.76114267
vt 0.31291133 0.76667333
vt 0.30978000 0.77090269
vt 0.30831599 0.76756799
vt 0.31039000 0.76476204
vt 0.30978000 0.77090269
vt 0.30445269 0.77265131
vt 0.30477798 0.76874733
vt 0.30831599 0.76756799
vt 0.30445269 0.77265131
vt 0.29839334 0.77147198
vt 0.30071133 0.76797467
vt 0.30477798 0.76874733
vt 0.29839334 0.77147198
vt 0.29322869 0.76769000
vt 0.29725468 0.76545334
vt 0.30071133 0.76797467
vt 0.29322869 0.76769000
vt 0.29025999 0.76232201
vt 0.29530266 0.76187468
vt 0.29725468 0.76545334
vt 0.29025999 0.76232201
vt 0.29038200 0.75679135
vt 0.29538399 0.75817400
vt 0.29530266 0.76187468
vt 0.29038200 0.75679135
vt 0.29351333 0.75260270
vt 0.29745799 0.75536799
vt 0.29538399 0.75817400
vt 0.29351333 0.75260270
vt 0.29884067 0.75085402
vt 0.30099601 0.75418866
vt 0.29745799 0.75536799
vt 0.29884067 0.75085402
vt 0.30489999 0.75199270
vt 0.30506265 0.75500202
vt 0.30099601 0.75418866
vt 0.30489999 0.75199270
vt 0.31010532 0.75577468
vt 0.30851933 0.75752336
vt 0.30506265 0.75500202
vt 0.31010532 0.75577468
vt 0.31303334 0.76114267
vt 0.31047133 0.76110202
vt 0.30851933 0.75752336
vt 0.31303334 0.76114267
vt 0.31291133 0.76667333
vt 0.31039000 0.76476204
vt 0.31047133 0.76110202
vt 0.31039000 0.76476204
vt 0.30831599 0.76756799
vt 0.30721799 0.76431465
vt 0.30831599 0.76285070
vt 0.30831599 0.76756799
vt 0.30477798 0.76874733
vt 0.30538800 0.76492465
vt 0.30721799 0.76431465
vt 0.30477798 0.76874733
vt 0.30071133 0.76797467
vt 0.30331400 0.76451802
vt 0.30538800 0.76492465
vt 0.30071133 0.76797467
vt 0.29725468 0.76545334
vt 0.30148399 0.76321667
vt 0.30331400 0.76451802
vt 0.29725468 0.76545334
vt 0.29530266 0.76187468
vt 0.30046734 0.76134604
vt 0.30148399 0.76321667
vt 0.29530266 0.76187468
vt 0.29538399 0.75817400
vt 0.30050799 0.75943470
vt 0.30046734 0.76134604
vt 0.29538399 0.75817400
vt 0.29745799 0.75536799
vt 0.30160600 0.75797069
vt 0.30050799 0.75943470
vt 0.29745799 0.75536799
vt 0.30099601 0.75418866
vt 0.30343598 0.75736070
vt 0.30160600 0.75797069
vt 0.30099601 0.75418866
vt 0.30506265 0.75500202
vt 0.30555066 0.75776732
vt 0.30343598 0.75736070
vt 0.30506265 0.75500202
vt 0.30851933 0.75752336
vt 0.30734000 0.75906867
vt 0.30555066 0.75776732
vt 0.30851933 0.75752336
vt 0.31047133 0.76110202
vt 0.30835664 0.76093936
vt 0.30734000 0.75906867
vt 0.31047133 0.76110202
vt 0.31039000 0.76476204
vt 0.30831599 0.76285070
vt 0.30835664 0.76093936
vt 0.30142641 0.76178998
vt 0.31185400 0.77350533
vt 0.31588000 0.76813734
vt 0.30142641 0.76178998
vt 0.30502200 0.77578270
vt 0.31185400 0.77350533
vt 0.30142641 0.76178998
vt 0.29725468 0.77427804
vt 0.30502200 0.77578270
vt 0.30142641 0.76178998
vt 0.29058534 0.76943868
vt 0.29725468 0.77427804
vt 0.30142641 0.76178998
vt 0.28684402 0.76252532
vt 0.29058534 0.76943868
vt 0.30142641 0.76178998
vt 0.28700665 0.75544935
vt 0.28684402 0.76252532
vt 0.30142641 0.76178998
vt 0.29099199 0.75004065
vt 0.28700665 0.75544935
vt 0.30142641 0.76178998
vt 0.29782400 0.74780405
vt 0.29099199 0.75004065
vt 0.30142641 0.76178998
vt 0.30559132 0.74930871
vt 0.29782400 0.74780405
vt 0.30142641 0.76178998
vt 0.31226066 0.75414801
vt 0.30559132 0.74930871
vt 0.30142641 0.76178998
vt 0.31600198 0.76106131
vt 0.31226066 0.75414801
vt 0.30142641 0.76178998
vt 0.31588000 0.76813734
vt 0.31600198 0.76106131
vt 0.30831599 0.76285070
vt 0.30721799 0.76431465
vt 0.30518469 0.76098001
vt 0.30721799 0.76431465
vt 0.30538800 0.76492465
vt 0.30518469 0.76098001
vt 0.30538800 0.76492465
vt 0.30331400 0.76451802
vt 0.30518469 0.76098001
vt 0.30331400 0.76451802
vt 0.30148399 0.76321667
vt 0.30518469 0.76098001
vt 0.30148399 0.76321667
vt 0.30046734 0.76134604
vt 0.30518469 0.76098001
vt 0.30046734 0.76134604
vt 0.30050799 0.75943470
vt 0.30518469 0.76098001
vt 0.30050799 0.75943470
vt 0.30160600 0.75797069
vt 0.30518469 0.76098001
vt 0.30160600 0.75797069
vt 0.30343598 0.75736070
vt 0.30518469 0.76098001
vt 0.30343598 0.75736070
vt 0.30555066 0.75776732
vt 0.30518469 0.76098001
vt 0.30555066 0.75776732
vt 0.30734000 0.75906867
vt 0.30518469 0.76098001
vt 0.30734000 0.75906867
vt 0.30835664 0.76093936
vt 0.30518469 0.76098001
vt 0.30835664 0.76093936
vt 0.30831599 0.76285070
vt 0.30518469 0.76098001
vt 0.18412000 0.76813734
vt 0.18708865 0.76667333
vt 0.19021998 0.77090269
vt 0.18814600 0.77350533
vt 0.18814600 0.77350533
vt 0.19021998 0.77090269
vt 0.19554733 0.77265131
vt 0.19497798 0.77578270
vt 0.19497798 0.77578270
vt 0.19554733 0.77265131
vt 0.20160666 0.77147198
vt 0.20274533 0.77427804
vt 0.20274533 0.77427804
vt 0.20160666 0.77147198
vt 0.20677133 0.76769000
vt 0.20941466 0.76943868
vt 0.20941466 0.76943868
vt 0.20677133 0.76769000
vt 0.20973998 0.76232201
vt 0.21315598 0.76252532
vt 0.21315598 0.76252532
vt 0.20973998 0.76232201
vt 0.20961799 0.75679135
vt 0.21299332 0.75544935
vt 0.21299332 0.75544935
vt 0.20961799 0.75679135
vt 0.20648666 0.75260270
vt 0.20900799 0.75004065
vt 0.20900799 0.75004065
vt 0.20648666 0.75260270
vt 0.20115933 0.75085402
vt 0.20217599 0.74780405
vt 0.20217599 0.74780405
vt 0.20115933 0.75085402
vt 0.19509998 0.75199270
vt 0.19440866 0.74930871
vt 0.19440866 0.74930871
vt 0.19509998 0.75199270
vt 0.18989465 0.75577468
vt 0.18773933 0.75414801
vt 0.18773933 0.75414801
vt 0.18989465 0.75577468
vt 0.18696666 0.76114267
vt 0.18399799 0.76106131
vt 0.18399799 0.76106131
vt 0.18696666 0.76114267
vt 0.18708865 0.76667333
vt 0.18412000 0.76813734
vt 0.18708865 0.76667333
vt 0.18960999 0.76476204
vt 0.19168398 0.76756799
vt 0.19021998 0.77090269
vt 0.19021998 0.77090269
vt 0.19168398 0.76756799
vt 0.19522199 0.76874733
vt 0.19554733 0.77265131
vt 0.19554733 0.77265131
vt 0.19522199 0.76874733
vt 0.19928865 0.76797467
vt 0.20160666 0.77147198
vt 0.20160666 0.77147198
vt 0.19928865 0.76797467
vt 0.20274533 0.76545334
vt 0.20677133 0.76769000
vt 0.20677133 0.76769000
vt 0.20274533 0.76545334
vt 0.20469731 0.76187468
vt 0.20973998 0.76232201
vt 0.20973998 0.76232201
vt 0.20469731 0.76187468
vt 0.20461600 0.75817400
vt 0.20961799 0.75679135
vt 0.20961799 0.75679135
vt 0.20461600 0.75817400
vt 0.20254198 0.75536799
vt 0.20648666 0.75260270
vt 0.20648666 0.75260270
vt 0.20254198 0.75536799
vt 0.19900399 0.75418866
vt 0.20115933 0.75085402
vt 0.20115933 0.75085402
vt 0.19900399 0.75418866
vt 0.19493733 0.75500202
vt 0.19509998 0.75199270
vt 0.19509998 0.75199270
vt 0.19493733 0.75500202
vt 0.19148065 0.75752336
vt 0.18989465 0.75577468
vt 0.18989465 0.75577468
vt 0.19148065 0.75752336
vt 0.18952866 0.76110202
vt 0.18696666 0.76114267
vt 0.18696666 0.76114267
vt 0.18952866 0.76110202
vt 0.18960999 0.76476204
vt 0.18708865 0.76667333
vt 0.18960999 0.76476204
vt 0.19168398 0.76285070
vt 0.19278198 0.76431465
vt 0.19168398 0.76756799
vt 0.19168398 0.76756799
vt 0.19278198 0.76431465
vt 0.19461198 0.76492465
vt 0.19522199 0.76874733
vt 0.19522199 0.76874733
vt 0.19461198 0.76492465
vt 0.19668598 0.76451802
vt 0.19928865 0.76797467
vt 0.19928865 0.76797467
vt 0.19668598 0.76451802
vt 0.19851598 0.76321667
vt 0.20274533 0.76545334
vt 0.20274533 0.76545334
vt 0.19851598 0.76321667
vt 0.19953264 0.76134604
vt 0.20469731 0.76187468
vt 0.20469731 0.76187468
vt 0.19953264 0.76134604
vt 0.19949198 0.75943470
vt 0.20461600 0.75817400
vt 0.20461600 0.75817400
vt 0.19949198 0.75943470
vt 0.19839399 0.75797069
vt 0.20254198 0.75536799
vt 0.20254198 0.75536799
vt 0.19839399 0.75797069
vt 0.19656399 0.75736070
vt 0.19900399 0.75418866
vt 0.19900399 0.75418866
vt 0.19656399 0.75736070
vt 0.19444932 0.75776732
vt 0.19493733 0.75500202
vt 0.19493733 0.75500202
vt 0.19444932 0.75776732
vt 0.19265999 0.75906867
vt 0.19148065 0.75752336
vt 0.19148065 0.75752336
vt 0.19265999 0.75906867
vt 0.19164331 0.76093936
vt 0.18952866 0.76110202
vt 0.18952866 0.76110202
vt 0.19164331 0.76093936
vt 0.19168398 0.76285070
vt 0.18960999 0.76476204
vt 0.19857360 0.76178998
vt 0.18412000 0.76813734
vt 0.18814600 0.77350533
vt 0.19857360 0.76178998
vt 0.18814600 0.77350533
vt 0.19497798 0.77578270
vt 0.19857360 0.76178998
vt 0.19497798 0.77578270
vt 0.20274533 0.77427804
vt 0.19857360 0.76178998
vt 0.20274533 0.77427804
vt 0.20941466 0.76943868
vt 0.19857360 0.76178998
vt 0.20941466 0.76943868
vt 0.21315598 0.76252532
vt 0.19857360 0.76178998
vt 0.21315598 0.76252532
vt 0.21299332 0.75544935
vt 0.19857360 0.76178998
vt 0.21299332 0.75544935
vt 0.20900799 0.75004065
vt 0.19857360 0.76178998
vt 0.20900799 0.75004065
vt 0.20217599 0.74780405
vt 0.19857360 0.76178998
vt 0.20217599 0.74780405
vt 0.19440866 0.74930871
vt 0.19857360 0.76178998
vt 0.19440866 0.74930871
vt 0.18773933 0.75414801
vt 0.19857360 0.76178998
vt 0.18773933 0.75414801
vt 0.18399799 0.76106131
vt 0.19857360 0.76178998
vt 0.18399799 0.76106131
vt 0.18412000 0.76813734
vt 0.19168398 0.76285070
vt 0.19481532 0.76098001
vt 0.19278198 0.76431465
vt 0.19278198 0.76431465
vt 0.19481532 0.76098001
vt 0.19461198 0.76492465
vt 0.19461198 0.76492465
vt 0.19481532 0.76098001
vt 0.19668598 0.76451802
vt 0.19668598 0.76451802
vt 0.19481532 0.76098001
vt 0.19851598 0.76321667
vt 0.19851598 0.76321667
vt 0.19481532 0.76098001
vt 0.19953264 0.76134604
vt 0.19953264 0.76134604
vt 0.19481532 0.76098001
vt 0.19949198 0.75943470
vt 0.19949198 0.75943470
vt 0.19481532 0.76098001
vt 0.19839399 0.75797069
vt 0.19839399 0.75797069
vt 0.19481532 0.76098001
vt 0.19656399 0.75736070
vt 0.19656399 0.75736070
vt 0.19481532 0.76098001
vt 0.19444932 0.75776732
vt 0.19444932 0.75776732
vt 0.19481532 0.76098001
vt 0.19265999 0.75906867
vt 0.19265999 0.75906867
vt 0.19481532 0.76098001
vt 0.19164331 0.76093936
vt 0.19164331 0.76093936
vt 0.19481532 0.76098001
vt 0.19168398 0.76285070
vn -0.64307547 0.21358289 0.73541576
vn -0.64307541 0.21358287 0.73541576
vn -0.64307541 0.21358287 0.73541576
vn -0.64307541 0.21358287 0.73541576
vn -0.68068910 -0.11848046 0.72292799
vn -0.68068910 -0.11848046 0.72292799
vn -0.68068910 -0.11848046 0.72292799
vn -0.68068910 -0.11848046 0.72292799
vn -0.66547787 0.22487053 0.71173906
vn -0.66547787 0.22487055 0.71173906
vn -0.66547787 0.22487055 0.71173906
vn -0.66547787 0.22487053 0.71173906
vn -0.71056092 -0.12583300 0.69229275
vn -0.71056092 -0.12583303 0.69229281
vn -0.71056092 -0.12583303 0.69229281
vn -0.71056092 -0.12583300 0.69229275
vn -0.68744844 0.24060009 0.68521988
vn -0.68744844 0.24060009 0.68521988
vn -0.68744844 0.24060009 0.68521988
vn -0.68744844 0.24060009 0.68521988
vn -0.74108243 -0.13593006 0.65751046
vn -0.74108243 -0.13593006 0.65751046
vn -0.74108243 -0.13593006 0.65751046
vn -0.74108243 -0.13593006 0.65751046
vn -0.70808166 0.26165307 0.65586448
vn -0.70808160 0.26165307 0.65586448
vn -0.70808160 0.26165307 0.65586448
vn -0.70808166 0.26165307 0.65586448
vn -0.77164376 -0.14943521 0.61825162
vn -0.77164370 -0.14943521 0.61825168
vn -0.77164370 -0.14943521 0.61825168
vn -0.77164376 -0.14943521 0.61825162
vn -0.72599345 0.28937393 0.62385595
vn -0.72599351 0.28937396 0.62385601
vn -0.72599351 0.28937396 0.62385601
vn -0.72599345 0.28937393 0.62385595
vn -0.80132097 -0.16738902 0.57433933
vn -0.80132097 -0.16738902 0.57433939
vn -0.80132097 -0.16738902 0.57433939
vn -0.80132097 -0.16738902 0.57433933
vn -0.73901957 0.32576451 0.58968443
vn -0.73901957 0.32576448 0.58968437
vn -0.73901957 0.32576448 0.58968437
vn -0.73901957 0.32576451 0.58968443
vn -0.82871979 -0.19144745 0.52590066
vn -0.82871974 -0.19144741 0.52590054
vn -0.82871974 -0.19144741 0.52590054
vn -0.82871979 -0.19144745 0.52590066
vn -0.74363399 0.37378281 0.55434197
vn -0.74363393 0.37378281 0.55434197
vn -0.74363393 0.37378281 0.55434197
vn -0.74363399 0.37378281 0.55434197
vn -0.85167408 -0.22435057 0.47362238
vn -0.85167408 -0.22435057 0.47362238
vn -0.85167408 -0.22435057 0.47362238
vn -0.85167408 -0.22435057 0.47362238
vn -0.73377228 0.43771908 0.51959628
vn -0.73377228 0.43771911 0.51959622
vn -0.73377228 0.43771911 0.51959622
vn -0.73377228 0.43771908 0.51959628
vn -0.86652982 -0.27090156 0.41921192
vn -0.86652970 -0.27090156 0.41921192
vn -0.86652970 -0.27090156 0.41921192
vn -0.86652982 -0.27090156 0.41921192
vn -0.69836867 0.52330172 0.48829970
vn -0.69836867 0.52330172 0.48829967
vn -0.69836867 0.52330172 0.48829967
vn -0.69836867 0.52330172 0.48829970
vn -0.86609834 -0.34011707 0.36632496
vn -0.86609834 -0.34011707 0.36632496
vn -0.86609834 -0.34011707 0.36632496
vn -0.86609834 -0.34011707 0.36632496
vn -0.61660254 0.63573968 0.46436667
vn -0.61660248 0.63573974 0.46436667
vn -0.61660248 0.63573974 0.46436667
vn -0.61660254 0.63573968 0.46436667
vn -0.83271801 -0.44995183 0.32268262
vn -0.83271801 -0.44995183 0.32268262
vn -0.83271801 -0.44995183 0.32268262
vn -0.83271801 -0.44995183 0.32268262
vn -0.45279348 0.76919615 0.45090520
vn -0.45279345 0.76919615 0.45090517
vn -0.45279345 0.76919615 0.45090517
vn -0.45279348 0.76919615 0.45090520
vn -0.71138996 -0.63334125 0.30463594
vn -0.71138996 -0.63334125 0.30463597
vn -0.71138996 -0.63334125 0.30463597
vn -0.71138996 -0.63334125 0.30463594
vn -0.17345805 0.87896317 0.44422519
vn -0.17345807 0.87896323 0.44422519
vn -0.17345807 0.87896323 0.44422519
vn -0.17345805 0.87896317 0.44422519
vn -0.33228004 -0.88241911 0.33305627
vn -0.33228004 -0.88241911 0.33305627
vn -0.33228004 -0.88241911 0.33305627
vn -0.33228004 -0.88241911 0.33305627
vn 0.17444937 0.88398778 0.43374318
vn 0.17444935 0.88398778 0.43374312
vn 0.17444935 0.88398778 0.43374312
vn 0.17444937 0.88398778 0.43374315
vn 0.32894453 -0.87356108 0.35872921
vn 0.32894453 -0.87356108 0.35872921
vn 0.32894453 -0.87356108 0.35872921
vn 0.32894453 -0.87356108 0.35872921
vn 0.45958513 0.78073359 0.42336351
vn 0.45958513 0.78073359 0.42336351
vn 0.45958513 0.78073359 0.42336351
vn 0.45958513 0.78073359 0.42336351
vn 0.69684839 -0.62039512 0.35987818
vn 0.69684839 -0.62039512 0.35987818
vn 0.69684839 -0.62039512 0.35987818
vn 0.69684839 -0.62039512 0.35987818
vn 0.62952298 0.64906120 0.42710721
vn 0.62952298 0.64906120 0.42710721
vn 0.62952298 0.64906120 0.42710721
vn 0.62952298 0.64906120 0.42710721
vn 0.81156808 -0.43852359 0.38607565
vn 0.81156808 -0.43852359 0.38607565
vn 0.81156808 -0.43852359 0.38607565
vn 0.81156808 -0.43852359 0.38607565
vn 0.71583003 0.53638601 0.44707665
vn 0.71583003 0.53638601 0.44707665
vn 0.71583003 0.53638601 0.44707665
vn 0.71583003 0.53638601 0.44707665
vn 0.84051168 -0.33006918 0.42964455
vn 0.84051168 -0.33006918 0.42964455
vn 0.84051168 -0.33006918 0.42964455
vn 0.84051168 -0.33006918 0.42964455
vn 0.75439167 0.45001936 0.47788674
vn 0.75439167 0.45001936 0.47788674
vn 0.75439167 0.45001936 0.47788674
vn 0.75439167 0.45001936 0.47788674
vn 0.83773369 -0.26189905 0.47917765
vn 0.83773369 -0.26189905 0.47917765
vn 0.83773369 -0.26189905 0.47917765
vn 0.83773369 -0.26189905 0.47917765
vn 0.76637203 0.38521186 0.51408738
vn 0.76637203 0.38521186 0.51408738
vn 0.76637203 0.38521186 0.51408738
vn 0.76637203 0.38521186 0.51408738
vn 0.82073784 -0.21620128 0.52881604
vn 0.82073784 -0.21620128 0.52881604
vn 0.82073784 -0.21620128 0.52881604
vn 0.82073784 -0.21620128 0.52881604
vn 0.76305854 0.33636111 0.55190849
vn 0.76305854 0.33636111 0.55190849
vn 0.76305854 0.33636111 0.55190849
vn 0.76305854 0.33636111 0.55190849
vn 0.79661316 -0.18403029 0.57579541
vn 0.79661316 -0.18403029 0.57579541
vn 0.79661316 -0.18403029 0.57579541
vn 0.79661316 -0.18403029 0.57579541
vn 0.75067514 0.29921222 0.58903223
vn 0.75067514 0.29921222 0.58903223
vn 0.75067514 0.29921222 0.58903223
vn 0.75067514 0.29921222 0.58903223
vn 0.76887107 -0.16061051 0.61890364
vn 0.76887107 -0.16061051 0.61890364
vn 0.76887107 -0.16061051 0.61890364
vn 0.76887107 -0.16061051 0.61890364
vn 0.73288286 0.27081788 0.62413180
vn 0.73288286 0.27081788 0.62413180
vn 0.73288286 0.27081788 0.62413180
vn 0.73288286 0.27081788 0.62413180
vn 0.73950851 -0.14321195 0.65773672
vn 0.73950851 -0.14321195 0.65773672
vn 0.73950851 -0.14321195 0.65773672
vn 0.73950851 -0.14321195 0.65773672
vn 0.71196693 0.24918132 0.65651494
vn 0.71196693 0.24918132 0.65651494
vn 0.71196693 0.24918132 0.65651494
vn 0.71196693 0.24918132 0.65651494
vn 0.70975077 -0.13018316 0.69231951
vn 0.70975077 -0.13018316 0.69231951
vn 0.70975077 -0.13018316 0.69231951
vn 0.70975077 -0.13018316 0.69231951
vn 0.68941700 0.23295975 0.68588185
vn 0.68941700 0.23295975 0.68588185
vn 0.68941700 0.23295975 0.68588185
vn 0.68941700 0.23295975 0.68588185
vn 0.68037152 -0.12048679 0.72289526
vn 0.68037152 -0.12048679 0.72289526
vn 0.68037152 -0.12048679 0.72289526
vn 0.68037152 -0.12048679 0.72289526
vn 0.66622883 0.22127275 0.71216404
vn 0.66622883 0.22127275 0.71216404
vn 0.66622883 0.22127275 0.71216404
vn 0.66622883 0.22127275 0.71216404
vn 0.65185630 -0.11346184 0.74980658
vn 0.65185630 -0.11346184 0.74980658
vn 0.65185630 -0.11346184 0.74980658
vn 0.65185630 -0.11346184 0.74980658
vn -0.66253448 0.00000000 0.74903142
vn -0.66253448 0.00000000 0.74903142
vn -0.66253448 0.00000000 0.74903142
vn -0.66253448 0.00000000 0.74903142
vn 0.66253448 0.00000000 0.74903142
vn 0.66253448 0.00000000 0.74903142
vn 0.66253448 0.00000000 0.74903142
vn 0.66253448 0.00000000 0.74903142
vn -0.60203421 0.39133942 0.69599456
vn -0.60203421 0.39133942 0.69599456
vn -0.60203421 0.39133942 0.69599456
vn -0.60203421 0.39133942 0.69599456
vn -0.64057374 -0.29772222 0.70783246
vn -0.64057374 -0.29772222 0.70783246
vn -0.64057374 -0.29772222 0.70783246
vn -0.64057374 -0.29772222 0.70783246
vn -0.61427510 0.40624782 0.67648280
vn -0.61427510 0.40624782 0.67648280
vn -0.61427510 0.40624782 0.67648280
vn -0.61427510 0.40624782 0.67648280
vn -0.66220808 -0.31313473 0.68075490
vn -0.66220808 -0.31313473 0.68075490
vn -0.66220808 -0.31313473 0.68075490
vn -0.66220808 -0.31313473 0.68075490
vn -0.62381792 0.42730850 0.65441489
vn -0.62381792 0.42730850 0.65441489
vn -0.62381792 0.42730850 0.65441489
vn -0.62381792 0.42730850 0.65441489
vn -0.68233073 -0.33418590 0.65018821
vn -0.68233073 -0.33418590 0.65018821
vn -0.68233073 -0.33418590 0.65018821
vn -0.68233073 -0.33418590 0.65018821
vn -0.62925029 0.45508742 0.63003129
vn -0.62925029 0.45508742 0.63003129
vn -0.62925029 0.45508742 0.63003129
vn -0.62925029 0.45508742 0.63003129
vn -0.69966048 -0.36179903 0.61609811
vn -0.69966048 -0.36179903 0.61609811
vn -0.69966048 -0.36179903 0.61609811
vn -0.69966048 -0.36179903 0.61609811
vn -0.62857747 0.49035960 0.60368687
vn -0.62857747 0.49035960 0.60368687
vn -0.62857747 0.49035960 0.60368687
vn -0.62857747 0.49035960 0.60368687
vn -0.71228045 -0.39729723 0.57862908
vn -0.71228045 -0.39729723 0.57862908
vn -0.71228045 -0.39729723 0.57862908
vn -0.71228045 -0.39729723 0.57862908
vn -0.61898184 0.53401601 0.57592386
vn -0.61898184 0.53401601 0.57592386
vn -0.61898184 0.53401601 0.57592386
vn -0.61898184 0.53401601 0.57592386
vn -0.71729922 -0.44247228 0.53823805
vn -0.71729922 -0.44247228 0.53823805
vn -0.71729922 -0.44247228 0.53823805
vn -0.71729922 -0.44247228 0.53823805
vn -0.59651464 0.58682626 0.54754472
vn -0.59651464 0.58682626 0.54754472
vn -0.59651464 0.58682626 0.54754472
vn -0.59651464 0.58682626 0.54754472
vn -0.71027994 -0.49960548 0.49587989
vn -0.71027994 -0.49960548 0.49587989
vn -0.71027994 -0.49960548 0.49587989
vn -0.71027994 -0.49960548 0.49587989
vn -0.55578315 0.64888537 0.51966631
vn -0.55578315 0.64888537 0.51966631
vn -0.55578315 0.64888537 0.51966631
vn -0.55578315 0.64888537 0.51966631
vn -0.68428916 -0.57123089 0.45325899
vn -0.68428916 -0.57123089 0.45325899
vn -0.68428916 -0.57123089 0.45325899
vn -0.68428916 -0.57123089 0.45325899
vn -0.48991871 0.71848959 0.49371290
vn -0.48991871 0.71848959 0.49371290
vn -0.48991871 0.71848959 0.49371290
vn -0.48991871 0.71848959 0.49371290
vn -0.62849438 -0.65903151 0.41312510
vn -0.62849438 -0.65903151 0.41312510
vn -0.62849438 -0.65903151 0.41312510
vn -0.62849438 -0.65903151 0.41312510
vn -0.39162409 0.79026383 0.47128937
vn -0.39162409 0.79026383 0.47128937
vn -0.39162409 0.79026383 0.47128937
vn -0.39162409 0.79026383 0.47128937
vn -0.52703559 -0.76041800 0.37947053
vn -0.52703559 -0.76041800 0.37947053
vn -0.52703559 -0.76041800 0.37947053
vn -0.52703559 -0.76041800 0.37947053
vn -0.25664291 0.85328650 0.45391250
vn -0.25664291 0.85328650 0.45391250
vn -0.25664291 0.85328650 0.45391250
vn -0.25664291 0.85328650 0.45391250
vn -0.36217344 -0.86097735 0.35713920
vn -0.36217344 -0.86097735 0.35713920
vn -0.36217344 -0.86097735 0.35713920
vn -0.36217344 -0.86097735 0.35713920
vn -0.08995312 0.89211607 0.44276103
vn -0.08995312 0.89211607 0.44276103
vn -0.08995312 0.89211607 0.44276103
vn -0.08995312 0.89211607 0.44276103
vn -0.13080381 -0.92753953 0.35008675
vn -0.13080381 -0.92753953 0.35008675
vn -0.13080381 -0.92753953 0.35008675
vn -0.13080381 -0.92753953 0.35008675
vn 0.09015313 0.89409798 0.43870401
vn 0.09015313 0.89409798 0.43870401
vn 0.09015313 0.89409798 0.43870401
vn 0.09015313 0.89409798 0.43870401
vn 0.13033126 -0.92418849 0.35901189
vn 0.13033126 -0.92418849 0.35901189
vn 0.13033126 -0.92418849 0.35901189
vn 0.13033126 -0.92418849 0.35901189
vn 0.25830433 0.85880959 0.44240817
vn 0.25830433 0.85880959 0.44240817
vn 0.25830433 0.85880959 0.44240817
vn 0.25830433 0.85880959 0.44240817
vn 0.35842463 -0.85206550 0.38146585
vn 0.35842463 -0.85206550 0.38146585
vn 0.35842463 -0.85206550 0.38146585
vn 0.35842463 -0.85206550 0.38146585
vn 0.39563248 0.79835212 0.45399231
vn 0.39563248 0.79835212 0.45399231
vn 0.39563248 0.79835212 0.45399231
vn 0.39563248 0.79835212 0.45399231
vn 0.51855636 -0.74818385 0.41390857
vn 0.51855636 -0.74818385 0.41390857
vn 0.51855636 -0.74818385 0.41390857
vn 0.51855636 -0.74818385 0.41390857
vn 0.49649057 0.72812742 0.47257552
vn 0.49649057 0.72812742 0.47257552
vn 0.49649057 0.72812742 0.47257552
vn 0.49649057 0.72812742 0.47257552
vn 0.61539799 -0.64529866 0.45263132
vn 0.61539799 -0.64529866 0.45263132
vn 0.61539799 -0.64529866 0.45263132
vn 0.61539799 -0.64529866 0.45263132
vn 0.56470007 0.65929592 0.49642998
vn 0.56470007 0.65929592 0.49642998
vn 0.56470007 0.65929592 0.49642998
vn 0.56470007 0.65929592 0.49642998
vn 0.66736513 -0.55710304 0.49422666
vn 0.66736513 -0.55710304 0.49422666
vn 0.66736513 -0.55710304 0.49422666
vn 0.66736513 -0.55710304 0.49422666
vn 0.60736543 0.59750086 0.52354556
vn 0.60736543 0.59750086 0.52354556
vn 0.60736543 0.59750086 0.52354556
vn 0.60736543 0.59750086 0.52354556
vn 0.69048452 -0.48568156 0.53604537
vn 0.69048452 -0.48568156 0.53604537
vn 0.69048452 -0.48568156 0.53604537
vn 0.69048452 -0.48568156 0.53604537
vn 0.63130742 0.54464960 0.55209404
vn 0.63130742 0.54464960 0.55209404
vn 0.63130742 0.54464960 0.55209404
vn 0.63130742 0.54464960 0.55209404
vn 0.69554991 -0.42905605 0.57629955
vn 0.69554991 -0.42905605 0.57629955
vn 0.69554991 -0.42905605 0.57629955
vn 0.69554991 -0.42905605 0.57629955
vn 0.64194000 0.50078386 0.58062768
vn 0.64194000 0.50078386 0.58062768
vn 0.64194000 0.50078386 0.58062768
vn 0.64194000 0.50078386 0.58062768
vn 0.68937761 -0.38452244 0.61392272
vn 0.68937761 -0.38452244 0.61392272
vn 0.68937761 -0.38452244 0.61392272
vn 0.68937761 -0.38452244 0.61392272
vn 0.64326370 0.46522227 0.60809553
vn 0.64326370 0.46522227 0.60809553
vn 0.64326370 0.46522227 0.60809553
vn 0.64326370 0.46522227 0.60809553
vn 0.67626178 -0.34969941 0.64836740
vn 0.67626178 -0.34969941 0.64836740
vn 0.67626178 -0.34969941 0.64836740
vn 0.67626178 -0.34969941 0.64836740
vn 0.63815695 0.43713054 0.63377649
vn 0.63815695 0.43713054 0.63377649
vn 0.63815695 0.43713054 0.63377649
vn 0.63815695 0.43713054 0.63377649
vn 0.65895122 -0.32273531 0.67943013
vn 0.65895122 -0.32273531 0.67943013
vn 0.65895122 -0.32273531 0.67943013
vn 0.65895122 -0.32273531 0.67943013
vn 0.62867612 0.41577163 0.65719122
vn 0.62867612 0.41577163 0.65719122
vn 0.62867612 0.41577163 0.65719122
vn 0.62867612 0.41577163 0.65719122
vn 0.63923377 -0.30227104 0.70711565
vn 0.63923377 -0.30227104 0.70711565
vn 0.63923377 -0.30227104 0.70711565
vn 0.63923377 -0.30227104 0.70711565
vn 0.61628819 0.40060511 0.67801505
vn 0.61628819 0.40060511 0.67801505
vn 0.61628819 0.40060511 0.67801505
vn 0.61628819 0.40060511 0.67801505
vn 0.61828184 -0.28736150 0.73154014
vn 0.61828184 -0.28736150 0.73154014
vn 0.61828184 -0.28736150 0.73154014
vn 0.61828184 -0.28736150 0.73154014
vn -0.66253418 0.00000000 0.74903166
vn -0.66253418 0.00000000 0.74903166
vn -0.66253418 0.00000000 0.74903166
vn -0.66253418 0.00000000 0.74903166
vn 0.66253418 0.00000000 0.74903166
vn 0.66253418 0.00000000 0.74903166
vn 0.66253418 0.00000000 0.74903166
vn 0.66253418 0.00000000 0.74903166
vn -0.57165390 0.48041108 0.66514444
vn -0.57165390 0.48041108 0.66514444
vn -0.57165390 0.48041108 0.66514444
vn -0.57165390 0.48041108 0.66514444
vn -0.55101496 -0.52506983 0.64860183
vn -0.55101496 -0.52506983 0.64860183
vn -0.55101496 -0.52506983 0.64860183
vn -0.55101496 -0.52506983 0.64860183
vn -0.57869357 0.49479264 0.64830083
vn -0.57869357 0.49479264 0.64830083
vn -0.57869357 0.49479264 0.64830083
vn -0.57869357 0.49479264 0.64830083
vn -0.55986488 -0.54279077 0.62604284
vn -0.55986488 -0.54279077 0.62604284
vn -0.55986488 -0.54279077 0.62604284
vn -0.55986488 -0.54279077 0.62604284
vn -0.58208078 0.51548243 0.62885600
vn -0.58208078 0.51548243 0.62885600
vn -0.58208078 0.51548243 0.62885600
vn -0.58208078 0.51548243 0.62885600
vn -0.56445605 -0.56680655 0.60009980
vn -0.56445605 -0.56680655 0.60009980
vn -0.56445605 -0.56680655 0.60009980
vn -0.56445605 -0.56680655 0.60009980
vn -0.58038962 0.54267216 0.60716957
vn -0.58038962 0.54267216 0.60716957
vn -0.58038962 0.54267216 0.60716957
vn -0.58038962 0.54267216 0.60716957
vn -0.56327021 -0.59718537 0.57104850
vn -0.56327021 -0.59718537 0.57104850
vn -0.56327021 -0.59718537 0.57104850
vn -0.56327021 -0.59718537 0.57104850
vn -0.57170880 0.57660341 0.58367598
vn -0.57170880 0.57660341 0.58367598
vn -0.57170880 0.57660341 0.58367598
vn -0.57170880 0.57660341 0.58367598
vn -0.55432451 -0.63392949 0.53931224
vn -0.55432451 -0.63392949 0.53931224
vn -0.55432451 -0.63392949 0.53931224
vn -0.55432451 -0.63392949 0.53931224
vn -0.55353165 0.61739844 0.55894709
vn -0.55353165 0.61739844 0.55894709
vn -0.55353165 0.61739844 0.55894709
vn -0.55353165 0.61739844 0.55894709
vn -0.53512597 -0.67678851 0.50556660
vn -0.53512597 -0.67678851 0.50556660
vn -0.53512597 -0.67678851 0.50556660
vn -0.53512597 -0.67678851 0.50556660
vn -0.52268010 0.66477025 0.53374720
vn -0.52268010 0.66477025 0.53374720
vn -0.52268010 0.66477025 0.53374720
vn -0.52268010 0.66477025 0.53374720
vn -0.50270301 -0.72497261 0.47085506
vn -0.50270301 -0.72497261 0.47085506
vn -0.50270301 -0.72497261 0.47085506
vn -0.50270301 -0.72497261 0.47085506
vn -0.47537577 0.71754014 0.50907177
vn -0.47537577 0.71754014 0.50907177
vn -0.47537577 0.71754014 0.50907177
vn -0.47537577 0.71754014 0.50907177
vn -0.45383024 -0.77674228 0.43670306
vn -0.45383024 -0.77674228 0.43670306
vn -0.45383024 -0.77674228 0.43670306
vn -0.45383024 -0.77674228 0.43670306
vn -0.40767238 0.77295655 0.48614955
vn -0.40767238 0.77295655 0.48614955
vn -0.40767238 0.77295655 0.48614955
vn -0.40767238 0.77295655 0.48614955
vn -0.38557690 -0.82894945 0.40518293
vn -0.38557690 -0.82894945 0.40518293
vn -0.38557690 -0.82894945 0.40518293
vn -0.38557690 -0.82894945 0.40518293
vn -0.31660792 0.82598096 0.46638495
vn -0.31660792 0.82598096 0.46638495
vn -0.31660792 0.82598096 0.46638495
vn -0.31660792 0.82598096 0.46638495
vn -0.29637083 -0.87671703 0.37885579
vn -0.29637083 -0.87671703 0.37885579
vn -0.29637083 -0.87671703 0.37885579
vn -0.29637083 -0.87671703 0.37885579
vn -0.20221260 0.86920083 0.45122060
vn -0.20221260 0.86920083 0.45122060
vn -0.20221260 0.86920083 0.45122060
vn -0.20221260 0.86920083 0.45122060
vn -0.18747102 -0.91373599 0.36047372
vn -0.18747102 -0.91373599 0.36047372
vn -0.18747102 -0.91373599 0.36047372
vn -0.18747102 -0.91373599 0.36047372
vn -0.06974994 0.89433068 0.44193619
vn -0.06974994 0.89433068 0.44193619
vn -0.06974994 0.89433068 0.44193619
vn -0.06974994 0.89433068 0.44193619
vn -0.06421832 -0.93364674 0.35239175
vn -0.06421832 -0.93364674 0.35239175
vn -0.06421832 -0.93364674 0.35239175
vn -0.06421832 -0.93364674 0.35239175
vn 0.06984590 0.89556110 0.43942219
vn 0.06984590 0.89556110 0.43942219
vn 0.06984590 0.89556110 0.43942219
vn 0.06984590 0.89556110 0.43942219
vn 0.06412884 -0.93234581 0.35583526
vn 0.06412884 -0.93234581 0.35583526
vn 0.06412884 -0.93234581 0.35583526
vn 0.06412884 -0.93234581 0.35583526
vn 0.20303398 0.87273145 0.44397867
vn 0.20303398 0.87273145 0.44397867
vn 0.20303398 0.87273145 0.44397867
vn 0.20303398 0.87273145 0.44397867
vn 0.18668632 -0.90991133 0.37041831
vn 0.18668632 -0.90991133 0.37041831
vn 0.18668632 -0.90991133 0.37041831
vn 0.18668632 -0.90991133 0.37041831
vn 0.31868610 0.83140254 0.45520231
vn 0.31868610 0.83140254 0.45520231
vn 0.31868610 0.83140254 0.45520231
vn 0.31868610 0.83140254 0.45520231
vn 0.29430211 -0.87059736 0.39426693
vn 0.29430211 -0.87059736 0.39426693
vn 0.29430211 -0.87059736 0.39426693
vn 0.29430211 -0.87059736 0.39426693
vn 0.41126287 0.77976435 0.47204933
vn 0.41126287 0.77976435 0.47204933
vn 0.41126287 0.77976435 0.47204933
vn 0.41126287 0.77976435 0.47204933
vn 0.38182870 -0.82089126 0.42466980
vn 0.38182870 -0.82089126 0.42466980
vn 0.38182870 -0.82089126 0.42466980
vn 0.38182870 -0.82089126 0.42466980
vn 0.48049191 0.72526234 0.49307424
vn 0.48049191 0.72526234 0.49307424
vn 0.48049191 0.72526234 0.49307424
vn 0.48049191 0.72526234 0.49307424
vn 0.44824120 -0.76717633 0.45882514
vn 0.44824120 -0.76717633 0.45882514
vn 0.44824120 -0.76717633 0.45882514
vn 0.44824120 -0.76717633 0.45882514
vn 0.52917409 0.67302954 0.51672643
vn 0.52917409 0.67302954 0.51672643
vn 0.52917409 0.67302954 0.51672643
vn 0.52917409 0.67302954 0.51672643
vn 0.49532932 -0.71433848 0.49433738
vn 0.49532932 -0.71433848 0.49433738
vn 0.49532932 -0.71433848 0.49433738
vn 0.49532932 -0.71433848 0.49433738
vn 0.56117219 0.62592065 0.54158014
vn 0.56117219 0.62592065 0.54158014
vn 0.56117219 0.62592065 0.54158014
vn 0.56117219 0.62592065 0.54158014
vn 0.52618468 -0.66548026 0.52940136
vn 0.52618468 -0.66548026 0.52940136
vn 0.52618468 -0.66548026 0.52940136
vn 0.52618468 -0.66548026 0.52940136
vn 0.58023608 0.58520371 0.56644750
vn 0.58023608 0.58520371 0.56644750
vn 0.58023608 0.58520371 0.56644750
vn 0.58023608 0.58520371 0.56644750
vn 0.54412556 -0.62226593 0.56277221
vn 0.54412556 -0.62226593 0.56277221
vn 0.54412556 -0.62226593 0.56277221
vn 0.54412556 -0.62226593 0.56277221
vn 0.58954817 0.55123550 0.59040022
vn 0.58954817 0.55123550 0.59040022
vn 0.58954817 0.55123550 0.59040022
vn 0.58954817 0.55123550 0.59040022
vn 0.55215621 -0.58540219 0.59365624
vn 0.55215621 -0.58540219 0.59365624
vn 0.55215621 -0.58540219 0.59365624
vn 0.55215621 -0.58540219 0.59365624
vn 0.59163737 0.52394575 0.61273664
vn 0.59163737 0.52394575 0.61273664
vn 0.59163737 0.52394575 0.61273664
vn 0.59163737 0.52394575 0.61273664
vn 0.55276114 -0.55506289 0.62157893
vn 0.55276114 -0.55506289 0.62157893
vn 0.55276114 -0.55506289 0.62157893
vn 0.55276114 -0.55506289 0.62157893
vn 0.58844495 0.50313020 0.63292390
vn 0.58844495 0.50313020 0.63292390
vn 0.58844495 0.50313020 0.63292390
vn 0.58844495 0.50313020 0.63292390
vn 0.54789102 -0.53118199 0.64626712
vn 0.54789102 -0.53118199 0.64626712
vn 0.54789102 -0.53118199 0.64626712
vn 0.54789102 -0.53118199 0.64626712
vn 0.58142763 0.48862463 0.65052885
vn 0.58142763 0.48862463 0.65052885
vn 0.58142763 0.48862463 0.65052885
vn 0.58142763 0.48862463 0.65052885
vn 0.53902161 -0.51364130 0.66755402
vn 0.53902161 -0.51364130 0.66755402
vn 0.53902161 -0.51364130 0.66755402
vn 0.53902161 -0.51364130 0.66755402
vn -0.66253418 0.00000000 0.74903172
vn -0.66253418 0.00000000 0.74903172
vn -0.66253418 0.00000000 0.74903172
vn -0.66253418 0.00000000 0.74903172
vn 0.66253418 0.00000000 0.74903172
vn 0.66253418 0.00000000 0.74903172
vn 0.66253418 0.00000000 0.74903172
vn 0.66253418 0.00000000 0.74903172
vn -0.56195712 0.50496531 0.65514445
vn -0.56195712 0.50496531 0.65514445
vn -0.56195712 0.50496531 0.65514445
vn -0.56195712 0.50496531 0.65514445
vn -0.49353954 -0.62585449 0.60392457
vn -0.49353954 -0.62585449 0.60392457
vn -0.49353954 -0.62585449 0.60392457
vn -0.49353954 -0.62585449 0.60392457
vn -0.56760502 0.51891911 0.63917732
vn -0.56760502 0.51891911 0.63917732
vn -0.56760502 0.51891911 0.63917732
vn -0.56760502 0.51891911 0.63917732
vn -0.49699357 -0.64120501 0.58468252
vn -0.49699357 -0.64120501 0.58468252
vn -0.49699357 -0.64120501 0.58468252
vn -0.49699357 -0.64120501 0.58468252
vn -0.56937867 0.53915191 0.62058300
vn -0.56937867 0.53915191 0.62058300
vn -0.56937867 0.53915191 0.62058300
vn -0.56937867 0.53915191 0.62058300
vn -0.49553570 -0.66218191 0.56210291
vn -0.49553570 -0.66218191 0.56210291
vn -0.49553570 -0.66218191 0.56210291
vn -0.49553570 -0.66218191 0.56210291
vn -0.56588101 0.56574625 0.59975827
vn -0.56588101 0.56574625 0.59975827
vn -0.56588101 0.56574625 0.59975827
vn -0.56588101 0.56574625 0.59975827
vn -0.48793709 -0.68842000 0.53665197
vn -0.48793709 -0.68842000 0.53665197
vn -0.48793709 -0.68842000 0.53665197
vn -0.48793709 -0.68842000 0.53665197
vn -0.55526596 0.59880054 0.57716358
vn -0.55526596 0.59880054 0.57716358
vn -0.55526596 0.59880054 0.57716358
vn -0.55526596 0.59880054 0.57716358
vn -0.47271514 -0.71940506 0.50891727
vn -0.47271514 -0.71940506 0.50891727
vn -0.47271514 -0.71940506 0.50891727
vn -0.47271514 -0.71940506 0.50891727
vn -0.53516650 0.63825047 0.55338341
vn -0.53516650 0.63825047 0.55338341
vn -0.53516650 0.63825047 0.55338341
vn -0.53516650 0.63825047 0.55338341
vn -0.44819516 -0.75433123 0.47969314
vn -0.44819516 -0.75433123 0.47969314
vn -0.44819516 -0.75433123 0.47969314
vn -0.44819516 -0.75433123 0.47969314
vn -0.50266749 0.68358964 0.52917933
vn -0.50266749 0.68358964 0.52917933
vn -0.50266749 0.68358964 0.52917933
vn -0.50266749 0.68358964 0.52917933
vn -0.41265306 -0.79193950 0.45005482
vn -0.41265306 -0.79193950 0.45005482
vn -0.41265306 -0.79193950 0.45005482
vn -0.41265306 -0.79193950 0.45005482
vn -0.45443839 0.73343724 0.50552499
vn -0.45443839 0.73343724 0.50552499
vn -0.45443839 0.73343724 0.50552499
vn -0.45443839 0.73343724 0.50552499
vn -0.36457452 -0.83036244 0.42140687
vn -0.36457452 -0.83036244 0.42140687
vn -0.36457452 -0.83036244 0.42140687
vn -0.36457452 -0.83036244 0.42140687
vn -0.38720253 0.78498250 0.48360795
vn -0.38720253 0.78498250 0.48360795
vn -0.38720253 0.78498250 0.48360795
vn -0.38720253 0.78498250 0.48360795
vn -0.30305713 -0.86704057 0.39547056
vn -0.30305713 -0.86704057 0.39547056
vn -0.30305713 -0.86704057 0.39547056
vn -0.30305713 -0.86704057 0.39547056
vn -0.29879418 0.83348984 0.46477625
vn -0.29879418 0.83348984 0.46477625
vn -0.29879418 0.83348984 0.46477625
vn -0.29879418 0.83348984 0.46477625
vn -0.22832237 -0.89881176 0.37417409
vn -0.22832237 -0.89881176 0.37417409
vn -0.22832237 -0.89881176 0.37417409
vn -0.22832237 -0.89881176 0.37417409
vn -0.18981491 0.87241137 0.45040962
vn -0.18981491 0.87241137 0.45040962
vn -0.18981491 0.87241137 0.45040962
vn -0.18981491 0.87241137 0.45040962
vn -0.14219348 -0.92228127 0.35941368
vn -0.14219348 -0.92228127 0.35941368
vn -0.14219348 -0.92228127 0.35941368
vn -0.14219348 -0.92228127 0.35941368
vn -0.06526492 0.89477217 0.44172761
vn -0.06526492 0.89477217 0.44172761
vn -0.06526492 0.89477217 0.44172761
vn -0.06526492 0.89477217 0.44172761
vn -0.04830007 -0.93448585 0.35270855
vn -0.04830007 -0.93448585 0.35270855
vn -0.04830007 -0.93448585 0.35270855
vn -0.04830007 -0.93448585 0.35270855
vn 0.06534252 0.89583528 0.43955600
vn 0.06534252 0.89583528 0.43955600
vn 0.06534252 0.89583528 0.43955600
vn 0.06534252 0.89583528 0.43955600
vn 0.04825845 -0.93368053 0.35484052
vn 0.04825845 -0.93368053 0.35484052
vn 0.04825845 -0.93368053 0.35484052
vn 0.04825845 -0.93368053 0.35484052
vn 0.19048227 0.87547863 0.44413251
vn 0.19048227 0.87547863 0.44413251
vn 0.19048227 0.87547863 0.44413251
vn 0.19048227 0.87547863 0.44413251
vn 0.14182439 -0.91988742 0.36564061
vn 0.14182439 -0.91988742 0.36564061
vn 0.14182439 -0.91988742 0.36564061
vn 0.14182439 -0.91988742 0.36564061
vn 0.30049825 0.83824360 0.45502588
vn 0.30049825 0.83824360 0.45502588
vn 0.30049825 0.83824360 0.45502588
vn 0.30049825 0.83824360 0.45502588
vn 0.22732905 -0.89490139 0.38402221
vn 0.22732905 -0.89490139 0.38402221
vn 0.22732905 -0.89490139 0.38402221
vn 0.22732905 -0.89490139 0.38402221
vn 0.39017910 0.79101694 0.47122452
vn 0.39017910 0.79101694 0.47122452
vn 0.39017910 0.79101694 0.47122452
vn 0.39017910 0.79101694 0.47122452
vn 0.30120522 -0.86174226 0.40825936
vn 0.30120522 -0.86174226 0.40825936
vn 0.30120522 -0.86174226 0.40825936
vn 0.30120522 -0.86174226 0.40825936
vn 0.45872664 0.74035823 0.49136508
vn 0.45872664 0.74035823 0.49136508
vn 0.45872664 0.74035823 0.49136508
vn 0.45872664 0.74035823 0.49136508
vn 0.36171916 -0.82385898 0.43636653
vn 0.36171916 -0.82385898 0.43636653
vn 0.36171916 -0.82385898 0.43636653
vn 0.36171916 -0.82385898 0.43636653
vn 0.50816619 0.69106740 0.51399720
vn 0.50816619 0.69106740 0.51399720
vn 0.50816619 0.69106740 0.51399720
vn 0.50816619 0.69106740 0.51399720
vn 0.40875083 -0.78445053 0.46643355
vn 0.40875083 -0.78445053 0.46643355
vn 0.40875083 -0.78445053 0.46643355
vn 0.40875083 -0.78445053 0.46643355
vn 0.54169416 0.64603531 0.53777874
vn 0.54169416 0.64603531 0.53777874
vn 0.54169416 0.64603531 0.53777874
vn 0.54169416 0.64603531 0.53777874
vn 0.44329751 -0.74608827 0.49682972
vn 0.44329751 -0.74608827 0.49682972
vn 0.44329751 -0.74608827 0.49682972
vn 0.44329751 -0.74608827 0.49682972
vn 0.56260675 0.60671687 0.56157666
vn 0.56260675 0.60671687 0.56157666
vn 0.56260675 0.60671687 0.56157666
vn 0.56260675 0.60671687 0.56157666
vn 0.46694702 -0.71062672 0.52627969
vn 0.46694702 -0.71062672 0.52627969
vn 0.46694702 -0.71062672 0.52627969
vn 0.46694702 -0.71062672 0.52627969
vn 0.57381606 0.57367945 0.58448869
vn 0.57381606 0.57367945 0.58448869
vn 0.57381606 0.57367945 0.58448869
vn 0.57381606 0.57367945 0.58448869
vn 0.48147011 -0.67929590 0.55384457
vn 0.48147011 -0.67929590 0.55384457
vn 0.48147011 -0.67929590 0.55384457
vn 0.48147011 -0.67929590 0.55384457
vn 0.57770312 0.54703438 0.60581559
vn 0.57770312 0.54703438 0.60581559
vn 0.57770312 0.54703438 0.60581559
vn 0.57770312 0.54703438 0.60581559
vn 0.48856267 -0.65286380 0.57885695
vn 0.48856267 -0.65286380 0.57885695
vn 0.48856267 -0.65286380 0.57885695
vn 0.48856267 -0.65286380 0.57885695
vn 0.57613587 0.52671826 0.62500834
vn 0.57613587 0.52671826 0.62500834
vn 0.57613587 0.52671826 0.62500834
vn 0.57613587 0.52671826 0.62500834
vn 0.48970991 -0.63180792 0.60083532
vn 0.48970991 -0.63180792 0.60083532
vn 0.48970991 -0.63180792 0.60083532
vn 0.48970991 -0.63180792 0.60083532
vn 0.57053632 0.51267451 0.64160204
vn 0.57053632 0.51267451 0.64160204
vn 0.57053632 0.51267451 0.64160204
vn 0.57053632 0.51267451 0.64160204
vn 0.48613057 -0.61645919 0.61939913
vn 0.48613057 -0.61645919 0.61939913
vn 0.48613057 -0.61645919 0.61939913
vn 0.48613057 -0.61645919 0.61939913
vn -0.66253459 0.00000000 0.74903136
vn -0.66253459 0.00000000 0.74903136
vn -0.66253459 0.00000000 0.74903136
vn -0.66253459 0.00000000 0.74903136
vn 0.66253459 0.00000000 0.74903136
vn 0.66253459 0.00000000 0.74903136
vn 0.66253459 0.00000000 0.74903136
vn 0.66253459 0.00000000 0.74903136
vn -0.71723956 0.64084464 0.27365255
vn -0.71723956 0.64084464 0.27365255
vn -0.71723956 0.64084464 0.27365255
vn -0.71723956 0.64084464 0.27365255
vn -0.56852651 -0.77784169 0.26784340
vn -0.56852651 -0.77784169 0.26784340
vn -0.56852651 -0.77784169 0.26784340
vn -0.56852651 -0.77784169 0.26784340
vn -0.71158457 0.64685965 0.27426279
vn -0.71158457 0.64685965 0.27426279
vn -0.71158457 0.64685965 0.27426279
vn -0.71158457 0.64685965 0.27426279
vn -0.56211561 -0.78245836 0.26792726
vn -0.56211561 -0.78245836 0.26792726
vn -0.56211561 -0.78245836 0.26792726
vn -0.56211561 -0.78245836 0.26792726
vn -0.70017469 0.65924376 0.27414045
vn -0.70017469 0.65924376 0.27414045
vn -0.70017469 0.65924376 0.27414045
vn -0.70017469 0.65924376 0.27414045
vn -0.54924452 -0.79187703 0.26694822
vn -0.54924452 -0.79187703 0.26694822
vn -0.54924452 -0.79187703 0.26694822
vn -0.54924452 -0.79187703 0.26694822
vn -0.68209481 0.67806548 0.27381361
vn -0.68209481 0.67806548 0.27381361
vn -0.68209481 0.67806548 0.27381361
vn -0.68209481 0.67806548 0.27381361
vn -0.52937990 -0.80583519 0.26530457
vn -0.52937990 -0.80583519 0.26530457
vn -0.52937990 -0.80583519 0.26530457
vn -0.52937990 -0.80583519 0.26530457
vn -0.65597385 0.70339227 0.27374732
vn -0.65597385 0.70339227 0.27374732
vn -0.65597385 0.70339227 0.27374732
vn -0.65597385 0.70339227 0.27374732
vn -0.50179476 -0.82392818 0.26333353
vn -0.50179476 -0.82392818 0.26333353
vn -0.50179476 -0.82392818 0.26333353
vn -0.50179476 -0.82392818 0.26333353
vn -0.61992323 0.73514062 0.27434206
vn -0.61992323 0.73514062 0.27434206
vn -0.61992323 0.73514062 0.27434206
vn -0.61992323 0.73514062 0.27434206
vn -0.46562895 -0.84552050 0.26131383
vn -0.46562895 -0.84552050 0.26131383
vn -0.46562895 -0.84552050 0.26131383
vn -0.46562895 -0.84552050 0.26131383
vn -0.57152063 0.77281570 0.27589884
vn -0.57152063 0.77281570 0.27589884
vn -0.57152063 0.77281570 0.27589884
vn -0.57152063 0.77281570 0.27589884
vn -0.41999638 -0.86964536 0.25946099
vn -0.41999638 -0.86964536 0.25946099
vn -0.41999638 -0.86964536 0.25946099
vn -0.41999638 -0.86964536 0.25946099
vn -0.50792742 0.81511784 0.27855447
vn -0.50792742 0.81511784 0.27855447
vn -0.50792742 0.81511784 0.27855447
vn -0.50792742 0.81511784 0.27855447
vn -0.36417228 -0.89490575 0.25791907
vn -0.36417228 -0.89490575 0.25791907
vn -0.36417228 -0.89490575 0.25791907
vn -0.36417228 -0.89490575 0.25791907
vn -0.42634004 0.85942423 0.28217748
vn -0.42634004 0.85942423 0.28217748
vn -0.42634004 0.85942423 0.28217748
vn -0.42634004 0.85942423 0.28217748
vn -0.29786214 -0.91943210 0.25675413
vn -0.29786214 -0.91943210 0.25675413
vn -0.29786214 -0.91943210 0.25675413
vn -0.29786214 -0.91943210 0.25675413
vn -0.32496592 0.90135694 0.28627399
vn -0.32496592 0.90135694 0.28627399
vn -0.32496592 0.90135694 0.28627399
vn -0.32496592 0.90135694 0.28627399
vn -0.22154468 -0.94095957 0.25595534
vn -0.22154468 -0.94095957 0.25595534
vn -0.22154468 -0.94095957 0.25595534
vn -0.22154468 -0.94095957 0.25595534
vn -0.20457412 0.93491244 0.28997958
vn -0.20457412 0.93491244 0.28997958
vn -0.20457412 0.93491244 0.28997958
vn -0.20457412 0.93491244 0.28997958
vn -0.13676728 -0.95709848 0.25545475
vn -0.13676728 -0.95709848 0.25545475
vn -0.13676728 -0.95709848 0.25545475
vn -0.13676728 -0.95709848 0.25545475
vn -0.06996515 0.95376903 0.29228356
vn -0.06996515 0.95376903 0.29228356
vn -0.06996515 0.95376903 0.29228356
vn -0.06996515 0.95376903 0.29228356
vn -0.04626703 -0.96578950 0.25516665
vn -0.04626703 -0.96578950 0.25516665
vn -0.04626703 -0.96578950 0.25516665
vn -0.04626703 -0.96578950 0.25516665
vn 0.06996095 0.95371169 0.29247141
vn 0.06996095 0.95371169 0.29247141
vn 0.06996095 0.95371169 0.29247141
vn 0.06996095 0.95371169 0.29247141
vn 0.04626871 -0.96582437 0.25503433
vn 0.04626871 -0.96582437 0.25503433
vn 0.04626871 -0.96582437 0.25503433
vn 0.04626871 -0.96582437 0.25503433
vn 0.20453845 0.93474948 0.29052964
vn 0.20453845 0.93474948 0.29052964
vn 0.20453845 0.93474948 0.29052964
vn 0.20453845 0.93474948 0.29052964
vn 0.13678193 -0.95720083 0.25506368
vn 0.13678193 -0.95720083 0.25506368
vn 0.13678193 -0.95720083 0.25506368
vn 0.13678193 -0.95720083 0.25506368
vn 0.32487705 0.90111059 0.28714919
vn 0.32487705 0.90111059 0.28714919
vn 0.32487705 0.90111059 0.28714919
vn 0.32487705 0.90111059 0.28714919
vn 0.22158310 -0.94112265 0.25532174
vn 0.22158310 -0.94112265 0.25532174
vn 0.22158310 -0.94112265 0.25532174
vn 0.22158310 -0.94112265 0.25532174
vn 0.42618924 0.85912025 0.28332889
vn 0.42618924 0.85912025 0.28332889
vn 0.42618924 0.85912025 0.28332889
vn 0.42618924 0.85912025 0.28332889
vn 0.29793176 -0.91964698 0.25590238
vn 0.29793176 -0.91964698 0.25590238
vn 0.29793176 -0.91964698 0.25590238
vn 0.29793176 -0.91964698 0.25590238
vn 0.50771618 0.81477880 0.27992851
vn 0.50771618 0.81477880 0.27992851
vn 0.50771618 0.81477880 0.27992851
vn 0.50771618 0.81477880 0.27992851
vn 0.36427677 -0.89516258 0.25687853
vn 0.36427677 -0.89516258 0.25687853
vn 0.36427677 -0.89516258 0.25687853
vn 0.36427677 -0.89516258 0.25687853
vn 0.57125533 0.77245712 0.27744809
vn 0.57125533 0.77245712 0.27744809
vn 0.57125533 0.77245712 0.27744809
vn 0.57125533 0.77245712 0.27744809
vn 0.42013615 -0.86993480 0.25826171
vn 0.42013615 -0.86993480 0.25826171
vn 0.42013615 -0.86993480 0.25826171
vn 0.42013615 -0.86993480 0.25826171
vn 0.61961299 0.73477268 0.27602339
vn 0.61961299 0.73477268 0.27602339
vn 0.61961299 0.73477268 0.27602339
vn 0.61961299 0.73477268 0.27602339
vn 0.46580184 -0.84583449 0.25998580
vn 0.46580184 -0.84583449 0.25998580
vn 0.46580184 -0.84583449 0.25998580
vn 0.46580184 -0.84583449 0.25998580
vn 0.65562719 0.70302051 0.27552724
vn 0.65562719 0.70302051 0.27552724
vn 0.65562719 0.70302051 0.27552724
vn 0.65562719 0.70302051 0.27552724
vn 0.50199705 -0.82426053 0.26190394
vn 0.50199705 -0.82426053 0.26190394
vn 0.50199705 -0.82426053 0.26190394
vn 0.50199705 -0.82426053 0.26190394
vn 0.68171990 0.67769277 0.27566397
vn 0.68171990 0.67769277 0.27566397
vn 0.68171990 0.67769277 0.27566397
vn 0.68171990 0.67769277 0.27566397
vn 0.52960688 -0.80618072 0.26379782
vn 0.52960688 -0.80618072 0.26379782
vn 0.52960688 -0.80618072 0.26379782
vn 0.52960688 -0.80618072 0.26379782
vn 0.69977909 0.65887123 0.27603999
vn 0.69977909 0.65887123 0.27603999
vn 0.69977909 0.65887123 0.27603999
vn 0.69977909 0.65887123 0.27603999
vn 0.54949033 -0.79223144 0.26538610
vn 0.54949033 -0.79223144 0.26538610
vn 0.54949033 -0.79223144 0.26538610
vn 0.54949033 -0.79223144 0.26538610
vn 0.71117574 0.64648795 0.27619284
vn 0.71117574 0.64648795 0.27619284
vn 0.71117574 0.64648795 0.27619284
vn 0.71117574 0.64648795 0.27619284
vn 0.56237406 -0.78281796 0.26632982
vn 0.56237406 -0.78281796 0.26632982
vn 0.56237406 -0.78281796 0.26632982
vn 0.56237406 -0.78281796 0.26632982
vn 0.71682513 0.64047432 0.27559853
vn 0.71682513 0.64047432 0.27559853
vn 0.71682513 0.64047432 0.27559853
vn 0.71682513 0.64047432 0.27559853
vn 0.56879061 -0.77820313 0.26622748
vn 0.56879061 -0.77820313 0.26622748
vn 0.56879061 -0.77820313 0.26622748
vn 0.56879061 -0.77820313 0.26622748
vn -0.94100261 0.00000000 0.33839914
vn -0.94100261 0.00000000 0.33839914
vn -0.94100261 0.00000000 0.33839914
vn -0.94100261 0.00000000 0.33839914
vn 0.94100261 0.00000000 0.33839914
vn 0.94100261 0.00000000 0.33839914
vn 0.94100261 0.00000000 0.33839914
vn 0.94100261 0.00000000 0.33839914
vn -0.72060835 0.63657761 0.27475929
vn -0.72060835 0.63657761 0.27475929
vn -0.72060835 0.63657761 0.27475929
vn -0.72060835 0.63657761 0.27475929
vn -0.57051080 -0.77621943 0.26832965
vn -0.57051080 -0.77621943 0.26832965
vn -0.57051080 -0.77621943 0.26832965
vn -0.57051080 -0.77621943 0.26832965
vn -0.71504343 0.64265698 0.27514514
vn -0.71504343 0.64265698 0.27514514
vn -0.71504343 0.64265698 0.27514514
vn -0.71504343 0.64265698 0.27514514
vn -0.56411624 -0.78088015 0.26832625
vn -0.56411624 -0.78088015 0.26832625
vn -0.56411624 -0.78088015 0.26832625
vn -0.56411624 -0.78088015 0.26832625
vn -0.70376116 0.65513158 0.27481410
vn -0.70376116 0.65513158 0.27481410
vn -0.70376116 0.65513158 0.27481410
vn -0.70376116 0.65513158 0.27481410
vn -0.55126107 -0.79036731 0.26726532
vn -0.55126107 -0.79036731 0.26726532
vn -0.55126107 -0.79036731 0.26726532
vn -0.55126107 -0.79036731 0.26726532
vn -0.68583930 0.67408204 0.27429536
vn -0.68583930 0.67408204 0.27429536
vn -0.68583930 0.67408204 0.27429536
vn -0.68583930 0.67408204 0.27429536
vn -0.53140438 -0.80442178 0.26554668
vn -0.53140438 -0.80442178 0.26554668
vn -0.53140438 -0.80442178 0.26554668
vn -0.53140438 -0.80442178 0.26554668
vn -0.65989208 0.69959617 0.27405798
vn -0.65989208 0.69959617 0.27405798
vn -0.65989208 0.69959617 0.27405798
vn -0.65989208 0.69959617 0.27405798
vn -0.50381017 -0.82264107 0.26350915
vn -0.50381017 -0.82264107 0.26350915
vn -0.50381017 -0.82264107 0.26350915
vn -0.50381017 -0.82264107 0.26350915
vn -0.62400520 0.73161715 0.27450675
vn -0.62400520 0.73161715 0.27450675
vn -0.62400520 0.73161715 0.27450675
vn -0.62400520 0.73161715 0.27450675
vn -0.46760559 -0.84439224 0.26143217
vn -0.46760559 -0.84439224 0.26143217
vn -0.46760559 -0.84439224 0.26143217
vn -0.46760559 -0.84439224 0.26143217
vn -0.57570970 0.76968169 0.27595022
vn -0.57570970 0.76968169 0.27595022
vn -0.57570970 0.76968169 0.27595022
vn -0.57570970 0.76968169 0.27595022
vn -0.42188811 -0.86870790 0.25953236
vn -0.42188811 -0.86870790 0.25953236
vn -0.42188811 -0.86870790 0.25953236
vn -0.42188811 -0.86870790 0.25953236
vn -0.51209319 0.81251490 0.27853203
vn -0.51209319 0.81251490 0.27853203
vn -0.51209319 0.81251490 0.27853203
vn -0.51209319 0.81251490 0.27853203
vn -0.36591229 -0.89418542 0.25795484
vn -0.36591229 -0.89418542 0.25795484
vn -0.36591229 -0.89418542 0.25795484
vn -0.36591229 -0.89418542 0.25795484
vn -0.43024474 0.85749292 0.28212655
vn -0.43024474 0.85749292 0.28212655
vn -0.43024474 0.85749292 0.28212655
vn -0.43024474 0.85749292 0.28212655
vn -0.29936659 -0.91894007 0.25676593
vn -0.29936659 -0.91894007 0.25676593
vn -0.29936659 -0.91894007 0.25676593
vn -0.29936659 -0.91894007 0.25676593
vn -0.32825130 0.90017867 0.28623343
vn -0.32825130 0.90017867 0.28623343
vn -0.32825130 0.90017867 0.28623343
vn -0.32825130 0.90017867 0.28623343
vn -0.22271711 -0.94068313 0.25595379
vn -0.22271711 -0.94068313 0.25595379
vn -0.22271711 -0.94068313 0.25595379
vn -0.22271711 -0.94068313 0.25595379
vn -0.20680462 0.93442488 0.28996897
vn -0.20680462 0.93442488 0.28996897
vn -0.20680462 0.93442488 0.28996897
vn -0.20680462 0.93442488 0.28996897
vn -0.13751613 -0.95699263 0.25544915
vn -0.13751613 -0.95699263 0.25544915
vn -0.13751613 -0.95699263 0.25544915
vn -0.13751613 -0.95699263 0.25544915
vn -0.07076059 0.95370859 0.29228914
vn -0.07076059 0.95370859 0.29228914
vn -0.07076059 0.95370859 0.29228914
vn -0.07076059 0.95370859 0.29228914
vn -0.04652488 -0.96577805 0.25516331
vn -0.04652488 -0.96577805 0.25516331
vn -0.04652488 -0.96577805 0.25516331
vn -0.04652488 -0.96577805 0.25516331
vn 0.07075683 0.95365798 0.29245502
vn 0.07075683 0.95365798 0.29245502
vn 0.07075683 0.95365798 0.29245502
vn 0.07075683 0.95365798 0.29245502
vn 0.04652647 -0.96581095 0.25503826
vn 0.04652647 -0.96581095 0.25503826
vn 0.04652647 -0.96581095 0.25503826
vn 0.04652647 -0.96581095 0.25503826
vn 0.20677282 0.93428111 0.29045424
vn 0.20677282 0.93428111 0.29045424
vn 0.20677282 0.93428111 0.29045424
vn 0.20677282 0.93428111 0.29045424
vn 0.13753003 -0.95708936 0.25507927
vn 0.13753003 -0.95708936 0.25507927
vn 0.13753003 -0.95708936 0.25507927
vn 0.13753003 -0.95708936 0.25507927
vn 0.32817221 0.89996159 0.28700572
vn 0.32817221 0.89996159 0.28700572
vn 0.32817221 0.89996159 0.28700572
vn 0.32817221 0.89996159 0.28700572
vn 0.22275358 -0.94083714 0.25535515
vn 0.22275358 -0.94083714 0.25535515
vn 0.22275358 -0.94083714 0.25535515
vn 0.22275358 -0.94083714 0.25535515
vn 0.43011063 0.85722566 0.28314123
vn 0.43011063 0.85722566 0.28314123
vn 0.43011063 0.85722566 0.28314123
vn 0.43011063 0.85722566 0.28314123
vn 0.29943272 -0.91914296 0.25596136
vn 0.29943272 -0.91914296 0.25596136
vn 0.29943272 -0.91914296 0.25596136
vn 0.29943272 -0.91914296 0.25596136
vn 0.51190561 0.81221735 0.27974224
vn 0.51190561 0.81221735 0.27974224
vn 0.51190561 0.81221735 0.27974224
vn 0.51190561 0.81221735 0.27974224
vn 0.36601147 -0.89442778 0.25697213
vn 0.36601147 -0.89442778 0.25697213
vn 0.36601147 -0.89442778 0.25697213
vn 0.36601147 -0.89442778 0.25697213
vn 0.57547468 0.76936758 0.27731276
vn 0.57547468 0.76936758 0.27731276
vn 0.57547468 0.76936758 0.27731276
vn 0.57547468 0.76936758 0.27731276
vn 0.42202067 -0.86898088 0.25840014
vn 0.42202067 -0.86898088 0.25840014
vn 0.42202067 -0.86898088 0.25840014
vn 0.42202067 -0.86898088 0.25840014
vn 0.62373054 0.73129517 0.27598494
vn 0.62373054 0.73129517 0.27598494
vn 0.62373054 0.73129517 0.27598494
vn 0.62373054 0.73129517 0.27598494
vn 0.46776968 -0.84468853 0.26017848
vn 0.46776968 -0.84468853 0.26017848
vn 0.46776968 -0.84468853 0.26017848
vn 0.46776968 -0.84468853 0.26017848
vn 0.65958536 0.69927108 0.27562150
vn 0.65958536 0.69927108 0.27562150
vn 0.65958536 0.69927108 0.27562150
vn 0.65958536 0.69927108 0.27562150
vn 0.50400209 -0.82295454 0.26215985
vn 0.50400209 -0.82295454 0.26215985
vn 0.50400209 -0.82295454 0.26215985
vn 0.50400209 -0.82295454 0.26215985
vn 0.68550777 0.67375612 0.27592009
vn 0.68550777 0.67375612 0.27592009
vn 0.68550777 0.67375612 0.27592009
vn 0.68550777 0.67375612 0.27592009
vn 0.53161955 -0.80474752 0.26412532
vn 0.53161955 -0.80474752 0.26412532
vn 0.53161955 -0.80474752 0.26412532
vn 0.53161955 -0.80474752 0.26412532
vn 0.70341140 0.65480596 0.27648070
vn 0.70341140 0.65480596 0.27648070
vn 0.70341140 0.65480596 0.27648070
vn 0.70341140 0.65480596 0.27648070
vn 0.55149412 -0.79070139 0.26579225
vn 0.55149412 -0.79070139 0.26579225
vn 0.55149412 -0.79070139 0.26579225
vn 0.55149412 -0.79070139 0.26579225
vn 0.71468198 0.64233202 0.27683818
vn 0.71468198 0.64233202 0.27683818
vn 0.71468198 0.64233202 0.27683818
vn 0.71468198 0.64233202 0.27683818
vn 0.56436127 -0.78121936 0.26681948
vn 0.56436127 -0.78121936 0.26681948
vn 0.56436127 -0.78121936 0.26681948
vn 0.56436127 -0.78121936 0.26681948
vn 0.72024173 0.63625365 0.27646580
vn 0.72024173 0.63625365 0.27646580
vn 0.72024173 0.63625365 0.27646580
vn 0.72024173 0.63625365 0.27646580
vn 0.57076138 -0.77656037 0.26680601
vn 0.57076138 -0.77656037 0.26680601
vn 0.57076138 -0.77656037 0.26680601
vn 0.57076138 -0.77656037 0.26680601
vn -0.94100273 0.00000000 0.33839914
vn -0.94100273 0.00000000 0.33839914
vn -0.94100273 0.00000000 0.33839914
vn -0.94100273 0.00000000 0.33839914
vn 0.94100273 0.00000000 0.33839914
vn 0.94100273 0.00000000 0.33839914
vn 0.94100273 0.00000000 0.33839914
vn 0.94100273 0.00000000 0.33839914
vn -0.72322601 0.63322872 0.27561861
vn -0.72322601 0.63322872 0.27561861
vn -0.72322601 0.63322872 0.27561861
vn -0.72322601 0.63322872 0.27561861
vn -0.57447386 -0.77295405 0.26929873
vn -0.57447386 -0.77295405 0.26929873
vn -0.57447386 -0.77295405 0.26929873
vn -0.57447386 -0.77295405 0.26929873
vn -0.71773213 0.63935816 0.27582932
vn -0.71773213 0.63935816 0.27582932
vn -0.71773213 0.63935816 0.27582932
vn -0.71773213 0.63935816 0.27582932
vn -0.56811404 -0.77770227 0.26912022
vn -0.56811404 -0.77770227 0.26912022
vn -0.56811404 -0.77770227 0.26912022
vn -0.56811404 -0.77770227 0.26912022
vn -0.70655185 0.65190107 0.27533525
vn -0.70655185 0.65190107 0.27533525
vn -0.70655185 0.65190107 0.27533525
vn -0.70655185 0.65190107 0.27533525
vn -0.55529082 -0.78732699 0.26789623
vn -0.55529082 -0.78732699 0.26789623
vn -0.55529082 -0.78732699 0.26789623
vn -0.55529082 -0.78732699 0.26789623
vn -0.68875575 0.67094976 0.27466708
vn -0.68875575 0.67094976 0.27466708
vn -0.68875575 0.67094976 0.27466708
vn -0.68875575 0.67094976 0.27466708
vn -0.53545308 -0.80157280 0.26602840
vn -0.53545308 -0.80157280 0.26602840
vn -0.53545308 -0.80157280 0.26602840
vn -0.53545308 -0.80157280 0.26602840
vn -0.66294718 0.69660801 0.27429581
vn -0.66294718 0.69660801 0.27429581
vn -0.66294718 0.69660801 0.27429581
vn -0.66294718 0.69660801 0.27429581
vn -0.50784540 -0.82004416 0.26385757
vn -0.50784540 -0.82004416 0.26385757
vn -0.50784540 -0.82004416 0.26385757
vn -0.50784540 -0.82004416 0.26385757
vn -0.62719315 0.72883946 0.27463031
vn -0.62719315 0.72883946 0.27463031
vn -0.62719315 0.72883946 0.27463031
vn -0.62719315 0.72883946 0.27463031
vn -0.47156721 -0.84211349 0.26166603
vn -0.47156721 -0.84211349 0.26166603
vn -0.47156721 -0.84211349 0.26166603
vn -0.47156721 -0.84211349 0.26166603
vn -0.57898796 0.76720613 0.27598497
vn -0.57898796 0.76720613 0.27598497
vn -0.57898796 0.76720613 0.27598497
vn -0.57898796 0.76720613 0.27598497
vn -0.42568272 -0.86681265 0.25967285
vn -0.42568272 -0.86681265 0.25967285
vn -0.42568272 -0.86681265 0.25967285
vn -0.42568272 -0.86681265 0.25967285
vn -0.51536131 0.81045365 0.27850965
vn -0.51536131 0.81045365 0.27850965
vn -0.51536131 0.81045365 0.27850965
vn -0.51536131 0.81045365 0.27850965
vn -0.36940700 -0.89272708 0.25802505
vn -0.36940700 -0.89272708 0.25802505
vn -0.36940700 -0.89272708 0.25802505
vn -0.36940700 -0.89272708 0.25802505
vn -0.43331489 0.85596007 0.28208256
vn -0.43331489 0.85596007 0.28208256
vn -0.43331489 0.85596007 0.28208256
vn -0.43331489 0.85596007 0.28208256
vn -0.30239153 -0.91794270 0.25678879
vn -0.30239153 -0.91794270 0.25678879
vn -0.30239153 -0.91794270 0.25678879
vn -0.30239153 -0.91794270 0.25678879
vn -0.33084109 0.89924097 0.28619885
vn -0.33084109 0.89924097 0.28619885
vn -0.33084109 0.89924097 0.28619885
vn -0.33084109 0.89924097 0.28619885
vn -0.22507696 -0.94012207 0.25595093
vn -0.22507696 -0.94012207 0.25595093
vn -0.22507696 -0.94012207 0.25595093
vn -0.22507696 -0.94012207 0.25595093
vn -0.20856646 0.93403625 0.28995904
vn -0.20856646 0.93403625 0.28995904
vn -0.20856646 0.93403625 0.28995904
vn -0.20856646 0.93403625 0.28995904
vn -0.13902578 -0.95677763 0.25543812
vn -0.13902578 -0.95677763 0.25543812
vn -0.13902578 -0.95677763 0.25543812
vn -0.13902578 -0.95677763 0.25543812
vn -0.07138973 0.95366037 0.29229331
vn -0.07138973 0.95366037 0.29229331
vn -0.07138973 0.95366037 0.29229331
vn -0.07138973 0.95366037 0.29229331
vn -0.04704452 -0.96575439 0.25515741
vn -0.04704452 -0.96575439 0.25515741
vn -0.04704452 -0.96575439 0.25515741
vn -0.04704452 -0.96575439 0.25515741
vn 0.07138627 0.95361507 0.29244193
vn 0.07138627 0.95361507 0.29244193
vn 0.07138627 0.95361507 0.29244193
vn 0.07138627 0.95361507 0.29244193
vn 0.04704594 -0.96578354 0.25504681
vn 0.04704594 -0.96578354 0.25504681
vn 0.04704594 -0.96578354 0.25504681
vn 0.04704594 -0.96578354 0.25504681
vn 0.20853780 0.93390769 0.29039362
vn 0.20853780 0.93390769 0.29039362
vn 0.20853780 0.93390769 0.29039362
vn 0.20853780 0.93390769 0.29039362
vn 0.13903815 -0.95686287 0.25511160
vn 0.13903815 -0.95686287 0.25511160
vn 0.13903815 -0.95686287 0.25511160
vn 0.13903815 -0.95686287 0.25511160
vn 0.33076984 0.89904708 0.28688979
vn 0.33076984 0.89904708 0.28688979
vn 0.33076984 0.89904708 0.28688979
vn 0.33076984 0.89904708 0.28688979
vn 0.22510952 -0.94025797 0.25542244
vn 0.22510952 -0.94025797 0.25542244
vn 0.22510952 -0.94025797 0.25542244
vn 0.22510952 -0.94025797 0.25542244
vn 0.43319425 0.85572171 0.28298953
vn 0.43319425 0.85572171 0.28298953
vn 0.43319425 0.85572171 0.28298953
vn 0.43319425 0.85572171 0.28298953
vn 0.30245045 -0.91812164 0.25607902
vn 0.30245045 -0.91812164 0.25607902
vn 0.30245045 -0.91812164 0.25607902
vn 0.30245045 -0.91812164 0.25607902
vn 0.51519263 0.81018865 0.27959085
vn 0.51519263 0.81018865 0.27959085
vn 0.51519263 0.81018865 0.27959085
vn 0.51519263 0.81018865 0.27959085
vn 0.36949539 -0.89294052 0.25715831
vn 0.36949539 -0.89294052 0.25715831
vn 0.36949539 -0.89294052 0.25715831
vn 0.36949539 -0.89294052 0.25715831
vn 0.57877702 0.76692671 0.27720127
vn 0.57877702 0.76692671 0.27720127
vn 0.57877702 0.76692671 0.27720127
vn 0.57877702 0.76692671 0.27720127
vn 0.42580077 -0.86705303 0.25867510
vn 0.42580077 -0.86705303 0.25867510
vn 0.42580077 -0.86705303 0.25867510
vn 0.42580077 -0.86705303 0.25867510
vn 0.62694693 0.72855324 0.27594888
vn 0.62694693 0.72855324 0.27594888
vn 0.62694693 0.72855324 0.27594888
vn 0.62694693 0.72855324 0.27594888
vn 0.47171316 -0.84237421 0.26056185
vn 0.47171316 -0.84237421 0.26056185
vn 0.47171316 -0.84237421 0.26056185
vn 0.47171316 -0.84237421 0.26056185
vn 0.66267240 0.69631928 0.27568984
vn 0.66267240 0.69631928 0.27568984
vn 0.66267240 0.69631928 0.27568984
vn 0.66267240 0.69631928 0.27568984
vn 0.50801593 -0.82031959 0.26267001
vn 0.50801593 -0.82031959 0.26267001
vn 0.50801593 -0.82031959 0.26267001
vn 0.50801593 -0.82031959 0.26267001
vn 0.68845862 0.67066032 0.27611512
vn 0.68845862 0.67066032 0.27611512
vn 0.68845862 0.67066032 0.27611512
vn 0.68845862 0.67066032 0.27611512
vn 0.53564429 -0.80185908 0.26477769
vn 0.53564429 -0.80185908 0.26477769
vn 0.53564429 -0.80185908 0.26477769
vn 0.53564429 -0.80185908 0.26477769
vn 0.70623839 0.65161192 0.27682009
vn 0.70623839 0.65161192 0.27682009
vn 0.70623839 0.65161192 0.27682009
vn 0.70623839 0.65161192 0.27682009
vn 0.55549794 -0.78762072 0.26660037
vn 0.55549794 -0.78762072 0.26660037
vn 0.55549794 -0.78762072 0.26660037
vn 0.55549794 -0.78762072 0.26660037
vn 0.71740812 0.63906950 0.27733684
vn 0.71740812 0.63906950 0.27733684
vn 0.71740812 0.63906950 0.27733684
vn 0.71740812 0.63906950 0.27733684
vn 0.56833172 -0.77800030 0.26779577
vn 0.56833172 -0.77800030 0.26779577
vn 0.56833172 -0.77800030 0.26779577
vn 0.56833172 -0.77800030 0.26779577
vn 0.72289723 0.63294089 0.27713823
vn 0.72289723 0.63294089 0.27713823
vn 0.72289723 0.63294089 0.27713823
vn 0.72289723 0.63294089 0.27713823
vn 0.57469672 -0.77325386 0.26795921
vn 0.57469672 -0.77325386 0.26795921
vn 0.57469672 -0.77325386 0.26795921
vn 0.57469672 -0.77325386 0.26795921
vn -0.94100261 0.00000000 0.33839926
vn -0.94100261 0.00000000 0.33839926
vn -0.94100261 0.00000000 0.33839926
vn -0.94100261 0.00000000 0.33839926
vn 0.94100261 0.00000000 0.33839926
vn 0.94100261 0.00000000 0.33839926
vn 0.94100261 0.00000000 0.33839926
vn 0.94100261 0.00000000 0.33839926
vn -0.72414678 0.63204384 0.27592027
vn -0.72414678 0.63204384 0.27592027
vn -0.72414678 0.63204384 0.27592027
vn -0.72414678 0.63204384 0.27592027
vn -0.57757443 -0.77037567 0.27005371
vn -0.57757443 -0.77037567 0.27005371
vn -0.57757443 -0.77037567 0.27005371
vn -0.57757443 -0.77037567 0.27005371
vn -0.71867865 0.63819045 0.27606916
vn -0.71867865 0.63819045 0.27606916
vn -0.71867865 0.63819045 0.27606916
vn -0.71867865 0.63819045 0.27606916
vn -0.57124162 -0.77519292 0.26973853
vn -0.57124162 -0.77519292 0.26973853
vn -0.57124162 -0.77519292 0.26973853
vn -0.57124162 -0.77519292 0.26973853
vn -0.70753402 0.65075755 0.27551806
vn -0.70753402 0.65075755 0.27551806
vn -0.70753402 0.65075755 0.27551806
vn -0.70753402 0.65075755 0.27551806
vn -0.55844700 -0.78492403 0.26838648
vn -0.55844700 -0.78492403 0.26838648
vn -0.55844700 -0.78492403 0.26838648
vn -0.55844700 -0.78492403 0.26838648
vn -0.68978304 0.66984034 0.27479687
vn -0.68978304 0.66984034 0.27479687
vn -0.68978304 0.66984034 0.27479687
vn -0.68978304 0.66984034 0.27479687
vn -0.53862625 -0.79931968 0.26640174
vn -0.53862625 -0.79931968 0.26640174
vn -0.53862625 -0.79931968 0.26640174
vn -0.53862625 -0.79931968 0.26640174
vn -0.66402459 0.69554871 0.27437830
vn -0.66402459 0.69554871 0.27437830
vn -0.66402459 0.69554871 0.27437830
vn -0.66402459 0.69554871 0.27437830
vn -0.51101041 -0.81798857 0.26412705
vn -0.51101041 -0.81798857 0.26412705
vn -0.51101041 -0.81798857 0.26412705
vn -0.51101041 -0.81798857 0.26412705
vn -0.62831837 0.72785372 0.27467275
vn -0.62831837 0.72785372 0.27467275
vn -0.62831837 0.72785372 0.27467275
vn -0.62831837 0.72785372 0.27467275
vn -0.47467887 -0.84030747 0.26184604
vn -0.47467887 -0.84030747 0.26184604
vn -0.47467887 -0.84030747 0.26184604
vn -0.47467887 -0.84030747 0.26184604
vn -0.58014619 0.76632655 0.27599642
vn -0.58014619 0.76632655 0.27599642
vn -0.58014619 0.76632655 0.27599642
vn -0.58014619 0.76632655 0.27599642
vn -0.42866719 -0.86530852 0.25977996
vn -0.42866719 -0.86530852 0.25977996
vn -0.42866719 -0.86530852 0.25977996
vn -0.42866719 -0.86530852 0.25977996
vn -0.51651710 0.80972046 0.27850103
vn -0.51651710 0.80972046 0.27850103
vn -0.51651710 0.80972046 0.27850103
vn -0.51651710 0.80972046 0.27850103
vn -0.37216020 -0.89156783 0.25807679
vn -0.37216020 -0.89156783 0.25807679
vn -0.37216020 -0.89156783 0.25807679
vn -0.37216020 -0.89156783 0.25807679
vn -0.43440253 0.85541391 0.28206629
vn -0.43440253 0.85541391 0.28206629
vn -0.43440253 0.85541391 0.28206629
vn -0.43440253 0.85541391 0.28206629
vn -0.30477697 -0.91714919 0.25680435
vn -0.30477697 -0.91714919 0.25680435
vn -0.30477697 -0.91714919 0.25680435
vn -0.30477697 -0.91714919 0.25680435
vn -0.33176008 0.89890641 0.28618634
vn -0.33176008 0.89890641 0.28618634
vn -0.33176008 0.89890641 0.28618634
vn -0.33176008 0.89890641 0.28618634
vn -0.22694066 -0.93967485 0.25594735
vn -0.22694066 -0.93967485 0.25594735
vn -0.22694066 -0.93967485 0.25594735
vn -0.22694066 -0.93967485 0.25594735
vn -0.20919216 0.93389744 0.28995565
vn -0.20919216 0.93389744 0.28995565
vn -0.20919216 0.93389744 0.28995565
vn -0.20919216 0.93389744 0.28995565
vn -0.14021853 -0.95660603 0.25542861
vn -0.14021853 -0.95660603 0.25542861
vn -0.14021853 -0.95660603 0.25542861
vn -0.14021853 -0.95660603 0.25542861
vn -0.07161345 0.95364314 0.29229501
vn -0.07161345 0.95364314 0.29229501
vn -0.07161345 0.95364314 0.29229501
vn -0.07161345 0.95364314 0.29229501
vn -0.04745613 -0.96573561 0.25515237
vn -0.04745613 -0.96573561 0.25515237
vn -0.04745613 -0.96573561 0.25515237
vn -0.04745613 -0.96573561 0.25515237
vn 0.07161019 0.95359975 0.29243746
vn 0.07161019 0.95359975 0.29243746
vn 0.07161019 0.95359975 0.29243746
vn 0.07161019 0.95359975 0.29243746
vn 0.04745741 -0.96576178 0.25505328
vn 0.04745741 -0.96576178 0.25505328
vn 0.04745741 -0.96576178 0.25505328
vn 0.04745741 -0.96576178 0.25505328
vn 0.20916460 0.93377429 0.29037195
vn 0.20916460 0.93377429 0.29037195
vn 0.20916460 0.93377429 0.29037195
vn 0.20916460 0.93377429 0.29037195
vn 0.14022972 -0.95668232 0.25513655
vn 0.14022972 -0.95668232 0.25513655
vn 0.14022972 -0.95668232 0.25513655
vn 0.14022972 -0.95668232 0.25513655
vn 0.33169150 0.89872068 0.28684834
vn 0.33169150 0.89872068 0.28684834
vn 0.33169150 0.89872068 0.28684834
vn 0.33169150 0.89872068 0.28684834
vn 0.22697008 -0.93979663 0.25547397
vn 0.22697008 -0.93979663 0.25547397
vn 0.22697008 -0.93979663 0.25547397
vn 0.22697008 -0.93979663 0.25547397
vn 0.43428668 0.85518587 0.28293514
vn 0.43428668 0.85518587 0.28293514
vn 0.43428668 0.85518587 0.28293514
vn 0.43428668 0.85518587 0.28293514
vn 0.30483013 -0.91730917 0.25616899
vn 0.30483013 -0.91730917 0.25616899
vn 0.30483013 -0.91730917 0.25616899
vn 0.30483013 -0.91730917 0.25616899
vn 0.51635528 0.80946696 0.27953637
vn 0.51635528 0.80946696 0.27953637
vn 0.51635528 0.80946696 0.27953637
vn 0.51635528 0.80946696 0.27953637
vn 0.37223980 -0.89175844 0.25730219
vn 0.37223980 -0.89175844 0.25730219
vn 0.37223980 -0.89175844 0.25730219
vn 0.37223980 -0.89175844 0.25730219
vn 0.57994390 0.76605940 0.27716094
vn 0.57994390 0.76605940 0.27716094
vn 0.57994390 0.76605940 0.27716094
vn 0.57994390 0.76605940 0.27716094
vn 0.42877349 -0.86552304 0.25888807
vn 0.42877349 -0.86552304 0.25888807
vn 0.42877349 -0.86552304 0.25888807
vn 0.42877349 -0.86552304 0.25888807
vn 0.62808222 0.72757995 0.27593514
vn 0.62808222 0.72757995 0.27593514
vn 0.62808222 0.72757995 0.27593514
vn 0.62808222 0.72757995 0.27593514
vn 0.47481021 -0.84054005 0.26085961
vn 0.47481021 -0.84054005 0.26085961
vn 0.47481021 -0.84054005 0.26085961
vn 0.47481021 -0.84054005 0.26085961
vn 0.66376096 0.69527262 0.27571255
vn 0.66376096 0.69527262 0.27571255
vn 0.66376096 0.69527262 0.27571255
vn 0.66376096 0.69527262 0.27571255
vn 0.51116395 -0.81823450 0.26306614
vn 0.51116395 -0.81823450 0.26306614
vn 0.51116395 -0.81823450 0.26306614
vn 0.51116395 -0.81823450 0.26306614
vn 0.68949813 0.66956371 0.27618226
vn 0.68949813 0.66956371 0.27618226
vn 0.68949813 0.66956371 0.27618226
vn 0.68949813 0.66956371 0.27618226
vn 0.53879827 -0.79957497 0.26528510
vn 0.53879827 -0.79957497 0.26528510
vn 0.53879827 -0.79957497 0.26528510
vn 0.53879827 -0.79957497 0.26528510
vn 0.70723355 0.65048116 0.27693838
vn 0.70723355 0.65048116 0.27693838
vn 0.70723355 0.65048116 0.27693838
vn 0.70723355 0.65048116 0.27693838
vn 0.55863333 -0.78518581 0.26723051
vn 0.55863333 -0.78518581 0.26723051
vn 0.55863333 -0.78518581 0.26723051
vn 0.55863333 -0.78518581 0.26723051
vn 0.71836787 0.63791448 0.27751186
vn 0.71836787 0.63791448 0.27751186
vn 0.71836787 0.63791448 0.27751186
vn 0.71836787 0.63791448 0.27751186
vn 0.57143772 -0.77545899 0.26855639
vn 0.57143772 -0.77545899 0.26855639
vn 0.57143772 -0.77545899 0.26855639
vn 0.57143772 -0.77545899 0.26855639
vn 0.72383159 0.63176870 0.27737370
vn 0.72383159 0.63176870 0.27737370
vn 0.72383159 0.63176870 0.27737370
vn 0.72383159 0.63176870 0.27737370
vn 0.57777500 -0.77064317 0.26885903
vn 0.57777500 -0.77064317 0.26885903
vn 0.57777500 -0.77064317 0.26885903
vn 0.57777500 -0.77064317 0.26885903
vn -0.94100279 0.00000000 0.33839884
vn -0.94100279 0.00000000 0.33839884
vn -0.94100279 0.00000000 0.33839884
vn -0.94100279 0.00000000 0.33839884
vn 0.94100279 0.00000000 0.33839884
vn 0.94100279 0.00000000 0.33839884
vn 0.94100279 0.00000000 0.33839884
vn 0.94100279 0.00000000 0.33839884
vn -0.72842216 0.64629829 0.22737563
vn -0.72842216 0.64629835 0.22737564
vn -0.72842216 0.64629829 0.22737563
vn -0.72842216 0.64629829 0.22737563
vn -0.58736414 -0.78102171 0.21215259
vn -0.58736414 -0.78102171 0.21215259
vn -0.58736414 -0.78102171 0.21215259
vn -0.58736414 -0.78102171 0.21215259
vn -0.72428030 0.65381032 0.21897539
vn -0.72428030 0.65381032 0.21897539
vn -0.72428030 0.65381032 0.21897539
vn -0.72428030 0.65381032 0.21897539
vn -0.58145905 -0.78662860 0.20765576
vn -0.58145905 -0.78662860 0.20765576
vn -0.58145905 -0.78662860 0.20765576
vn -0.58145905 -0.78662860 0.20765576
vn -0.71422350 0.66778290 0.20964441
vn -0.71422350 0.66778290 0.20964441
vn -0.71422350 0.66778290 0.20964441
vn -0.71422350 0.66778290 0.20964441
vn -0.56890720 -0.79716533 0.20216864
vn -0.56890720 -0.79716533 0.20216864
vn -0.56890720 -0.79716533 0.20216864
vn -0.56890720 -0.79716533 0.20216864
vn -0.69731921 0.68836707 0.19974177
vn -0.69731921 0.68836707 0.19974177
vn -0.69731921 0.68836707 0.19974177
vn -0.69731921 0.68836707 0.19974177
vn -0.54913825 -0.81241077 0.19605111
vn -0.54913825 -0.81241077 0.19605111
vn -0.54913825 -0.81241077 0.19605111
vn -0.54913825 -0.81241077 0.19605111
vn -0.67215776 0.71572107 0.18959811
vn -0.67215776 0.71572107 0.18959811
vn -0.67215776 0.71572107 0.18959811
vn -0.67215776 0.71572107 0.18959811
vn -0.52136630 -0.83199584 0.18963182
vn -0.52136630 -0.83199584 0.18963182
vn -0.52136630 -0.83199584 0.18963182
vn -0.52136630 -0.83199584 0.18963182
vn -0.63677347 0.74985743 0.17953661
vn -0.63677347 0.74985743 0.17953661
vn -0.63677347 0.74985743 0.17953661
vn -0.63677347 0.74985743 0.17953661
vn -0.48464438 -0.85530800 0.18321607
vn -0.48464438 -0.85530800 0.18321607
vn -0.48464438 -0.85530800 0.18321607
vn -0.48464438 -0.85530800 0.18321607
vn -0.58860528 0.79036927 0.16988280
vn -0.58860534 0.79036939 0.16988280
vn -0.58860528 0.79036927 0.16988279
vn -0.58860528 0.79036927 0.16988279
vn -0.43797335 -0.88137227 0.17709367
vn -0.43797335 -0.88137233 0.17709367
vn -0.43797335 -0.88137233 0.17709367
vn -0.43797335 -0.88137227 0.17709367
vn -0.52459460 0.83599555 0.16097207
vn -0.52459460 0.83599550 0.16097207
vn -0.52459460 0.83599555 0.16097207
vn -0.52459460 0.83599550 0.16097207
vn -0.38049650 -0.90873384 0.17153789
vn -0.38049650 -0.90873384 0.17153789
vn -0.38049650 -0.90873384 0.17153789
vn -0.38049650 -0.90873384 0.17153789
vn -0.44162631 0.88403249 0.15314338
vn -0.44162628 0.88403243 0.15314336
vn -0.44162631 0.88403249 0.15314338
vn -0.44162628 0.88403243 0.15314336
vn -0.31179953 -0.93539214 0.16680087
vn -0.31179956 -0.93539220 0.16680087
vn -0.31179953 -0.93539214 0.16680087
vn -0.31179956 -0.93539220 0.16680087
vn -0.33757254 0.92979407 0.14672315
vn -0.33757257 0.92979413 0.14672317
vn -0.33757254 0.92979407 0.14672315
vn -0.33757257 0.92979413 0.14672317
vn -0.23229277 -0.95887256 0.16310535
vn -0.23229277 -0.95887256 0.16310535
vn -0.23229277 -0.95887256 0.16310535
vn -0.23229277 -0.95887256 0.16310535
vn -0.21300918 0.96667653 0.14199901
vn -0.21300918 0.96667653 0.14199901
vn -0.21300918 0.96667653 0.14199901
vn -0.21300918 0.96667653 0.14199901
vn -0.14357853 -0.97651607 0.16062912
vn -0.14357853 -0.97651607 0.16062912
vn -0.14357853 -0.97651607 0.16062912
vn -0.14357853 -0.97651607 0.16062912
vn -0.07295374 0.98757392 0.13919607
vn -0.07295374 0.98757392 0.13919607
vn -0.07295374 0.98757392 0.13919607
vn -0.07295374 0.98757392 0.13919607
vn -0.04860184 -0.98600185 0.15949367
vn -0.04860184 -0.98600185 0.15949367
vn -0.04860184 -0.98600185 0.15949367
vn -0.04860184 -0.98600185 0.15949367
vn 0.07296131 0.98767650 0.13846278
vn 0.07296131 0.98767650 0.13846278
vn 0.07296131 0.98767650 0.13846278
vn 0.07296131 0.98767650 0.13846278
vn 0.04859975 -0.98595953 0.15975563
vn 0.04859975 -0.98595953 0.15975563
vn 0.04859975 -0.98595953 0.15975563
vn 0.04859975 -0.98595953 0.15975563
vn 0.21307471 0.96697390 0.13985956
vn 0.21307471 0.96697390 0.13985956
vn 0.21307471 0.96697390 0.13985956
vn 0.21307471 0.96697390 0.13985956
vn 0.14356017 -0.97639120 0.16140240
vn 0.14356017 -0.97639120 0.16140240
vn 0.14356017 -0.97639120 0.16140240
vn 0.14356017 -0.97639120 0.16140240
vn 0.33774200 0.93026084 0.14333621
vn 0.33774200 0.93026084 0.14333621
vn 0.33774200 0.93026084 0.14333621
vn 0.33774200 0.93026084 0.14333621
vn 0.23224396 -0.95867097 0.16435538
vn 0.23224396 -0.95867097 0.16435538
vn 0.23224396 -0.95867097 0.16435538
vn 0.23224396 -0.95867097 0.16435538
vn 0.44192803 0.88463664 0.14871983
vn 0.44192803 0.88463664 0.14871983
vn 0.44192803 0.88463664 0.14871983
vn 0.44192803 0.88463664 0.14871983
vn 0.31170940 -0.93512172 0.16847695
vn 0.31170940 -0.93512172 0.16847695
vn 0.31170940 -0.93512172 0.16847695
vn 0.31170940 -0.93512172 0.16847695
vn 0.52504152 0.83670771 0.15572923
vn 0.52504152 0.83670771 0.15572923
vn 0.52504152 0.83670771 0.15572923
vn 0.52504152 0.83670771 0.15572923
vn 0.38035834 -0.90840399 0.17357914
vn 0.38035834 -0.90840399 0.17357914
vn 0.38035834 -0.90840399 0.17357914
vn 0.38035834 -0.90840399 0.17357914
vn 0.58919859 0.79116595 0.16401686
vn 0.58919859 0.79116595 0.16401686
vn 0.58919853 0.79116589 0.16401686
vn 0.58919853 0.79116589 0.16401686
vn 0.43778431 -0.88099194 0.17943835
vn 0.43778431 -0.88099194 0.17943835
vn 0.43778434 -0.88099194 0.17943835
vn 0.43778431 -0.88099194 0.17943835
vn 0.63750708 0.75072140 0.17321126
vn 0.63750708 0.75072140 0.17321126
vn 0.63750708 0.75072140 0.17321126
vn 0.63750708 0.75072140 0.17321126
vn 0.48440480 -0.85488522 0.18580471
vn 0.48440477 -0.85488510 0.18580469
vn 0.48440480 -0.85488522 0.18580471
vn 0.48440477 -0.85488510 0.18580469
vn 0.67302120 0.71664035 0.18294582
vn 0.67302120 0.71664035 0.18294582
vn 0.67302120 0.71664035 0.18294582
vn 0.67302120 0.71664035 0.18294582
vn 0.52107930 -0.83153772 0.19240928
vn 0.52107936 -0.83153784 0.19240931
vn 0.52107930 -0.83153772 0.19240928
vn 0.52107936 -0.83153784 0.19240931
vn 0.69829869 0.68933392 0.19286703
vn 0.69829875 0.68933398 0.19286704
vn 0.69829875 0.68933398 0.19286704
vn 0.69829875 0.68933398 0.19286704
vn 0.54880905 -0.81192362 0.19896910
vn 0.54880905 -0.81192362 0.19896910
vn 0.54880905 -0.81192362 0.19896910
vn 0.54880905 -0.81192362 0.19896910
vn 0.71530253 0.66879195 0.20263195
vn 0.71530253 0.66879195 0.20263195
vn 0.71530253 0.66879195 0.20263195
vn 0.71530253 0.66879195 0.20263195
vn 0.56854284 -0.79665476 0.20518342
vn 0.56854284 -0.79665476 0.20518342
vn 0.56854284 -0.79665476 0.20518342
vn 0.56854284 -0.79665476 0.20518342
vn 0.72544020 0.65485734 0.21189271
vn 0.72544020 0.65485734 0.21189271
vn 0.72544020 0.65485734 0.21189271
vn 0.72544020 0.65485734 0.21189271
vn 0.58106816 -0.78609979 0.21072999
vn 0.58106816 -0.78609979 0.21072999
vn 0.58106816 -0.78609979 0.21072999
vn 0.58106816 -0.78609979 0.21072999
vn 0.72964108 0.64737988 0.22028004
vn 0.72964108 0.64737988 0.22028004
vn 0.72964108 0.64737988 0.22028004
vn 0.72964108 0.64737988 0.22028004
vn 0.58695662 -0.78047985 0.21525154
vn 0.58695662 -0.78047985 0.21525154
vn 0.58695662 -0.78047985 0.21525154
vn 0.58695662 -0.78047985 0.21525154
vn -0.95724547 0.00000000 0.28927708
vn -0.95724547 0.00000000 0.28927708
vn -0.95724547 0.00000000 0.28927708
vn -0.95724547 0.00000000 0.28927708
vn 0.95724547 0.00000000 0.28927708
vn 0.95724547 0.00000000 0.28927708
vn 0.95724547 0.00000000 0.28927708
vn 0.95724547 0.00000000 0.28927708
vn -0.71737009 0.65963697 0.22418569
vn -0.71737009 0.65963697 0.22418569
vn -0.71737009 0.65963697 0.22418569
vn -0.71737009 0.65963697 0.22418569
vn -0.58422041 -0.78356785 0.21144283
vn -0.58422041 -0.78356785 0.21144283
vn -0.58422041 -0.78356785 0.21144283
vn -0.58422041 -0.78356785 0.21144283
vn -0.71298188 0.66701400 0.21621600
vn -0.71298188 0.66701400 0.21621600
vn -0.71298188 0.66701394 0.21621600
vn -0.71298188 0.66701394 0.21621600
vn -0.57829183 -0.78911853 0.20705201
vn -0.57829183 -0.78911853 0.20705201
vn -0.57829183 -0.78911853 0.20705201
vn -0.57829183 -0.78911853 0.20705201
vn -0.70256132 0.68076414 0.20728670
vn -0.70256132 0.68076414 0.20728670
vn -0.70256132 0.68076414 0.20728670
vn -0.70256132 0.68076414 0.20728670
vn -0.56571728 -0.79955924 0.20166546
vn -0.56571728 -0.79955924 0.20166546
vn -0.56571728 -0.79955930 0.20166545
vn -0.56571728 -0.79955930 0.20166545
vn -0.68519765 0.70099598 0.19775969
vn -0.68519765 0.70099598 0.19775967
vn -0.68519765 0.70099598 0.19775967
vn -0.68519765 0.70099598 0.19775969
vn -0.54593444 -0.81466526 0.19564305
vn -0.54593438 -0.81466526 0.19564305
vn -0.54593444 -0.81466526 0.19564305
vn -0.54593438 -0.81466526 0.19564305
vn -0.65952301 0.72780317 0.18796793
vn -0.65952301 0.72780317 0.18796793
vn -0.65952301 0.72780317 0.18796793
vn -0.65952301 0.72780317 0.18796793
vn -0.51817352 -0.83406079 0.18931171
vn -0.51817352 -0.83406079 0.18931171
vn -0.51817352 -0.83406079 0.18931171
vn -0.51817352 -0.83406079 0.18931171
vn -0.62365264 0.76111114 0.17823377
vn -0.62365264 0.76111114 0.17823377
vn -0.62365264 0.76111114 0.17823377
vn -0.62365264 0.76111114 0.17823377
vn -0.48150682 -0.85712934 0.18297651
vn -0.48150682 -0.85712934 0.18297651
vn -0.48150682 -0.85712934 0.18297651
vn -0.48150682 -0.85712934 0.18297651
vn -0.57516986 0.80041164 0.16888146
vn -0.57516986 0.80041164 0.16888146
vn -0.57516986 0.80041158 0.16888146
vn -0.57516986 0.80041158 0.16888146
vn -0.43496391 -0.88289511 0.17692558
vn -0.43496391 -0.88289511 0.17692558
vn -0.43496391 -0.88289511 0.17692558
vn -0.43496391 -0.88289511 0.17692558
vn -0.51125306 0.84435934 0.16024202
vn -0.51125306 0.84435934 0.16024202
vn -0.51125306 0.84435934 0.16024202
vn -0.51125306 0.84435934 0.16024202
vn -0.37771919 -0.90991181 0.17143095
vn -0.37771919 -0.90991181 0.17143095
vn -0.37771919 -0.90991181 0.17143095
vn -0.37771919 -0.90991181 0.17143095
vn -0.42912856 0.89025104 0.15264922
vn -0.42912856 0.89025104 0.15264922
vn -0.42912856 0.89025104 0.15264922
vn -0.42912856 0.89025104 0.15264922
vn -0.30938995 -0.93620217 0.16674326
vn -0.30938995 -0.93620217 0.16674326
vn -0.30938995 -0.93620217 0.16674326
vn -0.30938995 -0.93620217 0.16674326
vn -0.32705903 0.93359107 0.14642423
vn -0.32705903 0.93359107 0.14642423
vn -0.32705903 0.93359107 0.14642423
vn -0.32705903 0.93359107 0.14642423
vn -0.23040888 -0.95933086 0.16308306
vn -0.23040888 -0.95933086 0.16308306
vn -0.23040888 -0.95933086 0.16308306
vn -0.23040888 -0.95933086 0.16308306
vn -0.20586869 0.96824372 0.14185254
vn -0.20586869 0.96824372 0.14185254
vn -0.20586869 0.96824372 0.14185254
vn -0.20586869 0.96824372 0.14185254
vn -0.14237192 -0.97669291 0.16062731
vn -0.14237192 -0.97669291 0.16062731
vn -0.14237192 -0.97669291 0.16062731
vn -0.14237192 -0.97669291 0.16062731
vn -0.07040756 0.98776400 0.13915861
vn -0.07040756 0.98776400 0.13915861
vn -0.07040756 0.98776400 0.13915861
vn -0.07040756 0.98776400 0.13915861
vn -0.04818555 -0.98602176 0.15949698
vn -0.04818555 -0.98602176 0.15949698
vn -0.04818555 -0.98602176 0.15949698
vn -0.04818555 -0.98602176 0.15949698
vn 0.07041424 0.98785764 0.13848853
vn 0.07041424 0.98785764 0.13848853
vn 0.07041424 0.98785764 0.13848853
vn 0.07041424 0.98785764 0.13848853
vn 0.04818356 -0.98598105 0.15974879
vn 0.04818356 -0.98598105 0.15974879
vn 0.04818356 -0.98598105 0.15974879
vn 0.04818356 -0.98598105 0.15974879
vn 0.20592663 0.96851629 0.13989429
vn 0.20592663 0.96851629 0.13989429
vn 0.20592663 0.96851629 0.13989429
vn 0.20592663 0.96851629 0.13989429
vn 0.14235444 -0.97657299 0.16137061
vn 0.14235444 -0.97657299 0.16137061
vn 0.14235444 -0.97657299 0.16137061
vn 0.14235444 -0.97657299 0.16137061
vn 0.32720941 0.93402052 0.14331666
vn 0.32720941 0.93402052 0.14331666
vn 0.32720941 0.93402052 0.14331666
vn 0.32720941 0.93402052 0.14331666
vn 0.23036233 -0.95913702 0.16428499
vn 0.23036233 -0.95913702 0.16428499
vn 0.23036233 -0.95913702 0.16428499
vn 0.23036233 -0.95913702 0.16428499
vn 0.42939791 0.89080977 0.14857836
vn 0.42939791 0.89080977 0.14857836
vn 0.42939791 0.89080977 0.14857836
vn 0.42939791 0.89080977 0.14857836
vn 0.30930400 -0.93594211 0.16835503
vn 0.30930400 -0.93594211 0.16835503
vn 0.30930400 -0.93594211 0.16835503
vn 0.30930400 -0.93594211 0.16835503
vn 0.51165366 0.84502089 0.15540290
vn 0.51165366 0.84502089 0.15540290
vn 0.51165366 0.84502089 0.15540290
vn 0.51165366 0.84502089 0.15540290
vn 0.37758738 -0.90959430 0.17339505
vn 0.37758738 -0.90959430 0.17339505
vn 0.37758738 -0.90959430 0.17339505
vn 0.37758738 -0.90959430 0.17339505
vn 0.57570374 0.80115455 0.16345197
vn 0.57570374 0.80115455 0.16345197
vn 0.57570374 0.80115455 0.16345197
vn 0.57570374 0.80115455 0.16345197
vn 0.43478343 -0.88252878 0.17918286
vn 0.43478343 -0.88252878 0.17918286
vn 0.43478343 -0.88252878 0.17918286
vn 0.43478343 -0.88252878 0.17918286
vn 0.62431496 0.76191938 0.17236507
vn 0.62431496 0.76191938 0.17236507
vn 0.62431496 0.76191938 0.17236507
vn 0.62431496 0.76191938 0.17236507
vn 0.48127794 -0.85672200 0.18546942
vn 0.48127794 -0.85672200 0.18546942
vn 0.48127794 -0.85672200 0.18546942
vn 0.48127794 -0.85672200 0.18546942
vn 0.66030425 0.72866535 0.18178342
vn 0.66030425 0.72866535 0.18178342
vn 0.66030425 0.72866535 0.18178342
vn 0.66030425 0.72866535 0.18178342
vn 0.51789922 -0.83361918 0.19198781
vn 0.51789922 -0.83361918 0.19198781
vn 0.51789922 -0.83361918 0.19198781
vn 0.51789922 -0.83361918 0.19198781
vn 0.68608510 0.70190394 0.19135863
vn 0.68608510 0.70190394 0.19135863
vn 0.68608510 0.70190394 0.19135863
vn 0.68608510 0.70190394 0.19135863
vn 0.54561973 -0.81419569 0.19845486
vn 0.54561973 -0.81419569 0.19845486
vn 0.54561973 -0.81419569 0.19845486
vn 0.54561973 -0.81419569 0.19845486
vn 0.70353985 0.68171233 0.20074885
vn 0.70353985 0.68171233 0.20074885
vn 0.70353985 0.68171233 0.20074885
vn 0.70353985 0.68171233 0.20074885
vn 0.56536901 -0.79906702 0.20457198
vn 0.56536901 -0.79906702 0.20457198
vn 0.56536901 -0.79906702 0.20457198
vn 0.56536901 -0.79906702 0.20457198
vn 0.71403360 0.66799790 0.20960648
vn 0.71403360 0.66799790 0.20960648
vn 0.71403360 0.66799790 0.20960648
vn 0.71403360 0.66799790 0.20960648
vn 0.57791817 -0.78860873 0.21001619
vn 0.57791817 -0.78860873 0.21001619
vn 0.57791817 -0.78860873 0.21001619
vn 0.57791817 -0.78860873 0.21001619
vn 0.71847481 0.66065276 0.21755920
vn 0.71847481 0.66065276 0.21755920
vn 0.71847481 0.66065276 0.21755920
vn 0.71847481 0.66065276 0.21755920
vn 0.58383101 -0.78304565 0.21443167
vn 0.58383101 -0.78304565 0.21443167
vn 0.58383101 -0.78304565 0.21443167
vn 0.58383101 -0.78304565 0.21443167
vn -0.95724529 0.00000000 0.28927749
vn -0.95724529 0.00000000 0.28927749
vn -0.95724529 0.00000000 0.28927749
vn -0.95724529 0.00000000 0.28927749
vn 0.95724529 -0.00000000 0.28927749
vn 0.95724529 -0.00000000 0.28927749
vn 0.95724529 -0.00000000 0.28927749
vn 0.95724529 -0.00000000 0.28927749
vn -0.70753390 0.67112106 0.22134201
vn -0.70753390 0.67112106 0.22134201
vn -0.70753390 0.67112106 0.22134201
vn -0.70753390 0.67112106 0.22134201
vn -0.57745463 -0.78897631 0.20991121
vn -0.57745463 -0.78897631 0.20991121
vn -0.57745463 -0.78897631 0.20991121
vn -0.57745463 -0.78897631 0.20991121
vn -0.70294005 0.67836946 0.21375290
vn -0.70294005 0.67836946 0.21375290
vn -0.70294005 0.67836946 0.21375290
vn -0.70294005 0.67836946 0.21375290
vn -0.57147968 -0.79440457 0.20574832
vn -0.57147968 -0.79440457 0.20574832
vn -0.57147968 -0.79440457 0.20574832
vn -0.57147968 -0.79440457 0.20574832
vn -0.69221824 0.69190705 0.20517918
vn -0.69221824 0.69190705 0.20517918
vn -0.69221824 0.69190705 0.20517918
vn -0.69221824 0.69190705 0.20517918
vn -0.55886090 -0.80463833 0.20057835
vn -0.55886090 -0.80463833 0.20057835
vn -0.55886090 -0.80463833 0.20057835
vn -0.55886090 -0.80463833 0.20057835
vn -0.67448038 0.71180481 0.19598527
vn -0.67448038 0.71180481 0.19598527
vn -0.67448038 0.71180481 0.19598527
vn -0.67448038 0.71180481 0.19598527
vn -0.53905702 -0.81944263 0.19475986
vn -0.53905702 -0.81944263 0.19475986
vn -0.53905702 -0.81944263 0.19475986
vn -0.53905702 -0.81944263 0.19475986
vn -0.64839733 0.73810327 0.18650600
vn -0.64839733 0.73810327 0.18650600
vn -0.64839739 0.73810333 0.18650602
vn -0.64839739 0.73810333 0.18650602
vn -0.51132727 -0.83843160 0.18861838
vn -0.51132727 -0.83843160 0.18861838
vn -0.51132733 -0.83843166 0.18861838
vn -0.51132727 -0.83843160 0.18861838
vn -0.61215794 0.77065629 0.17706370
vn -0.61215800 0.77065635 0.17706372
vn -0.61215794 0.77065629 0.17706370
vn -0.61215800 0.77065635 0.17706372
vn -0.47479087 -0.86097795 0.18245691
vn -0.47479090 -0.86097807 0.18245693
vn -0.47479087 -0.86097795 0.18245691
vn -0.47479090 -0.86097807 0.18245693
vn -0.56347281 0.80887622 0.16798070
vn -0.56347287 0.80887628 0.16798072
vn -0.56347281 0.80887622 0.16798070
vn -0.56347287 0.80887628 0.16798072
vn -0.42853317 -0.88610709 0.17656063
vn -0.42853317 -0.88610709 0.17656063
vn -0.42853317 -0.88610709 0.17656063
vn -0.42853317 -0.88610709 0.17656063
vn -0.49972215 0.85135812 0.15958454
vn -0.49972215 0.85135812 0.15958454
vn -0.49972215 0.85135812 0.15958454
vn -0.49972215 0.85135812 0.15958454
vn -0.37179685 -0.91239160 0.17119800
vn -0.37179685 -0.91239160 0.17119800
vn -0.37179685 -0.91239160 0.17119800
vn -0.37179685 -0.91239160 0.17119800
vn -0.41841429 0.89541245 0.15220390
vn -0.41841429 0.89541245 0.15220390
vn -0.41841429 0.89541245 0.15220390
vn -0.41841429 0.89541245 0.15220390
vn -0.30426273 -0.93790352 0.16661674
vn -0.30426273 -0.93790352 0.16661674
vn -0.30426273 -0.93790352 0.16661674
vn -0.30426273 -0.93790352 0.16661674
vn -0.31811604 0.93671799 0.14615595
vn -0.31811604 0.93671799 0.14615595
vn -0.31811604 0.93671805 0.14615595
vn -0.31811604 0.93671805 0.14615595
vn -0.22640607 -0.96029186 0.16303335
vn -0.22640607 -0.96029186 0.16303335
vn -0.22640607 -0.96029186 0.16303335
vn -0.22640607 -0.96029186 0.16303335
vn -0.19983612 0.96952587 0.14172219
vn -0.19983612 0.96952587 0.14172219
vn -0.19983612 0.96952587 0.14172219
vn -0.19983612 0.96952587 0.14172219
vn -0.13981187 -0.97706348 0.16062258
vn -0.13981187 -0.97706348 0.16062258
vn -0.13981189 -0.97706354 0.16062258
vn -0.13981189 -0.97706354 0.16062258
vn -0.06826456 0.98791903 0.13912575
vn -0.06826456 0.98791903 0.13912575
vn -0.06826456 0.98791903 0.13912575
vn -0.06826456 0.98791903 0.13912575
vn -0.04730273 -0.98606336 0.15950401
vn -0.04730273 -0.98606336 0.15950401
vn -0.04730273 -0.98606336 0.15950401
vn -0.04730273 -0.98606336 0.15950401
vn 0.06827052 0.98800534 0.13850878
vn 0.06827052 0.98800534 0.13850878
vn 0.06827052 0.98800534 0.13850878
vn 0.06827052 0.98800534 0.13850878
vn 0.04730096 -0.98602623 0.15973397
vn 0.04730096 -0.98602623 0.15973397
vn 0.04730096 -0.98602623 0.15973397
vn 0.04730096 -0.98602623 0.15973397
vn 0.19988796 0.96977729 0.13991715
vn 0.19988796 0.96977729 0.13991715
vn 0.19988796 0.96977729 0.13991715
vn 0.19988796 0.96977729 0.13991715
vn 0.13979618 -0.97695374 0.16130203
vn 0.13979618 -0.97695374 0.16130203
vn 0.13979618 -0.97695369 0.16130203
vn 0.13979618 -0.97695369 0.16130203
vn 0.31825107 0.93711561 0.14328519
vn 0.31825107 0.93711561 0.14328519
vn 0.31825107 0.93711555 0.14328519
vn 0.31825107 0.93711561 0.14328519
vn 0.22636424 -0.96011442 0.16413294
vn 0.22636423 -0.96011436 0.16413292
vn 0.22636424 -0.96011442 0.16413294
vn 0.22636423 -0.96011436 0.16413292
vn 0.41865692 0.89593172 0.14843437
vn 0.41865692 0.89593172 0.14843437
vn 0.41865692 0.89593172 0.14843437
vn 0.41865692 0.89593172 0.14843437
vn 0.30418545 -0.93766540 0.16809216
vn 0.30418542 -0.93766534 0.16809215
vn 0.30418545 -0.93766540 0.16809216
vn 0.30418542 -0.93766534 0.16809215
vn 0.50008446 0.85197538 0.15509187
vn 0.50008452 0.85197544 0.15509188
vn 0.50008452 0.85197544 0.15509188
vn 0.50008452 0.85197544 0.15509188
vn 0.37167820 -0.91210043 0.17299813
vn 0.37167820 -0.91210043 0.17299813
vn 0.37167820 -0.91210043 0.17299813
vn 0.37167820 -0.91210043 0.17299813
vn 0.56395745 0.80957174 0.16292840
vn 0.56395745 0.80957174 0.16292840
vn 0.56395745 0.80957174 0.16292840
vn 0.56395745 0.80957174 0.16292840
vn 0.42837048 -0.88577068 0.17863104
vn 0.42837048 -0.88577068 0.17863104
vn 0.42837048 -0.88577068 0.17863104
vn 0.42837048 -0.88577068 0.17863104
vn 0.61276054 0.77141488 0.17159145
vn 0.61276054 0.77141488 0.17159145
vn 0.61276054 0.77141488 0.17159145
vn 0.61276054 0.77141488 0.17159145
vn 0.47458452 -0.86060369 0.18474555
vn 0.47458452 -0.86060369 0.18474555
vn 0.47458449 -0.86060363 0.18474555
vn 0.47458449 -0.86060363 0.18474555
vn 0.64910942 0.73891401 0.18072934
vn 0.64910942 0.73891401 0.18072934
vn 0.64910942 0.73891401 0.18072934
vn 0.64910942 0.73891401 0.18072934
vn 0.51107973 -0.83802569 0.19107728
vn 0.51107973 -0.83802569 0.19107728
vn 0.51107973 -0.83802569 0.19107728
vn 0.51107973 -0.83802569 0.19107728
vn 0.67529047 0.71265960 0.18999788
vn 0.67529047 0.71265960 0.18999788
vn 0.67529041 0.71265960 0.18999787
vn 0.67529041 0.71265960 0.18999787
vn 0.53877282 -0.81901067 0.19734566
vn 0.53877282 -0.81901067 0.19734566
vn 0.53877288 -0.81901073 0.19734567
vn 0.53877282 -0.81901067 0.19734566
vn 0.69311190 0.69280034 0.19905694
vn 0.69311184 0.69280034 0.19905694
vn 0.69311190 0.69280034 0.19905694
vn 0.69311184 0.69280034 0.19905694
vn 0.55854642 -0.80418551 0.20325258
vn 0.55854642 -0.80418551 0.20325258
vn 0.55854642 -0.80418551 0.20325258
vn 0.55854642 -0.80418551 0.20325258
vn 0.70390046 0.67929637 0.20755877
vn 0.70390046 0.67929637 0.20755877
vn 0.70390046 0.67929637 0.20755877
vn 0.70390046 0.67929637 0.20755877
vn 0.57114238 -0.79393572 0.20847659
vn 0.57114244 -0.79393572 0.20847659
vn 0.57114244 -0.79393572 0.20847659
vn 0.57114244 -0.79393572 0.20847659
vn 0.70854211 0.67207736 0.21512823
vn 0.70854211 0.67207736 0.21512823
vn 0.70854211 0.67207736 0.21512823
vn 0.70854211 0.67207736 0.21512823
vn 0.57710332 -0.78849620 0.21266314
vn 0.57710332 -0.78849620 0.21266314
vn 0.57710332 -0.78849620 0.21266314
vn 0.57710332 -0.78849620 0.21266314
vn -0.95724529 0.00000000 0.28927752
vn -0.95724529 0.00000000 0.28927752
vn -0.95724529 0.00000000 0.28927752
vn -0.95724529 0.00000000 0.28927752
vn 0.95724529 0.00000000 0.28927752
vn 0.95724529 0.00000000 0.28927752
vn 0.95724529 0.00000000 0.28927752
vn 0.95724529 0.00000000 0.28927752
vn -0.70377213 0.67542094 0.22025311
vn -0.70377213 0.67542094 0.22025311
vn -0.70377207 0.67542094 0.22025312
vn -0.70377207 0.67542094 0.22025312
vn -0.57165575 -0.79353547 0.20859323
vn -0.57165575 -0.79353547 0.20859323
vn -0.57165575 -0.79353547 0.20859323
vn -0.57165575 -0.79353547 0.20859323
vn -0.69910258 0.68261844 0.21280888
vn -0.69910258 0.68261844 0.21280888
vn -0.69910258 0.68261844 0.21280888
vn -0.69910258 0.68261844 0.21280888
vn -0.56564462 -0.79885840 0.20462483
vn -0.56564462 -0.79885840 0.20462483
vn -0.56564468 -0.79885840 0.20462486
vn -0.56564468 -0.79885840 0.20462486
vn -0.68827176 0.69607109 0.20437041
vn -0.68827176 0.69607109 0.20437041
vn -0.68827170 0.69607097 0.20437038
vn -0.68827176 0.69607109 0.20437041
vn -0.55299306 -0.80891430 0.19964062
vn -0.55299306 -0.80891430 0.19964062
vn -0.55299306 -0.80891430 0.19964062
vn -0.55299306 -0.80891430 0.19964062
vn -0.67039889 0.71583641 0.19530404
vn -0.67039883 0.71583641 0.19530405
vn -0.67039889 0.71583641 0.19530404
vn -0.67039883 0.71583641 0.19530405
vn -0.53317839 -0.82345963 0.19399750
vn -0.53317839 -0.82345963 0.19399750
vn -0.53317839 -0.82345963 0.19399750
vn -0.53317839 -0.82345963 0.19399750
vn -0.64417094 0.74193561 0.18594436
vn -0.64417094 0.74193561 0.18594436
vn -0.64417094 0.74193561 0.18594436
vn -0.64417094 0.74193561 0.18594436
vn -0.50548613 -0.84210002 0.18801941
vn -0.50548613 -0.84210008 0.18801942
vn -0.50548613 -0.84210008 0.18801942
vn -0.50548613 -0.84210008 0.18801942
vn -0.60780597 0.77419603 0.17661382
vn -0.60780597 0.77419603 0.17661382
vn -0.60780597 0.77419603 0.17661382
vn -0.60780597 0.77419603 0.17661382
vn -0.46907267 -0.86420155 0.18200684
vn -0.46907267 -0.86420155 0.18200684
vn -0.46907267 -0.86420155 0.18200684
vn -0.46907267 -0.86420155 0.18200684
vn -0.55906141 0.81200308 0.16763434
vn -0.55906141 0.81200308 0.16763434
vn -0.55906147 0.81200320 0.16763435
vn -0.55906147 0.81200320 0.16763435
vn -0.42307025 -0.88879120 0.17624336
vn -0.42307025 -0.88879120 0.17624336
vn -0.42307025 -0.88879120 0.17624336
vn -0.42307025 -0.88879120 0.17624336
vn -0.49539396 0.85393113 0.15933143
vn -0.49539396 0.85393113 0.15933143
vn -0.49539396 0.85393113 0.15933143
vn -0.49539396 0.85393113 0.15933143
vn -0.36677730 -0.91445893 0.17099524
vn -0.36677730 -0.91445893 0.17099524
vn -0.36677733 -0.91445893 0.17099522
vn -0.36677733 -0.91445893 0.17099522
vn -0.41441143 0.89730108 0.15203319
vn -0.41441146 0.89730108 0.15203319
vn -0.41441146 0.89730108 0.15203319
vn -0.41441143 0.89730108 0.15203319
vn -0.29992881 -0.93931818 0.16650528
vn -0.29992881 -0.93931818 0.16650528
vn -0.29992881 -0.93931818 0.16650528
vn -0.29992881 -0.93931818 0.16650528
vn -0.31479239 0.93785620 0.14605285
vn -0.31479239 0.93785620 0.14605285
vn -0.31479239 0.93785620 0.14605285
vn -0.31479239 0.93785620 0.14605285
vn -0.22302918 -0.96108931 0.16298917
vn -0.22302917 -0.96108925 0.16298915
vn -0.22302918 -0.96108931 0.16298917
vn -0.22302917 -0.96108925 0.16298915
vn -0.19760345 0.96999061 0.14167276
vn -0.19760345 0.96999055 0.14167276
vn -0.19760345 0.96999061 0.14167276
vn -0.19760345 0.96999055 0.14167276
vn -0.13765609 -0.97737044 0.16061735
vn -0.13765608 -0.97737038 0.16061734
vn -0.13765609 -0.97737044 0.16061735
vn -0.13765608 -0.97737038 0.16061734
vn -0.06747296 0.98797506 0.13911383
vn -0.06747296 0.98797506 0.13911383
vn -0.06747296 0.98797506 0.13911383
vn -0.06747296 0.98797506 0.13911383
vn -0.04656049 -0.98609781 0.15950920
vn -0.04656049 -0.98609781 0.15950920
vn -0.04656049 -0.98609781 0.15950920
vn -0.04656049 -0.98609781 0.15950920
vn 0.06747867 0.98805869 0.13851637
vn 0.06747867 0.98805869 0.13851637
vn 0.06747867 0.98805869 0.13851637
vn 0.06747867 0.98805869 0.13851637
vn 0.04655887 -0.98606366 0.15972100
vn 0.04655887 -0.98606366 0.15972100
vn 0.04655887 -0.98606366 0.15972100
vn 0.04655887 -0.98606366 0.15972100
vn 0.19765308 0.97023416 0.13992466
vn 0.19765308 0.97023416 0.13992466
vn 0.19765308 0.97023416 0.13992466
vn 0.19765308 0.97023416 0.13992466
vn 0.13764185 -0.97726929 0.16124333
vn 0.13764185 -0.97726929 0.16124333
vn 0.13764185 -0.97726929 0.16124333
vn 0.13764185 -0.97726929 0.16124333
vn 0.31492186 0.93824190 0.14327037
vn 0.31492186 0.93824190 0.14327037
vn 0.31492186 0.93824190 0.14327034
vn 0.31492186 0.93824190 0.14327034
vn 0.22299121 -0.96092570 0.16400163
vn 0.22299121 -0.96092570 0.16400163
vn 0.22299121 -0.96092570 0.16400163
vn 0.22299121 -0.96092570 0.16400163
vn 0.41464442 0.89780563 0.14837514
vn 0.41464442 0.89780563 0.14837514
vn 0.41464442 0.89780563 0.14837514
vn 0.41464442 0.89780563 0.14837514
vn 0.29985863 -0.93909836 0.16786620
vn 0.29985863 -0.93909836 0.16786620
vn 0.29985863 -0.93909836 0.16786620
vn 0.29985863 -0.93909836 0.16786620
vn 0.49574223 0.85453153 0.15496899
vn 0.49574223 0.85453153 0.15496899
vn 0.49574223 0.85453153 0.15496899
vn 0.49574223 0.85453153 0.15496899
vn 0.36666945 -0.91418999 0.17265579
vn 0.36666945 -0.91418999 0.17265579
vn 0.36666945 -0.91418999 0.17265579
vn 0.36666945 -0.91418999 0.17265579
vn 0.55952793 0.81268060 0.16272339
vn 0.55952793 0.81268060 0.16272339
vn 0.55952793 0.81268060 0.16272339
vn 0.55952793 0.81268060 0.16272339
vn 0.42292231 -0.88848037 0.17815569
vn 0.42292231 -0.88848037 0.17815569
vn 0.42292231 -0.88848037 0.17815569
vn 0.42292231 -0.88848037 0.17815569
vn 0.60838652 0.77493554 0.17129108
vn 0.60838652 0.77493554 0.17129108
vn 0.60838652 0.77493554 0.17129108
vn 0.60838652 0.77493554 0.17129108
vn 0.46888477 -0.86385530 0.18412255
vn 0.46888477 -0.86385530 0.18412255
vn 0.46888477 -0.86385530 0.18412255
vn 0.46888477 -0.86385530 0.18412255
vn 0.64485770 0.74272645 0.18032160
vn 0.64485770 0.74272645 0.18032160
vn 0.64485770 0.74272645 0.18032160
vn 0.64485770 0.74272645 0.18032160
vn 0.50526065 -0.84172440 0.19029343
vn 0.50526065 -0.84172440 0.19029343
vn 0.50526065 -0.84172440 0.19029343
vn 0.50526065 -0.84172440 0.19029343
vn 0.67118019 0.71667069 0.18947318
vn 0.67118019 0.71667069 0.18947318
vn 0.67118019 0.71667069 0.18947318
vn 0.67118019 0.71667069 0.18947318
vn 0.53291959 -0.82305992 0.19639041
vn 0.53291959 -0.82305992 0.19639041
vn 0.53291959 -0.82305992 0.19639041
vn 0.53291959 -0.82305992 0.19639041
vn 0.68913388 0.69694299 0.19840591
vn 0.68913388 0.69694299 0.19840591
vn 0.68913388 0.69694299 0.19840591
vn 0.68913388 0.69694299 0.19840591
vn 0.55270648 -0.80849510 0.20211665
vn 0.55270648 -0.80849510 0.20211665
vn 0.55270648 -0.80849510 0.20211665
vn 0.55270648 -0.80849510 0.20211665
vn 0.70002937 0.68352342 0.20677178
vn 0.70002937 0.68352342 0.20677178
vn 0.70002937 0.68352342 0.20677178
vn 0.70002937 0.68352342 0.20677178
vn 0.56533742 -0.79842448 0.20715247
vn 0.56533742 -0.79842448 0.20715247
vn 0.56533742 -0.79842448 0.20715247
vn 0.56533742 -0.79842448 0.20715247
vn 0.70474458 0.67635423 0.21419606
vn 0.70474458 0.67635423 0.21419606
vn 0.70474458 0.67635423 0.21419606
vn 0.70474458 0.67635423 0.21419606
vn 0.57133585 -0.79309142 0.21114290
vn 0.57133585 -0.79309142 0.21114290
vn 0.57133585 -0.79309142 0.21114290
vn 0.57133585 -0.79309142 0.21114290
vn -0.95724547 0.00000000 0.28927708
vn -0.95724547 0.00000000 0.28927708
vn -0.95724547 0.00000000 0.28927708
vn -0.95724547 0.00000000 0.28927708
vn 0.95724547 -0.00000000 0.28927708
vn 0.95724547 -0.00000000 0.28927708
vn 0.95724547 -0.00000000 0.28927708
vn 0.95724547 -0.00000000 0.28927708
vn -0.71804184 0.69083607 0.08462563
vn -0.71804184 0.69083607 0.08462563
vn -0.71804184 0.69083607 0.08462563
vn -0.71804184 0.69083607 0.08462563
vn -0.57994211 -0.80981588 0.08868667
vn -0.57994211 -0.80981588 0.08868667
vn -0.57994211 -0.80981588 0.08868667
vn -0.57994211 -0.80981588 0.08868667
vn -0.71216762 0.69711196 0.08277693
vn -0.71216762 0.69711196 0.08277693
vn -0.71216762 0.69711196 0.08277693
vn -0.71216762 0.69711196 0.08277693
vn -0.57328951 -0.81446111 0.08939876
vn -0.57328951 -0.81446111 0.08939876
vn -0.57328951 -0.81446111 0.08939876
vn -0.57328951 -0.81446111 0.08939876
vn -0.69994175 0.70964020 0.08057526
vn -0.69994175 0.70964020 0.08057526
vn -0.69994175 0.70964020 0.08057526
vn -0.69994175 0.70964020 0.08057526
vn -0.55981034 -0.82374662 0.08974300
vn -0.55981034 -0.82374662 0.08974300
vn -0.55981034 -0.82374662 0.08974300
vn -0.55981034 -0.82374662 0.08974300
vn -0.68056434 0.72850537 0.07817901
vn -0.68056434 0.72850537 0.07817901
vn -0.68056434 0.72850537 0.07817901
vn -0.68056434 0.72850537 0.07817901
vn -0.53904927 -0.83746773 0.08985394
vn -0.53904927 -0.83746773 0.08985394
vn -0.53904927 -0.83746773 0.08985394
vn -0.53904927 -0.83746773 0.08985394
vn -0.65279245 0.75374222 0.07572722
vn -0.65279245 0.75374222 0.07572722
vn -0.65279245 0.75374222 0.07572722
vn -0.65279245 0.75374222 0.07572722
vn -0.51035541 -0.85525751 0.08984361
vn -0.51035541 -0.85525751 0.08984361
vn -0.51035541 -0.85525751 0.08984361
vn -0.51035541 -0.85525751 0.08984361
vn -0.61489958 0.78518707 0.07334703
vn -0.61489958 0.78518707 0.07334703
vn -0.61489958 0.78518707 0.07334703
vn -0.61489958 0.78518707 0.07334703
vn -0.47294331 -0.87650484 0.08979826
vn -0.47294331 -0.87650484 0.08979826
vn -0.47294331 -0.87650484 0.08979826
vn -0.47294331 -0.87650484 0.08979826
vn -0.56469190 0.82222897 0.07115176
vn -0.56469190 0.82222897 0.07115176
vn -0.56469190 0.82222897 0.07115176
vn -0.56469190 0.82222897 0.07115176
vn -0.42599985 -0.90025765 0.08977916
vn -0.42599985 -0.90025765 0.08977916
vn -0.42599985 -0.90025765 0.08977916
vn -0.42599985 -0.90025765 0.08977916
vn -0.49966657 0.86344635 0.06923786
vn -0.49966657 0.86344635 0.06923786
vn -0.49966657 0.86344635 0.06923786
vn -0.49966657 0.86344635 0.06923786
vn -0.36886925 -0.92513162 0.08981564
vn -0.36886925 -0.92513162 0.08981564
vn -0.36886925 -0.92513162 0.08981564
vn -0.36886925 -0.92513162 0.08981564
vn -0.41746575 0.90616900 0.06767609
vn -0.41746575 0.90616900 0.06767609
vn -0.41746575 0.90616900 0.06767609
vn -0.41746575 0.90616900 0.06767609
vn -0.30131924 -0.94927526 0.08990694
vn -0.30131924 -0.94927526 0.08990694
vn -0.30131924 -0.94927526 0.08990694
vn -0.30131924 -0.94927526 0.08990694
vn -0.31678885 0.94616199 0.06650097
vn -0.31678885 0.94616199 0.06650097
vn -0.31678885 0.94616199 0.06650097
vn -0.31678885 0.94616199 0.06650097
vn -0.22387379 -0.97045177 0.09002109
vn -0.22387379 -0.97045177 0.09002109
vn -0.22387379 -0.97045177 0.09002109
vn -0.22387379 -0.97045177 0.09002109
vn -0.19870858 0.97785360 0.06570479
vn -0.19870858 0.97785360 0.06570479
vn -0.19870858 0.97785360 0.06570479
vn -0.19870858 0.97785360 0.06570479
vn -0.13809544 -0.98631144 0.09010836
vn -0.13809544 -0.98631144 0.09010836
vn -0.13809544 -0.98631144 0.09010836
vn -0.13809544 -0.98631144 0.09010836
vn -0.06782163 0.99556106 0.06525687
vn -0.06782163 0.99556106 0.06525687
vn -0.06782163 0.99556106 0.06525687
vn -0.06782163 0.99556106 0.06525687
vn -0.04669591 -0.99483591 0.09011712
vn -0.04669591 -0.99483591 0.09011712
vn -0.04669591 -0.99483591 0.09011712
vn -0.04669591 -0.99483591 0.09011712
vn 0.06782219 0.99556917 0.06513233
vn 0.06782219 0.99556917 0.06513233
vn 0.06782219 0.99556917 0.06513233
vn 0.06782219 0.99556917 0.06513233
vn 0.04669633 -0.99484491 0.09001742
vn 0.04669633 -0.99484491 0.09001742
vn 0.04669633 -0.99484491 0.09001742
vn 0.04669633 -0.99484491 0.09001742
vn 0.19871336 0.97787714 0.06533965
vn 0.19871336 0.97787714 0.06533965
vn 0.19871336 0.97787714 0.06533965
vn 0.19871336 0.97787714 0.06533965
vn 0.13809913 -0.98633784 0.08981296
vn 0.13809913 -0.98633784 0.08981296
vn 0.13809913 -0.98633784 0.08981296
vn 0.13809913 -0.98633784 0.08981296
vn 0.31680110 0.94619852 0.06591928
vn 0.31680110 0.94619852 0.06591928
vn 0.31680110 0.94619852 0.06591928
vn 0.31680110 0.94619852 0.06591928
vn 0.22388349 -0.97049385 0.08954251
vn 0.22388349 -0.97049385 0.08954251
vn 0.22388349 -0.97049385 0.08954251
vn 0.22388349 -0.97049385 0.08954251
vn 0.41748735 0.90621591 0.06691081
vn 0.41748735 0.90621591 0.06691081
vn 0.41748735 0.90621591 0.06691081
vn 0.41748735 0.90621591 0.06691081
vn 0.30133677 -0.94933045 0.08926244
vn 0.30133677 -0.94933045 0.08926244
vn 0.30133677 -0.94933045 0.08926244
vn 0.30133677 -0.94933045 0.08926244
vn 0.49969816 0.86350089 0.06832119
vn 0.49969816 0.86350089 0.06832119
vn 0.49969816 0.86350089 0.06832119
vn 0.49969816 0.86350089 0.06832119
vn 0.36889550 -0.92519748 0.08902715
vn 0.36889550 -0.92519748 0.08902715
vn 0.36889550 -0.92519748 0.08902715
vn 0.36889550 -0.92519748 0.08902715
vn 0.56473345 0.82228941 0.07011587
vn 0.56473345 0.82228941 0.07011587
vn 0.56473345 0.82228941 0.07011587
vn 0.56473345 0.82228941 0.07011587
vn 0.42603484 -0.90033156 0.08886796
vn 0.42603484 -0.90033156 0.08886796
vn 0.42603484 -0.90033156 0.08886796
vn 0.42603484 -0.90033156 0.08886796
vn 0.61495024 0.78525180 0.07221958
vn 0.61495024 0.78525180 0.07221958
vn 0.61495024 0.78525180 0.07221958
vn 0.61495024 0.78525180 0.07221958
vn 0.47298640 -0.87658471 0.08878708
vn 0.47298640 -0.87658471 0.08878708
vn 0.47298640 -0.87658471 0.08878708
vn 0.47298640 -0.87658471 0.08878708
vn 0.65285140 0.75381041 0.07453085
vn 0.65285140 0.75381041 0.07453085
vn 0.65285140 0.75381041 0.07453085
vn 0.65285140 0.75381041 0.07453085
vn 0.51040560 -0.85534161 0.08875197
vn 0.51040560 -0.85534161 0.08875197
vn 0.51040560 -0.85534161 0.08875197
vn 0.51040560 -0.85534161 0.08875197
vn 0.68063062 0.72857630 0.07693195
vn 0.68063062 0.72857630 0.07693195
vn 0.68063062 0.72857630 0.07693195
vn 0.68063062 0.72857630 0.07693195
vn 0.53910512 -0.83755457 0.08870135
vn 0.53910512 -0.83755457 0.08870135
vn 0.53910512 -0.83755457 0.08870135
vn 0.53910512 -0.83755457 0.08870135
vn 0.70001394 0.70971328 0.07929354
vn 0.70001394 0.70971328 0.07929354
vn 0.70001394 0.70971328 0.07929354
vn 0.70001394 0.70971328 0.07929354
vn 0.55987060 -0.82383525 0.08854571
vn 0.55987060 -0.82383525 0.08854571
vn 0.55987060 -0.82383525 0.08854571
vn 0.55987060 -0.82383525 0.08854571
vn 0.71224445 0.69718719 0.08147275
vn 0.71224445 0.69718719 0.08147275
vn 0.71224445 0.69718719 0.08147275
vn 0.71224445 0.69718719 0.08147275
vn 0.57335246 -0.81455046 0.08817305
vn 0.57335246 -0.81455046 0.08817305
vn 0.57335246 -0.81455046 0.08817305
vn 0.57335246 -0.81455046 0.08817305
vn 0.71812159 0.69091278 0.08331154
vn 0.71812159 0.69091278 0.08331154
vn 0.71812159 0.69091278 0.08331154
vn 0.71812159 0.69091278 0.08331154
vn 0.58000600 -0.80990511 0.08744605
vn 0.58000600 -0.80990511 0.08744605
vn 0.58000600 -0.80990511 0.08744605
vn 0.58000600 -0.80990511 0.08744605
vn -0.99369586 0.00000000 0.11210942
vn -0.99369586 0.00000000 0.11210942
vn -0.99369586 0.00000000 0.11210942
vn -0.99369586 0.00000000 0.11210942
vn 0.99369586 -0.00000000 0.11210942
vn 0.99369586 -0.00000000 0.11210942
vn 0.99369586 -0.00000000 0.11210942
vn 0.99369586 -0.00000000 0.11210942
vn -0.71605217 0.69292426 0.08441191
vn -0.71605217 0.69292426 0.08441191
vn -0.71605217 0.69292426 0.08441191
vn -0.71605217 0.69292426 0.08441191
vn -0.58104134 -0.80901825 0.08877180
vn -0.58104134 -0.80901825 0.08877180
vn -0.58104134 -0.80901825 0.08877180
vn -0.58104134 -0.80901825 0.08877180
vn -0.71015662 0.69918197 0.08259574
vn -0.71015662 0.69918197 0.08259574
vn -0.71015662 0.69918197 0.08259574
vn -0.71015662 0.69918197 0.08259574
vn -0.57438922 -0.81367832 0.08946808
vn -0.57438922 -0.81367832 0.08946808
vn -0.57438922 -0.81367832 0.08946808
vn -0.57438922 -0.81367832 0.08946808
vn -0.69789213 0.71167302 0.08042484
vn -0.69789213 0.71167302 0.08042484
vn -0.69789213 0.71167302 0.08042484
vn -0.69789213 0.71167302 0.08042484
vn -0.56091022 -0.82299227 0.08979705
vn -0.56091022 -0.82299227 0.08979705
vn -0.56091022 -0.82299227 0.08979705
vn -0.56091022 -0.82299227 0.08979705
vn -0.67846322 0.73047572 0.07805662
vn -0.67846322 0.73047572 0.07805662
vn -0.67846322 0.73047572 0.07805662
vn -0.67846322 0.73047572 0.07805662
vn -0.54014450 -0.83675736 0.08989445
vn -0.54014450 -0.83675736 0.08989445
vn -0.54014450 -0.83675736 0.08989445
vn -0.54014450 -0.83675736 0.08989445
vn -0.65063477 0.75561535 0.07563084
vn -0.65063477 0.75561535 0.07563084
vn -0.65063477 0.75561535 0.07563084
vn -0.65063477 0.75561535 0.07563084
vn -0.51143813 -0.85460758 0.08987165
vn -0.51143813 -0.85460758 0.08987165
vn -0.51143813 -0.85460758 0.08987165
vn -0.51143813 -0.85460758 0.08987165
vn -0.61269391 0.78691620 0.07327394
vn -0.61269391 0.78691620 0.07327394
vn -0.61269391 0.78691620 0.07327394
vn -0.61269391 0.78691620 0.07327394
vn -0.47399735 -0.87593353 0.08981641
vn -0.47399735 -0.87593353 0.08981641
vn -0.47399735 -0.87593353 0.08981641
vn -0.47399735 -0.87593353 0.08981641
vn -0.56247151 0.82375407 0.07109900
vn -0.56247151 0.82375407 0.07109900
vn -0.56247151 0.82375407 0.07109900
vn -0.56247151 0.82375407 0.07109900
vn -0.42700240 -0.89978164 0.08978875
vn -0.42700240 -0.89978164 0.08978875
vn -0.42700240 -0.89978164 0.08978875
vn -0.42700240 -0.89978164 0.08978875
vn -0.49750099 0.86469859 0.06920221
vn -0.49750099 0.86469859 0.06920221
vn -0.49750099 0.86469859 0.06920221
vn -0.49750099 0.86469859 0.06920221
vn -0.36978585 -0.92476535 0.08981961
vn -0.36978585 -0.92476535 0.08981961
vn -0.36978585 -0.92476535 0.08981961
vn -0.36978585 -0.92476535 0.08981961
vn -0.41547412 0.90708560 0.06765357
vn -0.41547412 0.90708560 0.06765357
vn -0.41547412 0.90708560 0.06765357
vn -0.41547412 0.90708560 0.06765357
vn -0.30210832 -0.94902438 0.08990698
vn -0.30210832 -0.94902438 0.08990698
vn -0.30210832 -0.94902438 0.08990698
vn -0.30210832 -0.94902438 0.08990698
vn -0.31514275 0.94671255 0.06648705
vn -0.31514275 0.94671255 0.06648705
vn -0.31514275 0.94671255 0.06648705
vn -0.31514275 0.94671255 0.06648705
vn -0.22448635 -0.97031039 0.09001964
vn -0.22448635 -0.97031039 0.09001964
vn -0.22448635 -0.97031039 0.09001964
vn -0.22448635 -0.97031039 0.09001964
vn -0.19760625 0.97807753 0.06569769
vn -0.19760625 0.97807753 0.06569769
vn -0.19760625 0.97807753 0.06569769
vn -0.19760625 0.97807753 0.06569769
vn -0.13848607 -0.98625678 0.09010648
vn -0.13848607 -0.98625678 0.09010648
vn -0.13848607 -0.98625678 0.09010648
vn -0.13848607 -0.98625678 0.09010648
vn -0.06743189 0.99558759 0.06525487
vn -0.06743189 0.99558759 0.06525487
vn -0.06743189 0.99558759 0.06525487
vn -0.06743189 0.99558759 0.06525487
vn -0.04683004 -0.99482965 0.09011610
vn -0.04683004 -0.99482965 0.09011610
vn -0.04683004 -0.99482965 0.09011610
vn -0.04683004 -0.99482965 0.09011610
vn 0.06743243 0.99559551 0.06513413
vn 0.06743243 0.99559551 0.06513413
vn 0.06743243 0.99559551 0.06513413
vn 0.06743243 0.99559551 0.06513413
vn 0.04683046 -0.99483854 0.09001748
vn 0.04683046 -0.99483854 0.09001748
vn 0.04683046 -0.99483854 0.09001748
vn 0.04683046 -0.99483854 0.09001748
vn 0.19761086 0.97810024 0.06534372
vn 0.19761086 0.97810024 0.06534372
vn 0.19761086 0.97810024 0.06534372
vn 0.19761086 0.97810024 0.06534372
vn 0.13848974 -0.98628289 0.08981495
vn 0.13848974 -0.98628289 0.08981495
vn 0.13848974 -0.98628289 0.08981495
vn 0.13848974 -0.98628289 0.08981495
vn 0.31515449 0.94674802 0.06592261
vn 0.31515449 0.94674802 0.06592261
vn 0.31515449 0.94674802 0.06592261
vn 0.31515449 0.94674802 0.06592261
vn 0.22449599 -0.97035205 0.08954691
vn 0.22449599 -0.97035205 0.08954691
vn 0.22449599 -0.97035205 0.08954691
vn 0.22449599 -0.97035205 0.08954691
vn 0.41549501 0.90713114 0.06690934
vn 0.41549501 0.90713114 0.06690934
vn 0.41549501 0.90713114 0.06690934
vn 0.41549501 0.90713114 0.06690934
vn 0.30212569 -0.94907898 0.08927100
vn 0.30212569 -0.94907898 0.08927100
vn 0.30212569 -0.94907898 0.08927100
vn 0.30212569 -0.94907898 0.08927100
vn 0.49753171 0.86475188 0.06831129
vn 0.49753171 0.86475188 0.06831129
vn 0.49753171 0.86475188 0.06831129
vn 0.49753171 0.86475188 0.06831129
vn 0.36981180 -0.92483020 0.08904110
vn 0.36981180 -0.92483020 0.08904110
vn 0.36981180 -0.92483020 0.08904110
vn 0.36981180 -0.92483020 0.08904110
vn 0.56251168 0.82381290 0.07009196
vn 0.56251168 0.82381290 0.07009196
vn 0.56251168 0.82381290 0.07009196
vn 0.56251168 0.82381290 0.07009196
vn 0.42703694 -0.89985442 0.08888997
vn 0.42703694 -0.89985442 0.08888997
vn 0.42703694 -0.89985442 0.08888997
vn 0.42703694 -0.89985442 0.08888997
vn 0.61274296 0.78697932 0.07217724
vn 0.61274296 0.78697932 0.07217724
vn 0.61274296 0.78697932 0.07217724
vn 0.61274296 0.78697932 0.07217724
vn 0.47403997 -0.87601227 0.08881833
vn 0.47403997 -0.87601227 0.08881833
vn 0.47403997 -0.87601227 0.08881833
vn 0.47403997 -0.87601227 0.08881833
vn 0.65069187 0.75568169 0.07446675
vn 0.65069187 0.75568169 0.07446675
vn 0.65069187 0.75568169 0.07446675
vn 0.65069187 0.75568169 0.07446675
vn 0.51148766 -0.85469037 0.08879495
vn 0.51148766 -0.85469037 0.08879495
vn 0.51148766 -0.85469037 0.08879495
vn 0.51148766 -0.85469037 0.08879495
vn 0.67852741 0.73054487 0.07684308
vn 0.67852741 0.73054487 0.07684308
vn 0.67852741 0.73054487 0.07684308
vn 0.67852741 0.73054487 0.07684308
vn 0.54019982 -0.83684301 0.08875714
vn 0.54019982 -0.83684301 0.08875714
vn 0.54019982 -0.83684301 0.08875714
vn 0.54019982 -0.83684301 0.08875714
vn 0.69796199 0.71174431 0.07917704
vn 0.69796199 0.71174431 0.07917704
vn 0.69796199 0.71174431 0.07917704
vn 0.69796199 0.71174431 0.07917704
vn 0.56096971 -0.82307959 0.08861619
vn 0.56096971 -0.82307959 0.08861619
vn 0.56096971 -0.82307959 0.08861619
vn 0.56096971 -0.82307959 0.08861619
vn 0.71023101 0.69925529 0.08132647
vn 0.71023101 0.69925529 0.08132647
vn 0.71023101 0.69925529 0.08132647
vn 0.71023101 0.69925529 0.08132647
vn 0.57445151 -0.81376660 0.08825862
vn 0.57445151 -0.81376660 0.08825862
vn 0.57445151 -0.81376660 0.08825862
vn 0.57445151 -0.81376660 0.08825862
vn 0.71612936 0.69299895 0.08313249
vn 0.71612936 0.69299895 0.08313249
vn 0.71612936 0.69299895 0.08313249
vn 0.71612936 0.69299895 0.08313249
vn 0.58110452 -0.80910623 0.08754821
vn 0.58110452 -0.80910623 0.08754821
vn 0.58110452 -0.80910623 0.08754821
vn 0.58110452 -0.80910623 0.08754821
vn -0.99369597 0.00000000 0.11210919
vn -0.99369597 0.00000000 0.11210919
vn -0.99369597 0.00000000 0.11210919
vn -0.99369597 0.00000000 0.11210919
vn 0.99369597 -0.00000000 0.11210919
vn 0.99369597 -0.00000000 0.11210919
vn 0.99369597 -0.00000000 0.11210919
vn 0.99369597 -0.00000000 0.11210919
vn -0.71415979 0.69489902 0.08420873
vn -0.71415979 0.69489902 0.08420873
vn -0.71415979 0.69489902 0.08420873
vn -0.71415979 0.69489902 0.08420873
vn -0.58357173 -0.80717331 0.08896811
vn -0.58357173 -0.80717331 0.08896811
vn -0.58357173 -0.80717331 0.08896811
vn -0.58357173 -0.80717331 0.08896811
vn -0.70824420 0.70113933 0.08242357
vn -0.70824420 0.70113933 0.08242357
vn -0.70824420 0.70113933 0.08242357
vn -0.70824420 0.70113933 0.08242357
vn -0.57692212 -0.81186682 0.08962724
vn -0.57692212 -0.81186682 0.08962724
vn -0.57692212 -0.81186682 0.08962724
vn -0.57692212 -0.81186682 0.08962724
vn -0.69594365 0.71359462 0.08028168
vn -0.69594365 0.71359462 0.08028168
vn -0.69594365 0.71359462 0.08028168
vn -0.69594365 0.71359462 0.08028168
vn -0.56344277 -0.82124686 0.08992179
vn -0.56344277 -0.82124686 0.08992179
vn -0.56344277 -0.82124686 0.08992179
vn -0.56344277 -0.82124686 0.08992179
vn -0.67646688 0.73233724 0.07794036
vn -0.67646688 0.73233724 0.07794036
vn -0.67646688 0.73233724 0.07794036
vn -0.67646688 0.73233724 0.07794036
vn -0.54266840 -0.83511275 0.08998754
vn -0.54266840 -0.83511275 0.08998754
vn -0.54266840 -0.83511275 0.08998754
vn -0.54266840 -0.83511275 0.08998754
vn -0.64858556 0.75738406 0.07553941
vn -0.64858556 0.75738406 0.07553941
vn -0.64858556 0.75738406 0.07553941
vn -0.64858556 0.75738406 0.07553941
vn -0.51393265 -0.85310280 0.08993695
vn -0.51393265 -0.85310280 0.08993695
vn -0.51393265 -0.85310280 0.08993695
vn -0.51393265 -0.85310280 0.08993695
vn -0.61060148 0.78854728 0.07320464
vn -0.61060148 0.78854728 0.07320464
vn -0.61060148 0.78854728 0.07320464
vn -0.61060148 0.78854728 0.07320464
vn -0.47642872 -0.87460911 0.08985819
vn -0.47642872 -0.87460911 0.08985819
vn -0.47642872 -0.87460911 0.08985819
vn -0.47642872 -0.87460911 0.08985819
vn -0.56036687 0.82519138 0.07104931
vn -0.56036687 0.82519138 0.07104931
vn -0.56036687 0.82519138 0.07104931
vn -0.56036687 0.82519138 0.07104931
vn -0.42931449 -0.89867848 0.08981221
vn -0.42931449 -0.89867848 0.08981221
vn -0.42931449 -0.89867848 0.08981221
vn -0.42931449 -0.89867848 0.08981221
vn -0.49545059 0.86587781 0.06916866
vn -0.49545059 0.86587781 0.06916866
vn -0.49545059 0.86587781 0.06916866
vn -0.49545059 0.86587781 0.06916866
vn -0.37190279 -0.92391503 0.08982994
vn -0.37190279 -0.92391503 0.08982994
vn -0.37190279 -0.92391503 0.08982994
vn -0.37190279 -0.92391503 0.08982994
vn -0.41359100 0.90794736 0.06763242
vn -0.41359100 0.90794736 0.06763242
vn -0.41359100 0.90794736 0.06763242
vn -0.41359100 0.90794736 0.06763242
vn -0.30393076 -0.94844204 0.08990910
vn -0.30393076 -0.94844204 0.08990910
vn -0.30393076 -0.94844204 0.08990910
vn -0.30393076 -0.94844204 0.08990910
vn -0.31358814 0.94722944 0.06647491
vn -0.31358814 0.94722944 0.06647491
vn -0.31358814 0.94722944 0.06647491
vn -0.31358814 0.94722944 0.06647491
vn -0.22590324 -0.96998173 0.09001735
vn -0.22590324 -0.96998173 0.09001735
vn -0.22590324 -0.96998173 0.09001735
vn -0.22590324 -0.96998173 0.09001735
vn -0.19656545 0.97828758 0.06569170
vn -0.19656545 0.97828758 0.06569170
vn -0.19656545 0.97828758 0.06569170
vn -0.19656545 0.97828758 0.06569170
vn -0.13938917 -0.98612988 0.09010369
vn -0.13938917 -0.98612988 0.09010369
vn -0.13938917 -0.98612988 0.09010369
vn -0.13938917 -0.98612988 0.09010369
vn -0.06706444 0.99561262 0.06525304
vn -0.06706444 0.99561262 0.06525304
vn -0.06706444 0.99561262 0.06525304
vn -0.06706444 0.99561262 0.06525304
vn -0.04714090 -0.99481505 0.09011506
vn -0.04714090 -0.99481505 0.09011506
vn -0.04714090 -0.99481505 0.09011506
vn -0.04714090 -0.99481505 0.09011506
vn 0.06706495 0.99562019 0.06513573
vn 0.06706495 0.99562019 0.06513573
vn 0.06706495 0.99562019 0.06513573
vn 0.06706495 0.99562019 0.06513573
vn 0.04714131 -0.99482369 0.09001920
vn 0.04714131 -0.99482369 0.09001920
vn 0.04714131 -0.99482369 0.09001920
vn 0.04714131 -0.99482369 0.09001920
vn 0.19656990 0.97830981 0.06534752
vn 0.19656990 0.97830981 0.06534752
vn 0.19656990 0.97830981 0.06534752
vn 0.19656990 0.97830981 0.06534752
vn 0.13939275 -0.98615515 0.08982077
vn 0.13939275 -0.98615515 0.08982077
vn 0.13939275 -0.98615515 0.08982077
vn 0.13939275 -0.98615515 0.08982077
vn 0.31359956 0.94726396 0.06592632
vn 0.31359956 0.94726396 0.06592632
vn 0.31359956 0.94726396 0.06592632
vn 0.31359956 0.94726396 0.06592632
vn 0.22591260 -0.97002196 0.08955925
vn 0.22591260 -0.97002196 0.08955925
vn 0.22591260 -0.97002196 0.08955925
vn 0.22591260 -0.97002196 0.08955925
vn 0.41361120 0.90799171 0.06690882
vn 0.41361120 0.90799171 0.06690882
vn 0.41361120 0.90799171 0.06690882
vn 0.41361120 0.90799171 0.06690882
vn 0.30394772 -0.94849497 0.08929213
vn 0.30394772 -0.94849497 0.08929213
vn 0.30394772 -0.94849497 0.08929213
vn 0.30394772 -0.94849497 0.08929213
vn 0.49548024 0.86592966 0.06830194
vn 0.49548024 0.86592966 0.06830194
vn 0.49548024 0.86592966 0.06830194
vn 0.49548024 0.86592966 0.06830194
vn 0.37192813 -0.92397791 0.08907481
vn 0.37192813 -0.92397791 0.08907481
vn 0.37192813 -0.92397791 0.08907481
vn 0.37192813 -0.92397791 0.08907481
vn 0.56040579 0.82524884 0.07006940
vn 0.56040579 0.82524884 0.07006940
vn 0.56040579 0.82524884 0.07006940
vn 0.56040579 0.82524884 0.07006940
vn 0.42934817 -0.89874893 0.08894073
vn 0.42934817 -0.89874893 0.08894073
vn 0.42934817 -0.89874893 0.08894073
vn 0.42934817 -0.89874893 0.08894073
vn 0.61064911 0.78860879 0.07213733
vn 0.61064911 0.78860879 0.07213733
vn 0.61064911 0.78860879 0.07213733
vn 0.61064911 0.78860879 0.07213733
vn 0.47647026 -0.87468535 0.08889111
vn 0.47647026 -0.87468535 0.08889111
vn 0.47647026 -0.87468535 0.08889111
vn 0.47647026 -0.87468535 0.08889111
vn 0.64864093 0.75744879 0.07440586
vn 0.64864093 0.75744879 0.07440586
vn 0.64864093 0.75744879 0.07440586
vn 0.64864093 0.75744879 0.07440586
vn 0.51398098 -0.85318303 0.08889385
vn 0.51398098 -0.85318303 0.08889385
vn 0.51398098 -0.85318303 0.08889385
vn 0.51398098 -0.85318303 0.08889385
vn 0.67652917 0.73240459 0.07675868
vn 0.67652917 0.73240459 0.07675868
vn 0.67652917 0.73240459 0.07675868
vn 0.67652917 0.73240459 0.07675868
vn 0.54272223 -0.83519566 0.08888606
vn 0.54272223 -0.83519566 0.08888606
vn 0.54272223 -0.83519566 0.08888606
vn 0.54272223 -0.83519566 0.08888606
vn 0.69601142 0.71366417 0.07906630
vn 0.69601142 0.71366417 0.07906630
vn 0.69601142 0.71366417 0.07906630
vn 0.69601142 0.71366417 0.07906630
vn 0.56350076 -0.82133138 0.08877794
vn 0.56350076 -0.82133138 0.08877794
vn 0.56350076 -0.82133138 0.08877794
vn 0.56350076 -0.82133138 0.08877794
vn 0.70831639 0.70121080 0.08118720
vn 0.70831639 0.70121080 0.08118720
vn 0.70831639 0.70121080 0.08118720
vn 0.70831639 0.70121080 0.08118720
vn 0.57698274 -0.81195217 0.08845611
vn 0.57698274 -0.81195217 0.08845611
vn 0.57698274 -0.81195217 0.08845611
vn 0.57698274 -0.81195217 0.08845611
vn 0.71423471 0.69497192 0.08296236
vn 0.71423471 0.69497192 0.08296236
vn 0.71423471 0.69497192 0.08296236
vn 0.71423471 0.69497192 0.08296236
vn 0.58363330 -0.80725849 0.08778332
vn 0.58363330 -0.80725849 0.08778332
vn 0.58363330 -0.80725849 0.08778332
vn 0.58363330 -0.80725849 0.08778332
vn -0.99369591 0.00000000 0.11210917
vn -0.99369591 0.00000000 0.11210917
vn -0.99369591 0.00000000 0.11210917
vn -0.99369591 0.00000000 0.11210917
vn 0.99369591 -0.00000000 0.11210917
vn 0.99369591 -0.00000000 0.11210917
vn 0.99369591 -0.00000000 0.11210917
vn 0.99369591 -0.00000000 0.11210917
vn -0.71340281 0.69568592 0.08412766
vn -0.71340281 0.69568592 0.08412766
vn -0.71340281 0.69568592 0.08412766
vn -0.71340281 0.69568592 0.08412766
vn -0.58594143 -0.80543435 0.08915198
vn -0.58594143 -0.80543435 0.08915198
vn -0.58594143 -0.80543435 0.08915198
vn -0.58594143 -0.80543435 0.08915198
vn -0.70747900 0.70191956 0.08235499
vn -0.70747900 0.70191956 0.08235499
vn -0.70747900 0.70191956 0.08235499
vn -0.70747900 0.70191956 0.08235499
vn -0.57929444 -0.81015933 0.08977597
vn -0.57929444 -0.81015933 0.08977597
vn -0.57929444 -0.81015933 0.08977597
vn -0.57929444 -0.81015933 0.08977597
vn -0.69516462 0.71436000 0.08022412
vn -0.69516462 0.71436000 0.08022412
vn -0.69516462 0.71436000 0.08022412
vn -0.69516462 0.71436000 0.08022412
vn -0.56581616 -0.81960064 0.09003796
vn -0.56581616 -0.81960064 0.09003796
vn -0.56581616 -0.81960064 0.09003796
vn -0.56581616 -0.81960064 0.09003796
vn -0.67566884 0.73307854 0.07789382
vn -0.67566884 0.73307854 0.07789382
vn -0.67566884 0.73307854 0.07789382
vn -0.67566884 0.73307854 0.07789382
vn -0.54503387 -0.83356142 0.09007446
vn -0.54503387 -0.83356142 0.09007446
vn -0.54503387 -0.83356142 0.09007446
vn -0.54503387 -0.83356142 0.09007446
vn -0.64776671 0.75808823 0.07550272
vn -0.64776671 0.75808823 0.07550272
vn -0.64776671 0.75808823 0.07550272
vn -0.64776671 0.75808823 0.07550272
vn -0.51627249 -0.85168242 0.08999819
vn -0.51627249 -0.85168242 0.08999819
vn -0.51627249 -0.85168242 0.08999819
vn -0.51627249 -0.85168242 0.08999819
vn -0.60976559 0.78919649 0.07317679
vn -0.60976559 0.78919649 0.07317679
vn -0.60976559 0.78919649 0.07317679
vn -0.60976559 0.78919649 0.07317679
vn -0.47871056 -0.87335831 0.08989733
vn -0.47871056 -0.87335831 0.08989733
vn -0.47871056 -0.87335831 0.08989733
vn -0.47871056 -0.87335831 0.08989733
vn -0.55952716 0.82576281 0.07102876
vn -0.55952716 0.82576281 0.07102876
vn -0.55952716 0.82576281 0.07102876
vn -0.55952716 0.82576281 0.07102876
vn -0.43148708 -0.89763516 0.08983438
vn -0.43148708 -0.89763516 0.08983438
vn -0.43148708 -0.89763516 0.08983438
vn -0.43148708 -0.89763516 0.08983438
vn -0.49463329 0.86634612 0.06915479
vn -0.49463329 0.86634612 0.06915479
vn -0.49463329 0.86634612 0.06915479
vn -0.49463329 0.86634612 0.06915479
vn -0.37389392 -0.92311013 0.08983851
vn -0.37389392 -0.92311013 0.08983851
vn -0.37389392 -0.92311013 0.08983851
vn -0.37389392 -0.92311013 0.08983851
vn -0.41284060 0.90828931 0.06762394
vn -0.41284060 0.90828931 0.06762394
vn -0.41284060 0.90828931 0.06762394
vn -0.41284060 0.90828931 0.06762394
vn -0.30564624 -0.94789058 0.08990990
vn -0.30564624 -0.94789058 0.08990990
vn -0.30564624 -0.94789058 0.08990990
vn -0.30564624 -0.94789058 0.08990990
vn -0.31296879 0.94743454 0.06647001
vn -0.31296879 0.94743454 0.06647001
vn -0.31296879 0.94743454 0.06647001
vn -0.31296879 0.94743454 0.06647001
vn -0.22723606 -0.96967053 0.09001564
vn -0.22723606 -0.96967053 0.09001564
vn -0.22723606 -0.96967053 0.09001564
vn -0.22723606 -0.96967053 0.09001564
vn -0.19615196 0.97837079 0.06568887
vn -0.19615196 0.97837079 0.06568887
vn -0.19615196 0.97837079 0.06568887
vn -0.19615196 0.97837079 0.06568887
vn -0.14024024 -0.98600936 0.09010171
vn -0.14024024 -0.98600936 0.09010171
vn -0.14024024 -0.98600936 0.09010171
vn -0.14024024 -0.98600936 0.09010171
vn -0.06691813 0.99562240 0.06525239
vn -0.06691813 0.99562240 0.06525239
vn -0.06691813 0.99562240 0.06525239
vn -0.06691813 0.99562240 0.06525239
vn -0.04743439 -0.99480128 0.09011400
vn -0.04743439 -0.99480128 0.09011400
vn -0.04743439 -0.99480128 0.09011400
vn -0.04743439 -0.99480128 0.09011400
vn 0.06691865 0.99563003 0.06513634
vn 0.06691865 0.99563003 0.06513634
vn 0.06691865 0.99563003 0.06513634
vn 0.06691865 0.99563003 0.06513634
vn 0.04743479 -0.99480963 0.09002157
vn 0.04743479 -0.99480963 0.09002157
vn 0.04743479 -0.99480963 0.09002157
vn 0.04743479 -0.99480963 0.09002157
vn 0.19615634 0.97839266 0.06534912
vn 0.19615634 0.97839266 0.06534912
vn 0.19615634 0.97839266 0.06534912
vn 0.19615634 0.97839266 0.06534912
vn 0.14024372 -0.98603398 0.08982681
vn 0.14024372 -0.98603398 0.08982681
vn 0.14024372 -0.98603398 0.08982681
vn 0.14024372 -0.98603398 0.08982681
vn 0.31298009 0.94746882 0.06592735
vn 0.31298009 0.94746882 0.06592735
vn 0.31298009 0.94746882 0.06592735
vn 0.31298009 0.94746882 0.06592735
vn 0.22724524 -0.96970969 0.08956978
vn 0.22724524 -0.96970969 0.08956978
vn 0.22724524 -0.96970969 0.08956978
vn 0.22724524 -0.96970969 0.08956978
vn 0.41286063 0.90833330 0.06690852
vn 0.41286063 0.90833330 0.06690852
vn 0.41286063 0.90833330 0.06690852
vn 0.41286063 0.90833330 0.06690852
vn 0.30566278 -0.94794190 0.08931094
vn 0.30566278 -0.94794190 0.08931094
vn 0.30566278 -0.94794190 0.08931094
vn 0.30566278 -0.94794190 0.08931094
vn 0.49466252 0.86639732 0.06829815
vn 0.49466252 0.86639732 0.06829815
vn 0.49466252 0.86639732 0.06829815
vn 0.49466252 0.86639732 0.06829815
vn 0.37391862 -0.92317110 0.08910677
vn 0.37391862 -0.92317110 0.08910677
vn 0.37391862 -0.92317110 0.08910677
vn 0.37391862 -0.92317110 0.08910677
vn 0.55956560 0.82581955 0.07005992
vn 0.55956560 0.82581955 0.07005992
vn 0.55956560 0.82581955 0.07005992
vn 0.55956560 0.82581955 0.07005992
vn 0.43151996 -0.89770353 0.08898848
vn 0.43151996 -0.89770353 0.08898848
vn 0.43151996 -0.89770353 0.08898848
vn 0.43151996 -0.89770353 0.08898848
vn 0.60981256 0.78925735 0.07212067
vn 0.60981256 0.78925735 0.07212067
vn 0.60981256 0.78925735 0.07212067
vn 0.60981256 0.78925735 0.07212067
vn 0.47875106 -0.87343216 0.08895945
vn 0.47875106 -0.87343216 0.08895945
vn 0.47875106 -0.87343216 0.08895945
vn 0.47875106 -0.87343216 0.08895945
vn 0.64782137 0.75815219 0.07438138
vn 0.64782137 0.75815219 0.07438138
vn 0.64782137 0.75815219 0.07438138
vn 0.64782137 0.75815219 0.07438138
vn 0.51631963 -0.85176027 0.08898630
vn 0.51631963 -0.85176027 0.08898630
vn 0.51631963 -0.85176027 0.08898630
vn 0.51631963 -0.85176027 0.08898630
vn 0.67573029 0.73314518 0.07672479
vn 0.67573029 0.73314518 0.07672479
vn 0.67573029 0.73314518 0.07672479
vn 0.67573029 0.73314518 0.07672479
vn 0.54508644 -0.83364183 0.08900617
vn 0.54508644 -0.83364183 0.08900617
vn 0.54508644 -0.83364183 0.08900617
vn 0.54508644 -0.83364183 0.08900617
vn 0.69523156 0.71442872 0.07902195
vn 0.69523156 0.71442872 0.07902195
vn 0.69523156 0.71442872 0.07902195
vn 0.69523156 0.71442872 0.07902195
vn 0.56587273 -0.81968266 0.08892918
vn 0.56587273 -0.81968266 0.08892918
vn 0.56587273 -0.81968266 0.08892918
vn 0.56587273 -0.81968266 0.08892918
vn 0.70755029 0.70199031 0.08113117
vn 0.70755029 0.70199031 0.08113117
vn 0.70755029 0.70199031 0.08113117
vn 0.70755029 0.70199031 0.08113117
vn 0.57935357 -0.81024200 0.08864107
vn 0.57935357 -0.81024200 0.08864107
vn 0.57935357 -0.81024200 0.08864107
vn 0.57935357 -0.81024200 0.08864107
vn 0.71347690 0.69575799 0.08289464
vn 0.71347690 0.69575799 0.08289464
vn 0.71347690 0.69575799 0.08289464
vn 0.71347690 0.69575799 0.08289464
vn 0.58600152 -0.80551696 0.08800343
vn 0.58600152 -0.80551696 0.08800343
vn 0.58600152 -0.80551696 0.08800343
vn 0.58600152 -0.80551696 0.08800343
vn -0.99369586 0.00000000 0.11210945
vn -0.99369586 0.00000000 0.11210945
vn -0.99369586 0.00000000 0.11210945
vn -0.99369586 0.00000000 0.11210945
vn 0.99369586 -0.00000000 0.11210945
vn 0.99369586 -0.00000000 0.11210945
vn 0.99369586 -0.00000000 0.11210945
vn 0.99369586 -0.00000000 0.11210945
vn -0.71062350 0.70232630 -0.04185717
vn -0.71062350 0.70232630 -0.04185717
vn -0.71062350 0.70232630 -0.04185717
vn -0.71062350 0.70232630 -0.04185717
vn -0.58829588 -0.80668485 -0.05628168
vn -0.58829588 -0.80668485 -0.05628168
vn -0.58829588 -0.80668485 -0.05628168
vn -0.58829588 -0.80668485 -0.05628168
vn -0.70432550 0.70821869 -0.04849561
vn -0.70432550 0.70821869 -0.04849561
vn -0.70432550 0.70821869 -0.04849561
vn -0.70432550 0.70821869 -0.04849561
vn -0.58152109 -0.81127703 -0.06052127
vn -0.58152109 -0.81127703 -0.06052127
vn -0.58152109 -0.81127703 -0.06052127
vn -0.58152109 -0.81127703 -0.06052127
vn -0.69154322 0.72022778 -0.05513496
vn -0.69154322 0.72022778 -0.05513496
vn -0.69154322 0.72022778 -0.05513496
vn -0.69154322 0.72022778 -0.05513496
vn -0.56787908 -0.82056904 -0.06465156
vn -0.56787908 -0.82056904 -0.06465156
vn -0.56787908 -0.82056904 -0.06465156
vn -0.56787908 -0.82056904 -0.06465156
vn -0.67151445 0.73840135 -0.06190128
vn -0.67151445 0.73840135 -0.06190128
vn -0.67151445 0.73840135 -0.06190128
vn -0.67151445 0.73840135 -0.06190128
vn -0.54690534 -0.83436930 -0.06872035
vn -0.54690534 -0.83436930 -0.06872035
vn -0.54690534 -0.83436930 -0.06872035
vn -0.54690534 -0.83436930 -0.06872035
vn -0.64304823 0.76272100 -0.06888825
vn -0.64304823 0.76272100 -0.06888825
vn -0.64304823 0.76272100 -0.06888825
vn -0.64304823 0.76272100 -0.06888825
vn -0.51793242 -0.85232240 -0.07275018
vn -0.51793242 -0.85232240 -0.07275018
vn -0.51793242 -0.85232240 -0.07275018
vn -0.51793242 -0.85232240 -0.07275018
vn -0.60450947 0.79295015 -0.07614711
vn -0.60450947 0.79295015 -0.07614711
vn -0.60450947 0.79295015 -0.07614711
vn -0.60450947 0.79295015 -0.07614711
vn -0.48014593 -0.87382656 -0.07672691
vn -0.48014593 -0.87382656 -0.07672691
vn -0.48014593 -0.87382656 -0.07672691
vn -0.48014593 -0.87382656 -0.07672691
vn -0.55384541 0.82840663 -0.08365195
vn -0.55384541 0.82840663 -0.08365195
vn -0.55384541 0.82840663 -0.08365195
vn -0.55384541 0.82840663 -0.08365195
vn -0.43269268 -0.89793193 -0.08059354
vn -0.43269268 -0.89793193 -0.08059354
vn -0.43269268 -0.89793193 -0.08059354
vn -0.43269268 -0.89793193 -0.08059354
vn -0.48876938 0.86762667 -0.09126107
vn -0.48876938 0.86762667 -0.09126107
vn -0.48876938 0.86762667 -0.09126107
vn -0.48876938 0.86762667 -0.09126107
vn -0.37486729 -0.92324358 -0.08423705
vn -0.37486729 -0.92324358 -0.08423705
vn -0.37486729 -0.92324358 -0.08423705
vn -0.37486729 -0.92324358 -0.08423705
vn -0.40720993 0.90798992 -0.09866326
vn -0.40720993 0.90798992 -0.09866326
vn -0.40720993 0.90798992 -0.09866326
vn -0.40720993 0.90798992 -0.09866326
vn -0.30639383 -0.94787556 -0.08749142
vn -0.30639383 -0.94787556 -0.08749142
vn -0.30639383 -0.94787556 -0.08749142
vn -0.30639383 -0.94787556 -0.08749142
vn -0.30816558 0.94548190 -0.10534674
vn -0.30816558 0.94548190 -0.10534674
vn -0.30816558 0.94548190 -0.10534674
vn -0.30816558 0.94548190 -0.10534674
vn -0.22776432 -0.96953493 -0.09014141
vn -0.22776432 -0.96953493 -0.09014141
vn -0.22776432 -0.96953493 -0.09014141
vn -0.22776432 -0.96953493 -0.09014141
vn -0.19286680 0.97496814 -0.11063207
vn -0.19286680 0.97496814 -0.11063207
vn -0.19286680 0.97496814 -0.11063207
vn -0.19286680 0.97496814 -0.11063207
vn -0.14055477 -0.98579317 -0.09195731
vn -0.14055477 -0.98579317 -0.09195731
vn -0.14055477 -0.98579317 -0.09195731
vn -0.14055477 -0.98579317 -0.09195731
vn -0.06574234 0.99132371 -0.11382129
vn -0.06574234 0.99132371 -0.11382129
vn -0.06574234 0.99132371 -0.11382129
vn -0.06574234 0.99132371 -0.11382129
vn -0.04753875 -0.99455470 -0.09274141
vn -0.04753875 -0.99455470 -0.09274141
vn -0.04753875 -0.99455470 -0.09274141
vn -0.04753875 -0.99455470 -0.09274141
vn 0.06573761 0.99125260 -0.11444105
vn 0.06573761 0.99125260 -0.11444105
vn 0.06573761 0.99125260 -0.11444105
vn 0.06573761 0.99125260 -0.11444105
vn 0.04754032 -0.99458760 -0.09238666
vn 0.04754032 -0.99458760 -0.09238666
vn 0.04754032 -0.99458760 -0.09238666
vn 0.04754032 -0.99458760 -0.09238666
vn 0.19282715 0.97476774 -0.11245204
vn 0.19282715 0.97476774 -0.11245204
vn 0.19282715 0.97476774 -0.11245204
vn 0.19282715 0.97476774 -0.11245204
vn 0.14056839 -0.98588872 -0.09090669
vn 0.14056839 -0.98588872 -0.09090669
vn 0.14056839 -0.98588872 -0.09090669
vn 0.14056839 -0.98588872 -0.09090669
vn 0.30806872 0.94518471 -0.10825702
vn 0.30806872 0.94518471 -0.10825702
vn 0.30806872 0.94518471 -0.10825702
vn 0.30806872 0.94518471 -0.10825702
vn 0.22779924 -0.96968353 -0.08843865
vn 0.22779924 -0.96968353 -0.08843865
vn 0.22779924 -0.96968353 -0.08843865
vn 0.22779924 -0.96968353 -0.08843865
vn 0.40705058 0.90763462 -0.10251373
vn 0.40705058 0.90763462 -0.10251373
vn 0.40705058 0.90763462 -0.10251373
vn 0.40705058 0.90763462 -0.10251373
vn 0.30645496 -0.94806463 -0.08519948
vn 0.30645496 -0.94806463 -0.08519948
vn 0.30645496 -0.94806463 -0.08519948
vn 0.30645496 -0.94806463 -0.08519948
vn 0.48855585 0.86724770 -0.09588894
vn 0.48855585 0.86724770 -0.09588894
vn 0.48855585 0.86724770 -0.09588894
vn 0.48855585 0.86724770 -0.09588894
vn 0.37495497 -0.92345953 -0.08143221
vn 0.37495497 -0.92345953 -0.08143221
vn 0.37495497 -0.92345953 -0.08143221
vn 0.37495497 -0.92345953 -0.08143221
vn 0.55359262 0.82802856 -0.08890296
vn 0.55359262 0.82802856 -0.08890296
vn 0.55359262 0.82802856 -0.08890296
vn 0.55359262 0.82802856 -0.08890296
vn 0.43280414 -0.89816326 -0.07735284
vn 0.43280414 -0.89816326 -0.07735284
vn 0.43280414 -0.89816326 -0.07735284
vn 0.43280414 -0.89816326 -0.07735284
vn 0.60423368 0.79258841 -0.08188502
vn 0.60423368 0.79258841 -0.08188502
vn 0.60423368 0.79258841 -0.08188502
vn 0.60423368 0.79258841 -0.08188502
vn 0.48027611 -0.87406343 -0.07312898
vn 0.48027611 -0.87406343 -0.07312898
vn 0.48027611 -0.87406343 -0.07312898
vn 0.48027611 -0.87406343 -0.07312898
vn 0.64276421 0.76238406 -0.07499915
vn 0.64276421 0.76238406 -0.07499915
vn 0.64276421 0.76238406 -0.07499915
vn 0.64276421 0.76238406 -0.07499915
vn 0.51807564 -0.85255802 -0.06886618
vn 0.51807564 -0.85255802 -0.06886618
vn 0.51807564 -0.85255802 -0.06886618
vn 0.51807564 -0.85255802 -0.06886618
vn 0.67123419 0.73809308 -0.06828815
vn 0.67123419 0.73809308 -0.06828815
vn 0.67123419 0.73809308 -0.06828815
vn 0.67123419 0.73809308 -0.06828815
vn 0.54705560 -0.83459866 -0.06461716
vn 0.54705560 -0.83459866 -0.06461716
vn 0.54705560 -0.83459866 -0.06461716
vn 0.54705560 -0.83459866 -0.06461716
vn 0.69127637 0.71994984 -0.06171859
vn 0.69127637 0.71994984 -0.06171859
vn 0.69127637 0.71994984 -0.06171859
vn 0.69127637 0.71994984 -0.06171859
vn 0.56803107 -0.82078868 -0.06038849
vn 0.56803107 -0.82078868 -0.06038849
vn 0.56803107 -0.82078868 -0.06038849
vn 0.56803107 -0.82078868 -0.06038849
vn 0.70407987 0.70797175 -0.05520485
vn 0.70407987 0.70797175 -0.05520485
vn 0.70407987 0.70797175 -0.05520485
vn 0.70407987 0.70797175 -0.05520485
vn 0.58166975 -0.81148446 -0.05615451
vn 0.58166975 -0.81148446 -0.05615451
vn 0.58166975 -0.81148446 -0.05615451
vn 0.58166975 -0.81148446 -0.05615451
vn 0.71040523 0.70211059 -0.04863191
vn 0.71040523 0.70211059 -0.04863191
vn 0.71040523 0.70211059 -0.04863191
vn 0.71040523 0.70211059 -0.04863191
vn 0.58843690 -0.80687821 -0.05186095
vn 0.58843690 -0.80687821 -0.05186095
vn 0.58843690 -0.80687821 -0.05186095
vn 0.58843690 -0.80687821 -0.05186095
vn -0.99876350 0.00000000 -0.04971227
vn -0.99876350 0.00000000 -0.04971227
vn -0.99876350 0.00000000 -0.04971227
vn -0.99876350 0.00000000 -0.04971227
vn 0.99876350 -0.00000000 -0.04971227
vn 0.99876350 -0.00000000 -0.04971227
vn 0.99876350 -0.00000000 -0.04971227
vn 0.99876350 -0.00000000 -0.04971227
vn -0.69866633 0.71425039 -0.04137209
vn -0.69866633 0.71425039 -0.04137209
vn -0.69866633 0.71425039 -0.04137209
vn -0.69866633 0.71425039 -0.04137209
vn -0.58416426 -0.80968720 -0.05620228
vn -0.58416426 -0.80968720 -0.05620228
vn -0.58416426 -0.80968720 -0.05620228
vn -0.58416426 -0.80968720 -0.05620228
vn -0.69226766 0.72002810 -0.04821791
vn -0.69226766 0.72002810 -0.04821791
vn -0.69226766 0.72002810 -0.04821791
vn -0.69226766 0.72002810 -0.04821791
vn -0.57738858 -0.81422621 -0.06048236
vn -0.57738858 -0.81422621 -0.06048236
vn -0.57738858 -0.81422621 -0.06048236
vn -0.57738858 -0.81422621 -0.06048236
vn -0.67929554 0.73179710 -0.05505227
vn -0.67929554 0.73179710 -0.05505227
vn -0.67929554 0.73179710 -0.05505227
vn -0.67929554 0.73179710 -0.05505227
vn -0.56374735 -0.82341343 -0.06464787
vn -0.56374735 -0.82341343 -0.06464787
vn -0.56374735 -0.82341343 -0.06464787
vn -0.56374735 -0.82341343 -0.06464787
vn -0.65901369 0.74957180 -0.06199190
vn -0.65901369 0.74957180 -0.06199190
vn -0.65901369 0.74957180 -0.06199190
vn -0.65901369 0.74957180 -0.06199190
vn -0.54278970 -0.83705038 -0.06874618
vn -0.54278970 -0.83705038 -0.06874618
vn -0.54278970 -0.83705038 -0.06874618
vn -0.54278970 -0.83705038 -0.06874618
vn -0.63028210 0.77328289 -0.06912370
vn -0.63028210 0.77328289 -0.06912370
vn -0.63028210 0.77328289 -0.06912370
vn -0.63028210 0.77328289 -0.06912370
vn -0.51386368 -0.85477751 -0.07279769
vn -0.51386368 -0.85477751 -0.07279769
vn -0.51386368 -0.85477751 -0.07279769
vn -0.51386368 -0.85477751 -0.07279769
vn -0.59155101 0.80263144 -0.07648659
vn -0.59155101 0.80263144 -0.07648659
vn -0.59155101 0.80263144 -0.07648659
vn -0.59155101 0.80263144 -0.07648659
vn -0.47618142 -0.87598795 -0.07678799
vn -0.47618142 -0.87598795 -0.07678799
vn -0.47618142 -0.87598795 -0.07678799
vn -0.47618142 -0.87598795 -0.07678799
vn -0.54090720 0.83687270 -0.08404458
vn -0.54090720 0.83687270 -0.08404458
vn -0.54090720 0.83687270 -0.08404458
vn -0.54090720 0.83687270 -0.08404458
vn -0.42891988 -0.89973438 -0.08065820
vn -0.42891988 -0.89973438 -0.08065820
vn -0.42891988 -0.89973438 -0.08065820
vn -0.42891988 -0.89973438 -0.08065820
vn -0.47627139 0.87450939 -0.09164606
vn -0.47627139 0.87450939 -0.09164606
vn -0.47627139 0.87450939 -0.09164606
vn -0.47627139 0.87450939 -0.09164606
vn -0.37141374 -0.92463279 -0.08429725
vn -0.37141374 -0.92463279 -0.08429725
vn -0.37141374 -0.92463279 -0.08429725
vn -0.37141374 -0.92463279 -0.08429725
vn -0.39583388 0.91297245 -0.09897944
vn -0.39583388 0.91297245 -0.09897944
vn -0.39583388 0.91297245 -0.09897944
vn -0.39583388 0.91297245 -0.09897944
vn -0.30341831 -0.94882792 -0.08753825
vn -0.30341831 -0.94882792 -0.08753825
vn -0.30341831 -0.94882792 -0.08753825
vn -0.30341831 -0.94882792 -0.08753825
vn -0.29885539 0.94844335 -0.10554960
vn -0.29885539 0.94844335 -0.10554960
vn -0.29885539 0.94844335 -0.10554960
vn -0.29885539 0.94844335 -0.10554960
vn -0.22545108 -0.97007269 -0.09017085
vn -0.22545108 -0.97007269 -0.09017085
vn -0.22545108 -0.97007269 -0.09017085
vn -0.22545108 -0.97007269 -0.09017085
vn -0.18668537 0.97616118 -0.11071489
vn -0.18668537 0.97616118 -0.11071489
vn -0.18668537 0.97616118 -0.11071489
vn -0.18668537 0.97616118 -0.11071489
vn -0.13907911 -0.98600137 -0.09196971
vn -0.13907911 -0.98600137 -0.09196971
vn -0.13907911 -0.98600137 -0.09196971
vn -0.13907911 -0.98600137 -0.09196971
vn -0.06356571 0.99146479 -0.11382829
vn -0.06356571 0.99146479 -0.11382829
vn -0.06356571 0.99146479 -0.11382829
vn -0.06356571 0.99146479 -0.11382829
vn -0.04703158 -0.99457872 -0.09274337
vn -0.04703158 -0.99457872 -0.09274337
vn -0.04703158 -0.99457872 -0.09274337
vn -0.04703158 -0.99457872 -0.09274337
vn 0.06356109 0.99139267 -0.11445736
vn 0.06356109 0.99139267 -0.11445736
vn 0.06356109 0.99139267 -0.11445736
vn 0.06356109 0.99139267 -0.11445736
vn 0.04703315 -0.99461192 -0.09238604
vn 0.04703315 -0.99461192 -0.09238604
vn 0.04703315 -0.99461192 -0.09238604
vn 0.04703315 -0.99461192 -0.09238604
vn 0.18664642 0.97595733 -0.11256255
vn 0.18664642 0.97595733 -0.11256255
vn 0.18664642 0.97595733 -0.11256255
vn 0.18664642 0.97595733 -0.11256255
vn 0.13909265 -0.98609740 -0.09091310
vn 0.13909265 -0.98609740 -0.09091310
vn 0.13909265 -0.98609740 -0.09091310
vn 0.13909265 -0.98609740 -0.09091310
vn 0.29875958 0.94813925 -0.10851088
vn 0.29875958 0.94813925 -0.10851088
vn 0.29875958 0.94813925 -0.10851088
vn 0.29875958 0.94813925 -0.10851088
vn 0.22548588 -0.97022241 -0.08845722
vn 0.22548588 -0.97022241 -0.08845722
vn 0.22548588 -0.97022241 -0.08845722
vn 0.22548588 -0.97022241 -0.08845722
vn 0.39567536 0.91260672 -0.10290674
vn 0.39567536 0.91260672 -0.10290674
vn 0.39567536 0.91260672 -0.10290674
vn 0.39567536 0.91260672 -0.10290674
vn 0.30347928 -0.94901854 -0.08523083
vn 0.30347928 -0.94901854 -0.08523083
vn 0.30347928 -0.94901854 -0.08523083
vn 0.30347928 -0.94901854 -0.08523083
vn 0.47605768 0.87411702 -0.09637746
vn 0.47605768 0.87411702 -0.09637746
vn 0.47605768 0.87411702 -0.09637746
vn 0.47605768 0.87411702 -0.09637746
vn 0.37150136 -0.92485094 -0.08147070
vn 0.37150136 -0.92485094 -0.08147070
vn 0.37150136 -0.92485094 -0.08147070
vn 0.37150136 -0.92485094 -0.08147070
vn 0.54065293 0.83647925 -0.08942537
vn 0.54065293 0.83647925 -0.08942537
vn 0.54065293 0.83647925 -0.08942537
vn 0.54065293 0.83647925 -0.08942537
vn 0.42903128 -0.89996809 -0.07739222
vn 0.42903128 -0.89996809 -0.07739222
vn 0.42903128 -0.89996809 -0.07739222
vn 0.42903128 -0.89996809 -0.07739222
vn 0.59127235 0.80225348 -0.08237817
vn 0.59127235 0.80225348 -0.08237817
vn 0.59127235 0.80225348 -0.08237817
vn 0.59127235 0.80225348 -0.08237817
vn 0.47631171 -0.87622762 -0.07315977
vn 0.47631171 -0.87622762 -0.07315977
vn 0.47631171 -0.87622762 -0.07315977
vn 0.47631171 -0.87622762 -0.07315977
vn 0.62999445 0.77292985 -0.07540796
vn 0.62999445 0.77292985 -0.07540796
vn 0.62999445 0.77292985 -0.07540796
vn 0.62999445 0.77292985 -0.07540796
vn 0.51400697 -0.85501593 -0.06888002
vn 0.51400697 -0.85501593 -0.06888002
vn 0.51400697 -0.85501593 -0.06888002
vn 0.51400697 -0.85501593 -0.06888002
vn 0.65872967 0.74924868 -0.06856927
vn 0.65872967 0.74924868 -0.06856927
vn 0.65872967 0.74924868 -0.06856927
vn 0.65872967 0.74924868 -0.06856927
vn 0.54294020 -0.83728248 -0.06460556
vn 0.54294020 -0.83728248 -0.06460556
vn 0.54294020 -0.83728248 -0.06460556
vn 0.54294020 -0.83728248 -0.06460556
vn 0.67902523 0.73150575 -0.06183776
vn 0.67902523 0.73150575 -0.06183776
vn 0.67902523 0.73150575 -0.06183776
vn 0.67902523 0.73150575 -0.06183776
vn 0.56389952 -0.82363570 -0.06034505
vn 0.56389952 -0.82363570 -0.06034505
vn 0.56389952 -0.82363570 -0.06034505
vn 0.56389952 -0.82363570 -0.06034505
vn 0.69201952 0.71976990 -0.05513832
vn 0.69201952 0.71976990 -0.05513832
vn 0.69201952 0.71976990 -0.05513832
vn 0.69201952 0.71976990 -0.05513832
vn 0.57753748 -0.81443620 -0.05607323
vn 0.57753748 -0.81443620 -0.05607323
vn 0.57753748 -0.81443620 -0.05607323
vn 0.57753748 -0.81443620 -0.05607323
vn 0.69844681 0.71402609 -0.04836120
vn 0.69844681 0.71402609 -0.04836120
vn 0.69844681 0.71402609 -0.04836120
vn 0.69844681 0.71402609 -0.04836120
vn 0.58430541 -0.80988288 -0.05173926
vn 0.58430541 -0.80988288 -0.05173926
vn 0.58430541 -0.80988288 -0.05173926
vn 0.58430541 -0.80988288 -0.05173926
vn -0.99876356 0.00000000 -0.04971217
vn -0.99876356 0.00000000 -0.04971217
vn -0.99876356 0.00000000 -0.04971217
vn -0.99876356 0.00000000 -0.04971217
vn 0.99876356 -0.00000000 -0.04971217
vn 0.99876356 -0.00000000 -0.04971217
vn 0.99876356 -0.00000000 -0.04971217
vn 0.99876356 -0.00000000 -0.04971217
vn -0.68571216 0.72672611 -0.04084253
vn -0.68571216 0.72672611 -0.04084253
vn -0.68571216 0.72672611 -0.04084253
vn -0.68571216 0.72672611 -0.04084253
vn -0.57378930 -0.81708622 -0.05599889
vn -0.57378930 -0.81708622 -0.05599889
vn -0.57378930 -0.81708622 -0.05599889
vn -0.57378930 -0.81708622 -0.05599889
vn -0.67921680 0.73237252 -0.04790762
vn -0.67921680 0.73237252 -0.04790762
vn -0.67921680 0.73237252 -0.04790762
vn -0.67921680 0.73237252 -0.04790762
vn -0.56701380 -0.82149243 -0.06037803
vn -0.56701380 -0.82149243 -0.06037803
vn -0.56701380 -0.82149243 -0.06037803
vn -0.56701380 -0.82149243 -0.06037803
vn -0.66606390 0.74386805 -0.05494678
vn -0.66606390 0.74386805 -0.05494678
vn -0.66606390 0.74386805 -0.05494678
vn -0.66606390 0.74386805 -0.05494678
vn -0.55338573 -0.83041376 -0.06463166
vn -0.55338573 -0.83041376 -0.06463166
vn -0.55338573 -0.83041376 -0.06463166
vn -0.55338573 -0.83041376 -0.06463166
vn -0.64554763 0.76119363 -0.06206894
vn -0.64554763 0.76119363 -0.06206894
vn -0.64554763 0.76119363 -0.06206894
vn -0.64554763 0.76119363 -0.06206894
vn -0.53248125 -0.84364080 -0.06880359
vn -0.53248125 -0.84364080 -0.06880359
vn -0.53248125 -0.84364080 -0.06880359
vn -0.53248125 -0.84364080 -0.06880359
vn -0.61658335 0.78422922 -0.06935136
vn -0.61658335 0.78422922 -0.06935136
vn -0.61658335 0.78422922 -0.06935136
vn -0.61658335 0.78422922 -0.06935136
vn -0.50369161 -0.86080122 -0.07291021
vn -0.50369161 -0.86080122 -0.07291021
vn -0.50369161 -0.86080122 -0.07291021
vn -0.50369161 -0.86080122 -0.07291021
vn -0.57771373 0.81261617 -0.07682236
vn -0.57771373 0.81261617 -0.07682236
vn -0.57771373 0.81261617 -0.07682236
vn -0.57771373 0.81261617 -0.07682236
vn -0.46628916 -0.88128066 -0.07693414
vn -0.46628916 -0.88128066 -0.07693414
vn -0.46628916 -0.88128066 -0.07693414
vn -0.46628916 -0.88128066 -0.07693414
vn -0.52717596 0.84555095 -0.08443479
vn -0.52717596 0.84555095 -0.08443479
vn -0.52717596 0.84555095 -0.08443479
vn -0.52717596 0.84555095 -0.08443479
vn -0.41953006 -0.90413690 -0.08081464
vn -0.41953006 -0.90413690 -0.08081464
vn -0.41953006 -0.90413690 -0.08081464
vn -0.41953006 -0.90413690 -0.08081464
vn -0.46309674 0.88151711 -0.09202773
vn -0.46309674 0.88151711 -0.09202773
vn -0.46309674 0.88151711 -0.09202773
vn -0.46309674 0.88151711 -0.09202773
vn -0.36283687 -0.92801893 -0.08444085
vn -0.36283687 -0.92801893 -0.08444085
vn -0.36283687 -0.92801893 -0.08444085
vn -0.36283687 -0.92801893 -0.08444085
vn -0.38393202 0.91800737 -0.09929161
vn -0.38393202 0.91800737 -0.09929161
vn -0.38393202 0.91800737 -0.09929161
vn -0.38393202 0.91800737 -0.09929161
vn -0.29605120 -0.95114195 -0.08765074
vn -0.29605120 -0.95114195 -0.08765074
vn -0.29605120 -0.95114195 -0.08765074
vn -0.29605120 -0.95114195 -0.08765074
vn -0.28918234 0.95141518 -0.10574783
vn -0.28918234 0.95141518 -0.10574783
vn -0.28918234 0.95141518 -0.10574783
vn -0.28918234 0.95141518 -0.10574783
vn -0.21973652 -0.97137654 -0.09024188
vn -0.21973652 -0.97137654 -0.09024188
vn -0.21973652 -0.97137654 -0.09024188
vn -0.21973652 -0.97137654 -0.09024188
vn -0.18029712 0.97735226 -0.11079461
vn -0.18029712 0.97735226 -0.11079461
vn -0.18029712 0.97735226 -0.11079461
vn -0.18029712 0.97735226 -0.11079461
vn -0.13544133 -0.98650467 -0.09200104
vn -0.13544133 -0.98650467 -0.09200104
vn -0.13544133 -0.98650467 -0.09200104
vn -0.13544133 -0.98650467 -0.09200104
vn -0.06132529 0.99160504 -0.11383534
vn -0.06132529 0.99160504 -0.11383534
vn -0.06132529 0.99160504 -0.11383534
vn -0.06132529 0.99160504 -0.11383534
vn -0.04578031 -0.99463654 -0.09274853
vn -0.04578031 -0.99463654 -0.09274853
vn -0.04578031 -0.99463654 -0.09274853
vn -0.04578031 -0.99463654 -0.09274853
vn 0.06132077 0.99153197 -0.11447343
vn 0.06132077 0.99153197 -0.11447343
vn 0.06132077 0.99153197 -0.11447343
vn 0.06132077 0.99153197 -0.11447343
vn 0.04578185 -0.99467015 -0.09238601
vn 0.04578185 -0.99467015 -0.09238601
vn 0.04578185 -0.99467015 -0.09238601
vn 0.04578185 -0.99467015 -0.09238601
vn 0.18025880 0.97714466 -0.11267231
vn 0.18025880 0.97714466 -0.11267231
vn 0.18025880 0.97714466 -0.11267231
vn 0.18025880 0.97714466 -0.11267231
vn 0.13545473 -0.98660225 -0.09092864
vn 0.13545473 -0.98660225 -0.09092864
vn 0.13545473 -0.98660225 -0.09092864
vn 0.13545473 -0.98660225 -0.09092864
vn 0.28908783 0.95110416 -0.10876173
vn 0.28908783 0.95110416 -0.10876173
vn 0.28908783 0.95110416 -0.10876173
vn 0.28908783 0.95110416 -0.10876173
vn 0.21977095 -0.97152877 -0.08850130
vn 0.21977095 -0.97152877 -0.08850130
vn 0.21977095 -0.97152877 -0.08850130
vn 0.21977095 -0.97152877 -0.08850130
vn 0.38377467 0.91763097 -0.10329761
vn 0.38377467 0.91763097 -0.10329761
vn 0.38377467 0.91763097 -0.10329761
vn 0.38377467 0.91763097 -0.10329761
vn 0.29611173 -0.95133644 -0.08530422
vn 0.29611173 -0.95133644 -0.08530422
vn 0.29611173 -0.95133644 -0.08530422
vn 0.29611173 -0.95133644 -0.08530422
vn 0.46288314 0.88111061 -0.09686679
vn 0.46288314 0.88111061 -0.09686679
vn 0.46288314 0.88111061 -0.09686679
vn 0.46288314 0.88111061 -0.09686679
vn 0.36292416 -0.92824209 -0.08156329
vn 0.36292416 -0.92824209 -0.08156329
vn 0.36292416 -0.92824209 -0.08156329
vn 0.36292416 -0.92824209 -0.08156329
vn 0.52692050 0.84514123 -0.08995016
vn 0.52692050 0.84514123 -0.08995016
vn 0.52692050 0.84514123 -0.08995016
vn 0.52692050 0.84514123 -0.08995016
vn 0.41964132 -0.90437669 -0.07748536
vn 0.41964132 -0.90437669 -0.07748536
vn 0.41964132 -0.90437669 -0.07748536
vn 0.41964132 -0.90437669 -0.07748536
vn 0.57743287 0.81222123 -0.08287444
vn 0.57743287 0.81222123 -0.08287444
vn 0.57743287 0.81222123 -0.08287444
vn 0.57743287 0.81222123 -0.08287444
vn 0.46641952 -0.88152701 -0.07323138
vn 0.46641952 -0.88152701 -0.07323138
vn 0.46641952 -0.88152701 -0.07323138
vn 0.46641952 -0.88152701 -0.07323138
vn 0.61629248 0.78385919 -0.07581746
vn 0.61629248 0.78385919 -0.07581746
vn 0.61629248 0.78385919 -0.07581746
vn 0.61629248 0.78385919 -0.07581746
vn 0.50383532 -0.86104679 -0.06890805
vn 0.50383532 -0.86104679 -0.06890805
vn 0.50383532 -0.86104679 -0.06890805
vn 0.50383532 -0.86104679 -0.06890805
vn 0.64526016 0.76085454 -0.06884567
vn 0.64526016 0.76085454 -0.06884567
vn 0.64526016 0.76085454 -0.06884567
vn 0.64526016 0.76085454 -0.06884567
vn 0.53263223 -0.84388006 -0.06457001
vn 0.53263223 -0.84388006 -0.06457001
vn 0.53263223 -0.84388006 -0.06457001
vn 0.53263223 -0.84388006 -0.06457001
vn 0.66579062 0.74356276 -0.06194514
vn 0.66579062 0.74356276 -0.06194514
vn 0.66579062 0.74356276 -0.06194514
vn 0.66579062 0.74356276 -0.06194514
vn 0.55353844 -0.83064294 -0.06022966
vn 0.55353844 -0.83064294 -0.06022966
vn 0.55353844 -0.83064294 -0.06022966
vn 0.55353844 -0.83064294 -0.06022966
vn 0.67896646 0.73210251 -0.05504984
vn 0.67896646 0.73210251 -0.05504984
vn 0.67896646 0.73210251 -0.05504984
vn 0.67896646 0.73210251 -0.05504984
vn 0.56716305 -0.82170874 -0.05586525
vn 0.56716305 -0.82170874 -0.05586525
vn 0.56716305 -0.82170874 -0.05586525
vn 0.56716305 -0.82170874 -0.05586525
vn 0.68549180 0.72649258 -0.04805809
vn 0.68549180 0.72649258 -0.04805809
vn 0.68549180 0.72649258 -0.04805809
vn 0.68549180 0.72649258 -0.04805809
vn 0.57393050 -0.81728733 -0.05142997
vn 0.57393050 -0.81728733 -0.05142997
vn 0.57393050 -0.81728733 -0.05142997
vn 0.57393050 -0.81728733 -0.05142997
vn -0.99876362 0.00000000 -0.04971217
vn -0.99876362 0.00000000 -0.04971217
vn -0.99876362 0.00000000 -0.04971217
vn -0.99876362 0.00000000 -0.04971217
vn 0.99876362 -0.00000000 -0.04971217
vn 0.99876362 -0.00000000 -0.04971217
vn 0.99876362 -0.00000000 -0.04971217
vn 0.99876362 -0.00000000 -0.04971217
vn -0.68002921 0.73205954 -0.04060902
vn -0.68002921 0.73205954 -0.04060902
vn -0.68002921 0.73205954 -0.04060902
vn -0.68002921 0.73205954 -0.04060902
vn -0.56281245 -0.82470065 -0.05577585
vn -0.56281245 -0.82470065 -0.05577585
vn -0.56281245 -0.82470065 -0.05577585
vn -0.56281245 -0.82470065 -0.05577585
vn -0.67349505 0.73764670 -0.04776830
vn -0.67349505 0.73764670 -0.04776830
vn -0.67349505 0.73764670 -0.04776830
vn -0.67349505 0.73764670 -0.04776830
vn -0.55604416 -0.82896543 -0.06025869
vn -0.55604416 -0.82896543 -0.06025869
vn -0.55604416 -0.82896543 -0.06025869
vn -0.55604416 -0.82896543 -0.06025869
vn -0.66027129 0.74901819 -0.05489588
vn -0.66027129 0.74901819 -0.05489588
vn -0.66027129 0.74901819 -0.05489588
vn -0.66027129 0.74901819 -0.05489588
vn -0.54244423 -0.83760405 -0.06460430
vn -0.54244423 -0.83760405 -0.06460430
vn -0.54244423 -0.83760405 -0.06460430
vn -0.54244423 -0.83760405 -0.06460430
vn -0.63966435 0.76614207 -0.06209619
vn -0.63966435 0.76614207 -0.06209619
vn -0.63966435 0.76614207 -0.06209619
vn -0.63966435 0.76614207 -0.06209619
vn -0.52161622 -0.85039747 -0.06885276
vn -0.52161622 -0.85039747 -0.06885276
vn -0.52161622 -0.85039747 -0.06885276
vn -0.52161622 -0.85039747 -0.06885276
vn -0.61061543 0.78887659 -0.06944329
vn -0.61061543 0.78887659 -0.06944329
vn -0.61061543 0.78887659 -0.06944329
vn -0.61061543 0.78887659 -0.06944329
vn -0.49299735 -0.86696142 -0.07301700
vn -0.49299735 -0.86696142 -0.07301700
vn -0.49299735 -0.86696142 -0.07301700
vn -0.49299735 -0.86696142 -0.07301700
vn -0.57170796 0.81683969 -0.07696036
vn -0.57170796 0.81683969 -0.07696036
vn -0.57170796 0.81683969 -0.07696036
vn -0.57170796 0.81683969 -0.07696036
vn -0.45592061 -0.88667679 -0.07707638
vn -0.45592061 -0.88667679 -0.07707638
vn -0.45592061 -0.88667679 -0.07707638
vn -0.45592061 -0.88667679 -0.07707638
vn -0.52124095 0.84920645 -0.08459507
vn -0.52124095 0.84920645 -0.08459507
vn -0.52124095 0.84920645 -0.08459507
vn -0.52124095 0.84920645 -0.08459507
vn -0.40972203 -0.90860999 -0.08096830
vn -0.40972203 -0.90860999 -0.08096830
vn -0.40972203 -0.90860999 -0.08096830
vn -0.40972203 -0.90860999 -0.08096830
vn -0.45743150 0.88445371 -0.09218502
vn -0.45743150 0.88445371 -0.09218502
vn -0.45743150 0.88445371 -0.09218502
vn -0.45743150 0.88445371 -0.09218502
vn -0.35391200 -0.93144631 -0.08458263
vn -0.35391200 -0.93144631 -0.08458263
vn -0.35391200 -0.93144631 -0.08458263
vn -0.35391200 -0.93144631 -0.08458263
vn -0.37884030 0.92010641 -0.09941940
vn -0.37884030 0.92010641 -0.09941940
vn -0.37884030 0.92010641 -0.09941940
vn -0.37884030 0.92010641 -0.09941940
vn -0.28841224 -0.95347589 -0.08776177
vn -0.28841224 -0.95347589 -0.08776177
vn -0.28841224 -0.95347589 -0.08776177
vn -0.28841224 -0.95347589 -0.08776177
vn -0.28506497 0.95264810 -0.10582899
vn -0.28506497 0.95264810 -0.10582899
vn -0.28506497 0.95264810 -0.10582899
vn -0.28506497 0.95264810 -0.10582899
vn -0.21383128 -0.97268695 -0.09031278
vn -0.21383128 -0.97268695 -0.09031278
vn -0.21383128 -0.97268695 -0.09031278
vn -0.21383128 -0.97268695 -0.09031278
vn -0.17758974 0.97784418 -0.11082729
vn -0.17758974 0.97784418 -0.11082729
vn -0.17758974 0.97784418 -0.11082729
vn -0.17758974 0.97784418 -0.11082729
vn -0.13169126 -0.98700935 -0.09203267
vn -0.13169126 -0.98700935 -0.09203267
vn -0.13169126 -0.98700935 -0.09203267
vn -0.13169126 -0.98700935 -0.09203267
vn -0.06037721 0.99166304 -0.11383758
vn -0.06037721 0.99166304 -0.11383758
vn -0.06037721 0.99166304 -0.11383758
vn -0.06037721 0.99166304 -0.11383758
vn -0.04449216 -0.99469447 -0.09275443
vn -0.04449216 -0.99469447 -0.09275443
vn -0.04449216 -0.99469447 -0.09275443
vn -0.04449216 -0.99469447 -0.09275443
vn 0.06037272 0.99158931 -0.11447991
vn 0.06037272 0.99158931 -0.11447991
vn 0.06037272 0.99158931 -0.11447991
vn 0.06037272 0.99158931 -0.11447991
vn 0.04449369 -0.99472868 -0.09238649
vn 0.04449369 -0.99472868 -0.09238649
vn 0.04449369 -0.99472868 -0.09238649
vn 0.04449369 -0.99472868 -0.09238649
vn 0.17755176 0.97763509 -0.11271682
vn 0.17755176 0.97763509 -0.11271682
vn 0.17755176 0.97763509 -0.11271682
vn 0.17755176 0.97763509 -0.11271682
vn 0.13170448 -0.98710841 -0.09094419
vn 0.13170448 -0.98710841 -0.09094419
vn 0.13170448 -0.98710841 -0.09094419
vn 0.13170448 -0.98710841 -0.09094419
vn 0.28497100 0.95233405 -0.10886525
vn 0.28497100 0.95233405 -0.10886525
vn 0.28497100 0.95233405 -0.10886525
vn 0.28497100 0.95233405 -0.10886525
vn 0.21386535 -0.97284198 -0.08854378
vn 0.21386535 -0.97284198 -0.08854378
vn 0.21386535 -0.97284198 -0.08854378
vn 0.21386535 -0.97284198 -0.08854378
vn 0.37868348 0.91972554 -0.10345916
vn 0.37868348 0.91972554 -0.10345916
vn 0.37868348 0.91972554 -0.10345916
vn 0.37868348 0.91972554 -0.10345916
vn 0.28847229 -0.95367438 -0.08537526
vn 0.28847229 -0.95367438 -0.08537526
vn 0.28847229 -0.95367438 -0.08537526
vn 0.28847229 -0.95367438 -0.08537526
vn 0.45721817 0.88404137 -0.09706927
vn 0.45721817 0.88404137 -0.09706927
vn 0.45721817 0.88404137 -0.09706927
vn 0.45721817 0.88404137 -0.09706927
vn 0.35399875 -0.93167466 -0.08165228
vn 0.35399875 -0.93167466 -0.08165228
vn 0.35399875 -0.93167466 -0.08165228
vn 0.35399875 -0.93167466 -0.08165228
vn 0.52098525 0.84878981 -0.09016843
vn 0.52098525 0.84878981 -0.09016843
vn 0.52098525 0.84878981 -0.09016843
vn 0.52098525 0.84878981 -0.09016843
vn 0.40983295 -0.90885603 -0.07757356
vn 0.40983295 -0.90885603 -0.07757356
vn 0.40983295 -0.90885603 -0.07757356
vn 0.40983295 -0.90885603 -0.07757356
vn 0.57142627 0.81643724 -0.08308022
vn 0.57142627 0.81643724 -0.08308022
vn 0.57142627 0.81643724 -0.08308022
vn 0.57142627 0.81643724 -0.08308022
vn 0.45605090 -0.88693017 -0.07329640
vn 0.45605090 -0.88693017 -0.07329640
vn 0.45605090 -0.88693017 -0.07329640
vn 0.45605090 -0.88693017 -0.07329640
vn 0.61032337 0.78849936 -0.07598732
vn 0.61032337 0.78849936 -0.07598732
vn 0.61032337 0.78849936 -0.07598732
vn 0.61032337 0.78849936 -0.07598732
vn 0.49314117 -0.86721432 -0.06892716
vn 0.49314117 -0.86721432 -0.06892716
vn 0.49314117 -0.86721432 -0.06892716
vn 0.49314117 -0.86721432 -0.06892716
vn 0.63937551 0.76579612 -0.06895872
vn 0.63937551 0.76579612 -0.06895872
vn 0.63937551 0.76579612 -0.06895872
vn 0.63937551 0.76579612 -0.06895872
vn 0.52176750 -0.85064411 -0.06452295
vn 0.52176750 -0.85064411 -0.06452295
vn 0.52176750 -0.85064411 -0.06452295
vn 0.52176750 -0.85064411 -0.06452295
vn 0.65999681 0.74870688 -0.06198550
vn 0.65999681 0.74870688 -0.06198550
vn 0.65999681 0.74870688 -0.06198550
vn 0.65999681 0.74870688 -0.06198550
vn 0.54259729 -0.83784032 -0.06009914
vn 0.54259729 -0.83784032 -0.06009914
vn 0.54259729 -0.83784032 -0.06009914
vn 0.54259729 -0.83784032 -0.06009914
vn 0.67324382 0.73737162 -0.05500623
vn 0.67324382 0.73737162 -0.05500623
vn 0.67324382 0.73737162 -0.05500623
vn 0.67324382 0.73737162 -0.05500623
vn 0.55619365 -0.82918829 -0.05563762
vn 0.55619365 -0.82918829 -0.05563762
vn 0.55619365 -0.82918829 -0.05563762
vn 0.55619365 -0.82918829 -0.05563762
vn 0.67980868 0.73182219 -0.04792182
vn 0.67980868 0.73182219 -0.04792182
vn 0.67980868 0.73182219 -0.04792182
vn 0.67980868 0.73182219 -0.04792182
vn 0.56295359 -0.82490748 -0.05109689
vn 0.56295359 -0.82490748 -0.05109689
vn 0.56295359 -0.82490748 -0.05109689
vn 0.56295359 -0.82490748 -0.05109689
vn -0.99876356 0.00000000 -0.04971227
vn -0.99876356 0.00000000 -0.04971227
vn -0.99876356 0.00000000 -0.04971227
vn -0.99876356 0.00000000 -0.04971227
vn 0.99876356 -0.00000000 -0.04971227
vn 0.99876356 -0.00000000 -0.04971227
vn 0.99876356 -0.00000000 -0.04971227
vn 0.99876356 -0.00000000 -0.04971227
vn -0.66237634 0.72325069 -0.19536091
vn -0.66237634 0.72325069 -0.19536091
vn -0.66237634 0.72325069 -0.19536091
vn -0.66237634 0.72325069 -0.19536091
vn -0.54669952 -0.81103641 -0.20818174
vn -0.54669952 -0.81103641 -0.20818174
vn -0.54669952 -0.81103641 -0.20818174
vn -0.54669952 -0.81103641 -0.20818174
vn -0.65528685 0.72796524 -0.20165806
vn -0.65528685 0.72796524 -0.20165806
vn -0.65528685 0.72796524 -0.20165806
vn -0.65528685 0.72796524 -0.20165806
vn -0.53986442 -0.81483859 -0.21115026
vn -0.53986442 -0.81483859 -0.21115026
vn -0.53986442 -0.81483859 -0.21115026
vn -0.53986442 -0.81483859 -0.21115026
vn -0.64173990 0.73840421 -0.20719352
vn -0.64173990 0.73840421 -0.20719352
vn -0.64173990 0.73840421 -0.20719352
vn -0.64173990 0.73840421 -0.20719352
vn -0.52646452 -0.82302296 -0.21323302
vn -0.52646452 -0.82302296 -0.21323302
vn -0.52646452 -0.82302296 -0.21323302
vn -0.52646452 -0.82302296 -0.21323302
vn -0.62103504 0.75446373 -0.21236712
vn -0.62103504 0.75446373 -0.21236712
vn -0.62103504 0.75446373 -0.21236712
vn -0.62103504 0.75446373 -0.21236712
vn -0.50608772 -0.83532572 -0.21472329
vn -0.50608772 -0.83532572 -0.21472329
vn -0.50608772 -0.83532572 -0.21472329
vn -0.50608772 -0.83532572 -0.21472329
vn -0.59213132 0.77593368 -0.21750261
vn -0.59213132 0.77593368 -0.21750261
vn -0.59213132 0.77593368 -0.21750261
vn -0.59213132 0.77593368 -0.21750261
vn -0.47817016 -0.85132790 -0.21585698
vn -0.47817016 -0.85132790 -0.21585698
vn -0.47817016 -0.85132790 -0.21585698
vn -0.47817016 -0.85132790 -0.21585698
vn -0.55366540 0.80237073 -0.22283560
vn -0.55366540 0.80237073 -0.22283560
vn -0.55366540 0.80237073 -0.22283560
vn -0.55366540 0.80237073 -0.22283560
vn -0.44205698 -0.87038952 -0.21681218
vn -0.44205698 -0.87038952 -0.21681218
vn -0.44205698 -0.87038952 -0.21681218
vn -0.44205698 -0.87038952 -0.21681218
vn -0.50403398 0.83291310 -0.22848497
vn -0.50403398 0.83291310 -0.22848497
vn -0.50403398 0.83291310 -0.22848497
vn -0.50403398 0.83291310 -0.22848497
vn -0.39711031 -0.89157647 -0.21770374
vn -0.39711031 -0.89157647 -0.21770374
vn -0.39711031 -0.89157647 -0.21770374
vn -0.39711031 -0.89157647 -0.21770374
vn -0.44159946 0.86604911 -0.23441181
vn -0.44159946 0.86604911 -0.23441181
vn -0.44159946 0.86604911 -0.23441181
vn -0.44159946 0.86604911 -0.23441181
vn -0.34287331 -0.91359842 -0.21857680
vn -0.34287331 -0.91359842 -0.21857680
vn -0.34287331 -0.91359842 -0.21857680
vn -0.34287331 -0.91359842 -0.21857680
vn -0.36509585 0.89940280 -0.24037373
vn -0.36509585 0.89940280 -0.24037373
vn -0.36509585 0.89940280 -0.24037373
vn -0.36509585 0.89940280 -0.24037373
vn -0.27929586 -0.93480176 -0.21940726
vn -0.27929586 -0.93480176 -0.21940726
vn -0.27929586 -0.93480176 -0.21940726
vn -0.27929586 -0.93480176 -0.21940726
vn -0.27427074 0.92967987 -0.24590801
vn -0.27427074 0.92967987 -0.24590801
vn -0.27427074 0.92967987 -0.24590801
vn -0.27427074 0.92967987 -0.24590801
vn -0.20698996 -0.95326096 -0.22011040
vn -0.20698996 -0.95326096 -0.22011040
vn -0.20698996 -0.95326096 -0.22011040
vn -0.20698996 -0.95326096 -0.22011040
vn -0.17063668 0.95299101 -0.25038242
vn -0.17063668 0.95299101 -0.25038242
vn -0.17063668 0.95299101 -0.25038242
vn -0.17063668 0.95299101 -0.25038242
vn -0.12744090 -0.96701014 -0.22056779
vn -0.12744090 -0.96701014 -0.22056779
vn -0.12744090 -0.96701014 -0.22056779
vn -0.12744090 -0.96701014 -0.22056779
vn -0.05796685 0.96568793 -0.25315353
vn -0.05796685 0.96568793 -0.25315353
vn -0.05796685 0.96568793 -0.25315353
vn -0.05796685 0.96568793 -0.25315353
vn -0.04304953 -0.97439933 -0.22066391
vn -0.04304953 -0.97439933 -0.22066391
vn -0.04304953 -0.97439933 -0.22066391
vn -0.04304953 -0.97439933 -0.22066391
vn 0.05795682 0.96552044 -0.25379363
vn 0.05795682 0.96552044 -0.25379363
vn 0.05795682 0.96552044 -0.25379363
vn 0.05795682 0.96552044 -0.25379363
vn 0.04305282 -0.97447366 -0.22033522
vn 0.04305282 -0.97447366 -0.22033522
vn 0.04305282 -0.97447366 -0.22033522
vn 0.04305282 -0.97447366 -0.22033522
vn 0.17055036 0.95250905 -0.25226831
vn 0.17055036 0.95250905 -0.25226831
vn 0.17055036 0.95250905 -0.25226831
vn 0.17055036 0.95250905 -0.25226831
vn 0.12746961 -0.96722811 -0.21959336
vn 0.12746961 -0.96722811 -0.21959336
vn 0.12746961 -0.96722811 -0.21959336
vn 0.12746961 -0.96722811 -0.21959336
vn 0.27405131 0.92893600 -0.24894542
vn 0.27405131 0.92893600 -0.24894542
vn 0.27405131 0.92893600 -0.24894542
vn 0.27405131 0.92893600 -0.24894542
vn 0.20706543 -0.95360863 -0.21852805
vn 0.20706543 -0.95360863 -0.21852805
vn 0.20706543 -0.95360863 -0.21852805
vn 0.20706543 -0.95360863 -0.21852805
vn 0.36471492 0.89846444 -0.24442717
vn 0.36471492 0.89846444 -0.24442717
vn 0.36471492 0.89846444 -0.24442717
vn 0.36471492 0.89846444 -0.24442717
vn 0.27943268 -0.93525970 -0.21727075
vn 0.27943268 -0.93525970 -0.21727075
vn 0.27943268 -0.93525970 -0.21727075
vn 0.27943268 -0.93525970 -0.21727075
vn 0.44105509 0.86498141 -0.23932749
vn 0.44105509 0.86498141 -0.23932749
vn 0.44105509 0.86498141 -0.23932749
vn 0.44105509 0.86498141 -0.23932749
vn 0.34307858 -0.91414535 -0.21595226
vn 0.34307858 -0.91414535 -0.21595226
vn 0.34307858 -0.91414535 -0.21595226
vn 0.34307858 -0.91414535 -0.21595226
vn 0.50334150 0.83176875 -0.23411094
vn 0.50334150 0.83176875 -0.23411094
vn 0.50334150 0.83176875 -0.23411094
vn 0.50334150 0.83176875 -0.23411094
vn 0.39738429 -0.89219159 -0.21466222
vn 0.39738429 -0.89219159 -0.21466222
vn 0.39738429 -0.89219159 -0.21466222
vn 0.39738429 -0.89219159 -0.21466222
vn 0.55284935 0.80118811 -0.22903126
vn 0.55284935 0.80118811 -0.22903126
vn 0.55284935 0.80118811 -0.22903126
vn 0.55284935 0.80118811 -0.22903126
vn 0.44239488 -0.87105483 -0.21342503
vn 0.44239488 -0.87105483 -0.21342503
vn 0.44239488 -0.87105483 -0.21342503
vn 0.44239488 -0.87105483 -0.21342503
vn 0.59121901 0.77473825 -0.22414462
vn 0.59121901 0.77473825 -0.22414462
vn 0.59121901 0.77473825 -0.22414462
vn 0.59121901 0.77473825 -0.22414462
vn 0.47856346 -0.85202813 -0.21219118
vn 0.47856346 -0.85202813 -0.21219118
vn 0.47856346 -0.85202813 -0.21219118
vn 0.47856346 -0.85202813 -0.21219118
vn 0.62005413 0.75327212 -0.21934888
vn 0.62005413 0.75327212 -0.21934888
vn 0.62005413 0.75327212 -0.21934888
vn 0.62005413 0.75327212 -0.21934888
vn 0.50652581 -0.83604884 -0.21084097
vn 0.50652581 -0.83604884 -0.21084097
vn 0.50652581 -0.83604884 -0.21084097
vn 0.50652581 -0.83604884 -0.21084097
vn 0.64071697 0.73722720 -0.21442433
vn 0.64071697 0.73722720 -0.21442433
vn 0.64071697 0.73722720 -0.21442433
vn 0.64071697 0.73722720 -0.21442433
vn 0.52693510 -0.82375854 -0.20919180
vn 0.52693510 -0.82375854 -0.20919180
vn 0.52693510 -0.82375854 -0.20919180
vn 0.52693510 -0.82375854 -0.20919180
vn 0.65424782 0.72681087 -0.20905901
vn 0.65424782 0.72681087 -0.20905901
vn 0.65424782 0.72681087 -0.20905901
vn 0.65424782 0.72681087 -0.20905901
vn 0.54035425 -0.81557792 -0.20700228
vn 0.54035425 -0.81557792 -0.20700228
vn 0.54035425 -0.81557792 -0.20700228
vn 0.54035425 -0.81557792 -0.20700228
vn 0.66134709 0.72212678 -0.20286189
vn 0.66134709 0.72212678 -0.20286189
vn 0.66134709 0.72212678 -0.20286189
vn 0.66134709 0.72212678 -0.20286189
vn 0.54719466 -0.81177098 -0.20397550
vn 0.54719466 -0.81177098 -0.20397550
vn 0.54719466 -0.81177098 -0.20397550
vn 0.54719466 -0.81177098 -0.20397550
vn -0.96494710 0.00000000 -0.26244467
vn -0.96494710 0.00000000 -0.26244467
vn -0.96494710 0.00000000 -0.26244467
vn -0.96494710 0.00000000 -0.26244467
vn 0.96494710 -0.00000000 -0.26244467
vn 0.96494710 -0.00000000 -0.26244467
vn 0.96494710 -0.00000000 -0.26244467
vn 0.96494710 -0.00000000 -0.26244467
vn -0.64874065 0.73640943 -0.19192897
vn -0.64874065 0.73640943 -0.19192897
vn -0.64874065 0.73640943 -0.19192897
vn -0.64874065 0.73640943 -0.19192897
vn -0.54300195 -0.81369191 -0.20749509
vn -0.54300195 -0.81369191 -0.20749509
vn -0.54300195 -0.81369191 -0.20749509
vn -0.54300195 -0.81369191 -0.20749509
vn -0.64151114 0.74087864 -0.19890274
vn -0.64151114 0.74087864 -0.19890274
vn -0.64151114 0.74087864 -0.19890274
vn -0.64151114 0.74087864 -0.19890274
vn -0.53615987 -0.81742495 -0.21059231
vn -0.53615987 -0.81742495 -0.21059231
vn -0.53615987 -0.81742495 -0.21059231
vn -0.53615987 -0.81742495 -0.21059231
vn -0.62775487 0.75091290 -0.20506966
vn -0.62775487 0.75091290 -0.20506966
vn -0.62775487 0.75091290 -0.20506966
vn -0.62775487 0.75091290 -0.20506966
vn -0.52276170 -0.82549274 -0.21279547
vn -0.52276170 -0.82549274 -0.21279547
vn -0.52276170 -0.82549274 -0.21279547
vn -0.52276170 -0.82549274 -0.21279547
vn -0.60681361 0.76637614 -0.21081915
vn -0.60681361 0.76637614 -0.21081915
vn -0.60681361 0.76637614 -0.21081915
vn -0.60681361 0.76637614 -0.21081915
vn -0.50240612 -0.83762944 -0.21439484
vn -0.50240612 -0.83762944 -0.21439484
vn -0.50240612 -0.83762944 -0.21439484
vn -0.50240612 -0.83762944 -0.21439484
vn -0.57771289 0.78701478 -0.21646135
vn -0.57771289 0.78701478 -0.21646135
vn -0.57771289 0.78701478 -0.21646135
vn -0.57771289 0.78701478 -0.21646135
vn -0.47454548 -0.85341239 -0.21562475
vn -0.47454548 -0.85341239 -0.21562475
vn -0.47454548 -0.85341239 -0.21562475
vn -0.47454548 -0.85341239 -0.21562475
vn -0.53919297 0.81233668 -0.22221634
vn -0.53919297 0.81233668 -0.22221634
vn -0.53919297 0.81233668 -0.22221634
vn -0.53919297 0.81233668 -0.22221634
vn -0.43854561 -0.87220168 -0.21666120
vn -0.43854561 -0.87220168 -0.21666120
vn -0.43854561 -0.87220168 -0.21666120
vn -0.43854561 -0.87220168 -0.21666120
vn -0.48980200 0.84144193 -0.22818755
vn -0.48980200 0.84144193 -0.22818755
vn -0.48980200 0.84144193 -0.22818755
vn -0.48980200 0.84144193 -0.22818755
vn -0.39379439 -0.89306718 -0.21761665
vn -0.39379439 -0.89306718 -0.21761665
vn -0.39379439 -0.89306718 -0.21761665
vn -0.39379439 -0.89306718 -0.21761665
vn -0.42810252 0.87282306 -0.23432446
vn -0.42810252 0.87282306 -0.23432446
vn -0.42810252 0.87282306 -0.23432446
vn -0.42810252 0.87282306 -0.23432446
vn -0.33986405 -0.91473180 -0.21853641
vn -0.33986405 -0.91473180 -0.21853641
vn -0.33986405 -0.91473180 -0.21853641
vn -0.33986405 -0.91473180 -0.21853641
vn -0.35306007 0.90419173 -0.24038669
vn -0.35306007 0.90419173 -0.24038669
vn -0.35306007 0.90419173 -0.24038669
vn -0.35306007 0.90419173 -0.24038669
vn -0.27672830 -0.93556744 -0.21939692
vn -0.27672830 -0.93556744 -0.21939692
vn -0.27672830 -0.93556744 -0.21939692
vn -0.27672830 -0.93556744 -0.21939692
vn -0.26461598 0.93246728 -0.24593332
vn -0.26461598 0.93246728 -0.24593332
vn -0.26461598 0.93246728 -0.24593332
vn -0.26461598 0.93246728 -0.24593332
vn -0.20501123 -0.95368737 -0.22011551
vn -0.20501123 -0.95368737 -0.22011551
vn -0.20501123 -0.95368737 -0.22011551
vn -0.20501123 -0.95368737 -0.22011551
vn -0.16432834 0.95409983 -0.25037909
vn -0.16432834 0.95409983 -0.25037909
vn -0.16432834 0.95409983 -0.25037909
vn -0.16432834 0.95409983 -0.25037909
vn -0.12618656 -0.96717268 -0.22057602
vn -0.12618656 -0.96717268 -0.22057602
vn -0.12618656 -0.96717268 -0.22057602
vn -0.12618656 -0.96717268 -0.22057602
vn -0.05576720 0.96582121 -0.25313896
vn -0.05576720 0.96582121 -0.25313896
vn -0.05576720 0.96582121 -0.25313896
vn -0.05576720 0.96582121 -0.25313896
vn -0.04261990 -0.97441727 -0.22066823
vn -0.04261990 -0.97441727 -0.22066823
vn -0.04261990 -0.97441727 -0.22066823
vn -0.04261990 -0.97441727 -0.22066823
vn 0.05575676 0.96564156 -0.25382584
vn 0.05575676 0.96564156 -0.25382584
vn 0.05575676 0.96564156 -0.25382584
vn 0.05575676 0.96564156 -0.25382584
vn 0.04262324 -0.97449374 -0.22033007
vn 0.04262324 -0.97449374 -0.22033007
vn 0.04262324 -0.97449374 -0.22033007
vn 0.04262324 -0.97449374 -0.22033007
vn 0.16423900 0.95358121 -0.25240543
vn 0.16423900 0.95358121 -0.25240543
vn 0.16423900 0.95358121 -0.25240543
vn 0.16423900 0.95358121 -0.25240543
vn 0.12621582 -0.96739686 -0.21957436
vn 0.12621582 -0.96739686 -0.21957436
vn 0.12621582 -0.96739686 -0.21957436
vn 0.12621582 -0.96739686 -0.21957436
vn 0.26438794 0.93166381 -0.24920215
vn 0.26438794 0.93166381 -0.24920215
vn 0.26438794 0.93166381 -0.24920215
vn 0.26438794 0.93166381 -0.24920215
vn 0.20508814 -0.95404512 -0.21848729
vn 0.20508814 -0.95404512 -0.21848729
vn 0.20508814 -0.95404512 -0.21848729
vn 0.20508814 -0.95404512 -0.21848729
vn 0.35266244 0.90317339 -0.24475914
vn 0.35266244 0.90317339 -0.24475914
vn 0.35266244 0.90317339 -0.24475914
vn 0.35266244 0.90317339 -0.24475914
vn 0.27686784 -0.93603915 -0.21719795
vn 0.27686784 -0.93603915 -0.21719795
vn 0.27686784 -0.93603915 -0.21719795
vn 0.27686784 -0.93603915 -0.21719795
vn 0.42753148 0.87165886 -0.23964076
vn 0.42753148 0.87165886 -0.23964076
vn 0.42753148 0.87165886 -0.23964076
vn 0.42753148 0.87165886 -0.23964076
vn 0.34007344 -0.91529530 -0.21583445
vn 0.34007344 -0.91529530 -0.21583445
vn 0.34007344 -0.91529530 -0.21583445
vn 0.34007344 -0.91529530 -0.21583445
vn 0.48907274 0.84018910 -0.23428662
vn 0.48907274 0.84018910 -0.23428662
vn 0.48907274 0.84018910 -0.23428662
vn 0.48907274 0.84018910 -0.23428662
vn 0.39407405 -0.89370137 -0.21448416
vn 0.39407405 -0.89370137 -0.21448416
vn 0.39407405 -0.89370137 -0.21448416
vn 0.39407405 -0.89370137 -0.21448416
vn 0.53833085 0.81103784 -0.22894852
vn 0.53833085 0.81103784 -0.22894852
vn 0.53833085 0.81103784 -0.22894852
vn 0.53833085 0.81103784 -0.22894852
vn 0.43889064 -0.87288791 -0.21317057
vn 0.43889064 -0.87288791 -0.21317057
vn 0.43889064 -0.87288791 -0.21317057
vn 0.43889064 -0.87288791 -0.21317057
vn 0.57674742 0.78569961 -0.22369292
vn 0.57674742 0.78569961 -0.22369292
vn 0.57674742 0.78569961 -0.22369292
vn 0.57674742 0.78569961 -0.22369292
vn 0.47494724 -0.85413492 -0.21184562
vn 0.47494724 -0.85413492 -0.21184562
vn 0.47494724 -0.85413492 -0.21184562
vn 0.47494724 -0.85413492 -0.21184562
vn 0.60577494 0.76506424 -0.21843381
vn 0.60577494 0.76506424 -0.21843381
vn 0.60577494 0.76506424 -0.21843381
vn 0.60577494 0.76506424 -0.21843381
vn 0.50285363 -0.83837557 -0.21039130
vn 0.50285363 -0.83837557 -0.21039130
vn 0.50285363 -0.83837557 -0.21039130
vn 0.50285363 -0.83837557 -0.21039130
vn 0.62667233 0.74961793 -0.21296673
vn 0.62667233 0.74961793 -0.21296673
vn 0.62667233 0.74961793 -0.21296673
vn 0.62667233 0.74961793 -0.21296673
vn 0.52324253 -0.82625192 -0.20862648
vn 0.52324253 -0.82625192 -0.20862648
vn 0.52324253 -0.82625192 -0.20862648
vn 0.52324253 -0.82625192 -0.20862648
vn 0.64041340 0.73961091 -0.20699367
vn 0.64041340 0.73961091 -0.20699367
vn 0.64041340 0.73961091 -0.20699367
vn 0.64041340 0.73961091 -0.20699367
vn 0.53666019 -0.81818771 -0.20631246
vn 0.53666019 -0.81818771 -0.20631246
vn 0.53666019 -0.81818771 -0.20631246
vn 0.53666019 -0.81818771 -0.20631246
vn 0.64765620 0.73517847 -0.20013501
vn 0.64765620 0.73517847 -0.20013501
vn 0.64765620 0.73517847 -0.20013501
vn 0.64765620 0.73517847 -0.20013501
vn 0.54350746 -0.81444943 -0.20315470
vn 0.54350746 -0.81444943 -0.20315470
vn 0.54350746 -0.81444943 -0.20315470
vn 0.54350746 -0.81444943 -0.20315470
vn -0.96494704 0.00000000 -0.26244456
vn -0.96494704 0.00000000 -0.26244456
vn -0.96494704 0.00000000 -0.26244456
vn -0.96494704 0.00000000 -0.26244456
vn 0.96494704 -0.00000000 -0.26244456
vn 0.96494704 -0.00000000 -0.26244456
vn 0.96494704 -0.00000000 -0.26244456
vn 0.96494704 -0.00000000 -0.26244456
vn -0.63200837 0.75188619 -0.18770334
vn -0.63200837 0.75188619 -0.18770334
vn -0.63200837 0.75188619 -0.18770334
vn -0.63200837 0.75188619 -0.18770334
vn -0.53297681 -0.82076502 -0.20562233
vn -0.53297681 -0.82076502 -0.20562233
vn -0.53297681 -0.82076502 -0.20562233
vn -0.53297681 -0.82076502 -0.20562233
vn -0.62463582 0.75605053 -0.19549321
vn -0.62463582 0.75605053 -0.19549321
vn -0.62463582 0.75605053 -0.19549321
vn -0.62463582 0.75605053 -0.19549321
vn -0.52612090 -0.82431048 -0.20906715
vn -0.52612090 -0.82431048 -0.20906715
vn -0.52612090 -0.82431048 -0.20906715
vn -0.52612090 -0.82431048 -0.20906715
vn -0.61067098 0.76557523 -0.20242368
vn -0.61067098 0.76557523 -0.20242368
vn -0.61067098 0.76557523 -0.20242368
vn -0.61067098 0.76557523 -0.20242368
vn -0.51273668 -0.83206290 -0.21159521
vn -0.51273668 -0.83206290 -0.21159521
vn -0.51273668 -0.83206290 -0.21159521
vn -0.51273668 -0.83206290 -0.21159521
vn -0.58950740 0.78029138 -0.20886929
vn -0.58950740 0.78029138 -0.20886929
vn -0.58950740 0.78029138 -0.20886929
vn -0.58950740 0.78029138 -0.20886929
vn -0.49245232 -0.84374911 -0.21349044
vn -0.49245232 -0.84374911 -0.21349044
vn -0.49245232 -0.84374911 -0.21349044
vn -0.49245232 -0.84374911 -0.21349044
vn -0.56025219 0.79989946 -0.21512415
vn -0.56025219 0.79989946 -0.21512415
vn -0.56025219 0.79989946 -0.21512415
vn -0.56025219 0.79989946 -0.21512415
vn -0.46476170 -0.85894090 -0.21498138
vn -0.46476170 -0.85894090 -0.21498138
vn -0.46476170 -0.85894090 -0.21498138
vn -0.46476170 -0.85894090 -0.21498138
vn -0.52177042 0.82385796 -0.22139038
vn -0.52177042 0.82385796 -0.22139038
vn -0.52177042 0.82385796 -0.22139038
vn -0.52177042 0.82385796 -0.22139038
vn -0.42908597 -0.87699860 -0.21623784
vn -0.42908597 -0.87699860 -0.21623784
vn -0.42908597 -0.87699860 -0.21623784
vn -0.42908597 -0.87699860 -0.21623784
vn -0.47278622 0.85123515 -0.22775403
vn -0.47278622 0.85123515 -0.22775403
vn -0.47278622 0.85123515 -0.22775403
vn -0.47278622 0.85123515 -0.22775403
vn -0.38488257 -0.89700407 -0.21736892
vn -0.38488257 -0.89700407 -0.21736892
vn -0.38488257 -0.89700407 -0.21736892
vn -0.38488257 -0.89700407 -0.21736892
vn -0.41208890 0.88054246 -0.23415315
vn -0.41208890 0.88054246 -0.23415315
vn -0.41208890 0.88054246 -0.23415315
vn -0.41208890 0.88054246 -0.23415315
vn -0.33179438 -0.91771799 -0.21841742
vn -0.33179438 -0.91771799 -0.21841742
vn -0.33179438 -0.91771799 -0.21841742
vn -0.33179438 -0.91771799 -0.21841742
vn -0.33889160 0.90960670 -0.24035014
vn -0.33889160 0.90960670 -0.24035014
vn -0.33889160 0.90960670 -0.24035014
vn -0.33889160 0.90960670 -0.24035014
vn -0.26985756 -0.93758065 -0.21936101
vn -0.26985756 -0.93758065 -0.21936101
vn -0.26985756 -0.93758065 -0.21936101
vn -0.26985756 -0.93758065 -0.21936101
vn -0.25333187 0.93559653 -0.24593091
vn -0.25333187 0.93559653 -0.24593091
vn -0.25333187 0.93559653 -0.24593091
vn -0.25333187 0.93559653 -0.24593091
vn -0.19972602 -0.95480657 -0.22012283
vn -0.19972602 -0.95480657 -0.22012283
vn -0.19972602 -0.95480657 -0.22012283
vn -0.19972602 -0.95480657 -0.22012283
vn -0.15699826 0.95533776 -0.25036204
vn -0.15699826 0.95533776 -0.25036204
vn -0.15699826 0.95533776 -0.25036204
vn -0.15699826 0.95533776 -0.25036204
vn -0.12284368 -0.96759850 -0.22059575
vn -0.12284368 -0.96759850 -0.22059575
vn -0.12284368 -0.96759850 -0.22059575
vn -0.12284368 -0.96759850 -0.22059575
vn -0.05321867 0.96597004 -0.25311995
vn -0.05321867 0.96597004 -0.25311995
vn -0.05321867 0.96597004 -0.25311995
vn -0.05321867 0.96597004 -0.25311995
vn -0.04147474 -0.97446442 -0.22067854
vn -0.04147474 -0.97446442 -0.22067854
vn -0.04147474 -0.97446442 -0.22067854
vn -0.04147474 -0.97446442 -0.22067854
vn 0.05320790 0.96577615 -0.25386128
vn 0.05320790 0.96577615 -0.25386128
vn 0.05320790 0.96577615 -0.25386128
vn 0.05320790 0.96577615 -0.25386128
vn 0.04147823 -0.97454631 -0.22031559
vn 0.04147823 -0.97454631 -0.22031559
vn 0.04147823 -0.97454631 -0.22031559
vn 0.04147823 -0.97454631 -0.22031559
vn 0.15690608 0.95477676 -0.25255090
vn 0.15690608 0.95477676 -0.25255090
vn 0.15690608 0.95477676 -0.25255090
vn 0.15690608 0.95477676 -0.25255090
vn 0.12287424 -0.96783930 -0.21952020
vn 0.12287424 -0.96783930 -0.21952020
vn 0.12287424 -0.96783930 -0.21952020
vn 0.12287424 -0.96783930 -0.21952020
vn 0.25309542 0.93472338 -0.24946934
vn 0.25309542 0.93472338 -0.24946934
vn 0.25309542 0.93472338 -0.24946934
vn 0.25309542 0.93472338 -0.24946934
vn 0.19980648 -0.95519125 -0.21837352
vn 0.19980648 -0.95519125 -0.21837352
vn 0.19980648 -0.95519125 -0.21837352
vn 0.19980648 -0.95519125 -0.21837352
vn 0.33847705 0.90849417 -0.24509516
vn 0.33847705 0.90849417 -0.24509516
vn 0.33847705 0.90849417 -0.24509516
vn 0.33847705 0.90849417 -0.24509516
vn 0.27000380 -0.93808877 -0.21699609
vn 0.27000380 -0.93808877 -0.21699609
vn 0.27000380 -0.93808877 -0.21699609
vn 0.27000380 -0.93808877 -0.21699609
vn 0.41149053 0.87926388 -0.23993914
vn 0.41149053 0.87926388 -0.23993914
vn 0.41149053 0.87926388 -0.23993914
vn 0.41149053 0.87926388 -0.23993914
vn 0.33201426 -0.91832614 -0.21550782
vn 0.33201426 -0.91832614 -0.21550782
vn 0.33201426 -0.91832614 -0.21550782
vn 0.33201426 -0.91832614 -0.21550782
vn 0.47201848 0.84985292 -0.23441133
vn 0.47201848 0.84985292 -0.23441133
vn 0.47201848 0.84985292 -0.23441133
vn 0.47201848 0.84985292 -0.23441133
vn 0.38517666 -0.89768946 -0.21399167
vn 0.38517666 -0.89768946 -0.21399167
vn 0.38517666 -0.89768946 -0.21399167
vn 0.38517666 -0.89768946 -0.21399167
vn 0.52085984 0.82242006 -0.22875822
vn 0.52085984 0.82242006 -0.22875822
vn 0.52085984 0.82242006 -0.22875822
vn 0.52085984 0.82242006 -0.22875822
vn 0.42944932 -0.87774122 -0.21247047
vn 0.42944932 -0.87774122 -0.21247047
vn 0.42944932 -0.87774122 -0.21247047
vn 0.42944932 -0.87774122 -0.21247047
vn 0.55923021 0.79844034 -0.22305717
vn 0.55923021 0.79844034 -0.22305717
vn 0.55923021 0.79844034 -0.22305717
vn 0.55923021 0.79844034 -0.22305717
vn 0.46518525 -0.85972363 -0.21089788
vn 0.46518525 -0.85972363 -0.21089788
vn 0.46518525 -0.85972363 -0.21089788
vn 0.46518525 -0.85972363 -0.21089788
vn 0.58840716 0.77883506 -0.21723922
vn 0.58840716 0.77883506 -0.21723922
vn 0.58840716 0.77883506 -0.21723922
vn 0.58840716 0.77883506 -0.21723922
vn 0.49292421 -0.84455758 -0.20916064
vn 0.49292421 -0.84455758 -0.20916064
vn 0.49292421 -0.84455758 -0.20916064
vn 0.49292421 -0.84455758 -0.20916064
vn 0.60952526 0.76413888 -0.21111812
vn 0.60952526 0.76413888 -0.21111812
vn 0.60952526 0.76413888 -0.21111812
vn 0.60952526 0.76413888 -0.21111812
vn 0.51324344 -0.83288521 -0.20708287
vn 0.51324344 -0.83288521 -0.20708287
vn 0.51324344 -0.83288521 -0.20708287
vn 0.51324344 -0.83288521 -0.20708287
vn 0.62347656 0.75464725 -0.20441227
vn 0.62347656 0.75464725 -0.20441227
vn 0.62347656 0.75464725 -0.20441227
vn 0.62347656 0.75464725 -0.20441227
vn 0.52664787 -0.82513613 -0.20443186
vn 0.52664787 -0.82513613 -0.20443186
vn 0.52664787 -0.82513613 -0.20443186
vn 0.52664787 -0.82513613 -0.20443186
vn 0.63086736 0.75052863 -0.19675636
vn 0.63086736 0.75052863 -0.19675636
vn 0.63086736 0.75052863 -0.19675636
vn 0.63086736 0.75052863 -0.19675636
vn 0.53350848 -0.82158381 -0.20091961
vn 0.53350848 -0.82158381 -0.20091961
vn 0.53350848 -0.82158381 -0.20091961
vn 0.53350848 -0.82158381 -0.20091961
vn -0.96494710 0.00000000 -0.26244420
vn -0.96494710 0.00000000 -0.26244420
vn -0.96494710 0.00000000 -0.26244420
vn -0.96494710 0.00000000 -0.26244420
vn 0.96494710 -0.00000000 -0.26244420
vn 0.96494710 -0.00000000 -0.26244420
vn 0.96494710 -0.00000000 -0.26244420
vn 0.96494710 -0.00000000 -0.26244420
vn -0.62392020 0.75911492 -0.18565586
vn -0.62392020 0.75911492 -0.18565586
vn -0.62392020 0.75911492 -0.18565586
vn -0.62392020 0.75911492 -0.18565586
vn -0.52104598 -0.82894540 -0.20337315
vn -0.52104598 -0.82894540 -0.20337315
vn -0.52104598 -0.82894540 -0.20337315
vn -0.52104598 -0.82894540 -0.20337315
vn -0.61648971 0.76313072 -0.19383489
vn -0.61648971 0.76313072 -0.19383489
vn -0.61648971 0.76313072 -0.19383489
vn -0.61648971 0.76313072 -0.19383489
vn -0.51418430 -0.83226836 -0.20722914
vn -0.51418430 -0.83226836 -0.20722914
vn -0.51418430 -0.83226836 -0.20722914
vn -0.51418430 -0.83226836 -0.20722914
vn -0.60244244 0.77240527 -0.20113000
vn -0.60244244 0.77240527 -0.20113000
vn -0.60244244 0.77240527 -0.20113000
vn -0.60244244 0.77240527 -0.20113000
vn -0.50083500 -0.83964539 -0.21014284
vn -0.50083500 -0.83964539 -0.21014284
vn -0.50083500 -0.83964539 -0.21014284
vn -0.50083500 -0.83964539 -0.21014284
vn -0.58119684 0.78675562 -0.20790824
vn -0.58119684 0.78675562 -0.20790824
vn -0.58119684 0.78675562 -0.20790824
vn -0.58119684 0.78675562 -0.20790824
vn -0.48066020 -0.85079747 -0.21239023
vn -0.48066020 -0.85079747 -0.21239023
vn -0.48066020 -0.85079747 -0.21239023
vn -0.48066020 -0.85079747 -0.21239023
vn -0.55189967 0.80586308 -0.21445610
vn -0.55189967 0.80586308 -0.21445610
vn -0.55189967 0.80586308 -0.21445610
vn -0.55189967 0.80586308 -0.21445610
vn -0.45320049 -0.86529255 -0.21419181
vn -0.45320049 -0.86529255 -0.21419181
vn -0.45320049 -0.86529255 -0.21419181
vn -0.45320049 -0.86529255 -0.21419181
vn -0.51347518 0.82916623 -0.22096731
vn -0.51347518 0.82916623 -0.22096731
vn -0.51347518 0.82916623 -0.22096731
vn -0.51347518 0.82916623 -0.22096731
vn -0.41794318 -0.88249195 -0.21571180
vn -0.41794318 -0.88249195 -0.21571180
vn -0.41794318 -0.88249195 -0.21571180
vn -0.41794318 -0.88249195 -0.21571180
vn -0.46472853 0.85572308 -0.22751997
vn -0.46472853 0.85572308 -0.22751997
vn -0.46472853 0.85572308 -0.22751997
vn -0.46472853 0.85572308 -0.22751997
vn -0.37441978 -0.90149730 -0.21705371
vn -0.37441978 -0.90149730 -0.21705371
vn -0.37441978 -0.90149730 -0.21705371
vn -0.37441978 -0.90149730 -0.21705371
vn -0.40455040 0.88405931 -0.23404732
vn -0.40455040 0.88405931 -0.23404732
vn -0.40455040 0.88405931 -0.23404732
vn -0.40455040 0.88405931 -0.23404732
vn -0.32235423 -0.92111391 -0.21825856
vn -0.32235423 -0.92111391 -0.21825856
vn -0.32235423 -0.92111391 -0.21825856
vn -0.32235423 -0.92111391 -0.21825856
vn -0.33226219 0.91205865 -0.24031402
vn -0.33226219 0.91205865 -0.24031402
vn -0.33226219 0.91205865 -0.24031402
vn -0.33226219 0.91205865 -0.24031402
vn -0.26184881 -0.93986177 -0.21930577
vn -0.26184881 -0.93986177 -0.21930577
vn -0.26184881 -0.93986177 -0.21930577
vn -0.26184881 -0.93986177 -0.21930577
vn -0.24808136 0.93700582 -0.24591811
vn -0.24808136 0.93700582 -0.24591811
vn -0.24808136 0.93700582 -0.24591811
vn -0.24808136 0.93700582 -0.24591811
vn -0.19358435 -0.95607036 -0.22012411
vn -0.19358435 -0.95607036 -0.22012411
vn -0.19358435 -0.95607036 -0.22012411
vn -0.19358435 -0.95607036 -0.22012411
vn -0.15360269 0.95589304 -0.25034925
vn -0.15360269 0.95589304 -0.25034925
vn -0.15360269 0.95589304 -0.25034925
vn -0.15360269 0.95589304 -0.25034925
vn -0.11896722 -0.96807826 -0.22061583
vn -0.11896722 -0.96807826 -0.22061583
vn -0.11896722 -0.96807826 -0.22061583
vn -0.11896722 -0.96807826 -0.22061583
vn -0.05204078 0.96603680 -0.25311023
vn -0.05204078 0.96603680 -0.25311023
vn -0.05204078 0.96603680 -0.25311023
vn -0.05204078 0.96603680 -0.25311023
vn -0.04014862 -0.97451717 -0.22069062
vn -0.04014862 -0.97451717 -0.22069062
vn -0.04014862 -0.97451717 -0.22069062
vn -0.04014862 -0.97451717 -0.22069062
vn 0.05202997 0.96583617 -0.25387666
vn 0.05202997 0.96583617 -0.25387666
vn 0.05202997 0.96583617 -0.25387666
vn 0.05202997 0.96583617 -0.25387666
vn 0.04015226 -0.97460574 -0.22029886
vn 0.04015226 -0.97460574 -0.22029886
vn 0.04015226 -0.97460574 -0.22029886
vn 0.04015226 -0.97460574 -0.22029886
vn 0.15350935 0.95531231 -0.25261316
vn 0.15350935 0.95531231 -0.25261316
vn 0.15350935 0.95531231 -0.25261316
vn 0.15350935 0.95531231 -0.25261316
vn 0.11899914 -0.96833801 -0.21945509
vn 0.11899914 -0.96833801 -0.21945509
vn 0.11899914 -0.96833801 -0.21945509
vn 0.11899914 -0.96833801 -0.21945509
vn 0.24784157 0.93610024 -0.24958147
vn 0.24784157 0.93610024 -0.24958147
vn 0.24784157 0.93610024 -0.24958147
vn 0.24784157 0.93610024 -0.24958147
vn 0.19366863 -0.95648652 -0.21823417
vn 0.19366863 -0.95648652 -0.21823417
vn 0.19366863 -0.95648652 -0.21823417
vn 0.19366863 -0.95648652 -0.21823417
vn 0.33184087 0.91090220 -0.24523231
vn 0.33184087 0.91090220 -0.24523231
vn 0.33184087 0.91090220 -0.24523231
vn 0.33184087 0.91090220 -0.24523231
vn 0.26200220 -0.94041234 -0.21674757
vn 0.26200220 -0.94041234 -0.21674757
vn 0.26200220 -0.94041234 -0.21674757
vn 0.26200220 -0.94041234 -0.21674757
vn 0.40394068 0.88272691 -0.24005264
vn 0.40394068 0.88272691 -0.24005264
vn 0.40394068 0.88272691 -0.24005264
vn 0.40394068 0.88272691 -0.24005264
vn 0.32258528 -0.92177409 -0.21510726
vn 0.32258528 -0.92177409 -0.21510726
vn 0.32258528 -0.92177409 -0.21510726
vn 0.32258528 -0.92177409 -0.21510726
vn 0.46394467 0.85427976 -0.23443854
vn 0.46394467 0.85427976 -0.23443854
vn 0.46394467 0.85427976 -0.23443854
vn 0.46394467 0.85427976 -0.23443854
vn 0.37472942 -0.90224284 -0.21339096
vn 0.37472942 -0.90224284 -0.21339096
vn 0.37472942 -0.90224284 -0.21339096
vn 0.37472942 -0.90224284 -0.21339096
vn 0.51254392 0.82766247 -0.22863398
vn 0.51254392 0.82766247 -0.22863398
vn 0.51254392 0.82766247 -0.22863398
vn 0.51254392 0.82766247 -0.22863398
vn 0.41832617 -0.88330066 -0.21162014
vn 0.41832617 -0.88330066 -0.21162014
vn 0.41832617 -0.88330066 -0.21162014
vn 0.41832617 -0.88330066 -0.21162014
vn 0.55085373 0.80433571 -0.22271997
vn 0.55085373 0.80433571 -0.22271997
vn 0.55085373 0.80433571 -0.22271997
vn 0.55085373 0.80433571 -0.22271997
vn 0.45364732 -0.86614567 -0.20975153
vn 0.45364732 -0.86614567 -0.20975153
vn 0.45364732 -0.86614567 -0.20975153
vn 0.45364732 -0.86614567 -0.20975153
vn 0.58007044 0.78523082 -0.21663539
vn 0.58007044 0.78523082 -0.21663539
vn 0.58007044 0.78523082 -0.21663539
vn 0.58007044 0.78523082 -0.21663539
vn 0.48115826 -0.85167903 -0.20767668
vn 0.48115826 -0.85167903 -0.20767668
vn 0.48115826 -0.85167903 -0.20767668
vn 0.48115826 -0.85167903 -0.20767668
vn 0.60126978 0.77090180 -0.21020225
vn 0.60126978 0.77090180 -0.21020225
vn 0.60126978 0.77090180 -0.21020225
vn 0.60126978 0.77090180 -0.21020225
vn 0.50136971 -0.84054178 -0.20522624
vn 0.50136971 -0.84054178 -0.20522624
vn 0.50136971 -0.84054178 -0.20522624
vn 0.50136971 -0.84054178 -0.20522624
vn 0.61530453 0.76166373 -0.20314699
vn 0.61530453 0.76166373 -0.20314699
vn 0.61530453 0.76166373 -0.20314699
vn 0.61530453 0.76166373 -0.20314699
vn 0.51473981 -0.83316749 -0.20217510
vn 0.51473981 -0.83316749 -0.20217510
vn 0.51473981 -0.83316749 -0.20217510
vn 0.51473981 -0.83316749 -0.20217510
vn 0.62275589 0.75769824 -0.19511142
vn 0.62275589 0.75769824 -0.19511142
vn 0.62275589 0.75769824 -0.19511142
vn 0.62275589 0.75769824 -0.19511142
vn 0.52160561 -0.82983571 -0.19824322
vn 0.52160561 -0.82983571 -0.19824322
vn 0.52160561 -0.82983571 -0.19824322
vn 0.52160561 -0.82983571 -0.19824322
vn -0.96494710 0.00000000 -0.26244470
vn -0.96494710 0.00000000 -0.26244470
vn -0.96494710 0.00000000 -0.26244470
vn -0.96494710 0.00000000 -0.26244470
vn 0.96494710 -0.00000000 -0.26244470
vn 0.96494710 -0.00000000 -0.26244470
vn 0.96494710 -0.00000000 -0.26244470
vn 0.96494710 -0.00000000 -0.26244470
vn -0.60901308 0.74447739 -0.27359927
vn -0.60901308 0.74447739 -0.27359927
vn -0.60901308 0.74447739 -0.27359927
vn -0.60901308 0.74447739 -0.27359927
vn -0.50596631 -0.81745297 -0.27526131
vn -0.50596631 -0.81745297 -0.27526131
vn -0.50596631 -0.81745297 -0.27526131
vn -0.50596631 -0.81745297 -0.27526131
vn -0.60265929 0.74953437 -0.27386117
vn -0.60265929 0.74953437 -0.27386117
vn -0.60265929 0.74953437 -0.27386117
vn -0.60265929 0.74953437 -0.27386117
vn -0.49986398 -0.82165134 -0.27390683
vn -0.49986398 -0.82165134 -0.27390683
vn -0.49986398 -0.82165134 -0.27390683
vn -0.49986398 -0.82165134 -0.27390683
vn -0.58996642 0.75998122 -0.27270541
vn -0.58996642 0.75998122 -0.27270541
vn -0.58996642 0.75998122 -0.27270541
vn -0.58996642 0.75998122 -0.27270541
vn -0.48749214 -0.82996583 -0.27112395
vn -0.48749214 -0.82996583 -0.27112395
vn -0.48749214 -0.82996583 -0.27112395
vn -0.48749214 -0.82996583 -0.27112395
vn -0.57026285 0.77560025 -0.27063727
vn -0.57026285 0.77560025 -0.27063727
vn -0.57026285 0.77560025 -0.27063727
vn -0.57026285 0.77560025 -0.27063727
vn -0.46845403 -0.84206629 -0.26734841
vn -0.46845403 -0.84206629 -0.26734841
vn -0.46845403 -0.84206629 -0.26734841
vn -0.46845403 -0.84206629 -0.26734841
vn -0.54261583 0.79604894 -0.26809350
vn -0.54261583 0.79604894 -0.26809350
vn -0.54261583 0.79604894 -0.26809350
vn -0.54261583 0.79604894 -0.26809350
vn -0.44224194 -0.85747927 -0.26296648
vn -0.44224194 -0.85747927 -0.26296648
vn -0.44224194 -0.85747927 -0.26296648
vn -0.44224194 -0.85747927 -0.26296648
vn -0.50587416 0.82074994 -0.26544467
vn -0.50587416 0.82074994 -0.26544467
vn -0.50587416 0.82074994 -0.26544467
vn -0.50587416 0.82074994 -0.26544467
vn -0.40830681 -0.87553060 -0.25832486
vn -0.40830681 -0.87553060 -0.25832486
vn -0.40830681 -0.87553060 -0.25832486
vn -0.40830681 -0.87553060 -0.25832486
vn -0.45877102 0.84874260 -0.26299280
vn -0.45877102 0.84874260 -0.26299280
vn -0.45877102 0.84874260 -0.26299280
vn -0.45877102 0.84874260 -0.26299280
vn -0.36615753 -0.89529204 -0.25373372
vn -0.36615753 -0.89529204 -0.25373372
vn -0.36615753 -0.89529204 -0.25373372
vn -0.36615753 -0.89529204 -0.25373372
vn -0.40012640 0.87852114 -0.26095879
vn -0.40012640 0.87852114 -0.26095879
vn -0.40012640 0.87852114 -0.26095879
vn -0.40012640 0.87852114 -0.26095879
vn -0.31550640 -0.91554469 -0.24946658
vn -0.31550640 -0.91554469 -0.24946658
vn -0.31550640 -0.91554469 -0.24946658
vn -0.31550640 -0.91554469 -0.24946658
vn -0.32919767 0.90791321 -0.25946581
vn -0.32919767 0.90791321 -0.25946581
vn -0.32919767 0.90791321 -0.25946581
vn -0.32919767 0.90791321 -0.25946581
vn -0.25645396 -0.93479097 -0.24575837
vn -0.25645396 -0.93479097 -0.24575837
vn -0.25645396 -0.93479097 -0.24575837
vn -0.25645396 -0.93479097 -0.24575837
vn -0.24615325 0.93411493 -0.25853038
vn -0.24615325 0.93411493 -0.25853038
vn -0.24615325 0.93411493 -0.25853038
vn -0.24615325 0.93411493 -0.25853038
vn -0.18968369 -0.95135087 -0.24279946
vn -0.18968369 -0.95135087 -0.24279946
vn -0.18968369 -0.95135087 -0.24279946
vn -0.18968369 -0.95135087 -0.24279946
vn -0.15257777 0.95399940 -0.25807953
vn -0.15257777 0.95399940 -0.25807953
vn -0.15257777 0.95399940 -0.25807953
vn -0.15257777 0.95399940 -0.25807953
vn -0.11660218 -0.96356195 -0.24073233
vn -0.11660218 -0.96356195 -0.24073233
vn -0.11660218 -0.96356195 -0.24073233
vn -0.11660218 -0.96356195 -0.24073233
vn -0.05172748 0.96476018 -0.25799632
vn -0.05172748 0.96476018 -0.25799632
vn -0.05172748 0.96476018 -0.25799632
vn -0.05172748 0.96476018 -0.25799632
vn -0.03935381 -0.97006088 -0.23965254
vn -0.03935381 -0.97006088 -0.23965254
vn -0.03935381 -0.97006088 -0.23965254
vn -0.03935381 -0.97006088 -0.23965254
vn 0.05172472 0.96470821 -0.25819111
vn 0.05172472 0.96470821 -0.25819111
vn 0.05172472 0.96470821 -0.25819111
vn 0.05172472 0.96470821 -0.25819111
vn 0.03935426 -0.97007185 -0.23960748
vn 0.03935426 -0.97007185 -0.23960748
vn 0.03935426 -0.97007185 -0.23960748
vn 0.03935426 -0.97007185 -0.23960748
vn 0.15255356 0.95384783 -0.25865352
vn 0.15255356 0.95384783 -0.25865352
vn 0.15255356 0.95384783 -0.25865352
vn 0.15255356 0.95384783 -0.25865352
vn 0.11660615 -0.96359479 -0.24059924
vn 0.11660615 -0.96359479 -0.24059924
vn 0.11660615 -0.96359479 -0.24059924
vn 0.11660615 -0.96359479 -0.24059924
vn 0.24609001 0.93387485 -0.25945613
vn 0.24609001 0.93387485 -0.25945613
vn 0.24609001 0.93387485 -0.25945613
vn 0.24609001 0.93387485 -0.25945613
vn 0.18969430 -0.95140404 -0.24258280
vn 0.18969430 -0.95140404 -0.24258280
vn 0.18969430 -0.95140404 -0.24258280
vn 0.18969430 -0.95140404 -0.24258280
vn 0.32908410 0.90760005 -0.26070252
vn 0.32908410 0.90760005 -0.26070252
vn 0.32908410 0.90760005 -0.26070252
vn 0.32908410 0.90760005 -0.26070252
vn 0.25647354 -0.93486232 -0.24546626
vn 0.25647354 -0.93486232 -0.24546626
vn 0.25647354 -0.93486232 -0.24546626
vn 0.25647354 -0.93486232 -0.24546626
vn 0.39995763 0.87815052 -0.26246098
vn 0.39995763 0.87815052 -0.26246098
vn 0.39995763 0.87815052 -0.26246098
vn 0.39995763 0.87815052 -0.26246098
vn 0.31553644 -0.91563183 -0.24910824
vn 0.31553644 -0.91563183 -0.24910824
vn 0.31553644 -0.91563183 -0.24910824
vn 0.31553644 -0.91563183 -0.24910824
vn 0.45854726 0.84832859 -0.26471293
vn 0.45854726 0.84832859 -0.26471293
vn 0.45854726 0.84832859 -0.26471293
vn 0.45854726 0.84832859 -0.26471293
vn 0.36619875 -0.89539278 -0.25331828
vn 0.36619875 -0.89539278 -0.25331828
vn 0.36619875 -0.89539278 -0.25331828
vn 0.36619875 -0.89539278 -0.25331828
vn 0.50559956 0.82030433 -0.26733863
vn 0.50559956 0.82030433 -0.26733863
vn 0.50559956 0.82030433 -0.26733863
vn 0.50559956 0.82030433 -0.26733863
vn 0.40835902 -0.87564260 -0.25786266
vn 0.40835902 -0.87564260 -0.25786266
vn 0.40835902 -0.87564260 -0.25786266
vn 0.40835902 -0.87564260 -0.25786266
vn 0.54229653 0.79558057 -0.27012190
vn 0.54229653 0.79558057 -0.27012190
vn 0.54229653 0.79558057 -0.27012190
vn 0.54229653 0.79558057 -0.27012190
vn 0.44230422 -0.85760003 -0.26246727
vn 0.44230422 -0.85760003 -0.26246727
vn 0.44230422 -0.85760003 -0.26246727
vn 0.44230422 -0.85760003 -0.26246727
vn 0.56990689 0.77511615 -0.27276567
vn 0.56990689 0.77511615 -0.27276567
vn 0.56990689 0.77511615 -0.27276567
vn 0.56990689 0.77511615 -0.27276567
vn 0.46852508 -0.84219402 -0.26682109
vn 0.46852508 -0.84219402 -0.26682109
vn 0.46852508 -0.84219402 -0.26682109
vn 0.46852508 -0.84219402 -0.26682109
vn 0.58958250 0.75948668 -0.27490422
vn 0.58958250 0.75948668 -0.27490422
vn 0.58958250 0.75948668 -0.27490422
vn 0.58958250 0.75948668 -0.27490422
vn 0.48757014 -0.83009863 -0.27057663
vn 0.48757014 -0.83009863 -0.27057663
vn 0.48757014 -0.83009863 -0.27057663
vn 0.48757014 -0.83009863 -0.27057663
vn 0.60225689 0.74903393 -0.27610648
vn 0.60225689 0.74903393 -0.27610648
vn 0.60225689 0.74903393 -0.27610648
vn 0.60225689 0.74903393 -0.27610648
vn 0.49994695 -0.82178777 -0.27334598
vn 0.49994695 -0.82178777 -0.27334598
vn 0.49994695 -0.82178777 -0.27334598
vn 0.49994695 -0.82178777 -0.27334598
vn 0.60860258 0.74397546 -0.27586842
vn 0.60860258 0.74397546 -0.27586842
vn 0.60860258 0.74397546 -0.27586842
vn 0.60860258 0.74397546 -0.27586842
vn 0.50605166 -0.81759083 -0.27469414
vn 0.50605166 -0.81759083 -0.27469414
vn 0.50605166 -0.81759083 -0.27469414
vn 0.50605166 -0.81759083 -0.27469414
vn -0.92096728 0.00000000 -0.38963988
vn -0.92096728 0.00000000 -0.38963988
vn -0.92096728 0.00000000 -0.38963988
vn -0.92096728 0.00000000 -0.38963988
vn 0.92096728 -0.00000000 -0.38963988
vn 0.92096728 -0.00000000 -0.38963988
vn 0.92096728 -0.00000000 -0.38963988
vn 0.92096728 -0.00000000 -0.38963988
vn -0.60445762 0.74884880 -0.27176544
vn -0.60445762 0.74884880 -0.27176544
vn -0.60445762 0.74884880 -0.27176544
vn -0.60445762 0.74884880 -0.27176544
vn -0.50544870 -0.81782854 -0.27509668
vn -0.50544870 -0.81782854 -0.27509668
vn -0.50544870 -0.81782854 -0.27509668
vn -0.50544870 -0.81782854 -0.27509668
vn -0.59803897 0.75379288 -0.27229705
vn -0.59803897 0.75379288 -0.27229705
vn -0.59803897 0.75379288 -0.27229705
vn -0.59803897 0.75379288 -0.27229705
vn -0.49934372 -0.82201457 -0.27376604
vn -0.49934372 -0.82201457 -0.27376604
vn -0.49934372 -0.82201457 -0.27376604
vn -0.49934372 -0.82201457 -0.27376604
vn -0.58526814 0.76407158 -0.27139628
vn -0.58526814 0.76407158 -0.27139628
vn -0.58526814 0.76407158 -0.27139628
vn -0.58526814 0.76407158 -0.27139628
vn -0.48697191 -0.83030939 -0.27100694
vn -0.48697191 -0.83030939 -0.27100694
vn -0.48697191 -0.83030939 -0.27100694
vn -0.48697191 -0.83030939 -0.27100694
vn -0.56549078 0.77945679 -0.26956862
vn -0.56549078 0.77945679 -0.26956862
vn -0.56549078 0.77945679 -0.26956862
vn -0.56549078 0.77945679 -0.26956862
vn -0.46793664 -0.84238404 -0.26725355
vn -0.46793664 -0.84238404 -0.26725355
vn -0.46793664 -0.84238404 -0.26725355
vn -0.46793664 -0.84238404 -0.26725355
vn -0.53779852 0.79959476 -0.26724699
vn -0.53779852 0.79959476 -0.26724699
vn -0.53779852 0.79959476 -0.26724699
vn -0.53779852 0.79959476 -0.26724699
vn -0.44173342 -0.85776424 -0.26289195
vn -0.44173342 -0.85776424 -0.26289195
vn -0.44173342 -0.85776424 -0.26289195
vn -0.44173342 -0.85776424 -0.26289195
vn -0.50107342 0.82389754 -0.26479858
vn -0.50107342 0.82389754 -0.26479858
vn -0.50107342 0.82389754 -0.26479858
vn -0.50107342 0.82389754 -0.26479858
vn -0.40781587 -0.87577581 -0.25826889
vn -0.40781587 -0.87577581 -0.25826889
vn -0.40781587 -0.87577581 -0.25826889
vn -0.40781587 -0.87577581 -0.25826889
vn -0.45409688 0.85139757 -0.26252276
vn -0.45409688 0.85139757 -0.26252276
vn -0.45409688 0.85139757 -0.26252276
vn -0.45409688 0.85139757 -0.26252276
vn -0.36569652 -0.89549172 -0.25369427
vn -0.36569652 -0.89549172 -0.25369427
vn -0.36569652 -0.89549172 -0.25369427
vn -0.36569652 -0.89549172 -0.25369427
vn -0.39574838 0.88059729 -0.26063690
vn -0.39574838 0.88059729 -0.26063690
vn -0.39574838 0.88059729 -0.26063690
vn -0.39574838 0.88059729 -0.26063690
vn -0.31509110 -0.91569459 -0.24944168
vn -0.31509110 -0.91569459 -0.24944168
vn -0.31509110 -0.91569459 -0.24944168
vn -0.31509110 -0.91569459 -0.24944168
vn -0.32534510 0.90935910 -0.25926161
vn -0.32534510 0.90935910 -0.25926161
vn -0.32534510 0.90935910 -0.25926161
vn -0.32534510 0.90935910 -0.25926161
vn -0.25610158 -0.93489128 -0.24574469
vn -0.25610158 -0.93489128 -0.24574469
vn -0.25610158 -0.93489128 -0.24574469
vn -0.25610158 -0.93489128 -0.24574469
vn -0.24310203 0.93494558 -0.25841466
vn -0.24310203 0.93494558 -0.25841466
vn -0.24310203 0.93494558 -0.25841466
vn -0.24310203 0.93494558 -0.25841466
vn -0.18941337 -0.95140624 -0.24279343
vn -0.18941337 -0.95140624 -0.24279343
vn -0.18941337 -0.95140624 -0.24279343
vn -0.18941337 -0.95140624 -0.24279343
vn -0.15060410 0.95432770 -0.25802550
vn -0.15060410 0.95432770 -0.25802550
vn -0.15060410 0.95432770 -0.25802550
vn -0.15060410 0.95432770 -0.25802550
vn -0.11643209 -0.96358293 -0.24073125
vn -0.11643209 -0.96358293 -0.24073125
vn -0.11643209 -0.96358293 -0.24073125
vn -0.11643209 -0.96358293 -0.24073125
vn -0.05104337 0.96480024 -0.25798291
vn -0.05104337 0.96480024 -0.25798291
vn -0.05104337 0.96480024 -0.25798291
vn -0.05104337 0.96480024 -0.25798291
vn -0.03929551 -0.97006297 -0.23965283
vn -0.03929551 -0.97006297 -0.23965283
vn -0.03929551 -0.97006297 -0.23965283
vn -0.03929551 -0.97006297 -0.23965283
vn 0.05104031 0.96474230 -0.25819999
vn 0.05104031 0.96474230 -0.25819999
vn 0.05104031 0.96474230 -0.25819999
vn 0.05104031 0.96474230 -0.25819999
vn 0.03929598 -0.97007459 -0.23960584
vn 0.03929598 -0.97007459 -0.23960584
vn 0.03929598 -0.97007459 -0.23960584
vn 0.03929598 -0.97007459 -0.23960584
vn 0.15057738 0.95415837 -0.25866637
vn 0.15057738 0.95415837 -0.25866637
vn 0.15057738 0.95415837 -0.25866637
vn 0.15057738 0.95415837 -0.25866637
vn 0.11643622 -0.96361709 -0.24059233
vn 0.11643622 -0.96361709 -0.24059233
vn 0.11643622 -0.96361709 -0.24059233
vn 0.11643622 -0.96361709 -0.24059233
vn 0.24303229 0.93467736 -0.25944859
vn 0.24303229 0.93467736 -0.25944859
vn 0.24303229 0.93467736 -0.25944859
vn 0.24303229 0.93467736 -0.25944859
vn 0.18942440 -0.95146161 -0.24256787
vn 0.18942440 -0.95146161 -0.24256787
vn 0.18942440 -0.95146161 -0.24256787
vn 0.18942440 -0.95146161 -0.24256787
vn 0.32521972 0.90900850 -0.26064456
vn 0.32521972 0.90900850 -0.26064456
vn 0.32521972 0.90900850 -0.26064456
vn 0.32521972 0.90900850 -0.26064456
vn 0.25612196 -0.93496567 -0.24543996
vn 0.25612196 -0.93496567 -0.24543996
vn 0.25612196 -0.93496567 -0.24543996
vn 0.25612196 -0.93496567 -0.24543996
vn 0.39556175 0.88018203 -0.26231757
vn 0.39556175 0.88018203 -0.26231757
vn 0.39556175 0.88018203 -0.26231757
vn 0.39556175 0.88018203 -0.26231757
vn 0.31512243 -0.91578561 -0.24906729
vn 0.31512243 -0.91578561 -0.24906729
vn 0.31512243 -0.91578561 -0.24906729
vn 0.31512243 -0.91578561 -0.24906729
vn 0.45384923 0.85093337 -0.26444924
vn 0.45384923 0.85093337 -0.26444924
vn 0.45384923 0.85093337 -0.26444924
vn 0.45384923 0.85093337 -0.26444924
vn 0.36573941 -0.89559674 -0.25326088
vn 0.36573941 -0.89559674 -0.25326088
vn 0.36573941 -0.89559674 -0.25326088
vn 0.36573941 -0.89559674 -0.25326088
vn 0.50076920 0.82339746 -0.26692125
vn 0.50076920 0.82339746 -0.26692125
vn 0.50076920 0.82339746 -0.26692125
vn 0.50076920 0.82339746 -0.26692125
vn 0.40787023 -0.87589252 -0.25778678
vn 0.40787023 -0.87589252 -0.25778678
vn 0.40787023 -0.87589252 -0.25778678
vn 0.40787023 -0.87589252 -0.25778678
vn 0.53744489 0.79906893 -0.26952165
vn 0.53744489 0.79906893 -0.26952165
vn 0.53744489 0.79906893 -0.26952165
vn 0.53744489 0.79906893 -0.26952165
vn 0.44179830 -0.85789025 -0.26237118
vn 0.44179830 -0.85789025 -0.26237118
vn 0.44179830 -0.85789025 -0.26237118
vn 0.44179830 -0.85789025 -0.26237118
vn 0.56509626 0.77891296 -0.27195734
vn 0.56509626 0.77891296 -0.27195734
vn 0.56509626 0.77891296 -0.27195734
vn 0.56509626 0.77891296 -0.27195734
vn 0.46801063 -0.84251726 -0.26670310
vn 0.46801063 -0.84251726 -0.26670310
vn 0.46801063 -0.84251726 -0.26670310
vn 0.46801063 -0.84251726 -0.26670310
vn 0.58484256 0.76351601 -0.27386573
vn 0.58484256 0.76351601 -0.27386573
vn 0.58484256 0.76351601 -0.27386573
vn 0.58484256 0.76351601 -0.27386573
vn 0.48705322 -0.83044797 -0.27043533
vn 0.48705322 -0.83044797 -0.27043533
vn 0.48705322 -0.83044797 -0.27043533
vn 0.48705322 -0.83044797 -0.27043533
vn 0.59759319 0.75323105 -0.27481869
vn 0.59759319 0.75323105 -0.27481869
vn 0.59759319 0.75323105 -0.27481869
vn 0.59759319 0.75323105 -0.27481869
vn 0.49943006 -0.82215667 -0.27318102
vn 0.49943006 -0.82215667 -0.27318102
vn 0.49943006 -0.82215667 -0.27318102
vn 0.49943006 -0.82215667 -0.27318102
vn 0.60400307 0.74828559 -0.27431515
vn 0.60400307 0.74828559 -0.27431515
vn 0.60400307 0.74828559 -0.27431515
vn 0.60400307 0.74828559 -0.27431515
vn 0.50553757 -0.81797230 -0.27450487
vn 0.50553757 -0.81797230 -0.27450487
vn 0.50553757 -0.81797230 -0.27450487
vn 0.50553757 -0.81797230 -0.27450487
vn -0.92096740 0.00000000 -0.38963982
vn -0.92096740 0.00000000 -0.38963982
vn -0.92096740 0.00000000 -0.38963982
vn -0.92096740 0.00000000 -0.38963982
vn 0.92096740 -0.00000000 -0.38963982
vn 0.92096740 -0.00000000 -0.38963982
vn 0.92096740 -0.00000000 -0.38963982
vn 0.92096740 -0.00000000 -0.38963982
vn -0.59859127 0.75439429 -0.26940247
vn -0.59859127 0.75439429 -0.26940247
vn -0.59859127 0.75439429 -0.26940247
vn -0.59859127 0.75439429 -0.26940247
vn -0.50399035 -0.81888360 -0.27463323
vn -0.50399035 -0.81888360 -0.27463323
vn -0.50399035 -0.81888360 -0.27463323
vn -0.50399035 -0.81888360 -0.27463323
vn -0.59209204 0.75919408 -0.27027997
vn -0.59209204 0.75919408 -0.27027997
vn -0.59209204 0.75919408 -0.27027997
vn -0.59209204 0.75919408 -0.27027997
vn -0.49787870 -0.82303411 -0.27337110
vn -0.49787870 -0.82303411 -0.27337110
vn -0.49787870 -0.82303411 -0.27337110
vn -0.49787870 -0.82303411 -0.27337110
vn -0.57922870 0.76925379 -0.26970869
vn -0.57922870 0.76925379 -0.26970869
vn -0.57922870 0.76925379 -0.26970869
vn -0.57922870 0.76925379 -0.26970869
vn -0.48550516 -0.83127517 -0.27067742
vn -0.48550516 -0.83127517 -0.27067742
vn -0.48550516 -0.83127517 -0.27067742
vn -0.48550516 -0.83127517 -0.27067742
vn -0.55936617 0.78433645 -0.26818994
vn -0.55936617 0.78433645 -0.26818994
vn -0.55936617 0.78433645 -0.26818994
vn -0.55936617 0.78433645 -0.26818994
vn -0.46647915 -0.84327674 -0.26698607
vn -0.46647915 -0.84327674 -0.26698607
vn -0.46647915 -0.84327674 -0.26698607
vn -0.46647915 -0.84327674 -0.26698607
vn -0.53162497 0.80407542 -0.26615340
vn -0.53162497 0.80407542 -0.26615340
vn -0.53162497 0.80407542 -0.26615340
vn -0.53162497 0.80407542 -0.26615340
vn -0.44030181 -0.85856402 -0.26268268
vn -0.44030181 -0.85856402 -0.26268268
vn -0.44030181 -0.85856402 -0.26268268
vn -0.44030181 -0.85856402 -0.26268268
vn -0.49493536 0.82786596 -0.26396406
vn -0.49493536 0.82786596 -0.26396406
vn -0.49493536 0.82786596 -0.26396406
vn -0.49493536 0.82786596 -0.26396406
vn -0.40643442 -0.87646407 -0.25811207
vn -0.40643442 -0.87646407 -0.25811207
vn -0.40643442 -0.87646407 -0.25811207
vn -0.40643442 -0.87646407 -0.25811207
vn -0.44813475 0.85473722 -0.26191482
vn -0.44813475 0.85473722 -0.26191482
vn -0.44813475 0.85473722 -0.26191482
vn -0.44813475 0.85473722 -0.26191482
vn -0.36439922 -0.89605147 -0.25358424
vn -0.36439922 -0.89605147 -0.25358424
vn -0.36439922 -0.89605147 -0.25358424
vn -0.36439922 -0.89605147 -0.25358424
vn -0.39017728 0.88320297 -0.26021963
vn -0.39017728 0.88320297 -0.26021963
vn -0.39017728 0.88320297 -0.26021963
vn -0.39017728 0.88320297 -0.26021963
vn -0.31392109 -0.91611546 -0.24937116
vn -0.31392109 -0.91611546 -0.24937116
vn -0.31392109 -0.91611546 -0.24937116
vn -0.31392109 -0.91611546 -0.24937116
vn -0.32045537 0.91116905 -0.25899681
vn -0.32045537 0.91116905 -0.25899681
vn -0.32045537 0.91116905 -0.25899681
vn -0.32045537 0.91116905 -0.25899681
vn -0.25511047 -0.93517226 -0.24570575
vn -0.25511047 -0.93517226 -0.24570575
vn -0.25511047 -0.93517226 -0.24570575
vn -0.25511047 -0.93517226 -0.24570575
vn -0.23923758 0.93598342 -0.25826424
vn -0.23923758 0.93598342 -0.25826424
vn -0.23923758 0.93598342 -0.25826424
vn -0.23923758 0.93598342 -0.25826424
vn -0.18865474 -0.95156109 -0.24277775
vn -0.18865474 -0.95156109 -0.24277775
vn -0.18865474 -0.95156109 -0.24277775
vn -0.18865474 -0.95156109 -0.24277775
vn -0.14810987 0.95473671 -0.25795585
vn -0.14810987 0.95473671 -0.25795585
vn -0.14810987 0.95473671 -0.25795585
vn -0.14810987 0.95473671 -0.25795585
vn -0.11595357 -0.96364111 -0.24072921
vn -0.11595357 -0.96364111 -0.24072921
vn -0.11595357 -0.96364111 -0.24072921
vn -0.11595357 -0.96364111 -0.24072921
vn -0.05017873 0.96485019 -0.25796565
vn -0.05017873 0.96485019 -0.25796565
vn -0.05017873 0.96485019 -0.25796565
vn -0.05017873 0.96485019 -0.25796565
vn -0.03913162 -0.97006917 -0.23965475
vn -0.03913162 -0.97006917 -0.23965475
vn -0.03913162 -0.97006917 -0.23965475
vn -0.03913162 -0.97006917 -0.23965475
vn 0.05017532 0.96478462 -0.25821152
vn 0.05017532 0.96478462 -0.25821152
vn 0.05017532 0.96478462 -0.25821152
vn 0.05017532 0.96478462 -0.25821152
vn 0.03913214 -0.97008210 -0.23960248
vn 0.03913214 -0.97008210 -0.23960248
vn 0.03913214 -0.97008210 -0.23960248
vn 0.03913214 -0.97008210 -0.23960248
vn 0.14808014 0.95454514 -0.25868100
vn 0.14808014 0.95454514 -0.25868100
vn 0.14808014 0.95454514 -0.25868100
vn 0.14808014 0.95454514 -0.25868100
vn 0.11595818 -0.96367937 -0.24057411
vn 0.11595818 -0.96367937 -0.24057411
vn 0.11595818 -0.96367937 -0.24057411
vn 0.11595818 -0.96367937 -0.24057411
vn 0.23915984 0.93567932 -0.25943547
vn 0.23915984 0.93567932 -0.25943547
vn 0.23915984 0.93567932 -0.25943547
vn 0.23915984 0.93567932 -0.25943547
vn 0.18866700 -0.95162290 -0.24252565
vn 0.18866700 -0.95162290 -0.24252565
vn 0.18866700 -0.95162290 -0.24252565
vn 0.18866700 -0.95162290 -0.24252565
vn 0.32031548 0.91077107 -0.26056460
vn 0.32031548 0.91077107 -0.26056460
vn 0.32031548 0.91077107 -0.26056460
vn 0.32031548 0.91077107 -0.26056460
vn 0.25513315 -0.93525541 -0.24536562
vn 0.25513315 -0.93525541 -0.24536562
vn 0.25513315 -0.93525541 -0.24536562
vn 0.25513315 -0.93525541 -0.24536562
vn 0.38996875 0.88273084 -0.26212698
vn 0.38996875 0.88273084 -0.26212698
vn 0.38996875 0.88273084 -0.26212698
vn 0.38996875 0.88273084 -0.26212698
vn 0.31395593 -0.91621715 -0.24895325
vn 0.31395593 -0.91621715 -0.24895325
vn 0.31395593 -0.91621715 -0.24895325
vn 0.31395593 -0.91621715 -0.24895325
vn 0.44785777 0.85420901 -0.26410311
vn 0.44785777 0.85420901 -0.26410311
vn 0.44785777 0.85420901 -0.26410311
vn 0.44785777 0.85420901 -0.26410311
vn 0.36444700 -0.89616895 -0.25310016
vn 0.36444700 -0.89616895 -0.25310016
vn 0.36444700 -0.89616895 -0.25310016
vn 0.36444700 -0.89616895 -0.25310016
vn 0.49459469 0.82729620 -0.26637763
vn 0.49459469 0.82729620 -0.26637763
vn 0.49459469 0.82729620 -0.26637763
vn 0.49459469 0.82729620 -0.26637763
vn 0.40649486 -0.87659436 -0.25757375
vn 0.40649486 -0.87659436 -0.25757375
vn 0.40649486 -0.87659436 -0.25757375
vn 0.40649486 -0.87659436 -0.25757375
vn 0.53122854 0.80347586 -0.26874295
vn 0.53122854 0.80347586 -0.26874295
vn 0.53122854 0.80347586 -0.26874295
vn 0.53122854 0.80347586 -0.26874295
vn 0.44037402 -0.85870486 -0.26210055
vn 0.44037402 -0.85870486 -0.26210055
vn 0.44037402 -0.85870486 -0.26210055
vn 0.44037402 -0.85870486 -0.26210055
vn 0.55892402 0.78371638 -0.27091077
vn 0.55892402 0.78371638 -0.27091077
vn 0.55892402 0.78371638 -0.27091077
vn 0.55892402 0.78371638 -0.27091077
vn 0.46656150 -0.84342563 -0.26637110
vn 0.46656150 -0.84342563 -0.26637110
vn 0.46656150 -0.84342563 -0.26637110
vn 0.46656150 -0.84342563 -0.26637110
vn 0.57875174 0.76862031 -0.27252376
vn 0.57875174 0.76862031 -0.27252376
vn 0.57875174 0.76862031 -0.27252376
vn 0.57875174 0.76862031 -0.27252376
vn 0.48559564 -0.83143002 -0.27003857
vn 0.48559564 -0.83143002 -0.27003857
vn 0.48559564 -0.83143002 -0.27003857
vn 0.48559564 -0.83143002 -0.27003857
vn 0.59159249 0.75855356 -0.27315670
vn 0.59159249 0.75855356 -0.27315670
vn 0.59159249 0.75855356 -0.27315670
vn 0.59159249 0.75855356 -0.27315670
vn 0.49797481 -0.82319301 -0.27271691
vn 0.49797481 -0.82319301 -0.27271691
vn 0.49797481 -0.82319301 -0.27271691
vn 0.49797481 -0.82319301 -0.27271691
vn 0.59808236 0.75375313 -0.27231181
vn 0.59808236 0.75375313 -0.27231181
vn 0.59808236 0.75375313 -0.27231181
vn 0.59808236 0.75375313 -0.27231181
vn 0.50408924 -0.81904423 -0.27397177
vn 0.50408924 -0.81904423 -0.27397177
vn 0.50408924 -0.81904423 -0.27397177
vn 0.50408924 -0.81904423 -0.27397177
vn -0.92096728 0.00000000 -0.38964000
vn -0.92096728 0.00000000 -0.38964000
vn -0.92096728 0.00000000 -0.38964000
vn -0.92096728 0.00000000 -0.38964000
vn 0.92096728 -0.00000000 -0.38964000
vn 0.92096728 -0.00000000 -0.38964000
vn 0.92096728 -0.00000000 -0.38964000
vn 0.92096728 -0.00000000 -0.38964000
vn -0.59563547 0.75715333 -0.26821119
vn -0.59563547 0.75715333 -0.26821119
vn -0.59563547 0.75715333 -0.26821119
vn -0.59563547 0.75715333 -0.26821119
vn -0.50214148 -0.82021528 -0.27404526
vn -0.50214148 -0.82021528 -0.27404526
vn -0.50214148 -0.82021528 -0.27404526
vn -0.50214148 -0.82021528 -0.27404526
vn -0.58909827 0.76187962 -0.26926321
vn -0.58909827 0.76187962 -0.26926321
vn -0.58909827 0.76187962 -0.26926321
vn -0.58909827 0.76187962 -0.26926321
vn -0.49602035 -0.82432169 -0.27286923
vn -0.49602035 -0.82432169 -0.27286923
vn -0.49602035 -0.82432169 -0.27286923
vn -0.49602035 -0.82432169 -0.27286923
vn -0.57619125 0.77182859 -0.26885718
vn -0.57619125 0.77182859 -0.26885718
vn -0.57619125 0.77182859 -0.26885718
vn -0.57619125 0.77182859 -0.26885718
vn -0.48364624 -0.83249432 -0.27025846
vn -0.48364624 -0.83249432 -0.27025846
vn -0.48364624 -0.83249432 -0.27025846
vn -0.48364624 -0.83249432 -0.27025846
vn -0.55628884 0.78675914 -0.26749340
vn -0.55628884 0.78675914 -0.26749340
vn -0.55628884 0.78675914 -0.26749340
vn -0.55628884 0.78675914 -0.26749340
vn -0.46463272 -0.84440297 -0.26664603
vn -0.46463272 -0.84440297 -0.26664603
vn -0.46463272 -0.84440297 -0.26664603
vn -0.46463272 -0.84440297 -0.26664603
vn -0.52852863 0.80629611 -0.26560119
vn -0.52852863 0.80629611 -0.26560119
vn -0.52852863 0.80629611 -0.26560119
vn -0.52852863 0.80629611 -0.26560119
vn -0.43848801 -0.85957342 -0.26241550
vn -0.43848801 -0.85957342 -0.26241550
vn -0.43848801 -0.85957342 -0.26241550
vn -0.43848801 -0.85957342 -0.26241550
vn -0.49186110 0.82983041 -0.26354149
vn -0.49186110 0.82983041 -0.26354149
vn -0.49186110 0.82983041 -0.26354149
vn -0.49186110 0.82983041 -0.26354149
vn -0.40468636 -0.87733114 -0.25791270
vn -0.40468636 -0.87733114 -0.25791270
vn -0.40468636 -0.87733114 -0.25791270
vn -0.40468636 -0.87733114 -0.25791270
vn -0.44515458 0.85638732 -0.26160699
vn -0.44515458 0.85638732 -0.26160699
vn -0.44515458 0.85638732 -0.26160699
vn -0.44515458 0.85638732 -0.26160699
vn -0.36275765 -0.89675701 -0.25344372
vn -0.36275765 -0.89675701 -0.25344372
vn -0.36275765 -0.89675701 -0.25344372
vn -0.36275765 -0.89675701 -0.25344372
vn -0.38739899 0.88448715 -0.26000851
vn -0.38739899 0.88448715 -0.26000851
vn -0.38739899 0.88448715 -0.26000851
vn -0.38739899 0.88448715 -0.26000851
vn -0.31244195 -0.91664553 -0.24928094
vn -0.31244195 -0.91664553 -0.24928094
vn -0.31244195 -0.91664553 -0.24928094
vn -0.31244195 -0.91664553 -0.24928094
vn -0.31802133 0.91205955 -0.25886247
vn -0.31802133 0.91205955 -0.25886247
vn -0.31802133 0.91205955 -0.25886247
vn -0.31802133 0.91205955 -0.25886247
vn -0.25385809 -0.93552607 -0.24565622
vn -0.25385809 -0.93552607 -0.24565622
vn -0.25385809 -0.93552607 -0.24565622
vn -0.25385809 -0.93552607 -0.24565622
vn -0.23731841 0.93649286 -0.25818825
vn -0.23731841 0.93649286 -0.25818825
vn -0.23731841 0.93649286 -0.25818825
vn -0.23731841 0.93649286 -0.25818825
vn -0.18769535 -0.95175600 -0.24275698
vn -0.18769535 -0.95175600 -0.24275698
vn -0.18769535 -0.95175600 -0.24275698
vn -0.18769535 -0.95175600 -0.24275698
vn -0.14687207 0.95493752 -0.25792041
vn -0.14687207 0.95493752 -0.25792041
vn -0.14687207 0.95493752 -0.25792041
vn -0.14687207 0.95493752 -0.25792041
vn -0.11534894 -0.96371460 -0.24072562
vn -0.11534894 -0.96371460 -0.24072562
vn -0.11534894 -0.96371460 -0.24072562
vn -0.11534894 -0.96371460 -0.24072562
vn -0.04975038 0.96487457 -0.25795716
vn -0.04975038 0.96487457 -0.25795716
vn -0.04975038 0.96487457 -0.25795716
vn -0.04975038 0.96487457 -0.25795716
vn -0.03892539 -0.97007704 -0.23965652
vn -0.03892539 -0.97007704 -0.23965652
vn -0.03892539 -0.97007704 -0.23965652
vn -0.03892539 -0.97007704 -0.23965652
vn 0.04974684 0.96480531 -0.25821710
vn 0.04974684 0.96480531 -0.25821710
vn 0.04974684 0.96480531 -0.25821710
vn 0.04974684 0.96480531 -0.25821710
vn 0.03892598 -0.97009170 -0.23959726
vn 0.03892598 -0.97009170 -0.23959726
vn 0.03892598 -0.97009170 -0.23959726
vn 0.03892598 -0.97009170 -0.23959726
vn 0.14684092 0.95473468 -0.25868782
vn 0.14684092 0.95473468 -0.25868782
vn 0.14684092 0.95473468 -0.25868782
vn 0.14684092 0.95473468 -0.25868782
vn 0.11535410 -0.96375775 -0.24055028
vn 0.11535410 -0.96375775 -0.24055028
vn 0.11535410 -0.96375775 -0.24055028
vn 0.11535410 -0.96375775 -0.24055028
vn 0.23723689 0.93617111 -0.25942719
vn 0.23723689 0.93617111 -0.25942719
vn 0.23723689 0.93617111 -0.25942719
vn 0.23723689 0.93617111 -0.25942719
vn 0.18770912 -0.95182586 -0.24247196
vn 0.18770912 -0.95182586 -0.24247196
vn 0.18770912 -0.95182586 -0.24247196
vn 0.18770912 -0.95182586 -0.24247196
vn 0.31787434 0.91163808 -0.26052240
vn 0.31787434 0.91163808 -0.26052240
vn 0.31787434 0.91163808 -0.26052240
vn 0.31787434 0.91163808 -0.26052240
vn 0.25388366 -0.93562031 -0.24527077
vn 0.25388366 -0.93562031 -0.24527077
vn 0.25388366 -0.93562031 -0.24527077
vn 0.25388366 -0.93562031 -0.24527077
vn 0.38717994 0.88398689 -0.26202840
vn 0.38717994 0.88398689 -0.26202840
vn 0.38717994 0.88398689 -0.26202840
vn 0.38717994 0.88398689 -0.26202840
vn 0.31248116 -0.91676062 -0.24880791
vn 0.31248116 -0.91676062 -0.24880791
vn 0.31248116 -0.91676062 -0.24880791
vn 0.31248116 -0.91676062 -0.24880791
vn 0.44486326 0.85582691 -0.26392618
vn 0.44486326 0.85582691 -0.26392618
vn 0.44486326 0.85582691 -0.26392618
vn 0.44486326 0.85582691 -0.26392618
vn 0.36281142 -0.89688998 -0.25289583
vn 0.36281142 -0.89688998 -0.25289583
vn 0.36281142 -0.89688998 -0.25289583
vn 0.36281142 -0.89688998 -0.25289583
vn 0.49150273 0.82922584 -0.26610085
vn 0.49150273 0.82922584 -0.26610085
vn 0.49150273 0.82922584 -0.26610085
vn 0.49150273 0.82922584 -0.26610085
vn 0.40475452 -0.87747896 -0.25730228
vn 0.40475452 -0.87747896 -0.25730228
vn 0.40475452 -0.87747896 -0.25730228
vn 0.40475452 -0.87747896 -0.25730228
vn 0.52811152 0.80565983 -0.26834744
vn 0.52811152 0.80565983 -0.26834744
vn 0.52811152 0.80565983 -0.26834744
vn 0.52811152 0.80565983 -0.26834744
vn 0.43856931 -0.85973281 -0.26175651
vn 0.43856931 -0.85973281 -0.26175651
vn 0.43856931 -0.85973281 -0.26175651
vn 0.43856931 -0.85973281 -0.26175651
vn 0.55582339 0.78610080 -0.27038103
vn 0.55582339 0.78610080 -0.27038103
vn 0.55582339 0.78610080 -0.27038103
vn 0.55582339 0.78610080 -0.27038103
vn 0.46472552 -0.84457165 -0.26594910
vn 0.46472552 -0.84457165 -0.26594910
vn 0.46472552 -0.84457165 -0.26594910
vn 0.46472552 -0.84457165 -0.26594910
vn 0.57568932 0.77115625 -0.27184507
vn 0.57568932 0.77115625 -0.27184507
vn 0.57568932 0.77115625 -0.27184507
vn 0.57568932 0.77115625 -0.27184507
vn 0.48374808 -0.83266968 -0.26953486
vn 0.48374808 -0.83266968 -0.26953486
vn 0.48374808 -0.83266968 -0.26953486
vn 0.48374808 -0.83266968 -0.26953486
vn 0.58857274 0.76119995 -0.27231753
vn 0.58857274 0.76119995 -0.27231753
vn 0.58857274 0.76119995 -0.27231753
vn 0.58857274 0.76119995 -0.27231753
vn 0.49612862 -0.82450163 -0.27212778
vn 0.49612862 -0.82450163 -0.27212778
vn 0.49612862 -0.82450163 -0.27212778
vn 0.49612862 -0.82450163 -0.27212778
vn 0.59510028 0.75647295 -0.27130136
vn 0.59510028 0.75647295 -0.27130136
vn 0.59510028 0.75647295 -0.27130136
vn 0.59510028 0.75647295 -0.27130136
vn 0.50225288 -0.82039726 -0.27329525
vn 0.50225288 -0.82039726 -0.27329525
vn 0.50225288 -0.82039726 -0.27329525
vn 0.50225288 -0.82039726 -0.27329525
vn -0.92096716 0.00000000 -0.38964024
vn -0.92096716 0.00000000 -0.38964024
vn -0.92096716 0.00000000 -0.38964024
vn -0.92096716 0.00000000 -0.38964024
vn 0.92096716 -0.00000000 -0.38964024
vn 0.92096716 -0.00000000 -0.38964024
vn 0.92096716 -0.00000000 -0.38964024
vn 0.92096716 -0.00000000 -0.38964024
vn -0.59826463 0.77674037 -0.19685988
vn -0.59826463 0.77674037 -0.19685988
vn -0.59826463 0.77674037 -0.19685988
vn -0.59826463 0.77674037 -0.19685988
vn -0.50802439 -0.83201641 -0.22284514
vn -0.50802439 -0.83201641 -0.22284514
vn -0.50802439 -0.83201641 -0.22284514
vn -0.50802439 -0.83201641 -0.22284514
vn -0.59067816 0.78023940 -0.20573230
vn -0.59067816 0.78023940 -0.20573230
vn -0.59067816 0.78023940 -0.20573230
vn -0.59067816 0.78023940 -0.20573230
vn -0.50106144 -0.83489895 -0.22777434
vn -0.50106144 -0.83489895 -0.22777434
vn -0.50106144 -0.83489895 -0.22777434
vn -0.50106144 -0.83489895 -0.22777434
vn -0.57648063 0.78871119 -0.21355277
vn -0.57648063 0.78871119 -0.21355277
vn -0.57648063 0.78871119 -0.21355277
vn -0.57648063 0.78871119 -0.21355277
vn -0.48771209 -0.84170908 -0.23165220
vn -0.48771209 -0.84170908 -0.23165220
vn -0.48771209 -0.84170908 -0.23165220
vn -0.48771209 -0.84170908 -0.23165220
vn -0.55515701 0.80192995 -0.22070099
vn -0.55515701 0.80192995 -0.22070099
vn -0.55515701 0.80192995 -0.22070099
vn -0.55515701 0.80192995 -0.22070099
vn -0.46766469 -0.85215783 -0.23477009
vn -0.46766469 -0.85215783 -0.23477009
vn -0.46766469 -0.85215783 -0.23477009
vn -0.46766469 -0.85215783 -0.23477009
vn -0.52596462 0.81952357 -0.22746934
vn -0.52596462 0.81952357 -0.22746934
vn -0.52596462 0.81952357 -0.22746934
vn -0.52596462 0.81952357 -0.22746934
vn -0.44050387 -0.86580473 -0.23735759
vn -0.44050387 -0.86580473 -0.23735759
vn -0.44050387 -0.86580473 -0.23735759
vn -0.44050387 -0.86580473 -0.23735759
vn -0.48798883 0.84088373 -0.23405485
vn -0.48798883 0.84088373 -0.23405485
vn -0.48798883 0.84088373 -0.23405485
vn -0.48798883 0.84088373 -0.23405485
vn -0.40577370 -0.88201350 -0.23958261
vn -0.40577370 -0.88201350 -0.23958261
vn -0.40577370 -0.88201350 -0.23958261
vn -0.40577370 -0.88201350 -0.23958261
vn -0.44025481 0.86505210 -0.24054188
vn -0.44025481 0.86505210 -0.24054188
vn -0.44025481 0.86505210 -0.24054188
vn -0.44025481 0.86505210 -0.24054188
vn -0.36307341 -0.89990717 -0.24154663
vn -0.36307341 -0.89990717 -0.24154663
vn -0.36307341 -0.89990717 -0.24154663
vn -0.36307341 -0.89990717 -0.24154663
vn -0.38192251 0.89061022 -0.24687761
vn -0.38192251 0.89061022 -0.24687761
vn -0.38192251 0.89061022 -0.24687761
vn -0.38192251 0.89061022 -0.24687761
vn -0.31219503 -0.91833979 -0.24328244
vn -0.31219503 -0.91833979 -0.24328244
vn -0.31219503 -0.91833979 -0.24328244
vn -0.31219503 -0.91833979 -0.24328244
vn -0.31258479 0.91561592 -0.25286013
vn -0.31258479 0.91561592 -0.25286013
vn -0.31258479 0.91561592 -0.25286013
vn -0.31258479 0.91561592 -0.25286013
vn -0.25329396 -0.93591440 -0.24475798
vn -0.25329396 -0.93591440 -0.24475798
vn -0.25329396 -0.93591440 -0.24475798
vn -0.25329396 -0.93591440 -0.24475798
vn -0.23264870 0.93767571 -0.25814512
vn -0.23264870 0.93767571 -0.25814512
vn -0.23264870 0.93767571 -0.25814512
vn -0.23264870 0.93767571 -0.25814512
vn -0.18706724 -0.95107502 -0.24589035
vn -0.18706724 -0.95107502 -0.24589035
vn -0.18706724 -0.95107502 -0.24589035
vn -0.18706724 -0.95107502 -0.24589035
vn -0.14369342 0.95422679 -0.26230386
vn -0.14369342 0.95422679 -0.26230386
vn -0.14369342 0.95422679 -0.26230386
vn -0.14369342 0.95422679 -0.26230386
vn -0.11487547 -0.96229255 -0.24656971
vn -0.11487547 -0.96229255 -0.24656971
vn -0.11487547 -0.96229255 -0.24656971
vn -0.11487547 -0.96229255 -0.24656971
vn -0.04861744 0.96304280 -0.26492423
vn -0.04861744 0.96304280 -0.26492423
vn -0.04861744 0.96304280 -0.26492423
vn -0.04861744 0.96304280 -0.26492423
vn -0.03875232 -0.96831751 -0.24669722
vn -0.03875232 -0.96831751 -0.24669722
vn -0.03875232 -0.96831751 -0.24669722
vn -0.03875232 -0.96831751 -0.24669722
vn 0.04860612 0.96281922 -0.26573756
vn 0.04860612 0.96281922 -0.26573756
vn 0.04860612 0.96281922 -0.26573756
vn 0.04860612 0.96281922 -0.26573756
vn 0.03875716 -0.96843851 -0.24622075
vn 0.03875716 -0.96843851 -0.24622075
vn 0.03875716 -0.96843851 -0.24622075
vn 0.03875716 -0.96843851 -0.24622075
vn 0.14359556 0.95357692 -0.26470974
vn 0.14359556 0.95357692 -0.26470974
vn 0.14359556 0.95357692 -0.26470974
vn 0.14359556 0.95357692 -0.26470974
vn 0.11491796 -0.96264845 -0.24515645
vn 0.11491796 -0.96264845 -0.24515645
vn 0.11491796 -0.96264845 -0.24515645
vn 0.11491796 -0.96264845 -0.24515645
vn 0.23239559 0.93665558 -0.26204705
vn 0.23239559 0.93665558 -0.26204705
vn 0.23239559 0.93665558 -0.26204705
vn 0.23239559 0.93665558 -0.26204705
vn 0.18717945 -0.95164549 -0.24358729
vn 0.18717945 -0.95164549 -0.24358729
vn 0.18717945 -0.95164549 -0.24358729
vn 0.18717945 -0.95164549 -0.24358729
vn 0.31213614 0.91430175 -0.25811490
vn 0.31213614 0.91430175 -0.25811490
vn 0.31213614 0.91430175 -0.25811490
vn 0.31213614 0.91430175 -0.25811490
vn 0.25349838 -0.93666965 -0.24163716
vn 0.25349838 -0.93666965 -0.24163716
vn 0.25349838 -0.93666965 -0.24163716
vn 0.25349838 -0.93666965 -0.24163716
vn 0.38126704 0.88908172 -0.25331640
vn 0.38126704 0.88908172 -0.25331640
vn 0.38126704 0.88908172 -0.25331640
vn 0.38126704 0.88908172 -0.25331640
vn 0.31250328 -0.91924649 -0.23943159
vn 0.31250328 -0.91924649 -0.23943159
vn 0.31250328 -0.91924649 -0.23943159
vn 0.31250328 -0.91924649 -0.23943159
vn 0.43940434 0.86338109 -0.24798559
vn 0.43940434 0.86338109 -0.24798559
vn 0.43940434 0.86338109 -0.24798559
vn 0.43940434 0.86338109 -0.24798559
vn 0.36348686 -0.90093189 -0.23706308
vn 0.36348686 -0.90093189 -0.23706308
vn 0.36348686 -0.90093189 -0.23706308
vn 0.36348686 -0.90093189 -0.23706308
vn 0.48696998 0.83912808 -0.24233107
vn 0.48696998 0.83912808 -0.24233107
vn 0.48696998 0.83912808 -0.24233107
vn 0.48696998 0.83912808 -0.24233107
vn 0.40628538 -0.88312572 -0.23456600
vn 0.40628538 -0.88312572 -0.23456600
vn 0.40628538 -0.88312572 -0.23456600
vn 0.40628538 -0.88312572 -0.23456600
vn 0.52481228 0.81772804 -0.23641661
vn 0.52481228 0.81772804 -0.23641661
vn 0.52481228 0.81772804 -0.23641661
vn 0.52481228 0.81772804 -0.23641661
vn 0.44110069 -0.86697775 -0.23190463
vn 0.44110069 -0.86697775 -0.23190463
vn 0.44110069 -0.86697775 -0.23190463
vn 0.44110069 -0.86697775 -0.23190463
vn 0.55390924 0.80012757 -0.23017465
vn 0.55390924 0.80012757 -0.23017465
vn 0.55390924 0.80012757 -0.23017465
vn 0.55390924 0.80012757 -0.23017465
vn 0.46832949 -0.85336918 -0.22897254
vn 0.46832949 -0.85336918 -0.22897254
vn 0.46832949 -0.85336918 -0.22897254
vn 0.46832949 -0.85336918 -0.22897254
vn 0.57517666 0.78692710 -0.22342207
vn 0.57517666 0.78692710 -0.22342207
vn 0.57517666 0.78692710 -0.22342207
vn 0.57517666 0.78692710 -0.22342207
vn 0.48842505 -0.84293956 -0.22559686
vn 0.48842505 -0.84293956 -0.22559686
vn 0.48842505 -0.84293956 -0.22559686
vn 0.48842505 -0.84293956 -0.22559686
vn 0.58935732 0.77849472 -0.21587907
vn 0.58935732 0.77849472 -0.21587907
vn 0.58935732 0.77849472 -0.21587907
vn 0.58935732 0.77849472 -0.21587907
vn 0.50180089 -0.83613110 -0.22154182
vn 0.50180089 -0.83613110 -0.22154182
vn 0.50180089 -0.83613110 -0.22154182
vn 0.50180089 -0.83613110 -0.22154182
vn 0.59696597 0.77505428 -0.20717733
vn 0.59696597 0.77505428 -0.20717733
vn 0.59696597 0.77505428 -0.20717733
vn 0.59696597 0.77505428 -0.20717733
vn 0.50876772 -0.83323383 -0.21651059
vn 0.50876772 -0.83323383 -0.21651059
vn 0.50876772 -0.83323383 -0.21651059
vn 0.50876772 -0.83323383 -0.21651059
vn -0.95772487 0.00000000 -0.28768578
vn -0.95772487 0.00000000 -0.28768578
vn -0.95772487 0.00000000 -0.28768578
vn -0.95772487 0.00000000 -0.28768578
vn 0.95772487 -0.00000000 -0.28768578
vn 0.95772487 -0.00000000 -0.28768578
vn 0.95772487 -0.00000000 -0.28768578
vn 0.95772487 -0.00000000 -0.28768578
vn -0.57671922 0.79435456 -0.19077681
vn -0.57671922 0.79435456 -0.19077681
vn -0.57671922 0.79435456 -0.19077681
vn -0.57671922 0.79435456 -0.19077681
vn -0.50220305 -0.83586723 -0.22162591
vn -0.50220305 -0.83586723 -0.22162591
vn -0.50220305 -0.83586723 -0.22162591
vn -0.50220305 -0.83586723 -0.22162591
vn -0.56904638 0.79743075 -0.20072480
vn -0.56904638 0.79743075 -0.20072480
vn -0.56904638 0.79743075 -0.20072480
vn -0.56904638 0.79743075 -0.20072480
vn -0.49524423 -0.83863324 -0.22677630
vn -0.49524423 -0.83863324 -0.22677630
vn -0.49524423 -0.83863324 -0.22677630
vn -0.49524423 -0.83863324 -0.22677630
vn -0.55475169 0.80519229 -0.20956108
vn -0.55475169 0.80519229 -0.20956108
vn -0.55475169 0.80519229 -0.20956108
vn -0.55475169 0.80519229 -0.20956108
vn -0.48192343 -0.84525311 -0.23086131
vn -0.48192343 -0.84525311 -0.23086131
vn -0.48192343 -0.84525311 -0.23086131
vn -0.48192343 -0.84525311 -0.23086131
vn -0.53338718 0.81739259 -0.21764085
vn -0.53338718 0.81739259 -0.21764085
vn -0.53338718 0.81739259 -0.21764085
vn -0.53338718 0.81739259 -0.21764085
vn -0.46194631 -0.85543615 -0.23416792
vn -0.46194631 -0.85543615 -0.23416792
vn -0.46194631 -0.85543615 -0.23416792
vn -0.46194631 -0.85543615 -0.23416792
vn -0.50431287 0.83362895 -0.22523586
vn -0.50431287 0.83362895 -0.22523586
vn -0.50431287 0.83362895 -0.22523586
vn -0.50431287 0.83362895 -0.22523586
vn -0.43492070 -0.86874145 -0.23692274
vn -0.43492070 -0.86874145 -0.23692274
vn -0.43492070 -0.86874145 -0.23692274
vn -0.43492070 -0.86874145 -0.23692274
vn -0.46675900 0.85326964 -0.23252332
vn -0.46675900 0.85326964 -0.23252332
vn -0.46675900 0.85326964 -0.23252332
vn -0.46675900 0.85326964 -0.23252332
vn -0.40041870 -0.88453674 -0.23928961
vn -0.40041870 -0.88453674 -0.23928961
vn -0.40041870 -0.88453674 -0.23928961
vn -0.40041870 -0.88453674 -0.23928961
vn -0.41993538 0.87536323 -0.23956919
vn -0.41993538 0.87536323 -0.23956919
vn -0.41993538 0.87536323 -0.23956919
vn -0.41993538 0.87536323 -0.23956919
vn -0.35807320 -0.90195632 -0.24136741
vn -0.35807320 -0.90195632 -0.24136741
vn -0.35807320 -0.90195632 -0.24136741
vn -0.35807320 -0.90195632 -0.24136741
vn -0.36321625 0.89855653 -0.24631293
vn -0.36321625 0.89855653 -0.24631293
vn -0.36321625 0.89855653 -0.24631293
vn -0.36321625 0.89855653 -0.24631293
vn -0.30771038 -0.91987705 -0.24318838
vn -0.30771038 -0.91987705 -0.24318838
vn -0.30771038 -0.91987705 -0.24318838
vn -0.30771038 -0.91987705 -0.24318838
vn -0.29639924 0.92106551 -0.25255835
vn -0.29639924 0.92106551 -0.25255835
vn -0.29639924 0.92106551 -0.25255835
vn -0.29639924 0.92106551 -0.25255835
vn -0.24951148 -0.93693936 -0.24472162
vn -0.24951148 -0.93693936 -0.24472162
vn -0.24951148 -0.93693936 -0.24472162
vn -0.24951148 -0.93693936 -0.24472162
vn -0.22001891 0.94076210 -0.25798935
vn -0.22001891 0.94076210 -0.25798935
vn -0.22001891 0.94076210 -0.25798935
vn -0.22001891 0.94076210 -0.25798935
vn -0.18418090 -0.95163924 -0.24588639
vn -0.18418090 -0.95163924 -0.24588639
vn -0.18418090 -0.95163924 -0.24588639
vn -0.18418090 -0.95163924 -0.24588639
vn -0.13561784 0.95543057 -0.26222190
vn -0.13561784 0.95543057 -0.26222190
vn -0.13561784 0.95543057 -0.26222190
vn -0.13561784 0.95543057 -0.26222190
vn -0.11306099 -0.96250516 -0.24657837
vn -0.11306099 -0.96250516 -0.24657837
vn -0.11306099 -0.96250516 -0.24657837
vn -0.11306099 -0.96250516 -0.24657837
vn -0.04583421 0.96318740 -0.26489472
vn -0.04583421 0.96318740 -0.26489472
vn -0.04583421 0.96318740 -0.26489472
vn -0.04583421 0.96318740 -0.26489472
vn -0.03813282 -0.96834052 -0.24670337
vn -0.03813282 -0.96834052 -0.24670337
vn -0.03813282 -0.96834052 -0.24670337
vn -0.03813282 -0.96834052 -0.24670337
vn 0.04582267 0.96294600 -0.26577312
vn 0.04582267 0.96294600 -0.26577312
vn 0.04582267 0.96294600 -0.26577312
vn 0.04582267 0.96294600 -0.26577312
vn 0.03813773 -0.96846533 -0.24621226
vn 0.03813773 -0.96846533 -0.24621226
vn 0.03813773 -0.96846533 -0.24621226
vn 0.03813773 -0.96846533 -0.24621226
vn 0.13551791 0.95472699 -0.26482296
vn 0.13551791 0.95472699 -0.26482296
vn 0.13551791 0.95472699 -0.26482296
vn 0.13551791 0.95472699 -0.26482296
vn 0.11310410 -0.96287221 -0.24512154
vn 0.11310410 -0.96287221 -0.24512154
vn 0.11310410 -0.96287221 -0.24512154
vn 0.11310410 -0.96287221 -0.24512154
vn 0.21975960 0.93965322 -0.26221636
vn 0.21975960 0.93965322 -0.26221636
vn 0.21975960 0.93965322 -0.26221636
vn 0.21975960 0.93965322 -0.26221636
vn 0.18429480 -0.95222771 -0.24351157
vn 0.18429480 -0.95222771 -0.24351157
vn 0.18429480 -0.95222771 -0.24351157
vn 0.18429480 -0.95222771 -0.24351157
vn 0.29593736 0.91963005 -0.25826657
vn 0.29593736 0.91963005 -0.25826657
vn 0.29593736 0.91963005 -0.25826657
vn 0.29593736 0.91963005 -0.25826657
vn 0.24971916 -0.93771923 -0.24150114
vn 0.24971916 -0.93771923 -0.24150114
vn 0.24971916 -0.93771923 -0.24150114
vn 0.24971916 -0.93771923 -0.24150114
vn 0.36253792 0.89687854 -0.25332794
vn 0.36253792 0.89687854 -0.25332794
vn 0.36253792 0.89687854 -0.25332794
vn 0.36253792 0.89687854 -0.25332794
vn 0.30802381 -0.92081410 -0.23921266
vn 0.30802381 -0.92081410 -0.23921266
vn 0.30802381 -0.92081410 -0.23921266
vn 0.30802381 -0.92081410 -0.23921266
vn 0.41905135 0.87352061 -0.24770504
vn 0.41905135 0.87352061 -0.24770504
vn 0.41905135 0.87352061 -0.24770504
vn 0.41905135 0.87352061 -0.24770504
vn 0.35849398 -0.90301627 -0.23673558
vn 0.35849398 -0.90301627 -0.23673558
vn 0.35849398 -0.90301627 -0.23673558
vn 0.35849398 -0.90301627 -0.23673558
vn 0.46569645 0.85132730 -0.24159585
vn 0.46569645 0.85132730 -0.24159585
vn 0.46569645 0.85132730 -0.24159585
vn 0.46569645 0.85132730 -0.24159585
vn 0.40093976 -0.88568777 -0.23410346
vn 0.40093976 -0.88568777 -0.23410346
vn 0.40093976 -0.88568777 -0.23410346
vn 0.40093976 -0.88568777 -0.23410346
vn 0.50310886 0.83163869 -0.23507147
vn 0.50310886 0.83163869 -0.23507147
vn 0.50310886 0.83163869 -0.23507147
vn 0.50310886 0.83163869 -0.23507147
vn 0.43552867 -0.86995590 -0.23128210
vn 0.43552867 -0.86995590 -0.23128210
vn 0.43552867 -0.86995590 -0.23128210
vn 0.43552867 -0.86995590 -0.23128210
vn 0.53208303 0.81539404 -0.22807932
vn 0.53208303 0.81539404 -0.22807932
vn 0.53208303 0.81539404 -0.22807932
vn 0.53208303 0.81539404 -0.22807932
vn 0.46262369 -0.85669059 -0.22816804
vn 0.46262369 -0.85669059 -0.22816804
vn 0.46262369 -0.85669059 -0.22816804
vn 0.46262369 -0.85669059 -0.22816804
vn 0.55339068 0.80321699 -0.22045696
vn 0.55339068 0.80321699 -0.22045696
vn 0.55339068 0.80321699 -0.22045696
vn 0.55339068 0.80321699 -0.22045696
vn 0.48264974 -0.84652698 -0.22459133
vn 0.48264974 -0.84652698 -0.22459133
vn 0.48264974 -0.84652698 -0.22459133
vn 0.48264974 -0.84652698 -0.22459133
vn 0.56767201 0.79550487 -0.21194474
vn 0.56767201 0.79550487 -0.21194474
vn 0.56767201 0.79550487 -0.21194474
vn 0.56767201 0.79550487 -0.21194474
vn 0.49599719 -0.83990824 -0.22032002
vn 0.49599719 -0.83990824 -0.22032002
vn 0.49599719 -0.83990824 -0.22032002
vn 0.49599719 -0.83990824 -0.22032002
vn 0.57537484 0.79250282 -0.20219523
vn 0.57537484 0.79250282 -0.20219523
vn 0.57537484 0.79250282 -0.20219523
vn 0.57537484 0.79250282 -0.20219523
vn 0.50295925 -0.83712584 -0.21506330
vn 0.50295925 -0.83712584 -0.21506330
vn 0.50295925 -0.83712584 -0.21506330
vn 0.50295925 -0.83712584 -0.21506330
vn -0.95772493 0.00000000 -0.28768560
vn -0.95772493 0.00000000 -0.28768560
vn -0.95772493 0.00000000 -0.28768560
vn -0.95772493 0.00000000 -0.28768560
vn 0.95772493 -0.00000000 -0.28768560
vn 0.95772493 -0.00000000 -0.28768560
vn 0.95772493 -0.00000000 -0.28768560
vn 0.95772493 -0.00000000 -0.28768560
vn -0.54954201 0.81516129 -0.18307276
vn -0.54954201 0.81516129 -0.18307276
vn -0.54954201 0.81516129 -0.18307276
vn -0.54954201 0.81516129 -0.18307276
vn -0.48616895 -0.84617466 -0.21823879
vn -0.48616895 -0.84617466 -0.21823879
vn -0.48616895 -0.84617466 -0.21823879
vn -0.48616895 -0.84617466 -0.21823879
vn -0.54182827 0.81771028 -0.19435045
vn -0.54182827 0.81771028 -0.19435045
vn -0.54182827 0.81771028 -0.19435045
vn -0.54182827 0.81771028 -0.19435045
vn -0.47923341 -0.84862387 -0.22399318
vn -0.47923341 -0.84862387 -0.22399318
vn -0.47923341 -0.84862387 -0.22399318
vn -0.47923341 -0.84862387 -0.22399318
vn -0.52751791 0.82457662 -0.20444581
vn -0.52751791 0.82457662 -0.20444581
vn -0.52751791 0.82457662 -0.20444581
vn -0.52751791 0.82457662 -0.20444581
vn -0.46601617 -0.85472178 -0.22864749
vn -0.46601617 -0.85472178 -0.22864749
vn -0.46601617 -0.85472178 -0.22864749
vn -0.46601617 -0.85472178 -0.22864749
vn -0.50624758 0.83549500 -0.21368541
vn -0.50624758 0.83549500 -0.21368541
vn -0.50624758 0.83549500 -0.21368541
vn -0.50624758 0.83549500 -0.21368541
vn -0.44626418 -0.86417788 -0.23247512
vn -0.44626418 -0.86417788 -0.23247512
vn -0.44626418 -0.86417788 -0.23247512
vn -0.44626418 -0.86417788 -0.23247512
vn -0.47750106 0.85004103 -0.22231288
vn -0.47750106 0.85004103 -0.22231288
vn -0.47750106 0.85004103 -0.22231288
vn -0.47750106 0.85004103 -0.22231288
vn -0.41964591 -0.87655389 -0.23569149
vn -0.41964591 -0.87655389 -0.23569149
vn -0.41964591 -0.87655389 -0.23569149
vn -0.41964591 -0.87655389 -0.23569149
vn -0.44067639 0.86757320 -0.23048003
vn -0.44067639 0.86757320 -0.23048003
vn -0.44067639 0.86757320 -0.23048003
vn -0.44067639 0.86757320 -0.23048003
vn -0.38580987 -0.89123058 -0.23845108
vn -0.38580987 -0.89123058 -0.23845108
vn -0.38580987 -0.89123058 -0.23845108
vn -0.38580987 -0.89123058 -0.23845108
vn -0.39519188 0.88716871 -0.23823352
vn -0.39519188 0.88716871 -0.23823352
vn -0.39519188 0.88716871 -0.23823352
vn -0.39519188 0.88716871 -0.23823352
vn -0.34447551 -0.90737510 -0.24084632
vn -0.34447551 -0.90737510 -0.24084632
vn -0.34447551 -0.90737510 -0.24084632
vn -0.34447551 -0.90737510 -0.24084632
vn -0.34064972 0.90757132 -0.24550383
vn -0.34064972 0.90757132 -0.24550383
vn -0.34064972 0.90757132 -0.24550383
vn -0.34064972 0.90757132 -0.24550383
vn -0.29555342 -0.92392886 -0.24290663
vn -0.29555342 -0.92392886 -0.24290663
vn -0.29555342 -0.92392886 -0.24290663
vn -0.29555342 -0.92392886 -0.24290663
vn -0.27705342 0.92719197 -0.25210398
vn -0.27705342 0.92719197 -0.25210398
vn -0.27705342 0.92719197 -0.25210398
vn -0.27705342 0.92719197 -0.25210398
vn -0.23928829 -0.93963301 -0.24460350
vn -0.23928829 -0.93963301 -0.24460350
vn -0.23928829 -0.93963301 -0.24460350
vn -0.23928829 -0.93963301 -0.24460350
vn -0.20504707 0.94420403 -0.25774866
vn -0.20504707 0.94420403 -0.25774866
vn -0.20504707 0.94420403 -0.25774866
vn -0.20504707 0.94420403 -0.25774866
vn -0.17640238 -0.95311737 -0.24586459
vn -0.17640238 -0.95311737 -0.24586459
vn -0.17640238 -0.95311737 -0.24586459
vn -0.17640238 -0.95311737 -0.24586459
vn -0.12610441 0.95676535 -0.26210263
vn -0.12610441 0.95676535 -0.26210263
vn -0.12610441 0.95676535 -0.26210263
vn -0.12610441 0.95676535 -0.26210263
vn -0.10818031 -0.96306115 -0.24659702
vn -0.10818031 -0.96306115 -0.24659702
vn -0.10818031 -0.96306115 -0.24659702
vn -0.10818031 -0.96306115 -0.24659702
vn -0.04256664 0.96334779 -0.26485696
vn -0.04256664 0.96334779 -0.26485696
vn -0.04256664 0.96334779 -0.26485696
vn -0.04256664 0.96334779 -0.26485696
vn -0.03646804 -0.96840078 -0.24671882
vn -0.03646804 -0.96840078 -0.24671882
vn -0.03646804 -0.96840078 -0.24671882
vn -0.03646804 -0.96840078 -0.24671882
vn 0.04255497 0.96308523 -0.26581165
vn 0.04255497 0.96308523 -0.26581165
vn 0.04255497 0.96308523 -0.26581165
vn 0.04255497 0.96308523 -0.26581165
vn 0.03647311 -0.96853548 -0.24618837
vn 0.03647311 -0.96853548 -0.24618837
vn 0.03647311 -0.96853548 -0.24618837
vn 0.03647311 -0.96853548 -0.24618837
vn 0.12600337 0.95599872 -0.26493317
vn 0.12600337 0.95599872 -0.26493317
vn 0.12600337 0.95599872 -0.26493317
vn 0.12600337 0.95599872 -0.26493317
vn 0.10822488 -0.96345794 -0.24502295
vn 0.10822488 -0.96345794 -0.24502295
vn 0.10822488 -0.96345794 -0.24502295
vn 0.10822488 -0.96345794 -0.24502295
vn 0.20478351 0.94299072 -0.26235902
vn 0.20478351 0.94299072 -0.26235902
vn 0.20478351 0.94299072 -0.26235902
vn 0.20478351 0.94299072 -0.26235902
vn 0.17652029 -0.95375454 -0.24329591
vn 0.17652029 -0.95375454 -0.24329591
vn 0.17652029 -0.95375454 -0.24329591
vn 0.17652029 -0.95375454 -0.24329591
vn 0.27658144 0.92561257 -0.25834867
vn 0.27658144 0.92561257 -0.25834867
vn 0.27658144 0.92561257 -0.25834867
vn 0.27658144 0.92561257 -0.25834867
vn 0.23950379 -0.94047928 -0.24111556
vn 0.23950379 -0.94047928 -0.24111556
vn 0.23950379 -0.94047928 -0.24111556
vn 0.23950379 -0.94047928 -0.24111556
vn 0.33995292 0.90571481 -0.25320494
vn 0.33995292 0.90571481 -0.25320494
vn 0.33995292 0.90571481 -0.25320494
vn 0.33995292 0.90571481 -0.25320494
vn 0.29587936 -0.92494786 -0.23859341
vn 0.29587936 -0.92494786 -0.23859341
vn 0.29587936 -0.92494786 -0.23859341
vn 0.29587936 -0.92494786 -0.23859341
vn 0.39427918 0.88511986 -0.24719755
vn 0.39427918 0.88511986 -0.24719755
vn 0.39427918 0.88511986 -0.24719755
vn 0.39427918 0.88511986 -0.24719755
vn 0.34491396 -0.90853006 -0.23581257
vn 0.34491396 -0.90853006 -0.23581257
vn 0.34491396 -0.90853006 -0.23581257
vn 0.34491396 -0.90853006 -0.23581257
vn 0.43957552 0.86540598 -0.24051163
vn 0.43957552 0.86540598 -0.24051163
vn 0.43957552 0.86540598 -0.24051163
vn 0.43957552 0.86540598 -0.24051163
vn 0.38635364 -0.89248669 -0.23280537
vn 0.38635364 -0.89248669 -0.23280537
vn 0.38635364 -0.89248669 -0.23280537
vn 0.38635364 -0.89248669 -0.23280537
vn 0.47625118 0.84781587 -0.23322332
vn 0.47625118 0.84781587 -0.23322332
vn 0.47625118 0.84781587 -0.23322332
vn 0.47625118 0.84781587 -0.23322332
vn 0.42028111 -0.87788075 -0.22954105
vn 0.42028111 -0.87788075 -0.22954105
vn 0.42028111 -0.87788075 -0.22954105
vn 0.42028111 -0.87788075 -0.22954105
vn 0.50489372 0.83326072 -0.22529751
vn 0.50489372 0.83326072 -0.22529751
vn 0.50489372 0.83326072 -0.22529751
vn 0.50489372 0.83326072 -0.22529751
vn 0.44697204 -0.86554867 -0.22592348
vn 0.44697204 -0.86554867 -0.22592348
vn 0.44697204 -0.86554867 -0.22592348
vn 0.44697204 -0.86554867 -0.22592348
vn 0.52610803 0.82237285 -0.21659490
vn 0.52610803 0.82237285 -0.21659490
vn 0.52610803 0.82237285 -0.21659490
vn 0.52610803 0.82237285 -0.21659490
vn 0.46677470 -0.85611302 -0.22179258
vn 0.46677470 -0.85611302 -0.22179258
vn 0.46677470 -0.85611302 -0.22179258
vn 0.46677470 -0.85611302 -0.22179258
vn 0.54041070 0.81557083 -0.20688243
vn 0.54041070 0.81557083 -0.20688243
vn 0.54041070 0.81557083 -0.20688243
vn 0.54041070 0.81557083 -0.20688243
vn 0.48001862 -0.85001433 -0.21692814
vn 0.48001862 -0.85001433 -0.21692814
vn 0.48001862 -0.85001433 -0.21692814
vn 0.48001862 -0.85001433 -0.21692814
vn 0.54816478 0.81311834 -0.19584164
vn 0.54816478 0.81311834 -0.19584164
vn 0.54816478 0.81311834 -0.19584164
vn 0.54816478 0.81311834 -0.19584164
vn 0.48695576 -0.84754413 -0.21105249
vn 0.48695576 -0.84754413 -0.21105249
vn 0.48695576 -0.84754413 -0.21105249
vn 0.48695576 -0.84754413 -0.21105249
vn -0.95772487 0.00000000 -0.28768587
vn -0.95772487 0.00000000 -0.28768587
vn -0.95772487 0.00000000 -0.28768587
vn -0.95772487 0.00000000 -0.28768587
vn 0.95772487 -0.00000000 -0.28768587
vn 0.95772487 -0.00000000 -0.28768587
vn 0.95772487 -0.00000000 -0.28768587
vn 0.95772487 -0.00000000 -0.28768587
vn -0.53612131 0.82488865 -0.17925575
vn -0.53612131 0.82488865 -0.17925575
vn -0.53612131 0.82488865 -0.17925575
vn -0.53612131 0.82488865 -0.17925575
vn -0.46660894 -0.85817206 -0.21404870
vn -0.46660894 -0.85817206 -0.21404870
vn -0.46660894 -0.85817206 -0.21404870
vn -0.46660894 -0.85817206 -0.21404870
vn -0.52841294 0.82718223 -0.19117904
vn -0.52841294 0.82718223 -0.19117904
vn -0.52841294 0.82718223 -0.19117904
vn -0.52841294 0.82718223 -0.19117904
vn -0.45973018 -0.86023980 -0.22053495
vn -0.45973018 -0.86023980 -0.22053495
vn -0.45973018 -0.86023980 -0.22053495
vn -0.45973018 -0.86023980 -0.22053495
vn -0.51413721 0.83360881 -0.20188919
vn -0.51413721 0.83360881 -0.20188919
vn -0.51413721 0.83360881 -0.20188919
vn -0.51413721 0.83360881 -0.20188919
vn -0.44668299 -0.86570883 -0.22588135
vn -0.44668299 -0.86570883 -0.22588135
vn -0.44668299 -0.86570883 -0.22588135
vn -0.44668299 -0.86570883 -0.22588135
vn -0.49296951 0.84389919 -0.21169575
vn -0.49296951 0.84389919 -0.21169575
vn -0.49296951 0.84389919 -0.21169575
vn -0.49296951 0.84389919 -0.21169575
vn -0.42726457 -0.87429184 -0.23034495
vn -0.42726457 -0.87429184 -0.23034495
vn -0.42726457 -0.87429184 -0.23034495
vn -0.42726457 -0.87429184 -0.23034495
vn -0.46445286 0.85762334 -0.22082943
vn -0.46445286 0.85762334 -0.22082943
vn -0.46445286 0.85762334 -0.22082943
vn -0.46445286 0.85762334 -0.22082943
vn -0.40121129 -0.88555866 -0.23412703
vn -0.40121129 -0.88555866 -0.23412703
vn -0.40121129 -0.88555866 -0.23412703
vn -0.40121129 -0.88555866 -0.23412703
vn -0.42806154 0.87414271 -0.22942938
vn -0.42806154 0.87414271 -0.22942938
vn -0.42806154 0.87414271 -0.22942938
vn -0.42806154 0.87414271 -0.22942938
vn -0.36825773 -0.89891124 -0.23737055
vn -0.36825773 -0.89891124 -0.23737055
vn -0.36825773 -0.89891124 -0.23737055
vn -0.36825773 -0.89891124 -0.23737055
vn -0.38330659 0.89255464 -0.23753369
vn -0.38330659 0.89255464 -0.23753369
vn -0.38330659 0.89255464 -0.23753369
vn -0.38330659 0.89255464 -0.23753369
vn -0.32821709 -0.91356272 -0.24015982
vn -0.32821709 -0.91356272 -0.24015982
vn -0.32821709 -0.91356272 -0.24015982
vn -0.32821709 -0.91356272 -0.24015982
vn -0.32988939 0.91165459 -0.24506950
vn -0.32988939 0.91165459 -0.24506950
vn -0.32988939 0.91165459 -0.24506950
vn -0.32988939 0.91165459 -0.24506950
vn -0.28109017 -0.92853206 -0.24252132
vn -0.28109017 -0.92853206 -0.24252132
vn -0.28109017 -0.92853206 -0.24252132
vn -0.28109017 -0.92853206 -0.24252132
vn -0.26789379 0.92994779 -0.25185326
vn -0.26789379 0.92994779 -0.25185326
vn -0.26789379 0.92994779 -0.25185326
vn -0.26789379 0.92994779 -0.25185326
vn -0.22718416 -0.94267803 -0.24442886
vn -0.22718416 -0.94267803 -0.24442886
vn -0.22718416 -0.94267803 -0.24442886
vn -0.22718416 -0.94267803 -0.24442886
vn -0.19800271 0.94574302 -0.25761425
vn -0.19800271 0.94574302 -0.25761425
vn -0.19800271 0.94574302 -0.25761425
vn -0.19800271 0.94574302 -0.25761425
vn -0.16722968 -0.95478129 -0.24581917
vn -0.16722968 -0.95478129 -0.24581917
vn -0.16722968 -0.95478129 -0.24581917
vn -0.16722968 -0.95478129 -0.24581917
vn -0.12164949 0.95735967 -0.26203808
vn -0.12164949 0.95735967 -0.26203808
vn -0.12164949 0.95735967 -0.26203808
vn -0.12164949 0.95735967 -0.26203808
vn -0.10244260 -0.96368462 -0.24661137
vn -0.10244260 -0.96368462 -0.24661137
vn -0.10244260 -0.96368462 -0.24661137
vn -0.10244260 -0.96368462 -0.24661137
vn -0.04104040 0.96341926 -0.26483795
vn -0.04104040 0.96341926 -0.26483795
vn -0.04104040 0.96341926 -0.26483795
vn -0.04104040 0.96341926 -0.26483795
vn -0.03451362 -0.96846795 -0.24673590
vn -0.03451362 -0.96846795 -0.24673590
vn -0.03451362 -0.96846795 -0.24673590
vn -0.03451362 -0.96846795 -0.24673590
vn 0.04102880 0.96314687 -0.26582831
vn 0.04102880 0.96314687 -0.26582831
vn 0.04102880 0.96314687 -0.26582831
vn 0.04102880 0.96314687 -0.26582831
vn 0.03451884 -0.96861446 -0.24615955
vn 0.03451884 -0.96861446 -0.24615955
vn 0.03451884 -0.96861446 -0.24615955
vn 0.03451884 -0.96861446 -0.24615955
vn 0.12154835 0.95656359 -0.26497597
vn 0.12154835 0.95656359 -0.26497597
vn 0.12154835 0.95656359 -0.26497597
vn 0.12154835 0.95656359 -0.26497597
vn 0.10248848 -0.96411628 -0.24489953
vn 0.10248848 -0.96411628 -0.24489953
vn 0.10248848 -0.96411628 -0.24489953
vn 0.10248848 -0.96411628 -0.24489953
vn 0.19773839 0.94448054 -0.26240423
vn 0.19773839 0.94448054 -0.26240423
vn 0.19773839 0.94448054 -0.26240423
vn 0.19773839 0.94448054 -0.26240423
vn 0.16735129 -0.95547557 -0.24302229
vn 0.16735129 -0.95547557 -0.24302229
vn 0.16735129 -0.95547557 -0.24302229
vn 0.16735129 -0.95547557 -0.24302229
vn 0.26741928 0.92830068 -0.25835019
vn 0.26741928 0.92830068 -0.25835019
vn 0.26741928 0.92830068 -0.25835019
vn 0.26741928 0.92830068 -0.25835019
vn 0.22740692 -0.94360238 -0.24062550
vn 0.22740692 -0.94360238 -0.24062550
vn 0.22740692 -0.94360238 -0.24062550
vn 0.22740692 -0.94360238 -0.24062550
vn 0.32918712 0.90971386 -0.25309420
vn 0.32918712 0.90971386 -0.25309420
vn 0.32918712 0.90971386 -0.25309420
vn 0.32918712 0.90971386 -0.25309420
vn 0.28142798 -0.92964792 -0.23780893
vn 0.28142798 -0.92964792 -0.23780893
vn 0.28142798 -0.92964792 -0.23780893
vn 0.28142798 -0.92964792 -0.23780893
vn 0.38238484 0.89040828 -0.24689066
vn 0.38238484 0.89040828 -0.24689066
vn 0.38238484 0.89040828 -0.24689066
vn 0.38238484 0.89040828 -0.24689066
vn 0.32867241 -0.91483009 -0.23464929
vn 0.32867241 -0.91483009 -0.23464929
vn 0.32867241 -0.91483009 -0.23464929
vn 0.32867241 -0.91483009 -0.23464929
vn 0.42694801 0.87186873 -0.23991740
vn 0.42694801 0.87186873 -0.23991740
vn 0.42694801 0.87186873 -0.23991740
vn 0.42694801 0.87186873 -0.23991740
vn 0.36882347 -0.90029222 -0.23117757
vn 0.36882347 -0.90029222 -0.23117757
vn 0.36882347 -0.90029222 -0.23117757
vn 0.36882347 -0.90029222 -0.23117757
vn 0.46318755 0.85528690 -0.23225328
vn 0.46318755 0.85528690 -0.23225328
vn 0.46318755 0.85528690 -0.23225328
vn 0.46318755 0.85528690 -0.23225328
vn 0.40187281 -0.88701880 -0.22736770
vn 0.40187281 -0.88701880 -0.22736770
vn 0.40187281 -0.88701880 -0.22736770
vn 0.40187281 -0.88701880 -0.22736770
vn 0.49159923 0.84155339 -0.22387058
vn 0.49159923 0.84155339 -0.22387058
vn 0.49159923 0.84155339 -0.22387058
vn 0.49159923 0.84155339 -0.22387058
vn 0.42800176 -0.87580031 -0.22313273
vn 0.42800176 -0.87580031 -0.22313273
vn 0.42800176 -0.87580031 -0.22313273
vn 0.42800176 -0.87580031 -0.22313273
vn 0.51271182 0.83129776 -0.21464072
vn 0.51271182 0.83129776 -0.21464072
vn 0.51271182 0.83129776 -0.21464072
vn 0.51271182 0.83129776 -0.21464072
vn 0.44747236 -0.86723870 -0.21832457
vn 0.44747236 -0.86723870 -0.21832457
vn 0.44747236 -0.86723870 -0.21832457
vn 0.44747236 -0.86723870 -0.21832457
vn 0.52698308 0.82494390 -0.20434399
vn 0.52698308 0.82494390 -0.20434399
vn 0.52698308 0.82494390 -0.20434399
vn 0.52698308 0.82494390 -0.20434399
vn 0.46054575 -0.86176592 -0.21273752
vn 0.46054575 -0.86176592 -0.21273752
vn 0.46054575 -0.86176592 -0.21273752
vn 0.46054575 -0.86176592 -0.21273752
vn 0.53473711 0.82275879 -0.19267611
vn 0.53473711 0.82275879 -0.19267611
vn 0.53473711 0.82275879 -0.19267611
vn 0.53473711 0.82275879 -0.19267611
vn 0.46742359 -0.85967040 -0.20611177
vn 0.46742359 -0.85967040 -0.20611177
vn 0.46742359 -0.85967040 -0.20611177
vn 0.46742359 -0.85967040 -0.20611177
vn -0.95772499 0.00000000 -0.28768519
vn -0.95772499 0.00000000 -0.28768519
vn -0.95772499 0.00000000 -0.28768519
vn -0.95772499 0.00000000 -0.28768519
vn 0.95772499 -0.00000000 -0.28768519
vn 0.95772499 -0.00000000 -0.28768519
vn 0.95772499 -0.00000000 -0.28768519
vn 0.95772499 -0.00000000 -0.28768519
vn 0.00002930 -0.00000375 1.00000000
vn 0.00002930 -0.00000375 1.00000000
vn 0.00002930 -0.00000375 1.00000000
vn 0.00002926 -0.00000381 1.00000000
vn 0.00002926 -0.00000381 1.00000000
vn 0.00002926 -0.00000381 1.00000000
vn 0.00002910 -0.00000393 1.00000000
vn 0.00002910 -0.00000393 1.00000000
vn 0.00002910 -0.00000393 1.00000000
vn 0.00002871 -0.00000409 1.00000000
vn 0.00002871 -0.00000409 1.00000000
vn 0.00002871 -0.00000409 1.00000000
vn 0.00002797 -0.00000430 1.00000000
vn 0.00002797 -0.00000430 1.00000000
vn 0.00002797 -0.00000430 1.00000000
vn 0.00002673 -0.00000454 0.99999994
vn 0.00002673 -0.00000454 0.99999994
vn 0.00002673 -0.00000454 0.99999994
vn 0.00002486 -0.00000482 1.00000000
vn 0.00002486 -0.00000482 1.00000000
vn 0.00002486 -0.00000482 1.00000000
vn 0.00002220 -0.00000510 1.00000000
vn 0.00002220 -0.00000510 1.00000000
vn 0.00002220 -0.00000510 1.00000000
vn 0.00001865 -0.00000539 1.00000000
vn 0.00001865 -0.00000539 1.00000000
vn 0.00001865 -0.00000539 1.00000000
vn 0.00001418 -0.00000563 1.00000000
vn 0.00001418 -0.00000563 1.00000000
vn 0.00001418 -0.00000563 1.00000000
vn 0.00000889 -0.00000582 1.00000000
vn 0.00000889 -0.00000582 1.00000000
vn 0.00000889 -0.00000582 1.00000000
vn 0.00000303 -0.00000592 1.00000000
vn 0.00000303 -0.00000592 1.00000000
vn 0.00000303 -0.00000592 1.00000000
vn -0.00000303 -0.00000592 1.00000000
vn -0.00000303 -0.00000592 1.00000000
vn -0.00000303 -0.00000592 1.00000000
vn -0.00000889 -0.00000582 1.00000000
vn -0.00000889 -0.00000582 1.00000000
vn -0.00000889 -0.00000582 1.00000000
vn -0.00001418 -0.00000563 1.00000000
vn -0.00001418 -0.00000563 1.00000000
vn -0.00001418 -0.00000563 1.00000000
vn -0.00001865 -0.00000539 1.00000000
vn -0.00001865 -0.00000539 1.00000000
vn -0.00001865 -0.00000539 1.00000000
vn -0.00002220 -0.00000510 1.00000000
vn -0.00002220 -0.00000510 1.00000000
vn -0.00002220 -0.00000510 1.00000000
vn -0.00002486 -0.00000482 1.00000000
vn -0.00002486 -0.00000482 1.00000000
vn -0.00002486 -0.00000482 1.00000000
vn -0.00002673 -0.00000454 0.99999994
vn -0.00002673 -0.00000454 0.99999994
vn -0.00002673 -0.00000454 0.99999994
vn -0.00002797 -0.00000430 1.00000000
vn -0.00002797 -0.00000430 1.00000000
vn -0.00002797 -0.00000430 1.00000000
vn -0.00002871 -0.00000409 1.00000000
vn -0.00002871 -0.00000409 1.00000000
vn -0.00002871 -0.00000409 1.00000000
vn -0.00002910 -0.00000393 1.00000000
vn -0.00002910 -0.00000393 1.00000000
vn -0.00002910 -0.00000393 1.00000000
vn -0.00002926 -0.00000381 1.00000000
vn -0.00002926 -0.00000381 1.00000000
vn -0.00002926 -0.00000381 1.00000000
vn -0.00002930 -0.00000375 1.00000000
vn -0.00002930 -0.00000375 1.00000000
vn -0.00002930 -0.00000375 1.00000000
vn -0.00002890 -0.00000000 1.00000000
vn -0.00002890 -0.00000000 1.00000000
vn -0.00002890 -0.00000000 1.00000000
vn -0.00002577 0.00000449 1.00000000
vn -0.00002577 0.00000449 1.00000000
vn -0.00002577 0.00000449 1.00000000
vn -0.00002569 0.00000455 1.00000000
vn -0.00002569 0.00000455 1.00000000
vn -0.00002569 0.00000455 1.00000000
vn -0.00002545 0.00000467 1.00000000
vn -0.00002545 0.00000467 1.00000000
vn -0.00002545 0.00000467 1.00000000
vn -0.00002498 0.00000484 1.00000000
vn -0.00002498 0.00000484 1.00000000
vn -0.00002498 0.00000484 1.00000000
vn -0.00002417 0.00000505 1.00000000
vn -0.00002417 0.00000505 1.00000000
vn -0.00002417 0.00000505 1.00000000
vn -0.00002293 0.00000530 1.00000000
vn -0.00002293 0.00000530 1.00000000
vn -0.00002293 0.00000530 1.00000000
vn -0.00002114 0.00000557 1.00000000
vn -0.00002114 0.00000557 1.00000000
vn -0.00002114 0.00000557 1.00000000
vn -0.00001871 0.00000585 0.99999994
vn -0.00001871 0.00000585 0.99999994
vn -0.00001871 0.00000585 0.99999994
vn -0.00001558 0.00000612 0.99999994
vn -0.00001558 0.00000612 0.99999994
vn -0.00001558 0.00000612 0.99999994
vn -0.00001176 0.00000635 1.00000000
vn -0.00001176 0.00000635 1.00000000
vn -0.00001176 0.00000635 1.00000000
vn -0.00000733 0.00000653 1.00000000
vn -0.00000733 0.00000653 1.00000000
vn -0.00000733 0.00000653 1.00000000
vn -0.00000249 0.00000662 1.00000000
vn -0.00000249 0.00000662 1.00000000
vn -0.00000249 0.00000662 1.00000000
vn 0.00000249 0.00000662 1.00000000
vn 0.00000249 0.00000662 1.00000000
vn 0.00000249 0.00000662 1.00000000
vn 0.00000733 0.00000653 1.00000000
vn 0.00000733 0.00000653 1.00000000
vn 0.00000733 0.00000653 1.00000000
vn 0.00001176 0.00000635 1.00000000
vn 0.00001176 0.00000635 1.00000000
vn 0.00001176 0.00000635 1.00000000
vn 0.00001558 0.00000612 0.99999994
vn 0.00001558 0.00000612 0.99999994
vn 0.00001558 0.00000612 0.99999994
vn 0.00001871 0.00000585 0.99999994
vn 0.00001871 0.00000585 0.99999994
vn 0.00001871 0.00000585 0.99999994
vn 0.00002114 0.00000557 1.00000000
vn 0.00002114 0.00000557 1.00000000
vn 0.00002114 0.00000557 1.00000000
vn 0.00002293 0.00000530 1.00000000
vn 0.00002293 0.00000530 1.00000000
vn 0.00002293 0.00000530 1.00000000
vn 0.00002417 0.00000505 1.00000000
vn 0.00002417 0.00000505 1.00000000
vn 0.00002417 0.00000505 1.00000000
vn 0.00002498 0.00000484 1.00000000
vn 0.00002498 0.00000484 1.00000000
vn 0.00002498 0.00000484 1.00000000
vn 0.00002545 0.00000467 1.00000000
vn 0.00002545 0.00000467 1.00000000
vn 0.00002545 0.00000467 1.00000000
vn 0.00002569 0.00000455 1.00000000
vn 0.00002569 0.00000455 1.00000000
vn 0.00002569 0.00000455 1.00000000
vn 0.00002577 0.00000449 1.00000000
vn 0.00002577 0.00000449 1.00000000
vn 0.00002577 0.00000449 1.00000000
vn 0.00002890 -0.00000000 1.00000000
vn 0.00002890 -0.00000000 1.00000000
vn 0.00002890 -0.00000000 1.00000000
vn 0.00000223 -0.00000343 -1.00000000
vn 0.00000223 -0.00000343 -1.00000000
vn 0.00000223 -0.00000343 -1.00000000
vn 0.00000222 -0.00000348 -1.00000000
vn 0.00000222 -0.00000348 -1.00000000
vn 0.00000222 -0.00000348 -1.00000000
vn 0.00000221 -0.00000358 -1.00000000
vn 0.00000221 -0.00000358 -1.00000000
vn 0.00000221 -0.00000358 -1.00000000
vn 0.00000218 -0.00000372 -1.00000000
vn 0.00000218 -0.00000372 -1.00000000
vn 0.00000218 -0.00000372 -1.00000000
vn 0.00000212 -0.00000391 -0.99999994
vn 0.00000212 -0.00000391 -0.99999994
vn 0.00000212 -0.00000391 -0.99999994
vn 0.00000202 -0.00000412 -1.00000000
vn 0.00000202 -0.00000412 -1.00000000
vn 0.00000202 -0.00000412 -1.00000000
vn 0.00000187 -0.00000436 -1.00000000
vn 0.00000187 -0.00000436 -1.00000000
vn 0.00000187 -0.00000436 -1.00000000
vn 0.00000167 -0.00000461 -1.00000000
vn 0.00000167 -0.00000461 -1.00000000
vn 0.00000167 -0.00000461 -1.00000000
vn 0.00000140 -0.00000485 -1.00000000
vn 0.00000140 -0.00000485 -1.00000000
vn 0.00000140 -0.00000485 -1.00000000
vn 0.00000106 -0.00000507 -1.00000000
vn 0.00000106 -0.00000507 -1.00000000
vn 0.00000106 -0.00000507 -1.00000000
vn 0.00000066 -0.00000523 -1.00000000
vn 0.00000066 -0.00000523 -1.00000000
vn 0.00000066 -0.00000523 -1.00000000
vn 0.00000023 -0.00000531 -1.00000000
vn 0.00000023 -0.00000531 -1.00000000
vn 0.00000023 -0.00000531 -1.00000000
vn -0.00000023 -0.00000531 -1.00000000
vn -0.00000023 -0.00000531 -1.00000000
vn -0.00000023 -0.00000531 -1.00000000
vn -0.00000066 -0.00000523 -1.00000000
vn -0.00000066 -0.00000523 -1.00000000
vn -0.00000066 -0.00000523 -1.00000000
vn -0.00000106 -0.00000507 -1.00000000
vn -0.00000106 -0.00000507 -1.00000000
vn -0.00000106 -0.00000507 -1.00000000
vn -0.00000140 -0.00000485 -1.00000000
vn -0.00000140 -0.00000485 -1.00000000
vn -0.00000140 -0.00000485 -1.00000000
vn -0.00000167 -0.00000461 -1.00000000
vn -0.00000167 -0.00000461 -1.00000000
vn -0.00000167 -0.00000461 -1.00000000
vn -0.00000187 -0.00000436 -1.00000000
vn -0.00000187 -0.00000436 -1.00000000
vn -0.00000187 -0.00000436 -1.00000000
vn -0.00000202 -0.00000412 -1.00000000
vn -0.00000202 -0.00000412 -1.00000000
vn -0.00000202 -0.00000412 -1.00000000
vn -0.00000212 -0.00000391 -0.99999994
vn -0.00000212 -0.00000391 -0.99999994
vn -0.00000212 -0.00000391 -0.99999994
vn -0.00000218 -0.00000372 -1.00000000
vn -0.00000218 -0.00000372 -1.00000000
vn -0.00000218 -0.00000372 -1.00000000
vn -0.00000221 -0.00000358 -1.00000000
vn -0.00000221 -0.00000358 -1.00000000
vn -0.00000221 -0.00000358 -1.00000000
vn -0.00000222 -0.00000348 -1.00000000
vn -0.00000222 -0.00000348 -1.00000000
vn -0.00000222 -0.00000348 -1.00000000
vn -0.00000223 -0.00000343 -1.00000000
vn -0.00000223 -0.00000343 -1.00000000
vn -0.00000223 -0.00000343 -1.00000000
vn -0.00000227 0.00000000 -1.00000000
vn -0.00000227 0.00000000 -1.00000000
vn -0.00000227 0.00000000 -1.00000000
vn -0.00000204 0.00000385 -1.00000000
vn -0.00000204 0.00000385 -1.00000000
vn -0.00000204 0.00000385 -1.00000000
vn -0.00000203 0.00000391 -1.00000000
vn -0.00000203 0.00000391 -1.00000000
vn -0.00000203 0.00000391 -1.00000000
vn -0.00000202 0.00000401 -1.00000000
vn -0.00000202 0.00000401 -1.00000000
vn -0.00000202 0.00000401 -1.00000000
vn -0.00000198 0.00000416 -1.00000000
vn -0.00000198 0.00000416 -1.00000000
vn -0.00000198 0.00000416 -1.00000000
vn -0.00000192 0.00000434 -1.00000000
vn -0.00000192 0.00000434 -1.00000000
vn -0.00000192 0.00000434 -1.00000000
vn -0.00000182 0.00000456 -1.00000000
vn -0.00000182 0.00000456 -1.00000000
vn -0.00000182 0.00000456 -1.00000000
vn -0.00000168 0.00000480 -1.00000000
vn -0.00000168 0.00000480 -1.00000000
vn -0.00000168 0.00000480 -1.00000000
vn -0.00000149 0.00000504 -1.00000000
vn -0.00000149 0.00000504 -1.00000000
vn -0.00000149 0.00000504 -1.00000000
vn -0.00000124 0.00000528 -1.00000000
vn -0.00000124 0.00000528 -1.00000000
vn -0.00000124 0.00000528 -1.00000000
vn -0.00000093 0.00000548 -1.00000000
vn -0.00000093 0.00000548 -1.00000000
vn -0.00000093 0.00000548 -1.00000000
vn -0.00000058 0.00000563 -0.99999994
vn -0.00000058 0.00000563 -0.99999994
vn -0.00000058 0.00000563 -0.99999994
vn -0.00000020 0.00000572 -1.00000000
vn -0.00000020 0.00000572 -1.00000000
vn -0.00000020 0.00000572 -1.00000000
vn 0.00000020 0.00000572 -1.00000000
vn 0.00000020 0.00000572 -1.00000000
vn 0.00000020 0.00000572 -1.00000000
vn 0.00000058 0.00000563 -1.00000000
vn 0.00000058 0.00000563 -1.00000000
vn 0.00000058 0.00000563 -1.00000000
vn 0.00000093 0.00000548 -1.00000000
vn 0.00000093 0.00000548 -1.00000000
vn 0.00000093 0.00000548 -1.00000000
vn 0.00000124 0.00000528 -1.00000000
vn 0.00000124 0.00000528 -1.00000000
vn 0.00000124 0.00000528 -1.00000000
vn 0.00000149 0.00000504 -1.00000000
vn 0.00000149 0.00000504 -1.00000000
vn 0.00000149 0.00000504 -1.00000000
vn 0.00000168 0.00000480 -1.00000000
vn 0.00000168 0.00000480 -1.00000000
vn 0.00000168 0.00000480 -1.00000000
vn 0.00000182 0.00000456 -1.00000000
vn 0.00000182 0.00000456 -1.00000000
vn 0.00000182 0.00000456 -1.00000000
vn 0.00000192 0.00000434 -1.00000000
vn 0.00000192 0.00000434 -1.00000000
vn 0.00000192 0.00000434 -1.00000000
vn 0.00000198 0.00000416 -1.00000000
vn 0.00000198 0.00000416 -1.00000000
vn 0.00000198 0.00000416 -1.00000000
vn 0.00000202 0.00000401 -1.00000000
vn 0.00000202 0.00000401 -1.00000000
vn 0.00000202 0.00000401 -1.00000000
vn 0.00000203 0.00000391 -1.00000000
vn 0.00000203 0.00000391 -1.00000000
vn 0.00000203 0.00000391 -1.00000000
vn 0.00000204 0.00000385 -1.00000000
vn 0.00000204 0.00000385 -1.00000000
vn 0.00000204 0.00000385 -1.00000000
vn 0.00000227 0.00000000 -1.00000000
vn 0.00000227 0.00000000 -1.00000000
vn 0.00000227 0.00000000 -1.00000000
vn 0.23367526 0.84197468 0.48628643
vn 0.23367526 0.84197468 0.48628643
vn 0.23367526 0.84197468 0.48628643
vn 0.23367526 0.84197468 0.48628643
vn 0.12422685 0.98331410 0.13289468
vn 0.12422685 0.98331410 0.13289468
vn 0.12422685 0.98331410 0.13289468
vn 0.12422685 0.98331410 0.13289468
vn 0.10351913 0.99351650 0.04699576
vn 0.10351913 0.99351650 0.04699576
vn 0.10351913 0.99351650 0.04699576
vn 0.10351913 0.99351650 0.04699576
vn 0.08767085 0.99107128 -0.10045733
vn 0.08767085 0.99107128 -0.10045733
vn 0.08767085 0.99107128 -0.10045733
vn 0.08767085 0.99107128 -0.10045733
vn 0.09089705 0.95995033 -0.26501521
vn 0.09089705 0.95995033 -0.26501521
vn 0.09089705 0.95995033 -0.26501521
vn 0.09089705 0.95995033 -0.26501521
vn 0.19028361 0.00000000 -0.98172921
vn 0.19028361 0.00000000 -0.98172921
vn 0.19028361 0.00000000 -0.98172921
vn 0.19028361 0.00000000 -0.98172921
vn -0.02909262 -0.99656117 -0.07758438
vn -0.02909262 -0.99656117 -0.07758438
vn -0.02909262 -0.99656117 -0.07758438
vn -0.02909262 -0.99656117 -0.07758438
vn -0.03556295 -0.99854702 0.04048603
vn -0.03556295 -0.99854702 0.04048603
vn -0.03556295 -0.99854702 0.04048603
vn -0.03556295 -0.99854702 0.04048603
vn -0.04097722 -0.99879527 -0.02699740
vn -0.04097722 -0.99879527 -0.02699740
vn -0.04097722 -0.99879527 -0.02699740
vn -0.04097722 -0.99879527 -0.02699740
vn -0.04553307 -0.99795067 -0.04495761
vn -0.04553307 -0.99795067 -0.04495761
vn -0.04553307 -0.99795067 -0.04495761
vn -0.04553307 -0.99795067 -0.04495761
vn 0.04250123 -0.97157913 0.23286822
vn 0.04250123 -0.97157913 0.23286822
vn 0.04250123 -0.97157913 0.23286822
vn 0.04250123 -0.97157913 0.23286822
vn 0.36144242 0.00000000 0.93239450
vn 0.36144242 0.00000000 0.93239450
vn 0.36144242 0.00000000 0.93239450
vn 0.36144242 0.00000000 0.93239450
vn 0.52779132 0.72702819 0.43916571
vn 0.52779132 0.72702819 0.43916571
vn 0.52779132 0.72702819 0.43916571
vn 0.52779132 0.72702819 0.43916571
vn 0.30484265 0.94309360 0.13283573
vn 0.30484265 0.94309360 0.13283573
vn 0.30484265 0.94309360 0.13283573
vn 0.30484265 0.94309360 0.13283573
vn 0.25486800 0.96580303 0.04761202
vn 0.25486800 0.96580303 0.04761202
vn 0.25486800 0.96580303 0.04761202
vn 0.25486800 0.96580303 0.04761202
vn 0.21566118 0.97106504 -0.10258161
vn 0.21566118 0.97106504 -0.10258161
vn 0.21566118 0.97106504 -0.10258161
vn 0.21566118 0.97106504 -0.10258161
vn 0.22420917 0.93633425 -0.27020055
vn 0.22420917 0.93633425 -0.27020055
vn 0.22420917 0.93633425 -0.27020055
vn 0.22420917 0.93633425 -0.27020055
vn 0.43921894 0.00000000 -0.89838004
vn 0.43921894 0.00000000 -0.89838004
vn 0.43921894 0.00000000 -0.89838004
vn 0.43921894 0.00000000 -0.89838004
vn -0.07119197 -0.99412674 -0.08150964
vn -0.07119197 -0.99412674 -0.08150964
vn -0.07119197 -0.99412674 -0.08150964
vn -0.07119197 -0.99412674 -0.08150964
vn -0.08947716 -0.99510092 0.04204829
vn -0.08947716 -0.99510092 0.04204829
vn -0.08947716 -0.99510092 0.04204829
vn -0.08947716 -0.99510092 0.04204829
vn -0.10316928 -0.99426931 -0.02800877
vn -0.10316928 -0.99426931 -0.02800877
vn -0.10316928 -0.99426931 -0.02800877
vn -0.10316928 -0.99426931 -0.02800877
vn -0.11520986 -0.99224818 -0.04658640
vn -0.11520986 -0.99224818 -0.04658640
vn -0.11520986 -0.99224818 -0.04658640
vn -0.11520986 -0.99224818 -0.04658640
vn 0.11573729 -0.96318442 0.24265344
vn 0.11573729 -0.96318442 0.24265344
vn 0.11573729 -0.96318442 0.24265344
vn 0.11573729 -0.96318442 0.24265344
vn 0.69912666 0.00000000 0.71499789
vn 0.69912666 0.00000000 0.71499789
vn 0.69912666 0.00000000 0.71499789
vn 0.69912666 0.00000000 0.71499789
vn 0.65606612 0.62786305 0.41876629
vn 0.65606612 0.62786305 0.41876629
vn 0.65606612 0.62786305 0.41876629
vn 0.65606612 0.62786305 0.41876629
vn 0.40129539 0.90522420 0.13975392
vn 0.40129539 0.90522420 0.13975392
vn 0.40129539 0.90522420 0.13975392
vn 0.40129539 0.90522420 0.13975392
vn 0.33289483 0.94159031 0.05087889
vn 0.33289483 0.94159031 0.05087889
vn 0.33289483 0.94159031 0.05087889
vn 0.33289483 0.94159031 0.05087889
vn 0.27805114 0.95419097 -0.11048526
vn 0.27805114 0.95419097 -0.11048526
vn 0.27805114 0.95419097 -0.11048526
vn 0.27805114 0.95419097 -0.11048526
vn 0.29139015 0.91155493 -0.29010260
vn 0.29139015 0.91155493 -0.29010260
vn 0.29139015 0.91155493 -0.29010260
vn 0.29139015 0.91155493 -0.29010260
vn 0.54424173 0.00000000 -0.83892846
vn 0.54424173 0.00000000 -0.83892846
vn 0.54424173 0.00000000 -0.83892846
vn 0.54424173 0.00000000 -0.83892846
vn -0.08793631 -0.99195355 -0.09107873
vn -0.08793631 -0.99195355 -0.09107873
vn -0.08793631 -0.99195355 -0.09107873
vn -0.08793631 -0.99195355 -0.09107873
vn -0.11860608 -0.99187809 0.04593962
vn -0.11860608 -0.99187809 0.04593962
vn -0.11860608 -0.99187809 0.04593962
vn -0.11860608 -0.99187809 0.04593962
vn -0.13718924 -0.99007308 -0.03057067
vn -0.13718924 -0.99007308 -0.03057067
vn -0.13718924 -0.99007308 -0.03057067
vn -0.13718924 -0.99007308 -0.03057067
vn -0.15517780 -0.98658109 -0.05077142
vn -0.15517780 -0.98658109 -0.05077142
vn -0.15517780 -0.98658109 -0.05077142
vn -0.15517780 -0.98658109 -0.05077142
vn 0.18027890 -0.94693857 0.26609534
vn 0.18027890 -0.94693857 0.26609534
vn 0.18027890 -0.94693857 0.26609534
vn 0.18027890 -0.94693857 0.26609534
vn 0.79204905 0.00000000 0.61045730
vn 0.79204905 0.00000000 0.61045730
vn 0.79204905 0.00000000 0.61045730
vn 0.79204905 0.00000000 0.61045730
vn 0.68875116 0.56648952 0.45245051
vn 0.68875116 0.56648952 0.45245051
vn 0.68875116 0.56648952 0.45245051
vn 0.68875116 0.56648952 0.45245051
vn 0.42220142 0.89173764 0.16294108
vn 0.42220142 0.89173764 0.16294108
vn 0.42220142 0.89173764 0.16294108
vn 0.42220142 0.89173764 0.16294108
vn 0.33862588 0.93900269 0.06005216
vn 0.33862588 0.93900269 0.06005216
vn 0.33862588 0.93900269 0.06005216
vn 0.33862588 0.93900269 0.06005216
vn 0.27129996 0.95358199 -0.13068119
vn 0.27129996 0.95358199 -0.13068119
vn 0.27129996 0.95358199 -0.13068119
vn 0.27129996 0.95358199 -0.13068119
vn 0.28958163 0.89461696 -0.34029838
vn 0.28958163 0.89461696 -0.34029838
vn 0.28958163 0.89461696 -0.34029838
vn 0.28958163 0.89461696 -0.34029838
vn 0.54424161 0.00000000 -0.83892858
vn 0.54424161 0.00000000 -0.83892858
vn 0.54424161 0.00000000 -0.83892858
vn 0.54424161 0.00000000 -0.83892858
vn -0.07462361 -0.99097264 -0.11137580
vn -0.07462361 -0.99097264 -0.11137580
vn -0.07462361 -0.99097264 -0.11137580
vn -0.07462361 -0.99097264 -0.11137580
vn -0.11909496 -0.99139446 0.05434524
vn -0.11909496 -0.99139446 0.05434524
vn -0.11909496 -0.99139446 0.05434524
vn -0.11909496 -0.99139446 0.05434524
vn -0.13894838 -0.98963898 -0.03616602
vn -0.13894838 -0.98963898 -0.03616602
vn -0.13894838 -0.98963898 -0.03616602
vn -0.13894838 -0.98963898 -0.03616602
vn -0.16157436 -0.98503512 -0.05999625
vn -0.16157436 -0.98503512 -0.05999625
vn -0.16157436 -0.98503512 -0.05999625
vn -0.16157436 -0.98503512 -0.05999625
vn 0.23468743 -0.91980088 0.31446493
vn 0.23468743 -0.91980088 0.31446493
vn 0.23468743 -0.91980088 0.31446493
vn 0.23468743 -0.91980088 0.31446493
vn 0.79204923 0.00000000 0.61045724
vn 0.79204923 0.00000000 0.61045724
vn 0.79204923 0.00000000 0.61045724
vn 0.79204923 0.00000000 0.61045724
vn 0.62049448 0.55063140 0.55838323
vn 0.62049448 0.55063140 0.55838323
vn 0.62049448 0.55063140 0.55838323
vn 0.62049448 0.55063140 0.55838323
vn 0.35849217 0.90996581 0.20843628
vn 0.35849217 0.90996581 0.20843628
vn 0.35849217 0.90996581 0.20843628
vn 0.35849217 0.90996581 0.20843628
vn 0.26927131 0.95998430 0.07696272
vn 0.26927131 0.95998430 0.07696272
vn 0.26927131 0.95998430 0.07696272
vn 0.26927131 0.95998430 0.07696272
vn 0.19888797 0.96587276 -0.16593175
vn 0.19888797 0.96587276 -0.16593175
vn 0.19888797 0.96587276 -0.16593175
vn 0.19888797 0.96587276 -0.16593175
vn 0.21879177 0.87899894 -0.42366379
vn 0.21879177 0.87899894 -0.42366379
vn 0.21879177 0.87899894 -0.42366379
vn 0.21879177 0.87899894 -0.42366379
vn 0.43921915 0.00000000 -0.89837998
vn 0.43921915 0.00000000 -0.89837998
vn 0.43921915 0.00000000 -0.89837998
vn 0.43921915 0.00000000 -0.89837998
vn -0.03984903 -0.98871917 -0.14438313
vn -0.03984903 -0.98871917 -0.14438313
vn -0.03984903 -0.98871917 -0.14438313
vn -0.03984903 -0.98871917 -0.14438313
vn -0.09062243 -0.99354231 0.06827401
vn -0.09062243 -0.99354231 0.06827401
vn -0.09062243 -0.99354231 0.06827401
vn -0.09062243 -0.99354231 0.06827401
vn -0.10733944 -0.99318069 -0.04549946
vn -0.10733944 -0.99318069 -0.04549946
vn -0.10733944 -0.99318069 -0.04549946
vn -0.10733944 -0.99318069 -0.04549946
vn -0.13041627 -0.98858190 -0.07548146
vn -0.13041627 -0.98858190 -0.07548146
vn -0.13041627 -0.98858190 -0.07548146
vn -0.13041627 -0.98858190 -0.07548146
vn 0.24155678 -0.88774103 0.39187509
vn 0.24155678 -0.88774103 0.39187509
vn 0.24155678 -0.88774103 0.39187509
vn 0.24155678 -0.88774103 0.39187509
vn 0.69912672 0.00000000 0.71499777
vn 0.69912672 0.00000000 0.71499777
vn 0.69912672 0.00000000 0.71499777
vn 0.69912672 0.00000000 0.71499777
vn 0.31439695 0.61105454 0.72647572
vn 0.31439695 0.61105454 0.72647572
vn 0.31439695 0.61105454 0.72647572
vn 0.31439695 0.61105454 0.72647572
vn 0.16036065 0.95373034 0.25432816
vn 0.16036065 0.95373034 0.25432816
vn 0.16036065 0.95373034 0.25432816
vn 0.16036065 0.95373034 0.25432816
vn 0.11279095 0.98931909 0.09233642
vn 0.11279095 0.98931909 0.09233642
vn 0.11279095 0.98931909 0.09233642
vn 0.11279095 0.98931909 0.09233642
vn 0.07713879 0.97765887 -0.19553173
vn 0.07713879 0.97765887 -0.19553173
vn 0.07713879 0.97765887 -0.19553173
vn 0.07713879 0.97765887 -0.19553173
vn 0.08699660 0.86754930 -0.48968345
vn 0.08699660 0.86754930 -0.48968345
vn 0.08699660 0.86754930 -0.48968345
vn 0.08699660 0.86754930 -0.48968345
vn 0.19028334 0.00000000 -0.98172927
vn 0.19028334 0.00000000 -0.98172927
vn 0.19028334 0.00000000 -0.98172927
vn 0.19028334 0.00000000 -0.98172927
vn -0.01052876 -0.98525333 -0.17077732
vn -0.01052876 -0.98525333 -0.17077732
vn -0.01052876 -0.98525333 -0.17077732
vn -0.01052876 -0.98525333 -0.17077732
vn -0.03623972 -0.99616045 0.07969284
vn -0.03623972 -0.99616045 0.07969284
vn -0.03623972 -0.99616045 0.07969284
vn -0.03623972 -0.99616045 0.07969284
vn -0.04347277 -0.99763685 -0.05320735
vn -0.04347277 -0.99763685 -0.05320735
vn -0.04347277 -0.99763685 -0.05320735
vn -0.04347277 -0.99763685 -0.05320735
vn -0.05467553 -0.99458259 -0.08840740
vn -0.05467553 -0.99458259 -0.08840740
vn -0.05467553 -0.99458259 -0.08840740
vn -0.05467553 -0.99458259 -0.08840740
vn 0.11756507 -0.88026202 0.45969251
vn 0.11756507 -0.88026202 0.45969251
vn 0.11756507 -0.88026202 0.45969251
vn 0.11756507 -0.88026202 0.45969251
vn 0.36144218 0.00000000 0.93239456
vn 0.36144218 0.00000000 0.93239456
vn 0.36144218 0.00000000 0.93239456
vn 0.36144218 0.00000000 0.93239456
vn -1.00000000 0.00000005 0.00000003
vn -1.00000000 0.00000005 0.00000003
vn -1.00000000 0.00000005 0.00000003
vn -0.99999994 0.00000012 0.00000002
vn -0.99999994 0.00000012 0.00000002
vn -0.99999994 0.00000012 0.00000002
vn -0.99999994 0.00000014 0.00000001
vn -0.99999994 0.00000014 0.00000001
vn -0.99999994 0.00000014 0.00000001
vn -1.00000000 0.00000013 -0.00000001
vn -1.00000000 0.00000013 -0.00000001
vn -1.00000000 0.00000013 -0.00000001
vn -1.00000000 0.00000009 -0.00000002
vn -1.00000000 0.00000009 -0.00000002
vn -1.00000000 0.00000009 -0.00000002
vn -1.00000000 0.00000000 -0.00000002
vn -1.00000000 0.00000000 -0.00000002
vn -1.00000000 0.00000000 -0.00000002
vn -0.99999994 -0.00000016 -0.00000001
vn -0.99999994 -0.00000016 -0.00000001
vn -0.99999994 -0.00000016 -0.00000001
vn -1.00000000 -0.00000028 0.00000001
vn -1.00000000 -0.00000028 0.00000001
vn -1.00000000 -0.00000028 0.00000001
vn -1.00000000 -0.00000025 -0.00000001
vn -1.00000000 -0.00000025 -0.00000001
vn -1.00000000 -0.00000025 -0.00000001
vn -1.00000000 -0.00000027 -0.00000001
vn -1.00000000 -0.00000027 -0.00000001
vn -1.00000000 -0.00000027 -0.00000001
vn -0.99999994 -0.00000009 0.00000002
vn -0.99999994 -0.00000009 0.00000002
vn -0.99999994 -0.00000009 0.00000002
vn -1.00000000 0.00000000 0.00000003
vn -1.00000000 0.00000000 0.00000003
vn -1.00000000 0.00000000 0.00000003
vn 1.00000000 -0.00000053 -0.00000063
vn 1.00000000 -0.00000053 -0.00000063
vn 1.00000000 -0.00000053 -0.00000063
vn 1.00000000 -0.00000127 -0.00000034
vn 1.00000000 -0.00000127 -0.00000034
vn 1.00000000 -0.00000127 -0.00000034
vn 1.00000000 -0.00000144 -0.00000013
vn 1.00000000 -0.00000144 -0.00000013
vn 1.00000000 -0.00000144 -0.00000013
vn 1.00000000 -0.00000130 0.00000026
vn 1.00000000 -0.00000130 0.00000026
vn 1.00000000 -0.00000130 0.00000026
vn 1.00000000 -0.00000089 0.00000050
vn 1.00000000 -0.00000089 0.00000050
vn 1.00000000 -0.00000089 0.00000050
vn 1.00000000 -0.00000000 0.00000047
vn 1.00000000 -0.00000000 0.00000047
vn 1.00000000 -0.00000000 0.00000047
vn 1.00000000 0.00000161 0.00000028
vn 1.00000000 0.00000161 0.00000028
vn 1.00000000 0.00000161 0.00000028
vn 1.00000000 0.00000271 -0.00000022
vn 1.00000000 0.00000271 -0.00000022
vn 1.00000000 0.00000271 -0.00000022
vn 1.00000000 0.00000249 0.00000013
vn 1.00000000 0.00000249 0.00000013
vn 1.00000000 0.00000249 0.00000013
vn 1.00000000 0.00000261 0.00000023
vn 1.00000000 0.00000261 0.00000023
vn 1.00000000 0.00000261 0.00000023
vn 1.00000000 0.00000090 -0.00000047
vn 1.00000000 0.00000090 -0.00000047
vn 1.00000000 0.00000090 -0.00000047
vn 1.00000000 -0.00000000 -0.00000061
vn 1.00000000 -0.00000000 -0.00000061
vn 1.00000000 -0.00000000 -0.00000061
vn -0.22385857 0.84705287 0.48206723
vn -0.22385857 0.84705287 0.48206723
vn -0.22385857 0.84705287 0.48206723
vn -0.22385857 0.84705287 0.48206723
vn -0.12057600 0.98399597 0.13119949
vn -0.12057600 0.98399597 0.13119949
vn -0.12057600 0.98399597 0.13119949
vn -0.12057600 0.98399597 0.13119949
vn -0.10215747 0.99368685 0.04637197
vn -0.10215747 0.99368685 0.04637197
vn -0.10215747 0.99368685 0.04637197
vn -0.10215747 0.99368685 0.04637197
vn -0.09045130 0.99095839 -0.09909578
vn -0.09045130 0.99095839 -0.09909578
vn -0.09045130 0.99095839 -0.09909578
vn -0.09045130 0.99095839 -0.09909578
vn -0.10211274 0.95987618 -0.26117167
vn -0.10211274 0.95987618 -0.26117167
vn -0.10211274 0.95987618 -0.26117167
vn -0.10211274 0.95987618 -0.26117167
vn -0.19028361 -0.00000000 -0.98172915
vn -0.19028361 -0.00000000 -0.98172915
vn -0.19028361 -0.00000000 -0.98172915
vn -0.19028361 -0.00000000 -0.98172915
vn 0.03322984 -0.99653345 -0.07626803
vn 0.03322984 -0.99653345 -0.07626803
vn 0.03322984 -0.99653345 -0.07626803
vn 0.03322984 -0.99653345 -0.07626803
vn 0.03448252 -0.99860680 0.03994427
vn 0.03448252 -0.99860680 0.03994427
vn 0.03448252 -0.99860680 0.03994427
vn 0.03448252 -0.99860680 0.03994427
vn 0.04165611 -0.99877697 -0.02663405
vn 0.04165611 -0.99877697 -0.02663405
vn 0.04165611 -0.99877697 -0.02663405
vn 0.04165611 -0.99877697 -0.02663405
vn 0.04647477 -0.99793428 -0.04435262
vn 0.04647477 -0.99793428 -0.04435262
vn 0.04647477 -0.99793428 -0.04435262
vn 0.04647477 -0.99793428 -0.04435262
vn -0.04581092 -0.97229034 0.22924446
vn -0.04581092 -0.97229034 0.22924446
vn -0.04581092 -0.97229034 0.22924446
vn -0.04581092 -0.97229034 0.22924446
vn -0.36144239 0.00000000 0.93239439
vn -0.36144239 0.00000000 0.93239439
vn -0.36144239 0.00000000 0.93239439
vn -0.36144239 0.00000000 0.93239439
vn -0.50373149 0.74805874 0.43204480
vn -0.50373149 0.74805874 0.43204480
vn -0.50373149 0.74805874 0.43204480
vn -0.50373149 0.74805874 0.43204480
vn -0.29371640 0.94728047 0.12802474
vn -0.29371640 0.94728047 0.12802474
vn -0.29371640 0.94728047 0.12802474
vn -0.29371640 0.94728047 0.12802474
vn -0.25089380 0.96693349 0.04573831
vn -0.25089380 0.96693349 0.04573831
vn -0.25089380 0.96693349 0.04573831
vn -0.25089380 0.96693349 0.04573831
vn -0.22333981 0.96977156 -0.09829833
vn -0.22333981 0.96977156 -0.09829833
vn -0.22333981 0.96977156 -0.09829833
vn -0.22333981 0.96977156 -0.09829833
vn -0.25211921 0.93280178 -0.25752029
vn -0.25211921 0.93280178 -0.25752029
vn -0.25211921 0.93280178 -0.25752029
vn -0.25211921 0.93280178 -0.25752029
vn -0.43921894 -0.00000000 -0.89837998
vn -0.43921894 -0.00000000 -0.89837998
vn -0.43921894 -0.00000000 -0.89837998
vn -0.43921894 -0.00000000 -0.89837998
vn 0.08349947 -0.99350160 -0.07734618
vn 0.08349947 -0.99350160 -0.07734618
vn 0.08349947 -0.99350160 -0.07734618
vn 0.08349947 -0.99350160 -0.07734618
vn 0.08656884 -0.99542797 0.04035956
vn 0.08656884 -0.99542797 0.04035956
vn 0.08656884 -0.99542797 0.04035956
vn 0.08656884 -0.99542797 0.04035956
vn 0.10477849 -0.99413246 -0.02687137
vn 0.10477849 -0.99413246 -0.02687137
vn 0.10477849 -0.99413246 -0.02687137
vn 0.10477849 -0.99413246 -0.02687137
vn 0.11702630 -0.99212253 -0.04469505
vn 0.11702630 -0.99212253 -0.04469505
vn 0.11702630 -0.99212253 -0.04469505
vn 0.11702630 -0.99212253 -0.04469505
vn -0.11844364 -0.96561253 0.23143813
vn -0.11844364 -0.96561253 0.23143813
vn -0.11844364 -0.96561253 0.23143813
vn -0.11844364 -0.96561253 0.23143813
vn -0.69912660 0.00000000 0.71499789
vn -0.69912660 0.00000000 0.71499789
vn -0.69912660 0.00000000 0.71499789
vn -0.69912660 0.00000000 0.71499789
vn -0.61939472 0.67199492 0.40592256
vn -0.61939472 0.67199492 0.40592256
vn -0.61939472 0.67199492 0.40592256
vn -0.61939472 0.67199492 0.40592256
vn -0.38049036 0.91574574 0.12898375
vn -0.38049036 0.91574574 0.12898375
vn -0.38049036 0.91574574 0.12898375
vn -0.38049036 0.91574574 0.12898375
vn -0.32573953 0.94431281 0.04655259
vn -0.32573953 0.94431281 0.04655259
vn -0.32573953 0.94431281 0.04655259
vn -0.32573953 0.94431281 0.04655259
vn -0.29101226 0.95142537 -0.10050692
vn -0.29101226 0.95142537 -0.10050692
vn -0.29101226 0.95142537 -0.10050692
vn -0.29101226 0.95142537 -0.10050692
vn -0.33234465 0.90618169 -0.26149938
vn -0.33234465 0.90618169 -0.26149938
vn -0.33234465 0.90618169 -0.26149938
vn -0.33234465 0.90618169 -0.26149938
vn -0.54424173 -0.00000000 -0.83892834
vn -0.54424173 -0.00000000 -0.83892834
vn -0.54424173 -0.00000000 -0.83892834
vn -0.54424173 -0.00000000 -0.83892834
vn 0.11020602 -0.99058473 -0.08121923
vn 0.11020602 -0.99058473 -0.08121923
vn 0.11020602 -0.99058473 -0.08121923
vn 0.11020602 -0.99058473 -0.08121923
vn 0.11399267 -0.99259579 0.04194244
vn 0.11399267 -0.99259579 0.04194244
vn 0.11399267 -0.99259579 0.04194244
vn 0.11399267 -0.99259579 0.04194244
vn 0.13924171 -0.98986572 -0.02788472
vn 0.13924171 -0.98986572 -0.02788472
vn 0.13924171 -0.98986572 -0.02788472
vn 0.13924171 -0.98986572 -0.02788472
vn 0.15641604 -0.98660445 -0.04632142
vn 0.15641604 -0.98660445 -0.04632142
vn 0.15641604 -0.98660445 -0.04632142
vn 0.15641604 -0.98660445 -0.04632142
vn -0.17069857 -0.95546889 0.24070969
vn -0.17069857 -0.95546889 0.24070969
vn -0.17069857 -0.95546889 0.24070969
vn -0.17069857 -0.95546889 0.24070969
vn -0.79204911 0.00000000 0.61045730
vn -0.79204911 0.00000000 0.61045730
vn -0.79204911 0.00000000 0.61045730
vn -0.79204911 0.00000000 0.61045730
vn -0.63523388 0.64251864 0.42854121
vn -0.63523388 0.64251864 0.42854121
vn -0.63523388 0.64251864 0.42854121
vn -0.63523388 0.64251864 0.42854121
vn -0.38737243 0.91112882 0.14066550
vn -0.38737243 0.91112882 0.14066550
vn -0.38737243 0.91112882 0.14066550
vn -0.38737243 0.91112882 0.14066550
vn -0.32696444 0.94365996 0.05099073
vn -0.32696444 0.94365996 0.05099073
vn -0.32696444 0.94365996 0.05099073
vn -0.32696444 0.94365996 0.05099073
vn -0.29128951 0.95028579 -0.11003308
vn -0.29128951 0.95028579 -0.11003308
vn -0.29128951 0.95028579 -0.11003308
vn -0.29128951 0.95028579 -0.11003308
vn -0.34521478 0.89432573 -0.28461942
vn -0.34521478 0.89432573 -0.28461942
vn -0.34521478 0.89432573 -0.28461942
vn -0.34521478 0.89432573 -0.28461942
vn -0.54424155 -0.00000000 -0.83892852
vn -0.54424155 -0.00000000 -0.83892852
vn -0.54424155 -0.00000000 -0.83892852
vn -0.54424155 -0.00000000 -0.83892852
vn 0.10949050 -0.98982430 -0.09088325
vn 0.10949050 -0.98982430 -0.09088325
vn 0.10949050 -0.98982430 -0.09088325
vn 0.10949050 -0.98982430 -0.09088325
vn 0.11268206 -0.99256706 0.04597153
vn 0.11268206 -0.99256706 0.04597153
vn 0.11268206 -0.99256706 0.04597153
vn 0.11268206 -0.99256706 0.04597153
vn 0.14110501 -0.98952305 -0.03055370
vn 0.14110501 -0.98952305 -0.03055370
vn 0.14110501 -0.98952305 -0.03055370
vn 0.14110501 -0.98952305 -0.03055370
vn 0.16099605 -0.98565078 -0.05072355
vn 0.16099605 -0.98565078 -0.05072355
vn 0.16099605 -0.98565078 -0.05072355
vn 0.16099605 -0.98565078 -0.05072355
vn -0.20393528 -0.94248027 0.26484251
vn -0.20393528 -0.94248027 0.26484251
vn -0.20393528 -0.94248027 0.26484251
vn -0.20393528 -0.94248027 0.26484251
vn -0.79204917 0.00000000 0.61045724
vn -0.79204917 0.00000000 0.61045724
vn -0.79204917 0.00000000 0.61045724
vn -0.79204917 0.00000000 0.61045724
vn -0.55356759 0.65072602 0.51972944
vn -0.55356759 0.65072602 0.51972944
vn -0.55356759 0.65072602 0.51972944
vn -0.55356759 0.65072602 0.51972944
vn -0.31353211 0.93411165 0.17068386
vn -0.31353211 0.93411165 0.17068386
vn -0.31353211 0.93411165 0.17068386
vn -0.31353211 0.93411165 0.17068386
vn -0.25435650 0.96513885 0.06172363
vn -0.25435650 0.96513885 0.06172363
vn -0.25435650 0.96513885 0.06172363
vn -0.25435650 0.96513885 0.06172363
vn -0.22405250 0.96555245 -0.13232161
vn -0.22405250 0.96555245 -0.13232161
vn -0.22405250 0.96555245 -0.13232161
vn -0.22405250 0.96555245 -0.13232161
vn -0.28760198 0.89517462 -0.34051049
vn -0.28760198 0.89517462 -0.34051049
vn -0.28760198 0.89517462 -0.34051049
vn -0.28760198 0.89517462 -0.34051049
vn -0.43921915 -0.00000000 -0.89837998
vn -0.43921915 -0.00000000 -0.89837998
vn -0.43921915 -0.00000000 -0.89837998
vn -0.43921915 -0.00000000 -0.89837998
vn 0.08156905 -0.99043202 -0.11131502
vn 0.08156905 -0.99043202 -0.11131502
vn 0.08156905 -0.99043202 -0.11131502
vn 0.08156905 -0.99043202 -0.11131502
vn 0.08306450 -0.99505031 0.05454563
vn 0.08306450 -0.99505031 0.05454563
vn 0.08306450 -0.99505031 0.05454563
vn 0.08306450 -0.99505031 0.05454563
vn 0.10977270 -0.99329364 -0.03629957
vn 0.10977270 -0.99329364 -0.03629957
vn 0.10977270 -0.99329364 -0.03629957
vn 0.10977270 -0.99329364 -0.03629957
vn 0.12933318 -0.98976690 -0.06028447
vn 0.12933318 -0.98976690 -0.06028447
vn 0.12933318 -0.98976690 -0.06028447
vn 0.12933318 -0.98976690 -0.06028447
vn -0.20610498 -0.92591262 0.31655440
vn -0.20610498 -0.92591262 0.31655440
vn -0.20610498 -0.92591262 0.31655440
vn -0.20610498 -0.92591262 0.31655440
vn -0.69912672 0.00000000 0.71499783
vn -0.69912672 0.00000000 0.71499783
vn -0.69912672 0.00000000 0.71499783
vn -0.69912672 0.00000000 0.71499783
vn -0.27397615 0.67528039 0.68478709
vn -0.27397615 0.67528039 0.68478709
vn -0.27397615 0.67528039 0.68478709
vn -0.27397615 0.67528039 0.68478709
vn -0.13800453 0.96542823 0.22114046
vn -0.13800453 0.96542823 0.22114046
vn -0.13800453 0.96542823 0.22114046
vn -0.13800453 0.96542823 0.22114046
vn -0.10512859 0.99127805 0.07947157
vn -0.10512859 0.99127805 0.07947157
vn -0.10512859 0.99127805 0.07947157
vn -0.10512859 0.99127805 0.07947157
vn -0.09095161 0.98147726 -0.16861242
vn -0.09095161 0.98147726 -0.16861242
vn -0.09095161 0.98147726 -0.16861242
vn -0.09095161 0.98147726 -0.16861242
vn -0.13133131 0.89302200 -0.43042269
vn -0.13133131 0.89302200 -0.43042269
vn -0.13133131 0.89302200 -0.43042269
vn -0.13133131 0.89302200 -0.43042269
vn -0.19028334 -0.00000000 -0.98172921
vn -0.19028334 -0.00000000 -0.98172921
vn -0.19028334 -0.00000000 -0.98172921
vn -0.19028334 -0.00000000 -0.98172921
vn 0.03164671 -0.98900944 -0.14442553
vn 0.03164671 -0.98900944 -0.14442553
vn 0.03164671 -0.98900944 -0.14442553
vn 0.03164671 -0.98900944 -0.14442553
vn 0.03165690 -0.99714720 0.06852174
vn 0.03165690 -0.99714720 0.06852174
vn 0.03165690 -0.99714720 0.06852174
vn 0.03165690 -0.99714720 0.06852174
vn 0.04569325 -0.99790889 -0.04571608
vn 0.04569325 -0.99790889 -0.04571608
vn 0.04569325 -0.99790889 -0.04571608
vn 0.04569325 -0.99790889 -0.04571608
vn 0.05645905 -0.99550730 -0.07601022
vn 0.05645905 -0.99550730 -0.07601022
vn 0.05645905 -0.99550730 -0.07601022
vn 0.05645905 -0.99550730 -0.07601022
vn -0.11526146 -0.90873516 0.40114257
vn -0.11526146 -0.90873516 0.40114257
vn -0.11526146 -0.90873516 0.40114257
vn -0.11526146 -0.90873516 0.40114257
vn -0.36144212 0.00000000 0.93239450
vn -0.36144212 0.00000000 0.93239450
vn -0.36144212 0.00000000 0.93239450
vn -0.36144212 0.00000000 0.93239450
vn 1.00000000 0.00000005 0.00000003
vn 1.00000000 0.00000005 0.00000003
vn 1.00000000 0.00000005 0.00000003
vn 0.99999994 0.00000012 0.00000002
vn 0.99999994 0.00000012 0.00000002
vn 0.99999994 0.00000012 0.00000002
vn 0.99999994 0.00000014 0.00000001
vn 0.99999994 0.00000014 0.00000001
vn 0.99999994 0.00000014 0.00000001
vn 1.00000000 0.00000013 -0.00000001
vn 1.00000000 0.00000013 -0.00000001
vn 1.00000000 0.00000013 -0.00000001
vn 1.00000000 0.00000009 -0.00000002
vn 1.00000000 0.00000009 -0.00000002
vn 1.00000000 0.00000009 -0.00000002
vn 1.00000000 -0.00000000 -0.00000002
vn 1.00000000 -0.00000000 -0.00000002
vn 1.00000000 -0.00000000 -0.00000002
vn 0.99999994 -0.00000016 -0.00000001
vn 0.99999994 -0.00000016 -0.00000001
vn 0.99999994 -0.00000016 -0.00000001
vn 1.00000000 -0.00000028 0.00000001
vn 1.00000000 -0.00000028 0.00000001
vn 1.00000000 -0.00000028 0.00000001
vn 1.00000000 -0.00000025 -0.00000001
vn 1.00000000 -0.00000025 -0.00000001
vn 1.00000000 -0.00000025 -0.00000001
vn 1.00000000 -0.00000027 -0.00000001
vn 1.00000000 -0.00000027 -0.00000001
vn 1.00000000 -0.00000027 -0.00000001
vn 0.99999994 -0.00000009 0.00000002
vn 0.99999994 -0.00000009 0.00000002
vn 0.99999994 -0.00000009 0.00000002
vn 1.00000000 -0.00000000 0.00000003
vn 1.00000000 -0.00000000 0.00000003
vn 1.00000000 -0.00000000 0.00000003
vn -1.00000000 -0.00000053 -0.00000063
vn -1.00000000 -0.00000053 -0.00000063
vn -1.00000000 -0.00000053 -0.00000063
vn -1.00000000 -0.00000127 -0.00000034
vn -1.00000000 -0.00000127 -0.00000034
vn -1.00000000 -0.00000127 -0.00000034
vn -1.00000000 -0.00000144 -0.00000013
vn -1.00000000 -0.00000144 -0.00000013
vn -1.00000000 -0.00000144 -0.00000013
vn -1.00000000 -0.00000130 0.00000026
vn -1.00000000 -0.00000130 0.00000026
vn -1.00000000 -0.00000130 0.00000026
vn -1.00000000 -0.00000089 0.00000050
vn -1.00000000 -0.00000089 0.00000050
vn -1.00000000 -0.00000089 0.00000050
vn -1.00000000 0.00000000 0.00000047
vn -1.00000000 0.00000000 0.00000047
vn -1.00000000 0.00000000 0.00000047
vn -1.00000000 0.00000161 0.00000028
vn -1.00000000 0.00000161 0.00000028
vn -1.00000000 0.00000161 0.00000028
vn -1.00000000 0.00000271 -0.00000022
vn -1.00000000 0.00000271 -0.00000022
vn -1.00000000 0.00000271 -0.00000022
vn -1.00000000 0.00000249 0.00000013
vn -1.00000000 0.00000249 0.00000013
vn -1.00000000 0.00000249 0.00000013
vn -1.00000000 0.00000261 0.00000023
vn -1.00000000 0.00000261 0.00000023
vn -1.00000000 0.00000261 0.00000023
vn -1.00000000 0.00000090 -0.00000047
vn -1.00000000 0.00000090 -0.00000047
vn -1.00000000 0.00000090 -0.00000047
vn -1.00000000 0.00000000 -0.00000061
vn -1.00000000 0.00000000 -0.00000061
vn -1.00000000 0.00000000 -0.00000061
vn -0.92662400 0.32382038 -0.19107106
vn -0.92662400 0.32382038 -0.19107106
vn -0.92662400 0.32382038 -0.19107106
vn -0.92662400 0.32382038 -0.19107106
vn -0.48302847 0.86065888 -0.16108938
vn -0.48302847 0.86065888 -0.16108938
vn -0.48302847 0.86065888 -0.16108938
vn -0.48302847 0.86065888 -0.16108938
vn 0.00000000 0.98309523 -0.18309501
vn 0.00000000 0.98309523 -0.18309501
vn 0.00000000 0.98309523 -0.18309501
vn 0.00000000 0.98309523 -0.18309501
vn 0.47957960 0.85451382 -0.19952360
vn 0.47957960 0.85451382 -0.19952360
vn 0.47957960 0.85451382 -0.19952360
vn 0.47957960 0.85451382 -0.19952360
vn 0.92204738 0.32222104 -0.21448112
vn 0.92204738 0.32222104 -0.21448112
vn 0.92204738 0.32222104 -0.21448112
vn 0.92204738 0.32222104 -0.21448112
vn 0.00000000 -0.99304980 -0.11769482
vn 0.00000000 -0.99304980 -0.11769482
vn 0.00000000 -0.99304980 -0.11769482
vn 0.00000000 -0.99304980 -0.11769482
vn -0.93136668 0.30129930 0.20438847
vn -0.93136668 0.30129930 0.20438847
vn -0.93136668 0.30129930 0.20438847
vn -0.93136668 0.30129930 0.20438847
vn -0.51530540 0.84996301 0.10965040
vn -0.51530540 0.84996301 0.10965040
vn -0.51530540 0.84996301 0.10965040
vn -0.51530540 0.84996301 0.10965040
vn 0.00000000 0.99831945 0.05795223
vn 0.00000000 0.99831945 0.05795223
vn 0.00000000 0.99831945 0.05795223
vn 0.00000000 0.99831945 0.05795223
vn 0.51619023 0.85142255 0.09288317
vn 0.51619023 0.85142255 0.09288317
vn 0.51619023 0.85142255 0.09288317
vn 0.51619023 0.85142255 0.09288317
vn 0.93319106 0.30188957 0.19497986
vn 0.93319106 0.30188957 0.19497986
vn 0.93319106 0.30188957 0.19497986
vn 0.93319106 0.30188957 0.19497986
vn 0.00000000 -0.99623036 0.08674656
vn 0.00000000 -0.99623036 0.08674656
vn 0.00000000 -0.99623036 0.08674656
vn 0.00000000 -0.99623036 0.08674656
vn -0.79974675 0.20437072 0.56448007
vn -0.79974675 0.20437072 0.56448007
vn -0.79974675 0.20437072 0.56448007
vn -0.79974675 0.20437072 0.56448007
vn -0.55804169 0.72709465 0.39990363
vn -0.55804169 0.72709465 0.39990363
vn -0.55804169 0.72709465 0.39990363
vn -0.55804169 0.72709465 0.39990363
vn 0.00000000 0.97029048 0.24194270
vn 0.00000000 0.97029048 0.24194270
vn 0.00000000 0.97029048 0.24194270
vn 0.00000000 0.97029048 0.24194270
vn 0.57311499 0.74673432 0.33753097
vn 0.57311499 0.74673432 0.33753097
vn 0.57311499 0.74673432 0.33753097
vn 0.57311499 0.74673432 0.33753097
vn 0.81446755 0.20813254 0.54159343
vn 0.81446755 0.20813254 0.54159343
vn 0.81446755 0.20813254 0.54159343
vn 0.81446755 0.20813254 0.54159343
vn 0.00000000 -0.96369696 0.26699838
vn 0.00000000 -0.96369696 0.26699838
vn 0.00000000 -0.96369696 0.26699838
vn 0.00000000 -0.96369696 0.26699838
vn -0.00000000 0.00000000 -0.99999994
vn -0.00000000 0.00000000 -0.99999994
vn -0.00000000 0.00000000 -0.99999994
vn 0.00000000 0.00000000 -1.00000000
vn 0.00000000 0.00000000 -1.00000000
vn 0.00000000 0.00000000 -1.00000000
vn 0.00000000 0.00000000 -1.00000000
vn 0.00000000 0.00000000 -1.00000000
vn 0.00000000 0.00000000 -1.00000000
vn 0.00000000 0.00000000 -1.00000000
vn 0.00000000 0.00000000 -1.00000000
vn 0.00000000 0.00000000 -1.00000000
vn 0.00000000 0.00000000 -0.99999994
vn 0.00000000 0.00000000 -0.99999994
vn 0.00000000 0.00000000 -0.99999994
vn 0.00000000 -0.00000000 -1.00000000
vn 0.00000000 -0.00000000 -1.00000000
vn 0.00000000 -0.00000000 -1.00000000
vn -0.00000137 0.00000035 1.00000000
vn -0.00000137 0.00000035 1.00000000
vn -0.00000137 0.00000035 1.00000000
vn -0.00000124 0.00000162 1.00000000
vn -0.00000124 0.00000162 1.00000000
vn -0.00000124 0.00000162 1.00000000
vn -0.00000000 0.00000253 0.99999994
vn -0.00000000 0.00000253 0.99999994
vn -0.00000000 0.00000253 0.99999994
vn 0.00000124 0.00000162 1.00000000
vn 0.00000124 0.00000162 1.00000000
vn 0.00000124 0.00000162 1.00000000
vn 0.00000137 0.00000035 1.00000000
vn 0.00000137 0.00000035 1.00000000
vn 0.00000137 0.00000035 1.00000000
vn -0.00000000 -0.00000216 1.00000000
vn -0.00000000 -0.00000216 1.00000000
vn -0.00000000 -0.00000216 1.00000000
vn 0.96592581 0.25881895 -0.00000000
vn 0.96592581 0.25881895 -0.00000000
vn 0.96592581 0.25881895 -0.00000000
vn 0.96592581 0.25881895 -0.00000000
vn 0.00000000 0.00000000 1.00000000
vn 0.00000000 0.00000000 1.00000000
vn 0.00000000 0.00000000 1.00000000
vn 0.00000000 0.00000000 -1.00000000
vn 0.00000000 0.00000000 -1.00000000
vn 0.00000000 0.00000000 -1.00000000
vn 0.70710665 0.70710683 -0.00000000
vn 0.70710665 0.70710683 -0.00000000
vn 0.70710665 0.70710683 -0.00000000
vn 0.70710665 0.70710683 -0.00000000
vn 0.00000000 0.00000000 1.00000000
vn 0.00000000 0.00000000 1.00000000
vn 0.00000000 0.00000000 1.00000000
vn 0.00000000 0.00000000 -1.00000000
vn 0.00000000 0.00000000 -1.00000000
vn 0.00000000 0.00000000 -1.00000000
vn 0.25881904 0.96592581 -0.00000000
vn 0.25881904 0.96592581 -0.00000000
vn 0.25881904 0.96592581 -0.00000000
vn 0.25881904 0.96592581 -0.00000000
vn 0.00000000 0.00000000 1.00000000
vn 0.00000000 0.00000000 1.00000000
vn 0.00000000 0.00000000 1.00000000
vn 0.00000000 0.00000000 -1.00000000
vn 0.00000000 0.00000000 -1.00000000
vn 0.00000000 0.00000000 -1.00000000
vn -0.25881922 0.96592587 -0.00000000
vn -0.25881922 0.96592587 -0.00000000
vn -0.25881922 0.96592587 -0.00000000
vn -0.25881922 0.96592587 -0.00000000
vn 0.00000000 -0.00000000 0.99999994
vn 0.00000000 -0.00000000 0.99999994
vn 0.00000000 -0.00000000 0.99999994
vn 0.00000000 0.00000000 -0.99999994
vn 0.00000000 0.00000000 -0.99999994
vn 0.00000000 0.00000000 -0.99999994
vn -0.70710707 0.70710653 -0.00000000
vn -0.70710707 0.70710653 -0.00000000
vn -0.70710707 0.70710653 -0.00000000
vn -0.70710707 0.70710653 -0.00000000
vn 0.00000000 0.00000000 1.00000000
vn 0.00000000 0.00000000 1.00000000
vn 0.00000000 0.00000000 1.00000000
vn 0.00000000 0.00000000 -1.00000000
vn 0.00000000 0.00000000 -1.00000000
vn 0.00000000 0.00000000 -1.00000000
vn -0.96592581 0.25881901 -0.00000000
vn -0.96592581 0.25881901 -0.00000000
vn -0.96592581 0.25881901 -0.00000000
vn -0.96592581 0.25881901 -0.00000000
vn 0.00000000 0.00000000 1.00000000
vn 0.00000000 0.00000000 1.00000000
vn 0.00000000 0.00000000 1.00000000
vn -0.00000000 0.00000000 -1.00000000
vn -0.00000000 0.00000000 -1.00000000
vn -0.00000000 0.00000000 -1.00000000
vn -0.96592593 -0.25881892 0.00000000
vn -0.96592593 -0.25881892 0.00000000
vn -0.96592593 -0.25881892 0.00000000
vn -0.96592593 -0.25881892 0.00000000
vn 0.00000000 0.00000000 1.00000000
vn 0.00000000 0.00000000 1.00000000
vn 0.00000000 0.00000000 1.00000000
vn 0.00000000 0.00000000 -1.00000000
vn 0.00000000 0.00000000 -1.00000000
vn 0.00000000 0.00000000 -1.00000000
vn -0.70710653 -0.70710707 0.00000000
vn -0.70710653 -0.70710707 0.00000000
vn -0.70710653 -0.70710707 0.00000000
vn -0.70710653 -0.70710707 0.00000000
vn 0.00000000 0.00000000 1.00000000
vn 0.00000000 0.00000000 1.00000000
vn 0.00000000 0.00000000 1.00000000
vn 0.00000000 0.00000000 -1.00000000
vn 0.00000000 0.00000000 -1.00000000
vn 0.00000000 0.00000000 -1.00000000
vn -0.25881904 -0.96592581 0.00000000
vn -0.25881904 -0.96592581 0.00000000
vn -0.25881904 -0.96592581 0.00000000
vn -0.25881904 -0.96592581 0.00000000
vn 0.00000000 0.00000000 1.00000000
vn 0.00000000 0.00000000 1.00000000
vn 0.00000000 0.00000000 1.00000000
vn 0.00000000 -0.00000000 -1.00000000
vn 0.00000000 -0.00000000 -1.00000000
vn 0.00000000 -0.00000000 -1.00000000
vn 0.25881916 -0.96592581 -0.00000000
vn 0.25881916 -0.96592581 -0.00000000
vn 0.25881916 -0.96592581 -0.00000000
vn 0.25881916 -0.96592581 -0.00000000
vn 0.00000000 0.00000000 1.00000000
vn 0.00000000 0.00000000 1.00000000
vn 0.00000000 0.00000000 1.00000000
vn 0.00000000 0.00000000 -1.00000000
vn 0.00000000 0.00000000 -1.00000000
vn 0.00000000 0.00000000 -1.00000000
vn 0.70710701 -0.70710665 -0.00000000
vn 0.70710701 -0.70710665 -0.00000000
vn 0.70710701 -0.70710665 -0.00000000
vn 0.70710701 -0.70710665 -0.00000000
vn 0.00000000 0.00000000 1.00000000
vn 0.00000000 0.00000000 1.00000000
vn 0.00000000 0.00000000 1.00000000
vn 0.00000000 0.00000000 -1.00000000
vn 0.00000000 0.00000000 -1.00000000
vn 0.00000000 0.00000000 -1.00000000
vn 0.96592593 -0.25881842 -0.00000000
vn 0.96592593 -0.25881842 -0.00000000
vn 0.96592593 -0.25881842 -0.00000000
vn 0.96592593 -0.25881842 -0.00000000
vn -0.00000000 0.00000000 1.00000000
vn -0.00000000 0.00000000 1.00000000
vn -0.00000000 0.00000000 1.00000000
vn 0.00000000 0.00000000 -1.00000000
vn 0.00000000 0.00000000 -1.00000000
vn 0.00000000 0.00000000 -1.00000000
vn 0.96592581 0.25881910 -0.00000000
vn 0.96592581 0.25881910 -0.00000000
vn 0.96592581 0.25881910 -0.00000000
vn 0.96592581 0.25881910 -0.00000000
vn 0.00000000 0.00000000 1.00000000
vn 0.00000000 0.00000000 1.00000000
vn 0.00000000 0.00000000 1.00000000
vn 0.00000000 0.00000000 -1.00000000
vn 0.00000000 0.00000000 -1.00000000
vn 0.00000000 0.00000000 -1.00000000
vn 0.70710695 0.70710677 -0.00000000
vn 0.70710695 0.70710677 -0.00000000
vn 0.70710695 0.70710677 -0.00000000
vn 0.70710695 0.70710677 -0.00000000
vn 0.00000000 0.00000000 0.99999994
vn 0.00000000 0.00000000 0.99999994
vn 0.00000000 0.00000000 0.99999994
vn 0.00000000 0.00000000 -0.99999994
vn 0.00000000 0.00000000 -0.99999994
vn 0.00000000 0.00000000 -0.99999994
vn 0.25881895 0.96592581 -0.00000000
vn 0.25881895 0.96592581 -0.00000000
vn 0.25881895 0.96592581 -0.00000000
vn 0.25881895 0.96592581 -0.00000000
vn 0.00000000 -0.00000000 1.00000000
vn 0.00000000 -0.00000000 1.00000000
vn 0.00000000 -0.00000000 1.00000000
vn 0.00000000 0.00000000 -1.00000000
vn 0.00000000 0.00000000 -1.00000000
vn 0.00000000 0.00000000 -1.00000000
vn -0.25881928 0.96592581 -0.00000000
vn -0.25881928 0.96592581 -0.00000000
vn -0.25881928 0.96592581 -0.00000000
vn -0.25881928 0.96592581 -0.00000000
vn 0.00000000 0.00000000 1.00000000
vn 0.00000000 0.00000000 1.00000000
vn 0.00000000 0.00000000 1.00000000
vn 0.00000000 0.00000000 -1.00000000
vn 0.00000000 0.00000000 -1.00000000
vn 0.00000000 0.00000000 -1.00000000
vn -0.70710677 0.70710677 -0.00000000
vn -0.70710677 0.70710677 -0.00000000
vn -0.70710677 0.70710677 -0.00000000
vn -0.70710677 0.70710677 -0.00000000
vn 0.00000000 0.00000000 1.00000000
vn 0.00000000 0.00000000 1.00000000
vn 0.00000000 0.00000000 1.00000000
vn 0.00000000 0.00000000 -1.00000000
vn 0.00000000 0.00000000 -1.00000000
vn 0.00000000 0.00000000 -1.00000000
vn -0.96592593 0.25881878 -0.00000000
vn -0.96592593 0.25881878 -0.00000000
vn -0.96592593 0.25881878 -0.00000000
vn -0.96592593 0.25881878 -0.00000000
vn 0.00000000 0.00000000 1.00000000
vn 0.00000000 0.00000000 1.00000000
vn 0.00000000 0.00000000 1.00000000
vn -0.00000000 0.00000000 -1.00000000
vn -0.00000000 0.00000000 -1.00000000
vn -0.00000000 0.00000000 -1.00000000
vn -0.96592587 -0.25881922 0.00000000
vn -0.96592587 -0.25881922 0.00000000
vn -0.96592587 -0.25881922 0.00000000
vn -0.96592587 -0.25881922 0.00000000
vn 0.00000000 0.00000000 0.99999994
vn 0.00000000 0.00000000 0.99999994
vn 0.00000000 0.00000000 0.99999994
vn 0.00000000 0.00000000 -0.99999994
vn 0.00000000 0.00000000 -0.99999994
vn 0.00000000 0.00000000 -0.99999994
vn -0.70710665 -0.70710689 0.00000000
vn -0.70710665 -0.70710689 0.00000000
vn -0.70710665 -0.70710689 0.00000000
vn -0.70710665 -0.70710689 0.00000000
vn 0.00000000 0.00000000 1.00000000
vn 0.00000000 0.00000000 1.00000000
vn 0.00000000 0.00000000 1.00000000
vn 0.00000000 0.00000000 -1.00000000
vn 0.00000000 0.00000000 -1.00000000
vn 0.00000000 0.00000000 -1.00000000
vn -0.25881901 -0.96592581 0.00000000
vn -0.25881901 -0.96592581 0.00000000
vn -0.25881901 -0.96592581 0.00000000
vn -0.25881901 -0.96592581 0.00000000
vn 0.00000000 0.00000000 1.00000000
vn 0.00000000 0.00000000 1.00000000
vn 0.00000000 0.00000000 1.00000000
vn 0.00000000 -0.00000000 -1.00000000
vn 0.00000000 -0.00000000 -1.00000000
vn 0.00000000 -0.00000000 -1.00000000
vn 0.25881922 -0.96592581 -0.00000000
vn 0.25881922 -0.96592581 -0.00000000
vn 0.25881922 -0.96592581 -0.00000000
vn 0.25881922 -0.96592581 -0.00000000
vn 0.00000000 0.00000000 1.00000000
vn 0.00000000 0.00000000 1.00000000
vn 0.00000000 0.00000000 1.00000000
vn 0.00000000 0.00000000 -1.00000000
vn 0.00000000 0.00000000 -1.00000000
vn 0.00000000 0.00000000 -1.00000000
vn 0.70710701 -0.70710665 -0.00000000
vn 0.70710701 -0.70710665 -0.00000000
vn 0.70710701 -0.70710665 -0.00000000
vn 0.70710701 -0.70710665 -0.00000000
vn 0.00000000 0.00000000 1.00000000
vn 0.00000000 0.00000000 1.00000000
vn 0.00000000 0.00000000 1.00000000
vn 0.00000000 0.00000000 -1.00000000
vn 0.00000000 0.00000000 -1.00000000
vn 0.00000000 0.00000000 -1.00000000
vn 0.96592593 -0.25881872 -0.00000000
vn 0.96592593 -0.25881872 -0.00000000
vn 0.96592593 -0.25881872 -0.00000000
vn 0.96592593 -0.25881872 -0.00000000
vn -0.00000000 0.00000000 1.00000000
vn -0.00000000 0.00000000 1.00000000
vn -0.00000000 0.00000000 1.00000000
vn 0.00000000 0.00000000 -1.00000000
vn 0.00000000 0.00000000 -1.00000000
vn 0.00000000 0.00000000 -1.00000000
vn 0.95105660 0.30901700 -0.00000000
vn 0.95105660 0.30901700 -0.00000000
vn 0.95105660 0.30901700 -0.00000000
vn 0.95105660 0.30901700 -0.00000000
vn -0.95105648 -0.30901694 0.00000000
vn -0.95105648 -0.30901694 0.00000000
vn -0.95105648 -0.30901694 0.00000000
vn -0.95105648 -0.30901694 0.00000000
vn 0.00000000 -0.00000000 -1.00000000
vn 0.00000000 -0.00000000 -1.00000000
vn 0.00000000 -0.00000000 -1.00000000
vn 0.00000000 -0.00000000 -1.00000000
vn 0.00000000 0.00000000 0.99999994
vn 0.00000000 0.00000000 0.99999994
vn 0.00000000 0.00000000 0.99999994
vn 0.00000000 0.00000000 0.99999994
vn 0.58778518 0.80901706 -0.00000000
vn 0.58778518 0.80901706 -0.00000000
vn 0.58778518 0.80901706 -0.00000000
vn 0.58778518 0.80901706 -0.00000000
vn -0.58778518 -0.80901706 0.00000000
vn -0.58778518 -0.80901706 0.00000000
vn -0.58778518 -0.80901706 0.00000000
vn -0.58778518 -0.80901706 0.00000000
vn 0.00000000 0.00000000 -1.00000000
vn 0.00000000 0.00000000 -1.00000000
vn 0.00000000 0.00000000 -1.00000000
vn 0.00000000 0.00000000 -1.00000000
vn 0.00000000 0.00000000 1.00000000
vn 0.00000000 0.00000000 1.00000000
vn 0.00000000 0.00000000 1.00000000
vn 0.00000000 0.00000000 1.00000000
vn -0.00000012 1.00000000 -0.00000000
vn -0.00000012 1.00000000 -0.00000000
vn -0.00000012 1.00000000 -0.00000000
vn -0.00000012 1.00000000 -0.00000000
vn -0.00000000 -1.00000000 -0.00000000
vn -0.00000000 -1.00000000 -0.00000000
vn -0.00000000 -1.00000000 -0.00000000
vn -0.00000000 -1.00000000 -0.00000000
vn 0.00000000 0.00000000 -1.00000000
vn 0.00000000 0.00000000 -1.00000000
vn 0.00000000 0.00000000 -1.00000000
vn 0.00000000 0.00000000 -1.00000000
vn 0.00000000 0.00000000 1.00000000
vn 0.00000000 0.00000000 1.00000000
vn 0.00000000 0.00000000 1.00000000
vn 0.00000000 0.00000000 1.00000000
vn -0.58778524 0.80901700 -0.00000000
vn -0.58778524 0.80901700 -0.00000000
vn -0.58778524 0.80901700 -0.00000000
vn -0.58778524 0.80901700 -0.00000000
vn 0.58778530 -0.80901700 -0.00000000
vn 0.58778530 -0.80901700 -0.00000000
vn 0.58778530 -0.80901700 -0.00000000
vn 0.58778530 -0.80901700 -0.00000000
vn 0.00000000 0.00000000 -1.00000000
vn 0.00000000 0.00000000 -1.00000000
vn 0.00000000 0.00000000 -1.00000000
vn 0.00000000 0.00000000 -1.00000000
vn 0.00000000 0.00000000 1.00000000
vn 0.00000000 0.00000000 1.00000000
vn 0.00000000 0.00000000 1.00000000
vn 0.00000000 0.00000000 1.00000000
vn -0.95105660 0.30901700 -0.00000000
vn -0.95105660 0.30901700 -0.00000000
vn -0.95105660 0.30901700 -0.00000000
vn -0.95105660 0.30901700 -0.00000000
vn 0.95105648 -0.30901694 -0.00000000
vn 0.95105648 -0.30901694 -0.00000000
vn 0.95105648 -0.30901694 -0.00000000
vn 0.95105648 -0.30901694 -0.00000000
vn 0.00000000 0.00000000 -1.00000000
vn 0.00000000 0.00000000 -1.00000000
vn 0.00000000 0.00000000 -1.00000000
vn 0.00000000 0.00000000 -1.00000000
vn 0.00000000 0.00000000 1.00000000
vn 0.00000000 0.00000000 1.00000000
vn 0.00000000 0.00000000 1.00000000
vn 0.00000000 0.00000000 1.00000000
vn -0.95105660 -0.30901700 0.00000000
vn -0.95105660 -0.30901700 0.00000000
vn -0.95105660 -0.30901700 0.00000000
vn -0.95105660 -0.30901700 0.00000000
vn 0.95105648 0.30901724 -0.00000000
vn 0.95105648 0.30901724 -0.00000000
vn 0.95105648 0.30901724 -0.00000000
vn 0.95105648 0.30901724 -0.00000000
vn 0.00000000 0.00000000 -1.00000000
vn 0.00000000 0.00000000 -1.00000000
vn 0.00000000 0.00000000 -1.00000000
vn 0.00000000 0.00000000 -1.00000000
vn 0.00000000 0.00000000 1.00000000
vn 0.00000000 0.00000000 1.00000000
vn 0.00000000 0.00000000 1.00000000
vn 0.00000000 0.00000000 1.00000000
vn -0.58778495 -0.80901724 0.00000000
vn -0.58778495 -0.80901724 0.00000000
vn -0.58778495 -0.80901724 0.00000000
vn -0.58778495 -0.80901724 0.00000000
vn 0.58778512 0.80901712 -0.00000000
vn 0.58778512 0.80901712 -0.00000000
vn 0.58778512 0.80901712 -0.00000000
vn 0.58778512 0.80901712 -0.00000000
vn 0.00000000 0.00000000 -0.99999994
vn 0.00000000 0.00000000 -0.99999994
vn 0.00000000 0.00000000 -0.99999994
vn 0.00000000 0.00000000 -0.99999994
vn 0.00000000 0.00000000 1.00000000
vn 0.00000000 0.00000000 1.00000000
vn 0.00000000 0.00000000 1.00000000
vn 0.00000000 0.00000000 1.00000000
vn 0.00000023 -1.00000000 -0.00000000
vn 0.00000023 -1.00000000 -0.00000000
vn 0.00000023 -1.00000000 -0.00000000
vn 0.00000023 -1.00000000 -0.00000000
vn -0.00000015 1.00000000 -0.00000000
vn -0.00000015 1.00000000 -0.00000000
vn -0.00000015 1.00000000 -0.00000000
vn -0.00000015 1.00000000 -0.00000000
vn -0.00000000 0.00000000 -1.00000000
vn -0.00000000 0.00000000 -1.00000000
vn -0.00000000 0.00000000 -1.00000000
vn -0.00000000 0.00000000 -1.00000000
vn 0.00000000 0.00000000 1.00000000
vn 0.00000000 0.00000000 1.00000000
vn 0.00000000 0.00000000 1.00000000
vn 0.00000000 0.00000000 1.00000000
vn 0.58778530 -0.80901694 -0.00000000
vn 0.58778530 -0.80901694 -0.00000000
vn 0.58778530 -0.80901694 -0.00000000
vn 0.58778530 -0.80901694 -0.00000000
vn -0.58778536 0.80901682 -0.00000000
vn -0.58778536 0.80901682 -0.00000000
vn -0.58778536 0.80901682 -0.00000000
vn -0.58778536 0.80901682 -0.00000000
vn 0.00000000 0.00000000 -1.00000000
vn 0.00000000 0.00000000 -1.00000000
vn 0.00000000 0.00000000 -1.00000000
vn 0.00000000 0.00000000 -1.00000000
vn 0.00000000 0.00000000 1.00000000
vn 0.00000000 0.00000000 1.00000000
vn 0.00000000 0.00000000 1.00000000
vn 0.00000000 0.00000000 1.00000000
vn 0.95105648 -0.30901700 -0.00000000
vn 0.95105648 -0.30901700 -0.00000000
vn 0.95105648 -0.30901700 -0.00000000
vn 0.95105648 -0.30901700 -0.00000000
vn -0.95105654 0.30901703 -0.00000000
vn -0.95105654 0.30901703 -0.00000000
vn -0.95105654 0.30901703 -0.00000000
vn -0.95105654 0.30901703 -0.00000000
vn 0.00000000 0.00000000 -0.99999994
vn 0.00000000 0.00000000 -0.99999994
vn 0.00000000 0.00000000 -0.99999994
vn 0.00000000 0.00000000 -0.99999994
vn 0.00000000 -0.00000000 1.00000000
vn 0.00000000 -0.00000000 1.00000000
vn 0.00000000 -0.00000000 1.00000000
vn 0.00000000 -0.00000000 1.00000000
vn 0.96592581 0.25881925 -0.00000000
vn 0.96592581 0.25881925 -0.00000000
vn 0.96592581 0.25881925 -0.00000000
vn 0.96592581 0.25881925 -0.00000000
vn 0.00000000 0.00000000 1.00000000
vn 0.00000000 0.00000000 1.00000000
vn 0.00000000 0.00000000 1.00000000
vn 0.00000000 0.00000000 -1.00000000
vn 0.00000000 0.00000000 -1.00000000
vn 0.00000000 0.00000000 -1.00000000
vn 0.70710707 0.70710665 -0.00000000
vn 0.70710707 0.70710665 -0.00000000
vn 0.70710707 0.70710665 -0.00000000
vn 0.70710707 0.70710665 -0.00000000
vn 0.00000000 0.00000000 1.00000000
vn 0.00000000 0.00000000 1.00000000
vn 0.00000000 0.00000000 1.00000000
vn 0.00000000 0.00000000 -1.00000000
vn 0.00000000 0.00000000 -1.00000000
vn 0.00000000 0.00000000 -1.00000000
vn 0.25881892 0.96592593 -0.00000000
vn 0.25881892 0.96592593 -0.00000000
vn 0.25881892 0.96592593 -0.00000000
vn 0.25881892 0.96592593 -0.00000000
vn 0.00000000 -0.00000000 0.99999994
vn 0.00000000 -0.00000000 0.99999994
vn 0.00000000 -0.00000000 0.99999994
vn 0.00000000 0.00000000 -0.99999994
vn 0.00000000 0.00000000 -0.99999994
vn 0.00000000 0.00000000 -0.99999994
vn -0.25881928 0.96592581 -0.00000000
vn -0.25881928 0.96592581 -0.00000000
vn -0.25881928 0.96592581 -0.00000000
vn -0.25881928 0.96592581 -0.00000000
vn 0.00000000 0.00000000 1.00000000
vn 0.00000000 0.00000000 1.00000000
vn 0.00000000 0.00000000 1.00000000
vn 0.00000000 0.00000000 -1.00000000
vn 0.00000000 0.00000000 -1.00000000
vn 0.00000000 0.00000000 -1.00000000
vn -0.70710683 0.70710665 -0.00000000
vn -0.70710683 0.70710665 -0.00000000
vn -0.70710683 0.70710665 -0.00000000
vn -0.70710683 0.70710665 -0.00000000
vn 0.00000000 0.00000000 1.00000000
vn 0.00000000 0.00000000 1.00000000
vn 0.00000000 0.00000000 1.00000000
vn 0.00000000 0.00000000 -1.00000000
vn 0.00000000 0.00000000 -1.00000000
vn 0.00000000 0.00000000 -1.00000000
vn -0.96592593 0.25881892 -0.00000000
vn -0.96592593 0.25881892 -0.00000000
vn -0.96592593 0.25881892 -0.00000000
vn -0.96592593 0.25881892 -0.00000000
vn 0.00000000 0.00000000 1.00000000
vn 0.00000000 0.00000000 1.00000000
vn 0.00000000 0.00000000 1.00000000
vn -0.00000000 0.00000000 -1.00000000
vn -0.00000000 0.00000000 -1.00000000
vn -0.00000000 0.00000000 -1.00000000
vn -0.96592587 -0.25881922 0.00000000
vn -0.96592587 -0.25881922 0.00000000
vn -0.96592587 -0.25881922 0.00000000
vn -0.96592587 -0.25881922 0.00000000
vn 0.00000000 0.00000000 0.99999994
vn 0.00000000 0.00000000 0.99999994
vn 0.00000000 0.00000000 0.99999994
vn 0.00000000 0.00000000 -0.99999994
vn 0.00000000 0.00000000 -0.99999994
vn 0.00000000 0.00000000 -0.99999994
vn -0.70710665 -0.70710689 0.00000000
vn -0.70710665 -0.70710689 0.00000000
vn -0.70710665 -0.70710689 0.00000000
vn -0.70710665 -0.70710689 0.00000000
vn 0.00000000 0.00000000 1.00000000
vn 0.00000000 0.00000000 1.00000000
vn 0.00000000 0.00000000 1.00000000
vn 0.00000000 0.00000000 -1.00000000
vn 0.00000000 0.00000000 -1.00000000
vn 0.00000000 0.00000000 -1.00000000
vn -0.25881901 -0.96592581 0.00000000
vn -0.25881901 -0.96592581 0.00000000
vn -0.25881901 -0.96592581 0.00000000
vn -0.25881901 -0.96592581 0.00000000
vn 0.00000000 0.00000000 1.00000000
vn 0.00000000 0.00000000 1.00000000
vn 0.00000000 0.00000000 1.00000000
vn 0.00000000 -0.00000000 -1.00000000
vn 0.00000000 -0.00000000 -1.00000000
vn 0.00000000 -0.00000000 -1.00000000
vn 0.25881922 -0.96592581 -0.00000000
vn 0.25881922 -0.96592581 -0.00000000
vn 0.25881922 -0.96592581 -0.00000000
vn 0.25881922 -0.96592581 -0.00000000
vn 0.00000000 0.00000000 1.00000000
vn 0.00000000 0.00000000 1.00000000
vn 0.00000000 0.00000000 1.00000000
vn 0.00000000 0.00000000 -1.00000000
vn 0.00000000 0.00000000 -1.00000000
vn 0.00000000 0.00000000 -1.00000000
vn 0.70710701 -0.70710665 -0.00000000
vn 0.70710701 -0.70710665 -0.00000000
vn 0.70710701 -0.70710665 -0.00000000
vn 0.70710701 -0.70710665 -0.00000000
vn 0.00000000 0.00000000 1.00000000
vn 0.00000000 0.00000000 1.00000000
vn 0.00000000 0.00000000 1.00000000
vn 0.00000000 0.00000000 -1.00000000
vn 0.00000000 0.00000000 -1.00000000
vn 0.00000000 0.00000000 -1.00000000
vn 0.96592593 -0.25881872 -0.00000000
vn 0.96592593 -0.25881872 -0.00000000
vn 0.96592593 -0.25881872 -0.00000000
vn 0.96592593 -0.25881872 -0.00000000
vn -0.00000000 0.00000000 1.00000000
vn -0.00000000 0.00000000 1.00000000
vn -0.00000000 0.00000000 1.00000000
vn 0.00000000 0.00000000 -1.00000000
vn 0.00000000 0.00000000 -1.00000000
vn 0.00000000 0.00000000 -1.00000000
vn 0.96592581 0.25881895 -0.00000000
vn 0.96592581 0.25881895 -0.00000000
vn 0.96592581 0.25881895 -0.00000000
vn 0.96592581 0.25881895 -0.00000000
vn 0.00000000 0.00000000 1.00000000
vn 0.00000000 0.00000000 1.00000000
vn 0.00000000 0.00000000 1.00000000
vn 0.00000000 0.00000000 -1.00000000
vn 0.00000000 0.00000000 -1.00000000
vn 0.00000000 0.00000000 -1.00000000
vn 0.70710665 0.70710683 -0.00000000
vn 0.70710665 0.70710683 -0.00000000
vn 0.70710665 0.70710683 -0.00000000
vn 0.70710665 0.70710683 -0.00000000
vn 0.00000000 0.00000000 1.00000000
vn 0.00000000 0.00000000 1.00000000
vn 0.00000000 0.00000000 1.00000000
vn 0.00000000 0.00000000 -1.00000000
vn 0.00000000 0.00000000 -1.00000000
vn 0.00000000 0.00000000 -1.00000000
vn 0.25881904 0.96592581 -0.00000000
vn 0.25881904 0.96592581 -0.00000000
vn 0.25881904 0.96592581 -0.00000000
vn 0.25881904 0.96592581 -0.00000000
vn 0.00000000 0.00000000 1.00000000
vn 0.00000000 0.00000000 1.00000000
vn 0.00000000 0.00000000 1.00000000
vn 0.00000000 0.00000000 -1.00000000
vn 0.00000000 0.00000000 -1.00000000
vn 0.00000000 0.00000000 -1.00000000
vn -0.25881922 0.96592587 -0.00000000
vn -0.25881922 0.96592587 -0.00000000
vn -0.25881922 0.96592587 -0.00000000
vn -0.25881922 0.96592587 -0.00000000
vn 0.00000000 -0.00000000 0.99999994
vn 0.00000000 -0.00000000 0.99999994
vn 0.00000000 -0.00000000 0.99999994
vn 0.00000000 0.00000000 -0.99999994
vn 0.00000000 0.00000000 -0.99999994
vn 0.00000000 0.00000000 -0.99999994
vn -0.70710707 0.70710653 -0.00000000
vn -0.70710707 0.70710653 -0.00000000
vn -0.70710707 0.70710653 -0.00000000
vn -0.70710707 0.70710653 -0.00000000
vn 0.00000000 0.00000000 1.00000000
vn 0.00000000 0.00000000 1.00000000
vn 0.00000000 0.00000000 1.00000000
vn 0.00000000 0.00000000 -1.00000000
vn 0.00000000 0.00000000 -1.00000000
vn 0.00000000 0.00000000 -1.00000000
vn -0.96592581 0.25881901 -0.00000000
vn -0.96592581 0.25881901 -0.00000000
vn -0.96592581 0.25881901 -0.00000000
vn -0.96592581 0.25881901 -0.00000000
vn 0.00000000 0.00000000 1.00000000
vn 0.00000000 0.00000000 1.00000000
vn 0.00000000 0.00000000 1.00000000
vn -0.00000000 0.00000000 -1.00000000
vn -0.00000000 0.00000000 -1.00000000
vn -0.00000000 0.00000000 -1.00000000
vn -0.96592593 -0.25881892 0.00000000
vn -0.96592593 -0.25881892 0.00000000
vn -0.96592593 -0.25881892 0.00000000
vn -0.96592593 -0.25881892 0.00000000
vn 0.00000000 0.00000000 1.00000000
vn 0.00000000 0.00000000 1.00000000
vn 0.00000000 0.00000000 1.00000000
vn 0.00000000 0.00000000 -1.00000000
vn 0.00000000 0.00000000 -1.00000000
vn 0.00000000 0.00000000 -1.00000000
vn -0.70710653 -0.70710707 0.00000000
vn -0.70710653 -0.70710707 0.00000000
vn -0.70710653 -0.70710707 0.00000000
vn -0.70710653 -0.70710707 0.00000000
vn 0.00000000 0.00000000 1.00000000
vn 0.00000000 0.00000000 1.00000000
vn 0.00000000 0.00000000 1.00000000
vn 0.00000000 0.00000000 -1.00000000
vn 0.00000000 0.00000000 -1.00000000
vn 0.00000000 0.00000000 -1.00000000
vn -0.25881904 -0.96592581 0.00000000
vn -0.25881904 -0.96592581 0.00000000
vn -0.25881904 -0.96592581 0.00000000
vn -0.25881904 -0.96592581 0.00000000
vn 0.00000000 0.00000000 1.00000000
vn 0.00000000 0.00000000 1.00000000
vn 0.00000000 0.00000000 1.00000000
vn 0.00000000 -0.00000000 -1.00000000
vn 0.00000000 -0.00000000 -1.00000000
vn 0.00000000 -0.00000000 -1.00000000
vn 0.25881916 -0.96592581 -0.00000000
vn 0.25881916 -0.96592581 -0.00000000
vn 0.25881916 -0.96592581 -0.00000000
vn 0.25881916 -0.96592581 -0.00000000
vn 0.00000000 0.00000000 1.00000000
vn 0.00000000 0.00000000 1.00000000
vn 0.00000000 0.00000000 1.00000000
vn 0.00000000 0.00000000 -1.00000000
vn 0.00000000 0.00000000 -1.00000000
vn 0.00000000 0.00000000 -1.00000000
vn 0.70710701 -0.70710665 -0.00000000
vn 0.70710701 -0.70710665 -0.00000000
vn 0.70710701 -0.70710665 -0.00000000
vn 0.70710701 -0.70710665 -0.00000000
vn 0.00000000 0.00000000 1.00000000
vn 0.00000000 0.00000000 1.00000000
vn 0.00000000 0.00000000 1.00000000
vn 0.00000000 0.00000000 -1.00000000
vn 0.00000000 0.00000000 -1.00000000
vn 0.00000000 0.00000000 -1.00000000
vn 0.96592593 -0.25881842 -0.00000000
vn 0.96592593 -0.25881842 -0.00000000
vn 0.96592593 -0.25881842 -0.00000000
vn 0.96592593 -0.25881842 -0.00000000
vn -0.00000000 0.00000000 1.00000000
vn -0.00000000 0.00000000 1.00000000
vn -0.00000000 0.00000000 1.00000000
vn 0.00000000 0.00000000 -1.00000000
vn 0.00000000 0.00000000 -1.00000000
vn 0.00000000 0.00000000 -1.00000000
vn 0.95105660 0.30901700 -0.00000000
vn 0.95105660 0.30901700 -0.00000000
vn 0.95105660 0.30901700 -0.00000000
vn 0.95105660 0.30901700 -0.00000000
vn -0.95105648 -0.30901694 0.00000000
vn -0.95105648 -0.30901694 0.00000000
vn -0.95105648 -0.30901694 0.00000000
vn -0.95105648 -0.30901694 0.00000000
vn 0.00000000 -0.00000000 -1.00000000
vn 0.00000000 -0.00000000 -1.00000000
vn 0.00000000 -0.00000000 -1.00000000
vn 0.00000000 -0.00000000 -1.00000000
vn 0.00000000 0.00000000 1.00000000
vn 0.00000000 0.00000000 1.00000000
vn 0.00000000 0.00000000 1.00000000
vn 0.00000000 0.00000000 1.00000000
vn 0.58778524 0.80901700 -0.00000000
vn 0.58778524 0.80901700 -0.00000000
vn 0.58778524 0.80901700 -0.00000000
vn 0.58778524 0.80901700 -0.00000000
vn -0.58778518 -0.80901706 0.00000000
vn -0.58778518 -0.80901706 0.00000000
vn -0.58778518 -0.80901706 0.00000000
vn -0.58778518 -0.80901706 0.00000000
vn 0.00000000 0.00000000 -1.00000000
vn 0.00000000 0.00000000 -1.00000000
vn 0.00000000 0.00000000 -1.00000000
vn 0.00000000 0.00000000 -1.00000000
vn 0.00000000 0.00000000 0.99999994
vn 0.00000000 0.00000000 0.99999994
vn 0.00000000 0.00000000 0.99999994
vn 0.00000000 0.00000000 0.99999994
vn -0.00000012 1.00000000 -0.00000000
vn -0.00000012 1.00000000 -0.00000000
vn -0.00000012 1.00000000 -0.00000000
vn -0.00000012 1.00000000 -0.00000000
vn -0.00000000 -1.00000000 -0.00000000
vn -0.00000000 -1.00000000 -0.00000000
vn -0.00000000 -1.00000000 -0.00000000
vn -0.00000000 -1.00000000 -0.00000000
vn 0.00000000 0.00000000 -1.00000000
vn 0.00000000 0.00000000 -1.00000000
vn 0.00000000 0.00000000 -1.00000000
vn 0.00000000 0.00000000 -1.00000000
vn 0.00000000 0.00000000 1.00000000
vn 0.00000000 0.00000000 1.00000000
vn 0.00000000 0.00000000 1.00000000
vn 0.00000000 0.00000000 1.00000000
vn -0.58778518 0.80901706 -0.00000000
vn -0.58778518 0.80901706 -0.00000000
vn -0.58778518 0.80901706 -0.00000000
vn -0.58778518 0.80901706 -0.00000000
vn 0.58778530 -0.80901700 -0.00000000
vn 0.58778530 -0.80901700 -0.00000000
vn 0.58778530 -0.80901700 -0.00000000
vn 0.58778530 -0.80901700 -0.00000000
vn 0.00000000 0.00000000 -1.00000000
vn 0.00000000 0.00000000 -1.00000000
vn 0.00000000 0.00000000 -1.00000000
vn 0.00000000 0.00000000 -1.00000000
vn 0.00000000 0.00000000 1.00000000
vn 0.00000000 0.00000000 1.00000000
vn 0.00000000 0.00000000 1.00000000
vn 0.00000000 0.00000000 1.00000000
vn -0.95105660 0.30901688 -0.00000000
vn -0.95105660 0.30901688 -0.00000000
vn -0.95105660 0.30901688 -0.00000000
vn -0.95105660 0.30901688 -0.00000000
vn 0.95105654 -0.30901682 -0.00000000
vn 0.95105654 -0.30901682 -0.00000000
vn 0.95105654 -0.30901682 -0.00000000
vn 0.95105654 -0.30901682 -0.00000000
vn 0.00000000 0.00000000 -1.00000000
vn 0.00000000 0.00000000 -1.00000000
vn 0.00000000 0.00000000 -1.00000000
vn 0.00000000 0.00000000 -1.00000000
vn 0.00000000 0.00000000 1.00000000
vn 0.00000000 0.00000000 1.00000000
vn 0.00000000 0.00000000 1.00000000
vn 0.00000000 0.00000000 1.00000000
vn -0.95105648 -0.30901712 0.00000000
vn -0.95105648 -0.30901712 0.00000000
vn -0.95105648 -0.30901712 0.00000000
vn -0.95105648 -0.30901712 0.00000000
vn 0.95105648 0.30901709 -0.00000000
vn 0.95105648 0.30901709 -0.00000000
vn 0.95105648 0.30901709 -0.00000000
vn 0.95105648 0.30901709 -0.00000000
vn 0.00000000 0.00000000 -1.00000000
vn 0.00000000 0.00000000 -1.00000000
vn 0.00000000 0.00000000 -1.00000000
vn 0.00000000 0.00000000 -1.00000000
vn 0.00000000 0.00000000 1.00000000
vn 0.00000000 0.00000000 1.00000000
vn 0.00000000 0.00000000 1.00000000
vn 0.00000000 0.00000000 1.00000000
vn -0.58778495 -0.80901712 0.00000000
vn -0.58778495 -0.80901712 0.00000000
vn -0.58778495 -0.80901712 0.00000000
vn -0.58778495 -0.80901712 0.00000000
vn 0.58778512 0.80901712 -0.00000000
vn 0.58778512 0.80901712 -0.00000000
vn 0.58778512 0.80901712 -0.00000000
vn 0.58778512 0.80901712 -0.00000000
vn 0.00000000 0.00000000 -1.00000000
vn 0.00000000 0.00000000 -1.00000000
vn 0.00000000 0.00000000 -1.00000000
vn 0.00000000 0.00000000 -1.00000000
vn 0.00000000 0.00000000 1.00000000
vn 0.00000000 0.00000000 1.00000000
vn 0.00000000 0.00000000 1.00000000
vn 0.00000000 0.00000000 1.00000000
vn 0.00000023 -1.00000000 -0.00000000
vn 0.00000023 -1.00000000 -0.00000000
vn 0.00000023 -1.00000000 -0.00000000
vn 0.00000023 -1.00000000 -0.00000000
vn -0.00000015 1.00000000 -0.00000000
vn -0.00000015 1.00000000 -0.00000000
vn -0.00000015 1.00000000 -0.00000000
vn -0.00000015 1.00000000 -0.00000000
vn -0.00000000 0.00000000 -1.00000000
vn -0.00000000 0.00000000 -1.00000000
vn -0.00000000 0.00000000 -1.00000000
vn -0.00000000 0.00000000 -1.00000000
vn 0.00000000 0.00000000 1.00000000
vn 0.00000000 0.00000000 1.00000000
vn 0.00000000 0.00000000 1.00000000
vn 0.00000000 0.00000000 1.00000000
vn 0.58778518 -0.80901700 -0.00000000
vn 0.58778518 -0.80901700 -0.00000000
vn 0.58778518 -0.80901700 -0.00000000
vn 0.58778518 -0.80901700 -0.00000000
vn -0.58778536 0.80901694 -0.00000000
vn -0.58778536 0.80901694 -0.00000000
vn -0.58778536 0.80901694 -0.00000000
vn -0.58778536 0.80901694 -0.00000000
vn 0.00000000 0.00000000 -1.00000000
vn 0.00000000 0.00000000 -1.00000000
vn 0.00000000 0.00000000 -1.00000000
vn 0.00000000 0.00000000 -1.00000000
vn 0.00000000 0.00000000 1.00000000
vn 0.00000000 0.00000000 1.00000000
vn 0.00000000 0.00000000 1.00000000
vn 0.00000000 0.00000000 1.00000000
vn 0.95105648 -0.30901688 -0.00000000
vn 0.95105648 -0.30901688 -0.00000000
vn 0.95105648 -0.30901688 -0.00000000
vn 0.95105648 -0.30901688 -0.00000000
vn -0.95105648 0.30901715 -0.00000000
vn -0.95105648 0.30901715 -0.00000000
vn -0.95105648 0.30901715 -0.00000000
vn -0.95105648 0.30901715 -0.00000000
vn 0.00000000 0.00000000 -1.00000000
vn 0.00000000 0.00000000 -1.00000000
vn 0.00000000 0.00000000 -1.00000000
vn 0.00000000 0.00000000 -1.00000000
vn 0.00000000 -0.00000000 1.00000000
vn 0.00000000 -0.00000000 1.00000000
vn 0.00000000 -0.00000000 1.00000000
vn 0.00000000 -0.00000000 1.00000000
vn 0.55104589 0.58102638 -0.59896314
vn 0.55104589 0.58102638 -0.59896314
vn 0.55104589 0.58102638 -0.59896314
vn 0.55104589 0.58102638 -0.59896314
vn 0.20394117 0.91091073 -0.35867783
vn 0.20394117 0.91091073 -0.35867783
vn 0.20394117 0.91091073 -0.35867783
vn 0.20394117 0.91091073 -0.35867783
vn 0.00000000 0.95282257 -0.30352771
vn 0.00000000 0.95282257 -0.30352771
vn 0.00000000 0.95282257 -0.30352771
vn 0.00000000 0.95282257 -0.30352771
vn -0.20394117 0.91091061 -0.35867807
vn -0.20394117 0.91091061 -0.35867807
vn -0.20394117 0.91091061 -0.35867807
vn -0.20394117 0.91091061 -0.35867807
vn -0.55104589 0.58102638 -0.59896314
vn -0.55104589 0.58102638 -0.59896314
vn -0.55104589 0.58102638 -0.59896314
vn -0.55104589 0.58102638 -0.59896314
vn -0.55104589 -0.58102638 -0.59896314
vn -0.55104589 -0.58102638 -0.59896314
vn -0.55104589 -0.58102638 -0.59896314
vn -0.55104589 -0.58102638 -0.59896314
vn -0.20394102 -0.91091067 -0.35867789
vn -0.20394102 -0.91091067 -0.35867789
vn -0.20394102 -0.91091067 -0.35867789
vn -0.20394102 -0.91091067 -0.35867789
vn 0.00000000 -0.95282257 -0.30352771
vn 0.00000000 -0.95282257 -0.30352771
vn 0.00000000 -0.95282257 -0.30352771
vn 0.00000000 -0.95282257 -0.30352771
vn 0.20394118 -0.91091055 -0.35867804
vn 0.20394118 -0.91091055 -0.35867804
vn 0.20394118 -0.91091055 -0.35867804
vn 0.20394118 -0.91091055 -0.35867804
vn 0.55104589 -0.58102638 -0.59896314
vn 0.55104589 -0.58102638 -0.59896314
vn 0.55104589 -0.58102638 -0.59896314
vn 0.55104589 -0.58102638 -0.59896314
vn 0.67294377 0.70955640 -0.20898871
vn 0.67294377 0.70955640 -0.20898871
vn 0.67294377 0.70955640 -0.20898871
vn 0.67294377 0.70955640 -0.20898871
vn 0.21717337 0.97001368 -0.10912868
vn 0.21717337 0.97001368 -0.10912868
vn 0.21717337 0.97001368 -0.10912868
vn 0.21717337 0.97001368 -0.10912868
vn 0.00000000 0.99588358 -0.09064155
vn 0.00000000 0.99588358 -0.09064155
vn 0.00000000 0.99588358 -0.09064155
vn 0.00000000 0.99588358 -0.09064155
vn -0.21717338 0.97001380 -0.10912856
vn -0.21717338 0.97001380 -0.10912856
vn -0.21717338 0.97001380 -0.10912856
vn -0.21717338 0.97001380 -0.10912856
vn -0.67294395 0.70955628 -0.20898885
vn -0.67294395 0.70955628 -0.20898885
vn -0.67294395 0.70955628 -0.20898885
vn -0.67294395 0.70955628 -0.20898885
vn -0.67294377 -0.70955640 -0.20898880
vn -0.67294377 -0.70955640 -0.20898880
vn -0.67294377 -0.70955640 -0.20898880
vn -0.67294377 -0.70955640 -0.20898880
vn -0.21717338 -0.97001368 -0.10912850
vn -0.21717338 -0.97001368 -0.10912850
vn -0.21717338 -0.97001368 -0.10912850
vn -0.21717338 -0.97001368 -0.10912850
vn 0.00000013 -0.99588358 -0.09064156
vn 0.00000013 -0.99588358 -0.09064156
vn 0.00000013 -0.99588358 -0.09064156
vn 0.00000013 -0.99588358 -0.09064156
vn 0.21717346 -0.97001380 -0.10912856
vn 0.21717346 -0.97001380 -0.10912856
vn 0.21717346 -0.97001380 -0.10912856
vn 0.21717346 -0.97001380 -0.10912856
vn 0.67294377 -0.70955640 -0.20898880
vn 0.67294377 -0.70955640 -0.20898880
vn 0.67294377 -0.70955640 -0.20898880
vn 0.67294377 -0.70955640 -0.20898880
vn 0.66907370 0.70547611 0.23376040
vn 0.66907370 0.70547611 0.23376040
vn 0.66907370 0.70547611 0.23376040
vn 0.66907370 0.70547611 0.23376040
vn 0.21683080 0.96848309 0.12257601
vn 0.21683080 0.96848309 0.12257601
vn 0.21683080 0.96848309 0.12257601
vn 0.21683080 0.96848309 0.12257601
vn 0.00000000 0.99479866 0.10186061
vn 0.00000000 0.99479866 0.10186061
vn 0.00000000 0.99479866 0.10186061
vn 0.00000000 0.99479866 0.10186061
vn -0.21683080 0.96848309 0.12257612
vn -0.21683080 0.96848309 0.12257612
vn -0.21683080 0.96848309 0.12257612
vn -0.21683080 0.96848309 0.12257612
vn -0.66907382 0.70547593 0.23376045
vn -0.66907382 0.70547593 0.23376045
vn -0.66907382 0.70547593 0.23376045
vn -0.66907382 0.70547593 0.23376045
vn -0.66907388 -0.70547599 0.23376031
vn -0.66907388 -0.70547599 0.23376031
vn -0.66907388 -0.70547599 0.23376031
vn -0.66907388 -0.70547599 0.23376031
vn -0.21683055 -0.96848315 0.12257597
vn -0.21683055 -0.96848315 0.12257597
vn -0.21683055 -0.96848315 0.12257597
vn -0.21683055 -0.96848315 0.12257597
vn 0.00000000 -0.99479866 0.10186061
vn 0.00000000 -0.99479866 0.10186061
vn 0.00000000 -0.99479866 0.10186061
vn 0.00000000 -0.99479866 0.10186061
vn 0.21683088 -0.96848315 0.12257599
vn 0.21683088 -0.96848315 0.12257599
vn 0.21683088 -0.96848315 0.12257599
vn 0.21683088 -0.96848315 0.12257599
vn 0.66907370 -0.70547611 0.23376040
vn 0.66907370 -0.70547611 0.23376040
vn 0.66907370 -0.70547611 0.23376040
vn 0.66907370 -0.70547611 0.23376040
vn 0.55104595 0.58102667 0.59896266
vn 0.55104595 0.58102667 0.59896266
vn 0.55104595 0.58102667 0.59896266
vn 0.55104595 0.58102667 0.59896266
vn 0.20394121 0.91091073 0.35867769
vn 0.20394121 0.91091073 0.35867769
vn 0.20394121 0.91091073 0.35867769
vn 0.20394121 0.91091073 0.35867769
vn 0.00000000 0.95282269 0.30352759
vn 0.00000000 0.95282269 0.30352759
vn 0.00000000 0.95282269 0.30352759
vn 0.00000000 0.95282269 0.30352759
vn -0.20394117 0.91091061 0.35867783
vn -0.20394117 0.91091061 0.35867783
vn -0.20394117 0.91091061 0.35867783
vn -0.20394117 0.91091061 0.35867783
vn -0.55104601 0.58102649 0.59896290
vn -0.55104601 0.58102649 0.59896290
vn -0.55104601 0.58102649 0.59896290
vn -0.55104601 0.58102649 0.59896290
vn -0.55104601 -0.58102632 0.59896302
vn -0.55104601 -0.58102632 0.59896302
vn -0.55104601 -0.58102632 0.59896302
vn -0.55104601 -0.58102632 0.59896302
vn -0.20394081 -0.91091079 0.35867748
vn -0.20394081 -0.91091079 0.35867748
vn -0.20394081 -0.91091079 0.35867748
vn -0.20394081 -0.91091079 0.35867748
vn 0.00000000 -0.95282251 0.30352771
vn 0.00000000 -0.95282251 0.30352771
vn 0.00000000 -0.95282251 0.30352771
vn 0.00000000 -0.95282251 0.30352771
vn 0.20394111 -0.91091079 0.35867783
vn 0.20394111 -0.91091079 0.35867783
vn 0.20394111 -0.91091079 0.35867783
vn 0.20394111 -0.91091079 0.35867783
vn 0.55104595 -0.58102649 0.59896290
vn 0.55104595 -0.58102649 0.59896290
vn 0.55104595 -0.58102649 0.59896290
vn 0.55104595 -0.58102649 0.59896290
vn 0.00000031 0.00000032 -0.99999994
vn 0.00000031 0.00000032 -0.99999994
vn 0.00000031 0.00000032 -0.99999994
vn 0.00000019 0.00000085 -1.00000000
vn 0.00000019 0.00000085 -1.00000000
vn 0.00000019 0.00000085 -1.00000000
vn -0.00000000 0.00000104 -0.99999994
vn -0.00000000 0.00000104 -0.99999994
vn -0.00000000 0.00000104 -0.99999994
vn -0.00000019 0.00000085 -1.00000000
vn -0.00000019 0.00000085 -1.00000000
vn -0.00000019 0.00000085 -1.00000000
vn -0.00000031 0.00000032 -1.00000000
vn -0.00000031 0.00000032 -1.00000000
vn -0.00000031 0.00000032 -1.00000000
vn -0.00000031 -0.00000032 -0.99999994
vn -0.00000031 -0.00000032 -0.99999994
vn -0.00000031 -0.00000032 -0.99999994
vn -0.00000019 -0.00000085 -1.00000000
vn -0.00000019 -0.00000085 -1.00000000
vn -0.00000019 -0.00000085 -1.00000000
vn -0.00000000 -0.00000104 -1.00000000
vn -0.00000000 -0.00000104 -1.00000000
vn -0.00000000 -0.00000104 -1.00000000
vn 0.00000019 -0.00000085 -1.00000000
vn 0.00000019 -0.00000085 -1.00000000
vn 0.00000019 -0.00000085 -1.00000000
vn 0.00000031 -0.00000032 -1.00000000
vn 0.00000031 -0.00000032 -1.00000000
vn 0.00000031 -0.00000032 -1.00000000
vn 0.00000004 0.00000004 1.00000000
vn 0.00000004 0.00000004 1.00000000
vn 0.00000004 0.00000004 1.00000000
vn 0.00000002 0.00000011 1.00000000
vn 0.00000002 0.00000011 1.00000000
vn 0.00000002 0.00000011 1.00000000
vn 0.00000000 0.00000014 1.00000000
vn 0.00000000 0.00000014 1.00000000
vn 0.00000000 0.00000014 1.00000000
vn -0.00000002 0.00000011 1.00000000
vn -0.00000002 0.00000011 1.00000000
vn -0.00000002 0.00000011 1.00000000
vn -0.00000004 0.00000004 1.00000000
vn -0.00000004 0.00000004 1.00000000
vn -0.00000004 0.00000004 1.00000000
vn -0.00000004 -0.00000004 0.99999994
vn -0.00000004 -0.00000004 0.99999994
vn -0.00000004 -0.00000004 0.99999994
vn -0.00000002 -0.00000011 1.00000000
vn -0.00000002 -0.00000011 1.00000000
vn -0.00000002 -0.00000011 1.00000000
vn 0.00000000 -0.00000014 1.00000000
vn 0.00000000 -0.00000014 1.00000000
vn 0.00000000 -0.00000014 1.00000000
vn 0.00000002 -0.00000011 1.00000000
vn 0.00000002 -0.00000011 1.00000000
vn 0.00000002 -0.00000011 1.00000000
vn 0.00000004 -0.00000004 0.99999994
vn 0.00000004 -0.00000004 0.99999994
vn 0.00000004 -0.00000004 0.99999994
vn 0.00000000 -1.00000000 0.00000000
vn 0.00000000 -1.00000000 0.00000000
vn 0.00000000 -1.00000000 0.00000000
vn 0.00000000 -1.00000000 0.00000000
vn 0.99639136 -0.00000000 0.08487778
vn 0.99639136 -0.00000000 0.08487778
vn 0.99639136 -0.00000000 0.08487778
vn 0.99639136 -0.00000000 0.08487778
vn 0.00000000 1.00000000 0.00000000
vn 0.00000000 1.00000000 0.00000000
vn 0.00000000 1.00000000 0.00000000
vn 0.00000000 1.00000000 0.00000000
vn -0.99639136 0.00000000 0.08487778
vn -0.99639136 0.00000000 0.08487778
vn -0.99639136 0.00000000 0.08487778
vn -0.99639136 0.00000000 0.08487778
vn 0.00000000 0.00000000 -0.99999994
vn 0.00000000 0.00000000 -0.99999994
vn 0.00000000 0.00000000 -0.99999994
vn 0.00000000 0.00000000 -0.99999994
vn 0.00000000 0.00000000 1.00000000
vn 0.00000000 0.00000000 1.00000000
vn 0.00000000 0.00000000 1.00000000
vn 0.00000000 0.00000000 1.00000000
vn 0.00000000 -1.00000000 0.00000000
vn 0.00000000 -1.00000000 0.00000000
vn 0.00000000 -1.00000000 0.00000000
vn 0.00000000 -1.00000000 0.00000000
vn 0.99819380 -0.00000000 0.06007653
vn 0.99819380 -0.00000000 0.06007653
vn 0.99819380 -0.00000000 0.06007653
vn 0.99819380 -0.00000000 0.06007653
vn 0.00000000 1.00000000 0.00000000
vn 0.00000000 1.00000000 0.00000000
vn 0.00000000 1.00000000 0.00000000
vn 0.00000000 1.00000000 0.00000000
vn -0.99819380 0.00000000 0.06007653
vn -0.99819380 0.00000000 0.06007653
vn -0.99819380 0.00000000 0.06007653
vn -0.99819380 0.00000000 0.06007653
vn 0.00000000 0.00000000 -1.00000000
vn 0.00000000 0.00000000 -1.00000000
vn 0.00000000 0.00000000 -1.00000000
vn 0.00000000 0.00000000 -1.00000000
vn 0.00000000 0.00000000 1.00000000
vn 0.00000000 0.00000000 1.00000000
vn 0.00000000 0.00000000 1.00000000
vn 0.00000000 0.00000000 1.00000000
vn 0.00000000 -1.00000000 0.00000000
vn 0.00000000 -1.00000000 0.00000000
vn 0.00000000 -1.00000000 0.00000000
vn 0.00000000 -1.00000000 0.00000000
vn 0.99819380 -0.00000000 0.06007653
vn 0.99819380 -0.00000000 0.06007653
vn 0.99819380 -0.00000000 0.06007653
vn 0.99819380 -0.00000000 0.06007653
vn 0.00000000 1.00000000 0.00000000
vn 0.00000000 1.00000000 0.00000000
vn 0.00000000 1.00000000 0.00000000
vn 0.00000000 1.00000000 0.00000000
vn -0.99819380 0.00000000 0.06007653
vn -0.99819380 0.00000000 0.06007653
vn -0.99819380 0.00000000 0.06007653
vn -0.99819380 0.00000000 0.06007653
vn 0.00000000 0.00000000 -1.00000000
vn 0.00000000 0.00000000 -1.00000000
vn 0.00000000 0.00000000 -1.00000000
vn 0.00000000 0.00000000 -1.00000000
vn 0.00000000 0.00000000 1.00000000
vn 0.00000000 0.00000000 1.00000000
vn 0.00000000 0.00000000 1.00000000
vn 0.00000000 0.00000000 1.00000000
vn 0.45361483 0.80505550 -0.38225558
vn 0.45361483 0.80505550 -0.38225558
vn 0.45361483 0.80505550 -0.38225558
vn 0.45361483 0.80505550 -0.38225558
vn 0.12977229 0.97562784 -0.17694439
vn 0.12977229 0.97562784 -0.17694439
vn 0.12977229 0.97562784 -0.17694439
vn 0.12977229 0.97562784 -0.17694439
vn 0.00000000 0.98940641 -0.14517266
vn 0.00000000 0.98940641 -0.14517266
vn 0.00000000 0.98940641 -0.14517266
vn 0.00000000 0.98940641 -0.14517266
vn -0.12977254 0.97562784 -0.17694445
vn -0.12977254 0.97562784 -0.17694445
vn -0.12977254 0.97562784 -0.17694445
vn -0.12977254 0.97562784 -0.17694445
vn -0.45361444 0.80505574 -0.38225523
vn -0.45361444 0.80505574 -0.38225523
vn -0.45361444 0.80505574 -0.38225523
vn -0.45361444 0.80505574 -0.38225523
vn -0.45361394 -0.80505610 -0.38225517
vn -0.45361394 -0.80505610 -0.38225517
vn -0.45361394 -0.80505610 -0.38225517
vn -0.45361394 -0.80505610 -0.38225517
vn -0.12977231 -0.97562796 -0.17694433
vn -0.12977231 -0.97562796 -0.17694433
vn -0.12977231 -0.97562796 -0.17694433
vn -0.12977231 -0.97562796 -0.17694433
vn 0.00000000 -0.98940635 -0.14517269
vn 0.00000000 -0.98940635 -0.14517269
vn 0.00000000 -0.98940635 -0.14517269
vn 0.00000000 -0.98940635 -0.14517269
vn 0.12977244 -0.97562790 -0.17694439
vn 0.12977244 -0.97562790 -0.17694439
vn 0.12977244 -0.97562790 -0.17694439
vn 0.12977244 -0.97562790 -0.17694439
vn 0.45361400 -0.80505621 -0.38225493
vn 0.45361400 -0.80505621 -0.38225493
vn 0.45361400 -0.80505621 -0.38225493
vn 0.45361400 -0.80505621 -0.38225493
vn 0.48631829 0.86309677 -0.13622959
vn 0.48631829 0.86309677 -0.13622959
vn 0.48631829 0.86309677 -0.13622959
vn 0.48631829 0.86309677 -0.13622959
vn 0.13161825 0.98950386 -0.05965599
vn 0.13161825 0.98950386 -0.05965599
vn 0.13161825 0.98950386 -0.05965599
vn 0.13161825 0.98950386 -0.05965599
vn -0.00000014 0.99881256 -0.04871683
vn -0.00000014 0.99881256 -0.04871683
vn -0.00000014 0.99881256 -0.04871683
vn -0.00000014 0.99881256 -0.04871683
vn -0.13161813 0.98950380 -0.05965597
vn -0.13161813 0.98950380 -0.05965597
vn -0.13161813 0.98950380 -0.05965597
vn -0.13161813 0.98950380 -0.05965597
vn -0.48631862 0.86309659 -0.13622969
vn -0.48631862 0.86309659 -0.13622969
vn -0.48631862 0.86309659 -0.13622969
vn -0.48631862 0.86309659 -0.13622969
vn -0.48631877 -0.86309654 -0.13622953
vn -0.48631877 -0.86309654 -0.13622953
vn -0.48631877 -0.86309654 -0.13622953
vn -0.48631877 -0.86309654 -0.13622953
vn -0.13161799 -0.98950386 -0.05965600
vn -0.13161799 -0.98950386 -0.05965600
vn -0.13161799 -0.98950386 -0.05965600
vn -0.13161799 -0.98950386 -0.05965600
vn 0.00000000 -0.99881256 -0.04871673
vn 0.00000000 -0.99881256 -0.04871673
vn 0.00000000 -0.99881256 -0.04871673
vn 0.00000000 -0.99881256 -0.04871673
vn 0.13161816 -0.98950386 -0.05965601
vn 0.13161816 -0.98950386 -0.05965601
vn 0.13161816 -0.98950386 -0.05965601
vn 0.13161816 -0.98950386 -0.05965601
vn 0.48631826 -0.86309689 -0.13622954
vn 0.48631826 -0.86309689 -0.13622954
vn 0.48631826 -0.86309689 -0.13622954
vn 0.48631826 -0.86309689 -0.13622954
vn 0.48354524 0.85817498 0.17239438
vn 0.48354524 0.85817498 0.17239438
vn 0.48354524 0.85817498 0.17239438
vn 0.48354524 0.85817498 0.17239438
vn 0.13147320 0.98841429 0.07584224
vn 0.13147320 0.98841429 0.07584224
vn 0.13147320 0.98841429 0.07584224
vn 0.13147320 0.98841429 0.07584224
vn 0.00000000 0.99807870 0.06195761
vn 0.00000000 0.99807870 0.06195761
vn 0.00000000 0.99807870 0.06195761
vn 0.00000000 0.99807870 0.06195761
vn -0.13147335 0.98841423 0.07584216
vn -0.13147335 0.98841423 0.07584216
vn -0.13147335 0.98841423 0.07584216
vn -0.13147335 0.98841423 0.07584216
vn -0.48354527 0.85817492 0.17239432
vn -0.48354527 0.85817492 0.17239432
vn -0.48354527 0.85817492 0.17239432
vn -0.48354527 0.85817492 0.17239432
vn -0.48354495 -0.85817510 0.17239423
vn -0.48354495 -0.85817510 0.17239423
vn -0.48354495 -0.85817510 0.17239423
vn -0.48354495 -0.85817510 0.17239423
vn -0.13147314 -0.98841423 0.07584214
vn -0.13147314 -0.98841423 0.07584214
vn -0.13147314 -0.98841423 0.07584214
vn -0.13147314 -0.98841423 0.07584214
vn 0.00000006 -0.99807876 0.06195758
vn 0.00000006 -0.99807876 0.06195758
vn 0.00000006 -0.99807876 0.06195758
vn 0.00000006 -0.99807876 0.06195758
vn 0.13147317 -0.98841423 0.07584220
vn 0.13147317 -0.98841423 0.07584220
vn 0.13147317 -0.98841423 0.07584220
vn 0.13147317 -0.98841423 0.07584220
vn 0.48354504 -0.85817498 0.17239429
vn 0.48354504 -0.85817498 0.17239429
vn 0.48354504 -0.85817498 0.17239429
vn 0.48354504 -0.85817498 0.17239429
vn 0.45613575 0.80952996 0.36959618
vn 0.45613575 0.80952996 0.36959618
vn 0.45613575 0.80952996 0.36959618
vn 0.45613575 0.80952996 0.36959618
vn 0.12992588 0.97678214 0.17034006
vn 0.12992588 0.97678214 0.17034006
vn 0.12992588 0.97678214 0.17034006
vn 0.12992588 0.97678214 0.17034006
vn 0.00000000 0.99019384 0.13970019
vn 0.00000000 0.99019384 0.13970019
vn 0.00000000 0.99019384 0.13970019
vn 0.00000000 0.99019384 0.13970019
vn -0.12992592 0.97678226 0.17034006
vn -0.12992592 0.97678226 0.17034006
vn -0.12992592 0.97678226 0.17034006
vn -0.12992592 0.97678226 0.17034006
vn -0.45613593 0.80952990 0.36959633
vn -0.45613593 0.80952990 0.36959633
vn -0.45613593 0.80952990 0.36959633
vn -0.45613593 0.80952990 0.36959633
vn -0.45613563 -0.80953014 0.36959603
vn -0.45613563 -0.80953014 0.36959603
vn -0.45613563 -0.80953014 0.36959603
vn -0.45613563 -0.80953014 0.36959603
vn -0.12992595 -0.97678220 0.17034012
vn -0.12992595 -0.97678220 0.17034012
vn -0.12992595 -0.97678220 0.17034012
vn -0.12992595 -0.97678220 0.17034012
vn 0.00000008 -0.99019384 0.13970020
vn 0.00000008 -0.99019384 0.13970020
vn 0.00000008 -0.99019384 0.13970020
vn 0.00000008 -0.99019384 0.13970020
vn 0.12992595 -0.97678220 0.17034011
vn 0.12992595 -0.97678220 0.17034011
vn 0.12992595 -0.97678220 0.17034011
vn 0.12992595 -0.97678220 0.17034011
vn 0.45613563 -0.80953014 0.36959612
vn 0.45613563 -0.80953014 0.36959612
vn 0.45613563 -0.80953014 0.36959612
vn 0.45613563 -0.80953014 0.36959612
vn -0.00000105 -0.00000186 -0.99999994
vn -0.00000105 -0.00000186 -0.99999994
vn -0.00000105 -0.00000186 -0.99999994
vn -0.00000065 -0.00000488 -0.99999994
vn -0.00000065 -0.00000488 -0.99999994
vn -0.00000065 -0.00000488 -0.99999994
vn -0.00000000 -0.00000603 -0.99999994
vn -0.00000000 -0.00000603 -0.99999994
vn -0.00000000 -0.00000603 -0.99999994
vn 0.00000065 -0.00000488 -0.99999994
vn 0.00000065 -0.00000488 -0.99999994
vn 0.00000065 -0.00000488 -0.99999994
vn 0.00000105 -0.00000186 -1.00000000
vn 0.00000105 -0.00000186 -1.00000000
vn 0.00000105 -0.00000186 -1.00000000
vn 0.00000105 0.00000186 -0.99999994
vn 0.00000105 0.00000186 -0.99999994
vn 0.00000105 0.00000186 -0.99999994
vn 0.00000065 0.00000488 -1.00000000
vn 0.00000065 0.00000488 -1.00000000
vn 0.00000065 0.00000488 -1.00000000
vn -0.00000000 0.00000603 -1.00000000
vn -0.00000000 0.00000603 -1.00000000
vn -0.00000000 0.00000603 -1.00000000
vn -0.00000065 0.00000488 -1.00000000
vn -0.00000065 0.00000488 -1.00000000
vn -0.00000065 0.00000488 -1.00000000
vn -0.00000105 0.00000186 -0.99999994
vn -0.00000105 0.00000186 -0.99999994
vn -0.00000105 0.00000186 -0.99999994
vn 0.00000000 0.00000000 1.00000000
vn 0.00000000 0.00000000 1.00000000
vn 0.00000000 0.00000000 1.00000000
vn 0.00000000 0.00000000 1.00000000
vn 0.00000000 0.00000000 1.00000000
vn 0.00000000 0.00000000 1.00000000
vn 0.00000000 -0.00000000 1.00000000
vn 0.00000000 -0.00000000 1.00000000
vn 0.00000000 -0.00000000 1.00000000
vn 0.00000000 0.00000000 1.00000000
vn 0.00000000 0.00000000 1.00000000
vn 0.00000000 0.00000000 1.00000000
vn 0.00000000 0.00000000 1.00000000
vn 0.00000000 0.00000000 1.00000000
vn 0.00000000 0.00000000 1.00000000
vn 0.00000000 0.00000000 1.00000000
vn 0.00000000 0.00000000 1.00000000
vn 0.00000000 0.00000000 1.00000000
vn 0.00000000 0.00000000 1.00000000
vn 0.00000000 0.00000000 1.00000000
vn 0.00000000 0.00000000 1.00000000
vn 0.00000000 0.00000000 1.00000000
vn 0.00000000 0.00000000 1.00000000
vn 0.00000000 0.00000000 1.00000000
vn 0.00000000 0.00000000 1.00000000
vn 0.00000000 0.00000000 1.00000000
vn 0.00000000 0.00000000 1.00000000
vn -0.00000000 0.00000000 1.00000000
vn -0.00000000 0.00000000 1.00000000
vn -0.00000000 0.00000000 1.00000000
vn 0.45361483 0.80505550 -0.38225558
vn 0.45361483 0.80505550 -0.38225558
vn 0.45361483 0.80505550 -0.38225558
vn 0.45361483 0.80505550 -0.38225558
vn 0.12977229 0.97562784 -0.17694439
vn 0.12977229 0.97562784 -0.17694439
vn 0.12977229 0.97562784 -0.17694439
vn 0.12977229 0.97562784 -0.17694439
vn 0.00000000 0.98940641 -0.14517266
vn 0.00000000 0.98940641 -0.14517266
vn 0.00000000 0.98940641 -0.14517266
vn 0.00000000 0.98940641 -0.14517266
vn -0.12977254 0.97562784 -0.17694446
vn -0.12977254 0.97562784 -0.17694446
vn -0.12977254 0.97562784 -0.17694446
vn -0.12977254 0.97562784 -0.17694446
vn -0.45361444 0.80505574 -0.38225532
vn -0.45361444 0.80505574 -0.38225532
vn -0.45361444 0.80505574 -0.38225532
vn -0.45361444 0.80505574 -0.38225532
vn -0.45361394 -0.80505610 -0.38225511
vn -0.45361394 -0.80505610 -0.38225511
vn -0.45361394 -0.80505610 -0.38225511
vn -0.45361394 -0.80505610 -0.38225511
vn -0.12977231 -0.97562796 -0.17694433
vn -0.12977231 -0.97562796 -0.17694433
vn -0.12977231 -0.97562796 -0.17694433
vn -0.12977231 -0.97562796 -0.17694433
vn 0.00000000 -0.98940635 -0.14517269
vn 0.00000000 -0.98940635 -0.14517269
vn 0.00000000 -0.98940635 -0.14517269
vn 0.00000000 -0.98940635 -0.14517269
vn 0.12977244 -0.97562790 -0.17694440
vn 0.12977244 -0.97562790 -0.17694440
vn 0.12977244 -0.97562790 -0.17694440
vn 0.12977244 -0.97562790 -0.17694440
vn 0.45361400 -0.80505621 -0.38225487
vn 0.45361400 -0.80505621 -0.38225487
vn 0.45361400 -0.80505621 -0.38225487
vn 0.45361400 -0.80505621 -0.38225487
vn 0.48631862 0.86309659 -0.13622971
vn 0.48631862 0.86309659 -0.13622971
vn 0.48631862 0.86309659 -0.13622971
vn 0.48631862 0.86309659 -0.13622971
vn 0.13161825 0.98950386 -0.05965599
vn 0.13161825 0.98950386 -0.05965599
vn 0.13161825 0.98950386 -0.05965599
vn 0.13161825 0.98950386 -0.05965599
vn -0.00000014 0.99881256 -0.04871683
vn -0.00000014 0.99881256 -0.04871683
vn -0.00000014 0.99881256 -0.04871683
vn -0.00000014 0.99881256 -0.04871683
vn -0.13161811 0.98950392 -0.05965596
vn -0.13161811 0.98950392 -0.05965596
vn -0.13161811 0.98950392 -0.05965596
vn -0.13161811 0.98950392 -0.05965596
vn -0.48631838 0.86309659 -0.13622957
vn -0.48631838 0.86309659 -0.13622957
vn -0.48631838 0.86309659 -0.13622957
vn -0.48631838 0.86309659 -0.13622957
vn -0.48631826 -0.86309689 -0.13622956
vn -0.48631826 -0.86309689 -0.13622956
vn -0.48631826 -0.86309689 -0.13622956
vn -0.48631826 -0.86309689 -0.13622956
vn -0.13161801 -0.98950380 -0.05965599
vn -0.13161801 -0.98950380 -0.05965599
vn -0.13161801 -0.98950380 -0.05965599
vn -0.13161801 -0.98950380 -0.05965599
vn 0.00000000 -0.99881256 -0.04871673
vn 0.00000000 -0.99881256 -0.04871673
vn 0.00000000 -0.99881256 -0.04871673
vn 0.00000000 -0.99881256 -0.04871673
vn 0.13161813 -0.98950380 -0.05965598
vn 0.13161813 -0.98950380 -0.05965598
vn 0.13161813 -0.98950380 -0.05965598
vn 0.13161813 -0.98950380 -0.05965598
vn 0.48631877 -0.86309654 -0.13622972
vn 0.48631877 -0.86309654 -0.13622972
vn 0.48631877 -0.86309654 -0.13622972
vn 0.48631877 -0.86309654 -0.13622972
vn 0.48354545 0.85817474 0.17239451
vn 0.48354545 0.85817474 0.17239451
vn 0.48354545 0.85817474 0.17239451
vn 0.48354545 0.85817474 0.17239451
vn 0.13147318 0.98841423 0.07584224
vn 0.13147318 0.98841423 0.07584224
vn 0.13147318 0.98841423 0.07584224
vn 0.13147318 0.98841423 0.07584224
vn 0.00000000 0.99807870 0.06195761
vn 0.00000000 0.99807870 0.06195761
vn 0.00000000 0.99807870 0.06195761
vn 0.00000000 0.99807870 0.06195761
vn -0.13147335 0.98841423 0.07584216
vn -0.13147335 0.98841423 0.07584216
vn -0.13147335 0.98841423 0.07584216
vn -0.13147335 0.98841423 0.07584216
vn -0.48354509 0.85817498 0.17239429
vn -0.48354509 0.85817498 0.17239429
vn -0.48354509 0.85817498 0.17239429
vn -0.48354509 0.85817498 0.17239429
vn -0.48354504 -0.85817498 0.17239432
vn -0.48354504 -0.85817498 0.17239432
vn -0.48354504 -0.85817498 0.17239432
vn -0.48354504 -0.85817498 0.17239432
vn -0.13147311 -0.98841429 0.07584214
vn -0.13147311 -0.98841429 0.07584214
vn -0.13147311 -0.98841429 0.07584214
vn -0.13147311 -0.98841429 0.07584214
vn 0.00000006 -0.99807876 0.06195758
vn 0.00000006 -0.99807876 0.06195758
vn 0.00000006 -0.99807876 0.06195758
vn 0.00000006 -0.99807876 0.06195758
vn 0.13147321 -0.98841423 0.07584219
vn 0.13147321 -0.98841423 0.07584219
vn 0.13147321 -0.98841423 0.07584219
vn 0.13147321 -0.98841423 0.07584219
vn 0.48354495 -0.85817510 0.17239422
vn 0.48354495 -0.85817510 0.17239422
vn 0.48354495 -0.85817510 0.17239422
vn 0.48354495 -0.85817510 0.17239422
vn 0.45613563 0.80953014 0.36959603
vn 0.45613563 0.80953014 0.36959603
vn 0.45613563 0.80953014 0.36959603
vn 0.45613563 0.80953014 0.36959603
vn 0.12992592 0.97678226 0.17034006
vn 0.12992592 0.97678226 0.17034006
vn 0.12992592 0.97678226 0.17034006
vn 0.12992592 0.97678226 0.17034006
vn 0.00000000 0.99019384 0.13970019
vn 0.00000000 0.99019384 0.13970019
vn 0.00000000 0.99019384 0.13970019
vn 0.00000000 0.99019384 0.13970019
vn -0.12992592 0.97678226 0.17034006
vn -0.12992592 0.97678226 0.17034006
vn -0.12992592 0.97678226 0.17034006
vn -0.12992592 0.97678226 0.17034006
vn -0.45613593 0.80952990 0.36959633
vn -0.45613593 0.80952990 0.36959633
vn -0.45613593 0.80952990 0.36959633
vn -0.45613593 0.80952990 0.36959633
vn -0.45613563 -0.80953014 0.36959603
vn -0.45613563 -0.80953014 0.36959603
vn -0.45613563 -0.80953014 0.36959603
vn -0.45613563 -0.80953014 0.36959603
vn -0.12992595 -0.97678220 0.17034012
vn -0.12992595 -0.97678220 0.17034012
vn -0.12992595 -0.97678220 0.17034012
vn -0.12992595 -0.97678220 0.17034012
vn 0.00000008 -0.99019384 0.13970020
vn 0.00000008 -0.99019384 0.13970020
vn 0.00000008 -0.99019384 0.13970020
vn 0.00000008 -0.99019384 0.13970020
vn 0.12992595 -0.97678220 0.17034011
vn 0.12992595 -0.97678220 0.17034011
vn 0.12992595 -0.97678220 0.17034011
vn 0.12992595 -0.97678220 0.17034011
vn 0.45613563 -0.80953014 0.36959612
vn 0.45613563 -0.80953014 0.36959612
vn 0.45613563 -0.80953014 0.36959612
vn 0.45613563 -0.80953014 0.36959612
vn -0.00000105 -0.00000186 -0.99999994
vn -0.00000105 -0.00000186 -0.99999994
vn -0.00000105 -0.00000186 -0.99999994
vn -0.00000065 -0.00000488 -0.99999994
vn -0.00000065 -0.00000488 -0.99999994
vn -0.00000065 -0.00000488 -0.99999994
vn -0.00000000 -0.00000603 -0.99999994
vn -0.00000000 -0.00000603 -0.99999994
vn -0.00000000 -0.00000603 -0.99999994
vn 0.00000065 -0.00000488 -0.99999994
vn 0.00000065 -0.00000488 -0.99999994
vn 0.00000065 -0.00000488 -0.99999994
vn 0.00000105 -0.00000186 -1.00000000
vn 0.00000105 -0.00000186 -1.00000000
vn 0.00000105 -0.00000186 -1.00000000
vn 0.00000105 0.00000186 -0.99999994
vn 0.00000105 0.00000186 -0.99999994
vn 0.00000105 0.00000186 -0.99999994
vn 0.00000065 0.00000488 -1.00000000
vn 0.00000065 0.00000488 -1.00000000
vn 0.00000065 0.00000488 -1.00000000
vn -0.00000000 0.00000603 -1.00000000
vn -0.00000000 0.00000603 -1.00000000
vn -0.00000000 0.00000603 -1.00000000
vn -0.00000065 0.00000488 -1.00000000
vn -0.00000065 0.00000488 -1.00000000
vn -0.00000065 0.00000488 -1.00000000
vn -0.00000105 0.00000186 -0.99999994
vn -0.00000105 0.00000186 -0.99999994
vn -0.00000105 0.00000186 -0.99999994
vn 0.00000000 0.00000000 1.00000000
vn 0.00000000 0.00000000 1.00000000
vn 0.00000000 0.00000000 1.00000000
vn 0.00000000 0.00000000 1.00000000
vn 0.00000000 0.00000000 1.00000000
vn 0.00000000 0.00000000 1.00000000
vn 0.00000000 -0.00000000 1.00000000
vn 0.00000000 -0.00000000 1.00000000
vn 0.00000000 -0.00000000 1.00000000
vn 0.00000000 0.00000000 1.00000000
vn 0.00000000 0.00000000 1.00000000
vn 0.00000000 0.00000000 1.00000000
vn 0.00000000 0.00000000 1.00000000
vn 0.00000000 0.00000000 1.00000000
vn 0.00000000 0.00000000 1.00000000
vn 0.00000000 0.00000000 1.00000000
vn 0.00000000 0.00000000 1.00000000
vn 0.00000000 0.00000000 1.00000000
vn 0.00000000 0.00000000 1.00000000
vn 0.00000000 0.00000000 1.00000000
vn 0.00000000 0.00000000 1.00000000
vn 0.00000000 0.00000000 1.00000000
vn 0.00000000 0.00000000 1.00000000
vn 0.00000000 0.00000000 1.00000000
vn 0.00000000 0.00000000 1.00000000
vn 0.00000000 0.00000000 1.00000000
vn 0.00000000 0.00000000 1.00000000
vn -0.00000000 0.00000000 1.00000000
vn -0.00000000 0.00000000 1.00000000
vn -0.00000000 0.00000000 1.00000000
vn 0.48553964 0.87300915 0.04589514
vn 0.48553964 0.87300915 0.04589514
vn 0.48553964 0.87300915 0.04589514
vn 0.48553964 0.87300915 0.04589514
vn 0.43093112 0.90237731 -0.00368283
vn 0.43093112 0.90237731 -0.00368283
vn 0.43093112 0.90237731 -0.00368283
vn 0.43093112 0.90237731 -0.00368283
vn 0.36119014 0.93215734 -0.02498474
vn 0.36119014 0.93215734 -0.02498474
vn 0.36119014 0.93215734 -0.02498474
vn 0.36119014 0.93215734 -0.02498474
vn 0.30495793 0.95235693 0.00412199
vn 0.30495793 0.95235693 0.00412199
vn 0.30495793 0.95235693 0.00412199
vn 0.30495793 0.95235693 0.00412199
vn 0.26999149 0.96011484 0.07269254
vn 0.26999149 0.96011484 0.07269254
vn 0.26999149 0.96011484 0.07269254
vn 0.26999149 0.96011484 0.07269254
vn 0.25637043 0.95436579 0.15316740
vn 0.25637043 0.95436579 0.15316740
vn 0.25637043 0.95436579 0.15316740
vn 0.25637043 0.95436579 0.15316740
vn 0.28674147 0.93168378 0.22303550
vn 0.28674147 0.93168378 0.22303550
vn 0.28674147 0.93168378 0.22303550
vn 0.28674147 0.93168378 0.22303550
vn 0.33647999 0.89910263 0.27999237
vn 0.33647999 0.89910263 0.27999237
vn 0.33647999 0.89910263 0.27999237
vn 0.33647999 0.89910263 0.27999237
vn 0.39808524 0.86941546 0.29265192
vn 0.39808524 0.86941546 0.29265192
vn 0.39808524 0.86941546 0.29265192
vn 0.39808524 0.86941546 0.29265192
vn 0.46396288 0.84343177 0.27085277
vn 0.46396288 0.84343177 0.27085277
vn 0.46396288 0.84343177 0.27085277
vn 0.46396288 0.84343177 0.27085277
vn 0.50867623 0.83458507 0.21146241
vn 0.50867623 0.83458507 0.21146241
vn 0.50867623 0.83458507 0.21146241
vn 0.50867623 0.83458507 0.21146241
vn 0.50845772 0.85074967 0.13302504
vn 0.50845772 0.85074967 0.13302504
vn 0.50845772 0.85074967 0.13302504
vn 0.50845772 0.85074967 0.13302504
vn 0.73306209 0.63506812 -0.24353328
vn 0.73306209 0.63506812 -0.24353328
vn 0.73306209 0.63506812 -0.24353328
vn 0.73306209 0.63506812 -0.24353328
vn 0.49823910 0.74431658 -0.44469154
vn 0.49823910 0.74431658 -0.44469154
vn 0.49823910 0.74431658 -0.44469154
vn 0.49823910 0.74431658 -0.44469154
vn 0.24237901 0.84575355 -0.47534540
vn 0.24237901 0.84575355 -0.47534540
vn 0.24237901 0.84575355 -0.47534540
vn 0.24237901 0.84575355 -0.47534540
vn 0.02487594 0.93023145 -0.36612928
vn 0.02487594 0.93023145 -0.36612928
vn 0.02487594 0.93023145 -0.36612928
vn 0.02487594 0.93023145 -0.36612928
vn -0.11470012 0.98377371 -0.13796097
vn -0.11470012 0.98377371 -0.13796097
vn -0.11470012 0.98377371 -0.13796097
vn -0.11470012 0.98377371 -0.13796097
vn -0.13819124 0.97721100 0.16112654
vn -0.13819124 0.97721100 0.16112654
vn -0.13819124 0.97721100 0.16112654
vn -0.13819124 0.97721100 0.16112654
vn -0.04596971 0.88830084 0.45695561
vn -0.04596971 0.88830084 0.45695561
vn -0.04596971 0.88830084 0.45695561
vn -0.04596971 0.88830084 0.45695561
vn 0.14455655 0.75170547 0.64346129
vn 0.14455655 0.75170547 0.64346129
vn 0.14455655 0.75170547 0.64346129
vn 0.14455655 0.75170547 0.64346129
vn 0.37487945 0.61935151 0.68983269
vn 0.37487945 0.61935151 0.68983269
vn 0.37487945 0.61935151 0.68983269
vn 0.37487945 0.61935151 0.68983269
vn 0.60077131 0.52904278 0.59932280
vn 0.60077131 0.52904278 0.59932280
vn 0.60077131 0.52904278 0.59932280
vn 0.60077131 0.52904278 0.59932280
vn 0.77381122 0.50381434 0.38391060
vn 0.77381122 0.50381434 0.38391060
vn 0.77381122 0.50381434 0.38391060
vn 0.77381122 0.50381434 0.38391060
vn 0.83543217 0.54514843 0.06975773
vn 0.83543217 0.54514843 0.06975773
vn 0.83543217 0.54514843 0.06975773
vn 0.83543217 0.54514843 0.06975773
vn 0.77930063 0.54016650 -0.31766433
vn 0.77930063 0.54016650 -0.31766433
vn 0.77930063 0.54016650 -0.31766433
vn 0.77930063 0.54016650 -0.31766433
vn 0.49895853 0.66980541 -0.54990995
vn 0.49895853 0.66980541 -0.54990995
vn 0.49895853 0.66980541 -0.54990995
vn 0.49895853 0.66980541 -0.54990995
vn 0.19401337 0.78445023 -0.58906430
vn 0.19401337 0.78445023 -0.58906430
vn 0.19401337 0.78445023 -0.58906430
vn 0.19401337 0.78445023 -0.58906430
vn -0.05455904 0.88592666 -0.46060535
vn -0.05455904 0.88592666 -0.46060535
vn -0.05455904 0.88592666 -0.46060535
vn -0.05455904 0.88592666 -0.46060535
vn -0.21399866 0.95759833 -0.19289924
vn -0.21399866 0.95759833 -0.19289924
vn -0.21399866 0.95759833 -0.19289924
vn -0.21399866 0.95759833 -0.19289924
vn -0.24794216 0.95498675 0.16286512
vn -0.24794216 0.95498675 0.16286512
vn -0.24794216 0.95498675 0.16286512
vn -0.24794216 0.95498675 0.16286512
vn -0.13927209 0.85505348 0.49948663
vn -0.13927209 0.85505348 0.49948663
vn -0.13927209 0.85505348 0.49948663
vn -0.13927209 0.85505348 0.49948663
vn 0.09099445 0.68656474 0.72135198
vn 0.09099445 0.68656474 0.72135198
vn 0.09099445 0.68656474 0.72135198
vn 0.09099445 0.68656474 0.72135198
vn 0.35804379 0.52056003 0.77512705
vn 0.35804379 0.52056003 0.77512705
vn 0.35804379 0.52056003 0.77512705
vn 0.35804379 0.52056003 0.77512705
vn 0.61894387 0.40958843 0.67018336
vn 0.61894387 0.40958843 0.67018336
vn 0.61894387 0.40958843 0.67018336
vn 0.61894387 0.40958843 0.67018336
vn 0.82501334 0.37817457 0.41992503
vn 0.82501334 0.37817457 0.41992503
vn 0.82501334 0.37817457 0.41992503
vn 0.82501334 0.37817457 0.41992503
vn 0.90249407 0.42764604 0.05121918
vn 0.90249407 0.42764604 0.05121918
vn 0.90249407 0.42764604 0.05121918
vn 0.90249407 0.42764604 0.05121918
vn -0.38571531 -0.91207021 -0.13911013
vn -0.38571531 -0.91207021 -0.13911013
vn -0.38571531 -0.91207021 -0.13911013
vn -0.38709736 -0.91126829 -0.14051984
vn -0.38709736 -0.91126829 -0.14051984
vn -0.38709736 -0.91126829 -0.14051984
vn -0.38529214 -0.91209859 -0.14009337
vn -0.38529214 -0.91209859 -0.14009337
vn -0.38529214 -0.91209859 -0.14009337
vn -0.38917616 -0.91070908 -0.13838640
vn -0.38917616 -0.91070908 -0.13838640
vn -0.38917616 -0.91070908 -0.13838640
vn -0.38795453 -0.91093886 -0.14029190
vn -0.38795453 -0.91093886 -0.14029190
vn -0.38795453 -0.91093886 -0.14029190
vn -0.38769889 -0.91064811 -0.14286207
vn -0.38769889 -0.91064811 -0.14286207
vn -0.38769889 -0.91064811 -0.14286207
vn -0.38672927 -0.91151124 -0.13995659
vn -0.38672927 -0.91151124 -0.13995659
vn -0.38672927 -0.91151124 -0.13995659
vn -0.38766363 -0.91096759 -0.14090779
vn -0.38766363 -0.91096759 -0.14090779
vn -0.38766363 -0.91096759 -0.14090779
vn -0.38532212 -0.91204602 -0.14035329
vn -0.38532212 -0.91204602 -0.14035329
vn -0.38532212 -0.91204602 -0.14035329
vn -0.38930553 -0.91062069 -0.13860376
vn -0.38930553 -0.91062069 -0.13860376
vn -0.38930553 -0.91062069 -0.13860376
vn -0.38815066 -0.91083777 -0.14040570
vn -0.38815066 -0.91083777 -0.14040570
vn -0.38815066 -0.91083777 -0.14040570
vn -0.38768974 -0.91030866 -0.14503379
vn -0.38768974 -0.91030866 -0.14503379
vn -0.38768974 -0.91030866 -0.14503379
vn 0.62754434 0.77126950 -0.10644913
vn 0.62754434 0.77126950 -0.10644913
vn 0.62754434 0.77126950 -0.10644913
vn 0.47592300 0.84456271 -0.24537972
vn 0.47592300 0.84456271 -0.24537972
vn 0.47592300 0.84456271 -0.24537972
vn 0.31991521 0.90713626 -0.27341908
vn 0.31991521 0.90713626 -0.27341908
vn 0.31991521 0.90713626 -0.27341908
vn 0.16122583 0.96717489 -0.19641531
vn 0.16122583 0.96717489 -0.19641531
vn 0.16122583 0.96717489 -0.19641531
vn 0.06260511 0.99755579 -0.03103332
vn 0.06260511 0.99755579 -0.03103332
vn 0.06260511 0.99755579 -0.03103332
vn 0.04650452 0.98491788 0.16665585
vn 0.04650452 0.98491788 0.16665585
vn 0.04650452 0.98491788 0.16665585
vn 0.10357225 0.93540877 0.33805791
vn 0.10357225 0.93540877 0.33805791
vn 0.10357225 0.93540877 0.33805791
vn 0.24738567 0.83783042 0.48666245
vn 0.24738567 0.83783042 0.48666245
vn 0.24738567 0.83783042 0.48666245
vn 0.39181745 0.75799608 0.52146047
vn 0.39181745 0.75799608 0.52146047
vn 0.39181745 0.75799608 0.52146047
vn 0.55375588 0.69617045 0.45683813
vn 0.55375588 0.69617045 0.45683813
vn 0.55375588 0.69617045 0.45683813
vn 0.66739982 0.68000966 0.30358583
vn 0.66739982 0.68000966 0.30358583
vn 0.66739982 0.68000966 0.30358583
vn 0.69790649 0.70834279 0.10572096
vn 0.69790649 0.70834279 0.10572096
vn 0.69790649 0.70834279 0.10572096
vn -0.48221460 0.87432998 0.05491959
vn -0.48221460 0.87432998 0.05491959
vn -0.48221460 0.87432998 0.05491959
vn -0.48221460 0.87432998 0.05491959
vn -0.43035397 0.90260869 -0.00964324
vn -0.43035397 0.90260869 -0.00964324
vn -0.43035397 0.90260869 -0.00964324
vn -0.43035397 0.90260869 -0.00964324
vn -0.36502695 0.93081796 -0.01825091
vn -0.36502695 0.93081796 -0.01825091
vn -0.36502695 0.93081796 -0.01825091
vn -0.36502695 0.93081796 -0.01825091
vn -0.30169642 0.95340210 0.00192881
vn -0.30169642 0.95340210 0.00192881
vn -0.30169642 0.95340210 0.00192881
vn -0.30169642 0.95340210 0.00192881
vn -0.26287690 0.96210217 0.07249221
vn -0.26287690 0.96210217 0.07249221
vn -0.26287690 0.96210217 0.07249221
vn -0.26287690 0.96210217 0.07249221
vn -0.26350459 0.95317852 0.14837810
vn -0.26350459 0.95317852 0.14837810
vn -0.26350459 0.95317852 0.14837810
vn -0.26350459 0.95317852 0.14837810
vn -0.28269795 0.93085510 0.23149659
vn -0.28269795 0.93085510 0.23149659
vn -0.28269795 0.93085510 0.23149659
vn -0.28269795 0.93085510 0.23149659
vn -0.33648863 0.90096074 0.27394375
vn -0.33648863 0.90096074 0.27394375
vn -0.33648863 0.90096074 0.27394375
vn -0.33648863 0.90096074 0.27394375
vn -0.39919135 0.86807793 0.29510486
vn -0.39919135 0.86807793 0.29510486
vn -0.39919135 0.86807793 0.29510486
vn -0.39919135 0.86807793 0.29510486
vn -0.45883471 0.84744972 0.26702002
vn -0.45883471 0.84744972 0.26702002
vn -0.45883471 0.84744972 0.26702002
vn -0.45883471 0.84744972 0.26702002
vn -0.50400692 0.83741063 0.21147232
vn -0.50400692 0.83741063 0.21147232
vn -0.50400692 0.83741063 0.21147232
vn -0.50400692 0.83741063 0.21147232
vn -0.51811045 0.84606594 0.12543507
vn -0.51811045 0.84606594 0.12543507
vn -0.51811045 0.84606594 0.12543507
vn -0.51811045 0.84606594 0.12543507
vn -0.73361170 0.63661718 -0.23776560
vn -0.73361170 0.63661718 -0.23776560
vn -0.73361170 0.63661718 -0.23776560
vn -0.73361170 0.63661718 -0.23776560
vn -0.49878216 0.74448669 -0.44379711
vn -0.49878216 0.74448669 -0.44379711
vn -0.49878216 0.74448669 -0.44379711
vn -0.49878216 0.74448669 -0.44379711
vn -0.23890442 0.84535402 -0.47780892
vn -0.23890442 0.84535402 -0.47780892
vn -0.23890442 0.84535402 -0.47780892
vn -0.23890442 0.84535402 -0.47780892
vn -0.02899967 0.93039346 -0.36541364
vn -0.02899967 0.93039346 -0.36541364
vn -0.02899967 0.93039346 -0.36541364
vn -0.02899967 0.93039346 -0.36541364
vn 0.11155491 0.98397231 -0.13911879
vn 0.11155491 0.98397231 -0.13911879
vn 0.11155491 0.98397231 -0.13911879
vn 0.11155491 0.98397231 -0.13911879
vn 0.14053753 0.97639263 0.16403291
vn 0.14053753 0.97639263 0.16403291
vn 0.14053753 0.97639263 0.16403291
vn 0.14053753 0.97639263 0.16403291
vn 0.04362777 0.89362812 0.44668269
vn 0.04362777 0.89362812 0.44668269
vn 0.04362777 0.89362812 0.44668269
vn 0.04362777 0.89362812 0.44668269
vn -0.14535885 0.74813479 0.64742953
vn -0.14535885 0.74813479 0.64742953
vn -0.14535885 0.74813479 0.64742953
vn -0.14535885 0.74813479 0.64742953
vn -0.37796211 0.61360848 0.69327432
vn -0.37796211 0.61360848 0.69327432
vn -0.37796211 0.61360848 0.69327432
vn -0.37796211 0.61360848 0.69327432
vn -0.60415316 0.52461874 0.59981185
vn -0.60415316 0.52461874 0.59981185
vn -0.60415316 0.52461874 0.59981185
vn -0.60415316 0.52461874 0.59981185
vn -0.77532828 0.50220448 0.38295799
vn -0.77532828 0.50220448 0.38295799
vn -0.77532828 0.50220448 0.38295799
vn -0.77532828 0.50220448 0.38295799
vn -0.83418989 0.54668081 0.07257618
vn -0.83418989 0.54668081 0.07257618
vn -0.83418989 0.54668081 0.07257618
vn -0.83418989 0.54668081 0.07257618
vn -0.77605045 0.53894871 -0.32753611
vn -0.77605045 0.53894871 -0.32753611
vn -0.77605045 0.53894871 -0.32753611
vn -0.77605045 0.53894871 -0.32753611
vn -0.49658427 0.66963577 -0.55226082
vn -0.49658427 0.66963577 -0.55226082
vn -0.49658427 0.66963577 -0.55226082
vn -0.49658427 0.66963577 -0.55226082
vn -0.20849389 0.78447044 -0.58406878
vn -0.20849389 0.78447044 -0.58406878
vn -0.20849389 0.78447044 -0.58406878
vn -0.20849389 0.78447044 -0.58406878
vn 0.05219069 0.88588172 -0.46096614
vn 0.05219069 0.88588172 -0.46096614
vn 0.05219069 0.88588172 -0.46096614
vn 0.05219069 0.88588172 -0.46096614
vn 0.22449616 0.95686638 -0.18441288
vn 0.22449616 0.95686638 -0.18441288
vn 0.22449616 0.95686638 -0.18441288
vn 0.22449616 0.95686638 -0.18441288
vn 0.24993773 0.95363957 0.16763867
vn 0.24993773 0.95363957 0.16763867
vn 0.24993773 0.95363957 0.16763867
vn 0.24993773 0.95363957 0.16763867
vn 0.13984126 0.86165875 0.48784074
vn 0.13984126 0.86165875 0.48784074
vn 0.13984126 0.86165875 0.48784074
vn 0.13984126 0.86165875 0.48784074
vn -0.09265822 0.68331444 0.72422081
vn -0.09265822 0.68331444 0.72422081
vn -0.09265822 0.68331444 0.72422081
vn -0.09265822 0.68331444 0.72422081
vn -0.35190952 0.52878273 0.77236551
vn -0.35190952 0.52878273 0.77236551
vn -0.35190952 0.52878273 0.77236551
vn -0.35190952 0.52878273 0.77236551
vn -0.61815488 0.41042316 0.67040092
vn -0.61815488 0.41042316 0.67040092
vn -0.61815488 0.41042316 0.67040092
vn -0.61815488 0.41042316 0.67040092
vn -0.82750887 0.37590128 0.41704577
vn -0.82750887 0.37590128 0.41704577
vn -0.82750887 0.37590128 0.41704577
vn -0.82750887 0.37590128 0.41704577
vn -0.90201551 0.42834830 0.05371996
vn -0.90201551 0.42834830 0.05371996
vn -0.90201551 0.42834830 0.05371996
vn -0.90201551 0.42834830 0.05371996
vn 0.38571531 -0.91207021 -0.13911013
vn 0.38571531 -0.91207021 -0.13911013
vn 0.38571531 -0.91207021 -0.13911013
vn 0.38709736 -0.91126829 -0.14051984
vn 0.38709736 -0.91126829 -0.14051984
vn 0.38709736 -0.91126829 -0.14051984
vn 0.38529214 -0.91209859 -0.14009337
vn 0.38529214 -0.91209859 -0.14009337
vn 0.38529214 -0.91209859 -0.14009337
vn 0.38917616 -0.91070908 -0.13838640
vn 0.38917616 -0.91070908 -0.13838640
vn 0.38917616 -0.91070908 -0.13838640
vn 0.38795453 -0.91093886 -0.14029190
vn 0.38795453 -0.91093886 -0.14029190
vn 0.38795453 -0.91093886 -0.14029190
vn 0.38769889 -0.91064811 -0.14286207
vn 0.38769889 -0.91064811 -0.14286207
vn 0.38769889 -0.91064811 -0.14286207
vn 0.38672927 -0.91151124 -0.13995659
vn 0.38672927 -0.91151124 -0.13995659
vn 0.38672927 -0.91151124 -0.13995659
vn 0.38766363 -0.91096759 -0.14090779
vn 0.38766363 -0.91096759 -0.14090779
vn 0.38766363 -0.91096759 -0.14090779
vn 0.38532212 -0.91204602 -0.14035329
vn 0.38532212 -0.91204602 -0.14035329
vn 0.38532212 -0.91204602 -0.14035329
vn 0.38930553 -0.91062069 -0.13860376
vn 0.38930553 -0.91062069 -0.13860376
vn 0.38930553 -0.91062069 -0.13860376
vn 0.38815066 -0.91083777 -0.14040570
vn 0.38815066 -0.91083777 -0.14040570
vn 0.38815066 -0.91083777 -0.14040570
vn 0.38768974 -0.91030866 -0.14503379
vn 0.38768974 -0.91030866 -0.14503379
vn 0.38768974 -0.91030866 -0.14503379
vn -0.62754434 0.77126950 -0.10644913
vn -0.62754434 0.77126950 -0.10644913
vn -0.62754434 0.77126950 -0.10644913
vn -0.47592300 0.84456271 -0.24537972
vn -0.47592300 0.84456271 -0.24537972
vn -0.47592300 0.84456271 -0.24537972
vn -0.31991521 0.90713626 -0.27341908
vn -0.31991521 0.90713626 -0.27341908
vn -0.31991521 0.90713626 -0.27341908
vn -0.16122583 0.96717489 -0.19641531
vn -0.16122583 0.96717489 -0.19641531
vn -0.16122583 0.96717489 -0.19641531
vn -0.06260511 0.99755579 -0.03103332
vn -0.06260511 0.99755579 -0.03103332
vn -0.06260511 0.99755579 -0.03103332
vn -0.04650452 0.98491788 0.16665585
vn -0.04650452 0.98491788 0.16665585
vn -0.04650452 0.98491788 0.16665585
vn -0.10357225 0.93540877 0.33805791
vn -0.10357225 0.93540877 0.33805791
vn -0.10357225 0.93540877 0.33805791
vn -0.24738567 0.83783042 0.48666245
vn -0.24738567 0.83783042 0.48666245
vn -0.24738567 0.83783042 0.48666245
vn -0.39181745 0.75799608 0.52146047
vn -0.39181745 0.75799608 0.52146047
vn -0.39181745 0.75799608 0.52146047
vn -0.55375588 0.69617045 0.45683813
vn -0.55375588 0.69617045 0.45683813
vn -0.55375588 0.69617045 0.45683813
vn -0.66739982 0.68000966 0.30358583
vn -0.66739982 0.68000966 0.30358583
vn -0.66739982 0.68000966 0.30358583
vn -0.69790649 0.70834279 0.10572096
vn -0.69790649 0.70834279 0.10572096
vn -0.69790649 0.70834279 0.10572096
usemtl spaceship_basic
s off
f 1/1/1 2/2/2 3/3/3
f 1/1/1 3/3/3 4/4/4
f 5/5/5 6/6/6 7/7/7
f 5/5/5 7/7/7 8/8/8
f 2/9/9 9/10/10 10/11/11
f 2/9/9 10/11/11 3/12/12
f 8/13/13 7/14/14 11/15/15
f 8/13/13 11/15/15 12/16/16
f 9/17/17 13/18/18 14/19/19
f 9/17/17 14/19/19 10/20/20
f 12/21/21 11/22/22 15/23/23
f 12/21/21 15/23/23 16/24/24
f 13/25/25 17/26/26 18/27/27
f 13/25/25 18/27/27 14/28/28
f 16/29/29 15/30/30 19/31/31
f 16/29/29 19/31/31 20/32/32
f 17/33/33 21/34/34 22/35/35
f 17/33/33 22/35/35 18/36/36
f 20/37/37 19/38/38 23/39/39
f 20/37/37 23/39/39 24/40/40
f 21/41/41 25/42/42 26/43/43
f 21/41/41 26/43/43 22/44/44
f 24/45/45 23/46/46 27/47/47
f 24/45/45 27/47/47 28/48/48
f 25/49/49 29/50/50 30/51/51
f 25/49/49 30/51/51 26/52/52
f 28/53/53 27/54/54 31/55/55
f 28/53/53 31/55/55 32/56/56
f 29/57/57 33/58/58 34/59/59
f 29/57/57 34/59/59 30/60/60
f 32/61/61 31/62/62 35/63/63
f 32/61/61 35/63/63 36/64/64
f 33/65/65 37/66/66 38/67/67
f 33/65/65 38/67/67 34/68/68
f 36/69/69 35/70/70 39/71/71
f 36/69/69 39/71/71 40/72/72
f 37/73/73 41/74/74 42/75/75
f 37/73/73 42/75/75 38/76/76
f 40/77/77 39/78/78 43/79/79
f 40/77/77 43/79/79 44/80/80
f 41/81/81 45/82/82 46/83/83
f 41/81/81 46/83/83 42/84/84
f 44/85/85 43/86/86 47/87/87
f 44/85/85 47/87/87 48/88/88
f 45/89/89 49/90/90 50/91/91
f 45/89/89 50/91/91 46/92/92
f 48/93/93 47/94/94 51/95/95
f 48/93/93 51/95/95 52/96/96
f 49/97/97 53/98/98 54/99/99
f 49/97/97 54/99/99 50/100/100
f 52/101/101 51/102/102 55/103/103
f 52/101/101 55/103/103 56/104/104
f 53/105/105 57/106/106 58/107/107
f 53/105/105 58/107/107 54/108/108
f 56/109/109 55/110/110 59/111/111
f 56/109/109 59/111/111 60/112/112
f 57/113/113 61/114/114 62/115/115
f 57/113/113 62/115/115 58/116/116
f 60/117/117 59/118/118 63/119/119
f 60/117/117 63/119/119 64/120/120
f 61/121/121 65/122/122 66/123/123
f 61/121/121 66/123/123 62/124/124
f 64/125/125 63/126/126 67/127/127
f 64/125/125 67/127/127 68/128/128
f 65/129/129 69/130/130 70/131/131
f 65/129/129 70/131/131 66/132/132
f 68/133/133 67/134/134 71/135/135
f 68/133/133 71/135/135 72/136/136
f 69/137/137 73/138/138 74/139/139
f 69/137/137 74/139/139 70/140/140
f 72/141/141 71/142/142 75/143/143
f 72/141/141 75/143/143 76/144/144
f 73/145/145 77/146/146 78/147/147
f 73/145/145 78/147/147 74/148/148
f 76/149/149 75/150/150 79/151/151
f 76/149/149 79/151/151 80/152/152
f 77/153/153 81/154/154 82/155/155
f 77/153/153 82/155/155 78/156/156
f 80/157/157 79/158/158 83/159/159
f 80/157/157 83/159/159 84/160/160
f 81/161/161 85/162/162 86/163/163
f 81/161/161 86/163/163 82/164/164
f 84/165/165 83/166/166 87/167/167
f 84/165/165 87/167/167 88/168/168
f 85/169/169 89/170/170 90/171/171
f 85/169/169 90/171/171 86/172/172
f 88/173/173 87/174/174 91/175/175
f 88/173/173 91/175/175 92/176/176
f 89/177/177 93/178/178 94/179/179
f 89/177/177 94/179/179 90/180/180
f 92/181/181 91/182/182 95/183/183
f 92/181/181 95/183/183 96/184/184
f 93/185/185 97/186/186 98/187/187
f 93/185/185 98/187/187 94/188/188
f 96/189/189 95/190/190 99/191/191
f 96/189/189 99/191/191 100/192/192
f 1/193/193 4/194/194 6/195/195
f 1/193/193 6/195/195 5/196/196
f 97/197/197 100/198/198 99/199/199
f 97/197/197 99/199/199 98/200/200
f 4/201/201 3/202/202 101/203/203
f 4/201/201 101/203/203 102/204/204
f 6/205/205 103/206/206 104/207/207
f 6/205/205 104/207/207 7/208/208
f 3/209/209 10/210/210 105/211/211
f 3/209/209 105/211/211 101/212/212
f 7/213/213 104/214/214 106/215/215
f 7/213/213 106/215/215 11/216/216
f 10/217/217 14/218/218 107/219/219
f 10/217/217 107/219/219 105/220/220
f 11/221/221 106/222/222 108/223/223
f 11/221/221 108/223/223 15/224/224
f 14/225/225 18/226/226 109/227/227
f 14/225/225 109/227/227 107/228/228
f 15/229/229 108/230/230 110/231/231
f 15/229/229 110/231/231 19/232/232
f 18/233/233 22/234/234 111/235/235
f 18/233/233 111/235/235 109/236/236
f 19/237/237 110/238/238 112/239/239
f 19/237/237 112/239/239 23/240/240
f 22/241/241 26/242/242 113/243/243
f 22/241/241 113/243/243 111/244/244
f 23/245/245 112/246/246 114/247/247
f 23/245/245 114/247/247 27/248/248
f 26/249/249 30/250/250 115/251/251
f 26/249/249 115/251/251 113/252/252
f 27/253/253 114/254/254 116/255/255
f 27/253/253 116/255/255 31/256/256
f 30/257/257 34/258/258 117/259/259
f 30/257/257 117/259/259 115/260/260
f 31/261/261 116/262/262 118/263/263
f 31/261/261 118/263/263 35/264/264
f 34/265/265 38/266/266 119/267/267
f 34/265/265 119/267/267 117/268/268
f 35/269/269 118/270/270 120/271/271
f 35/269/269 120/271/271 39/272/272
f 38/273/273 42/274/274 121/275/275
f 38/273/273 121/275/275 119/276/276
f 39/277/277 120/278/278 122/279/279
f 39/277/277 122/279/279 43/280/280
f 42/281/281 46/282/282 123/283/283
f 42/281/281 123/283/283 121/284/284
f 43/285/285 122/286/286 124/287/287
f 43/285/285 124/287/287 47/288/288
f 46/289/289 50/290/290 125/291/291
f 46/289/289 125/291/291 123/292/292
f 47/293/293 124/294/294 126/295/295
f 47/293/293 126/295/295 51/296/296
f 50/297/297 54/298/298 127/299/299
f 50/297/297 127/299/299 125/300/300
f 51/301/301 126/302/302 128/303/303
f 51/301/301 128/303/303 55/304/304
f 54/305/305 58/306/306 129/307/307
f 54/305/305 129/307/307 127/308/308
f 55/309/309 128/310/310 130/311/311
f 55/309/309 130/311/311 59/312/312
f 58/313/313 62/314/314 131/315/315
f 58/313/313 131/315/315 129/316/316
f 59/317/317 130/318/318 132/319/319
f 59/317/317 132/319/319 63/320/320
f 62/321/321 66/322/322 133/323/323
f 62/321/321 133/323/323 131/324/324
f 63/325/325 132/326/326 134/327/327
f 63/325/325 134/327/327 67/328/328
f 66/329/329 70/330/330 135/331/331
f 66/329/329 135/331/331 133/332/332
f 67/333/333 134/334/334 136/335/335
f 67/333/333 136/335/335 71/336/336
f 70/337/337 74/338/338 137/339/339
f 70/337/337 137/339/339 135/340/340
f 71/341/341 136/342/342 138/343/343
f 71/341/341 138/343/343 75/344/344
f 74/345/345 78/346/346 139/347/347
f 74/345/345 139/347/347 137/348/348
f 75/349/349 138/350/350 140/351/351
f 75/349/349 140/351/351 79/352/352
f 78/353/353 82/354/354 141/355/355
f 78/353/353 141/355/355 139/356/356
f 79/357/357 140/358/358 142/359/359
f 79/357/357 142/359/359 83/360/360
f 82/361/361 86/362/362 143/363/363
f 82/361/361 143/363/363 141/364/364
f 83/365/365 142/366/366 144/367/367
f 83/365/365 144/367/367 87/368/368
f 86/369/369 90/370/370 145/371/371
f 86/369/369 145/371/371 143/372/372
f 87/373/373 144/374/374 146/375/375
f 87/373/373 146/375/375 91/376/376
f 90/377/377 94/378/378 147/379/379
f 90/377/377 147/379/379 145/380/380
f 91/381/381 146/382/382 148/383/383
f 91/381/381 148/383/383 95/384/384
f 94/385/385 98/386/386 149/387/387
f 94/385/385 149/387/387 147/388/388
f 95/389/389 148/390/390 150/391/391
f 95/389/389 150/391/391 99/392/392
f 4/393/393 102/394/394 103/395/395
f 4/393/393 103/395/395 6/396/396
f 98/397/397 99/398/398 150/399/399
f 98/397/397 150/399/399 149/400/400
f 102/401/401 101/402/402 151/403/403
f 102/401/401 151/403/403 152/404/404
f 103/405/405 153/406/406 154/407/407
f 103/405/405 154/407/407 104/408/408
f 101/409/409 105/410/410 155/411/411
f 101/409/409 155/411/411 151/412/412
f 104/413/413 154/414/414 156/415/415
f 104/413/413 156/415/415 106/416/416
f 105/417/417 107/418/418 157/419/419
f 105/417/417 157/419/419 155/420/420
f 106/421/421 156/422/422 158/423/423
f 106/421/421 158/423/423 108/424/424
f 107/425/425 109/426/426 159/427/427
f 107/425/425 159/427/427 157/428/428
f 108/429/429 158/430/430 160/431/431
f 108/429/429 160/431/431 110/432/432
f 109/433/433 111/434/434 161/435/435
f 109/433/433 161/435/435 159/436/436
f 110/437/437 160/438/438 162/439/439
f 110/437/437 162/439/439 112/440/440
f 111/441/441 113/442/442 163/443/443
f 111/441/441 163/443/443 161/444/444
f 112/445/445 162/446/446 164/447/447
f 112/445/445 164/447/447 114/448/448
f 113/449/449 115/450/450 165/451/451
f 113/449/449 165/451/451 163/452/452
f 114/453/453 164/454/454 166/455/455
f 114/453/453 166/455/455 116/456/456
f 115/457/457 117/458/458 167/459/459
f 115/457/457 167/459/459 165/460/460
f 116/461/461 166/462/462 168/463/463
f 116/461/461 168/463/463 118/464/464
f 117/465/465 119/466/466 169/467/467
f 117/465/465 169/467/467 167/468/468
f 118/469/469 168/470/470 170/471/471
f 118/469/469 170/471/471 120/472/472
f 119/473/473 121/474/474 171/475/475
f 119/473/473 171/475/475 169/476/476
f 120/477/477 170/478/478 172/479/479
f 120/477/477 172/479/479 122/480/480
f 121/481/481 123/482/482 173/483/483
f 121/481/481 173/483/483 171/484/484
f 122/485/485 172/486/486 174/487/487
f 122/485/485 174/487/487 124/488/488
f 123/489/489 125/490/490 175/491/491
f 123/489/489 175/491/491 173/492/492
f 124/493/493 174/494/494 176/495/495
f 124/493/493 176/495/495 126/496/496
f 125/497/497 127/498/498 177/499/499
f 125/497/497 177/499/499 175/500/500
f 126/501/501 176/502/502 178/503/503
f 126/501/501 178/503/503 128/504/504
f 127/505/505 129/506/506 179/507/507
f 127/505/505 179/507/507 177/508/508
f 128/509/509 178/510/510 180/511/511
f 128/509/509 180/511/511 130/512/512
f 129/513/513 131/514/514 181/515/515
f 129/513/513 181/515/515 179/516/516
f 130/517/517 180/518/518 182/519/519
f 130/517/517 182/519/519 132/520/520
f 131/521/521 133/522/522 183/523/523
f 131/521/521 183/523/523 181/524/524
f 132/525/525 182/526/526 184/527/527
f 132/525/525 184/527/527 134/528/528
f 133/529/529 135/530/530 185/531/531
f 133/529/529 185/531/531 183/532/532
f 134/533/533 184/534/534 186/535/535
f 134/533/533 186/535/535 136/536/536
f 135/537/537 137/538/538 187/539/539
f 135/537/537 187/539/539 185/540/540
f 136/541/541 186/542/542 188/543/543
f 136/541/541 188/543/543 138/544/544
f 137/545/545 139/546/546 189/547/547
f 137/545/545 189/547/547 187/548/548
f 138/549/549 188/550/550 190/551/551
f 138/549/549 190/551/551 140/552/552
f 139/553/553 141/554/554 191/555/555
f 139/553/553 191/555/555 189/556/556
f 140/557/557 190/558/558 192/559/559
f 140/557/557 192/559/559 142/560/560
f 141/561/561 143/562/562 193/563/563
f 141/561/561 193/563/563 191/564/564
f 142/565/565 192/566/566 194/567/567
f 142/565/565 194/567/567 144/568/568
f 143/569/569 145/570/570 195/571/571
f 143/569/569 195/571/571 193/572/572
f 144/573/573 194/574/574 196/575/575
f 144/573/573 196/575/575 146/576/576
f 145/577/577 147/578/578 197/579/579
f 145/577/577 197/579/579 195/580/580
f 146/581/581 196/582/582 198/583/583
f 146/581/581 198/583/583 148/584/584
f 147/585/585 149/586/586 199/587/587
f 147/585/585 199/587/587 197/588/588
f 148/589/589 198/590/590 200/591/591
f 148/589/589 200/591/591 150/592/592
f 102/593/593 152/594/594 153/595/595
f 102/593/593 153/595/595 103/596/596
f 149/597/597 150/598/598 200/599/599
f 149/597/597 200/599/599 199/600/600
f 152/601/601 151/602/602 201/603/603
f 152/601/601 201/603/603 202/604/604
f 153/605/605 203/606/606 204/607/607
f 153/605/605 204/607/607 154/608/608
f 151/609/609 155/610/610 205/611/611
f 151/609/609 205/611/611 201/612/612
f 154/613/613 204/614/614 206/615/615
f 154/613/613 206/615/615 156/616/616
f 155/617/617 157/618/618 207/619/619
f 155/617/617 207/619/619 205/620/620
f 156/621/621 206/622/622 208/623/623
f 156/621/621 208/623/623 158/624/624
f 157/625/625 159/626/626 209/627/627
f 157/625/625 209/627/627 207/628/628
f 158/629/629 208/630/630 210/631/631
f 158/629/629 210/631/631 160/632/632
f 159/633/633 161/634/634 211/635/635
f 159/633/633 211/635/635 209/636/636
f 160/637/637 210/638/638 212/639/639
f 160/637/637 212/639/639 162/640/640
f 161/641/641 163/642/642 213/643/643
f 161/641/641 213/643/643 211/644/644
f 162/645/645 212/646/646 214/647/647
f 162/645/645 214/647/647 164/648/648
f 163/649/649 165/650/650 215/651/651
f 163/649/649 215/651/651 213/652/652
f 164/653/653 214/654/654 216/655/655
f 164/653/653 216/655/655 166/656/656
f 165/657/657 167/658/658 217/659/659
f 165/657/657 217/659/659 215/660/660
f 166/661/661 216/662/662 218/663/663
f 166/661/661 218/663/663 168/664/664
f 167/665/665 169/666/666 219/667/667
f 167/665/665 219/667/667 217/668/668
f 168/669/669 218/670/670 220/671/671
f 168/669/669 220/671/671 170/672/672
f 169/673/673 171/674/674 221/675/675
f 169/673/673 221/675/675 219/676/676
f 170/677/677 220/678/678 222/679/679
f 170/677/677 222/679/679 172/680/680
f 171/681/681 173/682/682 223/683/683
f 171/681/681 223/683/683 221/684/684
f 172/685/685 222/686/686 224/687/687
f 172/685/685 224/687/687 174/688/688
f 173/689/689 175/690/690 225/691/691
f 173/689/689 225/691/691 223/692/692
f 174/693/693 224/694/694 226/695/695
f 174/693/693 226/695/695 176/696/696
f 175/697/697 177/698/698 227/699/699
f 175/697/697 227/699/699 225/700/700
f 176/701/701 226/702/702 228/703/703
f 176/701/701 228/703/703 178/704/704
f 177/705/705 179/706/706 229/707/707
f 177/705/705 229/707/707 227/708/708
f 178/709/709 228/710/710 230/711/711
f 178/709/709 230/711/711 180/712/712
f 179/713/713 181/714/714 231/715/715
f 179/713/713 231/715/715 229/716/716
f 180/717/717 230/718/718 232/719/719
f 180/717/717 232/719/719 182/720/720
f 181/721/721 183/722/722 233/723/723
f 181/721/721 233/723/723 231/724/724
f 182/725/725 232/726/726 234/727/727
f 182/725/725 234/727/727 184/728/728
f 183/729/729 185/730/730 235/731/731
f 183/729/729 235/731/731 233/732/732
f 184/733/733 234/734/734 236/735/735
f 184/733/733 236/735/735 186/736/736
f 185/737/737 187/738/738 237/739/739
f 185/737/737 237/739/739 235/740/740
f 186/741/741 236/742/742 238/743/743
f 186/741/741 238/743/743 188/744/744
f 187/745/745 189/746/746 239/747/747
f 187/745/745 239/747/747 237/748/748
f 188/749/749 238/750/750 240/751/751
f 188/749/749 240/751/751 190/752/752
f 189/753/753 191/754/754 241/755/755
f 189/753/753 241/755/755 239/756/756
f 190/757/757 240/758/758 242/759/759
f 190/757/757 242/759/759 192/760/760
f 191/761/761 193/762/762 243/763/763
f 191/761/761 243/763/763 241/764/764
f 192/765/765 242/766/766 244/767/767
f 192/765/765 244/767/767 194/768/768
f 193/769/769 195/770/770 245/771/771
f 193/769/769 245/771/771 243/772/772
f 194/773/773 244/774/774 246/775/775
f 194/773/773 246/775/775 196/776/776
f 195/777/777 197/778/778 247/779/779
f 195/777/777 247/779/779 245/780/780
f 196/781/781 246/782/782 248/783/783
f 196/781/781 248/783/783 198/784/784
f 197/785/785 199/786/786 249/787/787
f 197/785/785 249/787/787 247/788/788
f 198/789/789 248/790/790 250/791/791
f 198/789/789 250/791/791 200/792/792
f 152/793/793 202/794/794 203/795/795
f 152/793/793 203/795/795 153/796/796
f 199/797/797 200/798/798 250/799/799
f 199/797/797 250/799/799 249/800/800
f 202/801/801 201/802/802 251/803/803
f 202/801/801 251/803/803 252/804/804
f 203/805/805 253/806/806 254/807/807
f 203/805/805 254/807/807 204/808/808
f 201/809/809 205/810/810 255/811/811
f 201/809/809 255/811/811 251/812/812
f 204/813/813 254/814/814 256/815/815
f 204/813/813 256/815/815 206/816/816
f 205/817/817 207/818/818 257/819/819
f 205/817/817 257/819/819 255/820/820
f 206/821/821 256/822/822 258/823/823
f 206/821/821 258/823/823 208/824/824
f 207/825/825 209/826/826 259/827/827
f 207/825/825 259/827/827 257/828/828
f 208/829/829 258/830/830 260/831/831
f 208/829/829 260/831/831 210/832/832
f 209/833/833 211/834/834 261/835/835
f 209/833/833 261/835/835 259/836/836
f 210/837/837 260/838/838 262/839/839
f 210/837/837 262/839/839 212/840/840
f 211/841/841 213/842/842 263/843/843
f 211/841/841 263/843/843 261/844/844
f 212/845/845 262/846/846 264/847/847
f 212/845/845 264/847/847 214/848/848
f 213/849/849 215/850/850 265/851/851
f 213/849/849 265/851/851 263/852/852
f 214/853/853 264/854/854 266/855/855
f 214/853/853 266/855/855 216/856/856
f 215/857/857 217/858/858 267/859/859
f 215/857/857 267/859/859 265/860/860
f 216/861/861 266/862/862 268/863/863
f 216/861/861 268/863/863 218/864/864
f 217/865/865 219/866/866 269/867/867
f 217/865/865 269/867/867 267/868/868
f 218/869/869 268/870/870 270/871/871
f 218/869/869 270/871/871 220/872/872
f 219/873/873 221/874/874 271/875/875
f 219/873/873 271/875/875 269/876/876
f 220/877/877 270/878/878 272/879/879
f 220/877/877 272/879/879 222/880/880
f 221/881/881 223/882/882 273/883/883
f 221/881/881 273/883/883 271/884/884
f 222/885/885 272/886/886 274/887/887
f 222/885/885 274/887/887 224/888/888
f 223/889/889 225/890/890 275/891/891
f 223/889/889 275/891/891 273/892/892
f 224/893/893 274/894/894 276/895/895
f 224/893/893 276/895/895 226/896/896
f 225/897/897 227/898/898 277/899/899
f 225/897/897 277/899/899 275/900/900
f 226/901/901 276/902/902 278/903/903
f 226/901/901 278/903/903 228/904/904
f 227/905/905 229/906/906 279/907/907
f 227/905/905 279/907/907 277/908/908
f 228/909/909 278/910/910 280/911/911
f 228/909/909 280/911/911 230/912/912
f 229/913/913 231/914/914 281/915/915
f 229/913/913 281/915/915 279/916/916
f 230/917/917 280/918/918 282/919/919
f 230/917/917 282/919/919 232/920/920
f 231/921/921 233/922/922 283/923/923
f 231/921/921 283/923/923 281/924/924
f 232/925/925 282/926/926 284/927/927
f 232/925/925 284/927/927 234/928/928
f 233/929/929 235/930/930 285/931/931
f 233/929/929 285/931/931 283/932/932
f 234/933/933 284/934/934 286/935/935
f 234/933/933 286/935/935 236/936/936
f 235/937/937 237/938/938 287/939/939
f 235/937/937 287/939/939 285/940/940
f 236/941/941 286/942/942 288/943/943
f 236/941/941 288/943/943 238/944/944
f 237/945/945 239/946/946 289/947/947
f 237/945/945 289/947/947 287/948/948
f 238/949/949 288/950/950 290/951/951
f 238/949/949 290/951/951 240/952/952
f 239/953/953 241/954/954 291/955/955
f 239/953/953 291/955/955 289/956/956
f 240/957/957 290/958/958 292/959/959
f 240/957/957 292/959/959 242/960/960
f 241/961/961 243/962/962 293/963/963
f 241/961/961 293/963/963 291/964/964
f 242/965/965 292/966/966 294/967/967
f 242/965/965 294/967/967 244/968/968
f 243/969/969 245/970/970 295/971/971
f 243/969/969 295/971/971 293/972/972
f 244/973/973 294/974/974 296/975/975
f 244/973/973 296/975/975 246/976/976
f 245/977/977 247/978/978 297/979/979
f 245/977/977 297/979/979 295/980/980
f 246/981/981 296/982/982 298/983/983
f 246/981/981 298/983/983 248/984/984
f 247/985/985 249/986/986 299/987/987
f 247/985/985 299/987/987 297/988/988
f 248/989/989 298/990/990 300/991/991
f 248/989/989 300/991/991 250/992/992
f 202/993/993 252/994/994 253/995/995
f 202/993/993 253/995/995 203/996/996
f 249/997/997 250/998/998 300/999/999
f 249/997/997 300/999/999 299/1000/1000
f 252/1001/1001 251/1002/1002 301/1003/1003
f 252/1001/1001 301/1003/1003 302/1004/1004
f 253/1005/1005 303/1006/1006 304/1007/1007
f 253/1005/1005 304/1007/1007 254/1008/1008
f 251/1009/1009 255/1010/1010 305/1011/1011
f 251/1009/1009 305/1011/1011 301/1012/1012
f 254/1013/1013 304/1014/1014 306/1015/1015
f 254/1013/1013 306/1015/1015 256/1016/1016
f 255/1017/1017 257/1018/1018 307/1019/1019
f 255/1017/1017 307/1019/1019 305/1020/1020
f 256/1021/1021 306/1022/1022 308/1023/1023
f 256/1021/1021 308/1023/1023 258/1024/1024
f 257/1025/1025 259/1026/1026 309/1027/1027
f 257/1025/1025 309/1027/1027 307/1028/1028
f 258/1029/1029 308/1030/1030 310/1031/1031
f 258/1029/1029 310/1031/1031 260/1032/1032
f 259/1033/1033 261/1034/1034 311/1035/1035
f 259/1033/1033 311/1035/1035 309/1036/1036
f 260/1037/1037 310/1038/1038 312/1039/1039
f 260/1037/1037 312/1039/1039 262/1040/1040
f 261/1041/1041 263/1042/1042 313/1043/1043
f 261/1041/1041 313/1043/1043 311/1044/1044
f 262/1045/1045 312/1046/1046 314/1047/1047
f 262/1045/1045 314/1047/1047 264/1048/1048
f 263/1049/1049 265/1050/1050 315/1051/1051
f 263/1049/1049 315/1051/1051 313/1052/1052
f 264/1053/1053 314/1054/1054 316/1055/1055
f 264/1053/1053 316/1055/1055 266/1056/1056
f 265/1057/1057 267/1058/1058 317/1059/1059
f 265/1057/1057 317/1059/1059 315/1060/1060
f 266/1061/1061 316/1062/1062 318/1063/1063
f 266/1061/1061 318/1063/1063 268/1064/1064
f 267/1065/1065 269/1066/1066 319/1067/1067
f 267/1065/1065 319/1067/1067 317/1068/1068
f 268/1069/1069 318/1070/1070 320/1071/1071
f 268/1069/1069 320/1071/1071 270/1072/1072
f 269/1073/1073 271/1074/1074 321/1075/1075
f 269/1073/1073 321/1075/1075 319/1076/1076
f 270/1077/1077 320/1078/1078 322/1079/1079
f 270/1077/1077 322/1079/1079 272/1080/1080
f 271/1081/1081 273/1082/1082 323/1083/1083
f 271/1081/1081 323/1083/1083 321/1084/1084
f 272/1085/1085 322/1086/1086 324/1087/1087
f 272/1085/1085 324/1087/1087 274/1088/1088
f 273/1089/1089 275/1090/1090 325/1091/1091
f 273/1089/1089 325/1091/1091 323/1092/1092
f 274/1093/1093 324/1094/1094 326/1095/1095
f 274/1093/1093 326/1095/1095 276/1096/1096
f 275/1097/1097 277/1098/1098 327/1099/1099
f 275/1097/1097 327/1099/1099 325/1100/1100
f 276/1101/1101 326/1102/1102 328/1103/1103
f 276/1101/1101 328/1103/1103 278/1104/1104
f 277/1105/1105 279/1106/1106 329/1107/1107
f 277/1105/1105 329/1107/1107 327/1108/1108
f 278/1109/1109 328/1110/1110 330/1111/1111
f 278/1109/1109 330/1111/1111 280/1112/1112
f 279/1113/1113 281/1114/1114 331/1115/1115
f 279/1113/1113 331/1115/1115 329/1116/1116
f 280/1117/1117 330/1118/1118 332/1119/1119
f 280/1117/1117 332/1119/1119 282/1120/1120
f 281/1121/1121 283/1122/1122 333/1123/1123
f 281/1121/1121 333/1123/1123 331/1124/1124
f 282/1125/1125 332/1126/1126 334/1127/1127
f 282/1125/1125 334/1127/1127 284/1128/1128
f 283/1129/1129 285/1130/1130 335/1131/1131
f 283/1129/1129 335/1131/1131 333/1132/1132
f 284/1133/1133 334/1134/1134 336/1135/1135
f 284/1133/1133 336/1135/1135 286/1136/1136
f 285/1137/1137 287/1138/1138 337/1139/1139
f 285/1137/1137 337/1139/1139 335/1140/1140
f 286/1141/1141 336/1142/1142 338/1143/1143
f 286/1141/1141 338/1143/1143 288/1144/1144
f 287/1145/1145 289/1146/1146 339/1147/1147
f 287/1145/1145 339/1147/1147 337/1148/1148
f 288/1149/1149 338/1150/1150 340/1151/1151
f 288/1149/1149 340/1151/1151 290/1152/1152
f 289/1153/1153 291/1154/1154 341/1155/1155
f 289/1153/1153 341/1155/1155 339/1156/1156
f 290/1157/1157 340/1158/1158 342/1159/1159
f 290/1157/1157 342/1159/1159 292/1160/1160
f 291/1161/1161 293/1162/1162 343/1163/1163
f 291/1161/1161 343/1163/1163 341/1164/1164
f 292/1165/1165 342/1166/1166 344/1167/1167
f 292/1165/1165 344/1167/1167 294/1168/1168
f 293/1169/1169 295/1170/1170 345/1171/1171
f 293/1169/1169 345/1171/1171 343/1172/1172
f 294/1173/1173 344/1174/1174 346/1175/1175
f 294/1173/1173 346/1175/1175 296/1176/1176
f 295/1177/1177 297/1178/1178 347/1179/1179
f 295/1177/1177 347/1179/1179 345/1180/1180
f 296/1181/1181 346/1182/1182 348/1183/1183
f 296/1181/1181 348/1183/1183 298/1184/1184
f 297/1185/1185 299/1186/1186 349/1187/1187
f 297/1185/1185 349/1187/1187 347/1188/1188
f 298/1189/1189 348/1190/1190 350/1191/1191
f 298/1189/1189 350/1191/1191 300/1192/1192
f 252/1193/1193 302/1194/1194 303/1195/1195
f 252/1193/1193 303/1195/1195 253/1196/1196
f 299/1197/1197 300/1198/1198 350/1199/1199
f 299/1197/1197 350/1199/1199 349/1200/1200
f 302/1201/1201 301/1202/1202 351/1203/1203
f 302/1201/1201 351/1203/1203 352/1204/1204
f 303/1205/1205 353/1206/1206 354/1207/1207
f 303/1205/1205 354/1207/1207 304/1208/1208
f 301/1209/1209 305/1210/1210 355/1211/1211
f 301/1209/1209 355/1211/1211 351/1212/1212
f 304/1213/1213 354/1214/1214 356/1215/1215
f 304/1213/1213 356/1215/1215 306/1216/1216
f 305/1217/1217 307/1218/1218 357/1219/1219
f 305/1217/1217 357/1219/1219 355/1220/1220
f 306/1221/1221 356/1222/1222 358/1223/1223
f 306/1221/1221 358/1223/1223 308/1224/1224
f 307/1225/1225 309/1226/1226 359/1227/1227
f 307/1225/1225 359/1227/1227 357/1228/1228
f 308/1229/1229 358/1230/1230 360/1231/1231
f 308/1229/1229 360/1231/1231 310/1232/1232
f 309/1233/1233 311/1234/1234 361/1235/1235
f 309/1233/1233 361/1235/1235 359/1236/1236
f 310/1237/1237 360/1238/1238 362/1239/1239
f 310/1237/1237 362/1239/1239 312/1240/1240
f 311/1241/1241 313/1242/1242 363/1243/1243
f 311/1241/1241 363/1243/1243 361/1244/1244
f 312/1245/1245 362/1246/1246 364/1247/1247
f 312/1245/1245 364/1247/1247 314/1248/1248
f 313/1249/1249 315/1250/1250 365/1251/1251
f 313/1249/1249 365/1251/1251 363/1252/1252
f 314/1253/1253 364/1254/1254 366/1255/1255
f 314/1253/1253 366/1255/1255 316/1256/1256
f 315/1257/1257 317/1258/1258 367/1259/1259
f 315/1257/1257 367/1259/1259 365/1260/1260
f 316/1261/1261 366/1262/1262 368/1263/1263
f 316/1261/1261 368/1263/1263 318/1264/1264
f 317/1265/1265 319/1266/1266 369/1267/1267
f 317/1265/1265 369/1267/1267 367/1268/1268
f 318/1269/1269 368/1270/1270 370/1271/1271
f 318/1269/1269 370/1271/1271 320/1272/1272
f 319/1273/1273 321/1274/1274 371/1275/1275
f 319/1273/1273 371/1275/1275 369/1276/1276
f 320/1277/1277 370/1278/1278 372/1279/1279
f 320/1277/1277 372/1279/1279 322/1280/1280
f 321/1281/1281 323/1282/1282 373/1283/1283
f 321/1281/1281 373/1283/1283 371/1284/1284
f 322/1285/1285 372/1286/1286 374/1287/1287
f 322/1285/1285 374/1287/1287 324/1288/1288
f 323/1289/1289 325/1290/1290 375/1291/1291
f 323/1289/1289 375/1291/1291 373/1292/1292
f 324/1293/1293 374/1294/1294 376/1295/1295
f 324/1293/1293 376/1295/1295 326/1296/1296
f 325/1297/1297 327/1298/1298 377/1299/1299
f 325/1297/1297 377/1299/1299 375/1300/1300
f 326/1301/1301 376/1302/1302 378/1303/1303
f 326/1301/1301 378/1303/1303 328/1304/1304
f 327/1305/1305 329/1306/1306 379/1307/1307
f 327/1305/1305 379/1307/1307 377/1308/1308
f 328/1309/1309 378/1310/1310 380/1311/1311
f 328/1309/1309 380/1311/1311 330/1312/1312
f 329/1313/1313 331/1314/1314 381/1315/1315
f 329/1313/1313 381/1315/1315 379/1316/1316
f 330/1317/1317 380/1318/1318 382/1319/1319
f 330/1317/1317 382/1319/1319 332/1320/1320
f 331/1321/1321 333/1322/1322 383/1323/1323
f 331/1321/1321 383/1323/1323 381/1324/1324
f 332/1325/1325 382/1326/1326 384/1327/1327
f 332/1325/1325 384/1327/1327 334/1328/1328
f 333/1329/1329 335/1330/1330 385/1331/1331
f 333/1329/1329 385/1331/1331 383/1332/1332
f 334/1333/1333 384/1334/1334 386/1335/1335
f 334/1333/1333 386/1335/1335 336/1336/1336
f 335/1337/1337 337/1338/1338 387/1339/1339
f 335/1337/1337 387/1339/1339 385/1340/1340
f 336/1341/1341 386/1342/1342 388/1343/1343
f 336/1341/1341 388/1343/1343 338/1344/1344
f 337/1345/1345 339/1346/1346 389/1347/1347
f 337/1345/1345 389/1347/1347 387/1348/1348
f 338/1349/1349 388/1350/1350 390/1351/1351
f 338/1349/1349 390/1351/1351 340/1352/1352
f 339/1353/1353 341/1354/1354 391/1355/1355
f 339/1353/1353 391/1355/1355 389/1356/1356
f 340/1357/1357 390/1358/1358 392/1359/1359
f 340/1357/1357 392/1359/1359 342/1360/1360
f 341/1361/1361 343/1362/1362 393/1363/1363
f 341/1361/1361 393/1363/1363 391/1364/1364
f 342/1365/1365 392/1366/1366 394/1367/1367
f 342/1365/1365 394/1367/1367 344/1368/1368
f 343/1369/1369 345/1370/1370 395/1371/1371
f 343/1369/1369 395/1371/1371 393/1372/1372
f 344/1373/1373 394/1374/1374 396/1375/1375
f 344/1373/1373 396/1375/1375 346/1376/1376
f 345/1377/1377 347/1378/1378 397/1379/1379
f 345/1377/1377 397/1379/1379 395/1380/1380
f 346/1381/1381 396/1382/1382 398/1383/1383
f 346/1381/1381 398/1383/1383 348/1384/1384
f 347/1385/1385 349/1386/1386 399/1387/1387
f 347/1385/1385 399/1387/1387 397/1388/1388
f 348/1389/1389 398/1390/1390 400/1391/1391
f 348/1389/1389 400/1391/1391 350/1392/1392
f 302/1393/1393 352/1394/1394 353/1395/1395
f 302/1393/1393 353/1395/1395 303/1396/1396
f 349/1397/1397 350/1398/1398 400/1399/1399
f 349/1397/1397 400/1399/1399 399/1400/1400
f 352/1401/1401 351/1402/1402 401/1403/1403
f 352/1401/1401 401/1403/1403 402/1404/1404
f 353/1405/1405 403/1406/1406 404/1407/1407
f 353/1405/1405 404/1407/1407 354/1408/1408
f 351/1409/1409 355/1410/1410 405/1411/1411
f 351/1409/1409 405/1411/1411 401/1412/1412
f 354/1413/1413 404/1414/1414 406/1415/1415
f 354/1413/1413 406/1415/1415 356/1416/1416
f 355/1417/1417 357/1418/1418 407/1419/1419
f 355/1417/1417 407/1419/1419 405/1420/1420
f 356/1421/1421 406/1422/1422 408/1423/1423
f 356/1421/1421 408/1423/1423 358/1424/1424
f 357/1425/1425 359/1426/1426 409/1427/1427
f 357/1425/1425 409/1427/1427 407/1428/1428
f 358/1429/1429 408/1430/1430 410/1431/1431
f 358/1429/1429 410/1431/1431 360/1432/1432
f 359/1433/1433 361/1434/1434 411/1435/1435
f 359/1433/1433 411/1435/1435 409/1436/1436
f 360/1437/1437 410/1438/1438 412/1439/1439
f 360/1437/1437 412/1439/1439 362/1440/1440
f 361/1441/1441 363/1442/1442 413/1443/1443
f 361/1441/1441 413/1443/1443 411/1444/1444
f 362/1445/1445 412/1446/1446 414/1447/1447
f 362/1445/1445 414/1447/1447 364/1448/1448
f 363/1449/1449 365/1450/1450 415/1451/1451
f 363/1449/1449 415/1451/1451 413/1452/1452
f 364/1453/1453 414/1454/1454 416/1455/1455
f 364/1453/1453 416/1455/1455 366/1456/1456
f 365/1457/1457 367/1458/1458 417/1459/1459
f 365/1457/1457 417/1459/1459 415/1460/1460
f 366/1461/1461 416/1462/1462 418/1463/1463
f 366/1461/1461 418/1463/1463 368/1464/1464
f 367/1465/1465 369/1466/1466 419/1467/1467
f 367/1465/1465 419/1467/1467 417/1468/1468
f 368/1469/1469 418/1470/1470 420/1471/1471
f 368/1469/1469 420/1471/1471 370/1472/1472
f 369/1473/1473 371/1474/1474 421/1475/1475
f 369/1473/1473 421/1475/1475 419/1476/1476
f 370/1477/1477 420/1478/1478 422/1479/1479
f 370/1477/1477 422/1479/1479 372/1480/1480
f 371/1481/1481 373/1482/1482 423/1483/1483
f 371/1481/1481 423/1483/1483 421/1484/1484
f 372/1485/1485 422/1486/1486 424/1487/1487
f 372/1485/1485 424/1487/1487 374/1488/1488
f 373/1489/1489 375/1490/1490 425/1491/1491
f 373/1489/1489 425/1491/1491 423/1492/1492
f 374/1493/1493 424/1494/1494 426/1495/1495
f 374/1493/1493 426/1495/1495 376/1496/1496
f 375/1497/1497 377/1498/1498 427/1499/1499
f 375/1497/1497 427/1499/1499 425/1500/1500
f 376/1501/1501 426/1502/1502 428/1503/1503
f 376/1501/1501 428/1503/1503 378/1504/1504
f 377/1505/1505 379/1506/1506 429/1507/1507
f 377/1505/1505 429/1507/1507 427/1508/1508
f 378/1509/1509 428/1510/1510 430/1511/1511
f 378/1509/1509 430/1511/1511 380/1512/1512
f 379/1513/1513 381/1514/1514 431/1515/1515
f 379/1513/1513 431/1515/1515 429/1516/1516
f 380/1517/1517 430/1518/1518 432/1519/1519
f 380/1517/1517 432/1519/1519 382/1520/1520
f 381/1521/1521 383/1522/1522 433/1523/1523
f 381/1521/1521 433/1523/1523 431/1524/1524
f 382/1525/1525 432/1526/1526 434/1527/1527
f 382/1525/1525 434/1527/1527 384/1528/1528
f 383/1529/1529 385/1530/1530 435/1531/1531
f 383/1529/1529 435/1531/1531 433/1532/1532
f 384/1533/1533 434/1534/1534 436/1535/1535
f 384/1533/1533 436/1535/1535 386/1536/1536
f 385/1537/1537 387/1538/1538 437/1539/1539
f 385/1537/1537 437/1539/1539 435/1540/1540
f 386/1541/1541 436/1542/1542 438/1543/1543
f 386/1541/1541 438/1543/1543 388/1544/1544
f 387/1545/1545 389/1546/1546 439/1547/1547
f 387/1545/1545 439/1547/1547 437/1548/1548
f 388/1549/1549 438/1550/1550 440/1551/1551
f 388/1549/1549 440/1551/1551 390/1552/1552
f 389/1553/1553 391/1554/1554 441/1555/1555
f 389/1553/1553 441/1555/1555 439/1556/1556
f 390/1557/1557 440/1558/1558 442/1559/1559
f 390/1557/1557 442/1559/1559 392/1560/1560
f 391/1561/1561 393/1562/1562 443/1563/1563
f 391/1561/1561 443/1563/1563 441/1564/1564
f 392/1565/1565 442/1566/1566 444/1567/1567
f 392/1565/1565 444/1567/1567 394/1568/1568
f 393/1569/1569 395/1570/1570 445/1571/1571
f 393/1569/1569 445/1571/1571 443/1572/1572
f 394/1573/1573 444/1574/1574 446/1575/1575
f 394/1573/1573 446/1575/1575 396/1576/1576
f 395/1577/1577 397/1578/1578 447/1579/1579
f 395/1577/1577 447/1579/1579 445/1580/1580
f 396/1581/1581 446/1582/1582 448/1583/1583
f 396/1581/1581 448/1583/1583 398/1584/1584
f 397/1585/1585 399/1586/1586 449/1587/1587
f 397/1585/1585 449/1587/1587 447/1588/1588
f 398/1589/1589 448/1590/1590 450/1591/1591
f 398/1589/1589 450/1591/1591 400/1592/1592
f 352/1593/1593 402/1594/1594 403/1595/1595
f 352/1593/1593 403/1595/1595 353/1596/1596
f 399/1597/1597 400/1598/1598 450/1599/1599
f 399/1597/1597 450/1599/1599 449/1600/1600
f 402/1601/1601 401/1602/1602 451/1603/1603
f 402/1601/1601 451/1603/1603 452/1604/1604
f 403/1605/1605 453/1606/1606 454/1607/1607
f 403/1605/1605 454/1607/1607 404/1608/1608
f 401/1609/1609 405/1610/1610 455/1611/1611
f 401/1609/1609 455/1611/1611 451/1612/1612
f 404/1613/1613 454/1614/1614 456/1615/1615
f 404/1613/1613 456/1615/1615 406/1616/1616
f 405/1617/1617 407/1618/1618 457/1619/1619
f 405/1617/1617 457/1619/1619 455/1620/1620
f 406/1621/1621 456/1622/1622 458/1623/1623
f 406/1621/1621 458/1623/1623 408/1624/1624
f 407/1625/1625 409/1626/1626 459/1627/1627
f 407/1625/1625 459/1627/1627 457/1628/1628
f 408/1629/1629 458/1630/1630 460/1631/1631
f 408/1629/1629 460/1631/1631 410/1632/1632
f 409/1633/1633 411/1634/1634 461/1635/1635
f 409/1633/1633 461/1635/1635 459/1636/1636
f 410/1637/1637 460/1638/1638 462/1639/1639
f 410/1637/1637 462/1639/1639 412/1640/1640
f 411/1641/1641 413/1642/1642 463/1643/1643
f 411/1641/1641 463/1643/1643 461/1644/1644
f 412/1645/1645 462/1646/1646 464/1647/1647
f 412/1645/1645 464/1647/1647 414/1648/1648
f 413/1649/1649 415/1650/1650 465/1651/1651
f 413/1649/1649 465/1651/1651 463/1652/1652
f 414/1653/1653 464/1654/1654 466/1655/1655
f 414/1653/1653 466/1655/1655 416/1656/1656
f 415/1657/1657 417/1658/1658 467/1659/1659
f 415/1657/1657 467/1659/1659 465/1660/1660
f 416/1661/1661 466/1662/1662 468/1663/1663
f 416/1661/1661 468/1663/1663 418/1664/1664
f 417/1665/1665 419/1666/1666 469/1667/1667
f 417/1665/1665 469/1667/1667 467/1668/1668
f 418/1669/1669 468/1670/1670 470/1671/1671
f 418/1669/1669 470/1671/1671 420/1672/1672
f 419/1673/1673 421/1674/1674 471/1675/1675
f 419/1673/1673 471/1675/1675 469/1676/1676
f 420/1677/1677 470/1678/1678 472/1679/1679
f 420/1677/1677 472/1679/1679 422/1680/1680
f 421/1681/1681 423/1682/1682 473/1683/1683
f 421/1681/1681 473/1683/1683 471/1684/1684
f 422/1685/1685 472/1686/1686 474/1687/1687
f 422/1685/1685 474/1687/1687 424/1688/1688
f 423/1689/1689 425/1690/1690 475/1691/1691
f 423/1689/1689 475/1691/1691 473/1692/1692
f 424/1693/1693 474/1694/1694 476/1695/1695
f 424/1693/1693 476/1695/1695 426/1696/1696
f 425/1697/1697 427/1698/1698 477/1699/1699
f 425/1697/1697 477/1699/1699 475/1700/1700
f 426/1701/1701 476/1702/1702 478/1703/1703
f 426/1701/1701 478/1703/1703 428/1704/1704
f 427/1705/1705 429/1706/1706 479/1707/1707
f 427/1705/1705 479/1707/1707 477/1708/1708
f 428/1709/1709 478/1710/1710 480/1711/1711
f 428/1709/1709 480/1711/1711 430/1712/1712
f 429/1713/1713 431/1714/1714 481/1715/1715
f 429/1713/1713 481/1715/1715 479/1716/1716
f 430/1717/1717 480/1718/1718 482/1719/1719
f 430/1717/1717 482/1719/1719 432/1720/1720
f 431/1721/1721 433/1722/1722 483/1723/1723
f 431/1721/1721 483/1723/1723 481/1724/1724
f 432/1725/1725 482/1726/1726 484/1727/1727
f 432/1725/1725 484/1727/1727 434/1728/1728
f 433/1729/1729 435/1730/1730 485/1731/1731
f 433/1729/1729 485/1731/1731 483/1732/1732
f 434/1733/1733 484/1734/1734 486/1735/1735
f 434/1733/1733 486/1735/1735 436/1736/1736
f 435/1737/1737 437/1738/1738 487/1739/1739
f 435/1737/1737 487/1739/1739 485/1740/1740
f 436/1741/1741 486/1742/1742 488/1743/1743
f 436/1741/1741 488/1743/1743 438/1744/1744
f 437/1745/1745 439/1746/1746 489/1747/1747
f 437/1745/1745 489/1747/1747 487/1748/1748
f 438/1749/1749 488/1750/1750 490/1751/1751
f 438/1749/1749 490/1751/1751 440/1752/1752
f 439/1753/1753 441/1754/1754 491/1755/1755
f 439/1753/1753 491/1755/1755 489/1756/1756
f 440/1757/1757 490/1758/1758 492/1759/1759
f 440/1757/1757 492/1759/1759 442/1760/1760
f 441/1761/1761 443/1762/1762 493/1763/1763
f 441/1761/1761 493/1763/1763 491/1764/1764
f 442/1765/1765 492/1766/1766 494/1767/1767
f 442/1765/1765 494/1767/1767 444/1768/1768
f 443/1769/1769 445/1770/1770 495/1771/1771
f 443/1769/1769 495/1771/1771 493/1772/1772
f 444/1773/1773 494/1774/1774 496/1775/1775
f 444/1773/1773 496/1775/1775 446/1776/1776
f 445/1777/1777 447/1778/1778 497/1779/1779
f 445/1777/1777 497/1779/1779 495/1780/1780
f 446/1781/1781 496/1782/1782 498/1783/1783
f 446/1781/1781 498/1783/1783 448/1784/1784
f 447/1785/1785 449/1786/1786 499/1787/1787
f 447/1785/1785 499/1787/1787 497/1788/1788
f 448/1789/1789 498/1790/1790 500/1791/1791
f 448/1789/1789 500/1791/1791 450/1792/1792
f 402/1793/1793 452/1794/1794 453/1795/1795
f 402/1793/1793 453/1795/1795 403/1796/1796
f 449/1797/1797 450/1798/1798 500/1799/1799
f 449/1797/1797 500/1799/1799 499/1800/1800
f 452/1801/1801 451/1802/1802 501/1803/1803
f 452/1801/1801 501/1803/1803 502/1804/1804
f 453/1805/1805 503/1806/1806 504/1807/1807
f 453/1805/1805 504/1807/1807 454/1808/1808
f 451/1809/1809 455/1810/1810 505/1811/1811
f 451/1809/1809 505/1811/1811 501/1812/1812
f 454/1813/1813 504/1814/1814 506/1815/1815
f 454/1813/1813 506/1815/1815 456/1816/1816
f 455/1817/1817 457/1818/1818 507/1819/1819
f 455/1817/1817 507/1819/1819 505/1820/1820
f 456/1821/1821 506/1822/1822 508/1823/1823
f 456/1821/1821 508/1823/1823 458/1824/1824
f 457/1825/1825 459/1826/1826 509/1827/1827
f 457/1825/1825 509/1827/1827 507/1828/1828
f 458/1829/1829 508/1830/1830 510/1831/1831
f 458/1829/1829 510/1831/1831 460/1832/1832
f 459/1833/1833 461/1834/1834 511/1835/1835
f 459/1833/1833 511/1835/1835 509/1836/1836
f 460/1837/1837 510/1838/1838 512/1839/1839
f 460/1837/1837 512/1839/1839 462/1840/1840
f 461/1841/1841 463/1842/1842 513/1843/1843
f 461/1841/1841 513/1843/1843 511/1844/1844
f 462/1845/1845 512/1846/1846 514/1847/1847
f 462/1845/1845 514/1847/1847 464/1848/1848
f 463/1849/1849 465/1850/1850 515/1851/1851
f 463/1849/1849 515/1851/1851 513/1852/1852
f 464/1853/1853 514/1854/1854 516/1855/1855
f 464/1853/1853 516/1855/1855 466/1856/1856
f 465/1857/1857 467/1858/1858 517/1859/1859
f 465/1857/1857 517/1859/1859 515/1860/1860
f 466/1861/1861 516/1862/1862 518/1863/1863
f 466/1861/1861 518/1863/1863 468/1864/1864
f 467/1865/1865 469/1866/1866 519/1867/1867
f 467/1865/1865 519/1867/1867 517/1868/1868
f 468/1869/1869 518/1870/1870 520/1871/1871
f 468/1869/1869 520/1871/1871 470/1872/1872
f 469/1873/1873 471/1874/1874 521/1875/1875
f 469/1873/1873 521/1875/1875 519/1876/1876
f 470/1877/1877 520/1878/1878 522/1879/1879
f 470/1877/1877 522/1879/1879 472/1880/1880
f 471/1881/1881 473/1882/1882 523/1883/1883
f 471/1881/1881 523/1883/1883 521/1884/1884
f 472/1885/1885 522/1886/1886 524/1887/1887
f 472/1885/1885 524/1887/1887 474/1888/1888
f 473/1889/1889 475/1890/1890 525/1891/1891
f 473/1889/1889 525/1891/1891 523/1892/1892
f 474/1893/1893 524/1894/1894 526/1895/1895
f 474/1893/1893 526/1895/1895 476/1896/1896
f 475/1897/1897 477/1898/1898 527/1899/1899
f 475/1897/1897 527/1899/1899 525/1900/1900
f 476/1901/1901 526/1902/1902 528/1903/1903
f 476/1901/1901 528/1903/1903 478/1904/1904
f 477/1905/1905 479/1906/1906 529/1907/1907
f 477/1905/1905 529/1907/1907 527/1908/1908
f 478/1909/1909 528/1910/1910 530/1911/1911
f 478/1909/1909 530/1911/1911 480/1912/1912
f 479/1913/1913 481/1914/1914 531/1915/1915
f 479/1913/1913 531/1915/1915 529/1916/1916
f 480/1917/1917 530/1918/1918 532/1919/1919
f 480/1917/1917 532/1919/1919 482/1920/1920
f 481/1921/1921 483/1922/1922 533/1923/1923
f 481/1921/1921 533/1923/1923 531/1924/1924
f 482/1925/1925 532/1926/1926 534/1927/1927
f 482/1925/1925 534/1927/1927 484/1928/1928
f 483/1929/1929 485/1930/1930 535/1931/1931
f 483/1929/1929 535/1931/1931 533/1932/1932
f 484/1933/1933 534/1934/1934 536/1935/1935
f 484/1933/1933 536/1935/1935 486/1936/1936
f 485/1937/1937 487/1938/1938 537/1939/1939
f 485/1937/1937 537/1939/1939 535/1940/1940
f 486/1941/1941 536/1942/1942 538/1943/1943
f 486/1941/1941 538/1943/1943 488/1944/1944
f 487/1945/1945 489/1946/1946 539/1947/1947
f 487/1945/1945 539/1947/1947 537/1948/1948
f 488/1949/1949 538/1950/1950 540/1951/1951
f 488/1949/1949 540/1951/1951 490/1952/1952
f 489/1953/1953 491/1954/1954 541/1955/1955
f 489/1953/1953 541/1955/1955 539/1956/1956
f 490/1957/1957 540/1958/1958 542/1959/1959
f 490/1957/1957 542/1959/1959 492/1960/1960
f 491/1961/1961 493/1962/1962 543/1963/1963
f 491/1961/1961 543/1963/1963 541/1964/1964
f 492/1965/1965 542/1966/1966 544/1967/1967
f 492/1965/1965 544/1967/1967 494/1968/1968
f 493/1969/1969 495/1970/1970 545/1971/1971
f 493/1969/1969 545/1971/1971 543/1972/1972
f 494/1973/1973 544/1974/1974 546/1975/1975
f 494/1973/1973 546/1975/1975 496/1976/1976
f 495/1977/1977 497/1978/1978 547/1979/1979
f 495/1977/1977 547/1979/1979 545/1980/1980
f 496/1981/1981 546/1982/1982 548/1983/1983
f 496/1981/1981 548/1983/1983 498/1984/1984
f 497/1985/1985 499/1986/1986 549/1987/1987
f 497/1985/1985 549/1987/1987 547/1988/1988
f 498/1989/1989 548/1990/1990 550/1991/1991
f 498/1989/1989 550/1991/1991 500/1992/1992
f 452/1993/1993 502/1994/1994 503/1995/1995
f 452/1993/1993 503/1995/1995 453/1996/1996
f 499/1997/1997 500/1998/1998 550/1999/1999
f 499/1997/1997 550/1999/1999 549/2000/2000
f 502/2001/2001 501/2002/2002 551/2003/2003
f 502/2001/2001 551/2003/2003 552/2004/2004
f 503/2005/2005 553/2006/2006 554/2007/2007
f 503/2005/2005 554/2007/2007 504/2008/2008
f 501/2009/2009 505/2010/2010 555/2011/2011
f 501/2009/2009 555/2011/2011 551/2012/2012
f 504/2013/2013 554/2014/2014 556/2015/2015
f 504/2013/2013 556/2015/2015 506/2016/2016
f 505/2017/2017 507/2018/2018 557/2019/2019
f 505/2017/2017 557/2019/2019 555/2020/2020
f 506/2021/2021 556/2022/2022 558/2023/2023
f 506/2021/2021 558/2023/2023 508/2024/2024
f 507/2025/2025 509/2026/2026 559/2027/2027
f 507/2025/2025 559/2027/2027 557/2028/2028
f 508/2029/2029 558/2030/2030 560/2031/2031
f 508/2029/2029 560/2031/2031 510/2032/2032
f 509/2033/2033 511/2034/2034 561/2035/2035
f 509/2033/2033 561/2035/2035 559/2036/2036
f 510/2037/2037 560/2038/2038 562/2039/2039
f 510/2037/2037 562/2039/2039 512/2040/2040
f 511/2041/2041 513/2042/2042 563/2043/2043
f 511/2041/2041 563/2043/2043 561/2044/2044
f 512/2045/2045 562/2046/2046 564/2047/2047
f 512/2045/2045 564/2047/2047 514/2048/2048
f 513/2049/2049 515/2050/2050 565/2051/2051
f 513/2049/2049 565/2051/2051 563/2052/2052
f 514/2053/2053 564/2054/2054 566/2055/2055
f 514/2053/2053 566/2055/2055 516/2056/2056
f 515/2057/2057 517/2058/2058 567/2059/2059
f 515/2057/2057 567/2059/2059 565/2060/2060
f 516/2061/2061 566/2062/2062 568/2063/2063
f 516/2061/2061 568/2063/2063 518/2064/2064
f 517/2065/2065 519/2066/2066 569/2067/2067
f 517/2065/2065 569/2067/2067 567/2068/2068
f 518/2069/2069 568/2070/2070 570/2071/2071
f 518/2069/2069 570/2071/2071 520/2072/2072
f 519/2073/2073 521/2074/2074 571/2075/2075
f 519/2073/2073 571/2075/2075 569/2076/2076
f 520/2077/2077 570/2078/2078 572/2079/2079
f 520/2077/2077 572/2079/2079 522/2080/2080
f 521/2081/2081 523/2082/2082 573/2083/2083
f 521/2081/2081 573/2083/2083 571/2084/2084
f 522/2085/2085 572/2086/2086 574/2087/2087
f 522/2085/2085 574/2087/2087 524/2088/2088
f 523/2089/2089 525/2090/2090 575/2091/2091
f 523/2089/2089 575/2091/2091 573/2092/2092
f 524/2093/2093 574/2094/2094 576/2095/2095
f 524/2093/2093 576/2095/2095 526/2096/2096
f 525/2097/2097 527/2098/2098 577/2099/2099
f 525/2097/2097 577/2099/2099 575/2100/2100
f 526/2101/2101 576/2102/2102 578/2103/2103
f 526/2101/2101 578/2103/2103 528/2104/2104
f 527/2105/2105 529/2106/2106 579/2107/2107
f 527/2105/2105 579/2107/2107 577/2108/2108
f 528/2109/2109 578/2110/2110 580/2111/2111
f 528/2109/2109 580/2111/2111 530/2112/2112
f 529/2113/2113 531/2114/2114 581/2115/2115
f 529/2113/2113 581/2115/2115 579/2116/2116
f 530/2117/2117 580/2118/2118 582/2119/2119
f 530/2117/2117 582/2119/2119 532/2120/2120
f 531/2121/2121 533/2122/2122 583/2123/2123
f 531/2121/2121 583/2123/2123 581/2124/2124
f 532/2125/2125 582/2126/2126 584/2127/2127
f 532/2125/2125 584/2127/2127 534/2128/2128
f 533/2129/2129 535/2130/2130 585/2131/2131
f 533/2129/2129 585/2131/2131 583/2132/2132
f 534/2133/2133 584/2134/2134 586/2135/2135
f 534/2133/2133 586/2135/2135 536/2136/2136
f 535/2137/2137 537/2138/2138 587/2139/2139
f 535/2137/2137 587/2139/2139 585/2140/2140
f 536/2141/2141 586/2142/2142 588/2143/2143
f 536/2141/2141 588/2143/2143 538/2144/2144
f 537/2145/2145 539/2146/2146 589/2147/2147
f 537/2145/2145 589/2147/2147 587/2148/2148
f 538/2149/2149 588/2150/2150 590/2151/2151
f 538/2149/2149 590/2151/2151 540/2152/2152
f 539/2153/2153 541/2154/2154 591/2155/2155
f 539/2153/2153 591/2155/2155 589/2156/2156
f 540/2157/2157 590/2158/2158 592/2159/2159
f 540/2157/2157 592/2159/2159 542/2160/2160
f 541/2161/2161 543/2162/2162 593/2163/2163
f 541/2161/2161 593/2163/2163 591/2164/2164
f 542/2165/2165 592/2166/2166 594/2167/2167
f 542/2165/2165 594/2167/2167 544/2168/2168
f 543/2169/2169 545/2170/2170 595/2171/2171
f 543/2169/2169 595/2171/2171 593/2172/2172
f 544/2173/2173 594/2174/2174 596/2175/2175
f 544/2173/2173 596/2175/2175 546/2176/2176
f 545/2177/2177 547/2178/2178 597/2179/2179
f 545/2177/2177 597/2179/2179 595/2180/2180
f 546/2181/2181 596/2182/2182 598/2183/2183
f 546/2181/2181 598/2183/2183 548/2184/2184
f 547/2185/2185 549/2186/2186 599/2187/2187
f 547/2185/2185 599/2187/2187 597/2188/2188
f 548/2189/2189 598/2190/2190 600/2191/2191
f 548/2189/2189 600/2191/2191 550/2192/2192
f 502/2193/2193 552/2194/2194 553/2195/2195
f 502/2193/2193 553/2195/2195 503/2196/2196
f 549/2197/2197 550/2198/2198 600/2199/2199
f 549/2197/2197 600/2199/2199 599/2200/2200
f 552/2201/2201 551/2202/2202 601/2203/2203
f 552/2201/2201 601/2203/2203 602/2204/2204
f 553/2205/2205 603/2206/2206 604/2207/2207
f 553/2205/2205 604/2207/2207 554/2208/2208
f 551/2209/2209 555/2210/2210 605/2211/2211
f 551/2209/2209 605/2211/2211 601/2212/2212
f 554/2213/2213 604/2214/2214 606/2215/2215
f 554/2213/2213 606/2215/2215 556/2216/2216
f 555/2217/2217 557/2218/2218 607/2219/2219
f 555/2217/2217 607/2219/2219 605/2220/2220
f 556/2221/2221 606/2222/2222 608/2223/2223
f 556/2221/2221 608/2223/2223 558/2224/2224
f 557/2225/2225 559/2226/2226 609/2227/2227
f 557/2225/2225 609/2227/2227 607/2228/2228
f 558/2229/2229 608/2230/2230 610/2231/2231
f 558/2229/2229 610/2231/2231 560/2232/2232
f 559/2233/2233 561/2234/2234 611/2235/2235
f 559/2233/2233 611/2235/2235 609/2236/2236
f 560/2237/2237 610/2238/2238 612/2239/2239
f 560/2237/2237 612/2239/2239 562/2240/2240
f 561/2241/2241 563/2242/2242 613/2243/2243
f 561/2241/2241 613/2243/2243 611/2244/2244
f 562/2245/2245 612/2246/2246 614/2247/2247
f 562/2245/2245 614/2247/2247 564/2248/2248
f 563/2249/2249 565/2250/2250 615/2251/2251
f 563/2249/2249 615/2251/2251 613/2252/2252
f 564/2253/2253 614/2254/2254 616/2255/2255
f 564/2253/2253 616/2255/2255 566/2256/2256
f 565/2257/2257 567/2258/2258 617/2259/2259
f 565/2257/2257 617/2259/2259 615/2260/2260
f 566/2261/2261 616/2262/2262 618/2263/2263
f 566/2261/2261 618/2263/2263 568/2264/2264
f 567/2265/2265 569/2266/2266 619/2267/2267
f 567/2265/2265 619/2267/2267 617/2268/2268
f 568/2269/2269 618/2270/2270 620/2271/2271
f 568/2269/2269 620/2271/2271 570/2272/2272
f 569/2273/2273 571/2274/2274 621/2275/2275
f 569/2273/2273 621/2275/2275 619/2276/2276
f 570/2277/2277 620/2278/2278 622/2279/2279
f 570/2277/2277 622/2279/2279 572/2280/2280
f 571/2281/2281 573/2282/2282 623/2283/2283
f 571/2281/2281 623/2283/2283 621/2284/2284
f 572/2285/2285 622/2286/2286 624/2287/2287
f 572/2285/2285 624/2287/2287 574/2288/2288
f 573/2289/2289 575/2290/2290 625/2291/2291
f 573/2289/2289 625/2291/2291 623/2292/2292
f 574/2293/2293 624/2294/2294 626/2295/2295
f 574/2293/2293 626/2295/2295 576/2296/2296
f 575/2297/2297 577/2298/2298 627/2299/2299
f 575/2297/2297 627/2299/2299 625/2300/2300
f 576/2301/2301 626/2302/2302 628/2303/2303
f 576/2301/2301 628/2303/2303 578/2304/2304
f 577/2305/2305 579/2306/2306 629/2307/2307
f 577/2305/2305 629/2307/2307 627/2308/2308
f 578/2309/2309 628/2310/2310 630/2311/2311
f 578/2309/2309 630/2311/2311 580/2312/2312
f 579/2313/2313 581/2314/2314 631/2315/2315
f 579/2313/2313 631/2315/2315 629/2316/2316
f 580/2317/2317 630/2318/2318 632/2319/2319
f 580/2317/2317 632/2319/2319 582/2320/2320
f 581/2321/2321 583/2322/2322 633/2323/2323
f 581/2321/2321 633/2323/2323 631/2324/2324
f 582/2325/2325 632/2326/2326 634/2327/2327
f 582/2325/2325 634/2327/2327 584/2328/2328
f 583/2329/2329 585/2330/2330 635/2331/2331
f 583/2329/2329 635/2331/2331 633/2332/2332
f 584/2333/2333 634/2334/2334 636/2335/2335
f 584/2333/2333 636/2335/2335 586/2336/2336
f 585/2337/2337 587/2338/2338 637/2339/2339
f 585/2337/2337 637/2339/2339 635/2340/2340
f 586/2341/2341 636/2342/2342 638/2343/2343
f 586/2341/2341 638/2343/2343 588/2344/2344
f 587/2345/2345 589/2346/2346 639/2347/2347
f 587/2345/2345 639/2347/2347 637/2348/2348
f 588/2349/2349 638/2350/2350 640/2351/2351
f 588/2349/2349 640/2351/2351 590/2352/2352
f 589/2353/2353 591/2354/2354 641/2355/2355
f 589/2353/2353 641/2355/2355 639/2356/2356
f 590/2357/2357 640/2358/2358 642/2359/2359
f 590/2357/2357 642/2359/2359 592/2360/2360
f 591/2361/2361 593/2362/2362 643/2363/2363
f 591/2361/2361 643/2363/2363 641/2364/2364
f 592/2365/2365 642/2366/2366 644/2367/2367
f 592/2365/2365 644/2367/2367 594/2368/2368
f 593/2369/2369 595/2370/2370 645/2371/2371
f 593/2369/2369 645/2371/2371 643/2372/2372
f 594/2373/2373 644/2374/2374 646/2375/2375
f 594/2373/2373 646/2375/2375 596/2376/2376
f 595/2377/2377 597/2378/2378 647/2379/2379
f 595/2377/2377 647/2379/2379 645/2380/2380
f 596/2381/2381 646/2382/2382 648/2383/2383
f 596/2381/2381 648/2383/2383 598/2384/2384
f 597/2385/2385 599/2386/2386 649/2387/2387
f 597/2385/2385 649/2387/2387 647/2388/2388
f 598/2389/2389 648/2390/2390 650/2391/2391
f 598/2389/2389 650/2391/2391 600/2392/2392
f 552/2393/2393 602/2394/2394 603/2395/2395
f 552/2393/2393 603/2395/2395 553/2396/2396
f 599/2397/2397 600/2398/2398 650/2399/2399
f 599/2397/2397 650/2399/2399 649/2400/2400
f 602/2401/2401 601/2402/2402 651/2403/2403
f 602/2401/2401 651/2403/2403 652/2404/2404
f 603/2405/2405 653/2406/2406 654/2407/2407
f 603/2405/2405 654/2407/2407 604/2408/2408
f 601/2409/2409 605/2410/2410 655/2411/2411
f 601/2409/2409 655/2411/2411 651/2412/2412
f 604/2413/2413 654/2414/2414 656/2415/2415
f 604/2413/2413 656/2415/2415 606/2416/2416
f 605/2417/2417 607/2418/2418 657/2419/2419
f 605/2417/2417 657/2419/2419 655/2420/2420
f 606/2421/2421 656/2422/2422 658/2423/2423
f 606/2421/2421 658/2423/2423 608/2424/2424
f 607/2425/2425 609/2426/2426 659/2427/2427
f 607/2425/2425 659/2427/2427 657/2428/2428
f 608/2429/2429 658/2430/2430 660/2431/2431
f 608/2429/2429 660/2431/2431 610/2432/2432
f 609/2433/2433 611/2434/2434 661/2435/2435
f 609/2433/2433 661/2435/2435 659/2436/2436
f 610/2437/2437 660/2438/2438 662/2439/2439
f 610/2437/2437 662/2439/2439 612/2440/2440
f 611/2441/2441 613/2442/2442 663/2443/2443
f 611/2441/2441 663/2443/2443 661/2444/2444
f 612/2445/2445 662/2446/2446 664/2447/2447
f 612/2445/2445 664/2447/2447 614/2448/2448
f 613/2449/2449 615/2450/2450 665/2451/2451
f 613/2449/2449 665/2451/2451 663/2452/2452
f 614/2453/2453 664/2454/2454 666/2455/2455
f 614/2453/2453 666/2455/2455 616/2456/2456
f 615/2457/2457 617/2458/2458 667/2459/2459
f 615/2457/2457 667/2459/2459 665/2460/2460
f 616/2461/2461 666/2462/2462 668/2463/2463
f 616/2461/2461 668/2463/2463 618/2464/2464
f 617/2465/2465 619/2466/2466 669/2467/2467
f 617/2465/2465 669/2467/2467 667/2468/2468
f 618/2469/2469 668/2470/2470 670/2471/2471
f 618/2469/2469 670/2471/2471 620/2472/2472
f 619/2473/2473 621/2474/2474 671/2475/2475
f 619/2473/2473 671/2475/2475 669/2476/2476
f 620/2477/2477 670/2478/2478 672/2479/2479
f 620/2477/2477 672/2479/2479 622/2480/2480
f 621/2481/2481 623/2482/2482 673/2483/2483
f 621/2481/2481 673/2483/2483 671/2484/2484
f 622/2485/2485 672/2486/2486 674/2487/2487
f 622/2485/2485 674/2487/2487 624/2488/2488
f 623/2489/2489 625/2490/2490 675/2491/2491
f 623/2489/2489 675/2491/2491 673/2492/2492
f 624/2493/2493 674/2494/2494 676/2495/2495
f 624/2493/2493 676/2495/2495 626/2496/2496
f 625/2497/2497 627/2498/2498 677/2499/2499
f 625/2497/2497 677/2499/2499 675/2500/2500
f 626/2501/2501 676/2502/2502 678/2503/2503
f 626/2501/2501 678/2503/2503 628/2504/2504
f 627/2505/2505 629/2506/2506 679/2507/2507
f 627/2505/2505 679/2507/2507 677/2508/2508
f 628/2509/2509 678/2510/2510 680/2511/2511
f 628/2509/2509 680/2511/2511 630/2512/2512
f 629/2513/2513 631/2514/2514 681/2515/2515
f 629/2513/2513 681/2515/2515 679/2516/2516
f 630/2517/2517 680/2518/2518 682/2519/2519
f 630/2517/2517 682/2519/2519 632/2520/2520
f 631/2521/2521 633/2522/2522 683/2523/2523
f 631/2521/2521 683/2523/2523 681/2524/2524
f 632/2525/2525 682/2526/2526 684/2527/2527
f 632/2525/2525 684/2527/2527 634/2528/2528
f 633/2529/2529 635/2530/2530 685/2531/2531
f 633/2529/2529 685/2531/2531 683/2532/2532
f 634/2533/2533 684/2534/2534 686/2535/2535
f 634/2533/2533 686/2535/2535 636/2536/2536
f 635/2537/2537 637/2538/2538 687/2539/2539
f 635/2537/2537 687/2539/2539 685/2540/2540
f 636/2541/2541 686/2542/2542 688/2543/2543
f 636/2541/2541 688/2543/2543 638/2544/2544
f 637/2545/2545 639/2546/2546 689/2547/2547
f 637/2545/2545 689/2547/2547 687/2548/2548
f 638/2549/2549 688/2550/2550 690/2551/2551
f 638/2549/2549 690/2551/2551 640/2552/2552
f 639/2553/2553 641/2554/2554 691/2555/2555
f 639/2553/2553 691/2555/2555 689/2556/2556
f 640/2557/2557 690/2558/2558 692/2559/2559
f 640/2557/2557 692/2559/2559 642/2560/2560
f 641/2561/2561 643/2562/2562 693/2563/2563
f 641/2561/2561 693/2563/2563 691/2564/2564
f 642/2565/2565 692/2566/2566 694/2567/2567
f 642/2565/2565 694/2567/2567 644/2568/2568
f 643/2569/2569 645/2570/2570 695/2571/2571
f 643/2569/2569 695/2571/2571 693/2572/2572
f 644/2573/2573 694/2574/2574 696/2575/2575
f 644/2573/2573 696/2575/2575 646/2576/2576
f 645/2577/2577 647/2578/2578 697/2579/2579
f 645/2577/2577 697/2579/2579 695/2580/2580
f 646/2581/2581 696/2582/2582 698/2583/2583
f 646/2581/2581 698/2583/2583 648/2584/2584
f 647/2585/2585 649/2586/2586 699/2587/2587
f 647/2585/2585 699/2587/2587 697/2588/2588
f 648/2589/2589 698/2590/2590 700/2591/2591
f 648/2589/2589 700/2591/2591 650/2592/2592
f 602/2593/2593 652/2594/2594 653/2595/2595
f 602/2593/2593 653/2595/2595 603/2596/2596
f 649/2597/2597 650/2598/2598 700/2599/2599
f 649/2597/2597 700/2599/2599 699/2600/2600
f 652/2601/2601 651/2602/2602 701/2603/2603
f 652/2601/2601 701/2603/2603 702/2604/2604
f 653/2605/2605 703/2606/2606 704/2607/2607
f 653/2605/2605 704/2607/2607 654/2608/2608
f 651/2609/2609 655/2610/2610 705/2611/2611
f 651/2609/2609 705/2611/2611 701/2612/2612
f 654/2613/2613 704/2614/2614 706/2615/2615
f 654/2613/2613 706/2615/2615 656/2616/2616
f 655/2617/2617 657/2618/2618 707/2619/2619
f 655/2617/2617 707/2619/2619 705/2620/2620
f 656/2621/2621 706/2622/2622 708/2623/2623
f 656/2621/2621 708/2623/2623 658/2624/2624
f 657/2625/2625 659/2626/2626 709/2627/2627
f 657/2625/2625 709/2627/2627 707/2628/2628
f 658/2629/2629 708/2630/2630 710/2631/2631
f 658/2629/2629 710/2631/2631 660/2632/2632
f 659/2633/2633 661/2634/2634 711/2635/2635
f 659/2633/2633 711/2635/2635 709/2636/2636
f 660/2637/2637 710/2638/2638 712/2639/2639
f 660/2637/2637 712/2639/2639 662/2640/2640
f 661/2641/2641 663/2642/2642 713/2643/2643
f 661/2641/2641 713/2643/2643 711/2644/2644
f 662/2645/2645 712/2646/2646 714/2647/2647
f 662/2645/2645 714/2647/2647 664/2648/2648
f 663/2649/2649 665/2650/2650 715/2651/2651
f 663/2649/2649 715/2651/2651 713/2652/2652
f 664/2653/2653 714/2654/2654 716/2655/2655
f 664/2653/2653 716/2655/2655 666/2656/2656
f 665/2657/2657 667/2658/2658 717/2659/2659
f 665/2657/2657 717/2659/2659 715/2660/2660
f 666/2661/2661 716/2662/2662 718/2663/2663
f 666/2661/2661 718/2663/2663 668/2664/2664
f 667/2665/2665 669/2666/2666 719/2667/2667
f 667/2665/2665 719/2667/2667 717/2668/2668
f 668/2669/2669 718/2670/2670 720/2671/2671
f 668/2669/2669 720/2671/2671 670/2672/2672
f 669/2673/2673 671/2674/2674 721/2675/2675
f 669/2673/2673 721/2675/2675 719/2676/2676
f 670/2677/2677 720/2678/2678 722/2679/2679
f 670/2677/2677 722/2679/2679 672/2680/2680
f 671/2681/2681 673/2682/2682 723/2683/2683
f 671/2681/2681 723/2683/2683 721/2684/2684
f 672/2685/2685 722/2686/2686 724/2687/2687
f 672/2685/2685 724/2687/2687 674/2688/2688
f 673/2689/2689 675/2690/2690 725/2691/2691
f 673/2689/2689 725/2691/2691 723/2692/2692
f 674/2693/2693 724/2694/2694 726/2695/2695
f 674/2693/2693 726/2695/2695 676/2696/2696
f 675/2697/2697 677/2698/2698 727/2699/2699
f 675/2697/2697 727/2699/2699 725/2700/2700
f 676/2701/2701 726/2702/2702 728/2703/2703
f 676/2701/2701 728/2703/2703 678/2704/2704
f 677/2705/2705 679/2706/2706 729/2707/2707
f 677/2705/2705 729/2707/2707 727/2708/2708
f 678/2709/2709 728/2710/2710 730/2711/2711
f 678/2709/2709 730/2711/2711 680/2712/2712
f 679/2713/2713 681/2714/2714 731/2715/2715
f 679/2713/2713 731/2715/2715 729/2716/2716
f 680/2717/2717 730/2718/2718 732/2719/2719
f 680/2717/2717 732/2719/2719 682/2720/2720
f 681/2721/2721 683/2722/2722 733/2723/2723
f 681/2721/2721 733/2723/2723 731/2724/2724
f 682/2725/2725 732/2726/2726 734/2727/2727
f 682/2725/2725 734/2727/2727 684/2728/2728
f 683/2729/2729 685/2730/2730 735/2731/2731
f 683/2729/2729 735/2731/2731 733/2732/2732
f 684/2733/2733 734/2734/2734 736/2735/2735
f 684/2733/2733 736/2735/2735 686/2736/2736
f 685/2737/2737 687/2738/2738 737/2739/2739
f 685/2737/2737 737/2739/2739 735/2740/2740
f 686/2741/2741 736/2742/2742 738/2743/2743
f 686/2741/2741 738/2743/2743 688/2744/2744
f 687/2745/2745 689/2746/2746 739/2747/2747
f 687/2745/2745 739/2747/2747 737/2748/2748
f 688/2749/2749 738/2750/2750 740/2751/2751
f 688/2749/2749 740/2751/2751 690/2752/2752
f 689/2753/2753 691/2754/2754 741/2755/2755
f 689/2753/2753 741/2755/2755 739/2756/2756
f 690/2757/2757 740/2758/2758 742/2759/2759
f 690/2757/2757 742/2759/2759 692/2760/2760
f 691/2761/2761 693/2762/2762 743/2763/2763
f 691/2761/2761 743/2763/2763 741/2764/2764
f 692/2765/2765 742/2766/2766 744/2767/2767
f 692/2765/2765 744/2767/2767 694/2768/2768
f 693/2769/2769 695/2770/2770 745/2771/2771
f 693/2769/2769 745/2771/2771 743/2772/2772
f 694/2773/2773 744/2774/2774 746/2775/2775
f 694/2773/2773 746/2775/2775 696/2776/2776
f 695/2777/2777 697/2778/2778 747/2779/2779
f 695/2777/2777 747/2779/2779 745/2780/2780
f 696/2781/2781 746/2782/2782 748/2783/2783
f 696/2781/2781 748/2783/2783 698/2784/2784
f 697/2785/2785 699/2786/2786 749/2787/2787
f 697/2785/2785 749/2787/2787 747/2788/2788
f 698/2789/2789 748/2790/2790 750/2791/2791
f 698/2789/2789 750/2791/2791 700/2792/2792
f 652/2793/2793 702/2794/2794 703/2795/2795
f 652/2793/2793 703/2795/2795 653/2796/2796
f 699/2797/2797 700/2798/2798 750/2799/2799
f 699/2797/2797 750/2799/2799 749/2800/2800
f 702/2801/2801 701/2802/2802 751/2803/2803
f 702/2801/2801 751/2803/2803 752/2804/2804
f 703/2805/2805 753/2806/2806 754/2807/2807
f 703/2805/2805 754/2807/2807 704/2808/2808
f 701/2809/2809 705/2810/2810 755/2811/2811
f 701/2809/2809 755/2811/2811 751/2812/2812
f 704/2813/2813 754/2814/2814 756/2815/2815
f 704/2813/2813 756/2815/2815 706/2816/2816
f 705/2817/2817 707/2818/2818 757/2819/2819
f 705/2817/2817 757/2819/2819 755/2820/2820
f 706/2821/2821 756/2822/2822 758/2823/2823
f 706/2821/2821 758/2823/2823 708/2824/2824
f 707/2825/2825 709/2826/2826 759/2827/2827
f 707/2825/2825 759/2827/2827 757/2828/2828
f 708/2829/2829 758/2830/2830 760/2831/2831
f 708/2829/2829 760/2831/2831 710/2832/2832
f 709/2833/2833 711/2834/2834 761/2835/2835
f 709/2833/2833 761/2835/2835 759/2836/2836
f 710/2837/2837 760/2838/2838 762/2839/2839
f 710/2837/2837 762/2839/2839 712/2840/2840
f 711/2841/2841 713/2842/2842 763/2843/2843
f 711/2841/2841 763/2843/2843 761/2844/2844
f 712/2845/2845 762/2846/2846 764/2847/2847
f 712/2845/2845 764/2847/2847 714/2848/2848
f 713/2849/2849 715/2850/2850 765/2851/2851
f 713/2849/2849 765/2851/2851 763/2852/2852
f 714/2853/2853 764/2854/2854 766/2855/2855
f 714/2853/2853 766/2855/2855 716/2856/2856
f 715/2857/2857 717/2858/2858 767/2859/2859
f 715/2857/2857 767/2859/2859 765/2860/2860
f 716/2861/2861 766/2862/2862 768/2863/2863
f 716/2861/2861 768/2863/2863 718/2864/2864
f 717/2865/2865 719/2866/2866 769/2867/2867
f 717/2865/2865 769/2867/2867 767/2868/2868
f 718/2869/2869 768/2870/2870 770/2871/2871
f 718/2869/2869 770/2871/2871 720/2872/2872
f 719/2873/2873 721/2874/2874 771/2875/2875
f 719/2873/2873 771/2875/2875 769/2876/2876
f 720/2877/2877 770/2878/2878 772/2879/2879
f 720/2877/2877 772/2879/2879 722/2880/2880
f 721/2881/2881 723/2882/2882 773/2883/2883
f 721/2881/2881 773/2883/2883 771/2884/2884
f 722/2885/2885 772/2886/2886 774/2887/2887
f 722/2885/2885 774/2887/2887 724/2888/2888
f 723/2889/2889 725/2890/2890 775/2891/2891
f 723/2889/2889 775/2891/2891 773/2892/2892
f 724/2893/2893 774/2894/2894 776/2895/2895
f 724/2893/2893 776/2895/2895 726/2896/2896
f 725/2897/2897 727/2898/2898 777/2899/2899
f 725/2897/2897 777/2899/2899 775/2900/2900
f 726/2901/2901 776/2902/2902 778/2903/2903
f 726/2901/2901 778/2903/2903 728/2904/2904
f 727/2905/2905 729/2906/2906 779/2907/2907
f 727/2905/2905 779/2907/2907 777/2908/2908
f 728/2909/2909 778/2910/2910 780/2911/2911
f 728/2909/2909 780/2911/2911 730/2912/2912
f 729/2913/2913 731/2914/2914 781/2915/2915
f 729/2913/2913 781/2915/2915 779/2916/2916
f 730/2917/2917 780/2918/2918 782/2919/2919
f 730/2917/2917 782/2919/2919 732/2920/2920
f 731/2921/2921 733/2922/2922 783/2923/2923
f 731/2921/2921 783/2923/2923 781/2924/2924
f 732/2925/2925 782/2926/2926 784/2927/2927
f 732/2925/2925 784/2927/2927 734/2928/2928
f 733/2929/2929 735/2930/2930 785/2931/2931
f 733/2929/2929 785/2931/2931 783/2932/2932
f 734/2933/2933 784/2934/2934 786/2935/2935
f 734/2933/2933 786/2935/2935 736/2936/2936
f 735/2937/2937 737/2938/2938 787/2939/2939
f 735/2937/2937 787/2939/2939 785/2940/2940
f 736/2941/2941 786/2942/2942 788/2943/2943
f 736/2941/2941 788/2943/2943 738/2944/2944
f 737/2945/2945 739/2946/2946 789/2947/2947
f 737/2945/2945 789/2947/2947 787/2948/2948
f 738/2949/2949 788/2950/2950 790/2951/2951
f 738/2949/2949 790/2951/2951 740/2952/2952
f 739/2953/2953 741/2954/2954 791/2955/2955
f 739/2953/2953 791/2955/2955 789/2956/2956
f 740/2957/2957 790/2958/2958 792/2959/2959
f 740/2957/2957 792/2959/2959 742/2960/2960
f 741/2961/2961 743/2962/2962 793/2963/2963
f 741/2961/2961 793/2963/2963 791/2964/2964
f 742/2965/2965 792/2966/2966 794/2967/2967
f 742/2965/2965 794/2967/2967 744/2968/2968
f 743/2969/2969 745/2970/2970 795/2971/2971
f 743/2969/2969 795/2971/2971 793/2972/2972
f 744/2973/2973 794/2974/2974 796/2975/2975
f 744/2973/2973 796/2975/2975 746/2976/2976
f 745/2977/2977 747/2978/2978 797/2979/2979
f 745/2977/2977 797/2979/2979 795/2980/2980
f 746/2981/2981 796/2982/2982 798/2983/2983
f 746/2981/2981 798/2983/2983 748/2984/2984
f 747/2985/2985 749/2986/2986 799/2987/2987
f 747/2985/2985 799/2987/2987 797/2988/2988
f 748/2989/2989 798/2990/2990 800/2991/2991
f 748/2989/2989 800/2991/2991 750/2992/2992
f 702/2993/2993 752/2994/2994 753/2995/2995
f 702/2993/2993 753/2995/2995 703/2996/2996
f 749/2997/2997 750/2998/2998 800/2999/2999
f 749/2997/2997 800/2999/2999 799/3000/3000
f 752/3001/3001 751/3002/3002 801/3003/3003
f 752/3001/3001 801/3003/3003 802/3004/3004
f 753/3005/3005 803/3006/3006 804/3007/3007
f 753/3005/3005 804/3007/3007 754/3008/3008
f 751/3009/3009 755/3010/3010 805/3011/3011
f 751/3009/3009 805/3011/3011 801/3012/3012
f 754/3013/3013 804/3014/3014 806/3015/3015
f 754/3013/3013 806/3015/3015 756/3016/3016
f 755/3017/3017 757/3018/3018 807/3019/3019
f 755/3017/3017 807/3019/3019 805/3020/3020
f 756/3021/3021 806/3022/3022 808/3023/3023
f 756/3021/3021 808/3023/3023 758/3024/3024
f 757/3025/3025 759/3026/3026 809/3027/3027
f 757/3025/3025 809/3027/3027 807/3028/3028
f 758/3029/3029 808/3030/3030 810/3031/3031
f 758/3029/3029 810/3031/3031 760/3032/3032
f 759/3033/3033 761/3034/3034 811/3035/3035
f 759/3033/3033 811/3035/3035 809/3036/3036
f 760/3037/3037 810/3038/3038 812/3039/3039
f 760/3037/3037 812/3039/3039 762/3040/3040
f 761/3041/3041 763/3042/3042 813/3043/3043
f 761/3041/3041 813/3043/3043 811/3044/3044
f 762/3045/3045 812/3046/3046 814/3047/3047
f 762/3045/3045 814/3047/3047 764/3048/3048
f 763/3049/3049 765/3050/3050 815/3051/3051
f 763/3049/3049 815/3051/3051 813/3052/3052
f 764/3053/3053 814/3054/3054 816/3055/3055
f 764/3053/3053 816/3055/3055 766/3056/3056
f 765/3057/3057 767/3058/3058 817/3059/3059
f 765/3057/3057 817/3059/3059 815/3060/3060
f 766/3061/3061 816/3062/3062 818/3063/3063
f 766/3061/3061 818/3063/3063 768/3064/3064
f 767/3065/3065 769/3066/3066 819/3067/3067
f 767/3065/3065 819/3067/3067 817/3068/3068
f 768/3069/3069 818/3070/3070 820/3071/3071
f 768/3069/3069 820/3071/3071 770/3072/3072
f 769/3073/3073 771/3074/3074 821/3075/3075
f 769/3073/3073 821/3075/3075 819/3076/3076
f 770/3077/3077 820/3078/3078 822/3079/3079
f 770/3077/3077 822/3079/3079 772/3080/3080
f 771/3081/3081 773/3082/3082 823/3083/3083
f 771/3081/3081 823/3083/3083 821/3084/3084
f 772/3085/3085 822/3086/3086 824/3087/3087
f 772/3085/3085 824/3087/3087 774/3088/3088
f 773/3089/3089 775/3090/3090 825/3091/3091
f 773/3089/3089 825/3091/3091 823/3092/3092
f 774/3093/3093 824/3094/3094 826/3095/3095
f 774/3093/3093 826/3095/3095 776/3096/3096
f 775/3097/3097 777/3098/3098 827/3099/3099
f 775/3097/3097 827/3099/3099 825/3100/3100
f 776/3101/3101 826/3102/3102 828/3103/3103
f 776/3101/3101 828/3103/3103 778/3104/3104
f 777/3105/3105 779/3106/3106 829/3107/3107
f 777/3105/3105 829/3107/3107 827/3108/3108
f 778/3109/3109 828/3110/3110 830/3111/3111
f 778/3109/3109 830/3111/3111 780/3112/3112
f 779/3113/3113 781/3114/3114 831/3115/3115
f 779/3113/3113 831/3115/3115 829/3116/3116
f 780/3117/3117 830/3118/3118 832/3119/3119
f 780/3117/3117 832/3119/3119 782/3120/3120
f 781/3121/3121 783/3122/3122 833/3123/3123
f 781/3121/3121 833/3123/3123 831/3124/3124
f 782/3125/3125 832/3126/3126 834/3127/3127
f 782/3125/3125 834/3127/3127 784/3128/3128
f 783/3129/3129 785/3130/3130 835/3131/3131
f 783/3129/3129 835/3131/3131 833/3132/3132
f 784/3133/3133 834/3134/3134 836/3135/3135
f 784/3133/3133 836/3135/3135 786/3136/3136
f 785/3137/3137 787/3138/3138 837/3139/3139
f 785/3137/3137 837/3139/3139 835/3140/3140
f 786/3141/3141 836/3142/3142 838/3143/3143
f 786/3141/3141 838/3143/3143 788/3144/3144
f 787/3145/3145 789/3146/3146 839/3147/3147
f 787/3145/3145 839/3147/3147 837/3148/3148
f 788/3149/3149 838/3150/3150 840/3151/3151
f 788/3149/3149 840/3151/3151 790/3152/3152
f 789/3153/3153 791/3154/3154 841/3155/3155
f 789/3153/3153 841/3155/3155 839/3156/3156
f 790/3157/3157 840/3158/3158 842/3159/3159
f 790/3157/3157 842/3159/3159 792/3160/3160
f 791/3161/3161 793/3162/3162 843/3163/3163
f 791/3161/3161 843/3163/3163 841/3164/3164
f 792/3165/3165 842/3166/3166 844/3167/3167
f 792/3165/3165 844/3167/3167 794/3168/3168
f 793/3169/3169 795/3170/3170 845/3171/3171
f 793/3169/3169 845/3171/3171 843/3172/3172
f 794/3173/3173 844/3174/3174 846/3175/3175
f 794/3173/3173 846/3175/3175 796/3176/3176
f 795/3177/3177 797/3178/3178 847/3179/3179
f 795/3177/3177 847/3179/3179 845/3180/3180
f 796/3181/3181 846/3182/3182 848/3183/3183
f 796/3181/3181 848/3183/3183 798/3184/3184
f 797/3185/3185 799/3186/3186 849/3187/3187
f 797/3185/3185 849/3187/3187 847/3188/3188
f 798/3189/3189 848/3190/3190 850/3191/3191
f 798/3189/3189 850/3191/3191 800/3192/3192
f 752/3193/3193 802/3194/3194 803/3195/3195
f 752/3193/3193 803/3195/3195 753/3196/3196
f 799/3197/3197 800/3198/3198 850/3199/3199
f 799/3197/3197 850/3199/3199 849/3200/3200
f 802/3201/3201 801/3202/3202 851/3203/3203
f 802/3201/3201 851/3203/3203 852/3204/3204
f 803/3205/3205 853/3206/3206 854/3207/3207
f 803/3205/3205 854/3207/3207 804/3208/3208
f 801/3209/3209 805/3210/3210 855/3211/3211
f 801/3209/3209 855/3211/3211 851/3212/3212
f 804/3213/3213 854/3214/3214 856/3215/3215
f 804/3213/3213 856/3215/3215 806/3216/3216
f 805/3217/3217 807/3218/3218 857/3219/3219
f 805/3217/3217 857/3219/3219 855/3220/3220
f 806/3221/3221 856/3222/3222 858/3223/3223
f 806/3221/3221 858/3223/3223 808/3224/3224
f 807/3225/3225 809/3226/3226 859/3227/3227
f 807/3225/3225 859/3227/3227 857/3228/3228
f 808/3229/3229 858/3230/3230 860/3231/3231
f 808/3229/3229 860/3231/3231 810/3232/3232
f 809/3233/3233 811/3234/3234 861/3235/3235
f 809/3233/3233 861/3235/3235 859/3236/3236
f 810/3237/3237 860/3238/3238 862/3239/3239
f 810/3237/3237 862/3239/3239 812/3240/3240
f 811/3241/3241 813/3242/3242 863/3243/3243
f 811/3241/3241 863/3243/3243 861/3244/3244
f 812/3245/3245 862/3246/3246 864/3247/3247
f 812/3245/3245 864/3247/3247 814/3248/3248
f 813/3249/3249 815/3250/3250 865/3251/3251
f 813/3249/3249 865/3251/3251 863/3252/3252
f 814/3253/3253 864/3254/3254 866/3255/3255
f 814/3253/3253 866/3255/3255 816/3256/3256
f 815/3257/3257 817/3258/3258 867/3259/3259
f 815/3257/3257 867/3259/3259 865/3260/3260
f 816/3261/3261 866/3262/3262 868/3263/3263
f 816/3261/3261 868/3263/3263 818/3264/3264
f 817/3265/3265 819/3266/3266 869/3267/3267
f 817/3265/3265 869/3267/3267 867/3268/3268
f 818/3269/3269 868/3270/3270 870/3271/3271
f 818/3269/3269 870/3271/3271 820/3272/3272
f 819/3273/3273 821/3274/3274 871/3275/3275
f 819/3273/3273 871/3275/3275 869/3276/3276
f 820/3277/3277 870/3278/3278 872/3279/3279
f 820/3277/3277 872/3279/3279 822/3280/3280
f 821/3281/3281 823/3282/3282 873/3283/3283
f 821/3281/3281 873/3283/3283 871/3284/3284
f 822/3285/3285 872/3286/3286 874/3287/3287
f 822/3285/3285 874/3287/3287 824/3288/3288
f 823/3289/3289 825/3290/3290 875/3291/3291
f 823/3289/3289 875/3291/3291 873/3292/3292
f 824/3293/3293 874/3294/3294 876/3295/3295
f 824/3293/3293 876/3295/3295 826/3296/3296
f 825/3297/3297 827/3298/3298 877/3299/3299
f 825/3297/3297 877/3299/3299 875/3300/3300
f 826/3301/3301 876/3302/3302 878/3303/3303
f 826/3301/3301 878/3303/3303 828/3304/3304
f 827/3305/3305 829/3306/3306 879/3307/3307
f 827/3305/3305 879/3307/3307 877/3308/3308
f 828/3309/3309 878/3310/3310 880/3311/3311
f 828/3309/3309 880/3311/3311 830/3312/3312
f 829/3313/3313 831/3314/3314 881/3315/3315
f 829/3313/3313 881/3315/3315 879/3316/3316
f 830/3317/3317 880/3318/3318 882/3319/3319
f 830/3317/3317 882/3319/3319 832/3320/3320
f 831/3321/3321 833/3322/3322 883/3323/3323
f 831/3321/3321 883/3323/3323 881/3324/3324
f 832/3325/3325 882/3326/3326 884/3327/3327
f 832/3325/3325 884/3327/3327 834/3328/3328
f 833/3329/3329 835/3330/3330 885/3331/3331
f 833/3329/3329 885/3331/3331 883/3332/3332
f 834/3333/3333 884/3334/3334 886/3335/3335
f 834/3333/3333 886/3335/3335 836/3336/3336
f 835/3337/3337 837/3338/3338 887/3339/3339
f 835/3337/3337 887/3339/3339 885/3340/3340
f 836/3341/3341 886/3342/3342 888/3343/3343
f 836/3341/3341 888/3343/3343 838/3344/3344
f 837/3345/3345 839/3346/3346 889/3347/3347
f 837/3345/3345 889/3347/3347 887/3348/3348
f 838/3349/3349 888/3350/3350 890/3351/3351
f 838/3349/3349 890/3351/3351 840/3352/3352
f 839/3353/3353 841/3354/3354 891/3355/3355
f 839/3353/3353 891/3355/3355 889/3356/3356
f 840/3357/3357 890/3358/3358 892/3359/3359
f 840/3357/3357 892/3359/3359 842/3360/3360
f 841/3361/3361 843/3362/3362 893/3363/3363
f 841/3361/3361 893/3363/3363 891/3364/3364
f 842/3365/3365 892/3366/3366 894/3367/3367
f 842/3365/3365 894/3367/3367 844/3368/3368
f 843/3369/3369 845/3370/3370 895/3371/3371
f 843/3369/3369 895/3371/3371 893/3372/3372
f 844/3373/3373 894/3374/3374 896/3375/3375
f 844/3373/3373 896/3375/3375 846/3376/3376
f 845/3377/3377 847/3378/3378 897/3379/3379
f 845/3377/3377 897/3379/3379 895/3380/3380
f 846/3381/3381 896/3382/3382 898/3383/3383
f 846/3381/3381 898/3383/3383 848/3384/3384
f 847/3385/3385 849/3386/3386 899/3387/3387
f 847/3385/3385 899/3387/3387 897/3388/3388
f 848/3389/3389 898/3390/3390 900/3391/3391
f 848/3389/3389 900/3391/3391 850/3392/3392
f 802/3393/3393 852/3394/3394 853/3395/3395
f 802/3393/3393 853/3395/3395 803/3396/3396
f 849/3397/3397 850/3398/3398 900/3399/3399
f 849/3397/3397 900/3399/3399 899/3400/3400
f 852/3401/3401 851/3402/3402 901/3403/3403
f 852/3401/3401 901/3403/3403 902/3404/3404
f 853/3405/3405 903/3406/3406 904/3407/3407
f 853/3405/3405 904/3407/3407 854/3408/3408
f 851/3409/3409 855/3410/3410 905/3411/3411
f 851/3409/3409 905/3411/3411 901/3412/3412
f 854/3413/3413 904/3414/3414 906/3415/3415
f 854/3413/3413 906/3415/3415 856/3416/3416
f 855/3417/3417 857/3418/3418 907/3419/3419
f 855/3417/3417 907/3419/3419 905/3420/3420
f 856/3421/3421 906/3422/3422 908/3423/3423
f 856/3421/3421 908/3423/3423 858/3424/3424
f 857/3425/3425 859/3426/3426 909/3427/3427
f 857/3425/3425 909/3427/3427 907/3428/3428
f 858/3429/3429 908/3430/3430 910/3431/3431
f 858/3429/3429 910/3431/3431 860/3432/3432
f 859/3433/3433 861/3434/3434 911/3435/3435
f 859/3433/3433 911/3435/3435 909/3436/3436
f 860/3437/3437 910/3438/3438 912/3439/3439
f 860/3437/3437 912/3439/3439 862/3440/3440
f 861/3441/3441 863/3442/3442 913/3443/3443
f 861/3441/3441 913/3443/3443 911/3444/3444
f 862/3445/3445 912/3446/3446 914/3447/3447
f 862/3445/3445 914/3447/3447 864/3448/3448
f 863/3449/3449 865/3450/3450 915/3451/3451
f 863/3449/3449 915/3451/3451 913/3452/3452
f 864/3453/3453 914/3454/3454 916/3455/3455
f 864/3453/3453 916/3455/3455 866/3456/3456
f 865/3457/3457 867/3458/3458 917/3459/3459
f 865/3457/3457 917/3459/3459 915/3460/3460
f 866/3461/3461 916/3462/3462 918/3463/3463
f 866/3461/3461 918/3463/3463 868/3464/3464
f 867/3465/3465 869/3466/3466 919/3467/3467
f 867/3465/3465 919/3467/3467 917/3468/3468
f 868/3469/3469 918/3470/3470 920/3471/3471
f 868/3469/3469 920/3471/3471 870/3472/3472
f 869/3473/3473 871/3474/3474 921/3475/3475
f 869/3473/3473 921/3475/3475 919/3476/3476
f 870/3477/3477 920/3478/3478 922/3479/3479
f 870/3477/3477 922/3479/3479 872/3480/3480
f 871/3481/3481 873/3482/3482 923/3483/3483
f 871/3481/3481 923/3483/3483 921/3484/3484
f 872/3485/3485 922/3486/3486 924/3487/3487
f 872/3485/3485 924/3487/3487 874/3488/3488
f 873/3489/3489 875/3490/3490 925/3491/3491
f 873/3489/3489 925/3491/3491 923/3492/3492
f 874/3493/3493 924/3494/3494 926/3495/3495
f 874/3493/3493 926/3495/3495 876/3496/3496
f 875/3497/3497 877/3498/3498 927/3499/3499
f 875/3497/3497 927/3499/3499 925/3500/3500
f 876/3501/3501 926/3502/3502 928/3503/3503
f 876/3501/3501 928/3503/3503 878/3504/3504
f 877/3505/3505 879/3506/3506 929/3507/3507
f 877/3505/3505 929/3507/3507 927/3508/3508
f 878/3509/3509 928/3510/3510 930/3511/3511
f 878/3509/3509 930/3511/3511 880/3512/3512
f 879/3513/3513 881/3514/3514 931/3515/3515
f 879/3513/3513 931/3515/3515 929/3516/3516
f 880/3517/3517 930/3518/3518 932/3519/3519
f 880/3517/3517 932/3519/3519 882/3520/3520
f 881/3521/3521 883/3522/3522 933/3523/3523
f 881/3521/3521 933/3523/3523 931/3524/3524
f 882/3525/3525 932/3526/3526 934/3527/3527
f 882/3525/3525 934/3527/3527 884/3528/3528
f 883/3529/3529 885/3530/3530 935/3531/3531
f 883/3529/3529 935/3531/3531 933/3532/3532
f 884/3533/3533 934/3534/3534 936/3535/3535
f 884/3533/3533 936/3535/3535 886/3536/3536
f 885/3537/3537 887/3538/3538 937/3539/3539
f 885/3537/3537 937/3539/3539 935/3540/3540
f 886/3541/3541 936/3542/3542 938/3543/3543
f 886/3541/3541 938/3543/3543 888/3544/3544
f 887/3545/3545 889/3546/3546 939/3547/3547
f 887/3545/3545 939/3547/3547 937/3548/3548
f 888/3549/3549 938/3550/3550 940/3551/3551
f 888/3549/3549 940/3551/3551 890/3552/3552
f 889/3553/3553 891/3554/3554 941/3555/3555
f 889/3553/3553 941/3555/3555 939/3556/3556
f 890/3557/3557 940/3558/3558 942/3559/3559
f 890/3557/3557 942/3559/3559 892/3560/3560
f 891/3561/3561 893/3562/3562 943/3563/3563
f 891/3561/3561 943/3563/3563 941/3564/3564
f 892/3565/3565 942/3566/3566 944/3567/3567
f 892/3565/3565 944/3567/3567 894/3568/3568
f 893/3569/3569 895/3570/3570 945/3571/3571
f 893/3569/3569 945/3571/3571 943/3572/3572
f 894/3573/3573 944/3574/3574 946/3575/3575
f 894/3573/3573 946/3575/3575 896/3576/3576
f 895/3577/3577 897/3578/3578 947/3579/3579
f 895/3577/3577 947/3579/3579 945/3580/3580
f 896/3581/3581 946/3582/3582 948/3583/3583
f 896/3581/3581 948/3583/3583 898/3584/3584
f 897/3585/3585 899/3586/3586 949/3587/3587
f 897/3585/3585 949/3587/3587 947/3588/3588
f 898/3589/3589 948/3590/3590 950/3591/3591
f 898/3589/3589 950/3591/3591 900/3592/3592
f 852/3593/3593 902/3594/3594 903/3595/3595
f 852/3593/3593 903/3595/3595 853/3596/3596
f 899/3597/3597 900/3598/3598 950/3599/3599
f 899/3597/3597 950/3599/3599 949/3600/3600
f 902/3601/3601 901/3602/3602 951/3603/3603
f 902/3601/3601 951/3603/3603 952/3604/3604
f 903/3605/3605 953/3606/3606 954/3607/3607
f 903/3605/3605 954/3607/3607 904/3608/3608
f 901/3609/3609 905/3610/3610 955/3611/3611
f 901/3609/3609 955/3611/3611 951/3612/3612
f 904/3613/3613 954/3614/3614 956/3615/3615
f 904/3613/3613 956/3615/3615 906/3616/3616
f 905/3617/3617 907/3618/3618 957/3619/3619
f 905/3617/3617 957/3619/3619 955/3620/3620
f 906/3621/3621 956/3622/3622 958/3623/3623
f 906/3621/3621 958/3623/3623 908/3624/3624
f 907/3625/3625 909/3626/3626 959/3627/3627
f 907/3625/3625 959/3627/3627 957/3628/3628
f 908/3629/3629 958/3630/3630 960/3631/3631
f 908/3629/3629 960/3631/3631 910/3632/3632
f 909/3633/3633 911/3634/3634 961/3635/3635
f 909/3633/3633 961/3635/3635 959/3636/3636
f 910/3637/3637 960/3638/3638 962/3639/3639
f 910/3637/3637 962/3639/3639 912/3640/3640
f 911/3641/3641 913/3642/3642 963/3643/3643
f 911/3641/3641 963/3643/3643 961/3644/3644
f 912/3645/3645 962/3646/3646 964/3647/3647
f 912/3645/3645 964/3647/3647 914/3648/3648
f 913/3649/3649 915/3650/3650 965/3651/3651
f 913/3649/3649 965/3651/3651 963/3652/3652
f 914/3653/3653 964/3654/3654 966/3655/3655
f 914/3653/3653 966/3655/3655 916/3656/3656
f 915/3657/3657 917/3658/3658 967/3659/3659
f 915/3657/3657 967/3659/3659 965/3660/3660
f 916/3661/3661 966/3662/3662 968/3663/3663
f 916/3661/3661 968/3663/3663 918/3664/3664
f 917/3665/3665 919/3666/3666 969/3667/3667
f 917/3665/3665 969/3667/3667 967/3668/3668
f 918/3669/3669 968/3670/3670 970/3671/3671
f 918/3669/3669 970/3671/3671 920/3672/3672
f 919/3673/3673 921/3674/3674 971/3675/3675
f 919/3673/3673 971/3675/3675 969/3676/3676
f 920/3677/3677 970/3678/3678 972/3679/3679
f 920/3677/3677 972/3679/3679 922/3680/3680
f 921/3681/3681 923/3682/3682 973/3683/3683
f 921/3681/3681 973/3683/3683 971/3684/3684
f 922/3685/3685 972/3686/3686 974/3687/3687
f 922/3685/3685 974/3687/3687 924/3688/3688
f 923/3689/3689 925/3690/3690 975/3691/3691
f 923/3689/3689 975/3691/3691 973/3692/3692
f 924/3693/3693 974/3694/3694 976/3695/3695
f 924/3693/3693 976/3695/3695 926/3696/3696
f 925/3697/3697 927/3698/3698 977/3699/3699
f 925/3697/3697 977/3699/3699 975/3700/3700
f 926/3701/3701 976/3702/3702 978/3703/3703
f 926/3701/3701 978/3703/3703 928/3704/3704
f 927/3705/3705 929/3706/3706 979/3707/3707
f 927/3705/3705 979/3707/3707 977/3708/3708
f 928/3709/3709 978/3710/3710 980/3711/3711
f 928/3709/3709 980/3711/3711 930/3712/3712
f 929/3713/3713 931/3714/3714 981/3715/3715
f 929/3713/3713 981/3715/3715 979/3716/3716
f 930/3717/3717 980/3718/3718 982/3719/3719
f 930/3717/3717 982/3719/3719 932/3720/3720
f 931/3721/3721 933/3722/3722 983/3723/3723
f 931/3721/3721 983/3723/3723 981/3724/3724
f 932/3725/3725 982/3726/3726 984/3727/3727
f 932/3725/3725 984/3727/3727 934/3728/3728
f 933/3729/3729 935/3730/3730 985/3731/3731
f 933/3729/3729 985/3731/3731 983/3732/3732
f 934/3733/3733 984/3734/3734 986/3735/3735
f 934/3733/3733 986/3735/3735 936/3736/3736
f 935/3737/3737 937/3738/3738 987/3739/3739
f 935/3737/3737 987/3739/3739 985/3740/3740
f 936/3741/3741 986/3742/3742 988/3743/3743
f 936/3741/3741 988/3743/3743 938/3744/3744
f 937/3745/3745 939/3746/3746 989/3747/3747
f 937/3745/3745 989/3747/3747 987/3748/3748
f 938/3749/3749 988/3750/3750 990/3751/3751
f 938/3749/3749 990/3751/3751 940/3752/3752
f 939/3753/3753 941/3754/3754 991/3755/3755
f 939/3753/3753 991/3755/3755 989/3756/3756
f 940/3757/3757 990/3758/3758 992/3759/3759
f 940/3757/3757 992/3759/3759 942/3760/3760
f 941/3761/3761 943/3762/3762 993/3763/3763
f 941/3761/3761 993/3763/3763 991/3764/3764
f 942/3765/3765 992/3766/3766 994/3767/3767
f 942/3765/3765 994/3767/3767 944/3768/3768
f 943/3769/3769 945/3770/3770 995/3771/3771
f 943/3769/3769 995/3771/3771 993/3772/3772
f 944/3773/3773 994/3774/3774 996/3775/3775
f 944/3773/3773 996/3775/3775 946/3776/3776
f 945/3777/3777 947/3778/3778 997/3779/3779
f 945/3777/3777 997/3779/3779 995/3780/3780
f 946/3781/3781 996/3782/3782 998/3783/3783
f 946/3781/3781 998/3783/3783 948/3784/3784
f 947/3785/3785 949/3786/3786 999/3787/3787
f 947/3785/3785 999/3787/3787 997/3788/3788
f 948/3789/3789 998/3790/3790 1000/3791/3791
f 948/3789/3789 1000/3791/3791 950/3792/3792
f 902/3793/3793 952/3794/3794 953/3795/3795
f 902/3793/3793 953/3795/3795 903/3796/3796
f 949/3797/3797 950/3798/3798 1000/3799/3799
f 949/3797/3797 1000/3799/3799 999/3800/3800
f 952/3801/3801 951/3802/3802 1001/3803/3803
f 952/3801/3801 1001/3803/3803 1002/3804/3804
f 953/3805/3805 1003/3806/3806 1004/3807/3807
f 953/3805/3805 1004/3807/3807 954/3808/3808
f 951/3809/3809 955/3810/3810 1005/3811/3811
f 951/3809/3809 1005/3811/3811 1001/3812/3812
f 954/3813/3813 1004/3814/3814 1006/3815/3815
f 954/3813/3813 1006/3815/3815 956/3816/3816
f 955/3817/3817 957/3818/3818 1007/3819/3819
f 955/3817/3817 1007/3819/3819 1005/3820/3820
f 956/3821/3821 1006/3822/3822 1008/3823/3823
f 956/3821/3821 1008/3823/3823 958/3824/3824
f 957/3825/3825 959/3826/3826 1009/3827/3827
f 957/3825/3825 1009/3827/3827 1007/3828/3828
f 958/3829/3829 1008/3830/3830 1010/3831/3831
f 958/3829/3829 1010/3831/3831 960/3832/3832
f 959/3833/3833 961/3834/3834 1011/3835/3835
f 959/3833/3833 1011/3835/3835 1009/3836/3836
f 960/3837/3837 1010/3838/3838 1012/3839/3839
f 960/3837/3837 1012/3839/3839 962/3840/3840
f 961/3841/3841 963/3842/3842 1013/3843/3843
f 961/3841/3841 1013/3843/3843 1011/3844/3844
f 962/3845/3845 1012/3846/3846 1014/3847/3847
f 962/3845/3845 1014/3847/3847 964/3848/3848
f 963/3849/3849 965/3850/3850 1015/3851/3851
f 963/3849/3849 1015/3851/3851 1013/3852/3852
f 964/3853/3853 1014/3854/3854 1016/3855/3855
f 964/3853/3853 1016/3855/3855 966/3856/3856
f 965/3857/3857 967/3858/3858 1017/3859/3859
f 965/3857/3857 1017/3859/3859 1015/3860/3860
f 966/3861/3861 1016/3862/3862 1018/3863/3863
f 966/3861/3861 1018/3863/3863 968/3864/3864
f 967/3865/3865 969/3866/3866 1019/3867/3867
f 967/3865/3865 1019/3867/3867 1017/3868/3868
f 968/3869/3869 1018/3870/3870 1020/3871/3871
f 968/3869/3869 1020/3871/3871 970/3872/3872
f 969/3873/3873 971/3874/3874 1021/3875/3875
f 969/3873/3873 1021/3875/3875 1019/3876/3876
f 970/3877/3877 1020/3878/3878 1022/3879/3879
f 970/3877/3877 1022/3879/3879 972/3880/3880
f 971/3881/3881 973/3882/3882 1023/3883/3883
f 971/3881/3881 1023/3883/3883 1021/3884/3884
f 972/3885/3885 1022/3886/3886 1024/3887/3887
f 972/3885/3885 1024/3887/3887 974/3888/3888
f 973/3889/3889 975/3890/3890 1025/3891/3891
f 973/3889/3889 1025/3891/3891 1023/3892/3892
f 974/3893/3893 1024/3894/3894 1026/3895/3895
f 974/3893/3893 1026/3895/3895 976/3896/3896
f 975/3897/3897 977/3898/3898 1027/3899/3899
f 975/3897/3897 1027/3899/3899 1025/3900/3900
f 976/3901/3901 1026/3902/3902 1028/3903/3903
f 976/3901/3901 1028/3903/3903 978/3904/3904
f 977/3905/3905 979/3906/3906 1029/3907/3907
f 977/3905/3905 1029/3907/3907 1027/3908/3908
f 978/3909/3909 1028/3910/3910 1030/3911/3911
f 978/3909/3909 1030/3911/3911 980/3912/3912
f 979/3913/3913 981/3914/3914 1031/3915/3915
f 979/3913/3913 1031/3915/3915 1029/3916/3916
f 980/3917/3917 1030/3918/3918 1032/3919/3919
f 980/3917/3917 1032/3919/3919 982/3920/3920
f 981/3921/3921 983/3922/3922 1033/3923/3923
f 981/3921/3921 1033/3923/3923 1031/3924/3924
f 982/3925/3925 1032/3926/3926 1034/3927/3927
f 982/3925/3925 1034/3927/3927 984/3928/3928
f 983/3929/3929 985/3930/3930 1035/3931/3931
f 983/3929/3929 1035/3931/3931 1033/3932/3932
f 984/3933/3933 1034/3934/3934 1036/3935/3935
f 984/3933/3933 1036/3935/3935 986/3936/3936
f 985/3937/3937 987/3938/3938 1037/3939/3939
f 985/3937/3937 1037/3939/3939 1035/3940/3940
f 986/3941/3941 1036/3942/3942 1038/3943/3943
f 986/3941/3941 1038/3943/3943 988/3944/3944
f 987/3945/3945 989/3946/3946 1039/3947/3947
f 987/3945/3945 1039/3947/3947 1037/3948/3948
f 988/3949/3949 1038/3950/3950 1040/3951/3951
f 988/3949/3949 1040/3951/3951 990/3952/3952
f 989/3953/3953 991/3954/3954 1041/3955/3955
f 989/3953/3953 1041/3955/3955 1039/3956/3956
f 990/3957/3957 1040/3958/3958 1042/3959/3959
f 990/3957/3957 1042/3959/3959 992/3960/3960
f 991/3961/3961 993/3962/3962 1043/3963/3963
f 991/3961/3961 1043/3963/3963 1041/3964/3964
f 992/3965/3965 1042/3966/3966 1044/3967/3967
f 992/3965/3965 1044/3967/3967 994/3968/3968
f 993/3969/3969 995/3970/3970 1045/3971/3971
f 993/3969/3969 1045/3971/3971 1043/3972/3972
f 994/3973/3973 1044/3974/3974 1046/3975/3975
f 994/3973/3973 1046/3975/3975 996/3976/3976
f 995/3977/3977 997/3978/3978 1047/3979/3979
f 995/3977/3977 1047/3979/3979 1045/3980/3980
f 996/3981/3981 1046/3982/3982 1048/3983/3983
f 996/3981/3981 1048/3983/3983 998/3984/3984
f 997/3985/3985 999/3986/3986 1049/3987/3987
f 997/3985/3985 1049/3987/3987 1047/3988/3988
f 998/3989/3989 1048/3990/3990 1050/3991/3991
f 998/3989/3989 1050/3991/3991 1000/3992/3992
f 952/3993/3993 1002/3994/3994 1003/3995/3995
f 952/3993/3993 1003/3995/3995 953/3996/3996
f 999/3997/3997 1000/3998/3998 1050/3999/3999
f 999/3997/3997 1050/3999/3999 1049/4000/4000
f 1002/4001/4001 1001/4002/4002 1051/4003/4003
f 1002/4001/4001 1051/4003/4003 1052/4004/4004
f 1003/4005/4005 1053/4006/4006 1054/4007/4007
f 1003/4005/4005 1054/4007/4007 1004/4008/4008
f 1001/4009/4009 1005/4010/4010 1055/4011/4011
f 1001/4009/4009 1055/4011/4011 1051/4012/4012
f 1004/4013/4013 1054/4014/4014 1056/4015/4015
f 1004/4013/4013 1056/4015/4015 1006/4016/4016
f 1005/4017/4017 1007/4018/4018 1057/4019/4019
f 1005/4017/4017 1057/4019/4019 1055/4020/4020
f 1006/4021/4021 1056/4022/4022 1058/4023/4023
f 1006/4021/4021 1058/4023/4023 1008/4024/4024
f 1007/4025/4025 1009/4026/4026 1059/4027/4027
f 1007/4025/4025 1059/4027/4027 1057/4028/4028
f 1008/4029/4029 1058/4030/4030 1060/4031/4031
f 1008/4029/4029 1060/4031/4031 1010/4032/4032
f 1009/4033/4033 1011/4034/4034 1061/4035/4035
f 1009/4033/4033 1061/4035/4035 1059/4036/4036
f 1010/4037/4037 1060/4038/4038 1062/4039/4039
f 1010/4037/4037 1062/4039/4039 1012/4040/4040
f 1011/4041/4041 1013/4042/4042 1063/4043/4043
f 1011/4041/4041 1063/4043/4043 1061/4044/4044
f 1012/4045/4045 1062/4046/4046 1064/4047/4047
f 1012/4045/4045 1064/4047/4047 1014/4048/4048
f 1013/4049/4049 1015/4050/4050 1065/4051/4051
f 1013/4049/4049 1065/4051/4051 1063/4052/4052
f 1014/4053/4053 1064/4054/4054 1066/4055/4055
f 1014/4053/4053 1066/4055/4055 1016/4056/4056
f 1015/4057/4057 1017/4058/4058 1067/4059/4059
f 1015/4057/4057 1067/4059/4059 1065/4060/4060
f 1016/4061/4061 1066/4062/4062 1068/4063/4063
f 1016/4061/4061 1068/4063/4063 1018/4064/4064
f 1017/4065/4065 1019/4066/4066 1069/4067/4067
f 1017/4065/4065 1069/4067/4067 1067/4068/4068
f 1018/4069/4069 1068/4070/4070 1070/4071/4071
f 1018/4069/4069 1070/4071/4071 1020/4072/4072
f 1019/4073/4073 1021/4074/4074 1071/4075/4075
f 1019/4073/4073 1071/4075/4075 1069/4076/4076
f 1020/4077/4077 1070/4078/4078 1072/4079/4079
f 1020/4077/4077 1072/4079/4079 1022/4080/4080
f 1021/4081/4081 1023/4082/4082 1073/4083/4083
f 1021/4081/4081 1073/4083/4083 1071/4084/4084
f 1022/4085/4085 1072/4086/4086 1074/4087/4087
f 1022/4085/4085 1074/4087/4087 1024/4088/4088
f 1023/4089/4089 1025/4090/4090 1075/4091/4091
f 1023/4089/4089 1075/4091/4091 1073/4092/4092
f 1024/4093/4093 1074/4094/4094 1076/4095/4095
f 1024/4093/4093 1076/4095/4095 1026/4096/4096
f 1025/4097/4097 1027/4098/4098 1077/4099/4099
f 1025/4097/4097 1077/4099/4099 1075/4100/4100
f 1026/4101/4101 1076/4102/4102 1078/4103/4103
f 1026/4101/4101 1078/4103/4103 1028/4104/4104
f 1027/4105/4105 1029/4106/4106 1079/4107/4107
f 1027/4105/4105 1079/4107/4107 1077/4108/4108
f 1028/4109/4109 1078/4110/4110 1080/4111/4111
f 1028/4109/4109 1080/4111/4111 1030/4112/4112
f 1029/4113/4113 1031/4114/4114 1081/4115/4115
f 1029/4113/4113 1081/4115/4115 1079/4116/4116
f 1030/4117/4117 1080/4118/4118 1082/4119/4119
f 1030/4117/4117 1082/4119/4119 1032/4120/4120
f 1031/4121/4121 1033/4122/4122 1083/4123/4123
f 1031/4121/4121 1083/4123/4123 1081/4124/4124
f 1032/4125/4125 1082/4126/4126 1084/4127/4127
f 1032/4125/4125 1084/4127/4127 1034/4128/4128
f 1033/4129/4129 1035/4130/4130 1085/4131/4131
f 1033/4129/4129 1085/4131/4131 1083/4132/4132
f 1034/4133/4133 1084/4134/4134 1086/4135/4135
f 1034/4133/4133 1086/4135/4135 1036/4136/4136
f 1035/4137/4137 1037/4138/4138 1087/4139/4139
f 1035/4137/4137 1087/4139/4139 1085/4140/4140
f 1036/4141/4141 1086/4142/4142 1088/4143/4143
f 1036/4141/4141 1088/4143/4143 1038/4144/4144
f 1037/4145/4145 1039/4146/4146 1089/4147/4147
f 1037/4145/4145 1089/4147/4147 1087/4148/4148
f 1038/4149/4149 1088/4150/4150 1090/4151/4151
f 1038/4149/4149 1090/4151/4151 1040/4152/4152
f 1039/4153/4153 1041/4154/4154 1091/4155/4155
f 1039/4153/4153 1091/4155/4155 1089/4156/4156
f 1040/4157/4157 1090/4158/4158 1092/4159/4159
f 1040/4157/4157 1092/4159/4159 1042/4160/4160
f 1041/4161/4161 1043/4162/4162 1093/4163/4163
f 1041/4161/4161 1093/4163/4163 1091/4164/4164
f 1042/4165/4165 1092/4166/4166 1094/4167/4167
f 1042/4165/4165 1094/4167/4167 1044/4168/4168
f 1043/4169/4169 1045/4170/4170 1095/4171/4171
f 1043/4169/4169 1095/4171/4171 1093/4172/4172
f 1044/4173/4173 1094/4174/4174 1096/4175/4175
f 1044/4173/4173 1096/4175/4175 1046/4176/4176
f 1045/4177/4177 1047/4178/4178 1097/4179/4179
f 1045/4177/4177 1097/4179/4179 1095/4180/4180
f 1046/4181/4181 1096/4182/4182 1098/4183/4183
f 1046/4181/4181 1098/4183/4183 1048/4184/4184
f 1047/4185/4185 1049/4186/4186 1099/4187/4187
f 1047/4185/4185 1099/4187/4187 1097/4188/4188
f 1048/4189/4189 1098/4190/4190 1100/4191/4191
f 1048/4189/4189 1100/4191/4191 1050/4192/4192
f 1002/4193/4193 1052/4194/4194 1053/4195/4195
f 1002/4193/4193 1053/4195/4195 1003/4196/4196
f 1049/4197/4197 1050/4198/4198 1100/4199/4199
f 1049/4197/4197 1100/4199/4199 1099/4200/4200
f 1052/4201/4201 1051/4202/4202 1101/4203/4203
f 1052/4201/4201 1101/4203/4203 1102/4204/4204
f 1053/4205/4205 1103/4206/4206 1104/4207/4207
f 1053/4205/4205 1104/4207/4207 1054/4208/4208
f 1051/4209/4209 1055/4210/4210 1105/4211/4211
f 1051/4209/4209 1105/4211/4211 1101/4212/4212
f 1054/4213/4213 1104/4214/4214 1106/4215/4215
f 1054/4213/4213 1106/4215/4215 1056/4216/4216
f 1055/4217/4217 1057/4218/4218 1107/4219/4219
f 1055/4217/4217 1107/4219/4219 1105/4220/4220
f 1056/4221/4221 1106/4222/4222 1108/4223/4223
f 1056/4221/4221 1108/4223/4223 1058/4224/4224
f 1057/4225/4225 1059/4226/4226 1109/4227/4227
f 1057/4225/4225 1109/4227/4227 1107/4228/4228
f 1058/4229/4229 1108/4230/4230 1110/4231/4231
f 1058/4229/4229 1110/4231/4231 1060/4232/4232
f 1059/4233/4233 1061/4234/4234 1111/4235/4235
f 1059/4233/4233 1111/4235/4235 1109/4236/4236
f 1060/4237/4237 1110/4238/4238 1112/4239/4239
f 1060/4237/4237 1112/4239/4239 1062/4240/4240
f 1061/4241/4241 1063/4242/4242 1113/4243/4243
f 1061/4241/4241 1113/4243/4243 1111/4244/4244
f 1062/4245/4245 1112/4246/4246 1114/4247/4247
f 1062/4245/4245 1114/4247/4247 1064/4248/4248
f 1063/4249/4249 1065/4250/4250 1115/4251/4251
f 1063/4249/4249 1115/4251/4251 1113/4252/4252
f 1064/4253/4253 1114/4254/4254 1116/4255/4255
f 1064/4253/4253 1116/4255/4255 1066/4256/4256
f 1065/4257/4257 1067/4258/4258 1117/4259/4259
f 1065/4257/4257 1117/4259/4259 1115/4260/4260
f 1066/4261/4261 1116/4262/4262 1118/4263/4263
f 1066/4261/4261 1118/4263/4263 1068/4264/4264
f 1067/4265/4265 1069/4266/4266 1119/4267/4267
f 1067/4265/4265 1119/4267/4267 1117/4268/4268
f 1068/4269/4269 1118/4270/4270 1120/4271/4271
f 1068/4269/4269 1120/4271/4271 1070/4272/4272
f 1069/4273/4273 1071/4274/4274 1121/4275/4275
f 1069/4273/4273 1121/4275/4275 1119/4276/4276
f 1070/4277/4277 1120/4278/4278 1122/4279/4279
f 1070/4277/4277 1122/4279/4279 1072/4280/4280
f 1071/4281/4281 1073/4282/4282 1123/4283/4283
f 1071/4281/4281 1123/4283/4283 1121/4284/4284
f 1072/4285/4285 1122/4286/4286 1124/4287/4287
f 1072/4285/4285 1124/4287/4287 1074/4288/4288
f 1073/4289/4289 1075/4290/4290 1125/4291/4291
f 1073/4289/4289 1125/4291/4291 1123/4292/4292
f 1074/4293/4293 1124/4294/4294 1126/4295/4295
f 1074/4293/4293 1126/4295/4295 1076/4296/4296
f 1075/4297/4297 1077/4298/4298 1127/4299/4299
f 1075/4297/4297 1127/4299/4299 1125/4300/4300
f 1076/4301/4301 1126/4302/4302 1128/4303/4303
f 1076/4301/4301 1128/4303/4303 1078/4304/4304
f 1077/4305/4305 1079/4306/4306 1129/4307/4307
f 1077/4305/4305 1129/4307/4307 1127/4308/4308
f 1078/4309/4309 1128/4310/4310 1130/4311/4311
f 1078/4309/4309 1130/4311/4311 1080/4312/4312
f 1079/4313/4313 1081/4314/4314 1131/4315/4315
f 1079/4313/4313 1131/4315/4315 1129/4316/4316
f 1080/4317/4317 1130/4318/4318 1132/4319/4319
f 1080/4317/4317 1132/4319/4319 1082/4320/4320
f 1081/4321/4321 1083/4322/4322 1133/4323/4323
f 1081/4321/4321 1133/4323/4323 1131/4324/4324
f 1082/4325/4325 1132/4326/4326 1134/4327/4327
f 1082/4325/4325 1134/4327/4327 1084/4328/4328
f 1083/4329/4329 1085/4330/4330 1135/4331/4331
f 1083/4329/4329 1135/4331/4331 1133/4332/4332
f 1084/4333/4333 1134/4334/4334 1136/4335/4335
f 1084/4333/4333 1136/4335/4335 1086/4336/4336
f 1085/4337/4337 1087/4338/4338 1137/4339/4339
f 1085/4337/4337 1137/4339/4339 1135/4340/4340
f 1086/4341/4341 1136/4342/4342 1138/4343/4343
f 1086/4341/4341 1138/4343/4343 1088/4344/4344
f 1087/4345/4345 1089/4346/4346 1139/4347/4347
f 1087/4345/4345 1139/4347/4347 1137/4348/4348
f 1088/4349/4349 1138/4350/4350 1140/4351/4351
f 1088/4349/4349 1140/4351/4351 1090/4352/4352
f 1089/4353/4353 1091/4354/4354 1141/4355/4355
f 1089/4353/4353 1141/4355/4355 1139/4356/4356
f 1090/4357/4357 1140/4358/4358 1142/4359/4359
f 1090/4357/4357 1142/4359/4359 1092/4360/4360
f 1091/4361/4361 1093/4362/4362 1143/4363/4363
f 1091/4361/4361 1143/4363/4363 1141/4364/4364
f 1092/4365/4365 1142/4366/4366 1144/4367/4367
f 1092/4365/4365 1144/4367/4367 1094/4368/4368
f 1093/4369/4369 1095/4370/4370 1145/4371/4371
f 1093/4369/4369 1145/4371/4371 1143/4372/4372
f 1094/4373/4373 1144/4374/4374 1146/4375/4375
f 1094/4373/4373 1146/4375/4375 1096/4376/4376
f 1095/4377/4377 1097/4378/4378 1147/4379/4379
f 1095/4377/4377 1147/4379/4379 1145/4380/4380
f 1096/4381/4381 1146/4382/4382 1148/4383/4383
f 1096/4381/4381 1148/4383/4383 1098/4384/4384
f 1097/4385/4385 1099/4386/4386 1149/4387/4387
f 1097/4385/4385 1149/4387/4387 1147/4388/4388
f 1098/4389/4389 1148/4390/4390 1150/4391/4391
f 1098/4389/4389 1150/4391/4391 1100/4392/4392
f 1052/4393/4393 1102/4394/4394 1103/4395/4395
f 1052/4393/4393 1103/4395/4395 1053/4396/4396
f 1099/4397/4397 1100/4398/4398 1150/4399/4399
f 1099/4397/4397 1150/4399/4399 1149/4400/4400
f 1102/4401/4401 1101/4402/4402 1151/4403/4403
f 1102/4401/4401 1151/4403/4403 1152/4404/4404
f 1103/4405/4405 1153/4406/4406 1154/4407/4407
f 1103/4405/4405 1154/4407/4407 1104/4408/4408
f 1101/4409/4409 1105/4410/4410 1155/4411/4411
f 1101/4409/4409 1155/4411/4411 1151/4412/4412
f 1104/4413/4413 1154/4414/4414 1156/4415/4415
f 1104/4413/4413 1156/4415/4415 1106/4416/4416
f 1105/4417/4417 1107/4418/4418 1157/4419/4419
f 1105/4417/4417 1157/4419/4419 1155/4420/4420
f 1106/4421/4421 1156/4422/4422 1158/4423/4423
f 1106/4421/4421 1158/4423/4423 1108/4424/4424
f 1107/4425/4425 1109/4426/4426 1159/4427/4427
f 1107/4425/4425 1159/4427/4427 1157/4428/4428
f 1108/4429/4429 1158/4430/4430 1160/4431/4431
f 1108/4429/4429 1160/4431/4431 1110/4432/4432
f 1109/4433/4433 1111/4434/4434 1161/4435/4435
f 1109/4433/4433 1161/4435/4435 1159/4436/4436
f 1110/4437/4437 1160/4438/4438 1162/4439/4439
f 1110/4437/4437 1162/4439/4439 1112/4440/4440
f 1111/4441/4441 1113/4442/4442 1163/4443/4443
f 1111/4441/4441 1163/4443/4443 1161/4444/4444
f 1112/4445/4445 1162/4446/4446 1164/4447/4447
f 1112/4445/4445 1164/4447/4447 1114/4448/4448
f 1113/4449/4449 1115/4450/4450 1165/4451/4451
f 1113/4449/4449 1165/4451/4451 1163/4452/4452
f 1114/4453/4453 1164/4454/4454 1166/4455/4455
f 1114/4453/4453 1166/4455/4455 1116/4456/4456
f 1115/4457/4457 1117/4458/4458 1167/4459/4459
f 1115/4457/4457 1167/4459/4459 1165/4460/4460
f 1116/4461/4461 1166/4462/4462 1168/4463/4463
f 1116/4461/4461 1168/4463/4463 1118/4464/4464
f 1117/4465/4465 1119/4466/4466 1169/4467/4467
f 1117/4465/4465 1169/4467/4467 1167/4468/4468
f 1118/4469/4469 1168/4470/4470 1170/4471/4471
f 1118/4469/4469 1170/4471/4471 1120/4472/4472
f 1119/4473/4473 1121/4474/4474 1171/4475/4475
f 1119/4473/4473 1171/4475/4475 1169/4476/4476
f 1120/4477/4477 1170/4478/4478 1172/4479/4479
f 1120/4477/4477 1172/4479/4479 1122/4480/4480
f 1121/4481/4481 1123/4482/4482 1173/4483/4483
f 1121/4481/4481 1173/4483/4483 1171/4484/4484
f 1122/4485/4485 1172/4486/4486 1174/4487/4487
f 1122/4485/4485 1174/4487/4487 1124/4488/4488
f 1123/4489/4489 1125/4490/4490 1175/4491/4491
f 1123/4489/4489 1175/4491/4491 1173/4492/4492
f 1124/4493/4493 1174/4494/4494 1176/4495/4495
f 1124/4493/4493 1176/4495/4495 1126/4496/4496
f 1125/4497/4497 1127/4498/4498 1177/4499/4499
f 1125/4497/4497 1177/4499/4499 1175/4500/4500
f 1126/4501/4501 1176/4502/4502 1178/4503/4503
f 1126/4501/4501 1178/4503/4503 1128/4504/4504
f 1127/4505/4505 1129/4506/4506 1179/4507/4507
f 1127/4505/4505 1179/4507/4507 1177/4508/4508
f 1128/4509/4509 1178/4510/4510 1180/4511/4511
f 1128/4509/4509 1180/4511/4511 1130/4512/4512
f 1129/4513/4513 1131/4514/4514 1181/4515/4515
f 1129/4513/4513 1181/4515/4515 1179/4516/4516
f 1130/4517/4517 1180/4518/4518 1182/4519/4519
f 1130/4517/4517 1182/4519/4519 1132/4520/4520
f 1131/4521/4521 1133/4522/4522 1183/4523/4523
f 1131/4521/4521 1183/4523/4523 1181/4524/4524
f 1132/4525/4525 1182/4526/4526 1184/4527/4527
f 1132/4525/4525 1184/4527/4527 1134/4528/4528
f 1133/4529/4529 1135/4530/4530 1185/4531/4531
f 1133/4529/4529 1185/4531/4531 1183/4532/4532
f 1134/4533/4533 1184/4534/4534 1186/4535/4535
f 1134/4533/4533 1186/4535/4535 1136/4536/4536
f 1135/4537/4537 1137/4538/4538 1187/4539/4539
f 1135/4537/4537 1187/4539/4539 1185/4540/4540
f 1136/4541/4541 1186/4542/4542 1188/4543/4543
f 1136/4541/4541 1188/4543/4543 1138/4544/4544
f 1137/4545/4545 1139/4546/4546 1189/4547/4547
f 1137/4545/4545 1189/4547/4547 1187/4548/4548
f 1138/4549/4549 1188/4550/4550 1190/4551/4551
f 1138/4549/4549 1190/4551/4551 1140/4552/4552
f 1139/4553/4553 1141/4554/4554 1191/4555/4555
f 1139/4553/4553 1191/4555/4555 1189/4556/4556
f 1140/4557/4557 1190/4558/4558 1192/4559/4559
f 1140/4557/4557 1192/4559/4559 1142/4560/4560
f 1141/4561/4561 1143/4562/4562 1193/4563/4563
f 1141/4561/4561 1193/4563/4563 1191/4564/4564
f 1142/4565/4565 1192/4566/4566 1194/4567/4567
f 1142/4565/4565 1194/4567/4567 1144/4568/4568
f 1143/4569/4569 1145/4570/4570 1195/4571/4571
f 1143/4569/4569 1195/4571/4571 1193/4572/4572
f 1144/4573/4573 1194/4574/4574 1196/4575/4575
f 1144/4573/4573 1196/4575/4575 1146/4576/4576
f 1145/4577/4577 1147/4578/4578 1197/4579/4579
f 1145/4577/4577 1197/4579/4579 1195/4580/4580
f 1146/4581/4581 1196/4582/4582 1198/4583/4583
f 1146/4581/4581 1198/4583/4583 1148/4584/4584
f 1147/4585/4585 1149/4586/4586 1199/4587/4587
f 1147/4585/4585 1199/4587/4587 1197/4588/4588
f 1148/4589/4589 1198/4590/4590 1200/4591/4591
f 1148/4589/4589 1200/4591/4591 1150/4592/4592
f 1102/4593/4593 1152/4594/4594 1153/4595/4595
f 1102/4593/4593 1153/4595/4595 1103/4596/4596
f 1149/4597/4597 1150/4598/4598 1200/4599/4599
f 1149/4597/4597 1200/4599/4599 1199/4600/4600
f 1152/4601/4601 1151/4602/4602 1201/4603/4603
f 1152/4601/4601 1201/4603/4603 1202/4604/4604
f 1153/4605/4605 1203/4606/4606 1204/4607/4607
f 1153/4605/4605 1204/4607/4607 1154/4608/4608
f 1151/4609/4609 1155/4610/4610 1205/4611/4611
f 1151/4609/4609 1205/4611/4611 1201/4612/4612
f 1154/4613/4613 1204/4614/4614 1206/4615/4615
f 1154/4613/4613 1206/4615/4615 1156/4616/4616
f 1155/4617/4617 1157/4618/4618 1207/4619/4619
f 1155/4617/4617 1207/4619/4619 1205/4620/4620
f 1156/4621/4621 1206/4622/4622 1208/4623/4623
f 1156/4621/4621 1208/4623/4623 1158/4624/4624
f 1157/4625/4625 1159/4626/4626 1209/4627/4627
f 1157/4625/4625 1209/4627/4627 1207/4628/4628
f 1158/4629/4629 1208/4630/4630 1210/4631/4631
f 1158/4629/4629 1210/4631/4631 1160/4632/4632
f 1159/4633/4633 1161/4634/4634 1211/4635/4635
f 1159/4633/4633 1211/4635/4635 1209/4636/4636
f 1160/4637/4637 1210/4638/4638 1212/4639/4639
f 1160/4637/4637 1212/4639/4639 1162/4640/4640
f 1161/4641/4641 1163/4642/4642 1213/4643/4643
f 1161/4641/4641 1213/4643/4643 1211/4644/4644
f 1162/4645/4645 1212/4646/4646 1214/4647/4647
f 1162/4645/4645 1214/4647/4647 1164/4648/4648
f 1163/4649/4649 1165/4650/4650 1215/4651/4651
f 1163/4649/4649 1215/4651/4651 1213/4652/4652
f 1164/4653/4653 1214/4654/4654 1216/4655/4655
f 1164/4653/4653 1216/4655/4655 1166/4656/4656
f 1165/4657/4657 1167/4658/4658 1217/4659/4659
f 1165/4657/4657 1217/4659/4659 1215/4660/4660
f 1166/4661/4661 1216/4662/4662 1218/4663/4663
f 1166/4661/4661 1218/4663/4663 1168/4664/4664
f 1167/4665/4665 1169/4666/4666 1219/4667/4667
f 1167/4665/4665 1219/4667/4667 1217/4668/4668
f 1168/4669/4669 1218/4670/4670 1220/4671/4671
f 1168/4669/4669 1220/4671/4671 1170/4672/4672
f 1169/4673/4673 1171/4674/4674 1221/4675/4675
f 1169/4673/4673 1221/4675/4675 1219/4676/4676
f 1170/4677/4677 1220/4678/4678 1222/4679/4679
f 1170/4677/4677 1222/4679/4679 1172/4680/4680
f 1171/4681/4681 1173/4682/4682 1223/4683/4683
f 1171/4681/4681 1223/4683/4683 1221/4684/4684
f 1172/4685/4685 1222/4686/4686 1224/4687/4687
f 1172/4685/4685 1224/4687/4687 1174/4688/4688
f 1173/4689/4689 1175/4690/4690 1225/4691/4691
f 1173/4689/4689 1225/4691/4691 1223/4692/4692
f 1174/4693/4693 1224/4694/4694 1226/4695/4695
f 1174/4693/4693 1226/4695/4695 1176/4696/4696
f 1175/4697/4697 1177/4698/4698 1227/4699/4699
f 1175/4697/4697 1227/4699/4699 1225/4700/4700
f 1176/4701/4701 1226/4702/4702 1228/4703/4703
f 1176/4701/4701 1228/4703/4703 1178/4704/4704
f 1177/4705/4705 1179/4706/4706 1229/4707/4707
f 1177/4705/4705 1229/4707/4707 1227/4708/4708
f 1178/4709/4709 1228/4710/4710 1230/4711/4711
f 1178/4709/4709 1230/4711/4711 1180/4712/4712
f 1179/4713/4713 1181/4714/4714 1231/4715/4715
f 1179/4713/4713 1231/4715/4715 1229/4716/4716
f 1180/4717/4717 1230/4718/4718 1232/4719/4719
f 1180/4717/4717 1232/4719/4719 1182/4720/4720
f 1181/4721/4721 1183/4722/4722 1233/4723/4723
f 1181/4721/4721 1233/4723/4723 1231/4724/4724
f 1182/4725/4725 1232/4726/4726 1234/4727/4727
f 1182/4725/4725 1234/4727/4727 1184/4728/4728
f 1183/4729/4729 1185/4730/4730 1235/4731/4731
f 1183/4729/4729 1235/4731/4731 1233/4732/4732
f 1184/4733/4733 1234/4734/4734 1236/4735/4735
f 1184/4733/4733 1236/4735/4735 1186/4736/4736
f 1185/4737/4737 1187/4738/4738 1237/4739/4739
f 1185/4737/4737 1237/4739/4739 1235/4740/4740
f 1186/4741/4741 1236/4742/4742 1238/4743/4743
f 1186/4741/4741 1238/4743/4743 1188/4744/4744
f 1187/4745/4745 1189/4746/4746 1239/4747/4747
f 1187/4745/4745 1239/4747/4747 1237/4748/4748
f 1188/4749/4749 1238/4750/4750 1240/4751/4751
f 1188/4749/4749 1240/4751/4751 1190/4752/4752
f 1189/4753/4753 1191/4754/4754 1241/4755/4755
f 1189/4753/4753 1241/4755/4755 1239/4756/4756
f 1190/4757/4757 1240/4758/4758 1242/4759/4759
f 1190/4757/4757 1242/4759/4759 1192/4760/4760
f 1191/4761/4761 1193/4762/4762 1243/4763/4763
f 1191/4761/4761 1243/4763/4763 1241/4764/4764
f 1192/4765/4765 1242/4766/4766 1244/4767/4767
f 1192/4765/4765 1244/4767/4767 1194/4768/4768
f 1193/4769/4769 1195/4770/4770 1245/4771/4771
f 1193/4769/4769 1245/4771/4771 1243/4772/4772
f 1194/4773/4773 1244/4774/4774 1246/4775/4775
f 1194/4773/4773 1246/4775/4775 1196/4776/4776
f 1195/4777/4777 1197/4778/4778 1247/4779/4779
f 1195/4777/4777 1247/4779/4779 1245/4780/4780
f 1196/4781/4781 1246/4782/4782 1248/4783/4783
f 1196/4781/4781 1248/4783/4783 1198/4784/4784
f 1197/4785/4785 1199/4786/4786 1249/4787/4787
f 1197/4785/4785 1249/4787/4787 1247/4788/4788
f 1198/4789/4789 1248/4790/4790 1250/4791/4791
f 1198/4789/4789 1250/4791/4791 1200/4792/4792
f 1152/4793/4793 1202/4794/4794 1203/4795/4795
f 1152/4793/4793 1203/4795/4795 1153/4796/4796
f 1199/4797/4797 1200/4798/4798 1250/4799/4799
f 1199/4797/4797 1250/4799/4799 1249/4800/4800
f 1202/4801/4801 1201/4802/4802 1251/4803/4803
f 1202/4801/4801 1251/4803/4803 1252/4804/4804
f 1203/4805/4805 1253/4806/4806 1254/4807/4807
f 1203/4805/4805 1254/4807/4807 1204/4808/4808
f 1201/4809/4809 1205/4810/4810 1255/4811/4811
f 1201/4809/4809 1255/4811/4811 1251/4812/4812
f 1204/4813/4813 1254/4814/4814 1256/4815/4815
f 1204/4813/4813 1256/4815/4815 1206/4816/4816
f 1205/4817/4817 1207/4818/4818 1257/4819/4819
f 1205/4817/4817 1257/4819/4819 1255/4820/4820
f 1206/4821/4821 1256/4822/4822 1258/4823/4823
f 1206/4821/4821 1258/4823/4823 1208/4824/4824
f 1207/4825/4825 1209/4826/4826 1259/4827/4827
f 1207/4825/4825 1259/4827/4827 1257/4828/4828
f 1208/4829/4829 1258/4830/4830 1260/4831/4831
f 1208/4829/4829 1260/4831/4831 1210/4832/4832
f 1209/4833/4833 1211/4834/4834 1261/4835/4835
f 1209/4833/4833 1261/4835/4835 1259/4836/4836
f 1210/4837/4837 1260/4838/4838 1262/4839/4839
f 1210/4837/4837 1262/4839/4839 1212/4840/4840
f 1211/4841/4841 1213/4842/4842 1263/4843/4843
f 1211/4841/4841 1263/4843/4843 1261/4844/4844
f 1212/4845/4845 1262/4846/4846 1264/4847/4847
f 1212/4845/4845 1264/4847/4847 1214/4848/4848
f 1213/4849/4849 1215/4850/4850 1265/4851/4851
f 1213/4849/4849 1265/4851/4851 1263/4852/4852
f 1214/4853/4853 1264/4854/4854 1266/4855/4855
f 1214/4853/4853 1266/4855/4855 1216/4856/4856
f 1215/4857/4857 1217/4858/4858 1267/4859/4859
f 1215/4857/4857 1267/4859/4859 1265/4860/4860
f 1216/4861/4861 1266/4862/4862 1268/4863/4863
f 1216/4861/4861 1268/4863/4863 1218/4864/4864
f 1217/4865/4865 1219/4866/4866 1269/4867/4867
f 1217/4865/4865 1269/4867/4867 1267/4868/4868
f 1218/4869/4869 1268/4870/4870 1270/4871/4871
f 1218/4869/4869 1270/4871/4871 1220/4872/4872
f 1219/4873/4873 1221/4874/4874 1271/4875/4875
f 1219/4873/4873 1271/4875/4875 1269/4876/4876
f 1220/4877/4877 1270/4878/4878 1272/4879/4879
f 1220/4877/4877 1272/4879/4879 1222/4880/4880
f 1221/4881/4881 1223/4882/4882 1273/4883/4883
f 1221/4881/4881 1273/4883/4883 1271/4884/4884
f 1222/4885/4885 1272/4886/4886 1274/4887/4887
f 1222/4885/4885 1274/4887/4887 1224/4888/4888
f 1223/4889/4889 1225/4890/4890 1275/4891/4891
f 1223/4889/4889 1275/4891/4891 1273/4892/4892
f 1224/4893/4893 1274/4894/4894 1276/4895/4895
f 1224/4893/4893 1276/4895/4895 1226/4896/4896
f 1225/4897/4897 1227/4898/4898 1277/4899/4899
f 1225/4897/4897 1277/4899/4899 1275/4900/4900
f 1226/4901/4901 1276/4902/4902 1278/4903/4903
f 1226/4901/4901 1278/4903/4903 1228/4904/4904
f 1227/4905/4905 1229/4906/4906 1279/4907/4907
f 1227/4905/4905 1279/4907/4907 1277/4908/4908
f 1228/4909/4909 1278/4910/4910 1280/4911/4911
f 1228/4909/4909 1280/4911/4911 1230/4912/4912
f 1229/4913/4913 1231/4914/4914 1281/4915/4915
f 1229/4913/4913 1281/4915/4915 1279/4916/4916
f 1230/4917/4917 1280/4918/4918 1282/4919/4919
f 1230/4917/4917 1282/4919/4919 1232/4920/4920
f 1231/4921/4921 1233/4922/4922 1283/4923/4923
f 1231/4921/4921 1283/4923/4923 1281/4924/4924
f 1232/4925/4925 1282/4926/4926 1284/4927/4927
f 1232/4925/4925 1284/4927/4927 1234/4928/4928
f 1233/4929/4929 1235/4930/4930 1285/4931/4931
f 1233/4929/4929 1285/4931/4931 1283/4932/4932
f 1234/4933/4933 1284/4934/4934 1286/4935/4935
f 1234/4933/4933 1286/4935/4935 1236/4936/4936
f 1235/4937/4937 1237/4938/4938 1287/4939/4939
f 1235/4937/4937 1287/4939/4939 1285/4940/4940
f 1236/4941/4941 1286/4942/4942 1288/4943/4943
f 1236/4941/4941 1288/4943/4943 1238/4944/4944
f 1237/4945/4945 1239/4946/4946 1289/4947/4947
f 1237/4945/4945 1289/4947/4947 1287/4948/4948
f 1238/4949/4949 1288/4950/4950 1290/4951/4951
f 1238/4949/4949 1290/4951/4951 1240/4952/4952
f 1239/4953/4953 1241/4954/4954 1291/4955/4955
f 1239/4953/4953 1291/4955/4955 1289/4956/4956
f 1240/4957/4957 1290/4958/4958 1292/4959/4959
f 1240/4957/4957 1292/4959/4959 1242/4960/4960
f 1241/4961/4961 1243/4962/4962 1293/4963/4963
f 1241/4961/4961 1293/4963/4963 1291/4964/4964
f 1242/4965/4965 1292/4966/4966 1294/4967/4967
f 1242/4965/4965 1294/4967/4967 1244/4968/4968
f 1243/4969/4969 1245/4970/4970 1295/4971/4971
f 1243/4969/4969 1295/4971/4971 1293/4972/4972
f 1244/4973/4973 1294/4974/4974 1296/4975/4975
f 1244/4973/4973 1296/4975/4975 1246/4976/4976
f 1245/4977/4977 1247/4978/4978 1297/4979/4979
f 1245/4977/4977 1297/4979/4979 1295/4980/4980
f 1246/4981/4981 1296/4982/4982 1298/4983/4983
f 1246/4981/4981 1298/4983/4983 1248/4984/4984
f 1247/4985/4985 1249/4986/4986 1299/4987/4987
f 1247/4985/4985 1299/4987/4987 1297/4988/4988
f 1248/4989/4989 1298/4990/4990 1300/4991/4991
f 1248/4989/4989 1300/4991/4991 1250/4992/4992
f 1202/4993/4993 1252/4994/4994 1253/4995/4995
f 1202/4993/4993 1253/4995/4995 1203/4996/4996
f 1249/4997/4997 1250/4998/4998 1300/4999/4999
f 1249/4997/4997 1300/4999/4999 1299/5000/5000
f 1252/5001/5001 1251/5002/5002 1301/5003/5003
f 1252/5001/5001 1301/5003/5003 1302/5004/5004
f 1253/5005/5005 1303/5006/5006 1304/5007/5007
f 1253/5005/5005 1304/5007/5007 1254/5008/5008
f 1251/5009/5009 1255/5010/5010 1305/5011/5011
f 1251/5009/5009 1305/5011/5011 1301/5012/5012
f 1254/5013/5013 1304/5014/5014 1306/5015/5015
f 1254/5013/5013 1306/5015/5015 1256/5016/5016
f 1255/5017/5017 1257/5018/5018 1307/5019/5019
f 1255/5017/5017 1307/5019/5019 1305/5020/5020
f 1256/5021/5021 1306/5022/5022 1308/5023/5023
f 1256/5021/5021 1308/5023/5023 1258/5024/5024
f 1257/5025/5025 1259/5026/5026 1309/5027/5027
f 1257/5025/5025 1309/5027/5027 1307/5028/5028
f 1258/5029/5029 1308/5030/5030 1310/5031/5031
f 1258/5029/5029 1310/5031/5031 1260/5032/5032
f 1259/5033/5033 1261/5034/5034 1311/5035/5035
f 1259/5033/5033 1311/5035/5035 1309/5036/5036
f 1260/5037/5037 1310/5038/5038 1312/5039/5039
f 1260/5037/5037 1312/5039/5039 1262/5040/5040
f 1261/5041/5041 1263/5042/5042 1313/5043/5043
f 1261/5041/5041 1313/5043/5043 1311/5044/5044
f 1262/5045/5045 1312/5046/5046 1314/5047/5047
f 1262/5045/5045 1314/5047/5047 1264/5048/5048
f 1263/5049/5049 1265/5050/5050 1315/5051/5051
f 1263/5049/5049 1315/5051/5051 1313/5052/5052
f 1264/5053/5053 1314/5054/5054 1316/5055/5055
f 1264/5053/5053 1316/5055/5055 1266/5056/5056
f 1265/5057/5057 1267/5058/5058 1317/5059/5059
f 1265/5057/5057 1317/5059/5059 1315/5060/5060
f 1266/5061/5061 1316/5062/5062 1318/5063/5063
f 1266/5061/5061 1318/5063/5063 1268/5064/5064
f 1267/5065/5065 1269/5066/5066 1319/5067/5067
f 1267/5065/5065 1319/5067/5067 1317/5068/5068
f 1268/5069/5069 1318/5070/5070 1320/5071/5071
f 1268/5069/5069 1320/5071/5071 1270/5072/5072
f 1269/5073/5073 1271/5074/5074 1321/5075/5075
f 1269/5073/5073 1321/5075/5075 1319/5076/5076
f 1270/5077/5077 1320/5078/5078 1322/5079/5079
f 1270/5077/5077 1322/5079/5079 1272/5080/5080
f 1271/5081/5081 1273/5082/5082 1323/5083/5083
f 1271/5081/5081 1323/5083/5083 1321/5084/5084
f 1272/5085/5085 1322/5086/5086 1324/5087/5087
f 1272/5085/5085 1324/5087/5087 1274/5088/5088
f 1273/5089/5089 1275/5090/5090 1325/5091/5091
f 1273/5089/5089 1325/5091/5091 1323/5092/5092
f 1274/5093/5093 1324/5094/5094 1326/5095/5095
f 1274/5093/5093 1326/5095/5095 1276/5096/5096
f 1275/5097/5097 1277/5098/5098 1327/5099/5099
f 1275/5097/5097 1327/5099/5099 1325/5100/5100
f 1276/5101/5101 1326/5102/5102 1328/5103/5103
f 1276/5101/5101 1328/5103/5103 1278/5104/5104
f 1277/5105/5105 1279/5106/5106 1329/5107/5107
f 1277/5105/5105 1329/5107/5107 1327/5108/5108
f 1278/5109/5109 1328/5110/5110 1330/5111/5111
f 1278/5109/5109 1330/5111/5111 1280/5112/5112
f 1279/5113/5113 1281/5114/5114 1331/5115/5115
f 1279/5113/5113 1331/5115/5115 1329/5116/5116
f 1280/5117/5117 1330/5118/5118 1332/5119/5119
f 1280/5117/5117 1332/5119/5119 1282/5120/5120
f 1281/5121/5121 1283/5122/5122 1333/5123/5123
f 1281/5121/5121 1333/5123/5123 1331/5124/5124
f 1282/5125/5125 1332/5126/5126 1334/5127/5127
f 1282/5125/5125 1334/5127/5127 1284/5128/5128
f 1283/5129/5129 1285/5130/5130 1335/5131/5131
f 1283/5129/5129 1335/5131/5131 1333/5132/5132
f 1284/5133/5133 1334/5134/5134 1336/5135/5135
f 1284/5133/5133 1336/5135/5135 1286/5136/5136
f 1285/5137/5137 1287/5138/5138 1337/5139/5139
f 1285/5137/5137 1337/5139/5139 1335/5140/5140
f 1286/5141/5141 1336/5142/5142 1338/5143/5143
f 1286/5141/5141 1338/5143/5143 1288/5144/5144
f 1287/5145/5145 1289/5146/5146 1339/5147/5147
f 1287/5145/5145 1339/5147/5147 1337/5148/5148
f 1288/5149/5149 1338/5150/5150 1340/5151/5151
f 1288/5149/5149 1340/5151/5151 1290/5152/5152
f 1289/5153/5153 1291/5154/5154 1341/5155/5155
f 1289/5153/5153 1341/5155/5155 1339/5156/5156
f 1290/5157/5157 1340/5158/5158 1342/5159/5159
f 1290/5157/5157 1342/5159/5159 1292/5160/5160
f 1291/5161/5161 1293/5162/5162 1343/5163/5163
f 1291/5161/5161 1343/5163/5163 1341/5164/5164
f 1292/5165/5165 1342/5166/5166 1344/5167/5167
f 1292/5165/5165 1344/5167/5167 1294/5168/5168
f 1293/5169/5169 1295/5170/5170 1345/5171/5171
f 1293/5169/5169 1345/5171/5171 1343/5172/5172
f 1294/5173/5173 1344/5174/5174 1346/5175/5175
f 1294/5173/5173 1346/5175/5175 1296/5176/5176
f 1295/5177/5177 1297/5178/5178 1347/5179/5179
f 1295/5177/5177 1347/5179/5179 1345/5180/5180
f 1296/5181/5181 1346/5182/5182 1348/5183/5183
f 1296/5181/5181 1348/5183/5183 1298/5184/5184
f 1297/5185/5185 1299/5186/5186 1349/5187/5187
f 1297/5185/5185 1349/5187/5187 1347/5188/5188
f 1298/5189/5189 1348/5190/5190 1350/5191/5191
f 1298/5189/5189 1350/5191/5191 1300/5192/5192
f 1252/5193/5193 1302/5194/5194 1303/5195/5195
f 1252/5193/5193 1303/5195/5195 1253/5196/5196
f 1299/5197/5197 1300/5198/5198 1350/5199/5199
f 1299/5197/5197 1350/5199/5199 1349/5200/5200
f 1302/5201/5201 1301/5202/5202 1351/5203/5203
f 1302/5201/5201 1351/5203/5203 1352/5204/5204
f 1303/5205/5205 1353/5206/5206 1354/5207/5207
f 1303/5205/5205 1354/5207/5207 1304/5208/5208
f 1301/5209/5209 1305/5210/5210 1355/5211/5211
f 1301/5209/5209 1355/5211/5211 1351/5212/5212
f 1304/5213/5213 1354/5214/5214 1356/5215/5215
f 1304/5213/5213 1356/5215/5215 1306/5216/5216
f 1305/5217/5217 1307/5218/5218 1357/5219/5219
f 1305/5217/5217 1357/5219/5219 1355/5220/5220
f 1306/5221/5221 1356/5222/5222 1358/5223/5223
f 1306/5221/5221 1358/5223/5223 1308/5224/5224
f 1307/5225/5225 1309/5226/5226 1359/5227/5227
f 1307/5225/5225 1359/5227/5227 1357/5228/5228
f 1308/5229/5229 1358/5230/5230 1360/5231/5231
f 1308/5229/5229 1360/5231/5231 1310/5232/5232
f 1309/5233/5233 1311/5234/5234 1361/5235/5235
f 1309/5233/5233 1361/5235/5235 1359/5236/5236
f 1310/5237/5237 1360/5238/5238 1362/5239/5239
f 1310/5237/5237 1362/5239/5239 1312/5240/5240
f 1311/5241/5241 1313/5242/5242 1363/5243/5243
f 1311/5241/5241 1363/5243/5243 1361/5244/5244
f 1312/5245/5245 1362/5246/5246 1364/5247/5247
f 1312/5245/5245 1364/5247/5247 1314/5248/5248
f 1313/5249/5249 1315/5250/5250 1365/5251/5251
f 1313/5249/5249 1365/5251/5251 1363/5252/5252
f 1314/5253/5253 1364/5254/5254 1366/5255/5255
f 1314/5253/5253 1366/5255/5255 1316/5256/5256
f 1315/5257/5257 1317/5258/5258 1367/5259/5259
f 1315/5257/5257 1367/5259/5259 1365/5260/5260
f 1316/5261/5261 1366/5262/5262 1368/5263/5263
f 1316/5261/5261 1368/5263/5263 1318/5264/5264
f 1317/5265/5265 1319/5266/5266 1369/5267/5267
f 1317/5265/5265 1369/5267/5267 1367/5268/5268
f 1318/5269/5269 1368/5270/5270 1370/5271/5271
f 1318/5269/5269 1370/5271/5271 1320/5272/5272
f 1319/5273/5273 1321/5274/5274 1371/5275/5275
f 1319/5273/5273 1371/5275/5275 1369/5276/5276
f 1320/5277/5277 1370/5278/5278 1372/5279/5279
f 1320/5277/5277 1372/5279/5279 1322/5280/5280
f 1321/5281/5281 1323/5282/5282 1373/5283/5283
f 1321/5281/5281 1373/5283/5283 1371/5284/5284
f 1322/5285/5285 1372/5286/5286 1374/5287/5287
f 1322/5285/5285 1374/5287/5287 1324/5288/5288
f 1323/5289/5289 1325/5290/5290 1375/5291/5291
f 1323/5289/5289 1375/5291/5291 1373/5292/5292
f 1324/5293/5293 1374/5294/5294 1376/5295/5295
f 1324/5293/5293 1376/5295/5295 1326/5296/5296
f 1325/5297/5297 1327/5298/5298 1377/5299/5299
f 1325/5297/5297 1377/5299/5299 1375/5300/5300
f 1326/5301/5301 1376/5302/5302 1378/5303/5303
f 1326/5301/5301 1378/5303/5303 1328/5304/5304
f 1327/5305/5305 1329/5306/5306 1379/5307/5307
f 1327/5305/5305 1379/5307/5307 1377/5308/5308
f 1328/5309/5309 1378/5310/5310 1380/5311/5311
f 1328/5309/5309 1380/5311/5311 1330/5312/5312
f 1329/5313/5313 1331/5314/5314 1381/5315/5315
f 1329/5313/5313 1381/5315/5315 1379/5316/5316
f 1330/5317/5317 1380/5318/5318 1382/5319/5319
f 1330/5317/5317 1382/5319/5319 1332/5320/5320
f 1331/5321/5321 1333/5322/5322 1383/5323/5323
f 1331/5321/5321 1383/5323/5323 1381/5324/5324
f 1332/5325/5325 1382/5326/5326 1384/5327/5327
f 1332/5325/5325 1384/5327/5327 1334/5328/5328
f 1333/5329/5329 1335/5330/5330 1385/5331/5331
f 1333/5329/5329 1385/5331/5331 1383/5332/5332
f 1334/5333/5333 1384/5334/5334 1386/5335/5335
f 1334/5333/5333 1386/5335/5335 1336/5336/5336
f 1335/5337/5337 1337/5338/5338 1387/5339/5339
f 1335/5337/5337 1387/5339/5339 1385/5340/5340
f 1336/5341/5341 1386/5342/5342 1388/5343/5343
f 1336/5341/5341 1388/5343/5343 1338/5344/5344
f 1337/5345/5345 1339/5346/5346 1389/5347/5347
f 1337/5345/5345 1389/5347/5347 1387/5348/5348
f 1338/5349/5349 1388/5350/5350 1390/5351/5351
f 1338/5349/5349 1390/5351/5351 1340/5352/5352
f 1339/5353/5353 1341/5354/5354 1391/5355/5355
f 1339/5353/5353 1391/5355/5355 1389/5356/5356
f 1340/5357/5357 1390/5358/5358 1392/5359/5359
f 1340/5357/5357 1392/5359/5359 1342/5360/5360
f 1341/5361/5361 1343/5362/5362 1393/5363/5363
f 1341/5361/5361 1393/5363/5363 1391/5364/5364
f 1342/5365/5365 1392/5366/5366 1394/5367/5367
f 1342/5365/5365 1394/5367/5367 1344/5368/5368
f 1343/5369/5369 1345/5370/5370 1395/5371/5371
f 1343/5369/5369 1395/5371/5371 1393/5372/5372
f 1344/5373/5373 1394/5374/5374 1396/5375/5375
f 1344/5373/5373 1396/5375/5375 1346/5376/5376
f 1345/5377/5377 1347/5378/5378 1397/5379/5379
f 1345/5377/5377 1397/5379/5379 1395/5380/5380
f 1346/5381/5381 1396/5382/5382 1398/5383/5383
f 1346/5381/5381 1398/5383/5383 1348/5384/5384
f 1347/5385/5385 1349/5386/5386 1399/5387/5387
f 1347/5385/5385 1399/5387/5387 1397/5388/5388
f 1348/5389/5389 1398/5390/5390 1400/5391/5391
f 1348/5389/5389 1400/5391/5391 1350/5392/5392
f 1302/5393/5393 1352/5394/5394 1353/5395/5395
f 1302/5393/5393 1353/5395/5395 1303/5396/5396
f 1349/5397/5397 1350/5398/5398 1400/5399/5399
f 1349/5397/5397 1400/5399/5399 1399/5400/5400
f 1352/5401/5401 1351/5402/5402 1401/5403/5403
f 1352/5401/5401 1401/5403/5403 1402/5404/5404
f 1353/5405/5405 1403/5406/5406 1404/5407/5407
f 1353/5405/5405 1404/5407/5407 1354/5408/5408
f 1351/5409/5409 1355/5410/5410 1405/5411/5411
f 1351/5409/5409 1405/5411/5411 1401/5412/5412
f 1354/5413/5413 1404/5414/5414 1406/5415/5415
f 1354/5413/5413 1406/5415/5415 1356/5416/5416
f 1355/5417/5417 1357/5418/5418 1407/5419/5419
f 1355/5417/5417 1407/5419/5419 1405/5420/5420
f 1356/5421/5421 1406/5422/5422 1408/5423/5423
f 1356/5421/5421 1408/5423/5423 1358/5424/5424
f 1357/5425/5425 1359/5426/5426 1409/5427/5427
f 1357/5425/5425 1409/5427/5427 1407/5428/5428
f 1358/5429/5429 1408/5430/5430 1410/5431/5431
f 1358/5429/5429 1410/5431/5431 1360/5432/5432
f 1359/5433/5433 1361/5434/5434 1411/5435/5435
f 1359/5433/5433 1411/5435/5435 1409/5436/5436
f 1360/5437/5437 1410/5438/5438 1412/5439/5439
f 1360/5437/5437 1412/5439/5439 1362/5440/5440
f 1361/5441/5441 1363/5442/5442 1413/5443/5443
f 1361/5441/5441 1413/5443/5443 1411/5444/5444
f 1362/5445/5445 1412/5446/5446 1414/5447/5447
f 1362/5445/5445 1414/5447/5447 1364/5448/5448
f 1363/5449/5449 1365/5450/5450 1415/5451/5451
f 1363/5449/5449 1415/5451/5451 1413/5452/5452
f 1364/5453/5453 1414/5454/5454 1416/5455/5455
f 1364/5453/5453 1416/5455/5455 1366/5456/5456
f 1365/5457/5457 1367/5458/5458 1417/5459/5459
f 1365/5457/5457 1417/5459/5459 1415/5460/5460
f 1366/5461/5461 1416/5462/5462 1418/5463/5463
f 1366/5461/5461 1418/5463/5463 1368/5464/5464
f 1367/5465/5465 1369/5466/5466 1419/5467/5467
f 1367/5465/5465 1419/5467/5467 1417/5468/5468
f 1368/5469/5469 1418/5470/5470 1420/5471/5471
f 1368/5469/5469 1420/5471/5471 1370/5472/5472
f 1369/5473/5473 1371/5474/5474 1421/5475/5475
f 1369/5473/5473 1421/5475/5475 1419/5476/5476
f 1370/5477/5477 1420/5478/5478 1422/5479/5479
f 1370/5477/5477 1422/5479/5479 1372/5480/5480
f 1371/5481/5481 1373/5482/5482 1423/5483/5483
f 1371/5481/5481 1423/5483/5483 1421/5484/5484
f 1372/5485/5485 1422/5486/5486 1424/5487/5487
f 1372/5485/5485 1424/5487/5487 1374/5488/5488
f 1373/5489/5489 1375/5490/5490 1425/5491/5491
f 1373/5489/5489 1425/5491/5491 1423/5492/5492
f 1374/5493/5493 1424/5494/5494 1426/5495/5495
f 1374/5493/5493 1426/5495/5495 1376/5496/5496
f 1375/5497/5497 1377/5498/5498 1427/5499/5499
f 1375/5497/5497 1427/5499/5499 1425/5500/5500
f 1376/5501/5501 1426/5502/5502 1428/5503/5503
f 1376/5501/5501 1428/5503/5503 1378/5504/5504
f 1377/5505/5505 1379/5506/5506 1429/5507/5507
f 1377/5505/5505 1429/5507/5507 1427/5508/5508
f 1378/5509/5509 1428/5510/5510 1430/5511/5511
f 1378/5509/5509 1430/5511/5511 1380/5512/5512
f 1379/5513/5513 1381/5514/5514 1431/5515/5515
f 1379/5513/5513 1431/5515/5515 1429/5516/5516
f 1380/5517/5517 1430/5518/5518 1432/5519/5519
f 1380/5517/5517 1432/5519/5519 1382/5520/5520
f 1381/5521/5521 1383/5522/5522 1433/5523/5523
f 1381/5521/5521 1433/5523/5523 1431/5524/5524
f 1382/5525/5525 1432/5526/5526 1434/5527/5527
f 1382/5525/5525 1434/5527/5527 1384/5528/5528
f 1383/5529/5529 1385/5530/5530 1435/5531/5531
f 1383/5529/5529 1435/5531/5531 1433/5532/5532
f 1384/5533/5533 1434/5534/5534 1436/5535/5535
f 1384/5533/5533 1436/5535/5535 1386/5536/5536
f 1385/5537/5537 1387/5538/5538 1437/5539/5539
f 1385/5537/5537 1437/5539/5539 1435/5540/5540
f 1386/5541/5541 1436/5542/5542 1438/5543/5543
f 1386/5541/5541 1438/5543/5543 1388/5544/5544
f 1387/5545/5545 1389/5546/5546 1439/5547/5547
f 1387/5545/5545 1439/5547/5547 1437/5548/5548
f 1388/5549/5549 1438/5550/5550 1440/5551/5551
f 1388/5549/5549 1440/5551/5551 1390/5552/5552
f 1389/5553/5553 1391/5554/5554 1441/5555/5555
f 1389/5553/5553 1441/5555/5555 1439/5556/5556
f 1390/5557/5557 1440/5558/5558 1442/5559/5559
f 1390/5557/5557 1442/5559/5559 1392/5560/5560
f 1391/5561/5561 1393/5562/5562 1443/5563/5563
f 1391/5561/5561 1443/5563/5563 1441/5564/5564
f 1392/5565/5565 1442/5566/5566 1444/5567/5567
f 1392/5565/5565 1444/5567/5567 1394/5568/5568
f 1393/5569/5569 1395/5570/5570 1445/5571/5571
f 1393/5569/5569 1445/5571/5571 1443/5572/5572
f 1394/5573/5573 1444/5574/5574 1446/5575/5575
f 1394/5573/5573 1446/5575/5575 1396/5576/5576
f 1395/5577/5577 1397/5578/5578 1447/5579/5579
f 1395/5577/5577 1447/5579/5579 1445/5580/5580
f 1396/5581/5581 1446/5582/5582 1448/5583/5583
f 1396/5581/5581 1448/5583/5583 1398/5584/5584
f 1397/5585/5585 1399/5586/5586 1449/5587/5587
f 1397/5585/5585 1449/5587/5587 1447/5588/5588
f 1398/5589/5589 1448/5590/5590 1450/5591/5591
f 1398/5589/5589 1450/5591/5591 1400/5592/5592
f 1352/5593/5593 1402/5594/5594 1403/5595/5595
f 1352/5593/5593 1403/5595/5595 1353/5596/5596
f 1399/5597/5597 1400/5598/5598 1450/5599/5599
f 1399/5597/5597 1450/5599/5599 1449/5600/5600
f 1402/5601/5601 1401/5602/5602 1451/5603/5603
f 1402/5601/5601 1451/5603/5603 1452/5604/5604
f 1403/5605/5605 1453/5606/5606 1454/5607/5607
f 1403/5605/5605 1454/5607/5607 1404/5608/5608
f 1401/5609/5609 1405/5610/5610 1455/5611/5611
f 1401/5609/5609 1455/5611/5611 1451/5612/5612
f 1404/5613/5613 1454/5614/5614 1456/5615/5615
f 1404/5613/5613 1456/5615/5615 1406/5616/5616
f 1405/5617/5617 1407/5618/5618 1457/5619/5619
f 1405/5617/5617 1457/5619/5619 1455/5620/5620
f 1406/5621/5621 1456/5622/5622 1458/5623/5623
f 1406/5621/5621 1458/5623/5623 1408/5624/5624
f 1407/5625/5625 1409/5626/5626 1459/5627/5627
f 1407/5625/5625 1459/5627/5627 1457/5628/5628
f 1408/5629/5629 1458/5630/5630 1460/5631/5631
f 1408/5629/5629 1460/5631/5631 1410/5632/5632
f 1409/5633/5633 1411/5634/5634 1461/5635/5635
f 1409/5633/5633 1461/5635/5635 1459/5636/5636
f 1410/5637/5637 1460/5638/5638 1462/5639/5639
f 1410/5637/5637 1462/5639/5639 1412/5640/5640
f 1411/5641/5641 1413/5642/5642 1463/5643/5643
f 1411/5641/5641 1463/5643/5643 1461/5644/5644
f 1412/5645/5645 1462/5646/5646 1464/5647/5647
f 1412/5645/5645 1464/5647/5647 1414/5648/5648
f 1413/5649/5649 1415/5650/5650 1465/5651/5651
f 1413/5649/5649 1465/5651/5651 1463/5652/5652
f 1414/5653/5653 1464/5654/5654 1466/5655/5655
f 1414/5653/5653 1466/5655/5655 1416/5656/5656
f 1415/5657/5657 1417/5658/5658 1467/5659/5659
f 1415/5657/5657 1467/5659/5659 1465/5660/5660
f 1416/5661/5661 1466/5662/5662 1468/5663/5663
f 1416/5661/5661 1468/5663/5663 1418/5664/5664
f 1417/5665/5665 1419/5666/5666 1469/5667/5667
f 1417/5665/5665 1469/5667/5667 1467/5668/5668
f 1418/5669/5669 1468/5670/5670 1470/5671/5671
f 1418/5669/5669 1470/5671/5671 1420/5672/5672
f 1419/5673/5673 1421/5674/5674 1471/5675/5675
f 1419/5673/5673 1471/5675/5675 1469/5676/5676
f 1420/5677/5677 1470/5678/5678 1472/5679/5679
f 1420/5677/5677 1472/5679/5679 1422/5680/5680
f 1421/5681/5681 1423/5682/5682 1473/5683/5683
f 1421/5681/5681 1473/5683/5683 1471/5684/5684
f 1422/5685/5685 1472/5686/5686 1474/5687/5687
f 1422/5685/5685 1474/5687/5687 1424/5688/5688
f 1423/5689/5689 1425/5690/5690 1475/5691/5691
f 1423/5689/5689 1475/5691/5691 1473/5692/5692
f 1424/5693/5693 1474/5694/5694 1476/5695/5695
f 1424/5693/5693 1476/5695/5695 1426/5696/5696
f 1425/5697/5697 1427/5698/5698 1477/5699/5699
f 1425/5697/5697 1477/5699/5699 1475/5700/5700
f 1426/5701/5701 1476/5702/5702 1478/5703/5703
f 1426/5701/5701 1478/5703/5703 1428/5704/5704
f 1427/5705/5705 1429/5706/5706 1479/5707/5707
f 1427/5705/5705 1479/5707/5707 1477/5708/5708
f 1428/5709/5709 1478/5710/5710 1480/5711/5711
f 1428/5709/5709 1480/5711/5711 1430/5712/5712
f 1429/5713/5713 1431/5714/5714 1481/5715/5715
f 1429/5713/5713 1481/5715/5715 1479/5716/5716
f 1430/5717/5717 1480/5718/5718 1482/5719/5719
f 1430/5717/5717 1482/5719/5719 1432/5720/5720
f 1431/5721/5721 1433/5722/5722 1483/5723/5723
f 1431/5721/5721 1483/5723/5723 1481/5724/5724
f 1432/5725/5725 1482/5726/5726 1484/5727/5727
f 1432/5725/5725 1484/5727/5727 1434/5728/5728
f 1433/5729/5729 1435/5730/5730 1485/5731/5731
f 1433/5729/5729 1485/5731/5731 1483/5732/5732
f 1434/5733/5733 1484/5734/5734 1486/5735/5735
f 1434/5733/5733 1486/5735/5735 1436/5736/5736
f 1435/5737/5737 1437/5738/5738 1487/5739/5739
f 1435/5737/5737 1487/5739/5739 1485/5740/5740
f 1436/5741/5741 1486/5742/5742 1488/5743/5743
f 1436/5741/5741 1488/5743/5743 1438/5744/5744
f 1437/5745/5745 1439/5746/5746 1489/5747/5747
f 1437/5745/5745 1489/5747/5747 1487/5748/5748
f 1438/5749/5749 1488/5750/5750 1490/5751/5751
f 1438/5749/5749 1490/5751/5751 1440/5752/5752
f 1439/5753/5753 1441/5754/5754 1491/5755/5755
f 1439/5753/5753 1491/5755/5755 1489/5756/5756
f 1440/5757/5757 1490/5758/5758 1492/5759/5759
f 1440/5757/5757 1492/5759/5759 1442/5760/5760
f 1441/5761/5761 1443/5762/5762 1493/5763/5763
f 1441/5761/5761 1493/5763/5763 1491/5764/5764
f 1442/5765/5765 1492/5766/5766 1494/5767/5767
f 1442/5765/5765 1494/5767/5767 1444/5768/5768
f 1443/5769/5769 1445/5770/5770 1495/5771/5771
f 1443/5769/5769 1495/5771/5771 1493/5772/5772
f 1444/5773/5773 1494/5774/5774 1496/5775/5775
f 1444/5773/5773 1496/5775/5775 1446/5776/5776
f 1445/5777/5777 1447/5778/5778 1497/5779/5779
f 1445/5777/5777 1497/5779/5779 1495/5780/5780
f 1446/5781/5781 1496/5782/5782 1498/5783/5783
f 1446/5781/5781 1498/5783/5783 1448/5784/5784
f 1447/5785/5785 1449/5786/5786 1499/5787/5787
f 1447/5785/5785 1499/5787/5787 1497/5788/5788
f 1448/5789/5789 1498/5790/5790 1500/5791/5791
f 1448/5789/5789 1500/5791/5791 1450/5792/5792
f 1402/5793/5793 1452/5794/5794 1453/5795/5795
f 1402/5793/5793 1453/5795/5795 1403/5796/5796
f 1449/5797/5797 1450/5798/5798 1500/5799/5799
f 1449/5797/5797 1500/5799/5799 1499/5800/5800
f 1452/5801/5801 1451/5802/5802 1501/5803/5803
f 1452/5801/5801 1501/5803/5803 1502/5804/5804
f 1453/5805/5805 1503/5806/5806 1504/5807/5807
f 1453/5805/5805 1504/5807/5807 1454/5808/5808
f 1451/5809/5809 1455/5810/5810 1505/5811/5811
f 1451/5809/5809 1505/5811/5811 1501/5812/5812
f 1454/5813/5813 1504/5814/5814 1506/5815/5815
f 1454/5813/5813 1506/5815/5815 1456/5816/5816
f 1455/5817/5817 1457/5818/5818 1507/5819/5819
f 1455/5817/5817 1507/5819/5819 1505/5820/5820
f 1456/5821/5821 1506/5822/5822 1508/5823/5823
f 1456/5821/5821 1508/5823/5823 1458/5824/5824
f 1457/5825/5825 1459/5826/5826 1509/5827/5827
f 1457/5825/5825 1509/5827/5827 1507/5828/5828
f 1458/5829/5829 1508/5830/5830 1510/5831/5831
f 1458/5829/5829 1510/5831/5831 1460/5832/5832
f 1459/5833/5833 1461/5834/5834 1511/5835/5835
f 1459/5833/5833 1511/5835/5835 1509/5836/5836
f 1460/5837/5837 1510/5838/5838 1512/5839/5839
f 1460/5837/5837 1512/5839/5839 1462/5840/5840
f 1461/5841/5841 1463/5842/5842 1513/5843/5843
f 1461/5841/5841 1513/5843/5843 1511/5844/5844
f 1462/5845/5845 1512/5846/5846 1514/5847/5847
f 1462/5845/5845 1514/5847/5847 1464/5848/5848
f 1463/5849/5849 1465/5850/5850 1515/5851/5851
f 1463/5849/5849 1515/5851/5851 1513/5852/5852
f 1464/5853/5853 1514/5854/5854 1516/5855/5855
f 1464/5853/5853 1516/5855/5855 1466/5856/5856
f 1465/5857/5857 1467/5858/5858 1517/5859/5859
f 1465/5857/5857 1517/5859/5859 1515/5860/5860
f 1466/5861/5861 1516/5862/5862 1518/5863/5863
f 1466/5861/5861 1518/5863/5863 1468/5864/5864
f 1467/5865/5865 1469/5866/5866 1519/5867/5867
f 1467/5865/5865 1519/5867/5867 1517/5868/5868
f 1468/5869/5869 1518/5870/5870 1520/5871/5871
f 1468/5869/5869 1520/5871/5871 1470/5872/5872
f 1469/5873/5873 1471/5874/5874 1521/5875/5875
f 1469/5873/5873 1521/5875/5875 1519/5876/5876
f 1470/5877/5877 1520/5878/5878 1522/5879/5879
f 1470/5877/5877 1522/5879/5879 1472/5880/5880
f 1471/5881/5881 1473/5882/5882 1523/5883/5883
f 1471/5881/5881 1523/5883/5883 1521/5884/5884
f 1472/5885/5885 1522/5886/5886 1524/5887/5887
f 1472/5885/5885 1524/5887/5887 1474/5888/5888
f 1473/5889/5889 1475/5890/5890 1525/5891/5891
f 1473/5889/5889 1525/5891/5891 1523/5892/5892
f 1474/5893/5893 1524/5894/5894 1526/5895/5895
f 1474/5893/5893 1526/5895/5895 1476/5896/5896
f 1475/5897/5897 1477/5898/5898 1527/5899/5899
f 1475/5897/5897 1527/5899/5899 1525/5900/5900
f 1476/5901/5901 1526/5902/5902 1528/5903/5903
f 1476/5901/5901 1528/5903/5903 1478/5904/5904
f 1477/5905/5905 1479/5906/5906 1529/5907/5907
f 1477/5905/5905 1529/5907/5907 1527/5908/5908
f 1478/5909/5909 1528/5910/5910 1530/5911/5911
f 1478/5909/5909 1530/5911/5911 1480/5912/5912
f 1479/5913/5913 1481/5914/5914 1531/5915/5915
f 1479/5913/5913 1531/5915/5915 1529/5916/5916
f 1480/5917/5917 1530/5918/5918 1532/5919/5919
f 1480/5917/5917 1532/5919/5919 1482/5920/5920
f 1481/5921/5921 1483/5922/5922 1533/5923/5923
f 1481/5921/5921 1533/5923/5923 1531/5924/5924
f 1482/5925/5925 1532/5926/5926 1534/5927/5927
f 1482/5925/5925 1534/5927/5927 1484/5928/5928
f 1483/5929/5929 1485/5930/5930 1535/5931/5931
f 1483/5929/5929 1535/5931/5931 1533/5932/5932
f 1484/5933/5933 1534/5934/5934 1536/5935/5935
f 1484/5933/5933 1536/5935/5935 1486/5936/5936
f 1485/5937/5937 1487/5938/5938 1537/5939/5939
f 1485/5937/5937 1537/5939/5939 1535/5940/5940
f 1486/5941/5941 1536/5942/5942 1538/5943/5943
f 1486/5941/5941 1538/5943/5943 1488/5944/5944
f 1487/5945/5945 1489/5946/5946 1539/5947/5947
f 1487/5945/5945 1539/5947/5947 1537/5948/5948
f 1488/5949/5949 1538/5950/5950 1540/5951/5951
f 1488/5949/5949 1540/5951/5951 1490/5952/5952
f 1489/5953/5953 1491/5954/5954 1541/5955/5955
f 1489/5953/5953 1541/5955/5955 1539/5956/5956
f 1490/5957/5957 1540/5958/5958 1542/5959/5959
f 1490/5957/5957 1542/5959/5959 1492/5960/5960
f 1491/5961/5961 1493/5962/5962 1543/5963/5963
f 1491/5961/5961 1543/5963/5963 1541/5964/5964
f 1492/5965/5965 1542/5966/5966 1544/5967/5967
f 1492/5965/5965 1544/5967/5967 1494/5968/5968
f 1493/5969/5969 1495/5970/5970 1545/5971/5971
f 1493/5969/5969 1545/5971/5971 1543/5972/5972
f 1494/5973/5973 1544/5974/5974 1546/5975/5975
f 1494/5973/5973 1546/5975/5975 1496/5976/5976
f 1495/5977/5977 1497/5978/5978 1547/5979/5979
f 1495/5977/5977 1547/5979/5979 1545/5980/5980
f 1496/5981/5981 1546/5982/5982 1548/5983/5983
f 1496/5981/5981 1548/5983/5983 1498/5984/5984
f 1497/5985/5985 1499/5986/5986 1549/5987/5987
f 1497/5985/5985 1549/5987/5987 1547/5988/5988
f 1498/5989/5989 1548/5990/5990 1550/5991/5991
f 1498/5989/5989 1550/5991/5991 1500/5992/5992
f 1452/5993/5993 1502/5994/5994 1503/5995/5995
f 1452/5993/5993 1503/5995/5995 1453/5996/5996
f 1499/5997/5997 1500/5998/5998 1550/5999/5999
f 1499/5997/5997 1550/5999/5999 1549/6000/6000
f 1502/6001/6001 1501/6002/6002 1551/6003/6003
f 1502/6001/6001 1551/6003/6003 1552/6004/6004
f 1503/6005/6005 1553/6006/6006 1554/6007/6007
f 1503/6005/6005 1554/6007/6007 1504/6008/6008
f 1501/6009/6009 1505/6010/6010 1555/6011/6011
f 1501/6009/6009 1555/6011/6011 1551/6012/6012
f 1504/6013/6013 1554/6014/6014 1556/6015/6015
f 1504/6013/6013 1556/6015/6015 1506/6016/6016
f 1505/6017/6017 1507/6018/6018 1557/6019/6019
f 1505/6017/6017 1557/6019/6019 1555/6020/6020
f 1506/6021/6021 1556/6022/6022 1558/6023/6023
f 1506/6021/6021 1558/6023/6023 1508/6024/6024
f 1507/6025/6025 1509/6026/6026 1559/6027/6027
f 1507/6025/6025 1559/6027/6027 1557/6028/6028
f 1508/6029/6029 1558/6030/6030 1560/6031/6031
f 1508/6029/6029 1560/6031/6031 1510/6032/6032
f 1509/6033/6033 1511/6034/6034 1561/6035/6035
f 1509/6033/6033 1561/6035/6035 1559/6036/6036
f 1510/6037/6037 1560/6038/6038 1562/6039/6039
f 1510/6037/6037 1562/6039/6039 1512/6040/6040
f 1511/6041/6041 1513/6042/6042 1563/6043/6043
f 1511/6041/6041 1563/6043/6043 1561/6044/6044
f 1512/6045/6045 1562/6046/6046 1564/6047/6047
f 1512/6045/6045 1564/6047/6047 1514/6048/6048
f 1513/6049/6049 1515/6050/6050 1565/6051/6051
f 1513/6049/6049 1565/6051/6051 1563/6052/6052
f 1514/6053/6053 1564/6054/6054 1566/6055/6055
f 1514/6053/6053 1566/6055/6055 1516/6056/6056
f 1515/6057/6057 1517/6058/6058 1567/6059/6059
f 1515/6057/6057 1567/6059/6059 1565/6060/6060
f 1516/6061/6061 1566/6062/6062 1568/6063/6063
f 1516/6061/6061 1568/6063/6063 1518/6064/6064
f 1517/6065/6065 1519/6066/6066 1569/6067/6067
f 1517/6065/6065 1569/6067/6067 1567/6068/6068
f 1518/6069/6069 1568/6070/6070 1570/6071/6071
f 1518/6069/6069 1570/6071/6071 1520/6072/6072
f 1519/6073/6073 1521/6074/6074 1571/6075/6075
f 1519/6073/6073 1571/6075/6075 1569/6076/6076
f 1520/6077/6077 1570/6078/6078 1572/6079/6079
f 1520/6077/6077 1572/6079/6079 1522/6080/6080
f 1521/6081/6081 1523/6082/6082 1573/6083/6083
f 1521/6081/6081 1573/6083/6083 1571/6084/6084
f 1522/6085/6085 1572/6086/6086 1574/6087/6087
f 1522/6085/6085 1574/6087/6087 1524/6088/6088
f 1523/6089/6089 1525/6090/6090 1575/6091/6091
f 1523/6089/6089 1575/6091/6091 1573/6092/6092
f 1524/6093/6093 1574/6094/6094 1576/6095/6095
f 1524/6093/6093 1576/6095/6095 1526/6096/6096
f 1525/6097/6097 1527/6098/6098 1577/6099/6099
f 1525/6097/6097 1577/6099/6099 1575/6100/6100
f 1526/6101/6101 1576/6102/6102 1578/6103/6103
f 1526/6101/6101 1578/6103/6103 1528/6104/6104
f 1527/6105/6105 1529/6106/6106 1579/6107/6107
f 1527/6105/6105 1579/6107/6107 1577/6108/6108
f 1528/6109/6109 1578/6110/6110 1580/6111/6111
f 1528/6109/6109 1580/6111/6111 1530/6112/6112
f 1529/6113/6113 1531/6114/6114 1581/6115/6115
f 1529/6113/6113 1581/6115/6115 1579/6116/6116
f 1530/6117/6117 1580/6118/6118 1582/6119/6119
f 1530/6117/6117 1582/6119/6119 1532/6120/6120
f 1531/6121/6121 1533/6122/6122 1583/6123/6123
f 1531/6121/6121 1583/6123/6123 1581/6124/6124
f 1532/6125/6125 1582/6126/6126 1584/6127/6127
f 1532/6125/6125 1584/6127/6127 1534/6128/6128
f 1533/6129/6129 1535/6130/6130 1585/6131/6131
f 1533/6129/6129 1585/6131/6131 1583/6132/6132
f 1534/6133/6133 1584/6134/6134 1586/6135/6135
f 1534/6133/6133 1586/6135/6135 1536/6136/6136
f 1535/6137/6137 1537/6138/6138 1587/6139/6139
f 1535/6137/6137 1587/6139/6139 1585/6140/6140
f 1536/6141/6141 1586/6142/6142 1588/6143/6143
f 1536/6141/6141 1588/6143/6143 1538/6144/6144
f 1537/6145/6145 1539/6146/6146 1589/6147/6147
f 1537/6145/6145 1589/6147/6147 1587/6148/6148
f 1538/6149/6149 1588/6150/6150 1590/6151/6151
f 1538/6149/6149 1590/6151/6151 1540/6152/6152
f 1539/6153/6153 1541/6154/6154 1591/6155/6155
f 1539/6153/6153 1591/6155/6155 1589/6156/6156
f 1540/6157/6157 1590/6158/6158 1592/6159/6159
f 1540/6157/6157 1592/6159/6159 1542/6160/6160
f 1541/6161/6161 1543/6162/6162 1593/6163/6163
f 1541/6161/6161 1593/6163/6163 1591/6164/6164
f 1542/6165/6165 1592/6166/6166 1594/6167/6167
f 1542/6165/6165 1594/6167/6167 1544/6168/6168
f 1543/6169/6169 1545/6170/6170 1595/6171/6171
f 1543/6169/6169 1595/6171/6171 1593/6172/6172
f 1544/6173/6173 1594/6174/6174 1596/6175/6175
f 1544/6173/6173 1596/6175/6175 1546/6176/6176
f 1545/6177/6177 1547/6178/6178 1597/6179/6179
f 1545/6177/6177 1597/6179/6179 1595/6180/6180
f 1546/6181/6181 1596/6182/6182 1598/6183/6183
f 1546/6181/6181 1598/6183/6183 1548/6184/6184
f 1547/6185/6185 1549/6186/6186 1599/6187/6187
f 1547/6185/6185 1599/6187/6187 1597/6188/6188
f 1548/6189/6189 1598/6190/6190 1600/6191/6191
f 1548/6189/6189 1600/6191/6191 1550/6192/6192
f 1502/6193/6193 1552/6194/6194 1553/6195/6195
f 1502/6193/6193 1553/6195/6195 1503/6196/6196
f 1549/6197/6197 1550/6198/6198 1600/6199/6199
f 1549/6197/6197 1600/6199/6199 1599/6200/6200
f 1552/6201/6201 1551/6202/6202 1601/6203/6203
f 1552/6201/6201 1601/6203/6203 1602/6204/6204
f 1553/6205/6205 1603/6206/6206 1604/6207/6207
f 1553/6205/6205 1604/6207/6207 1554/6208/6208
f 1551/6209/6209 1555/6210/6210 1605/6211/6211
f 1551/6209/6209 1605/6211/6211 1601/6212/6212
f 1554/6213/6213 1604/6214/6214 1606/6215/6215
f 1554/6213/6213 1606/6215/6215 1556/6216/6216
f 1555/6217/6217 1557/6218/6218 1607/6219/6219
f 1555/6217/6217 1607/6219/6219 1605/6220/6220
f 1556/6221/6221 1606/6222/6222 1608/6223/6223
f 1556/6221/6221 1608/6223/6223 1558/6224/6224
f 1557/6225/6225 1559/6226/6226 1609/6227/6227
f 1557/6225/6225 1609/6227/6227 1607/6228/6228
f 1558/6229/6229 1608/6230/6230 1610/6231/6231
f 1558/6229/6229 1610/6231/6231 1560/6232/6232
f 1559/6233/6233 1561/6234/6234 1611/6235/6235
f 1559/6233/6233 1611/6235/6235 1609/6236/6236
f 1560/6237/6237 1610/6238/6238 1612/6239/6239
f 1560/6237/6237 1612/6239/6239 1562/6240/6240
f 1561/6241/6241 1563/6242/6242 1613/6243/6243
f 1561/6241/6241 1613/6243/6243 1611/6244/6244
f 1562/6245/6245 1612/6246/6246 1614/6247/6247
f 1562/6245/6245 1614/6247/6247 1564/6248/6248
f 1563/6249/6249 1565/6250/6250 1615/6251/6251
f 1563/6249/6249 1615/6251/6251 1613/6252/6252
f 1564/6253/6253 1614/6254/6254 1616/6255/6255
f 1564/6253/6253 1616/6255/6255 1566/6256/6256
f 1565/6257/6257 1567/6258/6258 1617/6259/6259
f 1565/6257/6257 1617/6259/6259 1615/6260/6260
f 1566/6261/6261 1616/6262/6262 1618/6263/6263
f 1566/6261/6261 1618/6263/6263 1568/6264/6264
f 1567/6265/6265 1569/6266/6266 1619/6267/6267
f 1567/6265/6265 1619/6267/6267 1617/6268/6268
f 1568/6269/6269 1618/6270/6270 1620/6271/6271
f 1568/6269/6269 1620/6271/6271 1570/6272/6272
f 1569/6273/6273 1571/6274/6274 1621/6275/6275
f 1569/6273/6273 1621/6275/6275 1619/6276/6276
f 1570/6277/6277 1620/6278/6278 1622/6279/6279
f 1570/6277/6277 1622/6279/6279 1572/6280/6280
f 1571/6281/6281 1573/6282/6282 1623/6283/6283
f 1571/6281/6281 1623/6283/6283 1621/6284/6284
f 1572/6285/6285 1622/6286/6286 1624/6287/6287
f 1572/6285/6285 1624/6287/6287 1574/6288/6288
f 1573/6289/6289 1575/6290/6290 1625/6291/6291
f 1573/6289/6289 1625/6291/6291 1623/6292/6292
f 1574/6293/6293 1624/6294/6294 1626/6295/6295
f 1574/6293/6293 1626/6295/6295 1576/6296/6296
f 1575/6297/6297 1577/6298/6298 1627/6299/6299
f 1575/6297/6297 1627/6299/6299 1625/6300/6300
f 1576/6301/6301 1626/6302/6302 1628/6303/6303
f 1576/6301/6301 1628/6303/6303 1578/6304/6304
f 1577/6305/6305 1579/6306/6306 1629/6307/6307
f 1577/6305/6305 1629/6307/6307 1627/6308/6308
f 1578/6309/6309 1628/6310/6310 1630/6311/6311
f 1578/6309/6309 1630/6311/6311 1580/6312/6312
f 1579/6313/6313 1581/6314/6314 1631/6315/6315
f 1579/6313/6313 1631/6315/6315 1629/6316/6316
f 1580/6317/6317 1630/6318/6318 1632/6319/6319
f 1580/6317/6317 1632/6319/6319 1582/6320/6320
f 1581/6321/6321 1583/6322/6322 1633/6323/6323
f 1581/6321/6321 1633/6323/6323 1631/6324/6324
f 1582/6325/6325 1632/6326/6326 1634/6327/6327
f 1582/6325/6325 1634/6327/6327 1584/6328/6328
f 1583/6329/6329 1585/6330/6330 1635/6331/6331
f 1583/6329/6329 1635/6331/6331 1633/6332/6332
f 1584/6333/6333 1634/6334/6334 1636/6335/6335
f 1584/6333/6333 1636/6335/6335 1586/6336/6336
f 1585/6337/6337 1587/6338/6338 1637/6339/6339
f 1585/6337/6337 1637/6339/6339 1635/6340/6340
f 1586/6341/6341 1636/6342/6342 1638/6343/6343
f 1586/6341/6341 1638/6343/6343 1588/6344/6344
f 1587/6345/6345 1589/6346/6346 1639/6347/6347
f 1587/6345/6345 1639/6347/6347 1637/6348/6348
f 1588/6349/6349 1638/6350/6350 1640/6351/6351
f 1588/6349/6349 1640/6351/6351 1590/6352/6352
f 1589/6353/6353 1591/6354/6354 1641/6355/6355
f 1589/6353/6353 1641/6355/6355 1639/6356/6356
f 1590/6357/6357 1640/6358/6358 1642/6359/6359
f 1590/6357/6357 1642/6359/6359 1592/6360/6360
f 1591/6361/6361 1593/6362/6362 1643/6363/6363
f 1591/6361/6361 1643/6363/6363 1641/6364/6364
f 1592/6365/6365 1642/6366/6366 1644/6367/6367
f 1592/6365/6365 1644/6367/6367 1594/6368/6368
f 1593/6369/6369 1595/6370/6370 1645/6371/6371
f 1593/6369/6369 1645/6371/6371 1643/6372/6372
f 1594/6373/6373 1644/6374/6374 1646/6375/6375
f 1594/6373/6373 1646/6375/6375 1596/6376/6376
f 1595/6377/6377 1597/6378/6378 1647/6379/6379
f 1595/6377/6377 1647/6379/6379 1645/6380/6380
f 1596/6381/6381 1646/6382/6382 1648/6383/6383
f 1596/6381/6381 1648/6383/6383 1598/6384/6384
f 1597/6385/6385 1599/6386/6386 1649/6387/6387
f 1597/6385/6385 1649/6387/6387 1647/6388/6388
f 1598/6389/6389 1648/6390/6390 1650/6391/6391
f 1598/6389/6389 1650/6391/6391 1600/6392/6392
f 1552/6393/6393 1602/6394/6394 1603/6395/6395
f 1552/6393/6393 1603/6395/6395 1553/6396/6396
f 1599/6397/6397 1600/6398/6398 1650/6399/6399
f 1599/6397/6397 1650/6399/6399 1649/6400/6400
f 1651/6401/6401 2/6402/6402 1/6403/6403
f 1651/6404/6404 9/6405/6405 2/6406/6406
f 1651/6407/6407 13/6408/6408 9/6409/6409
f 1651/6410/6410 17/6411/6411 13/6412/6412
f 1651/6413/6413 21/6414/6414 17/6415/6415
f 1651/6416/6416 25/6417/6417 21/6418/6418
f 1651/6419/6419 29/6420/6420 25/6421/6421
f 1651/6422/6422 33/6423/6423 29/6424/6424
f 1651/6425/6425 37/6426/6426 33/6427/6427
f 1651/6428/6428 41/6429/6429 37/6430/6430
f 1651/6431/6431 45/6432/6432 41/6433/6433
f 1651/6434/6434 49/6435/6435 45/6436/6436
f 1651/6437/6437 53/6438/6438 49/6439/6439
f 1651/6440/6440 57/6441/6441 53/6442/6442
f 1651/6443/6443 61/6444/6444 57/6445/6445
f 1651/6446/6446 65/6447/6447 61/6448/6448
f 1651/6449/6449 69/6450/6450 65/6451/6451
f 1651/6452/6452 73/6453/6453 69/6454/6454
f 1651/6455/6455 77/6456/6456 73/6457/6457
f 1651/6458/6458 81/6459/6459 77/6460/6460
f 1651/6461/6461 85/6462/6462 81/6463/6463
f 1651/6464/6464 89/6465/6465 85/6466/6466
f 1651/6467/6467 93/6468/6468 89/6469/6469
f 1651/6470/6470 97/6471/6471 93/6472/6472
f 1651/6473/6473 100/6474/6474 97/6475/6475
f 1651/6476/6476 96/6477/6477 100/6478/6478
f 1651/6479/6479 92/6480/6480 96/6481/6481
f 1651/6482/6482 88/6483/6483 92/6484/6484
f 1651/6485/6485 84/6486/6486 88/6487/6487
f 1651/6488/6488 80/6489/6489 84/6490/6490
f 1651/6491/6491 76/6492/6492 80/6493/6493
f 1651/6494/6494 72/6495/6495 76/6496/6496
f 1651/6497/6497 68/6498/6498 72/6499/6499
f 1651/6500/6500 64/6501/6501 68/6502/6502
f 1651/6503/6503 60/6504/6504 64/6505/6505
f 1651/6506/6506 56/6507/6507 60/6508/6508
f 1651/6509/6509 52/6510/6510 56/6511/6511
f 1651/6512/6512 48/6513/6513 52/6514/6514
f 1651/6515/6515 44/6516/6516 48/6517/6517
f 1651/6518/6518 40/6519/6519 44/6520/6520
f 1651/6521/6521 36/6522/6522 40/6523/6523
f 1651/6524/6524 32/6525/6525 36/6526/6526
f 1651/6527/6527 28/6528/6528 32/6529/6529
f 1651/6530/6530 24/6531/6531 28/6532/6532
f 1651/6533/6533 20/6534/6534 24/6535/6535
f 1651/6536/6536 16/6537/6537 20/6538/6538
f 1651/6539/6539 12/6540/6540 16/6541/6541
f 1651/6542/6542 8/6543/6543 12/6544/6544
f 1651/6545/6545 5/6546/6546 8/6547/6547
f 1651/6548/6548 1/6549/6549 5/6550/6550
f 1652/6551/6551 1602/6552/6552 1601/6553/6553
f 1652/6554/6554 1601/6555/6555 1605/6556/6556
f 1652/6557/6557 1605/6558/6558 1607/6559/6559
f 1652/6560/6560 1607/6561/6561 1609/6562/6562
f 1652/6563/6563 1609/6564/6564 1611/6565/6565
f 1652/6566/6566 1611/6567/6567 1613/6568/6568
f 1652/6569/6569 1613/6570/6570 1615/6571/6571
f 1652/6572/6572 1615/6573/6573 1617/6574/6574
f 1652/6575/6575 1617/6576/6576 1619/6577/6577
f 1652/6578/6578 1619/6579/6579 1621/6580/6580
f 1652/6581/6581 1621/6582/6582 1623/6583/6583
f 1652/6584/6584 1623/6585/6585 1625/6586/6586
f 1652/6587/6587 1625/6588/6588 1627/6589/6589
f 1652/6590/6590 1627/6591/6591 1629/6592/6592
f 1652/6593/6593 1629/6594/6594 1631/6595/6595
f 1652/6596/6596 1631/6597/6597 1633/6598/6598
f 1652/6599/6599 1633/6600/6600 1635/6601/6601
f 1652/6602/6602 1635/6603/6603 1637/6604/6604
f 1652/6605/6605 1637/6606/6606 1639/6607/6607
f 1652/6608/6608 1639/6609/6609 1641/6610/6610
f 1652/6611/6611 1641/6612/6612 1643/6613/6613
f 1652/6614/6614 1643/6615/6615 1645/6616/6616
f 1652/6617/6617 1645/6618/6618 1647/6619/6619
f 1652/6620/6620 1647/6621/6621 1649/6622/6622
f 1652/6623/6623 1649/6624/6624 1650/6625/6625
f 1652/6626/6626 1650/6627/6627 1648/6628/6628
f 1652/6629/6629 1648/6630/6630 1646/6631/6631
f 1652/6632/6632 1646/6633/6633 1644/6634/6634
f 1652/6635/6635 1644/6636/6636 1642/6637/6637
f 1652/6638/6638 1642/6639/6639 1640/6640/6640
f 1652/6641/6641 1640/6642/6642 1638/6643/6643
f 1652/6644/6644 1638/6645/6645 1636/6646/6646
f 1652/6647/6647 1636/6648/6648 1634/6649/6649
f 1652/6650/6650 1634/6651/6651 1632/6652/6652
f 1652/6653/6653 1632/6654/6654 1630/6655/6655
f 1652/6656/6656 1630/6657/6657 1628/6658/6658
f 1652/6659/6659 1628/6660/6660 1626/6661/6661
f 1652/6662/6662 1626/6663/6663 1624/6664/6664
f 1652/6665/6665 1624/6666/6666 1622/6667/6667
f 1652/6668/6668 1622/6669/6669 1620/6670/6670
f 1652/6671/6671 1620/6672/6672 1618/6673/6673
f 1652/6674/6674 1618/6675/6675 1616/6676/6676
f 1652/6677/6677 1616/6678/6678 1614/6679/6679
f 1652/6680/6680 1614/6681/6681 1612/6682/6682
f 1652/6683/6683 1612/6684/6684 1610/6685/6685
f 1652/6686/6686 1610/6687/6687 1608/6688/6688
f 1652/6689/6689 1608/6690/6690 1606/6691/6691
f 1652/6692/6692 1606/6693/6693 1604/6694/6694
f 1652/6695/6695 1604/6696/6696 1603/6697/6697
f 1652/6698/6698 1603/6699/6699 1602/6700/6700
f 1653/6701/6701 1654/6702/6702 1655/6703/6703
f 1653/6701/6701 1655/6703/6703 1656/6704/6704
f 1656/6705/6705 1655/6706/6706 1657/6707/6707
f 1656/6705/6705 1657/6707/6707 1658/6708/6708
f 1658/6709/6709 1657/6710/6710 1659/6711/6711
f 1658/6709/6709 1659/6711/6711 1660/6712/6712
f 1660/6713/6713 1659/6714/6714 1661/6715/6715
f 1660/6713/6713 1661/6715/6715 1662/6716/6716
f 1662/6717/6717 1661/6718/6718 1663/6719/6719
f 1662/6717/6717 1663/6719/6719 1664/6720/6720
f 1664/6721/6721 1663/6722/6722 1665/6723/6723
f 1664/6721/6721 1665/6723/6723 1666/6724/6724
f 1666/6725/6725 1665/6726/6726 1667/6727/6727
f 1666/6725/6725 1667/6727/6727 1668/6728/6728
f 1668/6729/6729 1667/6730/6730 1669/6731/6731
f 1668/6729/6729 1669/6731/6731 1670/6732/6732
f 1670/6733/6733 1669/6734/6734 1671/6735/6735
f 1670/6733/6733 1671/6735/6735 1672/6736/6736
f 1672/6737/6737 1671/6738/6738 1673/6739/6739
f 1672/6737/6737 1673/6739/6739 1674/6740/6740
f 1674/6741/6741 1673/6742/6742 1675/6743/6743
f 1674/6741/6741 1675/6743/6743 1676/6744/6744
f 1676/6745/6745 1675/6746/6746 1654/6747/6747
f 1676/6745/6745 1654/6747/6747 1653/6748/6748
f 1654/6749/6749 1677/6750/6750 1678/6751/6751
f 1654/6749/6749 1678/6751/6751 1655/6752/6752
f 1655/6753/6753 1678/6754/6754 1679/6755/6755
f 1655/6753/6753 1679/6755/6755 1657/6756/6756
f 1657/6757/6757 1679/6758/6758 1680/6759/6759
f 1657/6757/6757 1680/6759/6759 1659/6760/6760
f 1659/6761/6761 1680/6762/6762 1681/6763/6763
f 1659/6761/6761 1681/6763/6763 1661/6764/6764
f 1661/6765/6765 1681/6766/6766 1682/6767/6767
f 1661/6765/6765 1682/6767/6767 1663/6768/6768
f 1663/6769/6769 1682/6770/6770 1683/6771/6771
f 1663/6769/6769 1683/6771/6771 1665/6772/6772
f 1665/6773/6773 1683/6774/6774 1684/6775/6775
f 1665/6773/6773 1684/6775/6775 1667/6776/6776
f 1667/6777/6777 1684/6778/6778 1685/6779/6779
f 1667/6777/6777 1685/6779/6779 1669/6780/6780
f 1669/6781/6781 1685/6782/6782 1686/6783/6783
f 1669/6781/6781 1686/6783/6783 1671/6784/6784
f 1671/6785/6785 1686/6786/6786 1687/6787/6787
f 1671/6785/6785 1687/6787/6787 1673/6788/6788
f 1673/6789/6789 1687/6790/6790 1688/6791/6791
f 1673/6789/6789 1688/6791/6791 1675/6792/6792
f 1675/6793/6793 1688/6794/6794 1677/6795/6795
f 1675/6793/6793 1677/6795/6795 1654/6796/6796
f 1677/6797/6797 1689/6798/6798 1690/6799/6799
f 1677/6797/6797 1690/6799/6799 1678/6800/6800
f 1678/6801/6801 1690/6802/6802 1691/6803/6803
f 1678/6801/6801 1691/6803/6803 1679/6804/6804
f 1679/6805/6805 1691/6806/6806 1692/6807/6807
f 1679/6805/6805 1692/6807/6807 1680/6808/6808
f 1680/6809/6809 1692/6810/6810 1693/6811/6811
f 1680/6809/6809 1693/6811/6811 1681/6812/6812
f 1681/6813/6813 1693/6814/6814 1694/6815/6815
f 1681/6813/6813 1694/6815/6815 1682/6816/6816
f 1682/6817/6817 1694/6818/6818 1695/6819/6819
f 1682/6817/6817 1695/6819/6819 1683/6820/6820
f 1683/6821/6821 1695/6822/6822 1696/6823/6823
f 1683/6821/6821 1696/6823/6823 1684/6824/6824
f 1684/6825/6825 1696/6826/6826 1697/6827/6827
f 1684/6825/6825 1697/6827/6827 1685/6828/6828
f 1685/6829/6829 1697/6830/6830 1698/6831/6831
f 1685/6829/6829 1698/6831/6831 1686/6832/6832
f 1686/6833/6833 1698/6834/6834 1699/6835/6835
f 1686/6833/6833 1699/6835/6835 1687/6836/6836
f 1687/6837/6837 1699/6838/6838 1700/6839/6839
f 1687/6837/6837 1700/6839/6839 1688/6840/6840
f 1688/6841/6841 1700/6842/6842 1689/6843/6843
f 1688/6841/6841 1689/6843/6843 1677/6844/6844
f 1689/6845/6845 1701/6846/6846 1702/6847/6847
f 1689/6845/6845 1702/6847/6847 1690/6848/6848
f 1690/6849/6849 1702/6850/6850 1703/6851/6851
f 1690/6849/6849 1703/6851/6851 1691/6852/6852
f 1691/6853/6853 1703/6854/6854 1704/6855/6855
f 1691/6853/6853 1704/6855/6855 1692/6856/6856
f 1692/6857/6857 1704/6858/6858 1705/6859/6859
f 1692/6857/6857 1705/6859/6859 1693/6860/6860
f 1693/6861/6861 1705/6862/6862 1706/6863/6863
f 1693/6861/6861 1706/6863/6863 1694/6864/6864
f 1694/6865/6865 1706/6866/6866 1707/6867/6867
f 1694/6865/6865 1707/6867/6867 1695/6868/6868
f 1695/6869/6869 1707/6870/6870 1708/6871/6871
f 1695/6869/6869 1708/6871/6871 1696/6872/6872
f 1696/6873/6873 1708/6874/6874 1709/6875/6875
f 1696/6873/6873 1709/6875/6875 1697/6876/6876
f 1697/6877/6877 1709/6878/6878 1710/6879/6879
f 1697/6877/6877 1710/6879/6879 1698/6880/6880
f 1698/6881/6881 1710/6882/6882 1711/6883/6883
f 1698/6881/6881 1711/6883/6883 1699/6884/6884
f 1699/6885/6885 1711/6886/6886 1712/6887/6887
f 1699/6885/6885 1712/6887/6887 1700/6888/6888
f 1700/6889/6889 1712/6890/6890 1701/6891/6891
f 1700/6889/6889 1701/6891/6891 1689/6892/6892
f 1701/6893/6893 1713/6894/6894 1714/6895/6895
f 1701/6893/6893 1714/6895/6895 1702/6896/6896
f 1702/6897/6897 1714/6898/6898 1715/6899/6899
f 1702/6897/6897 1715/6899/6899 1703/6900/6900
f 1703/6901/6901 1715/6902/6902 1716/6903/6903
f 1703/6901/6901 1716/6903/6903 1704/6904/6904
f 1704/6905/6905 1716/6906/6906 1717/6907/6907
f 1704/6905/6905 1717/6907/6907 1705/6908/6908
f 1705/6909/6909 1717/6910/6910 1718/6911/6911
f 1705/6909/6909 1718/6911/6911 1706/6912/6912
f 1706/6913/6913 1718/6914/6914 1719/6915/6915
f 1706/6913/6913 1719/6915/6915 1707/6916/6916
f 1707/6917/6917 1719/6918/6918 1720/6919/6919
f 1707/6917/6917 1720/6919/6919 1708/6920/6920
f 1708/6921/6921 1720/6922/6922 1721/6923/6923
f 1708/6921/6921 1721/6923/6923 1709/6924/6924
f 1709/6925/6925 1721/6926/6926 1722/6927/6927
f 1709/6925/6925 1722/6927/6927 1710/6928/6928
f 1710/6929/6929 1722/6930/6930 1723/6931/6931
f 1710/6929/6929 1723/6931/6931 1711/6932/6932
f 1711/6933/6933 1723/6934/6934 1724/6935/6935
f 1711/6933/6933 1724/6935/6935 1712/6936/6936
f 1712/6937/6937 1724/6938/6938 1713/6939/6939
f 1712/6937/6937 1713/6939/6939 1701/6940/6940
f 1713/6941/6941 1725/6942/6942 1726/6943/6943
f 1713/6941/6941 1726/6943/6943 1714/6944/6944
f 1714/6945/6945 1726/6946/6946 1727/6947/6947
f 1714/6945/6945 1727/6947/6947 1715/6948/6948
f 1715/6949/6949 1727/6950/6950 1728/6951/6951
f 1715/6949/6949 1728/6951/6951 1716/6952/6952
f 1716/6953/6953 1728/6954/6954 1729/6955/6955
f 1716/6953/6953 1729/6955/6955 1717/6956/6956
f 1717/6957/6957 1729/6958/6958 1730/6959/6959
f 1717/6957/6957 1730/6959/6959 1718/6960/6960
f 1718/6961/6961 1730/6962/6962 1731/6963/6963
f 1718/6961/6961 1731/6963/6963 1719/6964/6964
f 1719/6965/6965 1731/6966/6966 1732/6967/6967
f 1719/6965/6965 1732/6967/6967 1720/6968/6968
f 1720/6969/6969 1732/6970/6970 1733/6971/6971
f 1720/6969/6969 1733/6971/6971 1721/6972/6972
f 1721/6973/6973 1733/6974/6974 1734/6975/6975
f 1721/6973/6973 1734/6975/6975 1722/6976/6976
f 1722/6977/6977 1734/6978/6978 1735/6979/6979
f 1722/6977/6977 1735/6979/6979 1723/6980/6980
f 1723/6981/6981 1735/6982/6982 1736/6983/6983
f 1723/6981/6981 1736/6983/6983 1724/6984/6984
f 1724/6985/6985 1736/6986/6986 1725/6987/6987
f 1724/6985/6985 1725/6987/6987 1713/6988/6988
f 1737/6989/6989 1653/6990/6990 1656/6991/6991
f 1737/6992/6992 1656/6993/6993 1658/6994/6994
f 1737/6995/6995 1658/6996/6996 1660/6997/6997
f 1737/6998/6998 1660/6999/6999 1662/7000/7000
f 1737/7001/7001 1662/7002/7002 1664/7003/7003
f 1737/7004/7004 1664/7005/7005 1666/7006/7006
f 1737/7007/7007 1666/7008/7008 1668/7009/7009
f 1737/7010/7010 1668/7011/7011 1670/7012/7012
f 1737/7013/7013 1670/7014/7014 1672/7015/7015
f 1737/7016/7016 1672/7017/7017 1674/7018/7018
f 1737/7019/7019 1674/7020/7020 1676/7021/7021
f 1737/7022/7022 1676/7023/7023 1653/7024/7024
f 1738/7025/7025 1726/7026/7026 1725/7027/7027
f 1738/7028/7028 1727/7029/7029 1726/7030/7030
f 1738/7031/7031 1728/7032/7032 1727/7033/7033
f 1738/7034/7034 1729/7035/7035 1728/7036/7036
f 1738/7037/7037 1730/7038/7038 1729/7039/7039
f 1738/7040/7040 1731/7041/7041 1730/7042/7042
f 1738/7043/7043 1732/7044/7044 1731/7045/7045
f 1738/7046/7046 1733/7047/7047 1732/7048/7048
f 1738/7049/7049 1734/7050/7050 1733/7051/7051
f 1738/7052/7052 1735/7053/7053 1734/7054/7054
f 1738/7055/7055 1736/7056/7056 1735/7057/7057
f 1738/7058/7058 1725/7059/7059 1736/7060/7060
f 1739/7061/7061 1740/7062/7062 1741/7063/7063
f 1739/7061/7061 1741/7063/7063 1742/7064/7064
f 1740/7065/7065 1743/7066/7066 1744/7067/7067
f 1740/7065/7065 1744/7067/7067 1741/7068/7068
f 1743/7069/7069 1745/7070/7070 1746/7071/7071
f 1743/7069/7069 1746/7071/7071 1744/7072/7072
f 1745/7073/7073 1747/7074/7074 1748/7075/7075
f 1745/7073/7073 1748/7075/7075 1746/7076/7076
f 1747/7077/7077 1749/7078/7078 1750/7079/7079
f 1747/7077/7077 1750/7079/7079 1748/7080/7080
f 1749/7081/7081 1751/7082/7082 1752/7083/7083
f 1749/7081/7081 1752/7083/7083 1750/7084/7084
f 1751/7085/7085 1753/7086/7086 1754/7087/7087
f 1751/7085/7085 1754/7087/7087 1752/7088/7088
f 1753/7089/7089 1755/7090/7090 1756/7091/7091
f 1753/7089/7089 1756/7091/7091 1754/7092/7092
f 1755/7093/7093 1757/7094/7094 1758/7095/7095
f 1755/7093/7093 1758/7095/7095 1756/7096/7096
f 1757/7097/7097 1759/7098/7098 1760/7099/7099
f 1757/7097/7097 1760/7099/7099 1758/7100/7100
f 1759/7101/7101 1761/7102/7102 1762/7103/7103
f 1759/7101/7101 1762/7103/7103 1760/7104/7104
f 1761/7105/7105 1739/7106/7106 1742/7107/7107
f 1761/7105/7105 1742/7107/7107 1762/7108/7108
f 1742/7109/7109 1741/7110/7110 1763/7111/7111
f 1742/7109/7109 1763/7111/7111 1764/7112/7112
f 1741/7113/7113 1744/7114/7114 1765/7115/7115
f 1741/7113/7113 1765/7115/7115 1763/7116/7116
f 1744/7117/7117 1746/7118/7118 1766/7119/7119
f 1744/7117/7117 1766/7119/7119 1765/7120/7120
f 1746/7121/7121 1748/7122/7122 1767/7123/7123
f 1746/7121/7121 1767/7123/7123 1766/7124/7124
f 1748/7125/7125 1750/7126/7126 1768/7127/7127
f 1748/7125/7125 1768/7127/7127 1767/7128/7128
f 1750/7129/7129 1752/7130/7130 1769/7131/7131
f 1750/7129/7129 1769/7131/7131 1768/7132/7132
f 1752/7133/7133 1754/7134/7134 1770/7135/7135
f 1752/7133/7133 1770/7135/7135 1769/7136/7136
f 1754/7137/7137 1756/7138/7138 1771/7139/7139
f 1754/7137/7137 1771/7139/7139 1770/7140/7140
f 1756/7141/7141 1758/7142/7142 1772/7143/7143
f 1756/7141/7141 1772/7143/7143 1771/7144/7144
f 1758/7145/7145 1760/7146/7146 1773/7147/7147
f 1758/7145/7145 1773/7147/7147 1772/7148/7148
f 1760/7149/7149 1762/7150/7150 1774/7151/7151
f 1760/7149/7149 1774/7151/7151 1773/7152/7152
f 1762/7153/7153 1742/7154/7154 1764/7155/7155
f 1762/7153/7153 1764/7155/7155 1774/7156/7156
f 1764/7157/7157 1763/7158/7158 1775/7159/7159
f 1764/7157/7157 1775/7159/7159 1776/7160/7160
f 1763/7161/7161 1765/7162/7162 1777/7163/7163
f 1763/7161/7161 1777/7163/7163 1775/7164/7164
f 1765/7165/7165 1766/7166/7166 1778/7167/7167
f 1765/7165/7165 1778/7167/7167 1777/7168/7168
f 1766/7169/7169 1767/7170/7170 1779/7171/7171
f 1766/7169/7169 1779/7171/7171 1778/7172/7172
f 1767/7173/7173 1768/7174/7174 1780/7175/7175
f 1767/7173/7173 1780/7175/7175 1779/7176/7176
f 1768/7177/7177 1769/7178/7178 1781/7179/7179
f 1768/7177/7177 1781/7179/7179 1780/7180/7180
f 1769/7181/7181 1770/7182/7182 1782/7183/7183
f 1769/7181/7181 1782/7183/7183 1781/7184/7184
f 1770/7185/7185 1771/7186/7186 1783/7187/7187
f 1770/7185/7185 1783/7187/7187 1782/7188/7188
f 1771/7189/7189 1772/7190/7190 1784/7191/7191
f 1771/7189/7189 1784/7191/7191 1783/7192/7192
f 1772/7193/7193 1773/7194/7194 1785/7195/7195
f 1772/7193/7193 1785/7195/7195 1784/7196/7196
f 1773/7197/7197 1774/7198/7198 1786/7199/7199
f 1773/7197/7197 1786/7199/7199 1785/7200/7200
f 1774/7201/7201 1764/7202/7202 1776/7203/7203
f 1774/7201/7201 1776/7203/7203 1786/7204/7204
f 1776/7205/7205 1775/7206/7206 1787/7207/7207
f 1776/7205/7205 1787/7207/7207 1788/7208/7208
f 1775/7209/7209 1777/7210/7210 1789/7211/7211
f 1775/7209/7209 1789/7211/7211 1787/7212/7212
f 1777/7213/7213 1778/7214/7214 1790/7215/7215
f 1777/7213/7213 1790/7215/7215 1789/7216/7216
f 1778/7217/7217 1779/7218/7218 1791/7219/7219
f 1778/7217/7217 1791/7219/7219 1790/7220/7220
f 1779/7221/7221 1780/7222/7222 1792/7223/7223
f 1779/7221/7221 1792/7223/7223 1791/7224/7224
f 1780/7225/7225 1781/7226/7226 1793/7227/7227
f 1780/7225/7225 1793/7227/7227 1792/7228/7228
f 1781/7229/7229 1782/7230/7230 1794/7231/7231
f 1781/7229/7229 1794/7231/7231 1793/7232/7232
f 1782/7233/7233 1783/7234/7234 1795/7235/7235
f 1782/7233/7233 1795/7235/7235 1794/7236/7236
f 1783/7237/7237 1784/7238/7238 1796/7239/7239
f 1783/7237/7237 1796/7239/7239 1795/7240/7240
f 1784/7241/7241 1785/7242/7242 1797/7243/7243
f 1784/7241/7241 1797/7243/7243 1796/7244/7244
f 1785/7245/7245 1786/7246/7246 1798/7247/7247
f 1785/7245/7245 1798/7247/7247 1797/7248/7248
f 1786/7249/7249 1776/7250/7250 1788/7251/7251
f 1786/7249/7249 1788/7251/7251 1798/7252/7252
f 1788/7253/7253 1787/7254/7254 1799/7255/7255
f 1788/7253/7253 1799/7255/7255 1800/7256/7256
f 1787/7257/7257 1789/7258/7258 1801/7259/7259
f 1787/7257/7257 1801/7259/7259 1799/7260/7260
f 1789/7261/7261 1790/7262/7262 1802/7263/7263
f 1789/7261/7261 1802/7263/7263 1801/7264/7264
f 1790/7265/7265 1791/7266/7266 1803/7267/7267
f 1790/7265/7265 1803/7267/7267 1802/7268/7268
f 1791/7269/7269 1792/7270/7270 1804/7271/7271
f 1791/7269/7269 1804/7271/7271 1803/7272/7272
f 1792/7273/7273 1793/7274/7274 1805/7275/7275
f 1792/7273/7273 1805/7275/7275 1804/7276/7276
f 1793/7277/7277 1794/7278/7278 1806/7279/7279
f 1793/7277/7277 1806/7279/7279 1805/7280/7280
f 1794/7281/7281 1795/7282/7282 1807/7283/7283
f 1794/7281/7281 1807/7283/7283 1806/7284/7284
f 1795/7285/7285 1796/7286/7286 1808/7287/7287
f 1795/7285/7285 1808/7287/7287 1807/7288/7288
f 1796/7289/7289 1797/7290/7290 1809/7291/7291
f 1796/7289/7289 1809/7291/7291 1808/7292/7292
f 1797/7293/7293 1798/7294/7294 1810/7295/7295
f 1797/7293/7293 1810/7295/7295 1809/7296/7296
f 1798/7297/7297 1788/7298/7298 1800/7299/7299
f 1798/7297/7297 1800/7299/7299 1810/7300/7300
f 1800/7301/7301 1799/7302/7302 1811/7303/7303
f 1800/7301/7301 1811/7303/7303 1812/7304/7304
f 1799/7305/7305 1801/7306/7306 1813/7307/7307
f 1799/7305/7305 1813/7307/7307 1811/7308/7308
f 1801/7309/7309 1802/7310/7310 1814/7311/7311
f 1801/7309/7309 1814/7311/7311 1813/7312/7312
f 1802/7313/7313 1803/7314/7314 1815/7315/7315
f 1802/7313/7313 1815/7315/7315 1814/7316/7316
f 1803/7317/7317 1804/7318/7318 1816/7319/7319
f 1803/7317/7317 1816/7319/7319 1815/7320/7320
f 1804/7321/7321 1805/7322/7322 1817/7323/7323
f 1804/7321/7321 1817/7323/7323 1816/7324/7324
f 1805/7325/7325 1806/7326/7326 1818/7327/7327
f 1805/7325/7325 1818/7327/7327 1817/7328/7328
f 1806/7329/7329 1807/7330/7330 1819/7331/7331
f 1806/7329/7329 1819/7331/7331 1818/7332/7332
f 1807/7333/7333 1808/7334/7334 1820/7335/7335
f 1807/7333/7333 1820/7335/7335 1819/7336/7336
f 1808/7337/7337 1809/7338/7338 1821/7339/7339
f 1808/7337/7337 1821/7339/7339 1820/7340/7340
f 1809/7341/7341 1810/7342/7342 1822/7343/7343
f 1809/7341/7341 1822/7343/7343 1821/7344/7344
f 1810/7345/7345 1800/7346/7346 1812/7347/7347
f 1810/7345/7345 1812/7347/7347 1822/7348/7348
f 1823/7349/7349 1740/7350/7350 1739/7351/7351
f 1823/7352/7352 1743/7353/7353 1740/7354/7354
f 1823/7355/7355 1745/7356/7356 1743/7357/7357
f 1823/7358/7358 1747/7359/7359 1745/7360/7360
f 1823/7361/7361 1749/7362/7362 1747/7363/7363
f 1823/7364/7364 1751/7365/7365 1749/7366/7366
f 1823/7367/7367 1753/7368/7368 1751/7369/7369
f 1823/7370/7370 1755/7371/7371 1753/7372/7372
f 1823/7373/7373 1757/7374/7374 1755/7375/7375
f 1823/7376/7376 1759/7377/7377 1757/7378/7378
f 1823/7379/7379 1761/7380/7380 1759/7381/7381
f 1823/7382/7382 1739/7383/7383 1761/7384/7384
f 1824/7385/7385 1812/7386/7386 1811/7387/7387
f 1824/7388/7388 1811/7389/7389 1813/7390/7390
f 1824/7391/7391 1813/7392/7392 1814/7393/7393
f 1824/7394/7394 1814/7395/7395 1815/7396/7396
f 1824/7397/7397 1815/7398/7398 1816/7399/7399
f 1824/7400/7400 1816/7401/7401 1817/7402/7402
f 1824/7403/7403 1817/7404/7404 1818/7405/7405
f 1824/7406/7406 1818/7407/7407 1819/7408/7408
f 1824/7409/7409 1819/7410/7410 1820/7411/7411
f 1824/7412/7412 1820/7413/7413 1821/7414/7414
f 1824/7415/7415 1821/7416/7416 1822/7417/7417
f 1824/7418/7418 1822/7419/7419 1812/7420/7420
f 1825/7421/7421 1826/7422/7422 1827/7423/7423
f 1825/7421/7421 1827/7423/7423 1828/7424/7424
f 1828/7425/7425 1827/7426/7426 1829/7427/7427
f 1828/7425/7425 1829/7427/7427 1830/7428/7428
f 1830/7429/7429 1829/7430/7430 1831/7431/7431
f 1830/7429/7429 1831/7431/7431 1832/7432/7432
f 1832/7433/7433 1831/7434/7434 1833/7435/7435
f 1832/7433/7433 1833/7435/7435 1834/7436/7436
f 1834/7437/7437 1833/7438/7438 1835/7439/7439
f 1834/7437/7437 1835/7439/7439 1836/7440/7440
f 1836/7441/7441 1835/7442/7442 1826/7443/7443
f 1836/7441/7441 1826/7443/7443 1825/7444/7444
f 1826/7445/7445 1837/7446/7446 1838/7447/7447
f 1826/7445/7445 1838/7447/7447 1827/7448/7448
f 1827/7449/7449 1838/7450/7450 1839/7451/7451
f 1827/7449/7449 1839/7451/7451 1829/7452/7452
f 1829/7453/7453 1839/7454/7454 1840/7455/7455
f 1829/7453/7453 1840/7455/7455 1831/7456/7456
f 1831/7457/7457 1840/7458/7458 1841/7459/7459
f 1831/7457/7457 1841/7459/7459 1833/7460/7460
f 1833/7461/7461 1841/7462/7462 1842/7463/7463
f 1833/7461/7461 1842/7463/7463 1835/7464/7464
f 1835/7465/7465 1842/7466/7466 1837/7467/7467
f 1835/7465/7465 1837/7467/7467 1826/7468/7468
f 1837/7469/7469 1843/7470/7470 1844/7471/7471
f 1837/7469/7469 1844/7471/7471 1838/7472/7472
f 1838/7473/7473 1844/7474/7474 1845/7475/7475
f 1838/7473/7473 1845/7475/7475 1839/7476/7476
f 1839/7477/7477 1845/7478/7478 1846/7479/7479
f 1839/7477/7477 1846/7479/7479 1840/7480/7480
f 1840/7481/7481 1846/7482/7482 1847/7483/7483
f 1840/7481/7481 1847/7483/7483 1841/7484/7484
f 1841/7485/7485 1847/7486/7486 1848/7487/7487
f 1841/7485/7485 1848/7487/7487 1842/7488/7488
f 1842/7489/7489 1848/7490/7490 1843/7491/7491
f 1842/7489/7489 1843/7491/7491 1837/7492/7492
f 1849/7493/7493 1825/7494/7494 1828/7495/7495
f 1849/7496/7496 1828/7497/7497 1830/7498/7498
f 1849/7499/7499 1830/7500/7500 1832/7501/7501
f 1849/7502/7502 1832/7503/7503 1834/7504/7504
f 1849/7505/7505 1834/7506/7506 1836/7507/7507
f 1849/7508/7508 1836/7509/7509 1825/7510/7510
f 1850/7511/7511 1844/7512/7512 1843/7513/7513
f 1850/7514/7514 1845/7515/7515 1844/7516/7516
f 1850/7517/7517 1846/7518/7518 1845/7519/7519
f 1850/7520/7520 1847/7521/7521 1846/7522/7522
f 1850/7523/7523 1848/7524/7524 1847/7525/7525
f 1850/7526/7526 1843/7527/7527 1848/7528/7528
f 1851/7529/7529 1852/7530/7530 1853/7531/7531
f 1851/7529/7529 1853/7531/7531 1854/7532/7532
f 1855/7533/7533 1854/7534/7534 1853/7535/7535
f 1856/7536/7536 1852/7537/7537 1851/7538/7538
f 1852/7539/7539 1857/7540/7540 1858/7541/7541
f 1852/7539/7539 1858/7541/7541 1853/7542/7542
f 1855/7543/7543 1853/7544/7544 1858/7545/7545
f 1856/7546/7546 1857/7547/7547 1852/7548/7548
f 1857/7549/7549 1859/7550/7550 1860/7551/7551
f 1857/7549/7549 1860/7551/7551 1858/7552/7552
f 1855/7553/7553 1858/7554/7554 1860/7555/7555
f 1856/7556/7556 1859/7557/7557 1857/7558/7558
f 1859/7559/7559 1861/7560/7560 1862/7561/7561
f 1859/7559/7559 1862/7561/7561 1860/7562/7562
f 1855/7563/7563 1860/7564/7564 1862/7565/7565
f 1856/7566/7566 1861/7567/7567 1859/7568/7568
f 1861/7569/7569 1863/7570/7570 1864/7571/7571
f 1861/7569/7569 1864/7571/7571 1862/7572/7572
f 1855/7573/7573 1862/7574/7574 1864/7575/7575
f 1856/7576/7576 1863/7577/7577 1861/7578/7578
f 1863/7579/7579 1865/7580/7580 1866/7581/7581
f 1863/7579/7579 1866/7581/7581 1864/7582/7582
f 1855/7583/7583 1864/7584/7584 1866/7585/7585
f 1856/7586/7586 1865/7587/7587 1863/7588/7588
f 1865/7589/7589 1867/7590/7590 1868/7591/7591
f 1865/7589/7589 1868/7591/7591 1866/7592/7592
f 1855/7593/7593 1866/7594/7594 1868/7595/7595
f 1856/7596/7596 1867/7597/7597 1865/7598/7598
f 1867/7599/7599 1869/7600/7600 1870/7601/7601
f 1867/7599/7599 1870/7601/7601 1868/7602/7602
f 1855/7603/7603 1868/7604/7604 1870/7605/7605
f 1856/7606/7606 1869/7607/7607 1867/7608/7608
f 1869/7609/7609 1871/7610/7610 1872/7611/7611
f 1869/7609/7609 1872/7611/7611 1870/7612/7612
f 1855/7613/7613 1870/7614/7614 1872/7615/7615
f 1856/7616/7616 1871/7617/7617 1869/7618/7618
f 1871/7619/7619 1873/7620/7620 1874/7621/7621
f 1871/7619/7619 1874/7621/7621 1872/7622/7622
f 1855/7623/7623 1872/7624/7624 1874/7625/7625
f 1856/7626/7626 1873/7627/7627 1871/7628/7628
f 1873/7629/7629 1875/7630/7630 1876/7631/7631
f 1873/7629/7629 1876/7631/7631 1874/7632/7632
f 1855/7633/7633 1874/7634/7634 1876/7635/7635
f 1856/7636/7636 1875/7637/7637 1873/7638/7638
f 1875/7639/7639 1851/7640/7640 1854/7641/7641
f 1875/7639/7639 1854/7641/7641 1876/7642/7642
f 1855/7643/7643 1876/7644/7644 1854/7645/7645
f 1856/7646/7646 1851/7647/7647 1875/7648/7648
f 1877/7649/7649 1878/7650/7650 1879/7651/7651
f 1877/7649/7649 1879/7651/7651 1880/7652/7652
f 1881/7653/7653 1880/7654/7654 1879/7655/7655
f 1882/7656/7656 1878/7657/7657 1877/7658/7658
f 1878/7659/7659 1883/7660/7660 1884/7661/7661
f 1878/7659/7659 1884/7661/7661 1879/7662/7662
f 1881/7663/7663 1879/7664/7664 1884/7665/7665
f 1882/7666/7666 1883/7667/7667 1878/7668/7668
f 1883/7669/7669 1885/7670/7670 1886/7671/7671
f 1883/7669/7669 1886/7671/7671 1884/7672/7672
f 1881/7673/7673 1884/7674/7674 1886/7675/7675
f 1882/7676/7676 1885/7677/7677 1883/7678/7678
f 1885/7679/7679 1887/7680/7680 1888/7681/7681
f 1885/7679/7679 1888/7681/7681 1886/7682/7682
f 1881/7683/7683 1886/7684/7684 1888/7685/7685
f 1882/7686/7686 1887/7687/7687 1885/7688/7688
f 1887/7689/7689 1889/7690/7690 1890/7691/7691
f 1887/7689/7689 1890/7691/7691 1888/7692/7692
f 1881/7693/7693 1888/7694/7694 1890/7695/7695
f 1882/7696/7696 1889/7697/7697 1887/7698/7698
f 1889/7699/7699 1891/7700/7700 1892/7701/7701
f 1889/7699/7699 1892/7701/7701 1890/7702/7702
f 1881/7703/7703 1890/7704/7704 1892/7705/7705
f 1882/7706/7706 1891/7707/7707 1889/7708/7708
f 1891/7709/7709 1893/7710/7710 1894/7711/7711
f 1891/7709/7709 1894/7711/7711 1892/7712/7712
f 1881/7713/7713 1892/7714/7714 1894/7715/7715
f 1882/7716/7716 1893/7717/7717 1891/7718/7718
f 1893/7719/7719 1895/7720/7720 1896/7721/7721
f 1893/7719/7719 1896/7721/7721 1894/7722/7722
f 1881/7723/7723 1894/7724/7724 1896/7725/7725
f 1882/7726/7726 1895/7727/7727 1893/7728/7728
f 1895/7729/7729 1897/7730/7730 1898/7731/7731
f 1895/7729/7729 1898/7731/7731 1896/7732/7732
f 1881/7733/7733 1896/7734/7734 1898/7735/7735
f 1882/7736/7736 1897/7737/7737 1895/7738/7738
f 1897/7739/7739 1899/7740/7740 1900/7741/7741
f 1897/7739/7739 1900/7741/7741 1898/7742/7742
f 1881/7743/7743 1898/7744/7744 1900/7745/7745
f 1882/7746/7746 1899/7747/7747 1897/7748/7748
f 1899/7749/7749 1901/7750/7750 1902/7751/7751
f 1899/7749/7749 1902/7751/7751 1900/7752/7752
f 1881/7753/7753 1900/7754/7754 1902/7755/7755
f 1882/7756/7756 1901/7757/7757 1899/7758/7758
f 1901/7759/7759 1877/7760/7760 1880/7761/7761
f 1901/7759/7759 1880/7761/7761 1902/7762/7762
f 1881/7763/7763 1902/7764/7764 1880/7765/7765
f 1882/7766/7766 1877/7767/7767 1901/7768/7768
f 1903/7769/7769 1904/7770/7770 1905/7771/7771
f 1903/7769/7769 1905/7771/7771 1906/7772/7772
f 1907/7773/7773 1908/7774/7774 1909/7775/7775
f 1907/7773/7773 1909/7775/7775 1910/7776/7776
f 1904/7777/7777 1903/7778/7778 1908/7779/7779
f 1904/7777/7777 1908/7779/7779 1907/7780/7780
f 1906/7781/7781 1905/7782/7782 1910/7783/7783
f 1906/7781/7781 1910/7783/7783 1909/7784/7784
f 1904/7785/7785 1911/7786/7786 1912/7787/7787
f 1904/7785/7785 1912/7787/7787 1905/7788/7788
f 1913/7789/7789 1907/7790/7790 1910/7791/7791
f 1913/7789/7789 1910/7791/7791 1914/7792/7792
f 1911/7793/7793 1904/7794/7794 1907/7795/7795
f 1911/7793/7793 1907/7795/7795 1913/7796/7796
f 1905/7797/7797 1912/7798/7798 1914/7799/7799
f 1905/7797/7797 1914/7799/7799 1910/7800/7800
f 1911/7801/7801 1915/7802/7802 1916/7803/7803
f 1911/7801/7801 1916/7803/7803 1912/7804/7804
f 1917/7805/7805 1913/7806/7806 1914/7807/7807
f 1917/7805/7805 1914/7807/7807 1918/7808/7808
f 1915/7809/7809 1911/7810/7810 1913/7811/7811
f 1915/7809/7809 1913/7811/7811 1917/7812/7812
f 1912/7813/7813 1916/7814/7814 1918/7815/7815
f 1912/7813/7813 1918/7815/7815 1914/7816/7816
f 1915/7817/7817 1919/7818/7818 1920/7819/7819
f 1915/7817/7817 1920/7819/7819 1916/7820/7820
f 1921/7821/7821 1917/7822/7822 1918/7823/7823
f 1921/7821/7821 1918/7823/7823 1922/7824/7824
f 1919/7825/7825 1915/7826/7826 1917/7827/7827
f 1919/7825/7825 1917/7827/7827 1921/7828/7828
f 1916/7829/7829 1920/7830/7830 1922/7831/7831
f 1916/7829/7829 1922/7831/7831 1918/7832/7832
f 1919/7833/7833 1923/7834/7834 1924/7835/7835
f 1919/7833/7833 1924/7835/7835 1920/7836/7836
f 1925/7837/7837 1921/7838/7838 1922/7839/7839
f 1925/7837/7837 1922/7839/7839 1926/7840/7840
f 1923/7841/7841 1919/7842/7842 1921/7843/7843
f 1923/7841/7841 1921/7843/7843 1925/7844/7844
f 1920/7845/7845 1924/7846/7846 1926/7847/7847
f 1920/7845/7845 1926/7847/7847 1922/7848/7848
f 1923/7849/7849 1927/7850/7850 1928/7851/7851
f 1923/7849/7849 1928/7851/7851 1924/7852/7852
f 1929/7853/7853 1925/7854/7854 1926/7855/7855
f 1929/7853/7853 1926/7855/7855 1930/7856/7856
f 1927/7857/7857 1923/7858/7858 1925/7859/7859
f 1927/7857/7857 1925/7859/7859 1929/7860/7860
f 1924/7861/7861 1928/7862/7862 1930/7863/7863
f 1924/7861/7861 1930/7863/7863 1926/7864/7864
f 1927/7865/7865 1931/7866/7866 1932/7867/7867
f 1927/7865/7865 1932/7867/7867 1928/7868/7868
f 1933/7869/7869 1929/7870/7870 1930/7871/7871
f 1933/7869/7869 1930/7871/7871 1934/7872/7872
f 1931/7873/7873 1927/7874/7874 1929/7875/7875
f 1931/7873/7873 1929/7875/7875 1933/7876/7876
f 1928/7877/7877 1932/7878/7878 1934/7879/7879
f 1928/7877/7877 1934/7879/7879 1930/7880/7880
f 1931/7881/7881 1935/7882/7882 1936/7883/7883
f 1931/7881/7881 1936/7883/7883 1932/7884/7884
f 1937/7885/7885 1933/7886/7886 1934/7887/7887
f 1937/7885/7885 1934/7887/7887 1938/7888/7888
f 1935/7889/7889 1931/7890/7890 1933/7891/7891
f 1935/7889/7889 1933/7891/7891 1937/7892/7892
f 1932/7893/7893 1936/7894/7894 1938/7895/7895
f 1932/7893/7893 1938/7895/7895 1934/7896/7896
f 1935/7897/7897 1939/7898/7898 1940/7899/7899
f 1935/7897/7897 1940/7899/7899 1936/7900/7900
f 1941/7901/7901 1937/7902/7902 1938/7903/7903
f 1941/7901/7901 1938/7903/7903 1942/7904/7904
f 1939/7905/7905 1935/7906/7906 1937/7907/7907
f 1939/7905/7905 1937/7907/7907 1941/7908/7908
f 1936/7909/7909 1940/7910/7910 1942/7911/7911
f 1936/7909/7909 1942/7911/7911 1938/7912/7912
f 1939/7913/7913 1903/7914/7914 1906/7915/7915
f 1939/7913/7913 1906/7915/7915 1940/7916/7916
f 1908/7917/7917 1941/7918/7918 1942/7919/7919
f 1908/7917/7917 1942/7919/7919 1909/7920/7920
f 1903/7921/7921 1939/7922/7922 1941/7923/7923
f 1903/7921/7921 1941/7923/7923 1908/7924/7924
f 1940/7925/7925 1906/7926/7926 1909/7927/7927
f 1940/7925/7925 1909/7927/7927 1942/7928/7928
f 1943/7929/7929 1944/7930/7930 1945/7931/7931
f 1943/7929/7929 1945/7931/7931 1946/7932/7932
f 1947/7933/7933 1946/7934/7934 1945/7935/7935
f 1948/7936/7936 1944/7937/7937 1943/7938/7938
f 1944/7939/7939 1949/7940/7940 1950/7941/7941
f 1944/7939/7939 1950/7941/7941 1945/7942/7942
f 1947/7943/7943 1945/7944/7944 1950/7945/7945
f 1948/7946/7946 1949/7947/7947 1944/7948/7948
f 1949/7949/7949 1951/7950/7950 1952/7951/7951
f 1949/7949/7949 1952/7951/7951 1950/7952/7952
f 1947/7953/7953 1950/7954/7954 1952/7955/7955
f 1948/7956/7956 1951/7957/7957 1949/7958/7958
f 1951/7959/7959 1953/7960/7960 1954/7961/7961
f 1951/7959/7959 1954/7961/7961 1952/7962/7962
f 1947/7963/7963 1952/7964/7964 1954/7965/7965
f 1948/7966/7966 1953/7967/7967 1951/7968/7968
f 1953/7969/7969 1955/7970/7970 1956/7971/7971
f 1953/7969/7969 1956/7971/7971 1954/7972/7972
f 1947/7973/7973 1954/7974/7974 1956/7975/7975
f 1948/7976/7976 1955/7977/7977 1953/7978/7978
f 1955/7979/7979 1957/7980/7980 1958/7981/7981
f 1955/7979/7979 1958/7981/7981 1956/7982/7982
f 1947/7983/7983 1956/7984/7984 1958/7985/7985
f 1948/7986/7986 1957/7987/7987 1955/7988/7988
f 1957/7989/7989 1959/7990/7990 1960/7991/7991
f 1957/7989/7989 1960/7991/7991 1958/7992/7992
f 1947/7993/7993 1958/7994/7994 1960/7995/7995
f 1948/7996/7996 1959/7997/7997 1957/7998/7998
f 1959/7999/7999 1961/8000/8000 1962/8001/8001
f 1959/7999/7999 1962/8001/8001 1960/8002/8002
f 1947/8003/8003 1960/8004/8004 1962/8005/8005
f 1948/8006/8006 1961/8007/8007 1959/8008/8008
f 1961/8009/8009 1963/8010/8010 1964/8011/8011
f 1961/8009/8009 1964/8011/8011 1962/8012/8012
f 1947/8013/8013 1962/8014/8014 1964/8015/8015
f 1948/8016/8016 1963/8017/8017 1961/8018/8018
f 1963/8019/8019 1965/8020/8020 1966/8021/8021
f 1963/8019/8019 1966/8021/8021 1964/8022/8022
f 1947/8023/8023 1964/8024/8024 1966/8025/8025
f 1948/8026/8026 1965/8027/8027 1963/8028/8028
f 1965/8029/8029 1967/8030/8030 1968/8031/8031
f 1965/8029/8029 1968/8031/8031 1966/8032/8032
f 1947/8033/8033 1966/8034/8034 1968/8035/8035
f 1948/8036/8036 1967/8037/8037 1965/8038/8038
f 1967/8039/8039 1943/8040/8040 1946/8041/8041
f 1967/8039/8039 1946/8041/8041 1968/8042/8042
f 1947/8043/8043 1968/8044/8044 1946/8045/8045
f 1948/8046/8046 1943/8047/8047 1967/8048/8048
f 1969/8049/8049 1970/8050/8050 1971/8051/8051
f 1969/8049/8049 1971/8051/8051 1972/8052/8052
f 1973/8053/8053 1972/8054/8054 1971/8055/8055
f 1974/8056/8056 1970/8057/8057 1969/8058/8058
f 1970/8059/8059 1975/8060/8060 1976/8061/8061
f 1970/8059/8059 1976/8061/8061 1971/8062/8062
f 1973/8063/8063 1971/8064/8064 1976/8065/8065
f 1974/8066/8066 1975/8067/8067 1970/8068/8068
f 1975/8069/8069 1977/8070/8070 1978/8071/8071
f 1975/8069/8069 1978/8071/8071 1976/8072/8072
f 1973/8073/8073 1976/8074/8074 1978/8075/8075
f 1974/8076/8076 1977/8077/8077 1975/8078/8078
f 1977/8079/8079 1979/8080/8080 1980/8081/8081
f 1977/8079/8079 1980/8081/8081 1978/8082/8082
f 1973/8083/8083 1978/8084/8084 1980/8085/8085
f 1974/8086/8086 1979/8087/8087 1977/8088/8088
f 1979/8089/8089 1981/8090/8090 1982/8091/8091
f 1979/8089/8089 1982/8091/8091 1980/8092/8092
f 1973/8093/8093 1980/8094/8094 1982/8095/8095
f 1974/8096/8096 1981/8097/8097 1979/8098/8098
f 1981/8099/8099 1983/8100/8100 1984/8101/8101
f 1981/8099/8099 1984/8101/8101 1982/8102/8102
f 1973/8103/8103 1982/8104/8104 1984/8105/8105
f 1974/8106/8106 1983/8107/8107 1981/8108/8108
f 1983/8109/8109 1985/8110/8110 1986/8111/8111
f 1983/8109/8109 1986/8111/8111 1984/8112/8112
f 1973/8113/8113 1984/8114/8114 1986/8115/8115
f 1974/8116/8116 1985/8117/8117 1983/8118/8118
f 1985/8119/8119 1987/8120/8120 1988/8121/8121
f 1985/8119/8119 1988/8121/8121 1986/8122/8122
f 1973/8123/8123 1986/8124/8124 1988/8125/8125
f 1974/8126/8126 1987/8127/8127 1985/8128/8128
f 1987/8129/8129 1989/8130/8130 1990/8131/8131
f 1987/8129/8129 1990/8131/8131 1988/8132/8132
f 1973/8133/8133 1988/8134/8134 1990/8135/8135
f 1974/8136/8136 1989/8137/8137 1987/8138/8138
f 1989/8139/8139 1991/8140/8140 1992/8141/8141
f 1989/8139/8139 1992/8141/8141 1990/8142/8142
f 1973/8143/8143 1990/8144/8144 1992/8145/8145
f 1974/8146/8146 1991/8147/8147 1989/8148/8148
f 1991/8149/8149 1993/8150/8150 1994/8151/8151
f 1991/8149/8149 1994/8151/8151 1992/8152/8152
f 1973/8153/8153 1992/8154/8154 1994/8155/8155
f 1974/8156/8156 1993/8157/8157 1991/8158/8158
f 1993/8159/8159 1969/8160/8160 1972/8161/8161
f 1993/8159/8159 1972/8161/8161 1994/8162/8162
f 1973/8163/8163 1994/8164/8164 1972/8165/8165
f 1974/8166/8166 1969/8167/8167 1993/8168/8168
f 1995/8169/8169 1996/8170/8170 1997/8171/8171
f 1995/8169/8169 1997/8171/8171 1998/8172/8172
f 1999/8173/8173 2000/8174/8174 2001/8175/8175
f 1999/8173/8173 2001/8175/8175 2002/8176/8176
f 1996/8177/8177 1995/8178/8178 2000/8179/8179
f 1996/8177/8177 2000/8179/8179 1999/8180/8180
f 1998/8181/8181 1997/8182/8182 2002/8183/8183
f 1998/8181/8181 2002/8183/8183 2001/8184/8184
f 1996/8185/8185 2003/8186/8186 2004/8187/8187
f 1996/8185/8185 2004/8187/8187 1997/8188/8188
f 2005/8189/8189 1999/8190/8190 2002/8191/8191
f 2005/8189/8189 2002/8191/8191 2006/8192/8192
f 2003/8193/8193 1996/8194/8194 1999/8195/8195
f 2003/8193/8193 1999/8195/8195 2005/8196/8196
f 1997/8197/8197 2004/8198/8198 2006/8199/8199
f 1997/8197/8197 2006/8199/8199 2002/8200/8200
f 2003/8201/8201 2007/8202/8202 2008/8203/8203
f 2003/8201/8201 2008/8203/8203 2004/8204/8204
f 2009/8205/8205 2005/8206/8206 2006/8207/8207
f 2009/8205/8205 2006/8207/8207 2010/8208/8208
f 2007/8209/8209 2003/8210/8210 2005/8211/8211
f 2007/8209/8209 2005/8211/8211 2009/8212/8212
f 2004/8213/8213 2008/8214/8214 2010/8215/8215
f 2004/8213/8213 2010/8215/8215 2006/8216/8216
f 2007/8217/8217 2011/8218/8218 2012/8219/8219
f 2007/8217/8217 2012/8219/8219 2008/8220/8220
f 2013/8221/8221 2009/8222/8222 2010/8223/8223
f 2013/8221/8221 2010/8223/8223 2014/8224/8224
f 2011/8225/8225 2007/8226/8226 2009/8227/8227
f 2011/8225/8225 2009/8227/8227 2013/8228/8228
f 2008/8229/8229 2012/8230/8230 2014/8231/8231
f 2008/8229/8229 2014/8231/8231 2010/8232/8232
f 2011/8233/8233 2015/8234/8234 2016/8235/8235
f 2011/8233/8233 2016/8235/8235 2012/8236/8236
f 2017/8237/8237 2013/8238/8238 2014/8239/8239
f 2017/8237/8237 2014/8239/8239 2018/8240/8240
f 2015/8241/8241 2011/8242/8242 2013/8243/8243
f 2015/8241/8241 2013/8243/8243 2017/8244/8244
f 2012/8245/8245 2016/8246/8246 2018/8247/8247
f 2012/8245/8245 2018/8247/8247 2014/8248/8248
f 2015/8249/8249 2019/8250/8250 2020/8251/8251
f 2015/8249/8249 2020/8251/8251 2016/8252/8252
f 2021/8253/8253 2017/8254/8254 2018/8255/8255
f 2021/8253/8253 2018/8255/8255 2022/8256/8256
f 2019/8257/8257 2015/8258/8258 2017/8259/8259
f 2019/8257/8257 2017/8259/8259 2021/8260/8260
f 2016/8261/8261 2020/8262/8262 2022/8263/8263
f 2016/8261/8261 2022/8263/8263 2018/8264/8264
f 2019/8265/8265 2023/8266/8266 2024/8267/8267
f 2019/8265/8265 2024/8267/8267 2020/8268/8268
f 2025/8269/8269 2021/8270/8270 2022/8271/8271
f 2025/8269/8269 2022/8271/8271 2026/8272/8272
f 2023/8273/8273 2019/8274/8274 2021/8275/8275
f 2023/8273/8273 2021/8275/8275 2025/8276/8276
f 2020/8277/8277 2024/8278/8278 2026/8279/8279
f 2020/8277/8277 2026/8279/8279 2022/8280/8280
f 2023/8281/8281 2027/8282/8282 2028/8283/8283
f 2023/8281/8281 2028/8283/8283 2024/8284/8284
f 2029/8285/8285 2025/8286/8286 2026/8287/8287
f 2029/8285/8285 2026/8287/8287 2030/8288/8288
f 2027/8289/8289 2023/8290/8290 2025/8291/8291
f 2027/8289/8289 2025/8291/8291 2029/8292/8292
f 2024/8293/8293 2028/8294/8294 2030/8295/8295
f 2024/8293/8293 2030/8295/8295 2026/8296/8296
f 2027/8297/8297 2031/8298/8298 2032/8299/8299
f 2027/8297/8297 2032/8299/8299 2028/8300/8300
f 2033/8301/8301 2029/8302/8302 2030/8303/8303
f 2033/8301/8301 2030/8303/8303 2034/8304/8304
f 2031/8305/8305 2027/8306/8306 2029/8307/8307
f 2031/8305/8305 2029/8307/8307 2033/8308/8308
f 2028/8309/8309 2032/8310/8310 2034/8311/8311
f 2028/8309/8309 2034/8311/8311 2030/8312/8312
f 2031/8313/8313 1995/8314/8314 1998/8315/8315
f 2031/8313/8313 1998/8315/8315 2032/8316/8316
f 2000/8317/8317 2033/8318/8318 2034/8319/8319
f 2000/8317/8317 2034/8319/8319 2001/8320/8320
f 1995/8321/8321 2031/8322/8322 2033/8323/8323
f 1995/8321/8321 2033/8323/8323 2000/8324/8324
f 2032/8325/8325 1998/8326/8326 2001/8327/8327
f 2032/8325/8325 2001/8327/8327 2034/8328/8328
f 2035/8329/8329 2036/8330/8330 2037/8331/8331
f 2035/8329/8329 2037/8331/8331 2038/8332/8332
f 2036/8333/8333 2039/8334/8334 2040/8335/8335
f 2036/8333/8333 2040/8335/8335 2037/8336/8336
f 2039/8337/8337 2041/8338/8338 2042/8339/8339
f 2039/8337/8337 2042/8339/8339 2040/8340/8340
f 2041/8341/8341 2043/8342/8342 2044/8343/8343
f 2041/8341/8341 2044/8343/8343 2042/8344/8344
f 2043/8345/8345 2045/8346/8346 2046/8347/8347
f 2043/8345/8345 2046/8347/8347 2044/8348/8348
f 2045/8349/8349 2047/8350/8350 2048/8351/8351
f 2045/8349/8349 2048/8351/8351 2046/8352/8352
f 2047/8353/8353 2049/8354/8354 2050/8355/8355
f 2047/8353/8353 2050/8355/8355 2048/8356/8356
f 2049/8357/8357 2051/8358/8358 2052/8359/8359
f 2049/8357/8357 2052/8359/8359 2050/8360/8360
f 2051/8361/8361 2053/8362/8362 2054/8363/8363
f 2051/8361/8361 2054/8363/8363 2052/8364/8364
f 2053/8365/8365 2035/8366/8366 2038/8367/8367
f 2053/8365/8365 2038/8367/8367 2054/8368/8368
f 2038/8369/8369 2037/8370/8370 2055/8371/8371
f 2038/8369/8369 2055/8371/8371 2056/8372/8372
f 2037/8373/8373 2040/8374/8374 2057/8375/8375
f 2037/8373/8373 2057/8375/8375 2055/8376/8376
f 2040/8377/8377 2042/8378/8378 2058/8379/8379
f 2040/8377/8377 2058/8379/8379 2057/8380/8380
f 2042/8381/8381 2044/8382/8382 2059/8383/8383
f 2042/8381/8381 2059/8383/8383 2058/8384/8384
f 2044/8385/8385 2046/8386/8386 2060/8387/8387
f 2044/8385/8385 2060/8387/8387 2059/8388/8388
f 2046/8389/8389 2048/8390/8390 2061/8391/8391
f 2046/8389/8389 2061/8391/8391 2060/8392/8392
f 2048/8393/8393 2050/8394/8394 2062/8395/8395
f 2048/8393/8393 2062/8395/8395 2061/8396/8396
f 2050/8397/8397 2052/8398/8398 2063/8399/8399
f 2050/8397/8397 2063/8399/8399 2062/8400/8400
f 2052/8401/8401 2054/8402/8402 2064/8403/8403
f 2052/8401/8401 2064/8403/8403 2063/8404/8404
f 2054/8405/8405 2038/8406/8406 2056/8407/8407
f 2054/8405/8405 2056/8407/8407 2064/8408/8408
f 2056/8409/8409 2055/8410/8410 2065/8411/8411
f 2056/8409/8409 2065/8411/8411 2066/8412/8412
f 2055/8413/8413 2057/8414/8414 2067/8415/8415
f 2055/8413/8413 2067/8415/8415 2065/8416/8416
f 2057/8417/8417 2058/8418/8418 2068/8419/8419
f 2057/8417/8417 2068/8419/8419 2067/8420/8420
f 2058/8421/8421 2059/8422/8422 2069/8423/8423
f 2058/8421/8421 2069/8423/8423 2068/8424/8424
f 2059/8425/8425 2060/8426/8426 2070/8427/8427
f 2059/8425/8425 2070/8427/8427 2069/8428/8428
f 2060/8429/8429 2061/8430/8430 2071/8431/8431
f 2060/8429/8429 2071/8431/8431 2070/8432/8432
f 2061/8433/8433 2062/8434/8434 2072/8435/8435
f 2061/8433/8433 2072/8435/8435 2071/8436/8436
f 2062/8437/8437 2063/8438/8438 2073/8439/8439
f 2062/8437/8437 2073/8439/8439 2072/8440/8440
f 2063/8441/8441 2064/8442/8442 2074/8443/8443
f 2063/8441/8441 2074/8443/8443 2073/8444/8444
f 2064/8445/8445 2056/8446/8446 2066/8447/8447
f 2064/8445/8445 2066/8447/8447 2074/8448/8448
f 2066/8449/8449 2065/8450/8450 2075/8451/8451
f 2066/8449/8449 2075/8451/8451 2076/8452/8452
f 2065/8453/8453 2067/8454/8454 2077/8455/8455
f 2065/8453/8453 2077/8455/8455 2075/8456/8456
f 2067/8457/8457 2068/8458/8458 2078/8459/8459
f 2067/8457/8457 2078/8459/8459 2077/8460/8460
f 2068/8461/8461 2069/8462/8462 2079/8463/8463
f 2068/8461/8461 2079/8463/8463 2078/8464/8464
f 2069/8465/8465 2070/8466/8466 2080/8467/8467
f 2069/8465/8465 2080/8467/8467 2079/8468/8468
f 2070/8469/8469 2071/8470/8470 2081/8471/8471
f 2070/8469/8469 2081/8471/8471 2080/8472/8472
f 2071/8473/8473 2072/8474/8474 2082/8475/8475
f 2071/8473/8473 2082/8475/8475 2081/8476/8476
f 2072/8477/8477 2073/8478/8478 2083/8479/8479
f 2072/8477/8477 2083/8479/8479 2082/8480/8480
f 2073/8481/8481 2074/8482/8482 2084/8483/8483
f 2073/8481/8481 2084/8483/8483 2083/8484/8484
f 2074/8485/8485 2066/8486/8486 2076/8487/8487
f 2074/8485/8485 2076/8487/8487 2084/8488/8488
f 2085/8489/8489 2036/8490/8490 2035/8491/8491
f 2085/8492/8492 2039/8493/8493 2036/8494/8494
f 2085/8495/8495 2041/8496/8496 2039/8497/8497
f 2085/8498/8498 2043/8499/8499 2041/8500/8500
f 2085/8501/8501 2045/8502/8502 2043/8503/8503
f 2085/8504/8504 2047/8505/8505 2045/8506/8506
f 2085/8507/8507 2049/8508/8508 2047/8509/8509
f 2085/8510/8510 2051/8511/8511 2049/8512/8512
f 2085/8513/8513 2053/8514/8514 2051/8515/8515
f 2085/8516/8516 2035/8517/8517 2053/8518/8518
f 2086/8519/8519 2076/8520/8520 2075/8521/8521
f 2086/8522/8522 2075/8523/8523 2077/8524/8524
f 2086/8525/8525 2077/8526/8526 2078/8527/8527
f 2086/8528/8528 2078/8529/8529 2079/8530/8530
f 2086/8531/8531 2079/8532/8532 2080/8533/8533
f 2086/8534/8534 2080/8535/8535 2081/8536/8536
f 2086/8537/8537 2081/8538/8538 2082/8539/8539
f 2086/8540/8540 2082/8541/8541 2083/8542/8542
f 2086/8543/8543 2083/8544/8544 2084/8545/8545
f 2086/8546/8546 2084/8547/8547 2076/8548/8548
f 2087/8549/8549 2088/8550/8550 2089/8551/8551
f 2087/8549/8549 2089/8551/8551 2090/8552/8552
f 2088/8553/8553 2091/8554/8554 2092/8555/8555
f 2088/8553/8553 2092/8555/8555 2089/8556/8556
f 2091/8557/8557 2093/8558/8558 2094/8559/8559
f 2091/8557/8557 2094/8559/8559 2092/8560/8560
f 2093/8561/8561 2087/8562/8562 2090/8563/8563
f 2093/8561/8561 2090/8563/8563 2094/8564/8564
f 2087/8565/8565 2093/8566/8566 2091/8567/8567
f 2087/8565/8565 2091/8567/8567 2088/8568/8568
f 2090/8569/8569 2089/8570/8570 2092/8571/8571
f 2090/8569/8569 2092/8571/8571 2094/8572/8572
f 2095/8573/8573 2096/8574/8574 2097/8575/8575
f 2095/8573/8573 2097/8575/8575 2098/8576/8576
f 2096/8577/8577 2099/8578/8578 2100/8579/8579
f 2096/8577/8577 2100/8579/8579 2097/8580/8580
f 2099/8581/8581 2101/8582/8582 2102/8583/8583
f 2099/8581/8581 2102/8583/8583 2100/8584/8584
f 2101/8585/8585 2095/8586/8586 2098/8587/8587
f 2101/8585/8585 2098/8587/8587 2102/8588/8588
f 2095/8589/8589 2101/8590/8590 2099/8591/8591
f 2095/8589/8589 2099/8591/8591 2096/8592/8592
f 2098/8593/8593 2097/8594/8594 2100/8595/8595
f 2098/8593/8593 2100/8595/8595 2102/8596/8596
f 2103/8597/8597 2104/8598/8598 2105/8599/8599
f 2103/8597/8597 2105/8599/8599 2106/8600/8600
f 2104/8601/8601 2107/8602/8602 2108/8603/8603
f 2104/8601/8601 2108/8603/8603 2105/8604/8604
f 2107/8605/8605 2109/8606/8606 2110/8607/8607
f 2107/8605/8605 2110/8607/8607 2108/8608/8608
f 2109/8609/8609 2103/8610/8610 2106/8611/8611
f 2109/8609/8609 2106/8611/8611 2110/8612/8612
f 2103/8613/8613 2109/8614/8614 2107/8615/8615
f 2103/8613/8613 2107/8615/8615 2104/8616/8616
f 2106/8617/8617 2105/8618/8618 2108/8619/8619
f 2106/8617/8617 2108/8619/8619 2110/8620/8620
f 2111/8621/8621 2112/8622/8622 2113/8623/8623
f 2111/8621/8621 2113/8623/8623 2114/8624/8624
f 2112/8625/8625 2115/8626/8626 2116/8627/8627
f 2112/8625/8625 2116/8627/8627 2113/8628/8628
f 2115/8629/8629 2117/8630/8630 2118/8631/8631
f 2115/8629/8629 2118/8631/8631 2116/8632/8632
f 2117/8633/8633 2119/8634/8634 2120/8635/8635
f 2117/8633/8633 2120/8635/8635 2118/8636/8636
f 2119/8637/8637 2121/8638/8638 2122/8639/8639
f 2119/8637/8637 2122/8639/8639 2120/8640/8640
f 2121/8641/8641 2123/8642/8642 2124/8643/8643
f 2121/8641/8641 2124/8643/8643 2122/8644/8644
f 2123/8645/8645 2125/8646/8646 2126/8647/8647
f 2123/8645/8645 2126/8647/8647 2124/8648/8648
f 2125/8649/8649 2127/8650/8650 2128/8651/8651
f 2125/8649/8649 2128/8651/8651 2126/8652/8652
f 2127/8653/8653 2129/8654/8654 2130/8655/8655
f 2127/8653/8653 2130/8655/8655 2128/8656/8656
f 2129/8657/8657 2111/8658/8658 2114/8659/8659
f 2129/8657/8657 2114/8659/8659 2130/8660/8660
f 2114/8661/8661 2113/8662/8662 2131/8663/8663
f 2114/8661/8661 2131/8663/8663 2132/8664/8664
f 2113/8665/8665 2116/8666/8666 2133/8667/8667
f 2113/8665/8665 2133/8667/8667 2131/8668/8668
f 2116/8669/8669 2118/8670/8670 2134/8671/8671
f 2116/8669/8669 2134/8671/8671 2133/8672/8672
f 2118/8673/8673 2120/8674/8674 2135/8675/8675
f 2118/8673/8673 2135/8675/8675 2134/8676/8676
f 2120/8677/8677 2122/8678/8678 2136/8679/8679
f 2120/8677/8677 2136/8679/8679 2135/8680/8680
f 2122/8681/8681 2124/8682/8682 2137/8683/8683
f 2122/8681/8681 2137/8683/8683 2136/8684/8684
f 2124/8685/8685 2126/8686/8686 2138/8687/8687
f 2124/8685/8685 2138/8687/8687 2137/8688/8688
f 2126/8689/8689 2128/8690/8690 2139/8691/8691
f 2126/8689/8689 2139/8691/8691 2138/8692/8692
f 2128/8693/8693 2130/8694/8694 2140/8695/8695
f 2128/8693/8693 2140/8695/8695 2139/8696/8696
f 2130/8697/8697 2114/8698/8698 2132/8699/8699
f 2130/8697/8697 2132/8699/8699 2140/8700/8700
f 2132/8701/8701 2131/8702/8702 2141/8703/8703
f 2132/8701/8701 2141/8703/8703 2142/8704/8704
f 2131/8705/8705 2133/8706/8706 2143/8707/8707
f 2131/8705/8705 2143/8707/8707 2141/8708/8708
f 2133/8709/8709 2134/8710/8710 2144/8711/8711
f 2133/8709/8709 2144/8711/8711 2143/8712/8712
f 2134/8713/8713 2135/8714/8714 2145/8715/8715
f 2134/8713/8713 2145/8715/8715 2144/8716/8716
f 2135/8717/8717 2136/8718/8718 2146/8719/8719
f 2135/8717/8717 2146/8719/8719 2145/8720/8720
f 2136/8721/8721 2137/8722/8722 2147/8723/8723
f 2136/8721/8721 2147/8723/8723 2146/8724/8724
f 2137/8725/8725 2138/8726/8726 2148/8727/8727
f 2137/8725/8725 2148/8727/8727 2147/8728/8728
f 2138/8729/8729 2139/8730/8730 2149/8731/8731
f 2138/8729/8729 2149/8731/8731 2148/8732/8732
f 2139/8733/8733 2140/8734/8734 2150/8735/8735
f 2139/8733/8733 2150/8735/8735 2149/8736/8736
f 2140/8737/8737 2132/8738/8738 2142/8739/8739
f 2140/8737/8737 2142/8739/8739 2150/8740/8740
f 2142/8741/8741 2141/8742/8742 2151/8743/8743
f 2142/8741/8741 2151/8743/8743 2152/8744/8744
f 2141/8745/8745 2143/8746/8746 2153/8747/8747
f 2141/8745/8745 2153/8747/8747 2151/8748/8748
f 2143/8749/8749 2144/8750/8750 2154/8751/8751
f 2143/8749/8749 2154/8751/8751 2153/8752/8752
f 2144/8753/8753 2145/8754/8754 2155/8755/8755
f 2144/8753/8753 2155/8755/8755 2154/8756/8756
f 2145/8757/8757 2146/8758/8758 2156/8759/8759
f 2145/8757/8757 2156/8759/8759 2155/8760/8760
f 2146/8761/8761 2147/8762/8762 2157/8763/8763
f 2146/8761/8761 2157/8763/8763 2156/8764/8764
f 2147/8765/8765 2148/8766/8766 2158/8767/8767
f 2147/8765/8765 2158/8767/8767 2157/8768/8768
f 2148/8769/8769 2149/8770/8770 2159/8771/8771
f 2148/8769/8769 2159/8771/8771 2158/8772/8772
f 2149/8773/8773 2150/8774/8774 2160/8775/8775
f 2149/8773/8773 2160/8775/8775 2159/8776/8776
f 2150/8777/8777 2142/8778/8778 2152/8779/8779
f 2150/8777/8777 2152/8779/8779 2160/8780/8780
f 2161/8781/8781 2112/8782/8782 2111/8783/8783
f 2161/8784/8784 2115/8785/8785 2112/8786/8786
f 2161/8787/8787 2117/8788/8788 2115/8789/8789
f 2161/8790/8790 2119/8791/8791 2117/8792/8792
f 2161/8793/8793 2121/8794/8794 2119/8795/8795
f 2161/8796/8796 2123/8797/8797 2121/8798/8798
f 2161/8799/8799 2125/8800/8800 2123/8801/8801
f 2161/8802/8802 2127/8803/8803 2125/8804/8804
f 2161/8805/8805 2129/8806/8806 2127/8807/8807
f 2161/8808/8808 2111/8809/8809 2129/8810/8810
f 2162/8811/8811 2152/8812/8812 2151/8813/8813
f 2162/8814/8814 2151/8815/8815 2153/8816/8816
f 2162/8817/8817 2153/8818/8818 2154/8819/8819
f 2162/8820/8820 2154/8821/8821 2155/8822/8822
f 2162/8823/8823 2155/8824/8824 2156/8825/8825
f 2162/8826/8826 2156/8827/8827 2157/8828/8828
f 2162/8829/8829 2157/8830/8830 2158/8831/8831
f 2162/8832/8832 2158/8833/8833 2159/8834/8834
f 2162/8835/8835 2159/8836/8836 2160/8837/8837
f 2162/8838/8838 2160/8839/8839 2152/8840/8840
f 2163/8841/8841 2164/8842/8842 2165/8843/8843
f 2163/8841/8841 2165/8843/8843 2166/8844/8844
f 2164/8845/8845 2167/8846/8846 2168/8847/8847
f 2164/8845/8845 2168/8847/8847 2165/8848/8848
f 2167/8849/8849 2169/8850/8850 2170/8851/8851
f 2167/8849/8849 2170/8851/8851 2168/8852/8852
f 2169/8853/8853 2171/8854/8854 2172/8855/8855
f 2169/8853/8853 2172/8855/8855 2170/8856/8856
f 2171/8857/8857 2173/8858/8858 2174/8859/8859
f 2171/8857/8857 2174/8859/8859 2172/8860/8860
f 2173/8861/8861 2175/8862/8862 2176/8863/8863
f 2173/8861/8861 2176/8863/8863 2174/8864/8864
f 2175/8865/8865 2177/8866/8866 2178/8867/8867
f 2175/8865/8865 2178/8867/8867 2176/8868/8868
f 2177/8869/8869 2179/8870/8870 2180/8871/8871
f 2177/8869/8869 2180/8871/8871 2178/8872/8872
f 2179/8873/8873 2181/8874/8874 2182/8875/8875
f 2179/8873/8873 2182/8875/8875 2180/8876/8876
f 2181/8877/8877 2163/8878/8878 2166/8879/8879
f 2181/8877/8877 2166/8879/8879 2182/8880/8880
f 2166/8881/8881 2165/8882/8882 2183/8883/8883
f 2166/8881/8881 2183/8883/8883 2184/8884/8884
f 2165/8885/8885 2168/8886/8886 2185/8887/8887
f 2165/8885/8885 2185/8887/8887 2183/8888/8888
f 2168/8889/8889 2170/8890/8890 2186/8891/8891
f 2168/8889/8889 2186/8891/8891 2185/8892/8892
f 2170/8893/8893 2172/8894/8894 2187/8895/8895
f 2170/8893/8893 2187/8895/8895 2186/8896/8896
f 2172/8897/8897 2174/8898/8898 2188/8899/8899
f 2172/8897/8897 2188/8899/8899 2187/8900/8900
f 2174/8901/8901 2176/8902/8902 2189/8903/8903
f 2174/8901/8901 2189/8903/8903 2188/8904/8904
f 2176/8905/8905 2178/8906/8906 2190/8907/8907
f 2176/8905/8905 2190/8907/8907 2189/8908/8908
f 2178/8909/8909 2180/8910/8910 2191/8911/8911
f 2178/8909/8909 2191/8911/8911 2190/8912/8912
f 2180/8913/8913 2182/8914/8914 2192/8915/8915
f 2180/8913/8913 2192/8915/8915 2191/8916/8916
f 2182/8917/8917 2166/8918/8918 2184/8919/8919
f 2182/8917/8917 2184/8919/8919 2192/8920/8920
f 2184/8921/8921 2183/8922/8922 2193/8923/8923
f 2184/8921/8921 2193/8923/8923 2194/8924/8924
f 2183/8925/8925 2185/8926/8926 2195/8927/8927
f 2183/8925/8925 2195/8927/8927 2193/8928/8928
f 2185/8929/8929 2186/8930/8930 2196/8931/8931
f 2185/8929/8929 2196/8931/8931 2195/8932/8932
f 2186/8933/8933 2187/8934/8934 2197/8935/8935
f 2186/8933/8933 2197/8935/8935 2196/8936/8936
f 2187/8937/8937 2188/8938/8938 2198/8939/8939
f 2187/8937/8937 2198/8939/8939 2197/8940/8940
f 2188/8941/8941 2189/8942/8942 2199/8943/8943
f 2188/8941/8941 2199/8943/8943 2198/8944/8944
f 2189/8945/8945 2190/8946/8946 2200/8947/8947
f 2189/8945/8945 2200/8947/8947 2199/8948/8948
f 2190/8949/8949 2191/8950/8950 2201/8951/8951
f 2190/8949/8949 2201/8951/8951 2200/8952/8952
f 2191/8953/8953 2192/8954/8954 2202/8955/8955
f 2191/8953/8953 2202/8955/8955 2201/8956/8956
f 2192/8957/8957 2184/8958/8958 2194/8959/8959
f 2192/8957/8957 2194/8959/8959 2202/8960/8960
f 2194/8961/8961 2193/8962/8962 2203/8963/8963
f 2194/8961/8961 2203/8963/8963 2204/8964/8964
f 2193/8965/8965 2195/8966/8966 2205/8967/8967
f 2193/8965/8965 2205/8967/8967 2203/8968/8968
f 2195/8969/8969 2196/8970/8970 2206/8971/8971
f 2195/8969/8969 2206/8971/8971 2205/8972/8972
f 2196/8973/8973 2197/8974/8974 2207/8975/8975
f 2196/8973/8973 2207/8975/8975 2206/8976/8976
f 2197/8977/8977 2198/8978/8978 2208/8979/8979
f 2197/8977/8977 2208/8979/8979 2207/8980/8980
f 2198/8981/8981 2199/8982/8982 2209/8983/8983
f 2198/8981/8981 2209/8983/8983 2208/8984/8984
f 2199/8985/8985 2200/8986/8986 2210/8987/8987
f 2199/8985/8985 2210/8987/8987 2209/8988/8988
f 2200/8989/8989 2201/8990/8990 2211/8991/8991
f 2200/8989/8989 2211/8991/8991 2210/8992/8992
f 2201/8993/8993 2202/8994/8994 2212/8995/8995
f 2201/8993/8993 2212/8995/8995 2211/8996/8996
f 2202/8997/8997 2194/8998/8998 2204/8999/8999
f 2202/8997/8997 2204/8999/8999 2212/9000/9000
f 2213/9001/9001 2164/9002/9002 2163/9003/9003
f 2213/9004/9004 2167/9005/9005 2164/9006/9006
f 2213/9007/9007 2169/9008/9008 2167/9009/9009
f 2213/9010/9010 2171/9011/9011 2169/9012/9012
f 2213/9013/9013 2173/9014/9014 2171/9015/9015
f 2213/9016/9016 2175/9017/9017 2173/9018/9018
f 2213/9019/9019 2177/9020/9020 2175/9021/9021
f 2213/9022/9022 2179/9023/9023 2177/9024/9024
f 2213/9025/9025 2181/9026/9026 2179/9027/9027
f 2213/9028/9028 2163/9029/9029 2181/9030/9030
f 2214/9031/9031 2204/9032/9032 2203/9033/9033
f 2214/9034/9034 2203/9035/9035 2205/9036/9036
f 2214/9037/9037 2205/9038/9038 2206/9039/9039
f 2214/9040/9040 2206/9041/9041 2207/9042/9042
f 2214/9043/9043 2207/9044/9044 2208/9045/9045
f 2214/9046/9046 2208/9047/9047 2209/9048/9048
f 2214/9049/9049 2209/9050/9050 2210/9051/9051
f 2214/9052/9052 2210/9053/9053 2211/9054/9054
f 2214/9055/9055 2211/9056/9056 2212/9057/9057
f 2214/9058/9058 2212/9059/9059 2204/9060/9060
f 2215/9061/9061 2216/9062/9062 2217/9063/9063
f 2215/9061/9061 2217/9063/9063 2218/9064/9064
f 2216/9065/9065 2219/9066/9066 2220/9067/9067
f 2216/9065/9065 2220/9067/9067 2217/9068/9068
f 2219/9069/9069 2221/9070/9070 2222/9071/9071
f 2219/9069/9069 2222/9071/9071 2220/9072/9072
f 2221/9073/9073 2223/9074/9074 2224/9075/9075
f 2221/9073/9073 2224/9075/9075 2222/9076/9076
f 2223/9077/9077 2225/9078/9078 2226/9079/9079
f 2223/9077/9077 2226/9079/9079 2224/9080/9080
f 2225/9081/9081 2227/9082/9082 2228/9083/9083
f 2225/9081/9081 2228/9083/9083 2226/9084/9084
f 2227/9085/9085 2229/9086/9086 2230/9087/9087
f 2227/9085/9085 2230/9087/9087 2228/9088/9088
f 2229/9089/9089 2231/9090/9090 2232/9091/9091
f 2229/9089/9089 2232/9091/9091 2230/9092/9092
f 2231/9093/9093 2233/9094/9094 2234/9095/9095
f 2231/9093/9093 2234/9095/9095 2232/9096/9096
f 2233/9097/9097 2235/9098/9098 2236/9099/9099
f 2233/9097/9097 2236/9099/9099 2234/9100/9100
f 2235/9101/9101 2237/9102/9102 2238/9103/9103
f 2235/9101/9101 2238/9103/9103 2236/9104/9104
f 2237/9105/9105 2215/9106/9106 2218/9107/9107
f 2237/9105/9105 2218/9107/9107 2238/9108/9108
f 2218/9109/9109 2217/9110/9110 2239/9111/9111
f 2218/9109/9109 2239/9111/9111 2240/9112/9112
f 2217/9113/9113 2220/9114/9114 2241/9115/9115
f 2217/9113/9113 2241/9115/9115 2239/9116/9116
f 2220/9117/9117 2222/9118/9118 2242/9119/9119
f 2220/9117/9117 2242/9119/9119 2241/9120/9120
f 2222/9121/9121 2224/9122/9122 2243/9123/9123
f 2222/9121/9121 2243/9123/9123 2242/9124/9124
f 2224/9125/9125 2226/9126/9126 2244/9127/9127
f 2224/9125/9125 2244/9127/9127 2243/9128/9128
f 2226/9129/9129 2228/9130/9130 2245/9131/9131
f 2226/9129/9129 2245/9131/9131 2244/9132/9132
f 2228/9133/9133 2230/9134/9134 2246/9135/9135
f 2228/9133/9133 2246/9135/9135 2245/9136/9136
f 2230/9137/9137 2232/9138/9138 2247/9139/9139
f 2230/9137/9137 2247/9139/9139 2246/9140/9140
f 2232/9141/9141 2234/9142/9142 2248/9143/9143
f 2232/9141/9141 2248/9143/9143 2247/9144/9144
f 2234/9145/9145 2236/9146/9146 2249/9147/9147
f 2234/9145/9145 2249/9147/9147 2248/9148/9148
f 2236/9149/9149 2238/9150/9150 2250/9151/9151
f 2236/9149/9149 2250/9151/9151 2249/9152/9152
f 2238/9153/9153 2218/9154/9154 2240/9155/9155
f 2238/9153/9153 2240/9155/9155 2250/9156/9156
f 2240/9157/9157 2239/9158/9158 2251/9159/9159
f 2240/9157/9157 2251/9159/9159 2252/9160/9160
f 2239/9161/9161 2241/9162/9162 2253/9163/9163
f 2239/9161/9161 2253/9163/9163 2251/9164/9164
f 2241/9165/9165 2242/9166/9166 2254/9167/9167
f 2241/9165/9165 2254/9167/9167 2253/9168/9168
f 2242/9169/9169 2243/9170/9170 2255/9171/9171
f 2242/9169/9169 2255/9171/9171 2254/9172/9172
f 2243/9173/9173 2244/9174/9174 2256/9175/9175
f 2243/9173/9173 2256/9175/9175 2255/9176/9176
f 2244/9177/9177 2245/9178/9178 2257/9179/9179
f 2244/9177/9177 2257/9179/9179 2256/9180/9180
f 2245/9181/9181 2246/9182/9182 2258/9183/9183
f 2245/9181/9181 2258/9183/9183 2257/9184/9184
f 2246/9185/9185 2247/9186/9186 2259/9187/9187
f 2246/9185/9185 2259/9187/9187 2258/9188/9188
f 2247/9189/9189 2248/9190/9190 2260/9191/9191
f 2247/9189/9189 2260/9191/9191 2259/9192/9192
f 2248/9193/9193 2249/9194/9194 2261/9195/9195
f 2248/9193/9193 2261/9195/9195 2260/9196/9196
f 2249/9197/9197 2250/9198/9198 2262/9199/9199
f 2249/9197/9197 2262/9199/9199 2261/9200/9200
f 2250/9201/9201 2240/9202/9202 2252/9203/9203
f 2250/9201/9201 2252/9203/9203 2262/9204/9204
f 2263/9205/9205 2216/9206/9206 2215/9207/9207
f 2263/9208/9208 2219/9209/9209 2216/9210/9210
f 2263/9211/9211 2221/9212/9212 2219/9213/9213
f 2263/9214/9214 2223/9215/9215 2221/9216/9216
f 2263/9217/9217 2225/9218/9218 2223/9219/9219
f 2263/9220/9220 2227/9221/9221 2225/9222/9222
f 2263/9223/9223 2229/9224/9224 2227/9225/9225
f 2263/9226/9226 2231/9227/9227 2229/9228/9228
f 2263/9229/9229 2233/9230/9230 2231/9231/9231
f 2263/9232/9232 2235/9233/9233 2233/9234/9234
f 2263/9235/9235 2237/9236/9236 2235/9237/9237
f 2263/9238/9238 2215/9239/9239 2237/9240/9240
f 2252/9241/9241 2251/9242/9242 2264/9243/9243
f 2251/9244/9244 2253/9245/9245 2264/9246/9246
f 2253/9247/9247 2254/9248/9248 2264/9249/9249
f 2254/9250/9250 2255/9251/9251 2264/9252/9252
f 2255/9253/9253 2256/9254/9254 2264/9255/9255
f 2256/9256/9256 2257/9257/9257 2264/9258/9258
f 2257/9259/9259 2258/9260/9260 2264/9261/9261
f 2258/9262/9262 2259/9263/9263 2264/9264/9264
f 2259/9265/9265 2260/9266/9266 2264/9267/9267
f 2260/9268/9268 2261/9269/9269 2264/9270/9270
f 2261/9271/9271 2262/9272/9272 2264/9273/9273
f 2262/9274/9274 2252/9275/9275 2264/9276/9276
f 2265/9277/9277 2266/9278/9278 2267/9279/9279
f 2265/9277/9277 2267/9279/9279 2268/9280/9280
f 2268/9281/9281 2267/9282/9282 2269/9283/9283
f 2268/9281/9281 2269/9283/9283 2270/9284/9284
f 2270/9285/9285 2269/9286/9286 2271/9287/9287
f 2270/9285/9285 2271/9287/9287 2272/9288/9288
f 2272/9289/9289 2271/9290/9290 2273/9291/9291
f 2272/9289/9289 2273/9291/9291 2274/9292/9292
f 2274/9293/9293 2273/9294/9294 2275/9295/9295
f 2274/9293/9293 2275/9295/9295 2276/9296/9296
f 2276/9297/9297 2275/9298/9298 2277/9299/9299
f 2276/9297/9297 2277/9299/9299 2278/9300/9300
f 2278/9301/9301 2277/9302/9302 2279/9303/9303
f 2278/9301/9301 2279/9303/9303 2280/9304/9304
f 2280/9305/9305 2279/9306/9306 2281/9307/9307
f 2280/9305/9305 2281/9307/9307 2282/9308/9308
f 2282/9309/9309 2281/9310/9310 2283/9311/9311
f 2282/9309/9309 2283/9311/9311 2284/9312/9312
f 2284/9313/9313 2283/9314/9314 2285/9315/9315
f 2284/9313/9313 2285/9315/9315 2286/9316/9316
f 2286/9317/9317 2285/9318/9318 2287/9319/9319
f 2286/9317/9317 2287/9319/9319 2288/9320/9320
f 2288/9321/9321 2287/9322/9322 2266/9323/9323
f 2288/9321/9321 2266/9323/9323 2265/9324/9324
f 2266/9325/9325 2289/9326/9326 2290/9327/9327
f 2266/9325/9325 2290/9327/9327 2267/9328/9328
f 2267/9329/9329 2290/9330/9330 2291/9331/9331
f 2267/9329/9329 2291/9331/9331 2269/9332/9332
f 2269/9333/9333 2291/9334/9334 2292/9335/9335
f 2269/9333/9333 2292/9335/9335 2271/9336/9336
f 2271/9337/9337 2292/9338/9338 2293/9339/9339
f 2271/9337/9337 2293/9339/9339 2273/9340/9340
f 2273/9341/9341 2293/9342/9342 2294/9343/9343
f 2273/9341/9341 2294/9343/9343 2275/9344/9344
f 2275/9345/9345 2294/9346/9346 2295/9347/9347
f 2275/9345/9345 2295/9347/9347 2277/9348/9348
f 2277/9349/9349 2295/9350/9350 2296/9351/9351
f 2277/9349/9349 2296/9351/9351 2279/9352/9352
f 2279/9353/9353 2296/9354/9354 2297/9355/9355
f 2279/9353/9353 2297/9355/9355 2281/9356/9356
f 2281/9357/9357 2297/9358/9358 2298/9359/9359
f 2281/9357/9357 2298/9359/9359 2283/9360/9360
f 2283/9361/9361 2298/9362/9362 2299/9363/9363
f 2283/9361/9361 2299/9363/9363 2285/9364/9364
f 2285/9365/9365 2299/9366/9366 2300/9367/9367
f 2285/9365/9365 2300/9367/9367 2287/9368/9368
f 2287/9369/9369 2300/9370/9370 2289/9371/9371
f 2287/9369/9369 2289/9371/9371 2266/9372/9372
f 2289/9373/9373 2301/9374/9374 2302/9375/9375
f 2289/9373/9373 2302/9375/9375 2290/9376/9376
f 2290/9377/9377 2302/9378/9378 2303/9379/9379
f 2290/9377/9377 2303/9379/9379 2291/9380/9380
f 2291/9381/9381 2303/9382/9382 2304/9383/9383
f 2291/9381/9381 2304/9383/9383 2292/9384/9384
f 2292/9385/9385 2304/9386/9386 2305/9387/9387
f 2292/9385/9385 2305/9387/9387 2293/9388/9388
f 2293/9389/9389 2305/9390/9390 2306/9391/9391
f 2293/9389/9389 2306/9391/9391 2294/9392/9392
f 2294/9393/9393 2306/9394/9394 2307/9395/9395
f 2294/9393/9393 2307/9395/9395 2295/9396/9396
f 2295/9397/9397 2307/9398/9398 2308/9399/9399
f 2295/9397/9397 2308/9399/9399 2296/9400/9400
f 2296/9401/9401 2308/9402/9402 2309/9403/9403
f 2296/9401/9401 2309/9403/9403 2297/9404/9404
f 2297/9405/9405 2309/9406/9406 2310/9407/9407
f 2297/9405/9405 2310/9407/9407 2298/9408/9408
f 2298/9409/9409 2310/9410/9410 2311/9411/9411
f 2298/9409/9409 2311/9411/9411 2299/9412/9412
f 2299/9413/9413 2311/9414/9414 2312/9415/9415
f 2299/9413/9413 2312/9415/9415 2300/9416/9416
f 2300/9417/9417 2312/9418/9418 2301/9419/9419
f 2300/9417/9417 2301/9419/9419 2289/9420/9420
f 2313/9421/9421 2265/9422/9422 2268/9423/9423
f 2313/9424/9424 2268/9425/9425 2270/9426/9426
f 2313/9427/9427 2270/9428/9428 2272/9429/9429
f 2313/9430/9430 2272/9431/9431 2274/9432/9432
f 2313/9433/9433 2274/9434/9434 2276/9435/9435
f 2313/9436/9436 2276/9437/9437 2278/9438/9438
f 2313/9439/9439 2278/9440/9440 2280/9441/9441
f 2313/9442/9442 2280/9443/9443 2282/9444/9444
f 2313/9445/9445 2282/9446/9446 2284/9447/9447
f 2313/9448/9448 2284/9449/9449 2286/9450/9450
f 2313/9451/9451 2286/9452/9452 2288/9453/9453
f 2313/9454/9454 2288/9455/9455 2265/9456/9456
f 2301/9457/9457 2314/9458/9458 2302/9459/9459
f 2302/9460/9460 2314/9461/9461 2303/9462/9462
f 2303/9463/9463 2314/9464/9464 2304/9465/9465
f 2304/9466/9466 2314/9467/9467 2305/9468/9468
f 2305/9469/9469 2314/9470/9470 2306/9471/9471
f 2306/9472/9472 2314/9473/9473 2307/9474/9474
f 2307/9475/9475 2314/9476/9476 2308/9477/9477
f 2308/9478/9478 2314/9479/9479 2309/9480/9480
f 2309/9481/9481 2314/9482/9482 2310/9483/9483
f 2310/9484/9484 2314/9485/9485 2311/9486/9486
f 2311/9487/9487 2314/9488/9488 2312/9489/9489
f 2312/9490/9490 2314/9491/9491 2301/9492/9492
