mtllib spaceship_heavy_quad.mtl
o spaceship_heavy_quad
v 0.00000000 0.30579999 2.00000000
v 0.02646000 0.20019999 2.00000000
v 0.25401601 0.50907999 1.63999999
v 0.00000000 0.61467999 1.63999999
v 0.04914000 0.04633200 2.00000000
v 0.47174403 0.21312721 1.63999999
v 0.06300000 0.00686400 2.00000000
v 0.60480005 0.03157440 1.63999999
v 0.05670000 -0.02376000 2.00000000
v 0.54432005 -0.09504000 1.63999999
v 0.03906000 -0.15599999 2.00000000
v 0.37497604 -0.39359999 1.63999999
v 0.01386000 -0.07444800 2.00000000
v 0.13305601 -0.29779199 1.63999999
v 0.00000000 -0.23920000 2.00000000
v 0.00000000 -0.47679999 1.63999999
v -0.01386000 -0.07444800 2.00000000
v -0.13305601 -0.29779199 1.63999999
v -0.03906000 -0.15599999 2.00000000
v -0.37497604 -0.39359999 1.63999999
v -0.05670000 -0.02376000 2.00000000
v -0.54432005 -0.09504000 1.63999999
v -0.06300000 0.00686400 2.00000000
v -0.60480005 0.03157440 1.63999999
v -0.04914000 0.04633200 2.00000000
v -0.47174403 0.21312721 1.63999999
v -0.02646000 0.20019999 2.00000000
v -0.25401601 0.50907999 1.63999999
v 0.54431999 0.76647997 1.15999997
v 0.00000000 0.87207997 1.15999997
v 1.01087999 0.35212320 1.15999997
v 1.29600000 0.05216640 1.15999997
v 1.16639996 -0.16156800 1.15999997
v 0.80352002 -0.61535996 1.15999997
v 0.28512001 -0.50624639 1.15999997
v 0.00000000 -0.69856000 1.15999997
v -0.28512001 -0.50624639 1.15999997
v -0.80352002 -0.61535996 1.15999997
v -1.16639996 -0.16156800 1.15999997
v -1.29600000 0.05216640 1.15999997
v -1.01087999 0.35212320 1.15999997
v -0.54431999 0.76647997 1.15999997
v 0.69551998 0.90375996 0.60000002
v 0.00000000 1.00935996 0.60000002
v 1.29167998 0.42625442 0.60000002
v 1.65600002 0.06314880 0.60000002
v 1.49039996 -0.20908800 0.60000002
v 1.02672005 -0.77375996 0.60000002
v 0.36432001 -0.65514237 0.60000002
v 0.00000000 -0.85695994 0.60000002
v -0.36432001 -0.65514237 0.60000002
v -1.02672005 -0.77375996 0.60000002
v -1.49039996 -0.20908800 0.60000002
v -1.65600002 0.06314880 0.60000002
v -1.29167998 0.42625442 0.60000002
v -0.69551998 0.90375996 0.60000002
v 0.75599998 0.97239995 0.00000000
v 0.00000000 1.07799995 0.00000000
v 1.40399992 0.46332002 0.00000000
v 1.79999995 0.06863999 0.00000000
v 1.61999989 -0.23760001 0.00000000
v 1.11599994 -0.86879998 0.00000000
v 0.39600000 -0.74448001 0.00000000
v 0.00000000 -0.95200002 0.00000000
v -0.39600000 -0.74448001 0.00000000
v -1.11599994 -0.86879998 0.00000000
v -1.61999989 -0.23760001 0.00000000
v -1.79999995 0.06863999 0.00000000
v -1.40399992 0.46332002 0.00000000
v -0.75599998 0.97239995 0.00000000
v 0.72575992 0.83511990 -0.68000001
v 0.00000000 0.94071996 -0.68000001
v 1.34783995 0.38918877 -0.68000001
v 1.72799993 0.05765759 -0.68000001
v 1.55519986 -0.20433600 -0.68000001
v 1.07135999 -0.75791997 -0.68000001
v 0.38015997 -0.64025277 -0.68000001
v 0.00000000 -0.84112000 -0.68000001
v -0.38015997 -0.64025277 -0.68000001
v -1.07135999 -0.75791997 -0.68000001
v -1.55519986 -0.20433600 -0.68000001
v -1.72799993 0.05765759 -0.68000001
v -1.34783995 0.38918877 -0.68000001
v -0.72575992 0.83511990 -0.68000001
v 0.58967996 0.57771999 -1.24000001
v 0.00000000 0.68332005 -1.24000001
v 1.09511995 0.25019282 -1.24000001
v 1.40399992 0.03706560 -1.24000001
v 1.26359987 -0.13780800 -1.24000001
v 0.87047994 -0.53615999 -1.24000001
v 0.30887997 -0.43179837 -1.24000001
v 0.00000000 -0.61935997 -1.24000001
v -0.30887997 -0.43179837 -1.24000001
v -0.87047994 -0.53615999 -1.24000001
v -1.26359987 -0.13780800 -1.24000001
v -1.40399992 0.03706560 -1.24000001
v -1.09511995 0.25019282 -1.24000001
v -0.58967996 0.57771999 -1.24000001
v 0.42335999 0.37180001 -1.67999995
v 0.00000000 0.47740000 -1.67999995
v 0.78623998 0.13899601 -1.67999995
v 1.00800002 0.02059200 -1.67999995
v 0.90719998 -0.08078400 -1.67999995
v 0.62496001 -0.34607998 -1.67999995
v 0.22176000 -0.25312319 -1.67999995
v 0.00000000 -0.42927998 -1.67999995
v -0.22176000 -0.25312319 -1.67999995
v -0.62496001 -0.34607998 -1.67999995
v -0.90719998 -0.08078400 -1.67999995
v -1.00800002 0.02059200 -1.67999995
v -0.78623998 0.13899601 -1.67999995
v -0.42335999 0.37180001 -1.67999995
v 0.24494398 0.21735999 -2.00000000
v 0.00000000 0.32295999 -2.00000000
v 0.45489597 0.05559840 -2.00000000
v 0.58319998 0.00823680 -2.00000000
v 0.52487999 -0.03801600 -2.00000000
v 0.36158398 -0.20352000 -2.00000000
v 0.12830399 -0.11911680 -2.00000000
v 0.00000000 -0.28671998 -2.00000000
v -0.12830399 -0.11911680 -2.00000000
v -0.36158398 -0.20352000 -2.00000000
v -0.52487999 -0.03801600 -2.00000000
v -0.58319998 0.00823680 -2.00000000
v -0.45489597 0.05559840 -2.00000000
v -0.24494398 0.21735999 -2.00000000
v -0.00000000 0.00464114 2.00000000
v 0.00000001 -0.00876252 -2.00000000
v 1.51199996 0.31650001 1.20000005
v 1.78207994 0.31682244 1.18627846
v 1.78207994 0.51519746 0.90157163
v 1.51199996 0.51999998 0.91200006
v 1.78207994 0.57032752 0.47451138
v 1.51199996 0.57760000 0.48000002
v 1.78207994 0.59176707 0.00000000
v 1.51199996 0.60000002 0.00000000
v 1.78207994 0.54582530 -0.47451138
v 1.51199996 0.55199999 -0.48000002
v 1.78207994 0.31682244 -1.18627846
v 1.51199996 0.31650001 -1.20000005
v 1.78207994 0.23989274 -1.18627846
v 1.51199996 0.23850000 -1.20000005
v 1.78207994 0.14565243 -0.47451138
v 1.51199996 0.14380001 -0.48000002
v 1.78207994 0.16402914 0.00000000
v 1.51199996 0.16300002 0.00000000
v 1.78207994 0.15177800 0.47451138
v 1.51199996 0.15020001 0.48000002
v 1.78207994 0.13340129 0.90157163
v 1.51199996 0.13100001 0.91200006
v 1.78207994 0.23989274 1.18627846
v 1.51199996 0.23850000 1.20000005
v 2.05216002 0.31763580 1.15166724
v 2.05216002 0.50308353 0.87526715
v 2.05216002 0.55198359 0.46066689
v 2.05216002 0.57100034 0.00000000
v 2.05216002 0.53025025 -0.46066689
v 2.05216002 0.31763580 -1.15166724
v 2.05216002 0.24340577 -1.15166724
v 2.05216002 0.15032494 -0.46066689
v 2.05216002 0.16662496 0.00000000
v 2.05216002 0.15575828 0.46066689
v 2.05216002 0.13945825 0.87526715
v 2.05216002 0.24340577 1.15166724
v 2.35599995 0.31884998 1.10000002
v 2.35599995 0.48500001 0.83600003
v 2.35599995 0.52460003 0.44000000
v 2.35599995 0.54000002 0.00000000
v 2.35599995 0.50700003 -0.43999994
v 2.35599995 0.31884998 -1.10000002
v 2.35599995 0.24865000 -1.10000002
v 2.35599995 0.15730003 -0.43999994
v 2.35599995 0.17050001 0.00000000
v 2.35599995 0.16170001 0.44000000
v 2.35599995 0.14850003 0.83600003
v 2.35599995 0.24865000 1.10000002
v 2.65984011 0.32006422 1.04833281
v 2.65984011 0.46691650 0.79673290
v 2.65984011 0.49721640 0.41933310
v 2.65984011 0.50899971 0.00000000
v 2.65984011 0.48374978 -0.41933310
v 2.65984011 0.32006422 -1.04833281
v 2.65984011 0.25389424 -1.04833281
v 2.65984011 0.16427509 -0.41933310
v 2.65984011 0.17437506 0.00000000
v 2.65984011 0.16764176 0.41933310
v 2.65984011 0.15754178 0.79673290
v 2.65984011 0.25389424 1.04833281
v 2.92991996 0.32087755 1.01372159
v 2.92991996 0.45480257 0.77042842
v 2.92991996 0.47887248 0.40548861
v 2.92991996 0.48823297 0.00000000
v 2.92991996 0.46817473 -0.40548861
v 2.92991996 0.32087755 -1.01372159
v 2.92991996 0.25740731 -1.01372159
v 2.92991996 0.16894761 -0.40548861
v 2.92991996 0.17697091 0.00000000
v 2.92991996 0.17162205 0.40548861
v 2.92991996 0.16359875 0.77042842
v 2.92991996 0.25740731 1.01372159
v 3.20000005 0.32120001 1.00000000
v 3.20000005 0.45000002 0.75999999
v 3.20000005 0.47160003 0.39999998
v 3.20000005 0.48000002 0.00000000
v 3.20000005 0.46200001 -0.39999998
v 3.20000005 0.32120001 -1.00000000
v 3.20000005 0.25880003 -1.00000000
v 3.20000005 0.17080003 -0.39999998
v 3.20000005 0.17800003 0.00000000
v 3.20000005 0.17320003 0.39999998
v 3.20000005 0.16600002 0.75999999
v 3.20000005 0.25880003 1.00000000
v 1.51199996 0.32896671 0.15200001
v 3.20000052 0.30930004 0.12666667
v -1.51199996 0.31650001 1.20000005
v -1.51199996 0.51999998 0.91200006
v -1.78207994 0.51519746 0.90157163
v -1.78207994 0.31682244 1.18627846
v -1.51199996 0.57760000 0.48000002
v -1.78207994 0.57032752 0.47451138
v -1.51199996 0.60000002 0.00000000
v -1.78207994 0.59176707 0.00000000
v -1.51199996 0.55199999 -0.48000002
v -1.78207994 0.54582530 -0.47451138
v -1.51199996 0.31650001 -1.20000005
v -1.78207994 0.31682244 -1.18627846
v -1.51199996 0.23850000 -1.20000005
v -1.78207994 0.23989274 -1.18627846
v -1.51199996 0.14380001 -0.48000002
v -1.78207994 0.14565243 -0.47451138
v -1.51199996 0.16300002 0.00000000
v -1.78207994 0.16402914 0.00000000
v -1.51199996 0.15020001 0.48000002
v -1.78207994 0.15177800 0.47451138
v -1.51199996 0.13100001 0.91200006
v -1.78207994 0.13340129 0.90157163
v -1.51199996 0.23850000 1.20000005
v -1.78207994 0.23989274 1.18627846
v -2.05216002 0.50308353 0.87526715
v -2.05216002 0.31763580 1.15166724
v -2.05216002 0.55198359 0.46066689
v -2.05216002 0.57100034 0.00000000
v -2.05216002 0.53025025 -0.46066689
v -2.05216002 0.31763580 -1.15166724
v -2.05216002 0.24340577 -1.15166724
v -2.05216002 0.15032494 -0.46066689
v -2.05216002 0.16662496 0.00000000
v -2.05216002 0.15575828 0.46066689
v -2.05216002 0.13945825 0.87526715
v -2.05216002 0.24340577 1.15166724
v -2.35599995 0.48500001 0.83600003
v -2.35599995 0.31884998 1.10000002
v -2.35599995 0.52460003 0.44000000
v -2.35599995 0.54000002 0.00000000
v -2.35599995 0.50700003 -0.43999994
v -2.35599995 0.31884998 -1.10000002
v -2.35599995 0.24865000 -1.10000002
v -2.35599995 0.15730003 -0.43999994
v -2.35599995 0.17050001 0.00000000
v -2.35599995 0.16170001 0.44000000
v -2.35599995 0.14850003 0.83600003
v -2.35599995 0.24865000 1.10000002
v -2.65984011 0.46691650 0.79673290
v -2.65984011 0.32006422 1.04833281
v -2.65984011 0.49721640 0.41933310
v -2.65984011 0.50899971 0.00000000
v -2.65984011 0.48374978 -0.41933310
v -2.65984011 0.32006422 -1.04833281
v -2.65984011 0.25389424 -1.04833281
v -2.65984011 0.16427509 -0.41933310
v -2.65984011 0.17437506 0.00000000
v -2.65984011 0.16764176 0.41933310
v -2.65984011 0.15754178 0.79673290
v -2.65984011 0.25389424 1.04833281
v -2.92991996 0.45480257 0.77042842
v -2.92991996 0.32087755 1.01372159
v -2.92991996 0.47887248 0.40548861
v -2.92991996 0.48823297 0.00000000
v -2.92991996 0.46817473 -0.40548861
v -2.92991996 0.32087755 -1.01372159
v -2.92991996 0.25740731 -1.01372159
v -2.92991996 0.16894761 -0.40548861
v -2.92991996 0.17697091 0.00000000
v -2.92991996 0.17162205 0.40548861
v -2.92991996 0.16359875 0.77042842
v -2.92991996 0.25740731 1.01372159
v -3.20000005 0.45000002 0.75999999
v -3.20000005 0.32120001 1.00000000
v -3.20000005 0.47160003 0.39999998
v -3.20000005 0.48000002 0.00000000
v -3.20000005 0.46200001 -0.39999998
v -3.20000005 0.32120001 -1.00000000
v -3.20000005 0.25880003 -1.00000000
v -3.20000005 0.17080003 -0.39999998
v -3.20000005 0.17800003 0.00000000
v -3.20000005 0.17320003 0.39999998
v -3.20000005 0.16600002 0.75999999
v -3.20000005 0.25880003 1.00000000
v -1.51199996 0.32896671 0.15200001
v -3.20000052 0.30930004 0.12666667
v 1.51199996 -0.23850000 1.20000005
v 1.78207994 -0.23989274 1.18627846
v 1.78207994 -0.04151777 0.90157163
v 1.51199996 -0.03500001 0.91200006
v 1.78207994 0.01361234 0.47451138
v 1.51199996 0.02260000 0.48000002
v 1.78207994 0.03505183 0.00000000
v 1.51199996 0.04499999 0.00000000
v 1.78207994 -0.01088993 -0.47451138
v 1.51199996 -0.00300001 -0.48000002
v 1.78207994 -0.23989274 -1.18627846
v 1.51199996 -0.23850000 -1.20000005
v 1.78207994 -0.31682244 -1.18627846
v 1.51199996 -0.31650001 -1.20000005
v 1.78207994 -0.41106278 -0.47451138
v 1.51199996 -0.41119999 -0.48000002
v 1.78207994 -0.39268607 0.00000000
v 1.51199996 -0.39199999 0.00000000
v 1.78207994 -0.40493721 0.47451138
v 1.51199996 -0.40480000 0.48000002
v 1.78207994 -0.42331392 0.90157163
v 1.51199996 -0.42399999 0.91200006
v 1.78207994 -0.31682244 1.18627846
v 1.51199996 -0.31650001 1.20000005
v 2.05216002 -0.24340577 1.15166724
v 2.05216002 -0.05795810 0.87526715
v 2.05216002 -0.00905800 0.46066689
v 2.05216002 0.00995870 0.00000000
v 2.05216002 -0.03079138 -0.46066689
v 2.05216002 -0.24340577 -1.15166724
v 2.05216002 -0.31763580 -1.15166724
v 2.05216002 -0.41071668 -0.46066689
v 2.05216002 -0.39441663 0.00000000
v 2.05216002 -0.40528333 0.46066689
v 2.05216002 -0.42158335 0.87526715
v 2.05216002 -0.31763580 1.15166724
v 2.35599995 -0.24865000 1.10000002
v 2.35599995 -0.08250002 0.83600003
v 2.35599995 -0.04290002 0.44000000
v 2.35599995 -0.02750002 0.00000000
v 2.35599995 -0.06050002 -0.43999994
v 2.35599995 -0.24865000 -1.10000002
v 2.35599995 -0.31884998 -1.10000002
v 2.35599995 -0.41020000 -0.43999994
v 2.35599995 -0.39700001 0.00000000
v 2.35599995 -0.40580001 0.44000000
v 2.35599995 -0.41900000 0.83600003
v 2.35599995 -0.31884998 1.10000002
v 2.65984011 -0.25389424 1.04833281
v 2.65984011 -0.10704194 0.79673290
v 2.65984011 -0.07674204 0.41933310
v 2.65984011 -0.06495874 0.00000000
v 2.65984011 -0.09020866 -0.41933310
v 2.65984011 -0.25389424 -1.04833281
v 2.65984011 -0.32006422 -1.04833281
v 2.65984011 -0.40968335 -0.41933310
v 2.65984011 -0.39958337 0.00000000
v 2.65984011 -0.40631670 0.41933310
v 2.65984011 -0.41641665 0.79673290
v 2.65984011 -0.32006422 1.04833281
v 2.92991996 -0.25740731 1.01372159
v 2.92991996 -0.12348227 0.77042842
v 2.92991996 -0.09941238 0.40548861
v 2.92991996 -0.09005187 0.00000000
v 2.92991996 -0.11011010 -0.40548861
v 2.92991996 -0.25740731 -1.01372159
v 2.92991996 -0.32087755 -1.01372159
v 2.92991996 -0.40933722 -0.40548861
v 2.92991996 -0.40131393 0.00000000
v 2.92991996 -0.40666279 0.40548861
v 2.92991996 -0.41468608 0.77042842
v 2.92991996 -0.32087755 1.01372159
v 3.20000005 -0.25880003 1.00000000
v 3.20000005 -0.13000003 0.75999999
v 3.20000005 -0.10840002 0.39999998
v 3.20000005 -0.10000002 0.00000000
v 3.20000005 -0.11800003 -0.39999998
v 3.20000005 -0.25880003 -1.00000000
v 3.20000005 -0.32120001 -1.00000000
v 3.20000005 -0.40920001 -0.39999998
v 3.20000005 -0.40200001 0.00000000
v 3.20000005 -0.40680000 0.39999998
v 3.20000005 -0.41400000 0.75999999
v 3.20000005 -0.32120001 1.00000000
v 1.51199996 -0.22603333 0.15200001
v 3.20000052 -0.27070004 0.12666667
v -1.51199996 -0.23850000 1.20000005
v -1.51199996 -0.03500001 0.91200006
v -1.78207994 -0.04151777 0.90157163
v -1.78207994 -0.23989274 1.18627846
v -1.51199996 0.02260000 0.48000002
v -1.78207994 0.01361234 0.47451138
v -1.51199996 0.04499999 0.00000000
v -1.78207994 0.03505183 0.00000000
v -1.51199996 -0.00300001 -0.48000002
v -1.78207994 -0.01088993 -0.47451138
v -1.51199996 -0.23850000 -1.20000005
v -1.78207994 -0.23989274 -1.18627846
v -1.51199996 -0.31650001 -1.20000005
v -1.78207994 -0.31682244 -1.18627846
v -1.51199996 -0.41119999 -0.48000002
v -1.78207994 -0.41106278 -0.47451138
v -1.51199996 -0.39199999 0.00000000
v -1.78207994 -0.39268607 0.00000000
v -1.51199996 -0.40480000 0.48000002
v -1.78207994 -0.40493721 0.47451138
v -1.51199996 -0.42399999 0.91200006
v -1.78207994 -0.42331392 0.90157163
v -1.51199996 -0.31650001 1.20000005
v -1.78207994 -0.31682244 1.18627846
v -2.05216002 -0.05795810 0.87526715
v -2.05216002 -0.24340577 1.15166724
v -2.05216002 -0.00905800 0.46066689
v -2.05216002 0.00995870 0.00000000
v -2.05216002 -0.03079138 -0.46066689
v -2.05216002 -0.24340577 -1.15166724
v -2.05216002 -0.31763580 -1.15166724
v -2.05216002 -0.41071668 -0.46066689
v -2.05216002 -0.39441663 0.00000000
v -2.05216002 -0.40528333 0.46066689
v -2.05216002 -0.42158335 0.87526715
v -2.05216002 -0.31763580 1.15166724
v -2.35599995 -0.08250002 0.83600003
v -2.35599995 -0.24865000 1.10000002
v -2.35599995 -0.04290002 0.44000000
v -2.35599995 -0.02750002 0.00000000
v -2.35599995 -0.06050002 -0.43999994
v -2.35599995 -0.24865000 -1.10000002
v -2.35599995 -0.31884998 -1.10000002
v -2.35599995 -0.41020000 -0.43999994
v -2.35599995 -0.39700001 0.00000000
v -2.35599995 -0.40580001 0.44000000
v -2.35599995 -0.41900000 0.83600003
v -2.35599995 -0.31884998 1.10000002
v -2.65984011 -0.10704194 0.79673290
v -2.65984011 -0.25389424 1.04833281
v -2.65984011 -0.07674204 0.41933310
v -2.65984011 -0.06495874 0.00000000
v -2.65984011 -0.09020866 -0.41933310
v -2.65984011 -0.25389424 -1.04833281
v -2.65984011 -0.32006422 -1.04833281
v -2.65984011 -0.40968335 -0.41933310
v -2.65984011 -0.39958337 0.00000000
v -2.65984011 -0.40631670 0.41933310
v -2.65984011 -0.41641665 0.79673290
v -2.65984011 -0.32006422 1.04833281
v -2.92991996 -0.12348227 0.77042842
v -2.92991996 -0.25740731 1.01372159
v -2.92991996 -0.09941238 0.40548861
v -2.92991996 -0.09005187 0.00000000
v -2.92991996 -0.11011010 -0.40548861
v -2.92991996 -0.25740731 -1.01372159
v -2.92991996 -0.32087755 -1.01372159
v -2.92991996 -0.40933722 -0.40548861
v -2.92991996 -0.40131393 0.00000000
v -2.92991996 -0.40666279 0.40548861
v -2.92991996 -0.41468608 0.77042842
v -2.92991996 -0.32087755 1.01372159
v -3.20000005 -0.13000003 0.75999999
v -3.20000005 -0.25880003 1.00000000
v -3.20000005 -0.10840002 0.39999998
v -3.20000005 -0.10000002 0.00000000
v -3.20000005 -0.11800003 -0.39999998
v -3.20000005 -0.25880003 -1.00000000
v -3.20000005 -0.32120001 -1.00000000
v -3.20000005 -0.40920001 -0.39999998
v -3.20000005 -0.40200001 0.00000000
v -3.20000005 -0.40680000 0.39999998
v -3.20000005 -0.41400000 0.75999999
v -3.20000005 -0.32120001 1.00000000
v -1.51199996 -0.22603333 0.15200001
v -3.20000052 -0.27070004 0.12666667
v -1.47575700 0.03090133 -2.08395600
v -1.50955117 0.12170878 -2.08395600
v -1.39680338 0.16857712 -1.90529788
v -1.34556723 0.03090133 -1.90529788
v -1.60187852 0.18818444 -2.08395600
v -1.53678358 0.26936281 -1.90529788
v -1.72799993 0.21251622 -2.08395600
v -1.72799993 0.30625293 -1.90529788
v -1.85412145 0.18818443 -2.08395600
v -1.91921639 0.26936281 -1.90529788
v -1.94644868 0.12170875 -2.08395600
v -2.05919647 0.16857708 -1.90529788
v -1.98024285 0.03090132 -2.08395600
v -2.11043262 0.03090131 -1.90529788
v -1.94644868 -0.05990614 -2.08395600
v -2.05919647 -0.10677452 -1.90529788
v -1.85412133 -0.12638178 -2.08395600
v -1.91921628 -0.20756015 -1.90529788
v -1.72799993 -0.15071356 -2.08395600
v -1.72799993 -0.24445026 -1.90529788
v -1.60187840 -0.12638174 -2.08395600
v -1.53678346 -0.20756011 -1.90529788
v -1.50955117 -0.05990606 -2.08395600
v -1.39680338 -0.10677440 -1.90529788
v -1.37566328 0.17736495 -1.41371584
v -1.32115650 0.03090133 -1.41371584
v -1.52457821 0.28458378 -1.41371584
v -1.72799993 0.32382858 -1.41371584
v -1.93142164 0.28458375 -1.41371584
v -2.08033657 0.17736489 -1.41371584
v -2.13484335 0.03090131 -1.41371584
v -2.08033657 -0.11556234 -1.41371584
v -1.93142152 -0.22278111 -1.41371584
v -1.72799993 -0.26202589 -1.41371584
v -1.52457809 -0.22278105 -1.41371584
v -1.37566316 -0.11556221 -1.41371584
v -1.41794372 0.15978931 -0.99975199
v -1.36997771 0.03090133 -0.99975199
v -1.54898882 0.25414187 -0.99975199
v -1.72799993 0.28867730 -0.99975199
v -1.90701103 0.25414187 -0.99975199
v -2.03805637 0.15978926 -0.99975199
v -2.08602214 0.03090131 -0.99975199
v -2.03805614 -0.09798671 -0.99975199
v -1.90701103 -0.19233921 -0.99975199
v -1.72799993 -0.22687463 -0.99975199
v -1.54898870 -0.19233915 -0.99975199
v -1.41794360 -0.09798659 -0.99975199
v -1.54478490 0.10706241 -0.89626104
v -1.51644135 0.03090133 -0.89626104
v -1.62222064 0.16281620 -0.89626104
v -1.72799993 0.18322349 -0.89626104
v -1.83377922 0.16281618 -0.89626104
v -1.91121507 0.10706238 -0.89626104
v -1.93955851 0.03090132 -0.89626104
v -1.91121495 -0.04525977 -0.89626104
v -1.83377922 -0.10101353 -0.89626104
v -1.72799993 -0.12142082 -0.89626104
v -1.62222052 -0.10101350 -0.89626104
v -1.54478478 -0.04525971 -0.89626104
v -1.72800004 0.03090133 -2.08395600
v -1.72799993 0.03090133 -0.89626116
v -1.74834204 0.03090133 -2.44214106
v -1.76687431 0.10006471 -2.44214106
v -1.76687431 0.10006471 -2.18989801
v -1.74834204 0.03090133 -2.18989801
v -1.88666880 0.03090133 -2.18989801
v -1.88666880 0.03090133 -2.44214106
v -1.81750548 0.15069582 -2.44214106
v -1.81750548 0.15069582 -2.18989801
v -1.88666880 0.16922808 -2.44214106
v -1.88666880 0.16922808 -2.18989801
v -1.95583224 0.15069580 -2.44214106
v -1.95583224 0.15069580 -2.18989801
v -2.00646329 0.10006469 -2.44214106
v -2.00646329 0.10006469 -2.18989801
v -2.02499557 0.03090132 -2.44214106
v -2.02499557 0.03090132 -2.18989801
v -2.00646329 -0.03826206 -2.44214106
v -2.00646329 -0.03826206 -2.18989801
v -1.95583212 -0.08889315 -2.44214106
v -1.95583212 -0.08889315 -2.18989801
v -1.88666880 -0.10742541 -2.44214106
v -1.88666880 -0.10742541 -2.18989801
v -1.81750536 -0.08889312 -2.44214106
v -1.81750536 -0.08889312 -2.18989801
v -1.76687431 -0.03826201 -2.44214106
v -1.76687431 -0.03826201 -2.18989801
v -1.43100429 0.03090133 -2.44214106
v -1.44953656 0.10006471 -2.44214106
v -1.44953656 0.10006471 -2.18989801
v -1.43100429 0.03090133 -2.18989801
v -1.56933105 0.03090133 -2.18989801
v -1.56933105 0.03090133 -2.44214106
v -1.50016773 0.15069582 -2.44214106
v -1.50016773 0.15069582 -2.18989801
v -1.56933105 0.16922808 -2.44214106
v -1.56933105 0.16922808 -2.18989801
v -1.63849449 0.15069580 -2.44214106
v -1.63849449 0.15069580 -2.18989801
v -1.68912554 0.10006469 -2.44214106
v -1.68912554 0.10006469 -2.18989801
v -1.70765781 0.03090132 -2.44214106
v -1.70765781 0.03090132 -2.18989801
v -1.68912554 -0.03826206 -2.44214106
v -1.68912554 -0.03826206 -2.18989801
v -1.63849437 -0.08889315 -2.44214106
v -1.63849437 -0.08889315 -2.18989801
v -1.56933105 -0.10742541 -2.44214106
v -1.56933105 -0.10742541 -2.18989801
v -1.50016761 -0.08889312 -2.44214106
v -1.50016761 -0.08889312 -2.18989801
v -1.44953656 -0.03826201 -2.44214106
v -1.44953656 -0.03826201 -2.18989801
v -1.25606167 0.03090133 -2.50040889
v -1.39428914 0.36461210 -2.50040889
v -1.39428914 0.36461210 -2.44491553
v -1.25606167 0.03090133 -2.44491553
v -1.47437978 0.28452152 -2.50040889
v -1.36932683 0.03090133 -2.50040889
v -1.36932683 0.03090133 -2.44491553
v -1.47437978 0.28452152 -2.44491553
v -1.72799993 0.50283962 -2.50040889
v -1.72799993 0.50283962 -2.44491553
v -1.72799993 0.38957444 -2.50040889
v -1.72799993 0.38957444 -2.44491553
v -2.06171060 0.36461210 -2.50040889
v -2.06171060 0.36461210 -2.44491553
v -1.98162007 0.28452152 -2.50040889
v -1.98162007 0.28452152 -2.44491553
v -2.19993830 0.03090129 -2.50040889
v -2.19993830 0.03090129 -2.44491553
v -2.08667302 0.03090130 -2.50040889
v -2.08667302 0.03090130 -2.44491553
v -2.06171060 -0.30280948 -2.50040889
v -2.06171060 -0.30280948 -2.44491553
v -1.98162007 -0.22271888 -2.50040889
v -1.98162007 -0.22271888 -2.44491553
v -1.72799993 -0.44103694 -2.50040889
v -1.72799993 -0.44103694 -2.44491553
v -1.72799993 -0.32777175 -2.50040889
v -1.72799993 -0.32777175 -2.44491553
v -1.39428902 -0.30280930 -2.50040889
v -1.39428902 -0.30280930 -2.44491553
v -1.47437966 -0.22271876 -2.50040889
v -1.47437966 -0.22271876 -2.44491553
v -1.65883660 0.37671819 -2.50723577
v -1.65883660 0.46622375 -2.50723577
v -1.65883660 0.46622375 -2.33636165
v -1.65883660 0.37671819 -2.33636165
v -1.79716325 0.37671819 -2.33636165
v -1.79716325 0.46622375 -2.33636165
v -1.79716325 0.46622375 -2.50723577
v -1.79716325 0.37671819 -2.50723577
v -1.35370398 0.03090133 -2.61850739
v -1.46333277 0.29556850 -2.61850739
v -1.46333277 0.29556850 -2.59002829
v -1.35370398 0.03090133 -2.59002829
v -1.48679554 0.27210575 -2.61850739
v -1.38688540 0.03090133 -2.61850739
v -1.38688540 0.03090133 -2.59002829
v -1.48679554 0.27210575 -2.59002829
v -1.72799993 0.40519723 -2.61850739
v -1.72799993 0.40519723 -2.59002829
v -1.72799993 0.37201589 -2.61850739
v -1.72799993 0.37201589 -2.59002829
v -1.99266708 0.29556850 -2.61850739
v -1.99266708 0.29556850 -2.59002829
v -1.96920431 0.27210575 -2.61850739
v -1.96920431 0.27210575 -2.59002829
v -2.10229588 0.03090130 -2.61850739
v -2.10229588 0.03090130 -2.59002829
v -2.06911445 0.03090130 -2.61850739
v -2.06911445 0.03090130 -2.59002829
v -1.99266708 -0.23376589 -2.61850739
v -1.99266708 -0.23376589 -2.59002829
v -1.96920431 -0.21030313 -2.61850739
v -1.96920431 -0.21030313 -2.59002829
v -1.72799993 -0.34339455 -2.61850739
v -1.72799993 -0.34339455 -2.59002829
v -1.72799993 -0.31021321 -2.61850739
v -1.72799993 -0.31021321 -2.59002829
v -1.46333265 -0.23376574 -2.61850739
v -1.46333265 -0.23376574 -2.59002829
v -1.48679543 -0.21030299 -2.61850739
v -1.48679543 -0.21030299 -2.59002829
v -0.02034216 0.03090133 -2.25906157
v -0.03887443 0.10006471 -2.25906157
v -0.03887443 0.10006471 -2.00681853
v -0.02034216 0.03090133 -2.00681853
v -0.15866891 0.03090133 -2.00681853
v -0.15866891 0.03090133 -2.25906157
v -0.08950554 0.15069582 -2.25906157
v -0.08950554 0.15069582 -2.00681853
v -0.15866891 0.16922808 -2.25906157
v -0.15866891 0.16922808 -2.00681853
v -0.22783229 0.15069580 -2.25906157
v -0.22783229 0.15069580 -2.00681853
v -0.27846339 0.10006469 -2.25906157
v -0.27846339 0.10006469 -2.00681853
v -0.29699564 0.03090132 -2.25906157
v -0.29699564 0.03090132 -2.00681853
v -0.27846336 -0.03826206 -2.25906157
v -0.27846336 -0.03826206 -2.00681853
v -0.22783226 -0.08889315 -2.25906157
v -0.22783226 -0.08889315 -2.00681853
v -0.15866891 -0.10742541 -2.25906157
v -0.15866891 -0.10742541 -2.00681853
v -0.08950548 -0.08889312 -2.25906157
v -0.08950548 -0.08889312 -2.00681853
v -0.03887440 -0.03826201 -2.25906157
v -0.03887440 -0.03826201 -2.00681853
v 0.29699564 0.03090133 -2.25906157
v 0.27846336 0.10006471 -2.25906157
v 0.27846336 0.10006471 -2.00681853
v 0.29699564 0.03090133 -2.00681853
v 0.15866891 0.03090133 -2.00681853
v 0.15866891 0.03090133 -2.25906157
v 0.22783227 0.15069582 -2.25906157
v 0.22783227 0.15069582 -2.00681853
v 0.15866891 0.16922808 -2.25906157
v 0.15866891 0.16922808 -2.00681853
v 0.08950552 0.15069580 -2.25906157
v 0.08950552 0.15069580 -2.00681853
v 0.03887441 0.10006469 -2.25906157
v 0.03887441 0.10006469 -2.00681853
v 0.02034216 0.03090132 -2.25906157
v 0.02034216 0.03090132 -2.00681853
v 0.03887445 -0.03826206 -2.25906157
v 0.03887445 -0.03826206 -2.00681853
v 0.08950555 -0.08889315 -2.25906157
v 0.08950555 -0.08889315 -2.00681853
v 0.15866891 -0.10742541 -2.25906157
v 0.15866891 -0.10742541 -2.00681853
v 0.22783233 -0.08889312 -2.25906157
v 0.22783233 -0.08889312 -2.00681853
v 0.27846342 -0.03826201 -2.25906157
v 0.27846342 -0.03826201 -2.00681853
v 0.47193828 0.03090133 -2.31732941
v 0.33371076 0.36461210 -2.31732941
v 0.33371076 0.36461210 -2.26183605
v 0.47193828 0.03090133 -2.26183605
v 0.25362018 0.28452152 -2.31732941
v 0.35867310 0.03090133 -2.31732941
v 0.35867310 0.03090133 -2.26183605
v 0.25362018 0.28452152 -2.26183605
v -0.00000002 0.50283962 -2.31732941
v -0.00000002 0.50283962 -2.26183605
v -0.00000002 0.38957444 -2.31732941
v -0.00000002 0.38957444 -2.26183605
v -0.33371076 0.36461210 -2.31732941
v -0.33371076 0.36461210 -2.26183605
v -0.25362018 0.28452152 -2.31732941
v -0.25362018 0.28452152 -2.26183605
v -0.47193828 0.03090129 -2.31732941
v -0.47193828 0.03090129 -2.26183605
v -0.35867310 0.03090130 -2.31732941
v -0.35867310 0.03090130 -2.26183605
v -0.33371070 -0.30280948 -2.31732941
v -0.33371070 -0.30280948 -2.26183605
v -0.25362012 -0.22271888 -2.31732941
v -0.25362012 -0.22271888 -2.26183605
v 0.00000001 -0.44103694 -2.31732941
v 0.00000001 -0.44103694 -2.26183605
v 0.00000000 -0.32777175 -2.31732941
v 0.00000000 -0.32777175 -2.26183605
v 0.33371088 -0.30280930 -2.31732941
v 0.33371088 -0.30280930 -2.26183605
v 0.25362027 -0.22271876 -2.31732941
v 0.25362027 -0.22271876 -2.26183605
v 0.06916337 0.37671819 -2.32415628
v 0.06916337 0.46622375 -2.32415628
v 0.06916337 0.46622375 -2.15328217
v 0.06916337 0.37671819 -2.15328217
v -0.06916337 0.37671819 -2.15328217
v -0.06916337 0.46622375 -2.15328217
v -0.06916337 0.46622375 -2.32415628
v -0.06916337 0.37671819 -2.32415628
v 0.37429589 0.03090133 -2.43542790
v 0.26466715 0.29556850 -2.43542790
v 0.26466715 0.29556850 -2.40694880
v 0.37429589 0.03090133 -2.40694880
v 0.24120441 0.27210575 -2.43542790
v 0.34111455 0.03090133 -2.43542790
v 0.34111455 0.03090133 -2.40694880
v 0.24120441 0.27210575 -2.40694880
v -0.00000002 0.40519723 -2.43542790
v -0.00000002 0.40519723 -2.40694880
v -0.00000001 0.37201589 -2.43542790
v -0.00000001 0.37201589 -2.40694880
v -0.26466715 0.29556850 -2.43542790
v -0.26466715 0.29556850 -2.40694880
v -0.24120441 0.27210575 -2.43542790
v -0.24120441 0.27210575 -2.40694880
v -0.37429589 0.03090130 -2.43542790
v -0.37429589 0.03090130 -2.40694880
v -0.34111455 0.03090130 -2.43542790
v -0.34111455 0.03090130 -2.40694880
v -0.26466712 -0.23376589 -2.43542790
v -0.26466712 -0.23376589 -2.40694880
v -0.24120437 -0.21030313 -2.43542790
v -0.24120437 -0.21030313 -2.40694880
v 0.00000000 -0.34339455 -2.43542790
v 0.00000000 -0.34339455 -2.40694880
v 0.00000000 -0.31021321 -2.43542790
v 0.00000000 -0.31021321 -2.40694880
v 0.26466724 -0.23376574 -2.43542790
v 0.26466724 -0.23376574 -2.40694880
v 0.24120449 -0.21030299 -2.43542790
v 0.24120449 -0.21030299 -2.40694880
v 1.98024285 0.03090133 -2.08395600
v 1.94644868 0.12170878 -2.08395600
v 2.05919647 0.16857712 -1.90529788
v 2.11043262 0.03090133 -1.90529788
v 1.85412133 0.18818444 -2.08395600
v 1.91921628 0.26936281 -1.90529788
v 1.72799993 0.21251622 -2.08395600
v 1.72799993 0.30625293 -1.90529788
v 1.60187840 0.18818443 -2.08395600
v 1.53678346 0.26936281 -1.90529788
v 1.50955117 0.12170875 -2.08395600
v 1.39680338 0.16857708 -1.90529788
v 1.47575700 0.03090132 -2.08395600
v 1.34556723 0.03090131 -1.90529788
v 1.50955117 -0.05990614 -2.08395600
v 1.39680350 -0.10677452 -1.90529788
v 1.60187852 -0.12638178 -2.08395600
v 1.53678358 -0.20756015 -1.90529788
v 1.72799993 -0.15071356 -2.08395600
v 1.72799993 -0.24445026 -1.90529788
v 1.85412145 -0.12638174 -2.08395600
v 1.91921639 -0.20756011 -1.90529788
v 1.94644868 -0.05990606 -2.08395600
v 2.05919647 -0.10677440 -1.90529788
v 2.08033657 0.17736495 -1.41371584
v 2.13484335 0.03090133 -1.41371584
v 1.93142164 0.28458378 -1.41371584
v 1.72799993 0.32382858 -1.41371584
v 1.52457821 0.28458375 -1.41371584
v 1.37566316 0.17736489 -1.41371584
v 1.32115650 0.03090131 -1.41371584
v 1.37566328 -0.11556234 -1.41371584
v 1.52457833 -0.22278111 -1.41371584
v 1.72799993 -0.26202589 -1.41371584
v 1.93142176 -0.22278105 -1.41371584
v 2.08033657 -0.11556221 -1.41371584
v 2.03805614 0.15978931 -0.99975199
v 2.08602214 0.03090133 -0.99975199
v 1.90701103 0.25414187 -0.99975199
v 1.72799993 0.28867730 -0.99975199
v 1.54898882 0.25414187 -0.99975199
v 1.41794360 0.15978926 -0.99975199
v 1.36997771 0.03090131 -0.99975199
v 1.41794372 -0.09798671 -0.99975199
v 1.54898882 -0.19233921 -0.99975199
v 1.72799993 -0.22687463 -0.99975199
v 1.90701115 -0.19233915 -0.99975199
v 2.03805637 -0.09798659 -0.99975199
v 1.91121495 0.10706241 -0.89626104
v 1.93955851 0.03090133 -0.89626104
v 1.83377922 0.16281620 -0.89626104
v 1.72799993 0.18322349 -0.89626104
v 1.62222064 0.16281618 -0.89626104
v 1.54478478 0.10706238 -0.89626104
v 1.51644135 0.03090132 -0.89626104
v 1.54478490 -0.04525977 -0.89626104
v 1.62222064 -0.10101353 -0.89626104
v 1.72799993 -0.12142082 -0.89626104
v 1.83377934 -0.10101350 -0.89626104
v 1.91121507 -0.04525971 -0.89626104
v 1.72800004 0.03090133 -2.08395600
v 1.72799993 0.03090133 -0.89626116
v 1.70765781 0.03090133 -2.44214106
v 1.68912554 0.10006471 -2.44214106
v 1.68912554 0.10006471 -2.18989801
v 1.70765781 0.03090133 -2.18989801
v 1.56933105 0.03090133 -2.18989801
v 1.56933105 0.03090133 -2.44214106
v 1.63849437 0.15069582 -2.44214106
v 1.63849437 0.15069582 -2.18989801
v 1.56933105 0.16922808 -2.44214106
v 1.56933105 0.16922808 -2.18989801
v 1.50016761 0.15069580 -2.44214106
v 1.50016761 0.15069580 -2.18989801
v 1.44953656 0.10006469 -2.44214106
v 1.44953656 0.10006469 -2.18989801
v 1.43100429 0.03090132 -2.44214106
v 1.43100429 0.03090132 -2.18989801
v 1.44953656 -0.03826206 -2.44214106
v 1.44953656 -0.03826206 -2.18989801
v 1.50016773 -0.08889315 -2.44214106
v 1.50016773 -0.08889315 -2.18989801
v 1.56933105 -0.10742541 -2.44214106
v 1.56933105 -0.10742541 -2.18989801
v 1.63849449 -0.08889312 -2.44214106
v 1.63849449 -0.08889312 -2.18989801
v 1.68912554 -0.03826201 -2.44214106
v 1.68912554 -0.03826201 -2.18989801
v 2.02499557 0.03090133 -2.44214106
v 2.00646329 0.10006471 -2.44214106
v 2.00646329 0.10006471 -2.18989801
v 2.02499557 0.03090133 -2.18989801
v 1.88666880 0.03090133 -2.18989801
v 1.88666880 0.03090133 -2.44214106
v 1.95583212 0.15069582 -2.44214106
v 1.95583212 0.15069582 -2.18989801
v 1.88666880 0.16922808 -2.44214106
v 1.88666880 0.16922808 -2.18989801
v 1.81750536 0.15069580 -2.44214106
v 1.81750536 0.15069580 -2.18989801
v 1.76687431 0.10006469 -2.44214106
v 1.76687431 0.10006469 -2.18989801
v 1.74834204 0.03090132 -2.44214106
v 1.74834204 0.03090132 -2.18989801
v 1.76687431 -0.03826206 -2.44214106
v 1.76687431 -0.03826206 -2.18989801
v 1.81750548 -0.08889315 -2.44214106
v 1.81750548 -0.08889315 -2.18989801
v 1.88666880 -0.10742541 -2.44214106
v 1.88666880 -0.10742541 -2.18989801
v 1.95583224 -0.08889312 -2.44214106
v 1.95583224 -0.08889312 -2.18989801
v 2.00646329 -0.03826201 -2.44214106
v 2.00646329 -0.03826201 -2.18989801
v 2.19993830 0.03090133 -2.50040889
v 2.06171060 0.36461210 -2.50040889
v 2.06171060 0.36461210 -2.44491553
v 2.19993830 0.03090133 -2.44491553
v 1.98162007 0.28452152 -2.50040889
v 2.08667302 0.03090133 -2.50040889
v 2.08667302 0.03090133 -2.44491553
v 1.98162007 0.28452152 -2.44491553
v 1.72799993 0.50283962 -2.50040889
v 1.72799993 0.50283962 -2.44491553
v 1.72799993 0.38957444 -2.50040889
v 1.72799993 0.38957444 -2.44491553
v 1.39428914 0.36461210 -2.50040889
v 1.39428914 0.36461210 -2.44491553
v 1.47437978 0.28452152 -2.50040889
v 1.47437978 0.28452152 -2.44491553
v 1.25606167 0.03090129 -2.50040889
v 1.25606167 0.03090129 -2.44491553
v 1.36932683 0.03090130 -2.50040889
v 1.36932683 0.03090130 -2.44491553
v 1.39428926 -0.30280948 -2.50040889
v 1.39428926 -0.30280948 -2.44491553
v 1.47437978 -0.22271888 -2.50040889
v 1.47437978 -0.22271888 -2.44491553
v 1.72799993 -0.44103694 -2.50040889
v 1.72799993 -0.44103694 -2.44491553
v 1.72799993 -0.32777175 -2.50040889
v 1.72799993 -0.32777175 -2.44491553
v 2.06171083 -0.30280930 -2.50040889
v 2.06171083 -0.30280930 -2.44491553
v 1.98162019 -0.22271876 -2.50040889
v 1.98162019 -0.22271876 -2.44491553
v 1.79716325 0.37671819 -2.50723577
v 1.79716325 0.46622375 -2.50723577
v 1.79716325 0.46622375 -2.33636165
v 1.79716325 0.37671819 -2.33636165
v 1.65883660 0.37671819 -2.33636165
v 1.65883660 0.46622375 -2.33636165
v 1.65883660 0.46622375 -2.50723577
v 1.65883660 0.37671819 -2.50723577
v 2.10229588 0.03090133 -2.61850739
v 1.99266708 0.29556850 -2.61850739
v 1.99266708 0.29556850 -2.59002829
v 2.10229588 0.03090133 -2.59002829
v 1.96920431 0.27210575 -2.61850739
v 2.06911445 0.03090133 -2.61850739
v 2.06911445 0.03090133 -2.59002829
v 1.96920431 0.27210575 -2.59002829
v 1.72799993 0.40519723 -2.61850739
v 1.72799993 0.40519723 -2.59002829
v 1.72799993 0.37201589 -2.61850739
v 1.72799993 0.37201589 -2.59002829
v 1.46333277 0.29556850 -2.61850739
v 1.46333277 0.29556850 -2.59002829
v 1.48679554 0.27210575 -2.61850739
v 1.48679554 0.27210575 -2.59002829
v 1.35370398 0.03090130 -2.61850739
v 1.35370398 0.03090130 -2.59002829
v 1.38688540 0.03090130 -2.61850739
v 1.38688540 0.03090130 -2.59002829
v 1.46333277 -0.23376589 -2.61850739
v 1.46333277 -0.23376589 -2.59002829
v 1.48679554 -0.21030313 -2.61850739
v 1.48679554 -0.21030313 -2.59002829
v 1.72799993 -0.34339455 -2.61850739
v 1.72799993 -0.34339455 -2.59002829
v 1.72799993 -0.31021321 -2.61850739
v 1.72799993 -0.31021321 -2.59002829
v 1.99266720 -0.23376574 -2.61850739
v 1.99266720 -0.23376574 -2.59002829
v 1.96920443 -0.21030299 -2.61850739
v 1.96920443 -0.21030299 -2.59002829
v 0.03769591 -0.27802569 0.13030259
v -0.74378341 -0.27802569 0.81264687
v -2.01892138 -0.11512435 -0.86425108
v -1.45196593 -0.11512435 -1.35928524
v -0.72889584 0.01402569 0.82969737
v -2.00403404 0.17692702 -0.84720057
v 0.05258343 0.01402569 0.14735307
v -1.43707836 0.17692702 -1.34223473
v 0.74378341 -0.27802569 0.81264687
v -0.03769591 -0.27802569 0.13030259
v 1.45196593 -0.11512435 -1.35928524
v 2.01892138 -0.11512435 -0.86425108
v -0.05258343 0.01402569 0.14735307
v 1.43707836 0.17692702 -1.34223473
v 0.72889584 0.01402569 0.82969737
v 2.00403404 0.17692702 -0.84720057
v -0.44352001 1.05540788 -0.35200006
v 0.44352001 1.05540788 -0.35200006
v 0.36432001 1.05540788 0.51200002
v -0.36432001 1.05540788 0.51200002
v 0.44352001 1.08564794 -0.35200006
v 0.36432001 1.08564794 0.51200002
v -0.44352001 1.08564794 -0.35200006
v -0.36432001 1.08564794 0.51200002
v -1.13300002 0.69242752 -0.59600002
v -0.88300002 0.69242752 -0.59600002
v -0.89925003 0.69242752 -0.16399997
v -1.11675000 0.69242752 -0.16399997
v -0.88300002 0.72742748 -0.59600002
v -0.89925003 0.72742748 -0.16399997
v -1.13300002 0.72742748 -0.59600002
v -1.11675000 0.72742748 -0.16399997
v 0.88300002 0.69242752 -0.59600002
v 1.13300002 0.69242752 -0.59600002
v 1.11675000 0.69242752 -0.16399997
v 0.89925003 0.69242752 -0.16399997
v 1.13300002 0.72742748 -0.59600002
v 1.11675000 0.72742748 -0.16399997
v 0.88300002 0.72742748 -0.59600002
v 0.89925003 0.72742748 -0.16399997
v -1.57241476 0.39394262 -1.60612345
v -1.60212886 0.41411540 -1.60612345
v -1.35038662 0.45446098 -1.23686397
v -1.26124430 0.39394262 -1.23686397
v -1.67992151 0.42658287 -1.60612345
v -1.58376455 0.49186340 -1.23686397
v -1.77607846 0.42658287 -1.60612345
v -1.87223542 0.49186340 -1.23686397
v -1.85387099 0.41411540 -1.60612345
v -2.10561323 0.45446098 -1.23686397
v -1.88358510 0.39394262 -1.60612345
v -2.19475555 0.39394262 -1.23686397
v -1.85387099 0.37376982 -1.60612345
v -2.10561323 0.33342424 -1.23686397
v -1.77607834 0.36130238 -1.60612345
v -1.87223518 0.29602185 -1.23686397
v -1.67992139 0.36130238 -1.60612345
v -1.58376443 0.29602185 -1.23686397
v -1.60212886 0.37376982 -1.60612345
v -1.35038662 0.33342424 -1.23686397
v -1.24388027 0.47153026 -0.76689732
v -1.12959528 0.39394262 -0.76689732
v -1.54308271 0.51948208 -0.76689732
v -1.91291714 0.51948208 -0.76689732
v -2.21211958 0.47153026 -0.76689732
v -2.32640457 0.39394262 -0.76689732
v -2.21211958 0.31635496 -0.76689732
v -1.91291690 0.26840317 -0.76689732
v -1.54308259 0.26840317 -0.76689732
v -1.24388039 0.31635496 -0.76689732
v -1.37943387 0.44980574 -0.29693073
v -1.29714847 0.39394262 -0.29693073
v -1.59485948 0.48433104 -0.29693073
v -1.86114037 0.48433104 -0.29693073
v -2.07656598 0.44980574 -0.29693073
v -2.15885139 0.39394262 -0.29693073
v -2.07656598 0.33807951 -0.29693073
v -1.86114013 0.30355421 -0.29693073
v -1.59485948 0.30355421 -0.29693073
v -1.37943387 0.33807951 -0.29693073
v -1.62149358 0.41101190 0.07232881
v -1.59635091 0.39394262 0.07232881
v -1.68731809 0.42156130 0.07232881
v -1.76868176 0.42156130 0.07232881
v -1.83450627 0.41101190 0.07232881
v -1.85964894 0.39394262 0.07232881
v -1.83450627 0.37687334 0.07232881
v -1.76868165 0.36632395 0.07232881
v -1.68731809 0.36632395 0.07232881
v -1.62149358 0.37687334 0.07232881
v -1.72799993 0.39394259 -1.60612321
v -1.72799993 0.39394259 0.07232881
v 1.88358510 0.39394262 -1.60612345
v 1.85387099 0.41411540 -1.60612345
v 2.10561323 0.45446098 -1.23686397
v 2.19475555 0.39394262 -1.23686397
v 1.77607834 0.42658287 -1.60612345
v 1.87223530 0.49186340 -1.23686397
v 1.67992139 0.42658287 -1.60612345
v 1.58376443 0.49186340 -1.23686397
v 1.60212886 0.41411540 -1.60612345
v 1.35038662 0.45446098 -1.23686397
v 1.57241476 0.39394262 -1.60612345
v 1.26124430 0.39394262 -1.23686397
v 1.60212886 0.37376982 -1.60612345
v 1.35038662 0.33342424 -1.23686397
v 1.67992151 0.36130238 -1.60612345
v 1.58376467 0.29602185 -1.23686397
v 1.77607846 0.36130238 -1.60612345
v 1.87223542 0.29602185 -1.23686397
v 1.85387099 0.37376982 -1.60612345
v 2.10561323 0.33342424 -1.23686397
v 2.21211958 0.47153026 -0.76689732
v 2.32640457 0.39394262 -0.76689732
v 1.91291714 0.51948208 -0.76689732
v 1.54308271 0.51948208 -0.76689732
v 1.24388027 0.47153026 -0.76689732
v 1.12959528 0.39394262 -0.76689732
v 1.24388039 0.31635496 -0.76689732
v 1.54308295 0.26840317 -0.76689732
v 1.91291726 0.26840317 -0.76689732
v 2.21211958 0.31635496 -0.76689732
v 2.07656598 0.44980574 -0.29693073
v 2.15885139 0.39394262 -0.29693073
v 1.86114037 0.48433104 -0.29693073
v 1.59485948 0.48433104 -0.29693073
v 1.37943375 0.44980574 -0.29693073
v 1.29714847 0.39394262 -0.29693073
v 1.37943387 0.33807951 -0.29693073
v 1.59485972 0.30355421 -0.29693073
v 1.86114037 0.30355421 -0.29693073
v 2.07656598 0.33807951 -0.29693073
v 1.83450627 0.41101190 0.07232881
v 1.85964894 0.39394262 0.07232881
v 1.76868176 0.42156130 0.07232881
v 1.68731809 0.42156130 0.07232881
v 1.62149358 0.41101190 0.07232881
v 1.59635091 0.39394262 0.07232881
v 1.62149358 0.37687334 0.07232881
v 1.68731821 0.36632395 0.07232881
v 1.76868176 0.36632395 0.07232881
v 1.83450627 0.37687334 0.07232881
v 1.72799993 0.39394259 -1.60612321
v 1.72799993 0.39394259 0.07232881
v 2.83100009 0.41499999 0.98199999
v 2.91799998 0.42100000 0.82800001
v 2.84100008 0.44700000 0.79900002
v 2.77300000 0.44299999 0.91900003
v 2.90899992 0.43700001 0.63599998
v 2.83400011 0.46000001 0.64899999
v 2.80500007 0.45899999 0.45600000
v 2.75300002 0.47700000 0.50800002
v 2.63499999 0.47999999 0.33600000
v 2.62100005 0.49399999 0.41499999
v 2.44400001 0.49599999 0.30899999
v 2.47199988 0.50599998 0.39399999
v 2.28399992 0.50099999 0.38200000
v 2.34599996 0.50999999 0.45100001
v 2.19600010 0.49500000 0.53600001
v 2.27800012 0.50500000 0.57099998
v 2.20600009 0.47900000 0.72799999
v 2.28500009 0.49200001 0.72100002
v 2.30900002 0.45699999 0.90799999
v 2.36599994 0.47600001 0.86199999
v 2.47900009 0.43599999 1.02800000
v 2.49900007 0.45899999 0.95499998
v 2.67000008 0.41999999 1.05499995
v 2.64800000 0.44700000 0.97600001
v 2.76200008 0.55599999 0.77700001
v 2.71600008 0.55299997 0.85600001
v 2.75699997 0.56400001 0.67699999
v 2.70300007 0.57499999 0.58300000
v 2.61500001 0.58700001 0.52100003
v 2.51500010 0.59500003 0.50700003
v 2.43199992 0.59700000 0.54500002
v 2.38599992 0.59399998 0.62500000
v 2.39100003 0.58600003 0.72500002
v 2.44499993 0.57499999 0.81800002
v 2.53299999 0.56300002 0.88099998
v 2.63299990 0.55500001 0.89399999
v 2.68899989 0.68800002 0.75999999
v 2.66499996 0.68599999 0.80100000
v 2.68600011 0.69199997 0.70800000
v 2.65799999 0.69800001 0.65899998
v 2.61199999 0.70400000 0.62699997
v 2.56100011 0.70800000 0.62000000
v 2.51699996 0.70999998 0.63900000
v 2.49399996 0.70800000 0.68099999
v 2.49600005 0.70400000 0.73299998
v 2.52399993 0.69800001 0.78100002
v 2.56999993 0.69199997 0.81400001
v 2.62199998 0.68800002 0.82099998
v 2.55716658 0.45800000 0.68200004
v 2.59999990 0.75900000 0.73000002
v -2.83100009 0.41499999 0.98199999
v -2.77300000 0.44299999 0.91900003
v -2.84100008 0.44700000 0.79900002
v -2.91799998 0.42100000 0.82800001
v -2.83400011 0.46000001 0.64899999
v -2.90899992 0.43700001 0.63599998
v -2.75300002 0.47700000 0.50800002
v -2.80500007 0.45899999 0.45600000
v -2.62100005 0.49399999 0.41499999
v -2.63499999 0.47999999 0.33600000
v -2.47199988 0.50599998 0.39399999
v -2.44400001 0.49599999 0.30899999
v -2.34599996 0.50999999 0.45100001
v -2.28399992 0.50099999 0.38200000
v -2.27800012 0.50500000 0.57099998
v -2.19600010 0.49500000 0.53600001
v -2.28500009 0.49200001 0.72100002
v -2.20600009 0.47900000 0.72799999
v -2.36599994 0.47600001 0.86199999
v -2.30900002 0.45699999 0.90799999
v -2.49900007 0.45899999 0.95499998
v -2.47900009 0.43599999 1.02800000
v -2.64800000 0.44700000 0.97600001
v -2.67000008 0.41999999 1.05499995
v -2.71600008 0.55299997 0.85600001
v -2.76200008 0.55599999 0.77700001
v -2.75699997 0.56400001 0.67699999
v -2.70300007 0.57499999 0.58300000
v -2.61500001 0.58700001 0.52100003
v -2.51500010 0.59500003 0.50700003
v -2.43199992 0.59700000 0.54500002
v -2.38599992 0.59399998 0.62500000
v -2.39100003 0.58600003 0.72500002
v -2.44499993 0.57499999 0.81800002
v -2.53299999 0.56300002 0.88099998
v -2.63299990 0.55500001 0.89399999
v -2.66499996 0.68599999 0.80100000
v -2.68899989 0.68800002 0.75999999
v -2.68600011 0.69199997 0.70800000
v -2.65799999 0.69800001 0.65899998
v -2.61199999 0.70400000 0.62699997
v -2.56100011 0.70800000 0.62000000
v -2.51699996 0.70999998 0.63900000
v -2.49399996 0.70800000 0.68099999
v -2.49600005 0.70400000 0.73299998
v -2.52399993 0.69800001 0.78100002
v -2.56999993 0.69199997 0.81400001
v -2.62199998 0.68800002 0.82099998
v -2.55716658 0.45800000 0.68200004
v -2.59999990 0.75900000 0.73000002
v 3.01600003 -0.38999999 0.70400000
v 2.95000005 -0.39399999 0.86699998
v 2.87500000 -0.40000001 0.82499999
v 2.92700005 -0.39600000 0.69700003
v 2.79200006 -0.39700001 0.97899997
v 2.75200009 -0.40200001 0.91200000
v 2.58500004 -0.39700001 1.00999999
v 2.59100008 -0.40200001 0.93599999
v 2.38499999 -0.39500001 0.94999999
v 2.43499994 -0.40000001 0.88999999
v 2.24499989 -0.39100000 0.81699997
v 2.32500005 -0.39700001 0.78600001
v 2.20199990 -0.38600001 0.64600003
v 2.29200006 -0.39300001 0.65200001
v 2.26900005 -0.38200000 0.48199999
v 2.34400010 -0.38999999 0.52399999
v 2.42600012 -0.37900001 0.37000000
v 2.46700001 -0.38800001 0.43700001
v 2.63299990 -0.37900001 0.34000000
v 2.62800002 -0.38800001 0.41299999
v 2.83299994 -0.38100001 0.39899999
v 2.78500009 -0.38999999 0.46000001
v 2.97399998 -0.38499999 0.53200001
v 2.89400005 -0.39300001 0.56400001
v 2.78900003 -0.43500000 0.77399999
v 2.82399988 -0.43300000 0.68900001
v 2.70700002 -0.43599999 0.83200002
v 2.59999990 -0.43599999 0.84799999
v 2.49600005 -0.43500000 0.81699997
v 2.42300010 -0.43300000 0.74800003
v 2.40100002 -0.43000001 0.65899998
v 2.43499994 -0.42800000 0.57400000
v 2.51699996 -0.42699999 0.51599997
v 2.62500000 -0.42699999 0.50000000
v 2.72900009 -0.42800000 0.53100002
v 2.80200005 -0.43000001 0.60000002
v 2.70700002 -0.47900000 0.72500002
v 2.72499990 -0.47799999 0.68099999
v 2.66499996 -0.47999999 0.75599998
v 2.60899997 -0.47999999 0.76400000
v 2.55500007 -0.47900000 0.74800003
v 2.51699996 -0.47799999 0.71200001
v 2.50600004 -0.47700000 0.66500002
v 2.52300000 -0.47600001 0.62099999
v 2.56599998 -0.47499999 0.59100002
v 2.62199998 -0.47499999 0.58300000
v 2.67600012 -0.47499999 0.59899998
v 2.71399999 -0.47700000 0.63499999
v 2.60916686 -0.38800001 0.67466664
v 2.61700010 -0.50000000 0.67299998
v -3.01600003 -0.38999999 0.70400000
v -2.92700005 -0.39600000 0.69700003
v -2.87500000 -0.40000001 0.82499999
v -2.95000005 -0.39399999 0.86699998
v -2.75200009 -0.40200001 0.91200000
v -2.79200006 -0.39700001 0.97899997
v -2.59100008 -0.40200001 0.93599999
v -2.58500004 -0.39700001 1.00999999
v -2.43499994 -0.40000001 0.88999999
v -2.38499999 -0.39500001 0.94999999
v -2.32500005 -0.39700001 0.78600001
v -2.24499989 -0.39100000 0.81699997
v -2.29200006 -0.39300001 0.65200001
v -2.20199990 -0.38600001 0.64600003
v -2.34400010 -0.38999999 0.52399999
v -2.26900005 -0.38200000 0.48199999
v -2.46700001 -0.38800001 0.43700001
v -2.42600012 -0.37900001 0.37000000
v -2.62800002 -0.38800001 0.41299999
v -2.63299990 -0.37900001 0.34000000
v -2.78500009 -0.38999999 0.46000001
v -2.83299994 -0.38100001 0.39899999
v -2.89400005 -0.39300001 0.56400001
v -2.97399998 -0.38499999 0.53200001
v -2.82399988 -0.43300000 0.68900001
v -2.78900003 -0.43500000 0.77399999
v -2.70700002 -0.43599999 0.83200002
v -2.59999990 -0.43599999 0.84799999
v -2.49600005 -0.43500000 0.81699997
v -2.42300010 -0.43300000 0.74800003
v -2.40100002 -0.43000001 0.65899998
v -2.43499994 -0.42800000 0.57400000
v -2.51699996 -0.42699999 0.51599997
v -2.62500000 -0.42699999 0.50000000
v -2.72900009 -0.42800000 0.53100002
v -2.80200005 -0.43000001 0.60000002
v -2.72499990 -0.47799999 0.68099999
v -2.70700002 -0.47900000 0.72500002
v -2.66499996 -0.47999999 0.75599998
v -2.60899997 -0.47999999 0.76400000
v -2.55500007 -0.47900000 0.74800003
v -2.51699996 -0.47799999 0.71200001
v -2.50600004 -0.47700000 0.66500002
v -2.52300000 -0.47600001 0.62099999
v -2.56599998 -0.47499999 0.59100002
v -2.62199998 -0.47499999 0.58300000
v -2.67600012 -0.47499999 0.59899998
v -2.71399999 -0.47700000 0.63499999
v -2.60916686 -0.38800001 0.67466664
v -2.61700010 -0.50000000 0.67299998
vt 0.24999999 0.66866666
vt 0.25107604 0.66866666
vt 0.26032999 0.68330669
vt 0.24999999 0.68330669
vt 0.25107604 0.66866666
vt 0.25199836 0.66866666
vt 0.26918426 0.68330669
vt 0.26032999 0.68330669
vt 0.25199836 0.66866666
vt 0.25256199 0.66866666
vt 0.27459520 0.68330669
vt 0.26918426 0.68330669
vt 0.25256199 0.66866666
vt 0.25230578 0.66866666
vt 0.27213570 0.68330669
vt 0.27459520 0.68330669
vt 0.25230578 0.66866666
vt 0.25158843 0.66866666
vt 0.26524901 0.68330669
vt 0.27213570 0.68330669
vt 0.25158843 0.66866666
vt 0.25056365 0.66866666
vt 0.25541094 0.68330669
vt 0.26524901 0.68330669
vt 0.25056365 0.66866666
vt 0.24999999 0.66866666
vt 0.24999999 0.68330669
vt 0.25541094 0.68330669
vt 0.24999999 0.66866666
vt 0.24943635 0.66866666
vt 0.24458903 0.68330669
vt 0.24999999 0.68330669
vt 0.24943635 0.66866666
vt 0.24841154 0.66866666
vt 0.23475096 0.68330669
vt 0.24458903 0.68330669
vt 0.24841154 0.66866666
vt 0.24769418 0.66866666
vt 0.22786431 0.68330669
vt 0.23475096 0.68330669
vt 0.24769418 0.66866666
vt 0.24743798 0.66866666
vt 0.22540478 0.68330669
vt 0.22786431 0.68330669
vt 0.24743798 0.66866666
vt 0.24800164 0.66866666
vt 0.23081572 0.68330669
vt 0.22540478 0.68330669
vt 0.24800164 0.66866666
vt 0.24892394 0.66866666
vt 0.23967001 0.68330669
vt 0.23081572 0.68330669
vt 0.24892394 0.66866666
vt 0.24999999 0.66866666
vt 0.24999999 0.68330669
vt 0.23967001 0.68330669
vt 0.24999999 0.68330669
vt 0.26032999 0.68330669
vt 0.27213567 0.70282662
vt 0.24999999 0.70282662
vt 0.26032999 0.68330669
vt 0.26918426 0.68330669
vt 0.29110911 0.70282662
vt 0.27213567 0.70282662
vt 0.26918426 0.68330669
vt 0.27459520 0.68330669
vt 0.30270398 0.70282662
vt 0.29110911 0.70282662
vt 0.27459520 0.68330669
vt 0.27213570 0.68330669
vt 0.29743358 0.70282662
vt 0.30270398 0.70282662
vt 0.27213570 0.68330669
vt 0.26524901 0.68330669
vt 0.28267646 0.70282662
vt 0.29743358 0.70282662
vt 0.26524901 0.68330669
vt 0.25541094 0.68330669
vt 0.26159489 0.70282662
vt 0.28267646 0.70282662
vt 0.25541094 0.68330669
vt 0.24999999 0.68330669
vt 0.24999999 0.70282662
vt 0.26159489 0.70282662
vt 0.24999999 0.68330669
vt 0.24458903 0.68330669
vt 0.23840511 0.70282662
vt 0.24999999 0.70282662
vt 0.24458903 0.68330669
vt 0.23475096 0.68330669
vt 0.21732350 0.70282662
vt 0.23840511 0.70282662
vt 0.23475096 0.68330669
vt 0.22786431 0.68330669
vt 0.20256639 0.70282662
vt 0.21732350 0.70282662
vt 0.22786431 0.68330669
vt 0.22540478 0.68330669
vt 0.19729598 0.70282662
vt 0.20256639 0.70282662
vt 0.22540478 0.68330669
vt 0.23081572 0.68330669
vt 0.20889087 0.70282662
vt 0.19729598 0.70282662
vt 0.23081572 0.68330669
vt 0.23967001 0.68330669
vt 0.22786431 0.70282662
vt 0.20889087 0.70282662
vt 0.23967001 0.68330669
vt 0.24999999 0.68330669
vt 0.24999999 0.70282662
vt 0.22786431 0.70282662
vt 0.24999999 0.70282662
vt 0.27213567 0.70282662
vt 0.27828446 0.72560000
vt 0.24999999 0.72560000
vt 0.27213567 0.70282662
vt 0.29110911 0.70282662
vt 0.30252832 0.72560000
vt 0.27828446 0.72560000
vt 0.29110911 0.70282662
vt 0.30270398 0.70282662
vt 0.31734401 0.72560000
vt 0.30252832 0.72560000
vt 0.30270398 0.70282662
vt 0.29743358 0.70282662
vt 0.31060958 0.72560000
vt 0.31734401 0.72560000
vt 0.29743358 0.70282662
vt 0.28267646 0.70282662
vt 0.29175329 0.72560000
vt 0.31060958 0.72560000
vt 0.28267646 0.70282662
vt 0.26159489 0.70282662
vt 0.26481566 0.72560000
vt 0.29175329 0.72560000
vt 0.26159489 0.70282662
vt 0.24999999 0.70282662
vt 0.24999999 0.72560000
vt 0.26481566 0.72560000
vt 0.24999999 0.70282662
vt 0.23840511 0.70282662
vt 0.23518430 0.72560000
vt 0.24999999 0.72560000
vt 0.23840511 0.70282662
vt 0.21732350 0.70282662
vt 0.20824671 0.72560000
vt 0.23518430 0.72560000
vt 0.21732350 0.70282662
vt 0.20256639 0.70282662
vt 0.18939039 0.72560000
vt 0.20824671 0.72560000
vt 0.20256639 0.70282662
vt 0.19729598 0.70282662
vt 0.18265599 0.72560000
vt 0.18939039 0.72560000
vt 0.19729598 0.70282662
vt 0.20889087 0.70282662
vt 0.19747166 0.72560000
vt 0.18265599 0.72560000
vt 0.20889087 0.70282662
vt 0.22786431 0.70282662
vt 0.22171551 0.72560000
vt 0.19747166 0.72560000
vt 0.22786431 0.70282662
vt 0.24999999 0.70282662
vt 0.24999999 0.72560000
vt 0.22171551 0.72560000
vt 0.24999999 0.72560000
vt 0.27828446 0.72560000
vt 0.28074402 0.75000000
vt 0.24999999 0.75000000
vt 0.27828446 0.72560000
vt 0.30252832 0.72560000
vt 0.30709597 0.75000000
vt 0.28074402 0.75000000
vt 0.30252832 0.72560000
vt 0.31734401 0.72560000
vt 0.32319999 0.75000000
vt 0.30709597 0.75000000
vt 0.31734401 0.72560000
vt 0.31060958 0.72560000
vt 0.31588000 0.75000000
vt 0.32319999 0.75000000
vt 0.31060958 0.72560000
vt 0.29175329 0.72560000
vt 0.29538399 0.75000000
vt 0.31588000 0.75000000
vt 0.29175329 0.72560000
vt 0.26481566 0.72560000
vt 0.26610398 0.75000000
vt 0.29538399 0.75000000
vt 0.26481566 0.72560000
vt 0.24999999 0.72560000
vt 0.24999999 0.75000000
vt 0.26610398 0.75000000
vt 0.24999999 0.72560000
vt 0.23518430 0.72560000
vt 0.23389599 0.75000000
vt 0.24999999 0.75000000
vt 0.23518430 0.72560000
vt 0.20824671 0.72560000
vt 0.20461600 0.75000000
vt 0.23389599 0.75000000
vt 0.20824671 0.72560000
vt 0.18939039 0.72560000
vt 0.18412000 0.75000000
vt 0.20461600 0.75000000
vt 0.18939039 0.72560000
vt 0.18265599 0.72560000
vt 0.17680000 0.75000000
vt 0.18412000 0.75000000
vt 0.18265599 0.72560000
vt 0.19747166 0.72560000
vt 0.19290400 0.75000000
vt 0.17680000 0.75000000
vt 0.19747166 0.72560000
vt 0.22171551 0.72560000
vt 0.21925598 0.75000000
vt 0.19290400 0.75000000
vt 0.22171551 0.72560000
vt 0.24999999 0.72560000
vt 0.24999999 0.75000000
vt 0.21925598 0.75000000
vt 0.24999999 0.75000000
vt 0.28074402 0.75000000
vt 0.27951422 0.77765334
vt 0.24999999 0.77765334
vt 0.28074402 0.75000000
vt 0.30709597 0.75000000
vt 0.30481216 0.77765334
vt 0.27951422 0.77765334
vt 0.30709597 0.75000000
vt 0.32319999 0.75000000
vt 0.32027200 0.77765334
vt 0.30481216 0.77765334
vt 0.32319999 0.75000000
vt 0.31588000 0.75000000
vt 0.31324479 0.77765334
vt 0.32027200 0.77765334
vt 0.31588000 0.75000000
vt 0.29538399 0.75000000
vt 0.29356864 0.77765334
vt 0.31324479 0.77765334
vt 0.29538399 0.75000000
vt 0.26610398 0.75000000
vt 0.26545984 0.77765334
vt 0.29356864 0.77765334
vt 0.26610398 0.75000000
vt 0.24999999 0.75000000
vt 0.24999999 0.77765334
vt 0.26545984 0.77765334
vt 0.24999999 0.75000000
vt 0.23389599 0.75000000
vt 0.23454015 0.77765334
vt 0.24999999 0.77765334
vt 0.23389599 0.75000000
vt 0.20461600 0.75000000
vt 0.20643134 0.77765334
vt 0.23454015 0.77765334
vt 0.20461600 0.75000000
vt 0.18412000 0.75000000
vt 0.18675520 0.77765334
vt 0.20643134 0.77765334
vt 0.18412000 0.75000000
vt 0.17680000 0.75000000
vt 0.17972799 0.77765334
vt 0.18675520 0.77765334
vt 0.17680000 0.75000000
vt 0.19290400 0.75000000
vt 0.19518782 0.77765334
vt 0.17972799 0.77765334
vt 0.19290400 0.75000000
vt 0.21925598 0.75000000
vt 0.22048575 0.77765334
vt 0.19518782 0.77765334
vt 0.21925598 0.75000000
vt 0.24999999 0.75000000
vt 0.24999999 0.77765334
vt 0.22048575 0.77765334
vt 0.24999999 0.77765334
vt 0.27951422 0.77765334
vt 0.27398032 0.80042666
vt 0.24999999 0.80042666
vt 0.27951422 0.77765334
vt 0.30481216 0.77765334
vt 0.29453489 0.80042666
vt 0.27398032 0.80042666
vt 0.30481216 0.77765334
vt 0.32027200 0.77765334
vt 0.30709597 0.80042666
vt 0.29453489 0.80042666
vt 0.32027200 0.77765334
vt 0.31324479 0.77765334
vt 0.30138642 0.80042666
vt 0.30709597 0.80042666
vt 0.31324479 0.77765334
vt 0.29356864 0.77765334
vt 0.28539950 0.80042666
vt 0.30138642 0.80042666
vt 0.29356864 0.77765334
vt 0.26545984 0.77765334
vt 0.26256114 0.80042666
vt 0.28539950 0.80042666
vt 0.26545984 0.77765334
vt 0.24999999 0.77765334
vt 0.24999999 0.80042666
vt 0.26256114 0.80042666
vt 0.24999999 0.77765334
vt 0.23454015 0.77765334
vt 0.23743887 0.80042666
vt 0.24999999 0.80042666
vt 0.23454015 0.77765334
vt 0.20643134 0.77765334
vt 0.21460047 0.80042666
vt 0.23743887 0.80042666
vt 0.20643134 0.77765334
vt 0.18675520 0.77765334
vt 0.19861360 0.80042666
vt 0.21460047 0.80042666
vt 0.18675520 0.77765334
vt 0.17972799 0.77765334
vt 0.19290400 0.80042666
vt 0.19861360 0.80042666
vt 0.17972799 0.77765334
vt 0.19518782 0.77765334
vt 0.20546511 0.80042666
vt 0.19290400 0.80042666
vt 0.19518782 0.77765334
vt 0.22048575 0.77765334
vt 0.22601967 0.80042666
vt 0.20546511 0.80042666
vt 0.22048575 0.77765334
vt 0.24999999 0.77765334
vt 0.24999999 0.80042666
vt 0.22601967 0.80042666
vt 0.24999999 0.80042666
vt 0.27398032 0.80042666
vt 0.26721662 0.81832004
vt 0.24999999 0.81832004
vt 0.27398032 0.80042666
vt 0.29453489 0.80042666
vt 0.28197375 0.81832004
vt 0.26721662 0.81832004
vt 0.29453489 0.80042666
vt 0.30709597 0.80042666
vt 0.29099199 0.81832004
vt 0.28197375 0.81832004
vt 0.30709597 0.80042666
vt 0.30138642 0.80042666
vt 0.28689280 0.81832004
vt 0.29099199 0.81832004
vt 0.30138642 0.80042666
vt 0.28539950 0.80042666
vt 0.27541503 0.81832004
vt 0.28689280 0.81832004
vt 0.28539950 0.80042666
vt 0.26256114 0.80042666
vt 0.25901824 0.81832004
vt 0.27541503 0.81832004
vt 0.26256114 0.80042666
vt 0.24999999 0.80042666
vt 0.24999999 0.81832004
vt 0.25901824 0.81832004
vt 0.24999999 0.80042666
vt 0.23743887 0.80042666
vt 0.24098174 0.81832004
vt 0.24999999 0.81832004
vt 0.23743887 0.80042666
vt 0.21460047 0.80042666
vt 0.22458494 0.81832004
vt 0.24098174 0.81832004
vt 0.21460047 0.80042666
vt 0.19861360 0.80042666
vt 0.21310718 0.81832004
vt 0.22458494 0.81832004
vt 0.19861360 0.80042666
vt 0.19290400 0.80042666
vt 0.20900799 0.81832004
vt 0.21310718 0.81832004
vt 0.19290400 0.80042666
vt 0.20546511 0.80042666
vt 0.21802624 0.81832004
vt 0.20900799 0.81832004
vt 0.20546511 0.80042666
vt 0.22601967 0.80042666
vt 0.23278335 0.81832004
vt 0.21802624 0.81832004
vt 0.22601967 0.80042666
vt 0.24999999 0.80042666
vt 0.24999999 0.81832004
vt 0.23278335 0.81832004
vt 0.24999999 0.81832004
vt 0.26721662 0.81832004
vt 0.25996104 0.83133334
vt 0.24999999 0.83133334
vt 0.26721662 0.81832004
vt 0.28197375 0.81832004
vt 0.26849911 0.83133334
vt 0.25996104 0.83133334
vt 0.28197375 0.81832004
vt 0.29099199 0.81832004
vt 0.27371681 0.83133334
vt 0.26849911 0.83133334
vt 0.29099199 0.81832004
vt 0.28689280 0.81832004
vt 0.27134511 0.83133334
vt 0.27371681 0.83133334
vt 0.28689280 0.81832004
vt 0.27541503 0.81832004
vt 0.26470441 0.83133334
vt 0.27134511 0.83133334
vt 0.27541503 0.81832004
vt 0.25901824 0.81832004
vt 0.25521770 0.83133334
vt 0.26470441 0.83133334
vt 0.25901824 0.81832004
vt 0.24999999 0.81832004
vt 0.24999999 0.83133334
vt 0.25521770 0.83133334
vt 0.24999999 0.81832004
vt 0.24098174 0.81832004
vt 0.24478228 0.83133334
vt 0.24999999 0.83133334
vt 0.24098174 0.81832004
vt 0.22458494 0.81832004
vt 0.23529558 0.83133334
vt 0.24478228 0.83133334
vt 0.22458494 0.81832004
vt 0.21310718 0.81832004
vt 0.22865486 0.83133334
vt 0.23529558 0.83133334
vt 0.21310718 0.81832004
vt 0.20900799 0.81832004
vt 0.22628319 0.83133334
vt 0.22865486 0.83133334
vt 0.20900799 0.81832004
vt 0.21802624 0.81832004
vt 0.23150089 0.83133334
vt 0.22628319 0.83133334
vt 0.21802624 0.81832004
vt 0.23278335 0.81832004
vt 0.24003893 0.83133334
vt 0.23150089 0.83133334
vt 0.23278335 0.81832004
vt 0.24999999 0.81832004
vt 0.24999999 0.83133334
vt 0.24003893 0.83133334
vt 0.24999999 0.66866666
vt 0.25107604 0.66866666
vt 0.24999999 0.66866666
vt 0.24999999 0.66866666
vt 0.25199836 0.66866666
vt 0.25107604 0.66866666
vt 0.24999999 0.66866666
vt 0.25256199 0.66866666
vt 0.25199836 0.66866666
vt 0.24999999 0.66866666
vt 0.25230578 0.66866666
vt 0.25256199 0.66866666
vt 0.24999999 0.66866666
vt 0.25158843 0.66866666
vt 0.25230578 0.66866666
vt 0.24999999 0.66866666
vt 0.25056365 0.66866666
vt 0.25158843 0.66866666
vt 0.24999999 0.66866666
vt 0.24999999 0.66866666
vt 0.25056365 0.66866666
vt 0.24999999 0.66866666
vt 0.24943635 0.66866666
vt 0.24999999 0.66866666
vt 0.24999999 0.66866666
vt 0.24841154 0.66866666
vt 0.24943635 0.66866666
vt 0.24999999 0.66866666
vt 0.24769418 0.66866666
vt 0.24841154 0.66866666
vt 0.24999999 0.66866666
vt 0.24743798 0.66866666
vt 0.24769418 0.66866666
vt 0.24999999 0.66866666
vt 0.24800164 0.66866666
vt 0.24743798 0.66866666
vt 0.24999999 0.66866666
vt 0.24892394 0.66866666
vt 0.24800164 0.66866666
vt 0.24999999 0.66866666
vt 0.24999999 0.66866666
vt 0.24892394 0.66866666
vt 0.50599998 0.99400002
vt 0.99400002 0.99400002
vt 0.99400002 0.50600004
vt 0.50599998 0.99400002
vt 0.99400002 0.99400002
vt 0.99400002 0.50600004
vt 0.50599998 0.99400002
vt 0.99400002 0.99400002
vt 0.99400002 0.50600004
vt 0.50599998 0.99400002
vt 0.99400002 0.99400002
vt 0.99400002 0.50600004
vt 0.50599998 0.99400002
vt 0.99400002 0.99400002
vt 0.99400002 0.50600004
vt 0.50599998 0.99400002
vt 0.99400002 0.99400002
vt 0.99400002 0.50600004
vt 0.50599998 0.99400002
vt 0.99400002 0.99400002
vt 0.99400002 0.50600004
vt 0.50599998 0.99400002
vt 0.99400002 0.99400002
vt 0.99400002 0.50600004
vt 0.50599998 0.99400002
vt 0.99400002 0.99400002
vt 0.99400002 0.50600004
vt 0.50599998 0.99400002
vt 0.99400002 0.99400002
vt 0.99400002 0.50600004
vt 0.50599998 0.99400002
vt 0.99400002 0.99400002
vt 0.99400002 0.50600004
vt 0.50599998 0.99400002
vt 0.99400002 0.99400002
vt 0.99400002 0.50600004
vt 0.50599998 0.99400002
vt 0.99400002 0.99400002
vt 0.99400002 0.50600004
vt 0.50599998 0.99400002
vt 0.99400002 0.99400002
vt 0.99400002 0.50600004
vt 0.31148800 0.70120001
vt 0.32247123 0.70175803
vt 0.32247123 0.71333611
vt 0.31148800 0.71291202
vt 0.31148800 0.71291202
vt 0.32247123 0.71333611
vt 0.32247123 0.73070323
vt 0.31148800 0.73047996
vt 0.31148800 0.73047996
vt 0.32247123 0.73070323
vt 0.32247123 0.75000000
vt 0.31148800 0.75000000
vt 0.31148800 0.75000000
vt 0.32247123 0.75000000
vt 0.32247123 0.76929682
vt 0.31148800 0.76952004
vt 0.31148800 0.76952004
vt 0.32247123 0.76929682
vt 0.32247123 0.79824197
vt 0.31148800 0.79879999
vt 0.31148800 0.79879999
vt 0.32247123 0.79824197
vt 0.32247123 0.79824197
vt 0.31148800 0.79879999
vt 0.31148800 0.79879999
vt 0.32247123 0.79824197
vt 0.32247123 0.76929682
vt 0.31148800 0.76952004
vt 0.31148800 0.76952004
vt 0.32247123 0.76929682
vt 0.32247123 0.75000000
vt 0.31148800 0.75000000
vt 0.31148800 0.75000000
vt 0.32247123 0.75000000
vt 0.32247123 0.73070323
vt 0.31148800 0.73047996
vt 0.31148800 0.73047996
vt 0.32247123 0.73070323
vt 0.32247123 0.71333611
vt 0.31148800 0.71291202
vt 0.31148800 0.71291202
vt 0.32247123 0.71333611
vt 0.32247123 0.70175803
vt 0.31148800 0.70120001
vt 0.31148800 0.70120001
vt 0.32247123 0.70175803
vt 0.32247123 0.70175803
vt 0.31148800 0.70120001
vt 0.32247123 0.70175803
vt 0.33345452 0.70316553
vt 0.33345452 0.71440578
vt 0.32247123 0.71333611
vt 0.32247123 0.71333611
vt 0.33345452 0.71440578
vt 0.33345452 0.73126620
vt 0.32247123 0.73070323
vt 0.32247123 0.73070323
vt 0.33345452 0.73126620
vt 0.33345452 0.75000000
vt 0.32247123 0.75000000
vt 0.32247123 0.75000000
vt 0.33345452 0.75000000
vt 0.33345452 0.76873380
vt 0.32247123 0.76929682
vt 0.32247123 0.76929682
vt 0.33345452 0.76873380
vt 0.33345452 0.79683447
vt 0.32247123 0.79824197
vt 0.32247123 0.79824197
vt 0.33345452 0.79683447
vt 0.33345452 0.79683447
vt 0.32247123 0.79824197
vt 0.32247123 0.79824197
vt 0.33345452 0.79683447
vt 0.33345452 0.76873380
vt 0.32247123 0.76929682
vt 0.32247123 0.76929682
vt 0.33345452 0.76873380
vt 0.33345452 0.75000000
vt 0.32247123 0.75000000
vt 0.32247123 0.75000000
vt 0.33345452 0.75000000
vt 0.33345452 0.73126620
vt 0.32247123 0.73070323
vt 0.32247123 0.73070323
vt 0.33345452 0.73126620
vt 0.33345452 0.71440578
vt 0.32247123 0.71333611
vt 0.32247123 0.71333611
vt 0.33345452 0.71440578
vt 0.33345452 0.70316553
vt 0.32247123 0.70175803
vt 0.32247123 0.70175803
vt 0.33345452 0.70316553
vt 0.33345452 0.70316553
vt 0.32247123 0.70175803
vt 0.33345452 0.70316553
vt 0.34581068 0.70526665
vt 0.34581068 0.71600270
vt 0.33345452 0.71440578
vt 0.33345452 0.71440578
vt 0.34581068 0.71600270
vt 0.34581068 0.73210669
vt 0.33345452 0.73126620
vt 0.33345452 0.73126620
vt 0.34581068 0.73210669
vt 0.34581068 0.75000000
vt 0.33345452 0.75000000
vt 0.33345452 0.75000000
vt 0.34581068 0.75000000
vt 0.34581068 0.76789331
vt 0.33345452 0.76873380
vt 0.33345452 0.76873380
vt 0.34581068 0.76789331
vt 0.34581068 0.79473335
vt 0.33345452 0.79683447
vt 0.33345452 0.79683447
vt 0.34581068 0.79473335
vt 0.34581068 0.79473335
vt 0.33345452 0.79683447
vt 0.33345452 0.79683447
vt 0.34581068 0.79473335
vt 0.34581068 0.76789331
vt 0.33345452 0.76873380
vt 0.33345452 0.76873380
vt 0.34581068 0.76789331
vt 0.34581068 0.75000000
vt 0.33345452 0.75000000
vt 0.33345452 0.75000000
vt 0.34581068 0.75000000
vt 0.34581068 0.73210669
vt 0.33345452 0.73126620
vt 0.33345452 0.73126620
vt 0.34581068 0.73210669
vt 0.34581068 0.71600270
vt 0.33345452 0.71440578
vt 0.33345452 0.71440578
vt 0.34581068 0.71600270
vt 0.34581068 0.70526665
vt 0.33345452 0.70316553
vt 0.33345452 0.70316553
vt 0.34581068 0.70526665
vt 0.34581068 0.70526665
vt 0.33345452 0.70316553
vt 0.34581068 0.70526665
vt 0.35816681 0.70736778
vt 0.35816681 0.71759951
vt 0.34581068 0.71600270
vt 0.34581068 0.71600270
vt 0.35816681 0.71759951
vt 0.35816681 0.73294711
vt 0.34581068 0.73210669
vt 0.34581068 0.73210669
vt 0.35816681 0.73294711
vt 0.35816681 0.75000000
vt 0.34581068 0.75000000
vt 0.34581068 0.75000000
vt 0.35816681 0.75000000
vt 0.35816681 0.76705289
vt 0.34581068 0.76789331
vt 0.34581068 0.76789331
vt 0.35816681 0.76705289
vt 0.35816681 0.79263222
vt 0.34581068 0.79473335
vt 0.34581068 0.79473335
vt 0.35816681 0.79263222
vt 0.35816681 0.79263222
vt 0.34581068 0.79473335
vt 0.34581068 0.79473335
vt 0.35816681 0.79263222
vt 0.35816681 0.76705289
vt 0.34581068 0.76789331
vt 0.34581068 0.76789331
vt 0.35816681 0.76705289
vt 0.35816681 0.75000000
vt 0.34581068 0.75000000
vt 0.34581068 0.75000000
vt 0.35816681 0.75000000
vt 0.35816681 0.73294711
vt 0.34581068 0.73210669
vt 0.34581068 0.73210669
vt 0.35816681 0.73294711
vt 0.35816681 0.71759951
vt 0.34581068 0.71600270
vt 0.34581068 0.71600270
vt 0.35816681 0.71759951
vt 0.35816681 0.70736778
vt 0.34581068 0.70526665
vt 0.34581068 0.70526665
vt 0.35816681 0.70736778
vt 0.35816681 0.70736778
vt 0.34581068 0.70526665
vt 0.35816681 0.70736778
vt 0.36915007 0.70877528
vt 0.36915007 0.71866924
vt 0.35816681 0.71759951
vt 0.35816681 0.71759951
vt 0.36915007 0.71866924
vt 0.36915007 0.73351014
vt 0.35816681 0.73294711
vt 0.35816681 0.73294711
vt 0.36915007 0.73351014
vt 0.36915007 0.75000000
vt 0.35816681 0.75000000
vt 0.35816681 0.75000000
vt 0.36915007 0.75000000
vt 0.36915007 0.76648986
vt 0.35816681 0.76705289
vt 0.35816681 0.76705289
vt 0.36915007 0.76648986
vt 0.36915007 0.79122472
vt 0.35816681 0.79263222
vt 0.35816681 0.79263222
vt 0.36915007 0.79122472
vt 0.36915007 0.79122472
vt 0.35816681 0.79263222
vt 0.35816681 0.79263222
vt 0.36915007 0.79122472
vt 0.36915007 0.76648986
vt 0.35816681 0.76705289
vt 0.35816681 0.76705289
vt 0.36915007 0.76648986
vt 0.36915007 0.75000000
vt 0.35816681 0.75000000
vt 0.35816681 0.75000000
vt 0.36915007 0.75000000
vt 0.36915007 0.73351014
vt 0.35816681 0.73294711
vt 0.35816681 0.73294711
vt 0.36915007 0.73351014
vt 0.36915007 0.71866924
vt 0.35816681 0.71759951
vt 0.35816681 0.71759951
vt 0.36915007 0.71866924
vt 0.36915007 0.70877528
vt 0.35816681 0.70736778
vt 0.35816681 0.70736778
vt 0.36915007 0.70877528
vt 0.36915007 0.70877528
vt 0.35816681 0.70736778
vt 0.36915007 0.70877528
vt 0.38013333 0.70933330
vt 0.38013333 0.71909332
vt 0.36915007 0.71866924
vt 0.36915007 0.71866924
vt 0.38013333 0.71909332
vt 0.38013333 0.73373336
vt 0.36915007 0.73351014
vt 0.36915007 0.73351014
vt 0.38013333 0.73373336
vt 0.38013333 0.75000000
vt 0.36915007 0.75000000
vt 0.36915007 0.75000000
vt 0.38013333 0.75000000
vt 0.38013333 0.76626670
vt 0.36915007 0.76648986
vt 0.36915007 0.76648986
vt 0.38013333 0.76626670
vt 0.38013333 0.79066670
vt 0.36915007 0.79122472
vt 0.36915007 0.79122472
vt 0.38013333 0.79066670
vt 0.38013333 0.79066670
vt 0.36915007 0.79122472
vt 0.36915007 0.79122472
vt 0.38013333 0.79066670
vt 0.38013333 0.76626670
vt 0.36915007 0.76648986
vt 0.36915007 0.76648986
vt 0.38013333 0.76626670
vt 0.38013333 0.75000000
vt 0.36915007 0.75000000
vt 0.36915007 0.75000000
vt 0.38013333 0.75000000
vt 0.38013333 0.73373336
vt 0.36915007 0.73351014
vt 0.36915007 0.73351014
vt 0.38013333 0.73373336
vt 0.38013333 0.71909332
vt 0.36915007 0.71866924
vt 0.36915007 0.71866924
vt 0.38013333 0.71909332
vt 0.38013333 0.70933330
vt 0.36915007 0.70877528
vt 0.36915007 0.70877528
vt 0.38013333 0.70933330
vt 0.38013333 0.70933330
vt 0.36915007 0.70877528
vt 0.31148800 0.74381864
vt 0.31148800 0.70120001
vt 0.31148800 0.71291202
vt 0.31148800 0.74381864
vt 0.31148800 0.71291202
vt 0.31148800 0.73047996
vt 0.31148800 0.74381864
vt 0.31148800 0.73047996
vt 0.31148800 0.75000000
vt 0.31148800 0.74381864
vt 0.31148800 0.75000000
vt 0.31148800 0.76952004
vt 0.31148800 0.74381864
vt 0.31148800 0.76952004
vt 0.31148800 0.79879999
vt 0.31148800 0.74381864
vt 0.31148800 0.79879999
vt 0.31148800 0.79879999
vt 0.31148800 0.74381864
vt 0.31148800 0.79879999
vt 0.31148800 0.76952004
vt 0.31148800 0.74381864
vt 0.31148800 0.76952004
vt 0.31148800 0.75000000
vt 0.31148800 0.74381864
vt 0.31148800 0.75000000
vt 0.31148800 0.73047996
vt 0.31148800 0.74381864
vt 0.31148800 0.73047996
vt 0.31148800 0.71291202
vt 0.31148800 0.74381864
vt 0.31148800 0.71291202
vt 0.31148800 0.70120001
vt 0.31148800 0.74381864
vt 0.31148800 0.70120001
vt 0.31148800 0.70120001
vt 0.38013336 0.74484885
vt 0.38013333 0.71909332
vt 0.38013333 0.70933330
vt 0.38013336 0.74484885
vt 0.38013333 0.73373336
vt 0.38013333 0.71909332
vt 0.38013336 0.74484885
vt 0.38013333 0.75000000
vt 0.38013333 0.73373336
vt 0.38013336 0.74484885
vt 0.38013333 0.76626670
vt 0.38013333 0.75000000
vt 0.38013336 0.74484885
vt 0.38013333 0.79066670
vt 0.38013333 0.76626670
vt 0.38013336 0.74484885
vt 0.38013333 0.79066670
vt 0.38013333 0.79066670
vt 0.38013336 0.74484885
vt 0.38013333 0.76626670
vt 0.38013333 0.79066670
vt 0.38013336 0.74484885
vt 0.38013333 0.75000000
vt 0.38013333 0.76626670
vt 0.38013336 0.74484885
vt 0.38013333 0.73373336
vt 0.38013333 0.75000000
vt 0.38013336 0.74484885
vt 0.38013333 0.71909332
vt 0.38013333 0.73373336
vt 0.38013336 0.74484885
vt 0.38013333 0.70933330
vt 0.38013333 0.71909332
vt 0.38013336 0.74484885
vt 0.38013333 0.70933330
vt 0.38013333 0.70933330
vt 0.18851200 0.70120001
vt 0.18851200 0.71291202
vt 0.17752875 0.71333611
vt 0.17752875 0.70175803
vt 0.18851200 0.71291202
vt 0.18851200 0.73047996
vt 0.17752875 0.73070323
vt 0.17752875 0.71333611
vt 0.18851200 0.73047996
vt 0.18851200 0.75000000
vt 0.17752875 0.75000000
vt 0.17752875 0.73070323
vt 0.18851200 0.75000000
vt 0.18851200 0.76952004
vt 0.17752875 0.76929682
vt 0.17752875 0.75000000
vt 0.18851200 0.76952004
vt 0.18851200 0.79879999
vt 0.17752875 0.79824197
vt 0.17752875 0.76929682
vt 0.18851200 0.79879999
vt 0.18851200 0.79879999
vt 0.17752875 0.79824197
vt 0.17752875 0.79824197
vt 0.18851200 0.79879999
vt 0.18851200 0.76952004
vt 0.17752875 0.76929682
vt 0.17752875 0.79824197
vt 0.18851200 0.76952004
vt 0.18851200 0.75000000
vt 0.17752875 0.75000000
vt 0.17752875 0.76929682
vt 0.18851200 0.75000000
vt 0.18851200 0.73047996
vt 0.17752875 0.73070323
vt 0.17752875 0.75000000
vt 0.18851200 0.73047996
vt 0.18851200 0.71291202
vt 0.17752875 0.71333611
vt 0.17752875 0.73070323
vt 0.18851200 0.71291202
vt 0.18851200 0.70120001
vt 0.17752875 0.70175803
vt 0.17752875 0.71333611
vt 0.18851200 0.70120001
vt 0.18851200 0.70120001
vt 0.17752875 0.70175803
vt 0.17752875 0.70175803
vt 0.17752875 0.70175803
vt 0.17752875 0.71333611
vt 0.16654547 0.71440578
vt 0.16654547 0.70316553
vt 0.17752875 0.71333611
vt 0.17752875 0.73070323
vt 0.16654547 0.73126620
vt 0.16654547 0.71440578
vt 0.17752875 0.73070323
vt 0.17752875 0.75000000
vt 0.16654547 0.75000000
vt 0.16654547 0.73126620
vt 0.17752875 0.75000000
vt 0.17752875 0.76929682
vt 0.16654547 0.76873380
vt 0.16654547 0.75000000
vt 0.17752875 0.76929682
vt 0.17752875 0.79824197
vt 0.16654547 0.79683447
vt 0.16654547 0.76873380
vt 0.17752875 0.79824197
vt 0.17752875 0.79824197
vt 0.16654547 0.79683447
vt 0.16654547 0.79683447
vt 0.17752875 0.79824197
vt 0.17752875 0.76929682
vt 0.16654547 0.76873380
vt 0.16654547 0.79683447
vt 0.17752875 0.76929682
vt 0.17752875 0.75000000
vt 0.16654547 0.75000000
vt 0.16654547 0.76873380
vt 0.17752875 0.75000000
vt 0.17752875 0.73070323
vt 0.16654547 0.73126620
vt 0.16654547 0.75000000
vt 0.17752875 0.73070323
vt 0.17752875 0.71333611
vt 0.16654547 0.71440578
vt 0.16654547 0.73126620
vt 0.17752875 0.71333611
vt 0.17752875 0.70175803
vt 0.16654547 0.70316553
vt 0.16654547 0.71440578
vt 0.17752875 0.70175803
vt 0.17752875 0.70175803
vt 0.16654547 0.70316553
vt 0.16654547 0.70316553
vt 0.16654547 0.70316553
vt 0.16654547 0.71440578
vt 0.15418932 0.71600270
vt 0.15418932 0.70526665
vt 0.16654547 0.71440578
vt 0.16654547 0.73126620
vt 0.15418932 0.73210669
vt 0.15418932 0.71600270
vt 0.16654547 0.73126620
vt 0.16654547 0.75000000
vt 0.15418932 0.75000000
vt 0.15418932 0.73210669
vt 0.16654547 0.75000000
vt 0.16654547 0.76873380
vt 0.15418932 0.76789331
vt 0.15418932 0.75000000
vt 0.16654547 0.76873380
vt 0.16654547 0.79683447
vt 0.15418932 0.79473335
vt 0.15418932 0.76789331
vt 0.16654547 0.79683447
vt 0.16654547 0.79683447
vt 0.15418932 0.79473335
vt 0.15418932 0.79473335
vt 0.16654547 0.79683447
vt 0.16654547 0.76873380
vt 0.15418932 0.76789331
vt 0.15418932 0.79473335
vt 0.16654547 0.76873380
vt 0.16654547 0.75000000
vt 0.15418932 0.75000000
vt 0.15418932 0.76789331
vt 0.16654547 0.75000000
vt 0.16654547 0.73126620
vt 0.15418932 0.73210669
vt 0.15418932 0.75000000
vt 0.16654547 0.73126620
vt 0.16654547 0.71440578
vt 0.15418932 0.71600270
vt 0.15418932 0.73210669
vt 0.16654547 0.71440578
vt 0.16654547 0.70316553
vt 0.15418932 0.70526665
vt 0.15418932 0.71600270
vt 0.16654547 0.70316553
vt 0.16654547 0.70316553
vt 0.15418932 0.70526665
vt 0.15418932 0.70526665
vt 0.15418932 0.70526665
vt 0.15418932 0.71600270
vt 0.14183316 0.71759951
vt 0.14183316 0.70736778
vt 0.15418932 0.71600270
vt 0.15418932 0.73210669
vt 0.14183316 0.73294711
vt 0.14183316 0.71759951
vt 0.15418932 0.73210669
vt 0.15418932 0.75000000
vt 0.14183316 0.75000000
vt 0.14183316 0.73294711
vt 0.15418932 0.75000000
vt 0.15418932 0.76789331
vt 0.14183316 0.76705289
vt 0.14183316 0.75000000
vt 0.15418932 0.76789331
vt 0.15418932 0.79473335
vt 0.14183316 0.79263222
vt 0.14183316 0.76705289
vt 0.15418932 0.79473335
vt 0.15418932 0.79473335
vt 0.14183316 0.79263222
vt 0.14183316 0.79263222
vt 0.15418932 0.79473335
vt 0.15418932 0.76789331
vt 0.14183316 0.76705289
vt 0.14183316 0.79263222
vt 0.15418932 0.76789331
vt 0.15418932 0.75000000
vt 0.14183316 0.75000000
vt 0.14183316 0.76705289
vt 0.15418932 0.75000000
vt 0.15418932 0.73210669
vt 0.14183316 0.73294711
vt 0.14183316 0.75000000
vt 0.15418932 0.73210669
vt 0.15418932 0.71600270
vt 0.14183316 0.71759951
vt 0.14183316 0.73294711
vt 0.15418932 0.71600270
vt 0.15418932 0.70526665
vt 0.14183316 0.70736778
vt 0.14183316 0.71759951
vt 0.15418932 0.70526665
vt 0.15418932 0.70526665
vt 0.14183316 0.70736778
vt 0.14183316 0.70736778
vt 0.14183316 0.70736778
vt 0.14183316 0.71759951
vt 0.13084991 0.71866924
vt 0.13084991 0.70877528
vt 0.14183316 0.71759951
vt 0.14183316 0.73294711
vt 0.13084991 0.73351014
vt 0.13084991 0.71866924
vt 0.14183316 0.73294711
vt 0.14183316 0.75000000
vt 0.13084991 0.75000000
vt 0.13084991 0.73351014
vt 0.14183316 0.75000000
vt 0.14183316 0.76705289
vt 0.13084991 0.76648986
vt 0.13084991 0.75000000
vt 0.14183316 0.76705289
vt 0.14183316 0.79263222
vt 0.13084991 0.79122472
vt 0.13084991 0.76648986
vt 0.14183316 0.79263222
vt 0.14183316 0.79263222
vt 0.13084991 0.79122472
vt 0.13084991 0.79122472
vt 0.14183316 0.79263222
vt 0.14183316 0.76705289
vt 0.13084991 0.76648986
vt 0.13084991 0.79122472
vt 0.14183316 0.76705289
vt 0.14183316 0.75000000
vt 0.13084991 0.75000000
vt 0.13084991 0.76648986
vt 0.14183316 0.75000000
vt 0.14183316 0.73294711
vt 0.13084991 0.73351014
vt 0.13084991 0.75000000
vt 0.14183316 0.73294711
vt 0.14183316 0.71759951
vt 0.13084991 0.71866924
vt 0.13084991 0.73351014
vt 0.14183316 0.71759951
vt 0.14183316 0.70736778
vt 0.13084991 0.70877528
vt 0.13084991 0.71866924
vt 0.14183316 0.70736778
vt 0.14183316 0.70736778
vt 0.13084991 0.70877528
vt 0.13084991 0.70877528
vt 0.13084991 0.70877528
vt 0.13084991 0.71866924
vt 0.11986665 0.71909332
vt 0.11986665 0.70933330
vt 0.13084991 0.71866924
vt 0.13084991 0.73351014
vt 0.11986665 0.73373336
vt 0.11986665 0.71909332
vt 0.13084991 0.73351014
vt 0.13084991 0.75000000
vt 0.11986665 0.75000000
vt 0.11986665 0.73373336
vt 0.13084991 0.75000000
vt 0.13084991 0.76648986
vt 0.11986665 0.76626670
vt 0.11986665 0.75000000
vt 0.13084991 0.76648986
vt 0.13084991 0.79122472
vt 0.11986665 0.79066670
vt 0.11986665 0.76626670
vt 0.13084991 0.79122472
vt 0.13084991 0.79122472
vt 0.11986665 0.79066670
vt 0.11986665 0.79066670
vt 0.13084991 0.79122472
vt 0.13084991 0.76648986
vt 0.11986665 0.76626670
vt 0.11986665 0.79066670
vt 0.13084991 0.76648986
vt 0.13084991 0.75000000
vt 0.11986665 0.75000000
vt 0.11986665 0.76626670
vt 0.13084991 0.75000000
vt 0.13084991 0.73351014
vt 0.11986665 0.73373336
vt 0.11986665 0.75000000
vt 0.13084991 0.73351014
vt 0.13084991 0.71866924
vt 0.11986665 0.71909332
vt 0.11986665 0.73373336
vt 0.13084991 0.71866924
vt 0.13084991 0.70877528
vt 0.11986665 0.70933330
vt 0.11986665 0.71909332
vt 0.13084991 0.70877528
vt 0.13084991 0.70877528
vt 0.11986665 0.70933330
vt 0.11986665 0.70933330
vt 0.18851200 0.74381864
vt 0.18851200 0.71291202
vt 0.18851200 0.70120001
vt 0.18851200 0.74381864
vt 0.18851200 0.73047996
vt 0.18851200 0.71291202
vt 0.18851200 0.74381864
vt 0.18851200 0.75000000
vt 0.18851200 0.73047996
vt 0.18851200 0.74381864
vt 0.18851200 0.76952004
vt 0.18851200 0.75000000
vt 0.18851200 0.74381864
vt 0.18851200 0.79879999
vt 0.18851200 0.76952004
vt 0.18851200 0.74381864
vt 0.18851200 0.79879999
vt 0.18851200 0.79879999
vt 0.18851200 0.74381864
vt 0.18851200 0.76952004
vt 0.18851200 0.79879999
vt 0.18851200 0.74381864
vt 0.18851200 0.75000000
vt 0.18851200 0.76952004
vt 0.18851200 0.74381864
vt 0.18851200 0.73047996
vt 0.18851200 0.75000000
vt 0.18851200 0.74381864
vt 0.18851200 0.71291202
vt 0.18851200 0.73047996
vt 0.18851200 0.74381864
vt 0.18851200 0.70120001
vt 0.18851200 0.71291202
vt 0.18851200 0.74381864
vt 0.18851200 0.70120001
vt 0.18851200 0.70120001
vt 0.11986664 0.74484885
vt 0.11986665 0.70933330
vt 0.11986665 0.71909332
vt 0.11986664 0.74484885
vt 0.11986665 0.71909332
vt 0.11986665 0.73373336
vt 0.11986664 0.74484885
vt 0.11986665 0.73373336
vt 0.11986665 0.75000000
vt 0.11986664 0.74484885
vt 0.11986665 0.75000000
vt 0.11986665 0.76626670
vt 0.11986664 0.74484885
vt 0.11986665 0.76626670
vt 0.11986665 0.79066670
vt 0.11986664 0.74484885
vt 0.11986665 0.79066670
vt 0.11986665 0.79066670
vt 0.11986664 0.74484885
vt 0.11986665 0.79066670
vt 0.11986665 0.76626670
vt 0.11986664 0.74484885
vt 0.11986665 0.76626670
vt 0.11986665 0.75000000
vt 0.11986664 0.74484885
vt 0.11986665 0.75000000
vt 0.11986665 0.73373336
vt 0.11986664 0.74484885
vt 0.11986665 0.73373336
vt 0.11986665 0.71909332
vt 0.11986664 0.74484885
vt 0.11986665 0.71909332
vt 0.11986665 0.70933330
vt 0.11986664 0.74484885
vt 0.11986665 0.70933330
vt 0.11986665 0.70933330
vt 0.31148800 0.70120001
vt 0.32247123 0.70175803
vt 0.32247123 0.71333611
vt 0.31148800 0.71291202
vt 0.31148800 0.71291202
vt 0.32247123 0.71333611
vt 0.32247123 0.73070323
vt 0.31148800 0.73047996
vt 0.31148800 0.73047996
vt 0.32247123 0.73070323
vt 0.32247123 0.75000000
vt 0.31148800 0.75000000
vt 0.31148800 0.75000000
vt 0.32247123 0.75000000
vt 0.32247123 0.76929682
vt 0.31148800 0.76952004
vt 0.31148800 0.76952004
vt 0.32247123 0.76929682
vt 0.32247123 0.79824197
vt 0.31148800 0.79879999
vt 0.31148800 0.79879999
vt 0.32247123 0.79824197
vt 0.32247123 0.79824197
vt 0.31148800 0.79879999
vt 0.31148800 0.79879999
vt 0.32247123 0.79824197
vt 0.32247123 0.76929682
vt 0.31148800 0.76952004
vt 0.31148800 0.76952004
vt 0.32247123 0.76929682
vt 0.32247123 0.75000000
vt 0.31148800 0.75000000
vt 0.31148800 0.75000000
vt 0.32247123 0.75000000
vt 0.32247123 0.73070323
vt 0.31148800 0.73047996
vt 0.31148800 0.73047996
vt 0.32247123 0.73070323
vt 0.32247123 0.71333611
vt 0.31148800 0.71291202
vt 0.31148800 0.71291202
vt 0.32247123 0.71333611
vt 0.32247123 0.70175803
vt 0.31148800 0.70120001
vt 0.31148800 0.70120001
vt 0.32247123 0.70175803
vt 0.32247123 0.70175803
vt 0.31148800 0.70120001
vt 0.32247123 0.70175803
vt 0.33345452 0.70316553
vt 0.33345452 0.71440578
vt 0.32247123 0.71333611
vt 0.32247123 0.71333611
vt 0.33345452 0.71440578
vt 0.33345452 0.73126620
vt 0.32247123 0.73070323
vt 0.32247123 0.73070323
vt 0.33345452 0.73126620
vt 0.33345452 0.75000000
vt 0.32247123 0.75000000
vt 0.32247123 0.75000000
vt 0.33345452 0.75000000
vt 0.33345452 0.76873380
vt 0.32247123 0.76929682
vt 0.32247123 0.76929682
vt 0.33345452 0.76873380
vt 0.33345452 0.79683447
vt 0.32247123 0.79824197
vt 0.32247123 0.79824197
vt 0.33345452 0.79683447
vt 0.33345452 0.79683447
vt 0.32247123 0.79824197
vt 0.32247123 0.79824197
vt 0.33345452 0.79683447
vt 0.33345452 0.76873380
vt 0.32247123 0.76929682
vt 0.32247123 0.76929682
vt 0.33345452 0.76873380
vt 0.33345452 0.75000000
vt 0.32247123 0.75000000
vt 0.32247123 0.75000000
vt 0.33345452 0.75000000
vt 0.33345452 0.73126620
vt 0.32247123 0.73070323
vt 0.32247123 0.73070323
vt 0.33345452 0.73126620
vt 0.33345452 0.71440578
vt 0.32247123 0.71333611
vt 0.32247123 0.71333611
vt 0.33345452 0.71440578
vt 0.33345452 0.70316553
vt 0.32247123 0.70175803
vt 0.32247123 0.70175803
vt 0.33345452 0.70316553
vt 0.33345452 0.70316553
vt 0.32247123 0.70175803
vt 0.33345452 0.70316553
vt 0.34581068 0.70526665
vt 0.34581068 0.71600270
vt 0.33345452 0.71440578
vt 0.33345452 0.71440578
vt 0.34581068 0.71600270
vt 0.34581068 0.73210669
vt 0.33345452 0.73126620
vt 0.33345452 0.73126620
vt 0.34581068 0.73210669
vt 0.34581068 0.75000000
vt 0.33345452 0.75000000
vt 0.33345452 0.75000000
vt 0.34581068 0.75000000
vt 0.34581068 0.76789331
vt 0.33345452 0.76873380
vt 0.33345452 0.76873380
vt 0.34581068 0.76789331
vt 0.34581068 0.79473335
vt 0.33345452 0.79683447
vt 0.33345452 0.79683447
vt 0.34581068 0.79473335
vt 0.34581068 0.79473335
vt 0.33345452 0.79683447
vt 0.33345452 0.79683447
vt 0.34581068 0.79473335
vt 0.34581068 0.76789331
vt 0.33345452 0.76873380
vt 0.33345452 0.76873380
vt 0.34581068 0.76789331
vt 0.34581068 0.75000000
vt 0.33345452 0.75000000
vt 0.33345452 0.75000000
vt 0.34581068 0.75000000
vt 0.34581068 0.73210669
vt 0.33345452 0.73126620
vt 0.33345452 0.73126620
vt 0.34581068 0.73210669
vt 0.34581068 0.71600270
vt 0.33345452 0.71440578
vt 0.33345452 0.71440578
vt 0.34581068 0.71600270
vt 0.34581068 0.70526665
vt 0.33345452 0.70316553
vt 0.33345452 0.70316553
vt 0.34581068 0.70526665
vt 0.34581068 0.70526665
vt 0.33345452 0.70316553
vt 0.34581068 0.70526665
vt 0.35816681 0.70736778
vt 0.35816681 0.71759951
vt 0.34581068 0.71600270
vt 0.34581068 0.71600270
vt 0.35816681 0.71759951
vt 0.35816681 0.73294711
vt 0.34581068 0.73210669
vt 0.34581068 0.73210669
vt 0.35816681 0.73294711
vt 0.35816681 0.75000000
vt 0.34581068 0.75000000
vt 0.34581068 0.75000000
vt 0.35816681 0.75000000
vt 0.35816681 0.76705289
vt 0.34581068 0.76789331
vt 0.34581068 0.76789331
vt 0.35816681 0.76705289
vt 0.35816681 0.79263222
vt 0.34581068 0.79473335
vt 0.34581068 0.79473335
vt 0.35816681 0.79263222
vt 0.35816681 0.79263222
vt 0.34581068 0.79473335
vt 0.34581068 0.79473335
vt 0.35816681 0.79263222
vt 0.35816681 0.76705289
vt 0.34581068 0.76789331
vt 0.34581068 0.76789331
vt 0.35816681 0.76705289
vt 0.35816681 0.75000000
vt 0.34581068 0.75000000
vt 0.34581068 0.75000000
vt 0.35816681 0.75000000
vt 0.35816681 0.73294711
vt 0.34581068 0.73210669
vt 0.34581068 0.73210669
vt 0.35816681 0.73294711
vt 0.35816681 0.71759951
vt 0.34581068 0.71600270
vt 0.34581068 0.71600270
vt 0.35816681 0.71759951
vt 0.35816681 0.70736778
vt 0.34581068 0.70526665
vt 0.34581068 0.70526665
vt 0.35816681 0.70736778
vt 0.35816681 0.70736778
vt 0.34581068 0.70526665
vt 0.35816681 0.70736778
vt 0.36915007 0.70877528
vt 0.36915007 0.71866924
vt 0.35816681 0.71759951
vt 0.35816681 0.71759951
vt 0.36915007 0.71866924
vt 0.36915007 0.73351014
vt 0.35816681 0.73294711
vt 0.35816681 0.73294711
vt 0.36915007 0.73351014
vt 0.36915007 0.75000000
vt 0.35816681 0.75000000
vt 0.35816681 0.75000000
vt 0.36915007 0.75000000
vt 0.36915007 0.76648986
vt 0.35816681 0.76705289
vt 0.35816681 0.76705289
vt 0.36915007 0.76648986
vt 0.36915007 0.79122472
vt 0.35816681 0.79263222
vt 0.35816681 0.79263222
vt 0.36915007 0.79122472
vt 0.36915007 0.79122472
vt 0.35816681 0.79263222
vt 0.35816681 0.79263222
vt 0.36915007 0.79122472
vt 0.36915007 0.76648986
vt 0.35816681 0.76705289
vt 0.35816681 0.76705289
vt 0.36915007 0.76648986
vt 0.36915007 0.75000000
vt 0.35816681 0.75000000
vt 0.35816681 0.75000000
vt 0.36915007 0.75000000
vt 0.36915007 0.73351014
vt 0.35816681 0.73294711
vt 0.35816681 0.73294711
vt 0.36915007 0.73351014
vt 0.36915007 0.71866924
vt 0.35816681 0.71759951
vt 0.35816681 0.71759951
vt 0.36915007 0.71866924
vt 0.36915007 0.70877528
vt 0.35816681 0.70736778
vt 0.35816681 0.70736778
vt 0.36915007 0.70877528
vt 0.36915007 0.70877528
vt 0.35816681 0.70736778
vt 0.36915007 0.70877528
vt 0.38013333 0.70933330
vt 0.38013333 0.71909332
vt 0.36915007 0.71866924
vt 0.36915007 0.71866924
vt 0.38013333 0.71909332
vt 0.38013333 0.73373336
vt 0.36915007 0.73351014
vt 0.36915007 0.73351014
vt 0.38013333 0.73373336
vt 0.38013333 0.75000000
vt 0.36915007 0.75000000
vt 0.36915007 0.75000000
vt 0.38013333 0.75000000
vt 0.38013333 0.76626670
vt 0.36915007 0.76648986
vt 0.36915007 0.76648986
vt 0.38013333 0.76626670
vt 0.38013333 0.79066670
vt 0.36915007 0.79122472
vt 0.36915007 0.79122472
vt 0.38013333 0.79066670
vt 0.38013333 0.79066670
vt 0.36915007 0.79122472
vt 0.36915007 0.79122472
vt 0.38013333 0.79066670
vt 0.38013333 0.76626670
vt 0.36915007 0.76648986
vt 0.36915007 0.76648986
vt 0.38013333 0.76626670
vt 0.38013333 0.75000000
vt 0.36915007 0.75000000
vt 0.36915007 0.75000000
vt 0.38013333 0.75000000
vt 0.38013333 0.73373336
vt 0.36915007 0.73351014
vt 0.36915007 0.73351014
vt 0.38013333 0.73373336
vt 0.38013333 0.71909332
vt 0.36915007 0.71866924
vt 0.36915007 0.71866924
vt 0.38013333 0.71909332
vt 0.38013333 0.70933330
vt 0.36915007 0.70877528
vt 0.36915007 0.70877528
vt 0.38013333 0.70933330
vt 0.38013333 0.70933330
vt 0.36915007 0.70877528
vt 0.31148800 0.74381864
vt 0.31148800 0.70120001
vt 0.31148800 0.71291202
vt 0.31148800 0.74381864
vt 0.31148800 0.71291202
vt 0.31148800 0.73047996
vt 0.31148800 0.74381864
vt 0.31148800 0.73047996
vt 0.31148800 0.75000000
vt 0.31148800 0.74381864
vt 0.31148800 0.75000000
vt 0.31148800 0.76952004
vt 0.31148800 0.74381864
vt 0.31148800 0.76952004
vt 0.31148800 0.79879999
vt 0.31148800 0.74381864
vt 0.31148800 0.79879999
vt 0.31148800 0.79879999
vt 0.31148800 0.74381864
vt 0.31148800 0.79879999
vt 0.31148800 0.76952004
vt 0.31148800 0.74381864
vt 0.31148800 0.76952004
vt 0.31148800 0.75000000
vt 0.31148800 0.74381864
vt 0.31148800 0.75000000
vt 0.31148800 0.73047996
vt 0.31148800 0.74381864
vt 0.31148800 0.73047996
vt 0.31148800 0.71291202
vt 0.31148800 0.74381864
vt 0.31148800 0.71291202
vt 0.31148800 0.70120001
vt 0.31148800 0.74381864
vt 0.31148800 0.70120001
vt 0.31148800 0.70120001
vt 0.38013336 0.74484885
vt 0.38013333 0.71909332
vt 0.38013333 0.70933330
vt 0.38013336 0.74484885
vt 0.38013333 0.73373336
vt 0.38013333 0.71909332
vt 0.38013336 0.74484885
vt 0.38013333 0.75000000
vt 0.38013333 0.73373336
vt 0.38013336 0.74484885
vt 0.38013333 0.76626670
vt 0.38013333 0.75000000
vt 0.38013336 0.74484885
vt 0.38013333 0.79066670
vt 0.38013333 0.76626670
vt 0.38013336 0.74484885
vt 0.38013333 0.79066670
vt 0.38013333 0.79066670
vt 0.38013336 0.74484885
vt 0.38013333 0.76626670
vt 0.38013333 0.79066670
vt 0.38013336 0.74484885
vt 0.38013333 0.75000000
vt 0.38013333 0.76626670
vt 0.38013336 0.74484885
vt 0.38013333 0.73373336
vt 0.38013333 0.75000000
vt 0.38013336 0.74484885
vt 0.38013333 0.71909332
vt 0.38013333 0.73373336
vt 0.38013336 0.74484885
vt 0.38013333 0.70933330
vt 0.38013333 0.71909332
vt 0.38013336 0.74484885
vt 0.38013333 0.70933330
vt 0.38013333 0.70933330
vt 0.18851200 0.70120001
vt 0.18851200 0.71291202
vt 0.17752875 0.71333611
vt 0.17752875 0.70175803
vt 0.18851200 0.71291202
vt 0.18851200 0.73047996
vt 0.17752875 0.73070323
vt 0.17752875 0.71333611
vt 0.18851200 0.73047996
vt 0.18851200 0.75000000
vt 0.17752875 0.75000000
vt 0.17752875 0.73070323
vt 0.18851200 0.75000000
vt 0.18851200 0.76952004
vt 0.17752875 0.76929682
vt 0.17752875 0.75000000
vt 0.18851200 0.76952004
vt 0.18851200 0.79879999
vt 0.17752875 0.79824197
vt 0.17752875 0.76929682
vt 0.18851200 0.79879999
vt 0.18851200 0.79879999
vt 0.17752875 0.79824197
vt 0.17752875 0.79824197
vt 0.18851200 0.79879999
vt 0.18851200 0.76952004
vt 0.17752875 0.76929682
vt 0.17752875 0.79824197
vt 0.18851200 0.76952004
vt 0.18851200 0.75000000
vt 0.17752875 0.75000000
vt 0.17752875 0.76929682
vt 0.18851200 0.75000000
vt 0.18851200 0.73047996
vt 0.17752875 0.73070323
vt 0.17752875 0.75000000
vt 0.18851200 0.73047996
vt 0.18851200 0.71291202
vt 0.17752875 0.71333611
vt 0.17752875 0.73070323
vt 0.18851200 0.71291202
vt 0.18851200 0.70120001
vt 0.17752875 0.70175803
vt 0.17752875 0.71333611
vt 0.18851200 0.70120001
vt 0.18851200 0.70120001
vt 0.17752875 0.70175803
vt 0.17752875 0.70175803
vt 0.17752875 0.70175803
vt 0.17752875 0.71333611
vt 0.16654547 0.71440578
vt 0.16654547 0.70316553
vt 0.17752875 0.71333611
vt 0.17752875 0.73070323
vt 0.16654547 0.73126620
vt 0.16654547 0.71440578
vt 0.17752875 0.73070323
vt 0.17752875 0.75000000
vt 0.16654547 0.75000000
vt 0.16654547 0.73126620
vt 0.17752875 0.75000000
vt 0.17752875 0.76929682
vt 0.16654547 0.76873380
vt 0.16654547 0.75000000
vt 0.17752875 0.76929682
vt 0.17752875 0.79824197
vt 0.16654547 0.79683447
vt 0.16654547 0.76873380
vt 0.17752875 0.79824197
vt 0.17752875 0.79824197
vt 0.16654547 0.79683447
vt 0.16654547 0.79683447
vt 0.17752875 0.79824197
vt 0.17752875 0.76929682
vt 0.16654547 0.76873380
vt 0.16654547 0.79683447
vt 0.17752875 0.76929682
vt 0.17752875 0.75000000
vt 0.16654547 0.75000000
vt 0.16654547 0.76873380
vt 0.17752875 0.75000000
vt 0.17752875 0.73070323
vt 0.16654547 0.73126620
vt 0.16654547 0.75000000
vt 0.17752875 0.73070323
vt 0.17752875 0.71333611
vt 0.16654547 0.71440578
vt 0.16654547 0.73126620
vt 0.17752875 0.71333611
vt 0.17752875 0.70175803
vt 0.16654547 0.70316553
vt 0.16654547 0.71440578
vt 0.17752875 0.70175803
vt 0.17752875 0.70175803
vt 0.16654547 0.70316553
vt 0.16654547 0.70316553
vt 0.16654547 0.70316553
vt 0.16654547 0.71440578
vt 0.15418932 0.71600270
vt 0.15418932 0.70526665
vt 0.16654547 0.71440578
vt 0.16654547 0.73126620
vt 0.15418932 0.73210669
vt 0.15418932 0.71600270
vt 0.16654547 0.73126620
vt 0.16654547 0.75000000
vt 0.15418932 0.75000000
vt 0.15418932 0.73210669
vt 0.16654547 0.75000000
vt 0.16654547 0.76873380
vt 0.15418932 0.76789331
vt 0.15418932 0.75000000
vt 0.16654547 0.76873380
vt 0.16654547 0.79683447
vt 0.15418932 0.79473335
vt 0.15418932 0.76789331
vt 0.16654547 0.79683447
vt 0.16654547 0.79683447
vt 0.15418932 0.79473335
vt 0.15418932 0.79473335
vt 0.16654547 0.79683447
vt 0.16654547 0.76873380
vt 0.15418932 0.76789331
vt 0.15418932 0.79473335
vt 0.16654547 0.76873380
vt 0.16654547 0.75000000
vt 0.15418932 0.75000000
vt 0.15418932 0.76789331
vt 0.16654547 0.75000000
vt 0.16654547 0.73126620
vt 0.15418932 0.73210669
vt 0.15418932 0.75000000
vt 0.16654547 0.73126620
vt 0.16654547 0.71440578
vt 0.15418932 0.71600270
vt 0.15418932 0.73210669
vt 0.16654547 0.71440578
vt 0.16654547 0.70316553
vt 0.15418932 0.70526665
vt 0.15418932 0.71600270
vt 0.16654547 0.70316553
vt 0.16654547 0.70316553
vt 0.15418932 0.70526665
vt 0.15418932 0.70526665
vt 0.15418932 0.70526665
vt 0.15418932 0.71600270
vt 0.14183316 0.71759951
vt 0.14183316 0.70736778
vt 0.15418932 0.71600270
vt 0.15418932 0.73210669
vt 0.14183316 0.73294711
vt 0.14183316 0.71759951
vt 0.15418932 0.73210669
vt 0.15418932 0.75000000
vt 0.14183316 0.75000000
vt 0.14183316 0.73294711
vt 0.15418932 0.75000000
vt 0.15418932 0.76789331
vt 0.14183316 0.76705289
vt 0.14183316 0.75000000
vt 0.15418932 0.76789331
vt 0.15418932 0.79473335
vt 0.14183316 0.79263222
vt 0.14183316 0.76705289
vt 0.15418932 0.79473335
vt 0.15418932 0.79473335
vt 0.14183316 0.79263222
vt 0.14183316 0.79263222
vt 0.15418932 0.79473335
vt 0.15418932 0.76789331
vt 0.14183316 0.76705289
vt 0.14183316 0.79263222
vt 0.15418932 0.76789331
vt 0.15418932 0.75000000
vt 0.14183316 0.75000000
vt 0.14183316 0.76705289
vt 0.15418932 0.75000000
vt 0.15418932 0.73210669
vt 0.14183316 0.73294711
vt 0.14183316 0.75000000
vt 0.15418932 0.73210669
vt 0.15418932 0.71600270
vt 0.14183316 0.71759951
vt 0.14183316 0.73294711
vt 0.15418932 0.71600270
vt 0.15418932 0.70526665
vt 0.14183316 0.70736778
vt 0.14183316 0.71759951
vt 0.15418932 0.70526665
vt 0.15418932 0.70526665
vt 0.14183316 0.70736778
vt 0.14183316 0.70736778
vt 0.14183316 0.70736778
vt 0.14183316 0.71759951
vt 0.13084991 0.71866924
vt 0.13084991 0.70877528
vt 0.14183316 0.71759951
vt 0.14183316 0.73294711
vt 0.13084991 0.73351014
vt 0.13084991 0.71866924
vt 0.14183316 0.73294711
vt 0.14183316 0.75000000
vt 0.13084991 0.75000000
vt 0.13084991 0.73351014
vt 0.14183316 0.75000000
vt 0.14183316 0.76705289
vt 0.13084991 0.76648986
vt 0.13084991 0.75000000
vt 0.14183316 0.76705289
vt 0.14183316 0.79263222
vt 0.13084991 0.79122472
vt 0.13084991 0.76648986
vt 0.14183316 0.79263222
vt 0.14183316 0.79263222
vt 0.13084991 0.79122472
vt 0.13084991 0.79122472
vt 0.14183316 0.79263222
vt 0.14183316 0.76705289
vt 0.13084991 0.76648986
vt 0.13084991 0.79122472
vt 0.14183316 0.76705289
vt 0.14183316 0.75000000
vt 0.13084991 0.75000000
vt 0.13084991 0.76648986
vt 0.14183316 0.75000000
vt 0.14183316 0.73294711
vt 0.13084991 0.73351014
vt 0.13084991 0.75000000
vt 0.14183316 0.73294711
vt 0.14183316 0.71759951
vt 0.13084991 0.71866924
vt 0.13084991 0.73351014
vt 0.14183316 0.71759951
vt 0.14183316 0.70736778
vt 0.13084991 0.70877528
vt 0.13084991 0.71866924
vt 0.14183316 0.70736778
vt 0.14183316 0.70736778
vt 0.13084991 0.70877528
vt 0.13084991 0.70877528
vt 0.13084991 0.70877528
vt 0.13084991 0.71866924
vt 0.11986665 0.71909332
vt 0.11986665 0.70933330
vt 0.13084991 0.71866924
vt 0.13084991 0.73351014
vt 0.11986665 0.73373336
vt 0.11986665 0.71909332
vt 0.13084991 0.73351014
vt 0.13084991 0.75000000
vt 0.11986665 0.75000000
vt 0.11986665 0.73373336
vt 0.13084991 0.75000000
vt 0.13084991 0.76648986
vt 0.11986665 0.76626670
vt 0.11986665 0.75000000
vt 0.13084991 0.76648986
vt 0.13084991 0.79122472
vt 0.11986665 0.79066670
vt 0.11986665 0.76626670
vt 0.13084991 0.79122472
vt 0.13084991 0.79122472
vt 0.11986665 0.79066670
vt 0.11986665 0.79066670
vt 0.13084991 0.79122472
vt 0.13084991 0.76648986
vt 0.11986665 0.76626670
vt 0.11986665 0.79066670
vt 0.13084991 0.76648986
vt 0.13084991 0.75000000
vt 0.11986665 0.75000000
vt 0.11986665 0.76626670
vt 0.13084991 0.75000000
vt 0.13084991 0.73351014
vt 0.11986665 0.73373336
vt 0.11986665 0.75000000
vt 0.13084991 0.73351014
vt 0.13084991 0.71866924
vt 0.11986665 0.71909332
vt 0.11986665 0.73373336
vt 0.13084991 0.71866924
vt 0.13084991 0.70877528
vt 0.11986665 0.70933330
vt 0.11986665 0.71909332
vt 0.13084991 0.70877528
vt 0.13084991 0.70877528
vt 0.11986665 0.70933330
vt 0.11986665 0.70933330
vt 0.18851200 0.74381864
vt 0.18851200 0.71291202
vt 0.18851200 0.70120001
vt 0.18851200 0.74381864
vt 0.18851200 0.73047996
vt 0.18851200 0.71291202
vt 0.18851200 0.74381864
vt 0.18851200 0.75000000
vt 0.18851200 0.73047996
vt 0.18851200 0.74381864
vt 0.18851200 0.76952004
vt 0.18851200 0.75000000
vt 0.18851200 0.74381864
vt 0.18851200 0.79879999
vt 0.18851200 0.76952004
vt 0.18851200 0.74381864
vt 0.18851200 0.79879999
vt 0.18851200 0.79879999
vt 0.18851200 0.74381864
vt 0.18851200 0.76952004
vt 0.18851200 0.79879999
vt 0.18851200 0.74381864
vt 0.18851200 0.75000000
vt 0.18851200 0.76952004
vt 0.18851200 0.74381864
vt 0.18851200 0.73047996
vt 0.18851200 0.75000000
vt 0.18851200 0.74381864
vt 0.18851200 0.71291202
vt 0.18851200 0.73047996
vt 0.18851200 0.74381864
vt 0.18851200 0.70120001
vt 0.18851200 0.71291202
vt 0.18851200 0.74381864
vt 0.18851200 0.70120001
vt 0.18851200 0.70120001
vt 0.11986664 0.74484885
vt 0.11986665 0.70933330
vt 0.11986665 0.71909332
vt 0.11986664 0.74484885
vt 0.11986665 0.71909332
vt 0.11986665 0.73373336
vt 0.11986664 0.74484885
vt 0.11986665 0.73373336
vt 0.11986665 0.75000000
vt 0.11986664 0.74484885
vt 0.11986665 0.75000000
vt 0.11986665 0.76626670
vt 0.11986664 0.74484885
vt 0.11986665 0.76626670
vt 0.11986665 0.79066670
vt 0.11986664 0.74484885
vt 0.11986665 0.79066670
vt 0.11986665 0.79066670
vt 0.11986664 0.74484885
vt 0.11986665 0.79066670
vt 0.11986665 0.76626670
vt 0.11986664 0.74484885
vt 0.11986665 0.76626670
vt 0.11986665 0.75000000
vt 0.11986664 0.74484885
vt 0.11986665 0.75000000
vt 0.11986665 0.73373336
vt 0.11986664 0.74484885
vt 0.11986665 0.73373336
vt 0.11986665 0.71909332
vt 0.11986664 0.74484885
vt 0.11986665 0.71909332
vt 0.11986665 0.70933330
vt 0.11986664 0.74484885
vt 0.11986665 0.70933330
vt 0.11986665 0.70933330
vt 0.18998587 0.83474755
vt 0.18861157 0.83474755
vt 0.19319665 0.82748210
vt 0.19528025 0.82748210
vt 0.18861157 0.83474755
vt 0.18485692 0.83474755
vt 0.18750413 0.82748210
vt 0.19319665 0.82748210
vt 0.18485692 0.83474755
vt 0.17972799 0.83474755
vt 0.17972799 0.82748210
vt 0.18750413 0.82748210
vt 0.17972799 0.83474755
vt 0.17459904 0.83474755
vt 0.17195186 0.82748210
vt 0.17972799 0.82748210
vt 0.17459904 0.83474755
vt 0.17084441 0.83474755
vt 0.16625935 0.82748210
vt 0.17195186 0.82748210
vt 0.17084441 0.83474755
vt 0.16947012 0.83474755
vt 0.16417572 0.82748210
vt 0.16625935 0.82748210
vt 0.16947012 0.83474755
vt 0.17084441 0.83474755
vt 0.16625935 0.82748210
vt 0.16417572 0.82748210
vt 0.17084441 0.83474755
vt 0.17459905 0.83474755
vt 0.17195186 0.82748210
vt 0.16625935 0.82748210
vt 0.17459905 0.83474755
vt 0.17972799 0.83474755
vt 0.17972799 0.82748210
vt 0.17195186 0.82748210
vt 0.17972799 0.83474755
vt 0.18485694 0.83474755
vt 0.18750413 0.82748210
vt 0.17972799 0.82748210
vt 0.18485694 0.83474755
vt 0.18861157 0.83474755
vt 0.19319665 0.82748210
vt 0.18750413 0.82748210
vt 0.18861157 0.83474755
vt 0.18998587 0.83474755
vt 0.19528025 0.82748210
vt 0.19319665 0.82748210
vt 0.19528025 0.82748210
vt 0.19319665 0.82748210
vt 0.19405635 0.80749112
vt 0.19627295 0.80749112
vt 0.19319665 0.82748210
vt 0.18750413 0.82748210
vt 0.18800047 0.80749112
vt 0.19405635 0.80749112
vt 0.18750413 0.82748210
vt 0.17972799 0.82748210
vt 0.17972799 0.80749112
vt 0.18800047 0.80749112
vt 0.17972799 0.82748210
vt 0.17195186 0.82748210
vt 0.17145552 0.80749112
vt 0.17972799 0.80749112
vt 0.17195186 0.82748210
vt 0.16625935 0.82748210
vt 0.16539964 0.80749112
vt 0.17145552 0.80749112
vt 0.16625935 0.82748210
vt 0.16417572 0.82748210
vt 0.16318303 0.80749112
vt 0.16539964 0.80749112
vt 0.16417572 0.82748210
vt 0.16625935 0.82748210
vt 0.16539964 0.80749112
vt 0.16318303 0.80749112
vt 0.16625935 0.82748210
vt 0.17195186 0.82748210
vt 0.17145552 0.80749112
vt 0.16539964 0.80749112
vt 0.17195186 0.82748210
vt 0.17972799 0.82748210
vt 0.17972799 0.80749112
vt 0.17145552 0.80749112
vt 0.17972799 0.82748210
vt 0.18750413 0.82748210
vt 0.18800047 0.80749112
vt 0.17972799 0.80749112
vt 0.18750413 0.82748210
vt 0.19319665 0.82748210
vt 0.19405635 0.80749112
vt 0.18800047 0.80749112
vt 0.19319665 0.82748210
vt 0.19528025 0.82748210
vt 0.19627295 0.80749112
vt 0.19405635 0.80749112
vt 0.19627295 0.80749112
vt 0.19405635 0.80749112
vt 0.19233695 0.79065657
vt 0.19428757 0.79065657
vt 0.19405635 0.80749112
vt 0.18800047 0.80749112
vt 0.18700778 0.79065657
vt 0.19233695 0.79065657
vt 0.18800047 0.80749112
vt 0.17972799 0.80749112
vt 0.17972799 0.79065657
vt 0.18700778 0.79065657
vt 0.17972799 0.80749112
vt 0.17145552 0.80749112
vt 0.17244820 0.79065657
vt 0.17972799 0.79065657
vt 0.17145552 0.80749112
vt 0.16539964 0.80749112
vt 0.16711904 0.79065657
vt 0.17244820 0.79065657
vt 0.16539964 0.80749112
vt 0.16318303 0.80749112
vt 0.16516843 0.79065657
vt 0.16711904 0.79065657
vt 0.16318303 0.80749112
vt 0.16539964 0.80749112
vt 0.16711904 0.79065657
vt 0.16516843 0.79065657
vt 0.16539964 0.80749112
vt 0.17145552 0.80749112
vt 0.17244820 0.79065657
vt 0.16711904 0.79065657
vt 0.17145552 0.80749112
vt 0.17972799 0.80749112
vt 0.17972799 0.79065657
vt 0.17244820 0.79065657
vt 0.17972799 0.80749112
vt 0.18800047 0.80749112
vt 0.18700778 0.79065657
vt 0.17972799 0.79065657
vt 0.18800047 0.80749112
vt 0.19405635 0.80749112
vt 0.19233695 0.79065657
vt 0.18700778 0.79065657
vt 0.19405635 0.80749112
vt 0.19627295 0.80749112
vt 0.19428757 0.79065657
vt 0.19233695 0.79065657
vt 0.19428757 0.79065657
vt 0.19233695 0.79065657
vt 0.18717873 0.78644800
vt 0.18833137 0.78644800
vt 0.19233695 0.79065657
vt 0.18700778 0.79065657
vt 0.18402968 0.78644800
vt 0.18717873 0.78644800
vt 0.18700778 0.79065657
vt 0.17972799 0.79065657
vt 0.17972799 0.78644800
vt 0.18402968 0.78644800
vt 0.17972799 0.79065657
vt 0.17244820 0.79065657
vt 0.17542630 0.78644800
vt 0.17972799 0.78644800
vt 0.17244820 0.79065657
vt 0.16711904 0.79065657
vt 0.17227726 0.78644800
vt 0.17542630 0.78644800
vt 0.16711904 0.79065657
vt 0.16516843 0.79065657
vt 0.17112462 0.78644800
vt 0.17227726 0.78644800
vt 0.16516843 0.79065657
vt 0.16711904 0.79065657
vt 0.17227726 0.78644800
vt 0.17112462 0.78644800
vt 0.16711904 0.79065657
vt 0.17244820 0.79065657
vt 0.17542630 0.78644800
vt 0.17227726 0.78644800
vt 0.17244820 0.79065657
vt 0.17972799 0.79065657
vt 0.17972799 0.78644800
vt 0.17542630 0.78644800
vt 0.17972799 0.79065657
vt 0.18700778 0.79065657
vt 0.18402968 0.78644800
vt 0.17972799 0.78644800
vt 0.18700778 0.79065657
vt 0.19233695 0.79065657
vt 0.18717873 0.78644800
vt 0.18402968 0.78644800
vt 0.19233695 0.79065657
vt 0.19428757 0.79065657
vt 0.18833137 0.78644800
vt 0.18717873 0.78644800
vt 0.17972799 0.83474755
vt 0.18861157 0.83474755
vt 0.18998587 0.83474755
vt 0.17972799 0.83474755
vt 0.18485692 0.83474755
vt 0.18861157 0.83474755
vt 0.17972799 0.83474755
vt 0.17972799 0.83474755
vt 0.18485692 0.83474755
vt 0.17972799 0.83474755
vt 0.17459904 0.83474755
vt 0.17972799 0.83474755
vt 0.17972799 0.83474755
vt 0.17084441 0.83474755
vt 0.17459904 0.83474755
vt 0.17972799 0.83474755
vt 0.16947012 0.83474755
vt 0.17084441 0.83474755
vt 0.17972799 0.83474755
vt 0.17084441 0.83474755
vt 0.16947012 0.83474755
vt 0.17972799 0.83474755
vt 0.17459905 0.83474755
vt 0.17084441 0.83474755
vt 0.17972799 0.83474755
vt 0.17972799 0.83474755
vt 0.17459905 0.83474755
vt 0.17972799 0.83474755
vt 0.18485694 0.83474755
vt 0.17972799 0.83474755
vt 0.17972799 0.83474755
vt 0.18861157 0.83474755
vt 0.18485694 0.83474755
vt 0.17972799 0.83474755
vt 0.18998587 0.83474755
vt 0.18861157 0.83474755
vt 0.17972799 0.78644800
vt 0.18833137 0.78644800
vt 0.18717873 0.78644800
vt 0.17972799 0.78644800
vt 0.18717873 0.78644800
vt 0.18402968 0.78644800
vt 0.17972799 0.78644800
vt 0.18402968 0.78644800
vt 0.17972799 0.78644800
vt 0.17972799 0.78644800
vt 0.17972799 0.78644800
vt 0.17542630 0.78644800
vt 0.17972799 0.78644800
vt 0.17542630 0.78644800
vt 0.17227726 0.78644800
vt 0.17972799 0.78644800
vt 0.17227726 0.78644800
vt 0.17112462 0.78644800
vt 0.17972799 0.78644800
vt 0.17112462 0.78644800
vt 0.17227726 0.78644800
vt 0.17972799 0.78644800
vt 0.17227726 0.78644800
vt 0.17542630 0.78644800
vt 0.17972799 0.78644800
vt 0.17542630 0.78644800
vt 0.17972799 0.78644800
vt 0.17972799 0.78644800
vt 0.17972799 0.78644800
vt 0.18402968 0.78644800
vt 0.17972799 0.78644800
vt 0.18402968 0.78644800
vt 0.18717873 0.78644800
vt 0.17972799 0.78644800
vt 0.18717873 0.78644800
vt 0.18833137 0.78644800
vt 0.50599998 0.49400002
vt 0.99400002 0.49400002
vt 0.99400002 0.00599998
vt 0.50599998 0.00599998
vt 0.50599998 0.49400002
vt 0.99400002 0.49400002
vt 0.99400002 0.00599998
vt 0.50599998 0.49400002
vt 0.99400002 0.49400002
vt 0.99400002 0.00599998
vt 0.50599998 0.49400002
vt 0.99400002 0.49400002
vt 0.99400002 0.00599998
vt 0.50599998 0.00599998
vt 0.50599998 0.49400002
vt 0.99400002 0.49400002
vt 0.99400002 0.00599998
vt 0.50599998 0.49400002
vt 0.99400002 0.49400002
vt 0.99400002 0.00599998
vt 0.50599998 0.49400002
vt 0.99400002 0.49400002
vt 0.99400002 0.00599998
vt 0.50599998 0.00599998
vt 0.50599998 0.49400002
vt 0.99400002 0.49400002
vt 0.99400002 0.00599998
vt 0.50599998 0.49400002
vt 0.99400002 0.49400002
vt 0.99400002 0.00599998
vt 0.50599998 0.49400002
vt 0.99400002 0.49400002
vt 0.99400002 0.00599998
vt 0.50599998 0.00599998
vt 0.50599998 0.49400002
vt 0.99400002 0.49400002
vt 0.99400002 0.00599998
vt 0.50599998 0.49400002
vt 0.99400002 0.49400002
vt 0.99400002 0.00599998
vt 0.50599998 0.49400002
vt 0.99400002 0.49400002
vt 0.99400002 0.00599998
vt 0.50599998 0.00599998
vt 0.50599998 0.49400002
vt 0.99400002 0.49400002
vt 0.99400002 0.00599998
vt 0.50599998 0.49400002
vt 0.99400002 0.49400002
vt 0.99400002 0.00599998
vt 0.50599998 0.49400002
vt 0.99400002 0.49400002
vt 0.99400002 0.00599998
vt 0.50599998 0.00599998
vt 0.50599998 0.49400002
vt 0.99400002 0.49400002
vt 0.99400002 0.00599998
vt 0.50599998 0.49400002
vt 0.99400002 0.49400002
vt 0.99400002 0.00599998
vt 0.50599998 0.49400002
vt 0.99400002 0.49400002
vt 0.99400002 0.00599998
vt 0.50599998 0.00599998
vt 0.50599998 0.49400002
vt 0.99400002 0.49400002
vt 0.99400002 0.00599998
vt 0.50599998 0.49400002
vt 0.99400002 0.49400002
vt 0.99400002 0.00599998
vt 0.50599998 0.49400002
vt 0.99400002 0.49400002
vt 0.99400002 0.00599998
vt 0.50599998 0.00599998
vt 0.50599998 0.49400002
vt 0.99400002 0.49400002
vt 0.99400002 0.00599998
vt 0.50599998 0.49400002
vt 0.99400002 0.49400002
vt 0.99400002 0.00599998
vt 0.50599998 0.49400002
vt 0.99400002 0.49400002
vt 0.99400002 0.00599998
vt 0.50599998 0.00599998
vt 0.50599998 0.49400002
vt 0.99400002 0.49400002
vt 0.99400002 0.00599998
vt 0.50599998 0.49400002
vt 0.99400002 0.49400002
vt 0.99400002 0.00599998
vt 0.50599998 0.49400002
vt 0.99400002 0.49400002
vt 0.99400002 0.00599998
vt 0.50599998 0.00599998
vt 0.50599998 0.49400002
vt 0.99400002 0.49400002
vt 0.99400002 0.00599998
vt 0.50599998 0.49400002
vt 0.99400002 0.49400002
vt 0.99400002 0.00599998
vt 0.50599998 0.49400002
vt 0.99400002 0.49400002
vt 0.99400002 0.00599998
vt 0.50599998 0.00599998
vt 0.50599998 0.49400002
vt 0.99400002 0.49400002
vt 0.99400002 0.00599998
vt 0.50599998 0.49400002
vt 0.99400002 0.49400002
vt 0.99400002 0.00599998
vt 0.50599998 0.49400002
vt 0.99400002 0.49400002
vt 0.99400002 0.00599998
vt 0.50599998 0.00599998
vt 0.50599998 0.49400002
vt 0.99400002 0.49400002
vt 0.99400002 0.00599998
vt 0.50599998 0.49400002
vt 0.99400002 0.49400002
vt 0.99400002 0.00599998
vt 0.50599998 0.49400002
vt 0.99400002 0.49400002
vt 0.99400002 0.00599998
vt 0.50599998 0.00599998
vt 0.50599998 0.49400002
vt 0.99400002 0.49400002
vt 0.99400002 0.00599998
vt 0.50599998 0.49400002
vt 0.99400002 0.49400002
vt 0.99400002 0.00599998
vt 0.50599998 0.49400002
vt 0.99400002 0.49400002
vt 0.99400002 0.00599998
vt 0.50599998 0.00599998
vt 0.50599998 0.49400002
vt 0.99400002 0.49400002
vt 0.99400002 0.00599998
vt 0.50599998 0.49400002
vt 0.99400002 0.49400002
vt 0.99400002 0.00599998
vt 0.50599998 0.49400002
vt 0.99400002 0.49400002
vt 0.99400002 0.00599998
vt 0.50599998 0.00599998
vt 0.50599998 0.49400002
vt 0.99400002 0.49400002
vt 0.99400002 0.00599998
vt 0.50599998 0.49400002
vt 0.99400002 0.49400002
vt 0.99400002 0.00599998
vt 0.50599998 0.49400002
vt 0.99400002 0.49400002
vt 0.99400002 0.00599998
vt 0.50599998 0.00599998
vt 0.50599998 0.49400002
vt 0.99400002 0.49400002
vt 0.99400002 0.00599998
vt 0.50599998 0.49400002
vt 0.99400002 0.49400002
vt 0.99400002 0.00599998
vt 0.50599998 0.49400002
vt 0.99400002 0.49400002
vt 0.99400002 0.00599998
vt 0.50599998 0.00599998
vt 0.50599998 0.49400002
vt 0.99400002 0.49400002
vt 0.99400002 0.00599998
vt 0.50599998 0.49400002
vt 0.99400002 0.49400002
vt 0.99400002 0.00599998
vt 0.50599998 0.49400002
vt 0.99400002 0.49400002
vt 0.99400002 0.00599998
vt 0.50599998 0.00599998
vt 0.50599998 0.49400002
vt 0.99400002 0.49400002
vt 0.99400002 0.00599998
vt 0.50599998 0.49400002
vt 0.99400002 0.49400002
vt 0.99400002 0.00599998
vt 0.50599998 0.49400002
vt 0.99400002 0.49400002
vt 0.99400002 0.00599998
vt 0.50599998 0.00599998
vt 0.50599998 0.49400002
vt 0.99400002 0.49400002
vt 0.99400002 0.00599998
vt 0.50599998 0.49400002
vt 0.99400002 0.49400002
vt 0.99400002 0.00599998
vt 0.50599998 0.49400002
vt 0.99400002 0.49400002
vt 0.99400002 0.00599998
vt 0.50599998 0.00599998
vt 0.50599998 0.49400002
vt 0.99400002 0.49400002
vt 0.99400002 0.00599998
vt 0.50599998 0.49400002
vt 0.99400002 0.49400002
vt 0.99400002 0.00599998
vt 0.50599998 0.49400002
vt 0.99400002 0.49400002
vt 0.99400002 0.00599998
vt 0.50599998 0.00599998
vt 0.50599998 0.49400002
vt 0.99400002 0.49400002
vt 0.99400002 0.00599998
vt 0.50599998 0.49400002
vt 0.99400002 0.49400002
vt 0.99400002 0.00599998
vt 0.50599998 0.49400002
vt 0.99400002 0.49400002
vt 0.99400002 0.00599998
vt 0.50599998 0.00599998
vt 0.50599998 0.49400002
vt 0.99400002 0.49400002
vt 0.99400002 0.00599998
vt 0.50599998 0.49400002
vt 0.99400002 0.49400002
vt 0.99400002 0.00599998
vt 0.50599998 0.49400002
vt 0.99400002 0.49400002
vt 0.99400002 0.00599998
vt 0.50599998 0.00599998
vt 0.50599998 0.49400002
vt 0.99400002 0.49400002
vt 0.99400002 0.00599998
vt 0.50599998 0.49400002
vt 0.99400002 0.49400002
vt 0.99400002 0.00599998
vt 0.50599998 0.49400002
vt 0.99400002 0.49400002
vt 0.99400002 0.00599998
vt 0.50599998 0.00599998
vt 0.50599998 0.49400002
vt 0.99400002 0.49400002
vt 0.99400002 0.00599998
vt 0.50599998 0.49400002
vt 0.99400002 0.49400002
vt 0.99400002 0.00599998
vt 0.50599998 0.99400002
vt 0.99400002 0.99400002
vt 0.99400002 0.50600004
vt 0.50599998 0.50600004
vt 0.50599998 0.99400002
vt 0.99400002 0.99400002
vt 0.99400002 0.50600004
vt 0.50599998 0.50600004
vt 0.50599998 0.99400002
vt 0.99400002 0.99400002
vt 0.99400002 0.50600004
vt 0.50599998 0.50600004
vt 0.50599998 0.99400002
vt 0.99400002 0.99400002
vt 0.99400002 0.50600004
vt 0.50599998 0.50600004
vt 0.50599998 0.99400002
vt 0.99400002 0.99400002
vt 0.99400002 0.50600004
vt 0.50599998 0.50600004
vt 0.50599998 0.99400002
vt 0.99400002 0.99400002
vt 0.99400002 0.50600004
vt 0.50599998 0.50600004
vt 0.50599998 0.99400002
vt 0.99400002 0.99400002
vt 0.99400002 0.50600004
vt 0.50599998 0.50600004
vt 0.50599998 0.99400002
vt 0.99400002 0.99400002
vt 0.99400002 0.50600004
vt 0.50599998 0.50600004
vt 0.50599998 0.99400002
vt 0.99400002 0.99400002
vt 0.99400002 0.50600004
vt 0.50599998 0.50600004
vt 0.50599998 0.99400002
vt 0.99400002 0.99400002
vt 0.99400002 0.50600004
vt 0.50599998 0.50600004
vt 0.50599998 0.99400002
vt 0.99400002 0.99400002
vt 0.99400002 0.50600004
vt 0.50599998 0.50600004
vt 0.50599998 0.99400002
vt 0.99400002 0.99400002
vt 0.99400002 0.50600004
vt 0.50599998 0.50600004
vt 0.50599998 0.99400002
vt 0.99400002 0.99400002
vt 0.99400002 0.50600004
vt 0.50599998 0.50600004
vt 0.50599998 0.99400002
vt 0.99400002 0.99400002
vt 0.99400002 0.50600004
vt 0.50599998 0.50600004
vt 0.50599998 0.99400002
vt 0.99400002 0.99400002
vt 0.99400002 0.50600004
vt 0.50599998 0.50600004
vt 0.50599998 0.99400002
vt 0.99400002 0.99400002
vt 0.99400002 0.50600004
vt 0.50599998 0.50600004
vt 0.50599998 0.99400002
vt 0.99400002 0.99400002
vt 0.99400002 0.50600004
vt 0.50599998 0.50600004
vt 0.50599998 0.99400002
vt 0.99400002 0.99400002
vt 0.99400002 0.50600004
vt 0.50599998 0.50600004
vt 0.50599998 0.99400002
vt 0.99400002 0.99400002
vt 0.99400002 0.50600004
vt 0.50599998 0.50600004
vt 0.50599998 0.99400002
vt 0.99400002 0.99400002
vt 0.99400002 0.50600004
vt 0.50599998 0.50600004
vt 0.50599998 0.99400002
vt 0.99400002 0.99400002
vt 0.99400002 0.50600004
vt 0.50599998 0.50600004
vt 0.50599998 0.99400002
vt 0.99400002 0.99400002
vt 0.99400002 0.50600004
vt 0.50599998 0.50600004
vt 0.50599998 0.99400002
vt 0.99400002 0.99400002
vt 0.99400002 0.50600004
vt 0.50599998 0.50600004
vt 0.50599998 0.99400002
vt 0.99400002 0.99400002
vt 0.99400002 0.50600004
vt 0.50599998 0.50600004
vt 0.50599998 0.99400002
vt 0.99400002 0.99400002
vt 0.99400002 0.50600004
vt 0.50599998 0.50600004
vt 0.50599998 0.99400002
vt 0.99400002 0.99400002
vt 0.99400002 0.50600004
vt 0.50599998 0.50600004
vt 0.50599998 0.99400002
vt 0.99400002 0.99400002
vt 0.99400002 0.50600004
vt 0.50599998 0.50600004
vt 0.50599998 0.99400002
vt 0.99400002 0.99400002
vt 0.99400002 0.50600004
vt 0.50599998 0.50600004
vt 0.50599998 0.99400002
vt 0.99400002 0.99400002
vt 0.99400002 0.50600004
vt 0.50599998 0.50600004
vt 0.50599998 0.99400002
vt 0.99400002 0.99400002
vt 0.99400002 0.50600004
vt 0.50599998 0.50600004
vt 0.50599998 0.99400002
vt 0.99400002 0.99400002
vt 0.99400002 0.50600004
vt 0.50599998 0.50600004
vt 0.50599998 0.99400002
vt 0.99400002 0.99400002
vt 0.99400002 0.50600004
vt 0.50599998 0.50600004
vt 0.50599998 0.99400002
vt 0.99400002 0.99400002
vt 0.99400002 0.50600004
vt 0.50599998 0.50600004
vt 0.50599998 0.99400002
vt 0.99400002 0.99400002
vt 0.99400002 0.50600004
vt 0.50599998 0.50600004
vt 0.50599998 0.99400002
vt 0.99400002 0.99400002
vt 0.99400002 0.50600004
vt 0.50599998 0.50600004
vt 0.50599998 0.99400002
vt 0.99400002 0.99400002
vt 0.99400002 0.50600004
vt 0.50599998 0.50600004
vt 0.50599998 0.99400002
vt 0.99400002 0.99400002
vt 0.99400002 0.50600004
vt 0.50599998 0.50600004
vt 0.50599998 0.99400002
vt 0.99400002 0.99400002
vt 0.99400002 0.50600004
vt 0.50599998 0.50600004
vt 0.50599998 0.99400002
vt 0.99400002 0.99400002
vt 0.99400002 0.50600004
vt 0.50599998 0.50600004
vt 0.50599998 0.99400002
vt 0.99400002 0.99400002
vt 0.99400002 0.50600004
vt 0.50599998 0.50600004
vt 0.50599998 0.99400002
vt 0.99400002 0.99400002
vt 0.99400002 0.50600004
vt 0.50599998 0.50600004
vt 0.50599998 0.99400002
vt 0.99400002 0.99400002
vt 0.99400002 0.50600004
vt 0.50599998 0.50600004
vt 0.50599998 0.99400002
vt 0.99400002 0.99400002
vt 0.99400002 0.50600004
vt 0.50599998 0.50600004
vt 0.50599998 0.99400002
vt 0.99400002 0.99400002
vt 0.99400002 0.50600004
vt 0.50599998 0.50600004
vt 0.50599998 0.99400002
vt 0.99400002 0.99400002
vt 0.99400002 0.50600004
vt 0.50599998 0.50600004
vt 0.50599998 0.99400002
vt 0.99400002 0.99400002
vt 0.99400002 0.50600004
vt 0.50599998 0.50600004
vt 0.50599998 0.99400002
vt 0.99400002 0.99400002
vt 0.99400002 0.50600004
vt 0.50599998 0.50600004
vt 0.50599998 0.99400002
vt 0.99400002 0.99400002
vt 0.99400002 0.50600004
vt 0.50599998 0.50600004
vt 0.50599998 0.99400002
vt 0.99400002 0.99400002
vt 0.99400002 0.50600004
vt 0.50599998 0.50600004
vt 0.50599998 0.99400002
vt 0.99400002 0.99400002
vt 0.99400002 0.50600004
vt 0.50599998 0.50600004
vt 0.50599998 0.99400002
vt 0.99400002 0.99400002
vt 0.99400002 0.50600004
vt 0.50599998 0.50600004
vt 0.50599998 0.99400002
vt 0.99400002 0.99400002
vt 0.99400002 0.50600004
vt 0.50599998 0.50600004
vt 0.50599998 0.99400002
vt 0.99400002 0.99400002
vt 0.99400002 0.50600004
vt 0.50599998 0.50600004
vt 0.50599998 0.99400002
vt 0.99400002 0.99400002
vt 0.99400002 0.50600004
vt 0.50599998 0.50600004
vt 0.50599998 0.99400002
vt 0.99400002 0.99400002
vt 0.99400002 0.50600004
vt 0.50599998 0.50600004
vt 0.50599998 0.99400002
vt 0.99400002 0.99400002
vt 0.99400002 0.50600004
vt 0.50599998 0.50600004
vt 0.50599998 0.99400002
vt 0.99400002 0.99400002
vt 0.99400002 0.50600004
vt 0.50599998 0.50600004
vt 0.50599998 0.99400002
vt 0.99400002 0.99400002
vt 0.99400002 0.50600004
vt 0.50599998 0.50600004
vt 0.50599998 0.99400002
vt 0.99400002 0.99400002
vt 0.99400002 0.50600004
vt 0.50599998 0.50600004
vt 0.50599998 0.99400002
vt 0.99400002 0.99400002
vt 0.99400002 0.50600004
vt 0.50599998 0.50600004
vt 0.50599998 0.99400002
vt 0.99400002 0.99400002
vt 0.99400002 0.50600004
vt 0.50599998 0.50600004
vt 0.50599998 0.99400002
vt 0.99400002 0.99400002
vt 0.99400002 0.50600004
vt 0.50599998 0.50600004
vt 0.50599998 0.99400002
vt 0.99400002 0.99400002
vt 0.99400002 0.50600004
vt 0.50599998 0.50600004
vt 0.50599998 0.99400002
vt 0.99400002 0.99400002
vt 0.99400002 0.50600004
vt 0.50599998 0.50600004
vt 0.50599998 0.99400002
vt 0.99400002 0.99400002
vt 0.99400002 0.50600004
vt 0.50599998 0.50600004
vt 0.50599998 0.99400002
vt 0.99400002 0.99400002
vt 0.99400002 0.50600004
vt 0.50599998 0.50600004
vt 0.50599998 0.99400002
vt 0.99400002 0.99400002
vt 0.99400002 0.50600004
vt 0.50599998 0.50600004
vt 0.50599998 0.99400002
vt 0.99400002 0.99400002
vt 0.99400002 0.50600004
vt 0.50599998 0.50600004
vt 0.50599998 0.99400002
vt 0.99400002 0.99400002
vt 0.99400002 0.50600004
vt 0.50599998 0.50600004
vt 0.50599998 0.99400002
vt 0.99400002 0.99400002
vt 0.99400002 0.50600004
vt 0.50599998 0.50600004
vt 0.50599998 0.49400002
vt 0.99400002 0.49400002
vt 0.99400002 0.00599998
vt 0.50599998 0.00599998
vt 0.50599998 0.49400002
vt 0.99400002 0.49400002
vt 0.99400002 0.00599998
vt 0.50599998 0.49400002
vt 0.99400002 0.49400002
vt 0.99400002 0.00599998
vt 0.50599998 0.49400002
vt 0.99400002 0.49400002
vt 0.99400002 0.00599998
vt 0.50599998 0.00599998
vt 0.50599998 0.49400002
vt 0.99400002 0.49400002
vt 0.99400002 0.00599998
vt 0.50599998 0.49400002
vt 0.99400002 0.49400002
vt 0.99400002 0.00599998
vt 0.50599998 0.49400002
vt 0.99400002 0.49400002
vt 0.99400002 0.00599998
vt 0.50599998 0.00599998
vt 0.50599998 0.49400002
vt 0.99400002 0.49400002
vt 0.99400002 0.00599998
vt 0.50599998 0.49400002
vt 0.99400002 0.49400002
vt 0.99400002 0.00599998
vt 0.50599998 0.49400002
vt 0.99400002 0.49400002
vt 0.99400002 0.00599998
vt 0.50599998 0.00599998
vt 0.50599998 0.49400002
vt 0.99400002 0.49400002
vt 0.99400002 0.00599998
vt 0.50599998 0.49400002
vt 0.99400002 0.49400002
vt 0.99400002 0.00599998
vt 0.50599998 0.49400002
vt 0.99400002 0.49400002
vt 0.99400002 0.00599998
vt 0.50599998 0.00599998
vt 0.50599998 0.49400002
vt 0.99400002 0.49400002
vt 0.99400002 0.00599998
vt 0.50599998 0.49400002
vt 0.99400002 0.49400002
vt 0.99400002 0.00599998
vt 0.50599998 0.49400002
vt 0.99400002 0.49400002
vt 0.99400002 0.00599998
vt 0.50599998 0.00599998
vt 0.50599998 0.49400002
vt 0.99400002 0.49400002
vt 0.99400002 0.00599998
vt 0.50599998 0.49400002
vt 0.99400002 0.49400002
vt 0.99400002 0.00599998
vt 0.50599998 0.49400002
vt 0.99400002 0.49400002
vt 0.99400002 0.00599998
vt 0.50599998 0.00599998
vt 0.50599998 0.49400002
vt 0.99400002 0.49400002
vt 0.99400002 0.00599998
vt 0.50599998 0.49400002
vt 0.99400002 0.49400002
vt 0.99400002 0.00599998
vt 0.50599998 0.49400002
vt 0.99400002 0.49400002
vt 0.99400002 0.00599998
vt 0.50599998 0.00599998
vt 0.50599998 0.49400002
vt 0.99400002 0.49400002
vt 0.99400002 0.00599998
vt 0.50599998 0.49400002
vt 0.99400002 0.49400002
vt 0.99400002 0.00599998
vt 0.50599998 0.49400002
vt 0.99400002 0.49400002
vt 0.99400002 0.00599998
vt 0.50599998 0.00599998
vt 0.50599998 0.49400002
vt 0.99400002 0.49400002
vt 0.99400002 0.00599998
vt 0.50599998 0.49400002
vt 0.99400002 0.49400002
vt 0.99400002 0.00599998
vt 0.50599998 0.49400002
vt 0.99400002 0.49400002
vt 0.99400002 0.00599998
vt 0.50599998 0.00599998
vt 0.50599998 0.49400002
vt 0.99400002 0.49400002
vt 0.99400002 0.00599998
vt 0.50599998 0.49400002
vt 0.99400002 0.49400002
vt 0.99400002 0.00599998
vt 0.50599998 0.49400002
vt 0.99400002 0.49400002
vt 0.99400002 0.00599998
vt 0.50599998 0.00599998
vt 0.50599998 0.49400002
vt 0.99400002 0.49400002
vt 0.99400002 0.00599998
vt 0.50599998 0.49400002
vt 0.99400002 0.49400002
vt 0.99400002 0.00599998
vt 0.50599998 0.49400002
vt 0.99400002 0.49400002
vt 0.99400002 0.00599998
vt 0.50599998 0.00599998
vt 0.50599998 0.49400002
vt 0.99400002 0.49400002
vt 0.99400002 0.00599998
vt 0.50599998 0.49400002
vt 0.99400002 0.49400002
vt 0.99400002 0.00599998
vt 0.50599998 0.49400002
vt 0.99400002 0.49400002
vt 0.99400002 0.00599998
vt 0.50599998 0.00599998
vt 0.50599998 0.49400002
vt 0.99400002 0.49400002
vt 0.99400002 0.00599998
vt 0.50599998 0.49400002
vt 0.99400002 0.49400002
vt 0.99400002 0.00599998
vt 0.50599998 0.49400002
vt 0.99400002 0.49400002
vt 0.99400002 0.00599998
vt 0.50599998 0.00599998
vt 0.50599998 0.49400002
vt 0.99400002 0.49400002
vt 0.99400002 0.00599998
vt 0.50599998 0.49400002
vt 0.99400002 0.49400002
vt 0.99400002 0.00599998
vt 0.50599998 0.49400002
vt 0.99400002 0.49400002
vt 0.99400002 0.00599998
vt 0.50599998 0.00599998
vt 0.50599998 0.49400002
vt 0.99400002 0.49400002
vt 0.99400002 0.00599998
vt 0.50599998 0.49400002
vt 0.99400002 0.49400002
vt 0.99400002 0.00599998
vt 0.50599998 0.49400002
vt 0.99400002 0.49400002
vt 0.99400002 0.00599998
vt 0.50599998 0.00599998
vt 0.50599998 0.49400002
vt 0.99400002 0.49400002
vt 0.99400002 0.00599998
vt 0.50599998 0.49400002
vt 0.99400002 0.49400002
vt 0.99400002 0.00599998
vt 0.50599998 0.49400002
vt 0.99400002 0.49400002
vt 0.99400002 0.00599998
vt 0.50599998 0.00599998
vt 0.50599998 0.49400002
vt 0.99400002 0.49400002
vt 0.99400002 0.00599998
vt 0.50599998 0.49400002
vt 0.99400002 0.49400002
vt 0.99400002 0.00599998
vt 0.50599998 0.49400002
vt 0.99400002 0.49400002
vt 0.99400002 0.00599998
vt 0.50599998 0.00599998
vt 0.50599998 0.49400002
vt 0.99400002 0.49400002
vt 0.99400002 0.00599998
vt 0.50599998 0.49400002
vt 0.99400002 0.49400002
vt 0.99400002 0.00599998
vt 0.50599998 0.49400002
vt 0.99400002 0.49400002
vt 0.99400002 0.00599998
vt 0.50599998 0.00599998
vt 0.50599998 0.49400002
vt 0.99400002 0.49400002
vt 0.99400002 0.00599998
vt 0.50599998 0.49400002
vt 0.99400002 0.49400002
vt 0.99400002 0.00599998
vt 0.50599998 0.49400002
vt 0.99400002 0.49400002
vt 0.99400002 0.00599998
vt 0.50599998 0.00599998
vt 0.50599998 0.49400002
vt 0.99400002 0.49400002
vt 0.99400002 0.00599998
vt 0.50599998 0.49400002
vt 0.99400002 0.49400002
vt 0.99400002 0.00599998
vt 0.50599998 0.49400002
vt 0.99400002 0.49400002
vt 0.99400002 0.00599998
vt 0.50599998 0.00599998
vt 0.50599998 0.49400002
vt 0.99400002 0.49400002
vt 0.99400002 0.00599998
vt 0.50599998 0.49400002
vt 0.99400002 0.49400002
vt 0.99400002 0.00599998
vt 0.50599998 0.49400002
vt 0.99400002 0.49400002
vt 0.99400002 0.00599998
vt 0.50599998 0.00599998
vt 0.50599998 0.49400002
vt 0.99400002 0.49400002
vt 0.99400002 0.00599998
vt 0.50599998 0.49400002
vt 0.99400002 0.49400002
vt 0.99400002 0.00599998
vt 0.50599998 0.49400002
vt 0.99400002 0.49400002
vt 0.99400002 0.00599998
vt 0.50599998 0.00599998
vt 0.50599998 0.49400002
vt 0.99400002 0.49400002
vt 0.99400002 0.00599998
vt 0.50599998 0.49400002
vt 0.99400002 0.49400002
vt 0.99400002 0.00599998
vt 0.50599998 0.49400002
vt 0.99400002 0.49400002
vt 0.99400002 0.00599998
vt 0.50599998 0.00599998
vt 0.50599998 0.49400002
vt 0.99400002 0.49400002
vt 0.99400002 0.00599998
vt 0.50599998 0.49400002
vt 0.99400002 0.49400002
vt 0.99400002 0.00599998
vt 0.50599998 0.99400002
vt 0.99400002 0.99400002
vt 0.99400002 0.50600004
vt 0.50599998 0.50600004
vt 0.50599998 0.99400002
vt 0.99400002 0.99400002
vt 0.99400002 0.50600004
vt 0.50599998 0.50600004
vt 0.50599998 0.99400002
vt 0.99400002 0.99400002
vt 0.99400002 0.50600004
vt 0.50599998 0.50600004
vt 0.50599998 0.99400002
vt 0.99400002 0.99400002
vt 0.99400002 0.50600004
vt 0.50599998 0.50600004
vt 0.50599998 0.99400002
vt 0.99400002 0.99400002
vt 0.99400002 0.50600004
vt 0.50599998 0.50600004
vt 0.50599998 0.99400002
vt 0.99400002 0.99400002
vt 0.99400002 0.50600004
vt 0.50599998 0.50600004
vt 0.50599998 0.99400002
vt 0.99400002 0.99400002
vt 0.99400002 0.50600004
vt 0.50599998 0.50600004
vt 0.50599998 0.99400002
vt 0.99400002 0.99400002
vt 0.99400002 0.50600004
vt 0.50599998 0.50600004
vt 0.50599998 0.99400002
vt 0.99400002 0.99400002
vt 0.99400002 0.50600004
vt 0.50599998 0.50600004
vt 0.50599998 0.99400002
vt 0.99400002 0.99400002
vt 0.99400002 0.50600004
vt 0.50599998 0.50600004
vt 0.50599998 0.99400002
vt 0.99400002 0.99400002
vt 0.99400002 0.50600004
vt 0.50599998 0.50600004
vt 0.50599998 0.99400002
vt 0.99400002 0.99400002
vt 0.99400002 0.50600004
vt 0.50599998 0.50600004
vt 0.50599998 0.99400002
vt 0.99400002 0.99400002
vt 0.99400002 0.50600004
vt 0.50599998 0.50600004
vt 0.50599998 0.99400002
vt 0.99400002 0.99400002
vt 0.99400002 0.50600004
vt 0.50599998 0.50600004
vt 0.50599998 0.99400002
vt 0.99400002 0.99400002
vt 0.99400002 0.50600004
vt 0.50599998 0.50600004
vt 0.50599998 0.99400002
vt 0.99400002 0.99400002
vt 0.99400002 0.50600004
vt 0.50599998 0.50600004
vt 0.50599998 0.99400002
vt 0.99400002 0.99400002
vt 0.99400002 0.50600004
vt 0.50599998 0.50600004
vt 0.50599998 0.99400002
vt 0.99400002 0.99400002
vt 0.99400002 0.50600004
vt 0.50599998 0.50600004
vt 0.50599998 0.99400002
vt 0.99400002 0.99400002
vt 0.99400002 0.50600004
vt 0.50599998 0.50600004
vt 0.50599998 0.99400002
vt 0.99400002 0.99400002
vt 0.99400002 0.50600004
vt 0.50599998 0.50600004
vt 0.50599998 0.99400002
vt 0.99400002 0.99400002
vt 0.99400002 0.50600004
vt 0.50599998 0.50600004
vt 0.50599998 0.99400002
vt 0.99400002 0.99400002
vt 0.99400002 0.50600004
vt 0.50599998 0.50600004
vt 0.50599998 0.99400002
vt 0.99400002 0.99400002
vt 0.99400002 0.50600004
vt 0.50599998 0.50600004
vt 0.50599998 0.99400002
vt 0.99400002 0.99400002
vt 0.99400002 0.50600004
vt 0.50599998 0.50600004
vt 0.50599998 0.99400002
vt 0.99400002 0.99400002
vt 0.99400002 0.50600004
vt 0.50599998 0.50600004
vt 0.50599998 0.99400002
vt 0.99400002 0.99400002
vt 0.99400002 0.50600004
vt 0.50599998 0.50600004
vt 0.50599998 0.99400002
vt 0.99400002 0.99400002
vt 0.99400002 0.50600004
vt 0.50599998 0.50600004
vt 0.50599998 0.99400002
vt 0.99400002 0.99400002
vt 0.99400002 0.50600004
vt 0.50599998 0.50600004
vt 0.50599998 0.99400002
vt 0.99400002 0.99400002
vt 0.99400002 0.50600004
vt 0.50599998 0.50600004
vt 0.50599998 0.99400002
vt 0.99400002 0.99400002
vt 0.99400002 0.50600004
vt 0.50599998 0.50600004
vt 0.50599998 0.99400002
vt 0.99400002 0.99400002
vt 0.99400002 0.50600004
vt 0.50599998 0.50600004
vt 0.50599998 0.99400002
vt 0.99400002 0.99400002
vt 0.99400002 0.50600004
vt 0.50599998 0.50600004
vt 0.50599998 0.99400002
vt 0.99400002 0.99400002
vt 0.99400002 0.50600004
vt 0.50599998 0.50600004
vt 0.50599998 0.99400002
vt 0.99400002 0.99400002
vt 0.99400002 0.50600004
vt 0.50599998 0.50600004
vt 0.50599998 0.99400002
vt 0.99400002 0.99400002
vt 0.99400002 0.50600004
vt 0.50599998 0.50600004
vt 0.50599998 0.99400002
vt 0.99400002 0.99400002
vt 0.99400002 0.50600004
vt 0.50599998 0.50600004
vt 0.50599998 0.99400002
vt 0.99400002 0.99400002
vt 0.99400002 0.50600004
vt 0.50599998 0.50600004
vt 0.50599998 0.99400002
vt 0.99400002 0.99400002
vt 0.99400002 0.50600004
vt 0.50599998 0.50600004
vt 0.50599998 0.99400002
vt 0.99400002 0.99400002
vt 0.99400002 0.50600004
vt 0.50599998 0.50600004
vt 0.50599998 0.99400002
vt 0.99400002 0.99400002
vt 0.99400002 0.50600004
vt 0.50599998 0.50600004
vt 0.50599998 0.99400002
vt 0.99400002 0.99400002
vt 0.99400002 0.50600004
vt 0.50599998 0.50600004
vt 0.50599998 0.99400002
vt 0.99400002 0.99400002
vt 0.99400002 0.50600004
vt 0.50599998 0.50600004
vt 0.50599998 0.99400002
vt 0.99400002 0.99400002
vt 0.99400002 0.50600004
vt 0.50599998 0.50600004
vt 0.50599998 0.99400002
vt 0.99400002 0.99400002
vt 0.99400002 0.50600004
vt 0.50599998 0.50600004
vt 0.50599998 0.99400002
vt 0.99400002 0.99400002
vt 0.99400002 0.50600004
vt 0.50599998 0.50600004
vt 0.50599998 0.99400002
vt 0.99400002 0.99400002
vt 0.99400002 0.50600004
vt 0.50599998 0.50600004
vt 0.50599998 0.99400002
vt 0.99400002 0.99400002
vt 0.99400002 0.50600004
vt 0.50599998 0.50600004
vt 0.50599998 0.99400002
vt 0.99400002 0.99400002
vt 0.99400002 0.50600004
vt 0.50599998 0.50600004
vt 0.50599998 0.99400002
vt 0.99400002 0.99400002
vt 0.99400002 0.50600004
vt 0.50599998 0.50600004
vt 0.50599998 0.99400002
vt 0.99400002 0.99400002
vt 0.99400002 0.50600004
vt 0.50599998 0.50600004
vt 0.50599998 0.99400002
vt 0.99400002 0.99400002
vt 0.99400002 0.50600004
vt 0.50599998 0.50600004
vt 0.50599998 0.99400002
vt 0.99400002 0.99400002
vt 0.99400002 0.50600004
vt 0.50599998 0.50600004
vt 0.50599998 0.99400002
vt 0.99400002 0.99400002
vt 0.99400002 0.50600004
vt 0.50599998 0.50600004
vt 0.50599998 0.99400002
vt 0.99400002 0.99400002
vt 0.99400002 0.50600004
vt 0.50599998 0.50600004
vt 0.50599998 0.99400002
vt 0.99400002 0.99400002
vt 0.99400002 0.50600004
vt 0.50599998 0.50600004
vt 0.50599998 0.99400002
vt 0.99400002 0.99400002
vt 0.99400002 0.50600004
vt 0.50599998 0.50600004
vt 0.50599998 0.99400002
vt 0.99400002 0.99400002
vt 0.99400002 0.50600004
vt 0.50599998 0.50600004
vt 0.50599998 0.99400002
vt 0.99400002 0.99400002
vt 0.99400002 0.50600004
vt 0.50599998 0.50600004
vt 0.50599998 0.99400002
vt 0.99400002 0.99400002
vt 0.99400002 0.50600004
vt 0.50599998 0.50600004
vt 0.50599998 0.99400002
vt 0.99400002 0.99400002
vt 0.99400002 0.50600004
vt 0.50599998 0.50600004
vt 0.50599998 0.99400002
vt 0.99400002 0.99400002
vt 0.99400002 0.50600004
vt 0.50599998 0.50600004
vt 0.50599998 0.99400002
vt 0.99400002 0.99400002
vt 0.99400002 0.50600004
vt 0.50599998 0.50600004
vt 0.50599998 0.99400002
vt 0.99400002 0.99400002
vt 0.99400002 0.50600004
vt 0.50599998 0.50600004
vt 0.50599998 0.99400002
vt 0.99400002 0.99400002
vt 0.99400002 0.50600004
vt 0.50599998 0.50600004
vt 0.50599998 0.99400002
vt 0.99400002 0.99400002
vt 0.99400002 0.50600004
vt 0.50599998 0.50600004
vt 0.50599998 0.99400002
vt 0.99400002 0.99400002
vt 0.99400002 0.50600004
vt 0.50599998 0.50600004
vt 0.50599998 0.99400002
vt 0.99400002 0.99400002
vt 0.99400002 0.50600004
vt 0.50599998 0.50600004
vt 0.50599998 0.99400002
vt 0.99400002 0.99400002
vt 0.99400002 0.50600004
vt 0.50599998 0.50600004
vt 0.50599998 0.99400002
vt 0.99400002 0.99400002
vt 0.99400002 0.50600004
vt 0.50599998 0.50600004
vt 0.50599998 0.99400002
vt 0.99400002 0.99400002
vt 0.99400002 0.50600004
vt 0.50599998 0.50600004
vt 0.33052987 0.83474755
vt 0.32915556 0.83474755
vt 0.33374065 0.82748210
vt 0.33582425 0.82748210
vt 0.32915556 0.83474755
vt 0.32540095 0.83474755
vt 0.32804814 0.82748210
vt 0.33374065 0.82748210
vt 0.32540095 0.83474755
vt 0.32027200 0.83474755
vt 0.32027200 0.82748210
vt 0.32804814 0.82748210
vt 0.32027200 0.83474755
vt 0.31514305 0.83474755
vt 0.31249586 0.82748210
vt 0.32027200 0.82748210
vt 0.31514305 0.83474755
vt 0.31138843 0.83474755
vt 0.30680335 0.82748210
vt 0.31249586 0.82748210
vt 0.31138843 0.83474755
vt 0.31001413 0.83474755
vt 0.30471972 0.82748210
vt 0.30680335 0.82748210
vt 0.31001413 0.83474755
vt 0.31138843 0.83474755
vt 0.30680335 0.82748210
vt 0.30471972 0.82748210
vt 0.31138843 0.83474755
vt 0.31514305 0.83474755
vt 0.31249586 0.82748210
vt 0.30680335 0.82748210
vt 0.31514305 0.83474755
vt 0.32027200 0.83474755
vt 0.32027200 0.82748210
vt 0.31249586 0.82748210
vt 0.32027200 0.83474755
vt 0.32540095 0.83474755
vt 0.32804814 0.82748210
vt 0.32027200 0.82748210
vt 0.32540095 0.83474755
vt 0.32915556 0.83474755
vt 0.33374065 0.82748210
vt 0.32804814 0.82748210
vt 0.32915556 0.83474755
vt 0.33052987 0.83474755
vt 0.33582425 0.82748210
vt 0.33374065 0.82748210
vt 0.33582425 0.82748210
vt 0.33374065 0.82748210
vt 0.33460033 0.80749112
vt 0.33681694 0.80749112
vt 0.33374065 0.82748210
vt 0.32804814 0.82748210
vt 0.32854447 0.80749112
vt 0.33460033 0.80749112
vt 0.32804814 0.82748210
vt 0.32027200 0.82748210
vt 0.32027200 0.80749112
vt 0.32854447 0.80749112
vt 0.32027200 0.82748210
vt 0.31249586 0.82748210
vt 0.31199953 0.80749112
vt 0.32027200 0.80749112
vt 0.31249586 0.82748210
vt 0.30680335 0.82748210
vt 0.30594361 0.80749112
vt 0.31199953 0.80749112
vt 0.30680335 0.82748210
vt 0.30471972 0.82748210
vt 0.30372703 0.80749112
vt 0.30594361 0.80749112
vt 0.30471972 0.82748210
vt 0.30680335 0.82748210
vt 0.30594364 0.80749112
vt 0.30372703 0.80749112
vt 0.30680335 0.82748210
vt 0.31249586 0.82748210
vt 0.31199953 0.80749112
vt 0.30594364 0.80749112
vt 0.31249586 0.82748210
vt 0.32027200 0.82748210
vt 0.32027200 0.80749112
vt 0.31199953 0.80749112
vt 0.32027200 0.82748210
vt 0.32804814 0.82748210
vt 0.32854447 0.80749112
vt 0.32027200 0.80749112
vt 0.32804814 0.82748210
vt 0.33374065 0.82748210
vt 0.33460033 0.80749112
vt 0.32854447 0.80749112
vt 0.33374065 0.82748210
vt 0.33582425 0.82748210
vt 0.33681694 0.80749112
vt 0.33460033 0.80749112
vt 0.33681694 0.80749112
vt 0.33460033 0.80749112
vt 0.33288094 0.79065657
vt 0.33483157 0.79065657
vt 0.33460033 0.80749112
vt 0.32854447 0.80749112
vt 0.32755178 0.79065657
vt 0.33288094 0.79065657
vt 0.32854447 0.80749112
vt 0.32027200 0.80749112
vt 0.32027200 0.79065657
vt 0.32755178 0.79065657
vt 0.32027200 0.80749112
vt 0.31199953 0.80749112
vt 0.31299219 0.79065657
vt 0.32027200 0.79065657
vt 0.31199953 0.80749112
vt 0.30594361 0.80749112
vt 0.30766305 0.79065657
vt 0.31299219 0.79065657
vt 0.30594361 0.80749112
vt 0.30372703 0.80749112
vt 0.30571243 0.79065657
vt 0.30766305 0.79065657
vt 0.30372703 0.80749112
vt 0.30594364 0.80749112
vt 0.30766305 0.79065657
vt 0.30571243 0.79065657
vt 0.30594364 0.80749112
vt 0.31199953 0.80749112
vt 0.31299219 0.79065657
vt 0.30766305 0.79065657
vt 0.31199953 0.80749112
vt 0.32027200 0.80749112
vt 0.32027200 0.79065657
vt 0.31299219 0.79065657
vt 0.32027200 0.80749112
vt 0.32854447 0.80749112
vt 0.32755178 0.79065657
vt 0.32027200 0.79065657
vt 0.32854447 0.80749112
vt 0.33460033 0.80749112
vt 0.33288094 0.79065657
vt 0.32755178 0.79065657
vt 0.33460033 0.80749112
vt 0.33681694 0.80749112
vt 0.33483157 0.79065657
vt 0.33288094 0.79065657
vt 0.33483157 0.79065657
vt 0.33288094 0.79065657
vt 0.32772273 0.78644800
vt 0.32887536 0.78644800
vt 0.33288094 0.79065657
vt 0.32755178 0.79065657
vt 0.32457367 0.78644800
vt 0.32772273 0.78644800
vt 0.32755178 0.79065657
vt 0.32027200 0.79065657
vt 0.32027200 0.78644800
vt 0.32457367 0.78644800
vt 0.32027200 0.79065657
vt 0.31299219 0.79065657
vt 0.31597030 0.78644800
vt 0.32027200 0.78644800
vt 0.31299219 0.79065657
vt 0.30766305 0.79065657
vt 0.31282127 0.78644800
vt 0.31597030 0.78644800
vt 0.30766305 0.79065657
vt 0.30571243 0.79065657
vt 0.31166863 0.78644800
vt 0.31282127 0.78644800
vt 0.30571243 0.79065657
vt 0.30766305 0.79065657
vt 0.31282127 0.78644800
vt 0.31166863 0.78644800
vt 0.30766305 0.79065657
vt 0.31299219 0.79065657
vt 0.31597030 0.78644800
vt 0.31282127 0.78644800
vt 0.31299219 0.79065657
vt 0.32027200 0.79065657
vt 0.32027200 0.78644800
vt 0.31597030 0.78644800
vt 0.32027200 0.79065657
vt 0.32755178 0.79065657
vt 0.32457367 0.78644800
vt 0.32027200 0.78644800
vt 0.32755178 0.79065657
vt 0.33288094 0.79065657
vt 0.32772273 0.78644800
vt 0.32457367 0.78644800
vt 0.33288094 0.79065657
vt 0.33483157 0.79065657
vt 0.32887536 0.78644800
vt 0.32772273 0.78644800
vt 0.32027200 0.83474755
vt 0.32915556 0.83474755
vt 0.33052987 0.83474755
vt 0.32027200 0.83474755
vt 0.32540095 0.83474755
vt 0.32915556 0.83474755
vt 0.32027200 0.83474755
vt 0.32027200 0.83474755
vt 0.32540095 0.83474755
vt 0.32027200 0.83474755
vt 0.31514305 0.83474755
vt 0.32027200 0.83474755
vt 0.32027200 0.83474755
vt 0.31138843 0.83474755
vt 0.31514305 0.83474755
vt 0.32027200 0.83474755
vt 0.31001413 0.83474755
vt 0.31138843 0.83474755
vt 0.32027200 0.83474755
vt 0.31138843 0.83474755
vt 0.31001413 0.83474755
vt 0.32027200 0.83474755
vt 0.31514305 0.83474755
vt 0.31138843 0.83474755
vt 0.32027200 0.83474755
vt 0.32027200 0.83474755
vt 0.31514305 0.83474755
vt 0.32027200 0.83474755
vt 0.32540095 0.83474755
vt 0.32027200 0.83474755
vt 0.32027200 0.83474755
vt 0.32915556 0.83474755
vt 0.32540095 0.83474755
vt 0.32027200 0.83474755
vt 0.33052987 0.83474755
vt 0.32915556 0.83474755
vt 0.32027200 0.78644800
vt 0.32887536 0.78644800
vt 0.32772273 0.78644800
vt 0.32027200 0.78644800
vt 0.32772273 0.78644800
vt 0.32457367 0.78644800
vt 0.32027200 0.78644800
vt 0.32457367 0.78644800
vt 0.32027200 0.78644800
vt 0.32027200 0.78644800
vt 0.32027200 0.78644800
vt 0.31597030 0.78644800
vt 0.32027200 0.78644800
vt 0.31597030 0.78644800
vt 0.31282127 0.78644800
vt 0.32027200 0.78644800
vt 0.31282127 0.78644800
vt 0.31166863 0.78644800
vt 0.32027200 0.78644800
vt 0.31166863 0.78644800
vt 0.31282127 0.78644800
vt 0.32027200 0.78644800
vt 0.31282127 0.78644800
vt 0.31597030 0.78644800
vt 0.32027200 0.78644800
vt 0.31597030 0.78644800
vt 0.32027200 0.78644800
vt 0.32027200 0.78644800
vt 0.32027200 0.78644800
vt 0.32457367 0.78644800
vt 0.32027200 0.78644800
vt 0.32457367 0.78644800
vt 0.32772273 0.78644800
vt 0.32027200 0.78644800
vt 0.32772273 0.78644800
vt 0.32887536 0.78644800
vt 0.50599998 0.49400002
vt 0.99400002 0.49400002
vt 0.99400002 0.00599998
vt 0.50599998 0.00599998
vt 0.50599998 0.49400002
vt 0.99400002 0.49400002
vt 0.99400002 0.00599998
vt 0.50599998 0.49400002
vt 0.99400002 0.49400002
vt 0.99400002 0.00599998
vt 0.50599998 0.49400002
vt 0.99400002 0.49400002
vt 0.99400002 0.00599998
vt 0.50599998 0.00599998
vt 0.50599998 0.49400002
vt 0.99400002 0.49400002
vt 0.99400002 0.00599998
vt 0.50599998 0.49400002
vt 0.99400002 0.49400002
vt 0.99400002 0.00599998
vt 0.50599998 0.49400002
vt 0.99400002 0.49400002
vt 0.99400002 0.00599998
vt 0.50599998 0.00599998
vt 0.50599998 0.49400002
vt 0.99400002 0.49400002
vt 0.99400002 0.00599998
vt 0.50599998 0.49400002
vt 0.99400002 0.49400002
vt 0.99400002 0.00599998
vt 0.50599998 0.49400002
vt 0.99400002 0.49400002
vt 0.99400002 0.00599998
vt 0.50599998 0.00599998
vt 0.50599998 0.49400002
vt 0.99400002 0.49400002
vt 0.99400002 0.00599998
vt 0.50599998 0.49400002
vt 0.99400002 0.49400002
vt 0.99400002 0.00599998
vt 0.50599998 0.49400002
vt 0.99400002 0.49400002
vt 0.99400002 0.00599998
vt 0.50599998 0.00599998
vt 0.50599998 0.49400002
vt 0.99400002 0.49400002
vt 0.99400002 0.00599998
vt 0.50599998 0.49400002
vt 0.99400002 0.49400002
vt 0.99400002 0.00599998
vt 0.50599998 0.49400002
vt 0.99400002 0.49400002
vt 0.99400002 0.00599998
vt 0.50599998 0.00599998
vt 0.50599998 0.49400002
vt 0.99400002 0.49400002
vt 0.99400002 0.00599998
vt 0.50599998 0.49400002
vt 0.99400002 0.49400002
vt 0.99400002 0.00599998
vt 0.50599998 0.49400002
vt 0.99400002 0.49400002
vt 0.99400002 0.00599998
vt 0.50599998 0.00599998
vt 0.50599998 0.49400002
vt 0.99400002 0.49400002
vt 0.99400002 0.00599998
vt 0.50599998 0.49400002
vt 0.99400002 0.49400002
vt 0.99400002 0.00599998
vt 0.50599998 0.49400002
vt 0.99400002 0.49400002
vt 0.99400002 0.00599998
vt 0.50599998 0.00599998
vt 0.50599998 0.49400002
vt 0.99400002 0.49400002
vt 0.99400002 0.00599998
vt 0.50599998 0.49400002
vt 0.99400002 0.49400002
vt 0.99400002 0.00599998
vt 0.50599998 0.49400002
vt 0.99400002 0.49400002
vt 0.99400002 0.00599998
vt 0.50599998 0.00599998
vt 0.50599998 0.49400002
vt 0.99400002 0.49400002
vt 0.99400002 0.00599998
vt 0.50599998 0.49400002
vt 0.99400002 0.49400002
vt 0.99400002 0.00599998
vt 0.50599998 0.49400002
vt 0.99400002 0.49400002
vt 0.99400002 0.00599998
vt 0.50599998 0.00599998
vt 0.50599998 0.49400002
vt 0.99400002 0.49400002
vt 0.99400002 0.00599998
vt 0.50599998 0.49400002
vt 0.99400002 0.49400002
vt 0.99400002 0.00599998
vt 0.50599998 0.49400002
vt 0.99400002 0.49400002
vt 0.99400002 0.00599998
vt 0.50599998 0.00599998
vt 0.50599998 0.49400002
vt 0.99400002 0.49400002
vt 0.99400002 0.00599998
vt 0.50599998 0.49400002
vt 0.99400002 0.49400002
vt 0.99400002 0.00599998
vt 0.50599998 0.49400002
vt 0.99400002 0.49400002
vt 0.99400002 0.00599998
vt 0.50599998 0.00599998
vt 0.50599998 0.49400002
vt 0.99400002 0.49400002
vt 0.99400002 0.00599998
vt 0.50599998 0.49400002
vt 0.99400002 0.49400002
vt 0.99400002 0.00599998
vt 0.50599998 0.49400002
vt 0.99400002 0.49400002
vt 0.99400002 0.00599998
vt 0.50599998 0.00599998
vt 0.50599998 0.49400002
vt 0.99400002 0.49400002
vt 0.99400002 0.00599998
vt 0.50599998 0.49400002
vt 0.99400002 0.49400002
vt 0.99400002 0.00599998
vt 0.50599998 0.49400002
vt 0.99400002 0.49400002
vt 0.99400002 0.00599998
vt 0.50599998 0.00599998
vt 0.50599998 0.49400002
vt 0.99400002 0.49400002
vt 0.99400002 0.00599998
vt 0.50599998 0.49400002
vt 0.99400002 0.49400002
vt 0.99400002 0.00599998
vt 0.50599998 0.49400002
vt 0.99400002 0.49400002
vt 0.99400002 0.00599998
vt 0.50599998 0.00599998
vt 0.50599998 0.49400002
vt 0.99400002 0.49400002
vt 0.99400002 0.00599998
vt 0.50599998 0.49400002
vt 0.99400002 0.49400002
vt 0.99400002 0.00599998
vt 0.50599998 0.49400002
vt 0.99400002 0.49400002
vt 0.99400002 0.00599998
vt 0.50599998 0.00599998
vt 0.50599998 0.49400002
vt 0.99400002 0.49400002
vt 0.99400002 0.00599998
vt 0.50599998 0.49400002
vt 0.99400002 0.49400002
vt 0.99400002 0.00599998
vt 0.50599998 0.49400002
vt 0.99400002 0.49400002
vt 0.99400002 0.00599998
vt 0.50599998 0.00599998
vt 0.50599998 0.49400002
vt 0.99400002 0.49400002
vt 0.99400002 0.00599998
vt 0.50599998 0.49400002
vt 0.99400002 0.49400002
vt 0.99400002 0.00599998
vt 0.50599998 0.49400002
vt 0.99400002 0.49400002
vt 0.99400002 0.00599998
vt 0.50599998 0.00599998
vt 0.50599998 0.49400002
vt 0.99400002 0.49400002
vt 0.99400002 0.00599998
vt 0.50599998 0.49400002
vt 0.99400002 0.49400002
vt 0.99400002 0.00599998
vt 0.50599998 0.49400002
vt 0.99400002 0.49400002
vt 0.99400002 0.00599998
vt 0.50599998 0.00599998
vt 0.50599998 0.49400002
vt 0.99400002 0.49400002
vt 0.99400002 0.00599998
vt 0.50599998 0.49400002
vt 0.99400002 0.49400002
vt 0.99400002 0.00599998
vt 0.50599998 0.49400002
vt 0.99400002 0.49400002
vt 0.99400002 0.00599998
vt 0.50599998 0.00599998
vt 0.50599998 0.49400002
vt 0.99400002 0.49400002
vt 0.99400002 0.00599998
vt 0.50599998 0.49400002
vt 0.99400002 0.49400002
vt 0.99400002 0.00599998
vt 0.50599998 0.49400002
vt 0.99400002 0.49400002
vt 0.99400002 0.00599998
vt 0.50599998 0.00599998
vt 0.50599998 0.49400002
vt 0.99400002 0.49400002
vt 0.99400002 0.00599998
vt 0.50599998 0.49400002
vt 0.99400002 0.49400002
vt 0.99400002 0.00599998
vt 0.50599998 0.49400002
vt 0.99400002 0.49400002
vt 0.99400002 0.00599998
vt 0.50599998 0.00599998
vt 0.50599998 0.49400002
vt 0.99400002 0.49400002
vt 0.99400002 0.00599998
vt 0.50599998 0.49400002
vt 0.99400002 0.49400002
vt 0.99400002 0.00599998
vt 0.50599998 0.49400002
vt 0.99400002 0.49400002
vt 0.99400002 0.00599998
vt 0.50599998 0.00599998
vt 0.50599998 0.49400002
vt 0.99400002 0.49400002
vt 0.99400002 0.00599998
vt 0.50599998 0.49400002
vt 0.99400002 0.49400002
vt 0.99400002 0.00599998
vt 0.50599998 0.49400002
vt 0.99400002 0.49400002
vt 0.99400002 0.00599998
vt 0.50599998 0.00599998
vt 0.50599998 0.49400002
vt 0.99400002 0.49400002
vt 0.99400002 0.00599998
vt 0.50599998 0.49400002
vt 0.99400002 0.49400002
vt 0.99400002 0.00599998
vt 0.50599998 0.99400002
vt 0.99400002 0.99400002
vt 0.99400002 0.50600004
vt 0.50599998 0.50600004
vt 0.50599998 0.99400002
vt 0.99400002 0.99400002
vt 0.99400002 0.50600004
vt 0.50599998 0.50600004
vt 0.50599998 0.99400002
vt 0.99400002 0.99400002
vt 0.99400002 0.50600004
vt 0.50599998 0.50600004
vt 0.50599998 0.99400002
vt 0.99400002 0.99400002
vt 0.99400002 0.50600004
vt 0.50599998 0.50600004
vt 0.50599998 0.99400002
vt 0.99400002 0.99400002
vt 0.99400002 0.50600004
vt 0.50599998 0.50600004
vt 0.50599998 0.99400002
vt 0.99400002 0.99400002
vt 0.99400002 0.50600004
vt 0.50599998 0.50600004
vt 0.50599998 0.99400002
vt 0.99400002 0.99400002
vt 0.99400002 0.50600004
vt 0.50599998 0.50600004
vt 0.50599998 0.99400002
vt 0.99400002 0.99400002
vt 0.99400002 0.50600004
vt 0.50599998 0.50600004
vt 0.50599998 0.99400002
vt 0.99400002 0.99400002
vt 0.99400002 0.50600004
vt 0.50599998 0.50600004
vt 0.50599998 0.99400002
vt 0.99400002 0.99400002
vt 0.99400002 0.50600004
vt 0.50599998 0.50600004
vt 0.50599998 0.99400002
vt 0.99400002 0.99400002
vt 0.99400002 0.50600004
vt 0.50599998 0.50600004
vt 0.50599998 0.99400002
vt 0.99400002 0.99400002
vt 0.99400002 0.50600004
vt 0.50599998 0.50600004
vt 0.50599998 0.99400002
vt 0.99400002 0.99400002
vt 0.99400002 0.50600004
vt 0.50599998 0.50600004
vt 0.50599998 0.99400002
vt 0.99400002 0.99400002
vt 0.99400002 0.50600004
vt 0.50599998 0.50600004
vt 0.50599998 0.99400002
vt 0.99400002 0.99400002
vt 0.99400002 0.50600004
vt 0.50599998 0.50600004
vt 0.50599998 0.99400002
vt 0.99400002 0.99400002
vt 0.99400002 0.50600004
vt 0.50599998 0.50600004
vt 0.50599998 0.99400002
vt 0.99400002 0.99400002
vt 0.99400002 0.50600004
vt 0.50599998 0.50600004
vt 0.50599998 0.99400002
vt 0.99400002 0.99400002
vt 0.99400002 0.50600004
vt 0.50599998 0.50600004
vt 0.50599998 0.99400002
vt 0.99400002 0.99400002
vt 0.99400002 0.50600004
vt 0.50599998 0.50600004
vt 0.50599998 0.99400002
vt 0.99400002 0.99400002
vt 0.99400002 0.50600004
vt 0.50599998 0.50600004
vt 0.50599998 0.99400002
vt 0.99400002 0.99400002
vt 0.99400002 0.50600004
vt 0.50599998 0.50600004
vt 0.50599998 0.99400002
vt 0.99400002 0.99400002
vt 0.99400002 0.50600004
vt 0.50599998 0.50600004
vt 0.50599998 0.99400002
vt 0.99400002 0.99400002
vt 0.99400002 0.50600004
vt 0.50599998 0.50600004
vt 0.50599998 0.99400002
vt 0.99400002 0.99400002
vt 0.99400002 0.50600004
vt 0.50599998 0.50600004
vt 0.50599998 0.99400002
vt 0.99400002 0.99400002
vt 0.99400002 0.50600004
vt 0.50599998 0.50600004
vt 0.50599998 0.99400002
vt 0.99400002 0.99400002
vt 0.99400002 0.50600004
vt 0.50599998 0.50600004
vt 0.50599998 0.99400002
vt 0.99400002 0.99400002
vt 0.99400002 0.50600004
vt 0.50599998 0.50600004
vt 0.50599998 0.99400002
vt 0.99400002 0.99400002
vt 0.99400002 0.50600004
vt 0.50599998 0.50600004
vt 0.50599998 0.99400002
vt 0.99400002 0.99400002
vt 0.99400002 0.50600004
vt 0.50599998 0.50600004
vt 0.50599998 0.99400002
vt 0.99400002 0.99400002
vt 0.99400002 0.50600004
vt 0.50599998 0.50600004
vt 0.50599998 0.99400002
vt 0.99400002 0.99400002
vt 0.99400002 0.50600004
vt 0.50599998 0.50600004
vt 0.50599998 0.99400002
vt 0.99400002 0.99400002
vt 0.99400002 0.50600004
vt 0.50599998 0.50600004
vt 0.50599998 0.99400002
vt 0.99400002 0.99400002
vt 0.99400002 0.50600004
vt 0.50599998 0.50600004
vt 0.50599998 0.99400002
vt 0.99400002 0.99400002
vt 0.99400002 0.50600004
vt 0.50599998 0.50600004
vt 0.50599998 0.99400002
vt 0.99400002 0.99400002
vt 0.99400002 0.50600004
vt 0.50599998 0.50600004
vt 0.50599998 0.99400002
vt 0.99400002 0.99400002
vt 0.99400002 0.50600004
vt 0.50599998 0.50600004
vt 0.50599998 0.99400002
vt 0.99400002 0.99400002
vt 0.99400002 0.50600004
vt 0.50599998 0.50600004
vt 0.50599998 0.99400002
vt 0.99400002 0.99400002
vt 0.99400002 0.50600004
vt 0.50599998 0.50600004
vt 0.50599998 0.99400002
vt 0.99400002 0.99400002
vt 0.99400002 0.50600004
vt 0.50599998 0.50600004
vt 0.50599998 0.99400002
vt 0.99400002 0.99400002
vt 0.99400002 0.50600004
vt 0.50599998 0.50600004
vt 0.50599998 0.99400002
vt 0.99400002 0.99400002
vt 0.99400002 0.50600004
vt 0.50599998 0.50600004
vt 0.50599998 0.99400002
vt 0.99400002 0.99400002
vt 0.99400002 0.50600004
vt 0.50599998 0.50600004
vt 0.50599998 0.99400002
vt 0.99400002 0.99400002
vt 0.99400002 0.50600004
vt 0.50599998 0.50600004
vt 0.50599998 0.99400002
vt 0.99400002 0.99400002
vt 0.99400002 0.50600004
vt 0.50599998 0.50600004
vt 0.50599998 0.99400002
vt 0.99400002 0.99400002
vt 0.99400002 0.50600004
vt 0.50599998 0.50600004
vt 0.50599998 0.99400002
vt 0.99400002 0.99400002
vt 0.99400002 0.50600004
vt 0.50599998 0.50600004
vt 0.50599998 0.99400002
vt 0.99400002 0.99400002
vt 0.99400002 0.50600004
vt 0.50599998 0.50600004
vt 0.50599998 0.99400002
vt 0.99400002 0.99400002
vt 0.99400002 0.50600004
vt 0.50599998 0.50600004
vt 0.50599998 0.99400002
vt 0.99400002 0.99400002
vt 0.99400002 0.50600004
vt 0.50599998 0.50600004
vt 0.50599998 0.99400002
vt 0.99400002 0.99400002
vt 0.99400002 0.50600004
vt 0.50599998 0.50600004
vt 0.50599998 0.99400002
vt 0.99400002 0.99400002
vt 0.99400002 0.50600004
vt 0.50599998 0.50600004
vt 0.50599998 0.99400002
vt 0.99400002 0.99400002
vt 0.99400002 0.50600004
vt 0.50599998 0.50600004
vt 0.50599998 0.99400002
vt 0.99400002 0.99400002
vt 0.99400002 0.50600004
vt 0.50599998 0.50600004
vt 0.50599998 0.99400002
vt 0.99400002 0.99400002
vt 0.99400002 0.50600004
vt 0.50599998 0.50600004
vt 0.50599998 0.99400002
vt 0.99400002 0.99400002
vt 0.99400002 0.50600004
vt 0.50599998 0.50600004
vt 0.50599998 0.99400002
vt 0.99400002 0.99400002
vt 0.99400002 0.50600004
vt 0.50599998 0.50600004
vt 0.50599998 0.99400002
vt 0.99400002 0.99400002
vt 0.99400002 0.50600004
vt 0.50599998 0.50600004
vt 0.50599998 0.99400002
vt 0.99400002 0.99400002
vt 0.99400002 0.50600004
vt 0.50599998 0.50600004
vt 0.50599998 0.99400002
vt 0.99400002 0.99400002
vt 0.99400002 0.50600004
vt 0.50599998 0.50600004
vt 0.50599998 0.99400002
vt 0.99400002 0.99400002
vt 0.99400002 0.50600004
vt 0.50599998 0.50600004
vt 0.50599998 0.99400002
vt 0.99400002 0.99400002
vt 0.99400002 0.50600004
vt 0.50599998 0.50600004
vt 0.50599998 0.99400002
vt 0.99400002 0.99400002
vt 0.99400002 0.50600004
vt 0.50599998 0.50600004
vt 0.50599998 0.99400002
vt 0.99400002 0.99400002
vt 0.99400002 0.50600004
vt 0.50599998 0.50600004
vt 0.50599998 0.99400002
vt 0.99400002 0.99400002
vt 0.99400002 0.50600004
vt 0.50599998 0.50600004
vt 0.50599998 0.99400002
vt 0.99400002 0.99400002
vt 0.99400002 0.50600004
vt 0.50599998 0.50600004
vt 0.50599998 0.99400002
vt 0.99400002 0.99400002
vt 0.99400002 0.50600004
vt 0.50599998 0.50600004
vt 0.50599998 0.99400002
vt 0.99400002 0.99400002
vt 0.99400002 0.50600004
vt 0.50599998 0.50600004
vt 0.50599998 0.99400002
vt 0.99400002 0.99400002
vt 0.99400002 0.50600004
vt 0.50599998 0.50600004
vt 0.50599998 0.99400002
vt 0.99400002 0.99400002
vt 0.99400002 0.50600004
vt 0.50599998 0.50600004
vt 0.50599998 0.99400002
vt 0.99400002 0.99400002
vt 0.99400002 0.50600004
vt 0.50599998 0.50600004
vt 0.25153297 0.74470103
vt 0.21975280 0.71695232
vt 0.16789718 0.78514624
vt 0.19095337 0.80527759
vt 0.21975280 0.71695232
vt 0.22035822 0.71625900
vt 0.16850260 0.78445280
vt 0.16789718 0.78514624
vt 0.22035822 0.71625900
vt 0.25213838 0.74400765
vt 0.19155881 0.80458421
vt 0.16850260 0.78445280
vt 0.25213838 0.74400765
vt 0.25153297 0.74470103
vt 0.19095337 0.80527759
vt 0.19155881 0.80458421
vt 0.25153297 0.74470103
vt 0.25213838 0.74400765
vt 0.22035822 0.71625900
vt 0.21975280 0.71695232
vt 0.19095337 0.80527759
vt 0.16789718 0.78514624
vt 0.16850260 0.78445280
vt 0.19155881 0.80458421
vt 0.28024721 0.71695232
vt 0.24846703 0.74470103
vt 0.30904663 0.80527759
vt 0.33210281 0.78514624
vt 0.24846703 0.74470103
vt 0.24786159 0.74400765
vt 0.30844119 0.80458421
vt 0.30904663 0.80527759
vt 0.24786159 0.74400765
vt 0.27964175 0.71625900
vt 0.33149740 0.78445280
vt 0.30844119 0.80458421
vt 0.27964175 0.71625900
vt 0.28024721 0.71695232
vt 0.33210281 0.78514624
vt 0.33149740 0.78445280
vt 0.28024721 0.71695232
vt 0.27964175 0.71625900
vt 0.24786159 0.74400765
vt 0.24846703 0.74470103
vt 0.33210281 0.78514624
vt 0.30904663 0.80527759
vt 0.30844119 0.80458421
vt 0.33149740 0.78445280
vt 0.50599998 0.99400002
vt 0.99400002 0.99400002
vt 0.99400002 0.50600004
vt 0.50599998 0.50600004
vt 0.50599998 0.99400002
vt 0.99400002 0.99400002
vt 0.99400002 0.50600004
vt 0.50599998 0.50600004
vt 0.50599998 0.99400002
vt 0.99400002 0.99400002
vt 0.99400002 0.50600004
vt 0.50599998 0.50600004
vt 0.50599998 0.99400002
vt 0.99400002 0.99400002
vt 0.99400002 0.50600004
vt 0.50599998 0.50600004
vt 0.50599998 0.99400002
vt 0.99400002 0.99400002
vt 0.99400002 0.50600004
vt 0.50599998 0.50600004
vt 0.50599998 0.99400002
vt 0.99400002 0.99400002
vt 0.99400002 0.50600004
vt 0.50599998 0.50600004
vt 0.50599998 0.99400002
vt 0.99400002 0.99400002
vt 0.99400002 0.50600004
vt 0.50599998 0.50600004
vt 0.50599998 0.99400002
vt 0.99400002 0.99400002
vt 0.99400002 0.50600004
vt 0.50599998 0.50600004
vt 0.50599998 0.99400002
vt 0.99400002 0.99400002
vt 0.99400002 0.50600004
vt 0.50599998 0.50600004
vt 0.50599998 0.99400002
vt 0.99400002 0.99400002
vt 0.99400002 0.50600004
vt 0.50599998 0.50600004
vt 0.50599998 0.99400002
vt 0.99400002 0.99400002
vt 0.99400002 0.50600004
vt 0.50599998 0.50600004
vt 0.50599998 0.99400002
vt 0.99400002 0.99400002
vt 0.99400002 0.50600004
vt 0.50599998 0.50600004
vt 0.50599998 0.99400002
vt 0.99400002 0.99400002
vt 0.99400002 0.50600004
vt 0.50599998 0.50600004
vt 0.50599998 0.99400002
vt 0.99400002 0.99400002
vt 0.99400002 0.50600004
vt 0.50599998 0.50600004
vt 0.50599998 0.99400002
vt 0.99400002 0.99400002
vt 0.99400002 0.50600004
vt 0.50599998 0.50600004
vt 0.50599998 0.99400002
vt 0.99400002 0.99400002
vt 0.99400002 0.50600004
vt 0.50599998 0.50600004
vt 0.50599998 0.99400002
vt 0.99400002 0.99400002
vt 0.99400002 0.50600004
vt 0.50599998 0.50600004
vt 0.50599998 0.99400002
vt 0.99400002 0.99400002
vt 0.99400002 0.50600004
vt 0.50599998 0.50600004
vt 0.18605512 0.81531572
vt 0.18484674 0.81531572
vt 0.19508426 0.80029917
vt 0.19870938 0.80029917
vt 0.18484674 0.81531572
vt 0.18168318 0.81531572
vt 0.18559358 0.80029917
vt 0.19508426 0.80029917
vt 0.18168318 0.81531572
vt 0.17777279 0.81531572
vt 0.17386241 0.80029917
vt 0.18559358 0.80029917
vt 0.17777279 0.81531572
vt 0.17460923 0.81531572
vt 0.16437171 0.80029917
vt 0.17386241 0.80029917
vt 0.17460923 0.81531572
vt 0.17340086 0.81531572
vt 0.16074659 0.80029917
vt 0.16437171 0.80029917
vt 0.17340086 0.81531572
vt 0.17460923 0.81531572
vt 0.16437171 0.80029917
vt 0.16074659 0.80029917
vt 0.17460923 0.81531572
vt 0.17777281 0.81531572
vt 0.17386243 0.80029917
vt 0.16437171 0.80029917
vt 0.17777281 0.81531572
vt 0.18168320 0.81531572
vt 0.18559358 0.80029917
vt 0.17386243 0.80029917
vt 0.18168320 0.81531572
vt 0.18484674 0.81531572
vt 0.19508426 0.80029917
vt 0.18559358 0.80029917
vt 0.18484674 0.81531572
vt 0.18605512 0.81531572
vt 0.19870938 0.80029917
vt 0.19508426 0.80029917
vt 0.19870938 0.80029917
vt 0.19508426 0.80029917
vt 0.19941553 0.78118718
vt 0.20406312 0.78118718
vt 0.19508426 0.80029917
vt 0.18559358 0.80029917
vt 0.18724796 0.78118718
vt 0.19941553 0.78118718
vt 0.18559358 0.80029917
vt 0.17386241 0.80029917
vt 0.17220803 0.78118718
vt 0.18724796 0.78118718
vt 0.17386241 0.80029917
vt 0.16437171 0.80029917
vt 0.16004047 0.78118718
vt 0.17220803 0.78118718
vt 0.16437171 0.80029917
vt 0.16074659 0.80029917
vt 0.15539289 0.78118718
vt 0.16004047 0.78118718
vt 0.16074659 0.80029917
vt 0.16437171 0.80029917
vt 0.16004047 0.78118718
vt 0.15539289 0.78118718
vt 0.16437171 0.80029917
vt 0.17386243 0.80029917
vt 0.17220803 0.78118718
vt 0.16004047 0.78118718
vt 0.17386243 0.80029917
vt 0.18559358 0.80029917
vt 0.18724796 0.78118718
vt 0.17220803 0.78118718
vt 0.18559358 0.80029917
vt 0.19508426 0.80029917
vt 0.19941552 0.78118718
vt 0.18724796 0.78118718
vt 0.19508426 0.80029917
vt 0.19870938 0.80029917
vt 0.20406312 0.78118718
vt 0.19941552 0.78118718
vt 0.20406312 0.78118718
vt 0.19941553 0.78118718
vt 0.19390300 0.76207519
vt 0.19724928 0.76207519
vt 0.19941553 0.78118718
vt 0.18724796 0.78118718
vt 0.18514237 0.76207519
vt 0.19390300 0.76207519
vt 0.18724796 0.78118718
vt 0.17220803 0.78118718
vt 0.17431360 0.76207519
vt 0.18514237 0.76207519
vt 0.17220803 0.78118718
vt 0.16004047 0.78118718
vt 0.16555296 0.76207519
vt 0.17431360 0.76207519
vt 0.16004047 0.78118718
vt 0.15539289 0.78118718
vt 0.16220669 0.76207519
vt 0.16555296 0.76207519
vt 0.15539289 0.78118718
vt 0.16004047 0.78118718
vt 0.16555296 0.76207519
vt 0.16220669 0.76207519
vt 0.16004047 0.78118718
vt 0.17220803 0.78118718
vt 0.17431362 0.76207519
vt 0.16555296 0.76207519
vt 0.17220803 0.78118718
vt 0.18724796 0.78118718
vt 0.18514237 0.76207519
vt 0.17431362 0.76207519
vt 0.18724796 0.78118718
vt 0.19941552 0.78118718
vt 0.19390300 0.76207519
vt 0.18514237 0.76207519
vt 0.19941552 0.78118718
vt 0.20406312 0.78118718
vt 0.19724928 0.76207519
vt 0.19390300 0.76207519
vt 0.19724928 0.76207519
vt 0.19390300 0.76207519
vt 0.18405926 0.74705863
vt 0.18508172 0.74705863
vt 0.19390300 0.76207519
vt 0.18514237 0.76207519
vt 0.18138237 0.74705863
vt 0.18405926 0.74705863
vt 0.18514237 0.76207519
vt 0.17431360 0.76207519
vt 0.17807360 0.74705863
vt 0.18138237 0.74705863
vt 0.17431360 0.76207519
vt 0.16555296 0.76207519
vt 0.17539673 0.74705863
vt 0.17807360 0.74705863
vt 0.16555296 0.76207519
vt 0.16220669 0.76207519
vt 0.17437425 0.74705863
vt 0.17539673 0.74705863
vt 0.16220669 0.76207519
vt 0.16555296 0.76207519
vt 0.17539673 0.74705863
vt 0.17437425 0.74705863
vt 0.16555296 0.76207519
vt 0.17431362 0.76207519
vt 0.17807360 0.74705863
vt 0.17539673 0.74705863
vt 0.17431362 0.76207519
vt 0.18514237 0.76207519
vt 0.18138237 0.74705863
vt 0.17807360 0.74705863
vt 0.18514237 0.76207519
vt 0.19390300 0.76207519
vt 0.18405926 0.74705863
vt 0.18138237 0.74705863
vt 0.19390300 0.76207519
vt 0.19724928 0.76207519
vt 0.18508172 0.74705863
vt 0.18405926 0.74705863
vt 0.17972799 0.81531572
vt 0.18484674 0.81531572
vt 0.18605512 0.81531572
vt 0.17972799 0.81531572
vt 0.18168318 0.81531572
vt 0.18484674 0.81531572
vt 0.17972799 0.81531572
vt 0.17777279 0.81531572
vt 0.18168318 0.81531572
vt 0.17972799 0.81531572
vt 0.17460923 0.81531572
vt 0.17777279 0.81531572
vt 0.17972799 0.81531572
vt 0.17340086 0.81531572
vt 0.17460923 0.81531572
vt 0.17972799 0.81531572
vt 0.17460923 0.81531572
vt 0.17340086 0.81531572
vt 0.17972799 0.81531572
vt 0.17777281 0.81531572
vt 0.17460923 0.81531572
vt 0.17972799 0.81531572
vt 0.18168320 0.81531572
vt 0.17777281 0.81531572
vt 0.17972799 0.81531572
vt 0.18484674 0.81531572
vt 0.18168320 0.81531572
vt 0.17972799 0.81531572
vt 0.18605512 0.81531572
vt 0.18484674 0.81531572
vt 0.17972799 0.74705863
vt 0.18508172 0.74705863
vt 0.18405926 0.74705863
vt 0.17972799 0.74705863
vt 0.18405926 0.74705863
vt 0.18138237 0.74705863
vt 0.17972799 0.74705863
vt 0.18138237 0.74705863
vt 0.17807360 0.74705863
vt 0.17972799 0.74705863
vt 0.17807360 0.74705863
vt 0.17539673 0.74705863
vt 0.17972799 0.74705863
vt 0.17539673 0.74705863
vt 0.17437425 0.74705863
vt 0.17972799 0.74705863
vt 0.17437425 0.74705863
vt 0.17539673 0.74705863
vt 0.17972799 0.74705863
vt 0.17539673 0.74705863
vt 0.17807360 0.74705863
vt 0.17972799 0.74705863
vt 0.17807360 0.74705863
vt 0.18138237 0.74705863
vt 0.17972799 0.74705863
vt 0.18138237 0.74705863
vt 0.18405926 0.74705863
vt 0.17972799 0.74705863
vt 0.18405926 0.74705863
vt 0.18508172 0.74705863
vt 0.32659912 0.81531572
vt 0.32539076 0.81531572
vt 0.33562827 0.80029917
vt 0.33925340 0.80029917
vt 0.32539076 0.81531572
vt 0.32222721 0.81531572
vt 0.32613757 0.80029917
vt 0.33562827 0.80029917
vt 0.32222721 0.81531572
vt 0.31831679 0.81531572
vt 0.31440642 0.80029917
vt 0.32613757 0.80029917
vt 0.31831679 0.81531572
vt 0.31515321 0.81531572
vt 0.30491570 0.80029917
vt 0.31440642 0.80029917
vt 0.31515321 0.81531572
vt 0.31394485 0.81531572
vt 0.30129060 0.80029917
vt 0.30491570 0.80029917
vt 0.31394485 0.81531572
vt 0.31515321 0.81531572
vt 0.30491570 0.80029917
vt 0.30129060 0.80029917
vt 0.31515321 0.81531572
vt 0.31831679 0.81531572
vt 0.31440645 0.80029917
vt 0.30491570 0.80029917
vt 0.31831679 0.81531572
vt 0.32222721 0.81531572
vt 0.32613757 0.80029917
vt 0.31440645 0.80029917
vt 0.32222721 0.81531572
vt 0.32539076 0.81531572
vt 0.33562827 0.80029917
vt 0.32613757 0.80029917
vt 0.32539076 0.81531572
vt 0.32659912 0.81531572
vt 0.33925340 0.80029917
vt 0.33562827 0.80029917
vt 0.33925340 0.80029917
vt 0.33562827 0.80029917
vt 0.33995950 0.78118718
vt 0.34460711 0.78118718
vt 0.33562827 0.80029917
vt 0.32613757 0.80029917
vt 0.32779196 0.78118718
vt 0.33995950 0.78118718
vt 0.32613757 0.80029917
vt 0.31440642 0.80029917
vt 0.31275204 0.78118718
vt 0.32779196 0.78118718
vt 0.31440642 0.80029917
vt 0.30491570 0.80029917
vt 0.30058447 0.78118718
vt 0.31275204 0.78118718
vt 0.30491570 0.80029917
vt 0.30129060 0.80029917
vt 0.29593688 0.78118718
vt 0.30058447 0.78118718
vt 0.30129060 0.80029917
vt 0.30491570 0.80029917
vt 0.30058447 0.78118718
vt 0.29593688 0.78118718
vt 0.30491570 0.80029917
vt 0.31440645 0.80029917
vt 0.31275204 0.78118718
vt 0.30058447 0.78118718
vt 0.31440645 0.80029917
vt 0.32613757 0.80029917
vt 0.32779196 0.78118718
vt 0.31275204 0.78118718
vt 0.32613757 0.80029917
vt 0.33562827 0.80029917
vt 0.33995950 0.78118718
vt 0.32779196 0.78118718
vt 0.33562827 0.80029917
vt 0.33925340 0.80029917
vt 0.34460711 0.78118718
vt 0.33995950 0.78118718
vt 0.34460711 0.78118718
vt 0.33995950 0.78118718
vt 0.33444703 0.76207519
vt 0.33779329 0.76207519
vt 0.33995950 0.78118718
vt 0.32779196 0.78118718
vt 0.32568637 0.76207519
vt 0.33444703 0.76207519
vt 0.32779196 0.78118718
vt 0.31275204 0.78118718
vt 0.31485760 0.76207519
vt 0.32568637 0.76207519
vt 0.31275204 0.78118718
vt 0.30058447 0.78118718
vt 0.30609697 0.76207519
vt 0.31485760 0.76207519
vt 0.30058447 0.78118718
vt 0.29593688 0.78118718
vt 0.30275071 0.76207519
vt 0.30609697 0.76207519
vt 0.29593688 0.78118718
vt 0.30058447 0.78118718
vt 0.30609697 0.76207519
vt 0.30275071 0.76207519
vt 0.30058447 0.78118718
vt 0.31275204 0.78118718
vt 0.31485763 0.76207519
vt 0.30609697 0.76207519
vt 0.31275204 0.78118718
vt 0.32779196 0.78118718
vt 0.32568637 0.76207519
vt 0.31485763 0.76207519
vt 0.32779196 0.78118718
vt 0.33995950 0.78118718
vt 0.33444703 0.76207519
vt 0.32568637 0.76207519
vt 0.33995950 0.78118718
vt 0.34460711 0.78118718
vt 0.33779329 0.76207519
vt 0.33444703 0.76207519
vt 0.33779329 0.76207519
vt 0.33444703 0.76207519
vt 0.32460326 0.74705863
vt 0.32562572 0.74705863
vt 0.33444703 0.76207519
vt 0.32568637 0.76207519
vt 0.32192639 0.74705863
vt 0.32460326 0.74705863
vt 0.32568637 0.76207519
vt 0.31485760 0.76207519
vt 0.31861761 0.74705863
vt 0.32192639 0.74705863
vt 0.31485760 0.76207519
vt 0.30609697 0.76207519
vt 0.31594074 0.74705863
vt 0.31861761 0.74705863
vt 0.30609697 0.76207519
vt 0.30275071 0.76207519
vt 0.31491825 0.74705863
vt 0.31594074 0.74705863
vt 0.30275071 0.76207519
vt 0.30609697 0.76207519
vt 0.31594074 0.74705863
vt 0.31491825 0.74705863
vt 0.30609697 0.76207519
vt 0.31485763 0.76207519
vt 0.31861761 0.74705863
vt 0.31594074 0.74705863
vt 0.31485763 0.76207519
vt 0.32568637 0.76207519
vt 0.32192639 0.74705863
vt 0.31861761 0.74705863
vt 0.32568637 0.76207519
vt 0.33444703 0.76207519
vt 0.32460326 0.74705863
vt 0.32192639 0.74705863
vt 0.33444703 0.76207519
vt 0.33779329 0.76207519
vt 0.32562572 0.74705863
vt 0.32460326 0.74705863
vt 0.32027200 0.81531572
vt 0.32539076 0.81531572
vt 0.32659912 0.81531572
vt 0.32027200 0.81531572
vt 0.32222721 0.81531572
vt 0.32539076 0.81531572
vt 0.32027200 0.81531572
vt 0.31831679 0.81531572
vt 0.32222721 0.81531572
vt 0.32027200 0.81531572
vt 0.31515321 0.81531572
vt 0.31831679 0.81531572
vt 0.32027200 0.81531572
vt 0.31394485 0.81531572
vt 0.31515321 0.81531572
vt 0.32027200 0.81531572
vt 0.31515321 0.81531572
vt 0.31394485 0.81531572
vt 0.32027200 0.81531572
vt 0.31831679 0.81531572
vt 0.31515321 0.81531572
vt 0.32027200 0.81531572
vt 0.32222721 0.81531572
vt 0.31831679 0.81531572
vt 0.32027200 0.81531572
vt 0.32539076 0.81531572
vt 0.32222721 0.81531572
vt 0.32027200 0.81531572
vt 0.32659912 0.81531572
vt 0.32539076 0.81531572
vt 0.32027200 0.74705863
vt 0.32562572 0.74705863
vt 0.32460326 0.74705863
vt 0.32027200 0.74705863
vt 0.32460326 0.74705863
vt 0.32192639 0.74705863
vt 0.32027200 0.74705863
vt 0.32192639 0.74705863
vt 0.31861761 0.74705863
vt 0.32027200 0.74705863
vt 0.31861761 0.74705863
vt 0.31594074 0.74705863
vt 0.32027200 0.74705863
vt 0.31594074 0.74705863
vt 0.31491825 0.74705863
vt 0.32027200 0.74705863
vt 0.31491825 0.74705863
vt 0.31594074 0.74705863
vt 0.32027200 0.74705863
vt 0.31594074 0.74705863
vt 0.31861761 0.74705863
vt 0.32027200 0.74705863
vt 0.31861761 0.74705863
vt 0.32192639 0.74705863
vt 0.32027200 0.74705863
vt 0.32192639 0.74705863
vt 0.32460326 0.74705863
vt 0.32027200 0.74705863
vt 0.32460326 0.74705863
vt 0.32562572 0.74705863
vt 0.36512733 0.71006536
vt 0.36866534 0.71632802
vt 0.36553401 0.71750736
vt 0.36276865 0.71262735
vt 0.36866534 0.71632802
vt 0.36829934 0.72413599
vt 0.36524934 0.72360730
vt 0.36553401 0.71750736
vt 0.36829934 0.72413599
vt 0.36407000 0.73145604
vt 0.36195531 0.72934133
vt 0.36524934 0.72360730
vt 0.36407000 0.73145604
vt 0.35715666 0.73633599
vt 0.35658735 0.73312330
vt 0.36195531 0.72934133
vt 0.35715666 0.73633599
vt 0.34938934 0.73743403
vt 0.35052797 0.73397732
vt 0.35658735 0.73312330
vt 0.34938934 0.73743403
vt 0.34288266 0.73446536
vt 0.34540400 0.73165929
vt 0.35052797 0.73397732
vt 0.34288266 0.73446536
vt 0.33930400 0.72820270
vt 0.34263867 0.72677934
vt 0.34540400 0.73165929
vt 0.33930400 0.72820270
vt 0.33971068 0.72039467
vt 0.34292334 0.72067934
vt 0.34263867 0.72677934
vt 0.33971068 0.72039467
vt 0.34389934 0.71307468
vt 0.34621733 0.71494532
vt 0.34292334 0.72067934
vt 0.34389934 0.71307468
vt 0.35081264 0.70819467
vt 0.35162598 0.71116334
vt 0.34621733 0.71494532
vt 0.35081264 0.70819467
vt 0.35857999 0.70709670
vt 0.35768533 0.71030933
vt 0.35162598 0.71116334
vt 0.35857999 0.70709670
vt 0.36512733 0.71006536
vt 0.36276865 0.71262735
vt 0.35768533 0.71030933
vt 0.36276865 0.71262735
vt 0.36553401 0.71750736
vt 0.36232132 0.71840203
vt 0.36045066 0.71518934
vt 0.36553401 0.71750736
vt 0.36524934 0.72360730
vt 0.36211798 0.72246861
vt 0.36232132 0.71840203
vt 0.36524934 0.72360730
vt 0.36195531 0.72934133
vt 0.35992199 0.72629130
vt 0.36211798 0.72246861
vt 0.36195531 0.72934133
vt 0.35658735 0.73312330
vt 0.35634333 0.72881269
vt 0.35992199 0.72629130
vt 0.35658735 0.73312330
vt 0.35052797 0.73397732
vt 0.35227665 0.72938204
vt 0.35634333 0.72881269
vt 0.35052797 0.73397732
vt 0.34540400 0.73165929
vt 0.34890130 0.72783667
vt 0.35227665 0.72938204
vt 0.34540400 0.73165929
vt 0.34263867 0.72677934
vt 0.34703067 0.72458339
vt 0.34890130 0.72783667
vt 0.34263867 0.72677934
vt 0.34292334 0.72067934
vt 0.34723398 0.72051668
vt 0.34703067 0.72458339
vt 0.34292334 0.72067934
vt 0.34621733 0.71494532
vt 0.34942999 0.71673465
vt 0.34723398 0.72051668
vt 0.34621733 0.71494532
vt 0.35162598 0.71116334
vt 0.35300866 0.71417272
vt 0.34942999 0.71673465
vt 0.35162598 0.71116334
vt 0.35768533 0.71030933
vt 0.35707533 0.71364403
vt 0.35300866 0.71417272
vt 0.35768533 0.71030933
vt 0.36276865 0.71262735
vt 0.36045066 0.71518934
vt 0.35707533 0.71364403
vt 0.36045066 0.71518934
vt 0.36232132 0.71840203
vt 0.35935265 0.71909332
vt 0.35837665 0.71742600
vt 0.36232132 0.71840203
vt 0.36211798 0.72246861
vt 0.35923067 0.72120798
vt 0.35935265 0.71909332
vt 0.36211798 0.72246861
vt 0.35992199 0.72629130
vt 0.35809198 0.72320068
vt 0.35923067 0.72120798
vt 0.35992199 0.72629130
vt 0.35634333 0.72881269
vt 0.35622135 0.72450197
vt 0.35809198 0.72320068
vt 0.35634333 0.72881269
vt 0.35227665 0.72938204
vt 0.35414734 0.72478664
vt 0.35622135 0.72450197
vt 0.35227665 0.72938204
vt 0.34890130 0.72783667
vt 0.35235798 0.72401398
vt 0.35414734 0.72478664
vt 0.34890130 0.72783667
vt 0.34703067 0.72458339
vt 0.35142267 0.72230601
vt 0.35235798 0.72401398
vt 0.34703067 0.72458339
vt 0.34723398 0.72051668
vt 0.35150400 0.72019136
vt 0.35142267 0.72230601
vt 0.34723398 0.72051668
vt 0.34942999 0.71673465
vt 0.35264266 0.71823931
vt 0.35150400 0.72019136
vt 0.34942999 0.71673465
vt 0.35300866 0.71417272
vt 0.35451332 0.71689737
vt 0.35264266 0.71823931
vt 0.35300866 0.71417272
vt 0.35707533 0.71364403
vt 0.35662800 0.71661270
vt 0.35451332 0.71689737
vt 0.35707533 0.71364403
vt 0.36045066 0.71518934
vt 0.35837665 0.71742600
vt 0.35662800 0.71661270
vt 0.35399145 0.72226536
vt 0.36866534 0.71632802
vt 0.36512733 0.71006536
vt 0.35399145 0.72226536
vt 0.36829934 0.72413599
vt 0.36866534 0.71632802
vt 0.35399145 0.72226536
vt 0.36407000 0.73145604
vt 0.36829934 0.72413599
vt 0.35399145 0.72226536
vt 0.35715666 0.73633599
vt 0.36407000 0.73145604
vt 0.35399145 0.72226536
vt 0.34938934 0.73743403
vt 0.35715666 0.73633599
vt 0.35399145 0.72226536
vt 0.34288266 0.73446536
vt 0.34938934 0.73743403
vt 0.35399145 0.72226536
vt 0.33930400 0.72820270
vt 0.34288266 0.73446536
vt 0.35399145 0.72226536
vt 0.33971068 0.72039467
vt 0.33930400 0.72820270
vt 0.35399145 0.72226536
vt 0.34389934 0.71307468
vt 0.33971068 0.72039467
vt 0.35399145 0.72226536
vt 0.35081264 0.70819467
vt 0.34389934 0.71307468
vt 0.35399145 0.72226536
vt 0.35857999 0.70709670
vt 0.35081264 0.70819467
vt 0.35399145 0.72226536
vt 0.36512733 0.71006536
vt 0.35857999 0.70709670
vt 0.35837665 0.71742600
vt 0.35935265 0.71909332
vt 0.35573331 0.72031331
vt 0.35935265 0.71909332
vt 0.35923067 0.72120798
vt 0.35573331 0.72031331
vt 0.35923067 0.72120798
vt 0.35809198 0.72320068
vt 0.35573331 0.72031331
vt 0.35809198 0.72320068
vt 0.35622135 0.72450197
vt 0.35573331 0.72031331
vt 0.35622135 0.72450197
vt 0.35414734 0.72478664
vt 0.35573331 0.72031331
vt 0.35414734 0.72478664
vt 0.35235798 0.72401398
vt 0.35573331 0.72031331
vt 0.35235798 0.72401398
vt 0.35142267 0.72230601
vt 0.35573331 0.72031331
vt 0.35142267 0.72230601
vt 0.35150400 0.72019136
vt 0.35573331 0.72031331
vt 0.35150400 0.72019136
vt 0.35264266 0.71823931
vt 0.35573331 0.72031331
vt 0.35264266 0.71823931
vt 0.35451332 0.71689737
vt 0.35573331 0.72031331
vt 0.35451332 0.71689737
vt 0.35662800 0.71661270
vt 0.35573331 0.72031331
vt 0.35662800 0.71661270
vt 0.35837665 0.71742600
vt 0.35573331 0.72031331
vt 0.13487266 0.71006536
vt 0.13723132 0.71262735
vt 0.13446599 0.71750736
vt 0.13133465 0.71632802
vt 0.13133465 0.71632802
vt 0.13446599 0.71750736
vt 0.13475066 0.72360730
vt 0.13170065 0.72413599
vt 0.13170065 0.72413599
vt 0.13475066 0.72360730
vt 0.13804466 0.72934133
vt 0.13593000 0.73145604
vt 0.13593000 0.73145604
vt 0.13804466 0.72934133
vt 0.14341265 0.73312330
vt 0.14284332 0.73633599
vt 0.14284332 0.73633599
vt 0.14341265 0.73312330
vt 0.14947200 0.73397732
vt 0.15061064 0.73743403
vt 0.15061064 0.73743403
vt 0.14947200 0.73397732
vt 0.15459599 0.73165929
vt 0.15711734 0.73446536
vt 0.15711734 0.73446536
vt 0.15459599 0.73165929
vt 0.15736131 0.72677934
vt 0.16069597 0.72820270
vt 0.16069597 0.72820270
vt 0.15736131 0.72677934
vt 0.15707664 0.72067934
vt 0.16028930 0.72039467
vt 0.16028930 0.72039467
vt 0.15707664 0.72067934
vt 0.15378265 0.71494532
vt 0.15610066 0.71307468
vt 0.15610066 0.71307468
vt 0.15378265 0.71494532
vt 0.14837399 0.71116334
vt 0.14918733 0.70819467
vt 0.14918733 0.70819467
vt 0.14837399 0.71116334
vt 0.14231467 0.71030933
vt 0.14141998 0.70709670
vt 0.14141998 0.70709670
vt 0.14231467 0.71030933
vt 0.13723132 0.71262735
vt 0.13487266 0.71006536
vt 0.13723132 0.71262735
vt 0.13954933 0.71518934
vt 0.13767865 0.71840203
vt 0.13446599 0.71750736
vt 0.13446599 0.71750736
vt 0.13767865 0.71840203
vt 0.13788199 0.72246861
vt 0.13475066 0.72360730
vt 0.13475066 0.72360730
vt 0.13788199 0.72246861
vt 0.14007799 0.72629130
vt 0.13804466 0.72934133
vt 0.13804466 0.72934133
vt 0.14007799 0.72629130
vt 0.14365666 0.72881269
vt 0.14341265 0.73312330
vt 0.14341265 0.73312330
vt 0.14365666 0.72881269
vt 0.14772332 0.72938204
vt 0.14947200 0.73397732
vt 0.14947200 0.73397732
vt 0.14772332 0.72938204
vt 0.15109867 0.72783667
vt 0.15459599 0.73165929
vt 0.15459599 0.73165929
vt 0.15109867 0.72783667
vt 0.15296932 0.72458339
vt 0.15736131 0.72677934
vt 0.15736131 0.72677934
vt 0.15296932 0.72458339
vt 0.15276600 0.72051668
vt 0.15707664 0.72067934
vt 0.15707664 0.72067934
vt 0.15276600 0.72051668
vt 0.15056999 0.71673465
vt 0.15378265 0.71494532
vt 0.15378265 0.71494532
vt 0.15056999 0.71673465
vt 0.14699131 0.71417272
vt 0.14837399 0.71116334
vt 0.14837399 0.71116334
vt 0.14699131 0.71417272
vt 0.14292465 0.71364403
vt 0.14231467 0.71030933
vt 0.14231467 0.71030933
vt 0.14292465 0.71364403
vt 0.13954933 0.71518934
vt 0.13723132 0.71262735
vt 0.13954933 0.71518934
vt 0.14162332 0.71742600
vt 0.14064734 0.71909332
vt 0.13767865 0.71840203
vt 0.13767865 0.71840203
vt 0.14064734 0.71909332
vt 0.14076933 0.72120798
vt 0.13788199 0.72246861
vt 0.13788199 0.72246861
vt 0.14076933 0.72120798
vt 0.14190800 0.72320068
vt 0.14007799 0.72629130
vt 0.14007799 0.72629130
vt 0.14190800 0.72320068
vt 0.14377865 0.72450197
vt 0.14365666 0.72881269
vt 0.14365666 0.72881269
vt 0.14377865 0.72450197
vt 0.14585264 0.72478664
vt 0.14772332 0.72938204
vt 0.14772332 0.72938204
vt 0.14585264 0.72478664
vt 0.14764199 0.72401398
vt 0.15109867 0.72783667
vt 0.15109867 0.72783667
vt 0.14764199 0.72401398
vt 0.14857732 0.72230601
vt 0.15296932 0.72458339
vt 0.15296932 0.72458339
vt 0.14857732 0.72230601
vt 0.14849599 0.72019136
vt 0.15276600 0.72051668
vt 0.15276600 0.72051668
vt 0.14849599 0.72019136
vt 0.14735731 0.71823931
vt 0.15056999 0.71673465
vt 0.15056999 0.71673465
vt 0.14735731 0.71823931
vt 0.14548667 0.71689737
vt 0.14699131 0.71417272
vt 0.14699131 0.71417272
vt 0.14548667 0.71689737
vt 0.14337198 0.71661270
vt 0.14292465 0.71364403
vt 0.14292465 0.71364403
vt 0.14337198 0.71661270
vt 0.14162332 0.71742600
vt 0.13954933 0.71518934
vt 0.14600855 0.72226536
vt 0.13487266 0.71006536
vt 0.13133465 0.71632802
vt 0.14600855 0.72226536
vt 0.13133465 0.71632802
vt 0.13170065 0.72413599
vt 0.14600855 0.72226536
vt 0.13170065 0.72413599
vt 0.13593000 0.73145604
vt 0.14600855 0.72226536
vt 0.13593000 0.73145604
vt 0.14284332 0.73633599
vt 0.14600855 0.72226536
vt 0.14284332 0.73633599
vt 0.15061064 0.73743403
vt 0.14600855 0.72226536
vt 0.15061064 0.73743403
vt 0.15711734 0.73446536
vt 0.14600855 0.72226536
vt 0.15711734 0.73446536
vt 0.16069597 0.72820270
vt 0.14600855 0.72226536
vt 0.16069597 0.72820270
vt 0.16028930 0.72039467
vt 0.14600855 0.72226536
vt 0.16028930 0.72039467
vt 0.15610066 0.71307468
vt 0.14600855 0.72226536
vt 0.15610066 0.71307468
vt 0.14918733 0.70819467
vt 0.14600855 0.72226536
vt 0.14918733 0.70819467
vt 0.14141998 0.70709670
vt 0.14600855 0.72226536
vt 0.14141998 0.70709670
vt 0.13487266 0.71006536
vt 0.14162332 0.71742600
vt 0.14426666 0.72031331
vt 0.14064734 0.71909332
vt 0.14064734 0.71909332
vt 0.14426666 0.72031331
vt 0.14076933 0.72120798
vt 0.14076933 0.72120798
vt 0.14426666 0.72031331
vt 0.14190800 0.72320068
vt 0.14190800 0.72320068
vt 0.14426666 0.72031331
vt 0.14377865 0.72450197
vt 0.14377865 0.72450197
vt 0.14426666 0.72031331
vt 0.14585264 0.72478664
vt 0.14585264 0.72478664
vt 0.14426666 0.72031331
vt 0.14764199 0.72401398
vt 0.14764199 0.72401398
vt 0.14426666 0.72031331
vt 0.14857732 0.72230601
vt 0.14857732 0.72230601
vt 0.14426666 0.72031331
vt 0.14849599 0.72019136
vt 0.14849599 0.72019136
vt 0.14426666 0.72031331
vt 0.14735731 0.71823931
vt 0.14735731 0.71823931
vt 0.14426666 0.72031331
vt 0.14548667 0.71689737
vt 0.14548667 0.71689737
vt 0.14426666 0.72031331
vt 0.14337198 0.71661270
vt 0.14337198 0.71661270
vt 0.14426666 0.72031331
vt 0.14162332 0.71742600
vt 0.37265068 0.72137070
vt 0.36996666 0.71474200
vt 0.36691666 0.71644998
vt 0.36903134 0.72165531
vt 0.36996666 0.71474200
vt 0.36354133 0.71018732
vt 0.36191466 0.71291202
vt 0.36691666 0.71644998
vt 0.36354133 0.71018732
vt 0.35512334 0.70892668
vt 0.35536733 0.71193600
vt 0.36191466 0.71291202
vt 0.35512334 0.70892668
vt 0.34699002 0.71136665
vt 0.34902334 0.71380669
vt 0.35536733 0.71193600
vt 0.34699002 0.71136665
vt 0.34129664 0.71677530
vt 0.34455001 0.71803600
vt 0.34902334 0.71380669
vt 0.34129664 0.71677530
vt 0.33954799 0.72372931
vt 0.34320799 0.72348535
vt 0.34455001 0.71803600
vt 0.33954799 0.72372931
vt 0.34227267 0.73039865
vt 0.34532267 0.72869068
vt 0.34320799 0.72348535
vt 0.34227267 0.73039865
vt 0.34865734 0.73495328
vt 0.35032466 0.73222864
vt 0.34532267 0.72869068
vt 0.34865734 0.73495328
vt 0.35707533 0.73617339
vt 0.35687199 0.73320466
vt 0.35032466 0.73222864
vt 0.35707533 0.73617339
vt 0.36520866 0.73377401
vt 0.36325666 0.73129332
vt 0.35687199 0.73320466
vt 0.36520866 0.73377401
vt 0.37094265 0.72836530
vt 0.36768931 0.72706401
vt 0.36325666 0.73129332
vt 0.37094265 0.72836530
vt 0.37265068 0.72137070
vt 0.36903134 0.72165531
vt 0.36768931 0.72706401
vt 0.36903134 0.72165531
vt 0.36691666 0.71644998
vt 0.36341932 0.71852398
vt 0.36484265 0.72198069
vt 0.36691666 0.71644998
vt 0.36191466 0.71291202
vt 0.36008465 0.71616530
vt 0.36341932 0.71852398
vt 0.36191466 0.71291202
vt 0.35536733 0.71193600
vt 0.35573331 0.71551466
vt 0.36008465 0.71616530
vt 0.35536733 0.71193600
vt 0.34902334 0.71380669
vt 0.35150400 0.71677530
vt 0.35573331 0.71551466
vt 0.34902334 0.71380669
vt 0.34455001 0.71803600
vt 0.34853533 0.71958137
vt 0.35150400 0.71677530
vt 0.34455001 0.71803600
vt 0.34320799 0.72348535
vt 0.34764066 0.72320068
vt 0.34853533 0.71958137
vt 0.34320799 0.72348535
vt 0.34532267 0.72869068
vt 0.34902334 0.72665733
vt 0.34764066 0.72320068
vt 0.34532267 0.72869068
vt 0.35032466 0.73222864
vt 0.35235798 0.72901601
vt 0.34902334 0.72665733
vt 0.35032466 0.73222864
vt 0.35687199 0.73320466
vt 0.35674998 0.72966665
vt 0.35235798 0.72901601
vt 0.35687199 0.73320466
vt 0.36325666 0.73129332
vt 0.36097935 0.72840595
vt 0.35674998 0.72966665
vt 0.36325666 0.73129332
vt 0.36768931 0.72706401
vt 0.36394799 0.72560000
vt 0.36097935 0.72840595
vt 0.36768931 0.72706401
vt 0.36903134 0.72165531
vt 0.36484265 0.72198069
vt 0.36394799 0.72560000
vt 0.36484265 0.72198069
vt 0.36341932 0.71852398
vt 0.36008465 0.72051668
vt 0.36081666 0.72230601
vt 0.36341932 0.71852398
vt 0.36008465 0.71616530
vt 0.35837665 0.71925598
vt 0.36008465 0.72051668
vt 0.36008465 0.71616530
vt 0.35573331 0.71551466
vt 0.35609931 0.71893072
vt 0.35837665 0.71925598
vt 0.35573331 0.71551466
vt 0.35150400 0.71677530
vt 0.35390332 0.71958137
vt 0.35609931 0.71893072
vt 0.35150400 0.71677530
vt 0.34853533 0.71958137
vt 0.35235798 0.72104537
vt 0.35390332 0.71958137
vt 0.34853533 0.71958137
vt 0.34764066 0.72320068
vt 0.35191065 0.72295666
vt 0.35235798 0.72104537
vt 0.34764066 0.72320068
vt 0.34902334 0.72665733
vt 0.35260201 0.72474599
vt 0.35191065 0.72295666
vt 0.34902334 0.72665733
vt 0.35235798 0.72901601
vt 0.35435066 0.72596598
vt 0.35260201 0.72474599
vt 0.35235798 0.72901601
vt 0.35674998 0.72966665
vt 0.35662800 0.72629130
vt 0.35435066 0.72596598
vt 0.35674998 0.72966665
vt 0.36097935 0.72840595
vt 0.35882398 0.72564065
vt 0.35662800 0.72629130
vt 0.36097935 0.72840595
vt 0.36394799 0.72560000
vt 0.36036932 0.72417665
vt 0.35882398 0.72564065
vt 0.36394799 0.72560000
vt 0.36484265 0.72198069
vt 0.36081666 0.72230601
vt 0.36036932 0.72417665
vt 0.35610613 0.72256356
vt 0.36996666 0.71474200
vt 0.37265068 0.72137070
vt 0.35610613 0.72256356
vt 0.36354133 0.71018732
vt 0.36996666 0.71474200
vt 0.35610613 0.72256356
vt 0.35512334 0.70892668
vt 0.36354133 0.71018732
vt 0.35610613 0.72256356
vt 0.34699002 0.71136665
vt 0.35512334 0.70892668
vt 0.35610613 0.72256356
vt 0.34129664 0.71677530
vt 0.34699002 0.71136665
vt 0.35610613 0.72256356
vt 0.33954799 0.72372931
vt 0.34129664 0.71677530
vt 0.35610613 0.72256356
vt 0.34227267 0.73039865
vt 0.33954799 0.72372931
vt 0.35610613 0.72256356
vt 0.34865734 0.73495328
vt 0.34227267 0.73039865
vt 0.35610613 0.72256356
vt 0.35707533 0.73617339
vt 0.34865734 0.73495328
vt 0.35610613 0.72256356
vt 0.36520866 0.73377401
vt 0.35707533 0.73617339
vt 0.35610613 0.72256356
vt 0.37094265 0.72836530
vt 0.36520866 0.73377401
vt 0.35610613 0.72256356
vt 0.37265068 0.72137070
vt 0.37094265 0.72836530
vt 0.36081666 0.72230601
vt 0.36008465 0.72051668
vt 0.35642466 0.72263134
vt 0.36008465 0.72051668
vt 0.35837665 0.71925598
vt 0.35642466 0.72263134
vt 0.35837665 0.71925598
vt 0.35609931 0.71893072
vt 0.35642466 0.72263134
vt 0.35609931 0.71893072
vt 0.35390332 0.71958137
vt 0.35642466 0.72263134
vt 0.35390332 0.71958137
vt 0.35235798 0.72104537
vt 0.35642466 0.72263134
vt 0.35235798 0.72104537
vt 0.35191065 0.72295666
vt 0.35642466 0.72263134
vt 0.35191065 0.72295666
vt 0.35260201 0.72474599
vt 0.35642466 0.72263134
vt 0.35260201 0.72474599
vt 0.35435066 0.72596598
vt 0.35642466 0.72263134
vt 0.35435066 0.72596598
vt 0.35662800 0.72629130
vt 0.35642466 0.72263134
vt 0.35662800 0.72629130
vt 0.35882398 0.72564065
vt 0.35642466 0.72263134
vt 0.35882398 0.72564065
vt 0.36036932 0.72417665
vt 0.35642466 0.72263134
vt 0.36036932 0.72417665
vt 0.36081666 0.72230601
vt 0.35642466 0.72263134
vt 0.12734933 0.72137070
vt 0.13096865 0.72165531
vt 0.13308333 0.71644998
vt 0.13003333 0.71474200
vt 0.13003333 0.71474200
vt 0.13308333 0.71644998
vt 0.13808532 0.71291202
vt 0.13645865 0.71018732
vt 0.13645865 0.71018732
vt 0.13808532 0.71291202
vt 0.14463264 0.71193600
vt 0.14487666 0.70892668
vt 0.14487666 0.70892668
vt 0.14463264 0.71193600
vt 0.15097664 0.71380669
vt 0.15300998 0.71136665
vt 0.15300998 0.71136665
vt 0.15097664 0.71380669
vt 0.15544997 0.71803600
vt 0.15870334 0.71677530
vt 0.15870334 0.71677530
vt 0.15544997 0.71803600
vt 0.15679200 0.72348535
vt 0.16045199 0.72372931
vt 0.16045199 0.72372931
vt 0.15679200 0.72348535
vt 0.15467732 0.72869068
vt 0.15772732 0.73039865
vt 0.15772732 0.73039865
vt 0.15467732 0.72869068
vt 0.14967532 0.73222864
vt 0.15134265 0.73495328
vt 0.15134265 0.73495328
vt 0.14967532 0.73222864
vt 0.14312799 0.73320466
vt 0.14292465 0.73617339
vt 0.14292465 0.73617339
vt 0.14312799 0.73320466
vt 0.13674334 0.73129332
vt 0.13479133 0.73377401
vt 0.13479133 0.73377401
vt 0.13674334 0.73129332
vt 0.13231066 0.72706401
vt 0.12905733 0.72836530
vt 0.12905733 0.72836530
vt 0.13231066 0.72706401
vt 0.13096865 0.72165531
vt 0.12734933 0.72137070
vt 0.13096865 0.72165531
vt 0.13515733 0.72198069
vt 0.13658065 0.71852398
vt 0.13308333 0.71644998
vt 0.13308333 0.71644998
vt 0.13658065 0.71852398
vt 0.13991533 0.71616530
vt 0.13808532 0.71291202
vt 0.13808532 0.71291202
vt 0.13991533 0.71616530
vt 0.14426666 0.71551466
vt 0.14463264 0.71193600
vt 0.14463264 0.71193600
vt 0.14426666 0.71551466
vt 0.14849599 0.71677530
vt 0.15097664 0.71380669
vt 0.15097664 0.71380669
vt 0.14849599 0.71677530
vt 0.15146464 0.71958137
vt 0.15544997 0.71803600
vt 0.15544997 0.71803600
vt 0.15146464 0.71958137
vt 0.15235934 0.72320068
vt 0.15679200 0.72348535
vt 0.15679200 0.72348535
vt 0.15235934 0.72320068
vt 0.15097664 0.72665733
vt 0.15467732 0.72869068
vt 0.15467732 0.72869068
vt 0.15097664 0.72665733
vt 0.14764199 0.72901601
vt 0.14967532 0.73222864
vt 0.14967532 0.73222864
vt 0.14764199 0.72901601
vt 0.14324999 0.72966665
vt 0.14312799 0.73320466
vt 0.14312799 0.73320466
vt 0.14324999 0.72966665
vt 0.13902064 0.72840595
vt 0.13674334 0.73129332
vt 0.13674334 0.73129332
vt 0.13902064 0.72840595
vt 0.13605198 0.72560000
vt 0.13231066 0.72706401
vt 0.13231066 0.72706401
vt 0.13605198 0.72560000
vt 0.13515733 0.72198069
vt 0.13096865 0.72165531
vt 0.13515733 0.72198069
vt 0.13918333 0.72230601
vt 0.13991533 0.72051668
vt 0.13658065 0.71852398
vt 0.13658065 0.71852398
vt 0.13991533 0.72051668
vt 0.14162332 0.71925598
vt 0.13991533 0.71616530
vt 0.13991533 0.71616530
vt 0.14162332 0.71925598
vt 0.14390066 0.71893072
vt 0.14426666 0.71551466
vt 0.14426666 0.71551466
vt 0.14390066 0.71893072
vt 0.14609665 0.71958137
vt 0.14849599 0.71677530
vt 0.14849599 0.71677530
vt 0.14609665 0.71958137
vt 0.14764199 0.72104537
vt 0.15146464 0.71958137
vt 0.15146464 0.71958137
vt 0.14764199 0.72104537
vt 0.14808932 0.72295666
vt 0.15235934 0.72320068
vt 0.15235934 0.72320068
vt 0.14808932 0.72295666
vt 0.14739798 0.72474599
vt 0.15097664 0.72665733
vt 0.15097664 0.72665733
vt 0.14739798 0.72474599
vt 0.14564933 0.72596598
vt 0.14764199 0.72901601
vt 0.14764199 0.72901601
vt 0.14564933 0.72596598
vt 0.14337198 0.72629130
vt 0.14324999 0.72966665
vt 0.14324999 0.72966665
vt 0.14337198 0.72629130
vt 0.14117600 0.72564065
vt 0.13902064 0.72840595
vt 0.13902064 0.72840595
vt 0.14117600 0.72564065
vt 0.13963066 0.72417665
vt 0.13605198 0.72560000
vt 0.13605198 0.72560000
vt 0.13963066 0.72417665
vt 0.13918333 0.72230601
vt 0.13515733 0.72198069
vt 0.14389387 0.72256356
vt 0.12734933 0.72137070
vt 0.13003333 0.71474200
vt 0.14389387 0.72256356
vt 0.13003333 0.71474200
vt 0.13645865 0.71018732
vt 0.14389387 0.72256356
vt 0.13645865 0.71018732
vt 0.14487666 0.70892668
vt 0.14389387 0.72256356
vt 0.14487666 0.70892668
vt 0.15300998 0.71136665
vt 0.14389387 0.72256356
vt 0.15300998 0.71136665
vt 0.15870334 0.71677530
vt 0.14389387 0.72256356
vt 0.15870334 0.71677530
vt 0.16045199 0.72372931
vt 0.14389387 0.72256356
vt 0.16045199 0.72372931
vt 0.15772732 0.73039865
vt 0.14389387 0.72256356
vt 0.15772732 0.73039865
vt 0.15134265 0.73495328
vt 0.14389387 0.72256356
vt 0.15134265 0.73495328
vt 0.14292465 0.73617339
vt 0.14389387 0.72256356
vt 0.14292465 0.73617339
vt 0.13479133 0.73377401
vt 0.14389387 0.72256356
vt 0.13479133 0.73377401
vt 0.12905733 0.72836530
vt 0.14389387 0.72256356
vt 0.12905733 0.72836530
vt 0.12734933 0.72137070
vt 0.13918333 0.72230601
vt 0.14357533 0.72263134
vt 0.13991533 0.72051668
vt 0.13991533 0.72051668
vt 0.14357533 0.72263134
vt 0.14162332 0.71925598
vt 0.14162332 0.71925598
vt 0.14357533 0.72263134
vt 0.14390066 0.71893072
vt 0.14390066 0.71893072
vt 0.14357533 0.72263134
vt 0.14609665 0.71958137
vt 0.14609665 0.71958137
vt 0.14357533 0.72263134
vt 0.14764199 0.72104537
vt 0.14764199 0.72104537
vt 0.14357533 0.72263134
vt 0.14808932 0.72295666
vt 0.14808932 0.72295666
vt 0.14357533 0.72263134
vt 0.14739798 0.72474599
vt 0.14739798 0.72474599
vt 0.14357533 0.72263134
vt 0.14564933 0.72596598
vt 0.14564933 0.72596598
vt 0.14357533 0.72263134
vt 0.14337198 0.72629130
vt 0.14337198 0.72629130
vt 0.14357533 0.72263134
vt 0.14117600 0.72564065
vt 0.14117600 0.72564065
vt 0.14357533 0.72263134
vt 0.13963066 0.72417665
vt 0.13963066 0.72417665
vt 0.14357533 0.72263134
vt 0.13918333 0.72230601
vn 0.74945974 0.18779075 0.63485807
vn 0.74945974 0.18779075 0.63485807
vn 0.74945974 0.18779075 0.63485807
vn 0.74945974 0.18779075 0.63485807
vn 0.62441856 0.09203872 0.77564836
vn 0.62441856 0.09203872 0.77564836
vn 0.62441856 0.09203872 0.77564836
vn 0.62441856 0.09203872 0.77564836
vn 0.53748828 0.18875009 0.82187575
vn 0.53748828 0.18875009 0.82187575
vn 0.53748828 0.18875009 0.82187575
vn 0.53748828 0.18875009 0.82187575
vn 0.57841206 -0.11899155 0.80701953
vn 0.57841206 -0.11899155 0.80701959
vn 0.57841206 -0.11899155 0.80701953
vn 0.57841206 -0.11899155 0.80701959
vn 0.69664496 -0.09292813 0.71137202
vn 0.69664502 -0.09292814 0.71137208
vn 0.69664496 -0.09292813 0.71137202
vn 0.69664502 -0.09292814 0.71137208
vn -0.94706362 -0.29264769 -0.13201417
vn -0.94706374 -0.29264775 -0.13201419
vn -0.94706362 -0.29264769 -0.13201417
vn -0.94706374 -0.29264775 -0.13201419
vn 0.99495834 -0.08370230 0.05524352
vn 0.99495834 -0.08370231 0.05524352
vn 0.99495834 -0.08370230 0.05524352
vn 0.99495834 -0.08370231 0.05524352
vn -0.93089134 -0.07831258 0.35680330
vn -0.93089134 -0.07831258 0.35680330
vn -0.93089134 -0.07831258 0.35680330
vn -0.93089134 -0.07831258 0.35680330
vn 0.78394526 -0.24224328 -0.57161880
vn 0.78394526 -0.24224328 -0.57161880
vn 0.78394526 -0.24224328 -0.57161880
vn 0.78394526 -0.24224328 -0.57161880
vn -0.58473420 -0.07799993 0.80746645
vn -0.58473420 -0.07799993 0.80746645
vn -0.58473420 -0.07799993 0.80746645
vn -0.58473420 -0.07799993 0.80746645
vn -0.55342102 -0.11385036 0.82508385
vn -0.55342102 -0.11385036 0.82508385
vn -0.55342102 -0.11385036 0.82508385
vn -0.55342102 -0.11385036 0.82508385
vn -0.58622724 0.20586583 0.78355402
vn -0.58622724 0.20586583 0.78355402
vn -0.58622724 0.20586583 0.78355402
vn -0.58622724 0.20586583 0.78355402
vn -0.79127377 0.11663302 0.60023540
vn -0.79127377 0.11663302 0.60023540
vn -0.79127377 0.11663302 0.60023540
vn -0.79127377 0.11663302 0.60023540
vn -0.94958413 0.23793554 0.20414869
vn -0.94958413 0.23793554 0.20414869
vn -0.94958413 0.23793554 0.20414869
vn -0.94958413 0.23793554 0.20414869
vn 0.31044236 0.74675506 0.58820283
vn 0.31044236 0.74675506 0.58820283
vn 0.31044236 0.74675506 0.58820283
vn 0.31044236 0.74675506 0.58820283
vn 0.54826355 0.40334922 0.73260939
vn 0.54826355 0.40334922 0.73260939
vn 0.54826355 0.40334922 0.73260939
vn 0.54826355 0.40334922 0.73260939
vn 0.51971751 0.38088942 0.76473331
vn 0.51971751 0.38088942 0.76473331
vn 0.51971751 0.38088942 0.76473331
vn 0.51971751 0.38088942 0.76473331
vn 0.56945431 -0.27201176 0.77571356
vn 0.56945431 -0.27201176 0.77571356
vn 0.56945431 -0.27201176 0.77571356
vn 0.56945431 -0.27201176 0.77571356
vn 0.61367118 -0.34807590 0.70869654
vn 0.61367118 -0.34807590 0.70869654
vn 0.61367118 -0.34807590 0.70869654
vn 0.61367118 -0.34807590 0.70869654
vn -0.35390899 -0.89363790 0.27597073
vn -0.35390899 -0.89363790 0.27597073
vn -0.35390899 -0.89363790 0.27597073
vn -0.35390899 -0.89363790 0.27597073
vn 0.77372712 -0.57510865 0.26570016
vn 0.77372712 -0.57510865 0.26570016
vn 0.77372712 -0.57510865 0.26570016
vn 0.77372712 -0.57510865 0.26570016
vn -0.71399873 -0.53071272 0.45667264
vn -0.71399873 -0.53071272 0.45667264
vn -0.71399873 -0.53071272 0.45667264
vn -0.71399873 -0.53071272 0.45667264
vn 0.36635119 -0.92505527 0.10029708
vn 0.36635119 -0.92505527 0.10029708
vn 0.36635119 -0.92505527 0.10029708
vn 0.36635119 -0.92505527 0.10029708
vn -0.55803406 -0.31651840 0.76708150
vn -0.55803406 -0.31651840 0.76708150
vn -0.55803406 -0.31651840 0.76708150
vn -0.55803406 -0.31651840 0.76708150
vn -0.55528378 -0.26524284 0.78822976
vn -0.55528378 -0.26524284 0.78822976
vn -0.55528378 -0.26524284 0.78822976
vn -0.55528378 -0.26524284 0.78822976
vn -0.54878294 0.40219086 0.73285735
vn -0.54878294 0.40219086 0.73285735
vn -0.54878294 0.40219086 0.73285735
vn -0.54878294 0.40219086 0.73285735
vn -0.62747383 0.46162301 0.62704140
vn -0.62747383 0.46162301 0.62704140
vn -0.62747383 0.46162301 0.62704140
vn -0.62747383 0.46162301 0.62704140
vn -0.34400806 0.82749575 0.44374454
vn -0.34400806 0.82749575 0.44374454
vn -0.34400806 0.82749575 0.44374454
vn -0.34400806 0.82749575 0.44374454
vn 0.18281423 0.94232434 0.28036389
vn 0.18281423 0.94232434 0.28036389
vn 0.18281423 0.94232434 0.28036389
vn 0.18281423 0.94232434 0.28036389
vn 0.60960048 0.68640172 0.39653504
vn 0.60960048 0.68640172 0.39653504
vn 0.60960048 0.68640172 0.39653504
vn 0.60960048 0.68640172 0.39653504
vn 0.65356672 0.62123936 0.43233353
vn 0.65356672 0.62123936 0.43233353
vn 0.65356672 0.62123936 0.43233353
vn 0.65356672 0.62123936 0.43233353
vn 0.75279421 -0.45646450 0.47427958
vn 0.75279421 -0.45646450 0.47427958
vn 0.75279421 -0.45646441 0.47427946
vn 0.75279415 -0.45646444 0.47427952
vn 0.70189953 -0.56128198 0.43851987
vn 0.70189953 -0.56128198 0.43851990
vn 0.70189953 -0.56128198 0.43851990
vn 0.70189953 -0.56128198 0.43851987
vn -0.20068124 -0.95343924 0.22512379
vn -0.20068124 -0.95343924 0.22512379
vn -0.20068124 -0.95343924 0.22512379
vn -0.20068124 -0.95343924 0.22512379
vn 0.54441983 -0.80714512 0.22830670
vn 0.54441977 -0.80714506 0.22830668
vn 0.54441983 -0.80714512 0.22830670
vn 0.54441977 -0.80714506 0.22830668
vn -0.53567672 -0.79418278 0.28692186
vn -0.53567672 -0.79418278 0.28692183
vn -0.53567672 -0.79418278 0.28692186
vn -0.53567672 -0.79418278 0.28692183
vn 0.20217210 -0.96052235 0.19111061
vn 0.20217210 -0.96052235 0.19111061
vn 0.20217210 -0.96052235 0.19111061
vn 0.20217210 -0.96052235 0.19111061
vn -0.69718534 -0.55751222 0.45068046
vn -0.69718528 -0.55751222 0.45068046
vn -0.69718534 -0.55751222 0.45068046
vn -0.69718528 -0.55751222 0.45068046
vn -0.75254148 -0.45631123 0.47482786
vn -0.75254148 -0.45631123 0.47482786
vn -0.75254148 -0.45631123 0.47482786
vn -0.75254148 -0.45631123 0.47482786
vn -0.65981477 0.62717837 0.41387409
vn -0.65981477 0.62717837 0.41387409
vn -0.65981477 0.62717837 0.41387409
vn -0.65981477 0.62717837 0.41387409
vn -0.62426996 0.70291942 0.34086853
vn -0.62426996 0.70291942 0.34086853
vn -0.62426996 0.70291942 0.34086853
vn -0.62426996 0.70291942 0.34086853
vn -0.18516606 0.95444691 0.23397586
vn -0.18516606 0.95444691 0.23397586
vn -0.18516606 0.95444691 0.23397586
vn -0.18516606 0.95444691 0.23397586
vn 0.14888939 0.98063958 0.12719321
vn 0.14888939 0.98063958 0.12719321
vn 0.14888939 0.98063958 0.12719321
vn 0.14888939 0.98063958 0.12719321
vn 0.61679173 0.77005708 0.16303435
vn 0.61679173 0.77005708 0.16303435
vn 0.61679173 0.77005708 0.16303435
vn 0.61679173 0.77005708 0.16303435
vn 0.69525093 0.69757622 0.17324439
vn 0.69525093 0.69757622 0.17324439
vn 0.69525093 0.69757622 0.17324439
vn 0.69525093 0.69757622 0.17324439
vn 0.83624172 -0.50868100 0.20480068
vn 0.83624172 -0.50868100 0.20480068
vn 0.83624172 -0.50868100 0.20480068
vn 0.83624172 -0.50868100 0.20480068
vn 0.75548571 -0.62036645 0.21068215
vn 0.75548571 -0.62036645 0.21068215
vn 0.75548571 -0.62036645 0.21068215
vn 0.75548571 -0.62036645 0.21068215
vn -0.17463122 -0.97519875 0.13598274
vn -0.17463122 -0.97519875 0.13598274
vn -0.17463122 -0.97519875 0.13598274
vn -0.17463122 -0.97519875 0.13598274
vn 0.47998819 -0.86647218 0.13724929
vn 0.47998819 -0.86647218 0.13724929
vn 0.47998819 -0.86647218 0.13724929
vn 0.47998819 -0.86647218 0.13724929
vn -0.47879538 -0.86431885 0.15397407
vn -0.47879538 -0.86431885 0.15397407
vn -0.47879538 -0.86431885 0.15397407
vn -0.47879538 -0.86431885 0.15397407
vn 0.17480461 -0.97616690 0.12861396
vn 0.17480461 -0.97616690 0.12861396
vn 0.17480461 -0.97616690 0.12861396
vn 0.17480461 -0.97616690 0.12861396
vn -0.75824589 -0.62263292 0.19336855
vn -0.75824589 -0.62263292 0.19336855
vn -0.75824589 -0.62263292 0.19336855
vn -0.75824589 -0.62263292 0.19336855
vn -0.83771354 -0.50957626 0.19638748
vn -0.83771354 -0.50957626 0.19638748
vn -0.83771354 -0.50957626 0.19638748
vn -0.83771354 -0.50957626 0.19638748
vn -0.69525099 0.69757622 0.17324440
vn -0.69525099 0.69757622 0.17324440
vn -0.69525093 0.69757622 0.17324437
vn -0.69525093 0.69757622 0.17324437
vn -0.61802906 0.77160180 0.15056859
vn -0.61802906 0.77160180 0.15056859
vn -0.61802906 0.77160180 0.15056859
vn -0.61802906 0.77160180 0.15056859
vn -0.14915755 0.98240578 0.11238722
vn -0.14915757 0.98240584 0.11238723
vn -0.14915755 0.98240578 0.11238722
vn -0.14915757 0.98240584 0.11238723
vn 0.13549194 0.96999902 -0.20185117
vn 0.13549194 0.96999902 -0.20185117
vn 0.13549194 0.96999902 -0.20185117
vn 0.13549194 0.96999902 -0.20185117
vn 0.61207801 0.77910465 -0.13548571
vn 0.61207807 0.77910471 -0.13548572
vn 0.61207801 0.77910465 -0.13548571
vn 0.61207807 0.77910471 -0.13548572
vn 0.70331812 0.70567036 -0.08586598
vn 0.70331812 0.70567036 -0.08586599
vn 0.70331812 0.70567036 -0.08586598
vn 0.70331812 0.70567036 -0.08586599
vn 0.85721993 -0.50385201 -0.10633533
vn 0.85721993 -0.50385201 -0.10633533
vn 0.85721993 -0.50385201 -0.10633533
vn 0.85721993 -0.50385201 -0.10633533
vn 0.77245426 -0.61678863 -0.15128213
vn 0.77245426 -0.61678863 -0.15128213
vn 0.77245426 -0.61678863 -0.15128213
vn 0.77245426 -0.61678863 -0.15128213
vn -0.16833793 -0.97493011 -0.14551146
vn -0.16833793 -0.97493011 -0.14551146
vn -0.16833793 -0.97493011 -0.14551146
vn -0.16833793 -0.97493011 -0.14551146
vn 0.45940071 -0.87665123 -0.14294575
vn 0.45940071 -0.87665123 -0.14294575
vn 0.45940071 -0.87665123 -0.14294575
vn 0.45940071 -0.87665123 -0.14294575
vn -0.45926023 -0.87638319 -0.14502601
vn -0.45926023 -0.87638319 -0.14502601
vn -0.45926023 -0.87638319 -0.14502601
vn -0.45926023 -0.87638319 -0.14502601
vn 0.16827847 -0.97458583 -0.14786789
vn 0.16827847 -0.97458583 -0.14786789
vn 0.16827847 -0.97458583 -0.14786789
vn 0.16827847 -0.97458583 -0.14786789
vn -0.77717656 -0.62055922 -0.10441675
vn -0.77717656 -0.62055922 -0.10441675
vn -0.77717656 -0.62055922 -0.10441675
vn -0.77717656 -0.62055922 -0.10441675
vn -0.85914660 -0.50498438 -0.08281268
vn -0.85914660 -0.50498438 -0.08281268
vn -0.85914660 -0.50498438 -0.08281268
vn -0.85914660 -0.50498438 -0.08281268
vn -0.69953126 0.70187080 -0.13428855
vn -0.69953126 0.70187080 -0.13428855
vn -0.69953126 0.70187080 -0.13428855
vn -0.69953126 0.70187080 -0.13428855
vn -0.60733318 0.77306497 -0.18307674
vn -0.60733318 0.77306497 -0.18307674
vn -0.60733318 0.77306497 -0.18307674
vn -0.60733318 0.77306497 -0.18307674
vn -0.13565455 0.97116321 -0.19606069
vn -0.13565455 0.97116321 -0.19606069
vn -0.13565455 0.97116321 -0.19606069
vn -0.13565455 0.97116321 -0.19606069
vn 0.12930661 0.88868850 -0.43990070
vn 0.12930661 0.88868850 -0.43990070
vn 0.12930661 0.88868850 -0.43990070
vn 0.12930661 0.88868850 -0.43990070
vn 0.52835929 0.73706847 -0.42138654
vn 0.52835929 0.73706847 -0.42138654
vn 0.52835929 0.73706841 -0.42138654
vn 0.52835929 0.73706841 -0.42138654
vn 0.60855955 0.69782263 -0.37775508
vn 0.60855955 0.69782263 -0.37775508
vn 0.60855955 0.69782263 -0.37775508
vn 0.60855955 0.69782263 -0.37775508
vn 0.74662179 -0.49244061 -0.44727853
vn 0.74662179 -0.49244061 -0.44727853
vn 0.74662179 -0.49244061 -0.44727853
vn 0.74662179 -0.49244061 -0.44727853
vn 0.66509068 -0.58129817 -0.46877167
vn 0.66509068 -0.58129817 -0.46877167
vn 0.66509062 -0.58129823 -0.46877164
vn 0.66509062 -0.58129823 -0.46877164
vn -0.15861633 -0.93174326 -0.32664254
vn -0.15861635 -0.93174332 -0.32664257
vn -0.15861635 -0.93174332 -0.32664257
vn -0.15861633 -0.93174326 -0.32664254
vn 0.44092628 -0.83449405 -0.33045971
vn 0.44092628 -0.83449405 -0.33045971
vn 0.44092628 -0.83449405 -0.33045971
vn 0.44092628 -0.83449405 -0.33045971
vn -0.43545097 -0.82413143 -0.36220139
vn -0.43545094 -0.82413143 -0.36220136
vn -0.43545097 -0.82413143 -0.36220139
vn -0.43545094 -0.82413143 -0.36220136
vn 0.15935959 -0.93610930 -0.31353468
vn 0.15935959 -0.93610930 -0.31353468
vn 0.15935959 -0.93610930 -0.31353468
vn 0.15935959 -0.93610930 -0.31353468
vn -0.68136740 -0.59552437 -0.42554599
vn -0.68136734 -0.59552425 -0.42554593
vn -0.68136740 -0.59552437 -0.42554599
vn -0.68136734 -0.59552425 -0.42554593
vn -0.75760055 -0.49968177 -0.41995201
vn -0.75760049 -0.49968171 -0.41995198
vn -0.75760055 -0.49968177 -0.41995201
vn -0.75760049 -0.49968171 -0.41995198
vn -0.59168273 0.67847031 -0.43541908
vn -0.59168273 0.67847031 -0.43541908
vn -0.59168273 0.67847031 -0.43541908
vn -0.59168273 0.67847031 -0.43541908
vn -0.51792711 0.72251546 -0.45795524
vn -0.51792711 0.72251546 -0.45795524
vn -0.51792711 0.72251546 -0.45795524
vn -0.51792711 0.72251546 -0.45795524
vn -0.13106534 0.90077567 -0.41403499
vn -0.13106534 0.90077567 -0.41403499
vn -0.13106534 0.90077567 -0.41403499
vn -0.13106534 0.90077567 -0.41403499
vn 0.15592635 0.87070626 -0.46643072
vn 0.15592635 0.87070626 -0.46643072
vn 0.15592635 0.87070626 -0.46643072
vn 0.15592635 0.87070626 -0.46643072
vn 0.46757945 0.72156876 -0.51059580
vn 0.46757945 0.72156876 -0.51059580
vn 0.46757945 0.72156876 -0.51059580
vn 0.46757945 0.72156876 -0.51059580
vn 0.49931318 0.72364223 -0.47647497
vn 0.49931318 0.72364223 -0.47647497
vn 0.49931318 0.72364223 -0.47647497
vn 0.49931318 0.72364223 -0.47647497
vn 0.63498992 -0.50981182 -0.58041334
vn 0.63498992 -0.50981182 -0.58041334
vn 0.63498992 -0.50981182 -0.58041334
vn 0.63498992 -0.50981182 -0.58041334
vn 0.58293414 -0.57527775 -0.57379729
vn 0.58293414 -0.57527775 -0.57379729
vn 0.58293414 -0.57527775 -0.57379729
vn 0.58293414 -0.57527775 -0.57379729
vn -0.17173269 -0.92414320 -0.34127298
vn -0.17173269 -0.92414320 -0.34127298
vn -0.17173269 -0.92414320 -0.34127298
vn -0.17173269 -0.92414320 -0.34127298
vn 0.48689982 -0.80183572 -0.34639308
vn 0.48689982 -0.80183572 -0.34639308
vn 0.48689982 -0.80183572 -0.34639308
vn 0.48689982 -0.80183572 -0.34639308
vn -0.47334132 -0.77950734 -0.41026390
vn -0.47334132 -0.77950734 -0.41026390
vn -0.47334132 -0.77950734 -0.41026390
vn -0.47334132 -0.77950734 -0.41026390
vn 0.17386822 -0.93563503 -0.30717593
vn 0.17386822 -0.93563503 -0.30717593
vn 0.17386822 -0.93563503 -0.30717593
vn 0.17386822 -0.93563503 -0.30717593
vn -0.59197968 -0.58420444 -0.55521637
vn -0.59197968 -0.58420444 -0.55521637
vn -0.59197968 -0.58420444 -0.55521637
vn -0.59197968 -0.58420444 -0.55521637
vn -0.64531034 -0.51809770 -0.56138164
vn -0.64531034 -0.51809770 -0.56138164
vn -0.64531034 -0.51809770 -0.56138164
vn -0.64531034 -0.51809770 -0.56138164
vn -0.48555252 0.70369917 -0.51869673
vn -0.48555252 0.70369917 -0.51869673
vn -0.48555252 0.70369917 -0.51869673
vn -0.48555252 0.70369917 -0.51869673
vn -0.46666107 0.72015160 -0.51342881
vn -0.46666107 0.72015160 -0.51342881
vn -0.46666113 0.72015160 -0.51342881
vn -0.46666113 0.72015160 -0.51342881
vn -0.16010424 0.89403605 -0.41840902
vn -0.16010424 0.89403605 -0.41840902
vn -0.16010426 0.89403617 -0.41840905
vn -0.16010424 0.89403605 -0.41840902
vn 0.20723417 0.83082068 -0.51651824
vn 0.20723417 0.83082068 -0.51651824
vn 0.20723417 0.83082068 -0.51651824
vn 0.20723417 0.83082068 -0.51651824
vn 0.42608738 0.66415787 -0.61428326
vn 0.42608738 0.66415793 -0.61428326
vn 0.42608738 0.66415787 -0.61428326
vn 0.42608738 0.66415793 -0.61428326
vn 0.39322358 0.73647243 -0.55043948
vn 0.39322358 0.73647249 -0.55043948
vn 0.39322358 0.73647243 -0.55043948
vn 0.39322358 0.73647249 -0.55043948
vn 0.51630837 -0.51337504 -0.68547195
vn 0.51630837 -0.51337504 -0.68547195
vn 0.51630837 -0.51337504 -0.68547195
vn 0.51630837 -0.51337504 -0.68547195
vn 0.51204461 -0.54474801 -0.66412348
vn 0.51204461 -0.54474801 -0.66412348
vn 0.51204461 -0.54474801 -0.66412348
vn 0.51204461 -0.54474801 -0.66412348
vn -0.21253717 -0.92187983 -0.32398409
vn -0.21253717 -0.92187983 -0.32398409
vn -0.21253717 -0.92187983 -0.32398409
vn -0.21253717 -0.92187983 -0.32398409
vn 0.58729053 -0.73932743 -0.32937032
vn 0.58729053 -0.73932743 -0.32937032
vn 0.58729053 -0.73932743 -0.32937032
vn 0.58729053 -0.73932743 -0.32937032
vn -0.55419624 -0.69766575 -0.45401442
vn -0.55419624 -0.69766575 -0.45401442
vn -0.55419624 -0.69766575 -0.45401442
vn -0.55419624 -0.69766575 -0.45401442
vn 0.21798728 -0.94551963 -0.24181448
vn 0.21798728 -0.94551963 -0.24181448
vn 0.21798728 -0.94551963 -0.24181448
vn 0.21798728 -0.94551963 -0.24181448
vn -0.50512701 -0.53738856 -0.67532229
vn -0.50512701 -0.53738856 -0.67532229
vn -0.50512701 -0.53738856 -0.67532229
vn -0.50512701 -0.53738856 -0.67532229
vn -0.52339005 -0.52041650 -0.67470706
vn -0.52339005 -0.52041650 -0.67470706
vn -0.52339005 -0.52041650 -0.67470706
vn -0.52339005 -0.52041650 -0.67470706
vn -0.38266641 0.71669972 -0.58301634
vn -0.38266641 0.71669972 -0.58301634
vn -0.38266641 0.71669972 -0.58301634
vn -0.38266641 0.71669972 -0.58301634
vn -0.44085273 0.68717313 -0.57744431
vn -0.44085273 0.68717313 -0.57744431
vn -0.44085273 0.68717313 -0.57744431
vn -0.44085273 0.68717313 -0.57744431
vn -0.21917707 0.87870085 -0.42408299
vn -0.21917707 0.87870085 -0.42408299
vn -0.21917707 0.87870085 -0.42408299
vn -0.21917707 0.87870085 -0.42408299
vn 0.00000000 0.00000000 1.00000000
vn 0.00000000 0.00000000 1.00000000
vn 0.00000000 0.00000000 1.00000000
vn 0.00000000 0.00000000 1.00000000
vn 0.00000000 0.00000000 1.00000000
vn 0.00000000 0.00000000 1.00000000
vn 0.00000000 0.00000000 1.00000000
vn 0.00000000 0.00000000 1.00000000
vn 0.00000000 0.00000000 1.00000000
vn 0.00000000 0.00000000 1.00000000
vn 0.00000000 0.00000000 1.00000000
vn 0.00000000 0.00000000 1.00000000
vn 0.00000000 0.00000000 1.00000000
vn 0.00000000 0.00000000 1.00000000
vn 0.00000000 0.00000000 1.00000000
vn 0.00000000 0.00000000 1.00000000
vn 0.00000000 0.00000000 1.00000000
vn 0.00000000 0.00000000 1.00000000
vn 0.00000000 0.00000000 1.00000000
vn 0.00000000 0.00000000 1.00000000
vn 0.00000000 0.00000000 1.00000000
vn 0.00000000 0.00000000 1.00000000
vn 0.00000000 0.00000000 1.00000000
vn 0.00000000 0.00000000 1.00000000
vn 0.00000000 0.00000000 1.00000000
vn 0.00000000 0.00000000 1.00000000
vn 0.00000000 0.00000000 1.00000000
vn 0.00000000 0.00000000 1.00000000
vn 0.00000000 0.00000000 1.00000000
vn 0.00000000 0.00000000 1.00000000
vn 0.00000000 0.00000000 1.00000000
vn 0.00000000 0.00000000 1.00000000
vn 0.00000000 0.00000000 1.00000000
vn 0.00000000 0.00000000 1.00000000
vn 0.00000000 0.00000000 1.00000000
vn 0.00000000 0.00000000 1.00000000
vn 0.00000000 0.00000000 1.00000000
vn 0.00000000 0.00000000 1.00000000
vn 0.00000000 0.00000000 1.00000000
vn 0.00000000 0.00000000 1.00000000
vn 0.00000000 0.00000000 1.00000000
vn 0.00000000 0.00000000 1.00000000
vn 0.00000000 0.00000000 -1.00000000
vn 0.00000000 0.00000000 -1.00000000
vn 0.00000000 0.00000000 -1.00000000
vn 0.00000000 0.00000000 -1.00000000
vn 0.00000000 0.00000000 -1.00000000
vn 0.00000000 0.00000000 -1.00000000
vn 0.00000000 0.00000000 -1.00000000
vn 0.00000000 0.00000000 -1.00000000
vn 0.00000000 0.00000000 -1.00000000
vn 0.00000000 0.00000000 -1.00000000
vn 0.00000000 0.00000000 -1.00000000
vn 0.00000000 0.00000000 -1.00000000
vn 0.00000000 0.00000000 -1.00000000
vn 0.00000000 0.00000000 -1.00000000
vn 0.00000000 0.00000000 -1.00000000
vn 0.00000000 0.00000000 -1.00000000
vn 0.00000000 0.00000000 -1.00000000
vn 0.00000000 0.00000000 -1.00000000
vn 0.00000000 0.00000000 -1.00000000
vn 0.00000000 0.00000000 -1.00000000
vn 0.00000000 0.00000000 -1.00000000
vn 0.00000000 0.00000000 -1.00000000
vn 0.00000000 0.00000000 -1.00000000
vn 0.00000000 0.00000000 -1.00000000
vn 0.00000000 0.00000000 -1.00000000
vn 0.00000000 0.00000000 -1.00000000
vn 0.00000000 0.00000000 -1.00000000
vn 0.00000000 0.00000000 -1.00000000
vn 0.00000000 0.00000000 -1.00000000
vn 0.00000000 0.00000000 -1.00000000
vn 0.00000000 0.00000000 -1.00000000
vn 0.00000000 0.00000000 -1.00000000
vn 0.00000000 0.00000000 -1.00000000
vn 0.00000000 0.00000000 -1.00000000
vn 0.00000000 0.00000000 -1.00000000
vn 0.00000000 0.00000000 -1.00000000
vn 0.00000000 0.00000000 -1.00000000
vn 0.00000000 0.00000000 -1.00000000
vn 0.00000000 0.00000000 -1.00000000
vn 0.00000000 0.00000000 -1.00000000
vn 0.00000000 0.00000000 -1.00000000
vn 0.00000000 0.00000000 -1.00000000
vn 0.02805412 0.82015240 0.57145703
vn 0.02805412 0.82015240 0.57145703
vn 0.02805411 0.82015228 0.57145703
vn 0.02805411 0.82015228 0.57145703
vn 0.02257330 0.99151760 0.12799701
vn 0.02257330 0.99151760 0.12799701
vn 0.02257330 0.99151760 0.12799701
vn 0.02257330 0.99151760 0.12799701
vn 0.02780622 0.99859464 0.04511888
vn 0.02780622 0.99859464 0.04511888
vn 0.02780622 0.99859464 0.04511888
vn 0.02780622 0.99859464 0.04511888
vn 0.03032755 0.99488789 -0.09632416
vn 0.03032755 0.99488789 -0.09632416
vn 0.03032755 0.99488789 -0.09632416
vn 0.03032755 0.99488789 -0.09632416
vn 0.02797699 0.95156991 -0.30615667
vn 0.02797699 0.95156991 -0.30615667
vn 0.02797699 0.95156991 -0.30615667
vn 0.02797699 0.95156991 -0.30615667
vn 0.05074019 0.00000000 -0.99871188
vn 0.05074019 0.00000000 -0.99871188
vn 0.05074019 0.00000000 -0.99871188
vn 0.05074019 0.00000000 -0.99871188
vn 0.01177996 -0.99127954 -0.13124867
vn 0.01177996 -0.99127954 -0.13124867
vn 0.01177996 -0.99127954 -0.13124867
vn 0.01177996 -0.99127954 -0.13124867
vn 0.00606710 -0.99923259 0.03869793
vn 0.00606710 -0.99923259 0.03869793
vn 0.00606710 -0.99923259 0.03869793
vn 0.00606710 -0.99923259 0.03869793
vn 0.00380913 -0.99965966 -0.02580964
vn 0.00380913 -0.99965966 -0.02580964
vn 0.00380913 -0.99965966 -0.02580964
vn 0.00380913 -0.99965966 -0.02580964
vn 0.00496353 -0.99906319 -0.04299040
vn 0.00496353 -0.99906319 -0.04299040
vn 0.00496353 -0.99906319 -0.04299040
vn 0.00496353 -0.99906319 -0.04299040
vn 0.02184954 -0.93640119 0.35025051
vn 0.02184954 -0.93640119 0.35025051
vn 0.02184954 -0.93640119 0.35025051
vn 0.02184954 -0.93640119 0.35025051
vn 0.05074020 0.00000000 0.99871188
vn 0.05074020 0.00000000 0.99871188
vn 0.05074020 0.00000000 0.99871188
vn 0.05074020 0.00000000 0.99871188
vn 0.06873647 0.82844502 0.55583644
vn 0.06873647 0.82844502 0.55583644
vn 0.06873647 0.82844502 0.55583644
vn 0.06873647 0.82844502 0.55583644
vn 0.05586516 0.99156523 0.11695026
vn 0.05586516 0.99156523 0.11695026
vn 0.05586516 0.99156523 0.11695026
vn 0.05586516 0.99156523 0.11695026
vn 0.06980611 0.99671173 0.04114515
vn 0.06980611 0.99671173 0.04114515
vn 0.06980611 0.99671173 0.04114515
vn 0.06980611 0.99671173 0.04114515
vn 0.07636827 0.99320138 -0.08785750
vn 0.07636827 0.99320138 -0.08785750
vn 0.07636827 0.99320138 -0.08785750
vn 0.07636827 0.99320138 -0.08785750
vn 0.07002083 0.95343345 -0.29336268
vn 0.07002083 0.95343345 -0.29336268
vn 0.07002083 0.95343345 -0.29336268
vn 0.07002083 0.95343345 -0.29336268
vn 0.12711219 0.00000000 -0.99188828
vn 0.12711219 0.00000000 -0.99188828
vn 0.12711219 0.00000000 -0.99188828
vn 0.12711219 0.00000000 -0.99188828
vn 0.02998556 -0.99060327 -0.13343869
vn 0.02998556 -0.99060327 -0.13343869
vn 0.02998556 -0.99060327 -0.13343869
vn 0.02998556 -0.99060327 -0.13343869
vn 0.01547515 -0.99925494 0.03535717
vn 0.01547515 -0.99925494 0.03535717
vn 0.01547515 -0.99925494 0.03535717
vn 0.01547515 -0.99925494 0.03535717
vn 0.00960821 -0.99967575 -0.02358138
vn 0.00960821 -0.99967575 -0.02358138
vn 0.00960821 -0.99967575 -0.02358138
vn 0.00960821 -0.99967575 -0.02358138
vn 0.01271124 -0.99914736 -0.03928151
vn 0.01271124 -0.99914736 -0.03928151
vn 0.01271124 -0.99914736 -0.03928151
vn 0.01271124 -0.99914736 -0.03928151
vn 0.05519066 -0.93457091 0.35146996
vn 0.05519066 -0.93457091 0.35146996
vn 0.05519066 -0.93457091 0.35146996
vn 0.05519066 -0.93457091 0.35146996
vn 0.12711218 0.00000000 0.99188828
vn 0.12711218 0.00000000 0.99188828
vn 0.12711218 0.00000000 0.99188828
vn 0.12711218 0.00000000 0.99188828
vn 0.08686375 0.84313822 0.53063428
vn 0.08686375 0.84313822 0.53063428
vn 0.08686375 0.84313822 0.53063428
vn 0.08686375 0.84313822 0.53063428
vn 0.07189418 0.99246222 0.09924626
vn 0.07189418 0.99246222 0.09924626
vn 0.07189418 0.99246222 0.09924626
vn 0.07189418 0.99246222 0.09924626
vn 0.09205648 0.99514449 0.03483004
vn 0.09205648 0.99514449 0.03483004
vn 0.09205648 0.99514449 0.03483004
vn 0.09205648 0.99514449 0.03483004
vn 0.10122015 0.99207777 -0.07440583
vn 0.10122015 0.99207777 -0.07440583
vn 0.10122015 0.99207777 -0.07440583
vn 0.10122015 0.99207777 -0.07440583
vn 0.09184728 0.95762104 -0.27299458
vn 0.09184728 0.95762104 -0.27299458
vn 0.09184728 0.95762104 -0.27299458
vn 0.09184728 0.95762104 -0.27299458
vn 0.16764098 0.00000000 -0.98584813
vn 0.16764098 0.00000000 -0.98584813
vn 0.16764098 0.00000000 -0.98584813
vn 0.16764098 0.00000000 -0.98584813
vn 0.04037775 -0.98974919 -0.13699023
vn 0.04037775 -0.98974919 -0.13699023
vn 0.04037775 -0.98974919 -0.13699023
vn 0.04037775 -0.98974919 -0.13699023
vn 0.02090190 -0.99933189 0.02997993
vn 0.02090190 -0.99933189 0.02997993
vn 0.02090190 -0.99933189 0.02997993
vn 0.02090190 -0.99933189 0.02997993
vn 0.01274999 -0.99971873 -0.01999437
vn 0.01274999 -0.99971873 -0.01999437
vn 0.01274999 -0.99971873 -0.01999437
vn 0.01274999 -0.99971873 -0.01999437
vn 0.01727600 -0.99929571 -0.03330982
vn 0.01727600 -0.99929571 -0.03330982
vn 0.01727600 -0.99929571 -0.03330982
vn 0.01727600 -0.99929571 -0.03330982
vn 0.07346350 -0.93245697 0.35373312
vn 0.07346350 -0.93245697 0.35373312
vn 0.07346350 -0.93245697 0.35373312
vn 0.07346350 -0.93245697 0.35373312
vn 0.16764100 0.00000000 0.98584813
vn 0.16764100 0.00000000 0.98584813
vn 0.16764100 0.00000000 0.98584813
vn 0.16764100 0.00000000 0.98584813
vn 0.08199085 0.86074305 0.50239319
vn 0.08199085 0.86074305 0.50239319
vn 0.08199085 0.86074305 0.50239319
vn 0.08199085 0.86074305 0.50239319
vn 0.06949974 0.99438226 0.07983492
vn 0.06949974 0.99438226 0.07983492
vn 0.06949974 0.99438226 0.07983492
vn 0.06949974 0.99438226 0.07983492
vn 0.09161323 0.99540168 0.02797089
vn 0.09161323 0.99540168 0.02797089
vn 0.09161323 0.99540168 0.02797089
vn 0.09161323 0.99540168 0.02797089
vn 0.10131980 0.99305516 -0.05979630
vn 0.10131980 0.99305516 -0.05979630
vn 0.10131980 0.99305516 -0.05979630
vn 0.10131980 0.99305516 -0.05979630
vn 0.09080826 0.96376950 -0.25080323
vn 0.09080826 0.96376950 -0.25080323
vn 0.09080826 0.96376950 -0.25080323
vn 0.09080826 0.96376950 -0.25080323
vn 0.16764085 0.00000000 -0.98584807
vn 0.16764085 0.00000000 -0.98584807
vn 0.16764085 0.00000000 -0.98584807
vn 0.16764085 0.00000000 -0.98584807
vn 0.04103861 -0.98916787 -0.14093548
vn 0.04103861 -0.98916787 -0.14093548
vn 0.04103861 -0.98916787 -0.14093548
vn 0.04103861 -0.98916787 -0.14093548
vn 0.02130707 -0.99948311 0.02407332
vn 0.02130707 -0.99948311 0.02407332
vn 0.02130707 -0.99948311 0.02407332
vn 0.02130707 -0.99948311 0.02407332
vn 0.01275089 -0.99978977 -0.01605378
vn 0.01275089 -0.99978977 -0.01605378
vn 0.01275089 -0.99978977 -0.01605378
vn 0.01275089 -0.99978977 -0.01605378
vn 0.01772605 -0.99948502 -0.02674823
vn 0.01772605 -0.99948502 -0.02674823
vn 0.01772605 -0.99948502 -0.02674823
vn 0.01772605 -0.99948502 -0.02674823
vn 0.07380717 -0.93131590 0.35665584
vn 0.07380717 -0.93131590 0.35665584
vn 0.07380717 -0.93131590 0.35665584
vn 0.07380717 -0.93131590 0.35665584
vn 0.16764086 0.00000000 0.98584813
vn 0.16764086 0.00000000 0.98584813
vn 0.16764086 0.00000000 0.98584813
vn 0.16764086 0.00000000 0.98584813
vn 0.05905765 0.87451375 0.48139158
vn 0.05905765 0.87451375 0.48139158
vn 0.05905765 0.87451375 0.48139158
vn 0.05905765 0.87451375 0.48139158
vn 0.05109891 0.99652839 0.06572685
vn 0.05109891 0.99652839 0.06572685
vn 0.05109891 0.99652839 0.06572685
vn 0.05109891 0.99652839 0.06572685
vn 0.06892102 0.99735641 0.02302345
vn 0.06892102 0.99735641 0.02302345
vn 0.06892102 0.99735641 0.02302345
vn 0.06892102 0.99735641 0.02302345
vn 0.07657172 0.99584639 -0.04926138
vn 0.07657172 0.99584639 -0.04926138
vn 0.07657172 0.99584639 -0.04926138
vn 0.07657172 0.99584639 -0.04926138
vn 0.06795592 0.96965945 -0.23482466
vn 0.06795592 0.96965945 -0.23482466
vn 0.06795592 0.96965945 -0.23482466
vn 0.06795592 0.96965945 -0.23482466
vn 0.12711230 0.00000000 -0.99188840
vn 0.12711230 0.00000000 -0.99188840
vn 0.12711230 0.00000000 -0.99188840
vn 0.12711230 0.00000000 -0.99188840
vn 0.03130075 -0.98910409 -0.14385252
vn 0.03130075 -0.98910409 -0.14385252
vn 0.03130075 -0.98910409 -0.14385252
vn 0.03130075 -0.98910409 -0.14385252
vn 0.01628085 -0.99967176 0.01978027
vn 0.01628085 -0.99967176 0.01978027
vn 0.01628085 -0.99967176 0.01978027
vn 0.01628085 -0.99967176 0.01978027
vn 0.00961016 -0.99986684 -0.01318939
vn 0.00961016 -0.99986684 -0.01318939
vn 0.00961016 -0.99986684 -0.01318939
vn 0.00961016 -0.99986684 -0.01318939
vn 0.01360594 -0.99966580 -0.02197794
vn 0.01360594 -0.99966580 -0.02197794
vn 0.01360594 -0.99966580 -0.02197794
vn 0.01360594 -0.99966580 -0.02197794
vn 0.05587661 -0.93158656 0.35919955
vn 0.05587661 -0.93158656 0.35919955
vn 0.05587661 -0.93158656 0.35919955
vn 0.05587661 -0.93158656 0.35919955
vn 0.12711230 0.00000000 0.99188828
vn 0.12711230 0.00000000 0.99188828
vn 0.12711230 0.00000000 0.99188828
vn 0.12711230 0.00000000 0.99188828
vn 0.02296654 0.88089800 0.47274861
vn 0.02296654 0.88089800 0.47274861
vn 0.02296654 0.88089800 0.47274861
vn 0.02296654 0.88089800 0.47274861
vn 0.02005859 0.99800402 0.05988026
vn 0.02005859 0.99800402 0.05988026
vn 0.02005859 0.99800402 0.05988026
vn 0.02005859 0.99800402 0.05988026
vn 0.02733754 0.99940592 0.02098751
vn 0.02733754 0.99940592 0.02098751
vn 0.02733754 0.99940598 0.02098751
vn 0.02733754 0.99940598 0.02098751
vn 0.03043844 0.99852610 -0.04493370
vn 0.03043844 0.99852610 -0.04493370
vn 0.03043844 0.99852622 -0.04493370
vn 0.03043844 0.99852610 -0.04493370
vn 0.02689099 0.97320122 -0.22837785
vn 0.02689099 0.97320116 -0.22837782
vn 0.02689099 0.97320122 -0.22837785
vn 0.02689099 0.97320116 -0.22837782
vn 0.05074017 0.00000000 -0.99871188
vn 0.05074018 0.00000000 -0.99871188
vn 0.05074017 0.00000000 -0.99871188
vn 0.05074018 0.00000000 -0.99871188
vn 0.01247376 -0.98933792 -0.14510289
vn 0.01247376 -0.98933804 -0.14510289
vn 0.01247376 -0.98933792 -0.14510289
vn 0.01247376 -0.98933804 -0.14510289
vn 0.00649180 -0.99981701 0.01799671
vn 0.00649180 -0.99981689 0.01799671
vn 0.00649180 -0.99981701 0.01799671
vn 0.00649180 -0.99981689 0.01799671
vn 0.00381012 -0.99992079 -0.01199907
vn 0.00381012 -0.99992073 -0.01199907
vn 0.00381012 -0.99992073 -0.01199907
vn 0.00381012 -0.99992073 -0.01199907
vn 0.00543500 -0.99978530 -0.01999571
vn 0.00543500 -0.99978530 -0.01999571
vn 0.00543500 -0.99978530 -0.01999571
vn 0.00543500 -0.99978530 -0.01999571
vn 0.02221252 -0.93247294 0.36055619
vn 0.02221252 -0.93247294 0.36055619
vn 0.02221252 -0.93247294 0.36055619
vn 0.02221252 -0.93247294 0.36055619
vn 0.05074018 0.00000000 0.99871188
vn 0.05074018 0.00000000 0.99871188
vn 0.05074018 0.00000000 0.99871188
vn 0.05074018 0.00000000 0.99871188
vn -1.00000000 0.00000000 0.00000000
vn -1.00000000 0.00000000 0.00000000
vn -1.00000000 0.00000000 0.00000000
vn -1.00000000 0.00000000 0.00000000
vn -1.00000000 0.00000000 0.00000000
vn -1.00000000 0.00000000 0.00000000
vn -1.00000000 0.00000000 0.00000000
vn -1.00000000 0.00000000 0.00000000
vn -1.00000000 0.00000000 0.00000000
vn -1.00000000 0.00000000 0.00000000
vn -1.00000000 0.00000000 0.00000000
vn -1.00000000 0.00000000 0.00000000
vn -1.00000000 0.00000000 0.00000000
vn -1.00000000 0.00000000 0.00000000
vn -1.00000000 0.00000000 0.00000000
vn -1.00000000 0.00000000 0.00000000
vn -1.00000000 0.00000000 0.00000000
vn -1.00000000 0.00000000 0.00000000
vn -1.00000000 0.00000000 0.00000000
vn -1.00000000 0.00000000 0.00000000
vn -1.00000000 0.00000000 0.00000000
vn -1.00000000 0.00000000 0.00000000
vn -1.00000000 0.00000000 0.00000000
vn -1.00000000 0.00000000 0.00000000
vn -1.00000000 -0.00000000 0.00000000
vn -1.00000000 -0.00000000 0.00000000
vn -1.00000000 -0.00000000 0.00000000
vn -1.00000000 0.00000000 0.00000000
vn -1.00000000 0.00000000 0.00000000
vn -1.00000000 0.00000000 0.00000000
vn -1.00000000 0.00000000 0.00000000
vn -1.00000000 0.00000000 0.00000000
vn -1.00000000 0.00000000 0.00000000
vn -1.00000000 0.00000000 0.00000000
vn -1.00000000 0.00000000 0.00000000
vn -1.00000000 0.00000000 0.00000000
vn 1.00000000 0.00000099 0.00000053
vn 1.00000000 0.00000099 0.00000053
vn 1.00000000 0.00000099 0.00000053
vn 1.00000000 0.00000267 0.00000016
vn 1.00000000 0.00000267 0.00000016
vn 1.00000000 0.00000267 0.00000016
vn 1.00000000 0.00000284 0.00000006
vn 1.00000000 0.00000284 0.00000006
vn 1.00000000 0.00000284 0.00000006
vn 1.00000000 0.00000270 -0.00000012
vn 1.00000000 0.00000270 -0.00000012
vn 1.00000000 0.00000270 -0.00000012
vn 1.00000000 0.00000173 -0.00000040
vn 1.00000000 0.00000173 -0.00000040
vn 1.00000000 0.00000173 -0.00000040
vn 1.00000000 -0.00000000 -0.00000042
vn 1.00000000 -0.00000000 -0.00000042
vn 1.00000000 -0.00000000 -0.00000042
vn 1.00000000 -0.00000221 -0.00000032
vn 1.00000000 -0.00000221 -0.00000032
vn 1.00000000 -0.00000221 -0.00000032
vn 1.00000000 -0.00000370 0.00000007
vn 1.00000000 -0.00000370 0.00000007
vn 1.00000000 -0.00000370 0.00000007
vn 1.00000000 -0.00000359 -0.00000004
vn 1.00000000 -0.00000359 -0.00000004
vn 1.00000000 -0.00000359 -0.00000004
vn 1.00000000 -0.00000365 -0.00000007
vn 1.00000000 -0.00000365 -0.00000007
vn 1.00000000 -0.00000365 -0.00000007
vn 0.99999994 -0.00000123 0.00000047
vn 0.99999994 -0.00000123 0.00000047
vn 0.99999994 -0.00000123 0.00000047
vn 1.00000000 -0.00000000 0.00000055
vn 1.00000000 -0.00000000 0.00000055
vn 1.00000000 -0.00000000 0.00000055
vn -0.03677956 0.81614012 0.57668233
vn -0.03677956 0.81614012 0.57668233
vn -0.03677956 0.81614012 0.57668233
vn -0.03677956 0.81614012 0.57668233
vn -0.02936414 0.99080050 0.13210677
vn -0.02936414 0.99080050 0.13210677
vn -0.02936414 0.99080050 0.13210677
vn -0.02936414 0.99080050 0.13210677
vn -0.03043614 0.99845010 0.04659438
vn -0.03043614 0.99845010 0.04659438
vn -0.03043614 0.99845010 0.04659438
vn -0.03043614 0.99845010 0.04659438
vn -0.02476351 0.99473196 -0.09947328
vn -0.02476351 0.99473196 -0.09947328
vn -0.02476351 0.99473196 -0.09947328
vn -0.02476351 0.99473196 -0.09947328
vn -0.01465799 0.95034832 -0.31084302
vn -0.01465799 0.95034832 -0.31084302
vn -0.01465799 0.95034832 -0.31084302
vn -0.01465799 0.95034832 -0.31084302
vn -0.05074020 -0.00000000 -0.99871188
vn -0.05074020 -0.00000000 -0.99871188
vn -0.05074020 -0.00000000 -0.99871188
vn -0.05074020 -0.00000000 -0.99871188
vn -0.00944992 -0.99141669 -0.13039881
vn -0.00944992 -0.99141669 -0.13039881
vn -0.00944992 -0.99141669 -0.13039881
vn -0.00944992 -0.99141669 -0.13039881
vn -0.00380735 -0.99919373 0.03996778
vn -0.00380735 -0.99919373 0.03996778
vn -0.00380735 -0.99919373 0.03996778
vn -0.00380735 -0.99919373 0.03996778
vn -0.00529879 -0.99963063 -0.02665683
vn -0.00529879 -0.99963063 -0.02665683
vn -0.00529879 -0.99963063 -0.02665683
vn -0.00529879 -0.99963063 -0.02665683
vn -0.00716762 -0.99898815 -0.04439947
vn -0.00716762 -0.99898815 -0.04439947
vn -0.00716762 -0.99898815 -0.04439947
vn -0.00716762 -0.99898815 -0.04439947
vn -0.02259200 -0.93662369 0.34960780
vn -0.02259200 -0.93662369 0.34960780
vn -0.02259200 -0.93662369 0.34960780
vn -0.02259200 -0.93662369 0.34960780
vn -0.05074020 0.00000000 0.99871188
vn -0.05074020 0.00000000 0.99871188
vn -0.05074020 0.00000000 0.99871188
vn -0.05074020 0.00000000 0.99871188
vn -0.09208695 0.81698900 0.56925297
vn -0.09208695 0.81698900 0.56925297
vn -0.09208695 0.81698900 0.56925297
vn -0.09208695 0.81698900 0.56925297
vn -0.07372307 0.98907149 0.12768123
vn -0.07372307 0.98907149 0.12768123
vn -0.07372307 0.98907149 0.12768123
vn -0.07372307 0.98907149 0.12768123
vn -0.07658705 0.99604672 0.04500376
vn -0.07658705 0.99604672 0.04500376
vn -0.07658705 0.99604672 0.04500376
vn -0.07658705 0.99604672 0.04500376
vn -0.06221899 0.99341726 -0.09618177
vn -0.06221899 0.99341726 -0.09618177
vn -0.06221899 0.99341726 -0.09618177
vn -0.06221899 0.99341726 -0.09618177
vn -0.03635894 0.95131314 -0.30607405
vn -0.03635894 0.95131314 -0.30607405
vn -0.03635894 0.95131314 -0.30607405
vn -0.03635894 0.95131314 -0.30607405
vn -0.12711218 -0.00000000 -0.99188828
vn -0.12711218 -0.00000000 -0.99188828
vn -0.12711218 -0.00000000 -0.99188828
vn -0.12711218 -0.00000000 -0.99188828
vn -0.02387237 -0.99106574 -0.13122037
vn -0.02387237 -0.99106574 -0.13122037
vn -0.02387237 -0.99106574 -0.13122037
vn -0.02387237 -0.99106574 -0.13122037
vn -0.00960368 -0.99920481 0.03869685
vn -0.00960368 -0.99920493 0.03869685
vn -0.00960368 -0.99920493 0.03869685
vn -0.00960368 -0.99920481 0.03869685
vn -0.01340826 -0.99957705 -0.02580751
vn -0.01340826 -0.99957705 -0.02580751
vn -0.01340826 -0.99957705 -0.02580751
vn -0.01340826 -0.99957705 -0.02580751
vn -0.01821568 -0.99890971 -0.04298380
vn -0.01821569 -0.99890971 -0.04298380
vn -0.01821569 -0.99890971 -0.04298380
vn -0.01821568 -0.99890971 -0.04298380
vn -0.05698623 -0.93510276 0.34976485
vn -0.05698623 -0.93510276 0.34976485
vn -0.05698623 -0.93510276 0.34976485
vn -0.05698623 -0.93510276 0.34976485
vn -0.12711218 0.00000000 0.99188828
vn -0.12711218 0.00000000 0.99188828
vn -0.12711218 0.00000000 0.99188828
vn -0.12711218 0.00000000 0.99188828
vn -0.12054221 0.82435387 0.55309153
vn -0.12054221 0.82435387 0.55309153
vn -0.12054221 0.82435387 0.55309153
vn -0.12054221 0.82435387 0.55309153
vn -0.09701212 0.98843193 0.11658071
vn -0.09701212 0.98843193 0.11658071
vn -0.09701212 0.98843193 0.11658071
vn -0.09701212 0.98843193 0.11658071
vn -0.10141601 0.99399745 0.04103311
vn -0.10141601 0.99399745 0.04103311
vn -0.10141601 0.99399745 0.04103311
vn -0.10141601 0.99399745 0.04103311
vn -0.08194067 0.99276060 -0.08781851
vn -0.08194067 0.99276060 -0.08781851
vn -0.08194067 0.99276060 -0.08781851
vn -0.08194067 0.99276060 -0.08781851
vn -0.04613976 0.95476162 -0.29377139
vn -0.04613976 0.95476162 -0.29377139
vn -0.04613976 0.95476162 -0.29377139
vn -0.04613976 0.95476162 -0.29377139
vn -0.16764098 0.00000000 -0.98584813
vn -0.16764098 0.00000000 -0.98584813
vn -0.16764098 0.00000000 -0.98584813
vn -0.16764098 0.00000000 -0.98584813
vn -0.03181532 -0.99054730 -0.13343115
vn -0.03181532 -0.99054736 -0.13343117
vn -0.03181532 -0.99054730 -0.13343115
vn -0.03181532 -0.99054736 -0.13343117
vn -0.01274457 -0.99929345 0.03535853
vn -0.01274457 -0.99929345 0.03535853
vn -0.01274457 -0.99929345 0.03535853
vn -0.01274457 -0.99929345 0.03535853
vn -0.01794309 -0.99956095 -0.02357868
vn -0.01794309 -0.99956101 -0.02357868
vn -0.01794309 -0.99956095 -0.02357868
vn -0.01794309 -0.99956101 -0.02357868
vn -0.02465087 -0.99892443 -0.03927275
vn -0.02465088 -0.99892443 -0.03927275
vn -0.02465087 -0.99892443 -0.03927275
vn -0.02465088 -0.99892443 -0.03927275
vn -0.07579434 -0.93330520 0.35099396
vn -0.07579434 -0.93330520 0.35099396
vn -0.07579434 -0.93330520 0.35099396
vn -0.07579434 -0.93330520 0.35099396
vn -0.16764098 0.00000000 0.98584813
vn -0.16764098 0.00000000 0.98584813
vn -0.16764098 0.00000000 0.98584813
vn -0.16764098 0.00000000 0.98584813
vn -0.11837026 0.84038705 0.52890283
vn -0.11837026 0.84038705 0.52890283
vn -0.11837026 0.84038705 0.52890283
vn -0.11837026 0.84038705 0.52890283
vn -0.09600052 0.99044144 0.09904417
vn -0.09600052 0.99044144 0.09904417
vn -0.09600052 0.99044144 0.09904417
vn -0.09600052 0.99044144 0.09904417
vn -0.10143996 0.99423289 0.03479813
vn -0.10143996 0.99423289 0.03479813
vn -0.10143996 0.99423289 0.03479813
vn -0.10143996 0.99423289 0.03479813
vn -0.08112585 0.99391246 -0.07454342
vn -0.08112585 0.99391246 -0.07454342
vn -0.08112585 0.99391246 -0.07454342
vn -0.08112585 0.99391246 -0.07454342
vn -0.04273678 0.96080744 -0.27390292
vn -0.04273678 0.96080744 -0.27390292
vn -0.04273678 0.96080744 -0.27390292
vn -0.04273678 0.96080744 -0.27390292
vn -0.16764085 0.00000000 -0.98584813
vn -0.16764085 0.00000000 -0.98584813
vn -0.16764084 0.00000000 -0.98584813
vn -0.16764084 0.00000000 -0.98584813
vn -0.03204863 -0.99004799 -0.13703157
vn -0.03204863 -0.99004799 -0.13703157
vn -0.03204863 -0.99004811 -0.13703158
vn -0.03204863 -0.99004811 -0.13703158
vn -0.01274680 -0.99946910 0.02998404
vn -0.01274680 -0.99946916 0.02998404
vn -0.01274680 -0.99946910 0.02998404
vn -0.01274680 -0.99946916 0.02998404
vn -0.01818848 -0.99963468 -0.01999269
vn -0.01818848 -0.99963468 -0.01999269
vn -0.01818848 -0.99963468 -0.01999269
vn -0.01818848 -0.99963468 -0.01999269
vn -0.02542805 -0.99912179 -0.03330402
vn -0.02542805 -0.99912179 -0.03330402
vn -0.02542805 -0.99912179 -0.03330402
vn -0.02542805 -0.99912179 -0.03330402
vn -0.07622959 -0.93226290 0.35365951
vn -0.07622958 -0.93226284 0.35365948
vn -0.07622959 -0.93226290 0.35365951
vn -0.07622958 -0.93226284 0.35365948
vn -0.16764086 0.00000000 0.98584825
vn -0.16764086 0.00000000 0.98584825
vn -0.16764086 0.00000000 0.98584825
vn -0.16764086 0.00000000 0.98584825
vn -0.08749659 0.86033863 0.50215715
vn -0.08749659 0.86033863 0.50215715
vn -0.08749659 0.86033863 0.50215715
vn -0.08749659 0.86033863 0.50215715
vn -0.07162045 0.99423283 0.07982294
vn -0.07162045 0.99423283 0.07982294
vn -0.07162045 0.99423283 0.07982294
vn -0.07162045 0.99423283 0.07982294
vn -0.07663473 0.99666589 0.02800641
vn -0.07663473 0.99666589 0.02800641
vn -0.07663473 0.99666589 0.02800641
vn -0.07663473 0.99666589 0.02800641
vn -0.06053391 0.99636149 -0.05999540
vn -0.06053391 0.99636149 -0.05999540
vn -0.06053391 0.99636149 -0.05999540
vn -0.06053391 0.99636149 -0.05999540
vn -0.02934722 0.96735108 -0.25173527
vn -0.02934722 0.96735108 -0.25173527
vn -0.02934722 0.96735108 -0.25173527
vn -0.02934722 0.96735108 -0.25173527
vn -0.12711230 0.00000000 -0.99188834
vn -0.12711230 0.00000000 -0.99188834
vn -0.12711230 0.00000000 -0.99188834
vn -0.12711230 0.00000000 -0.99188834
vn -0.02435085 -0.98970836 -0.14101249
vn -0.02435085 -0.98970836 -0.14101249
vn -0.02435085 -0.98970836 -0.14101247
vn -0.02435085 -0.98970836 -0.14101247
vn -0.00960821 -0.99966395 0.02407768
vn -0.00960821 -0.99966395 0.02407768
vn -0.00960821 -0.99966395 0.02407768
vn -0.00960821 -0.99966395 0.02407768
vn -0.01391123 -0.99977440 -0.01605354
vn -0.01391123 -0.99977440 -0.01605354
vn -0.01391123 -0.99977440 -0.01605354
vn -0.01391123 -0.99977440 -0.01605354
vn -0.01980910 -0.99944592 -0.02674718
vn -0.01980910 -0.99944603 -0.02674718
vn -0.01980910 -0.99944592 -0.02674718
vn -0.01980910 -0.99944603 -0.02674718
vn -0.05788114 -0.93229723 0.35703164
vn -0.05788114 -0.93229735 0.35703167
vn -0.05788114 -0.93229723 0.35703164
vn -0.05788114 -0.93229735 0.35703167
vn -0.12711230 0.00000000 0.99188834
vn -0.12711228 0.00000000 0.99188828
vn -0.12711230 0.00000000 0.99188834
vn -0.12711228 0.00000000 0.99188828
vn -0.03417794 0.87553108 0.48195159
vn -0.03417794 0.87553108 0.48195159
vn -0.03417794 0.87553108 0.48195159
vn -0.03417794 0.87553108 0.48195159
vn -0.02819490 0.99743533 0.06578666
vn -0.02819490 0.99743533 0.06578666
vn -0.02819490 0.99743533 0.06578666
vn -0.02819490 0.99743533 0.06578666
vn -0.03046111 0.99926978 0.02306762
vn -0.03046111 0.99926978 0.02306762
vn -0.03046111 0.99926978 0.02306762
vn -0.03046111 0.99926978 0.02306762
vn -0.02383189 0.99849510 -0.04939241
vn -0.02383189 0.99849510 -0.04939241
vn -0.02383189 0.99849510 -0.04939241
vn -0.02383189 0.99849510 -0.04939241
vn -0.01079702 0.97184956 -0.23535502
vn -0.01079702 0.97184956 -0.23535502
vn -0.01079702 0.97184956 -0.23535502
vn -0.01079702 0.97184956 -0.23535502
vn -0.05074017 0.00000000 -0.99871188
vn -0.05074017 0.00000000 -0.99871188
vn -0.05074017 0.00000000 -0.99871188
vn -0.05074017 0.00000000 -0.99871188
vn -0.00971176 -0.98954219 -0.14391623
vn -0.00971176 -0.98954219 -0.14391623
vn -0.00971176 -0.98954219 -0.14391623
vn -0.00971176 -0.98954219 -0.14391623
vn -0.00380965 -0.99979705 0.01978275
vn -0.00380965 -0.99979705 0.01978275
vn -0.00380965 -0.99979705 0.01978275
vn -0.00380965 -0.99979717 0.01978275
vn -0.00557397 -0.99989748 -0.01318980
vn -0.00557397 -0.99989748 -0.01318980
vn -0.00557397 -0.99989748 -0.01318980
vn -0.00557397 -0.99989748 -0.01318980
vn -0.00803988 -0.99972606 -0.02197927
vn -0.00803988 -0.99972612 -0.02197927
vn -0.00803988 -0.99972606 -0.02197927
vn -0.00803988 -0.99972612 -0.02197927
vn -0.02308317 -0.93279564 0.35966578
vn -0.02308317 -0.93279564 0.35966575
vn -0.02308317 -0.93279564 0.35966578
vn -0.02308317 -0.93279564 0.35966575
vn -0.05074017 0.00000000 0.99871182
vn -0.05074017 0.00000000 0.99871188
vn -0.05074017 0.00000000 0.99871182
vn -0.05074017 0.00000000 0.99871188
vn 1.00000000 0.00000000 0.00000000
vn 1.00000000 0.00000000 0.00000000
vn 1.00000000 0.00000000 0.00000000
vn 1.00000000 0.00000000 0.00000000
vn 1.00000000 0.00000000 0.00000000
vn 1.00000000 0.00000000 0.00000000
vn 1.00000000 0.00000000 0.00000000
vn 1.00000000 0.00000000 0.00000000
vn 1.00000000 0.00000000 0.00000000
vn 1.00000000 0.00000000 0.00000000
vn 1.00000000 0.00000000 0.00000000
vn 1.00000000 0.00000000 0.00000000
vn 1.00000000 0.00000000 0.00000000
vn 1.00000000 0.00000000 0.00000000
vn 1.00000000 0.00000000 0.00000000
vn 1.00000000 0.00000000 0.00000000
vn 1.00000000 0.00000000 0.00000000
vn 1.00000000 0.00000000 0.00000000
vn 1.00000000 0.00000000 0.00000000
vn 1.00000000 0.00000000 0.00000000
vn 1.00000000 0.00000000 0.00000000
vn 1.00000000 0.00000000 0.00000000
vn 1.00000000 0.00000000 0.00000000
vn 1.00000000 0.00000000 0.00000000
vn 1.00000000 0.00000000 0.00000000
vn 1.00000000 0.00000000 0.00000000
vn 1.00000000 0.00000000 0.00000000
vn 1.00000000 0.00000000 0.00000000
vn 1.00000000 0.00000000 0.00000000
vn 1.00000000 0.00000000 0.00000000
vn 1.00000000 0.00000000 0.00000000
vn 1.00000000 0.00000000 0.00000000
vn 1.00000000 0.00000000 0.00000000
vn 1.00000000 0.00000000 0.00000000
vn 1.00000000 0.00000000 0.00000000
vn 1.00000000 0.00000000 0.00000000
vn -1.00000000 0.00000099 0.00000053
vn -1.00000000 0.00000099 0.00000053
vn -1.00000000 0.00000099 0.00000053
vn -1.00000000 0.00000267 0.00000016
vn -1.00000000 0.00000267 0.00000016
vn -1.00000000 0.00000267 0.00000016
vn -1.00000000 0.00000284 0.00000006
vn -1.00000000 0.00000284 0.00000006
vn -1.00000000 0.00000284 0.00000006
vn -1.00000000 0.00000270 -0.00000012
vn -1.00000000 0.00000270 -0.00000012
vn -1.00000000 0.00000270 -0.00000012
vn -1.00000000 0.00000173 -0.00000040
vn -1.00000000 0.00000173 -0.00000040
vn -1.00000000 0.00000173 -0.00000040
vn -1.00000000 0.00000000 -0.00000042
vn -1.00000000 0.00000000 -0.00000042
vn -1.00000000 0.00000000 -0.00000042
vn -1.00000000 -0.00000221 -0.00000032
vn -1.00000000 -0.00000221 -0.00000032
vn -1.00000000 -0.00000221 -0.00000032
vn -1.00000000 -0.00000370 0.00000007
vn -1.00000000 -0.00000370 0.00000007
vn -1.00000000 -0.00000370 0.00000007
vn -1.00000000 -0.00000359 -0.00000004
vn -1.00000000 -0.00000359 -0.00000004
vn -1.00000000 -0.00000359 -0.00000004
vn -1.00000000 -0.00000365 -0.00000007
vn -1.00000000 -0.00000365 -0.00000007
vn -1.00000000 -0.00000365 -0.00000007
vn -1.00000000 -0.00000123 0.00000047
vn -1.00000000 -0.00000123 0.00000047
vn -1.00000000 -0.00000123 0.00000047
vn -1.00000000 0.00000000 0.00000055
vn -1.00000000 0.00000000 0.00000055
vn -1.00000000 0.00000000 0.00000055
vn 0.03325725 0.82002145 0.57136577
vn 0.03325725 0.82002145 0.57136577
vn 0.03325725 0.82002145 0.57136577
vn 0.03325725 0.82002145 0.57136577
vn 0.02886560 0.99135703 0.12797640
vn 0.02886560 0.99135703 0.12797640
vn 0.02886560 0.99135703 0.12797640
vn 0.02886560 0.99135703 0.12797640
vn 0.03414121 0.99839848 0.04510989
vn 0.03414121 0.99839848 0.04510989
vn 0.03414121 0.99839848 0.04510989
vn 0.03414121 0.99839848 0.04510989
vn 0.03663807 0.99467748 -0.09630378
vn 0.03663806 0.99467748 -0.09630377
vn 0.03663807 0.99467748 -0.09630378
vn 0.03663806 0.99467748 -0.09630377
vn 0.03401390 0.95139182 -0.30609930
vn 0.03401389 0.95139182 -0.30609930
vn 0.03401390 0.95139182 -0.30609930
vn 0.03401389 0.95139182 -0.30609930
vn 0.05074019 0.00000000 -0.99871182
vn 0.05074019 0.00000000 -0.99871188
vn 0.05074019 0.00000000 -0.99871182
vn 0.05074019 0.00000000 -0.99871188
vn 0.00548505 -0.99133337 -0.13125584
vn 0.00548505 -0.99133343 -0.13125585
vn 0.00548505 -0.99133337 -0.13125584
vn 0.00548505 -0.99133343 -0.13125585
vn -0.00027879 -0.99925089 0.03869863
vn -0.00027879 -0.99925095 0.03869863
vn -0.00027879 -0.99925089 0.03869863
vn -0.00027879 -0.99925095 0.03869863
vn -0.00253943 -0.99966365 -0.02580975
vn -0.00253943 -0.99966365 -0.02580975
vn -0.00253943 -0.99966365 -0.02580975
vn -0.00253943 -0.99966365 -0.02580975
vn -0.00138124 -0.99907446 -0.04299089
vn -0.00138124 -0.99907446 -0.04299089
vn -0.00138124 -0.99907446 -0.04299089
vn -0.00138124 -0.99907446 -0.04299089
vn 0.01590452 -0.93650633 0.35028994
vn 0.01590452 -0.93650633 0.35028994
vn 0.01590452 -0.93650633 0.35028994
vn 0.01590452 -0.93650633 0.35028994
vn 0.05074019 0.00000000 0.99871182
vn 0.05074019 0.00000000 0.99871182
vn 0.05074019 0.00000000 0.99871188
vn 0.05074019 0.00000000 0.99871188
vn 0.08192538 0.82761770 0.55528116
vn 0.08192538 0.82761770 0.55528116
vn 0.08192538 0.82761770 0.55528116
vn 0.08192538 0.82761770 0.55528116
vn 0.07167638 0.99056190 0.11683200
vn 0.07167638 0.99056190 0.11683200
vn 0.07167638 0.99056190 0.11683200
vn 0.07167638 0.99056190 0.11683200
vn 0.08566608 0.99547607 0.04109405
vn 0.08566608 0.99547607 0.04109405
vn 0.08566608 0.99547613 0.04109405
vn 0.08566608 0.99547613 0.04109405
vn 0.09215475 0.99187154 -0.08773985
vn 0.09215475 0.99187154 -0.08773985
vn 0.09215475 0.99187154 -0.08773985
vn 0.09215475 0.99187154 -0.08773985
vn 0.08519282 0.95230460 -0.29301527
vn 0.08519282 0.95230460 -0.29301527
vn 0.08519282 0.95230460 -0.29301527
vn 0.08519282 0.95230460 -0.29301527
vn 0.12711218 0.00000000 -0.99188828
vn 0.12711218 0.00000000 -0.99188828
vn 0.12711218 0.00000000 -0.99188828
vn 0.12711218 0.00000000 -0.99188828
vn 0.01412208 -0.99095011 -0.13348547
vn 0.01412208 -0.99095011 -0.13348547
vn 0.01412208 -0.99095011 -0.13348547
vn 0.01412208 -0.99095011 -0.13348547
vn -0.00053200 -0.99937439 0.03536147
vn -0.00053200 -0.99937439 0.03536147
vn -0.00053200 -0.99937439 0.03536147
vn -0.00053200 -0.99937439 0.03536147
vn -0.00640567 -0.99970138 -0.02358202
vn -0.00640567 -0.99970138 -0.02358202
vn -0.00640567 -0.99970138 -0.02358202
vn -0.00640567 -0.99970138 -0.02358202
vn -0.00329431 -0.99922276 -0.03928448
vn -0.00329431 -0.99922276 -0.03928448
vn -0.00329431 -0.99922276 -0.03928448
vn -0.00329431 -0.99922276 -0.03928448
vn 0.04024857 -0.93523908 0.35172135
vn 0.04024857 -0.93523908 0.35172135
vn 0.04024857 -0.93523908 0.35172135
vn 0.04024857 -0.93523908 0.35172135
vn 0.12711219 0.00000000 0.99188828
vn 0.12711219 0.00000000 0.99188828
vn 0.12711219 0.00000000 0.99188828
vn 0.12711219 0.00000000 0.99188828
vn 0.10460592 0.84169400 0.52972513
vn 0.10460592 0.84169400 0.52972513
vn 0.10460592 0.84169400 0.52972513
vn 0.10460592 0.84169400 0.52972513
vn 0.09282860 0.99074072 0.09907407
vn 0.09282860 0.99074072 0.09907407
vn 0.09282860 0.99074072 0.09907407
vn 0.09282860 0.99074072 0.09907407
vn 0.11296439 0.99299097 0.03475468
vn 0.11296439 0.99299097 0.03475468
vn 0.11296439 0.99299097 0.03475468
vn 0.11296439 0.99299097 0.03475468
vn 0.12202046 0.98974794 -0.07423110
vn 0.12202046 0.98974794 -0.07423110
vn 0.12202046 0.98974794 -0.07423110
vn 0.12202046 0.98974794 -0.07423110
vn 0.11197016 0.95563859 -0.27242932
vn 0.11197016 0.95563859 -0.27242932
vn 0.11197016 0.95563859 -0.27242932
vn 0.11197016 0.95563859 -0.27242932
vn 0.16764100 0.00000000 -0.98584813
vn 0.16764100 0.00000000 -0.98584813
vn 0.16764100 0.00000000 -0.98584813
vn 0.16764100 0.00000000 -0.98584813
vn 0.01935187 -0.99037141 -0.13707641
vn 0.01935187 -0.99037141 -0.13707641
vn 0.01935187 -0.99037141 -0.13707641
vn 0.01935187 -0.99037141 -0.13707641
vn -0.00033991 -0.99955022 0.02998648
vn -0.00033991 -0.99955022 0.02998648
vn -0.00033991 -0.99955022 0.02998648
vn -0.00033991 -0.99955022 0.02998648
vn -0.00850045 -0.99976403 -0.01999528
vn -0.00850045 -0.99976403 -0.01999528
vn -0.00850045 -0.99976403 -0.01999528
vn -0.00850045 -0.99976403 -0.01999528
vn -0.00396557 -0.99943709 -0.03331453
vn -0.00396557 -0.99943709 -0.03331453
vn -0.00396557 -0.99943709 -0.03331453
vn -0.00396557 -0.99943709 -0.03331453
vn 0.05371092 -0.93363363 0.35417965
vn 0.05371092 -0.93363363 0.35417965
vn 0.05371092 -0.93363363 0.35417965
vn 0.05371092 -0.93363363 0.35417965
vn 0.16764098 0.00000000 0.98584813
vn 0.16764098 0.00000000 0.98584813
vn 0.16764098 0.00000000 0.98584813
vn 0.16764098 0.00000000 0.98584813
vn 0.10012013 0.85931134 0.50155765
vn 0.10012013 0.85931134 0.50155765
vn 0.10012013 0.85931134 0.50155765
vn 0.10012013 0.85931134 0.50155765
vn 0.09048328 0.99270374 0.07970016
vn 0.09048328 0.99270374 0.07970016
vn 0.09048328 0.99270374 0.07970016
vn 0.09048328 0.99270374 0.07970016
vn 0.11252835 0.99325645 0.02791059
vn 0.11252835 0.99325645 0.02791059
vn 0.11252835 0.99325645 0.02791059
vn 0.11252835 0.99325645 0.02791059
vn 0.12214003 0.99071836 -0.05965558
vn 0.12214003 0.99071836 -0.05965558
vn 0.12214003 0.99071836 -0.05965558
vn 0.12214003 0.99071836 -0.05965558
vn 0.11106437 0.96178055 -0.25028566
vn 0.11106437 0.96178055 -0.25028566
vn 0.11106437 0.96178055 -0.25028566
vn 0.11106437 0.96178055 -0.25028566
vn 0.16764086 0.00000000 -0.98584813
vn 0.16764086 0.00000000 -0.98584813
vn 0.16764086 0.00000000 -0.98584813
vn 0.16764086 0.00000000 -0.98584813
vn 0.02002555 -0.98980331 -0.14102599
vn 0.02002555 -0.98980331 -0.14102599
vn 0.02002555 -0.98980331 -0.14102599
vn 0.02002555 -0.98980331 -0.14102599
vn 0.00006211 -0.99971002 0.02407882
vn 0.00006211 -0.99971002 0.02407882
vn 0.00006211 -0.99971002 0.02407882
vn 0.00006211 -0.99971002 0.02407882
vn -0.00850094 -0.99983501 -0.01605458
vn -0.00850094 -0.99983501 -0.01605458
vn -0.00850094 -0.99983501 -0.01605458
vn -0.00850094 -0.99983501 -0.01605458
vn -0.00351955 -0.99963593 -0.02675219
vn -0.00351955 -0.99963593 -0.02675219
vn -0.00351955 -0.99963593 -0.02675219
vn -0.00351955 -0.99963593 -0.02675219
vn 0.05407964 -0.93249637 0.35710782
vn 0.05407964 -0.93249637 0.35710782
vn 0.05407964 -0.93249637 0.35710782
vn 0.05407964 -0.93249637 0.35710782
vn 0.16764085 0.00000000 0.98584807
vn 0.16764085 0.00000000 0.98584807
vn 0.16764085 0.00000000 0.98584807
vn 0.16764085 0.00000000 0.98584807
vn 0.07299895 0.87370557 0.48094675
vn 0.07299895 0.87370557 0.48094675
vn 0.07299895 0.87370557 0.48094675
vn 0.07299895 0.87370557 0.48094675
vn 0.06699911 0.99558991 0.06566491
vn 0.06699911 0.99558991 0.06566491
vn 0.06699911 0.99558991 0.06566491
vn 0.06699911 0.99558991 0.06566491
vn 0.08479358 0.99613309 0.02299527
vn 0.08479358 0.99613309 0.02299527
vn 0.08479358 0.99613309 0.02299527
vn 0.08479358 0.99613309 0.02299527
vn 0.09239956 0.99450588 -0.04919505
vn 0.09239956 0.99450588 -0.04919505
vn 0.09239956 0.99450588 -0.04919505
vn 0.09239956 0.99450588 -0.04919505
vn 0.08339079 0.96852094 -0.23454897
vn 0.08339079 0.96852094 -0.23454897
vn 0.08339079 0.96852094 -0.23454897
vn 0.08339079 0.96852094 -0.23454897
vn 0.12711230 0.00000000 -0.99188828
vn 0.12711230 0.00000000 -0.99188828
vn 0.12711230 0.00000000 -0.99188828
vn 0.12711230 0.00000000 -0.99188828
vn 0.01546204 -0.98947060 -0.14390579
vn 0.01546204 -0.98947060 -0.14390579
vn 0.01546204 -0.98947060 -0.14390579
vn 0.01546204 -0.98947060 -0.14390579
vn 0.00026723 -0.99980420 0.01978285
vn 0.00026723 -0.99980420 0.01978285
vn 0.00026723 -0.99980420 0.01978285
vn 0.00026723 -0.99980420 0.01978285
vn -0.00640690 -0.99989247 -0.01318973
vn -0.00640690 -0.99989247 -0.01318973
vn -0.00640690 -0.99989247 -0.01318973
vn -0.00640690 -0.99989247 -0.01318973
vn -0.00240784 -0.99975538 -0.02197987
vn -0.00240784 -0.99975538 -0.02197987
vn -0.00240784 -0.99975538 -0.02197987
vn -0.00240784 -0.99975538 -0.02197987
vn 0.04098316 -0.93226039 0.35945925
vn 0.04098316 -0.93226039 0.35945925
vn 0.04098316 -0.93226039 0.35945925
vn 0.04098316 -0.93226039 0.35945925
vn 0.12711230 0.00000000 0.99188840
vn 0.12711230 0.00000000 0.99188840
vn 0.12711230 0.00000000 0.99188840
vn 0.12711230 0.00000000 0.99188840
vn 0.02855670 0.88077104 0.47268048
vn 0.02855670 0.88077104 0.47268048
vn 0.02855670 0.88077104 0.47268048
vn 0.02855670 0.88077104 0.47268048
vn 0.02639273 0.99785715 0.05987143
vn 0.02639273 0.99785715 0.05987143
vn 0.02639273 0.99785715 0.05987143
vn 0.02639273 0.99785715 0.05987143
vn 0.03367792 0.99921244 0.02098346
vn 0.03367792 0.99921244 0.02098346
vn 0.03367792 0.99921244 0.02098346
vn 0.03367792 0.99921244 0.02098346
vn 0.03677198 0.99831343 -0.04492412
vn 0.03677198 0.99831343 -0.04492412
vn 0.03677198 0.99831343 -0.04492412
vn 0.03677198 0.99831343 -0.04492412
vn 0.03306542 0.97302079 -0.22833556
vn 0.03306542 0.97302079 -0.22833556
vn 0.03306542 0.97302079 -0.22833556
vn 0.03306542 0.97302079 -0.22833556
vn 0.05074017 0.00000000 -0.99871182
vn 0.05074017 0.00000000 -0.99871182
vn 0.05074017 0.00000000 -0.99871182
vn 0.05074017 0.00000000 -0.99871182
vn 0.00619119 -0.98939586 -0.14511140
vn 0.00619119 -0.98939586 -0.14511140
vn 0.00619119 -0.98939586 -0.14511140
vn 0.00619119 -0.98939586 -0.14511140
vn 0.00014221 -0.99983799 0.01799709
vn 0.00014221 -0.99983799 0.01799709
vn 0.00014221 -0.99983799 0.01799709
vn 0.00014221 -0.99983799 0.01799709
vn -0.00254009 -0.99992478 -0.01199908
vn -0.00254009 -0.99992478 -0.01199908
vn -0.00254009 -0.99992478 -0.01199908
vn -0.00254009 -0.99992478 -0.01199908
vn -0.00091430 -0.99979961 -0.01999600
vn -0.00091430 -0.99979961 -0.01999600
vn -0.00091430 -0.99979961 -0.01999600
vn -0.00091430 -0.99979961 -0.01999600
vn 0.01629252 -0.93257922 0.36059725
vn 0.01629252 -0.93257922 0.36059725
vn 0.01629252 -0.93257922 0.36059725
vn 0.01629252 -0.93257922 0.36059725
vn 0.05074017 0.00000000 0.99871182
vn 0.05074017 0.00000000 0.99871182
vn 0.05074017 0.00000000 0.99871182
vn 0.05074017 0.00000000 0.99871182
vn -1.00000000 0.00000000 0.00000000
vn -1.00000000 0.00000000 0.00000000
vn -1.00000000 0.00000000 0.00000000
vn -1.00000000 0.00000000 0.00000000
vn -1.00000000 0.00000000 0.00000000
vn -1.00000000 0.00000000 0.00000000
vn -1.00000000 0.00000000 0.00000000
vn -1.00000000 0.00000000 0.00000000
vn -1.00000000 0.00000000 0.00000000
vn -1.00000000 0.00000000 0.00000000
vn -1.00000000 0.00000000 0.00000000
vn -1.00000000 0.00000000 0.00000000
vn -1.00000000 0.00000000 -0.00000000
vn -1.00000000 0.00000000 -0.00000000
vn -1.00000000 0.00000000 -0.00000000
vn -0.99999994 0.00000000 0.00000000
vn -0.99999994 0.00000000 0.00000000
vn -0.99999994 0.00000000 0.00000000
vn -1.00000000 0.00000000 0.00000000
vn -1.00000000 0.00000000 0.00000000
vn -1.00000000 0.00000000 0.00000000
vn -1.00000000 0.00000000 0.00000000
vn -1.00000000 0.00000000 0.00000000
vn -1.00000000 0.00000000 0.00000000
vn -0.99999994 -0.00000000 0.00000000
vn -0.99999994 -0.00000000 0.00000000
vn -0.99999994 -0.00000000 0.00000000
vn -1.00000000 0.00000000 0.00000000
vn -1.00000000 0.00000000 0.00000000
vn -1.00000000 0.00000000 0.00000000
vn -1.00000000 0.00000000 0.00000000
vn -1.00000000 0.00000000 0.00000000
vn -1.00000000 0.00000000 0.00000000
vn -1.00000000 0.00000000 0.00000000
vn -1.00000000 0.00000000 0.00000000
vn -1.00000000 0.00000000 0.00000000
vn 1.00000000 0.00000099 0.00000053
vn 1.00000000 0.00000099 0.00000053
vn 1.00000000 0.00000099 0.00000053
vn 1.00000000 0.00000267 0.00000016
vn 1.00000000 0.00000267 0.00000016
vn 1.00000000 0.00000267 0.00000016
vn 1.00000000 0.00000284 0.00000006
vn 1.00000000 0.00000284 0.00000006
vn 1.00000000 0.00000284 0.00000006
vn 1.00000000 0.00000270 -0.00000012
vn 1.00000000 0.00000270 -0.00000012
vn 1.00000000 0.00000270 -0.00000012
vn 1.00000000 0.00000173 -0.00000040
vn 1.00000000 0.00000173 -0.00000040
vn 1.00000000 0.00000173 -0.00000040
vn 1.00000000 -0.00000000 -0.00000042
vn 1.00000000 -0.00000000 -0.00000042
vn 1.00000000 -0.00000000 -0.00000042
vn 1.00000000 -0.00000221 -0.00000032
vn 1.00000000 -0.00000221 -0.00000032
vn 1.00000000 -0.00000221 -0.00000032
vn 1.00000000 -0.00000370 0.00000007
vn 1.00000000 -0.00000370 0.00000007
vn 1.00000000 -0.00000370 0.00000007
vn 1.00000000 -0.00000359 -0.00000004
vn 1.00000000 -0.00000359 -0.00000004
vn 1.00000000 -0.00000359 -0.00000004
vn 1.00000000 -0.00000365 -0.00000007
vn 1.00000000 -0.00000365 -0.00000007
vn 1.00000000 -0.00000365 -0.00000007
vn 1.00000000 -0.00000123 0.00000047
vn 1.00000000 -0.00000123 0.00000047
vn 1.00000000 -0.00000123 0.00000047
vn 1.00000000 -0.00000000 0.00000055
vn 1.00000000 -0.00000000 0.00000055
vn 1.00000000 -0.00000000 0.00000055
vn -0.04195414 0.81597358 0.57656467
vn -0.04195414 0.81597358 0.57656467
vn -0.04195414 0.81597358 0.57656467
vn -0.04195414 0.81597358 0.57656467
vn -0.03564904 0.99059790 0.13207972
vn -0.03564904 0.99059790 0.13207972
vn -0.03564904 0.99059790 0.13207972
vn -0.03564904 0.99059790 0.13207972
vn -0.03676919 0.99823731 0.04658439
vn -0.03676919 0.99823731 0.04658439
vn -0.03676919 0.99823731 0.04658439
vn -0.03676919 0.99823731 0.04658439
vn -0.03107542 0.99455661 -0.09945566
vn -0.03107542 0.99455661 -0.09945566
vn -0.03107542 0.99455661 -0.09945566
vn -0.03107542 0.99455661 -0.09945566
vn -0.02069112 0.95024687 -0.31080985
vn -0.02069112 0.95024687 -0.31080985
vn -0.02069112 0.95024687 -0.31080985
vn -0.02069112 0.95024687 -0.31080985
vn -0.05074020 -0.00000000 -0.99871188
vn -0.05074020 -0.00000000 -0.99871188
vn -0.05074020 -0.00000000 -0.99871188
vn -0.05074020 -0.00000000 -0.99871188
vn -0.00315382 -0.99145597 -0.13040397
vn -0.00315382 -0.99145597 -0.13040397
vn -0.00315382 -0.99145597 -0.13040397
vn -0.00315382 -0.99145597 -0.13040397
vn 0.00253825 -0.99919778 0.03996791
vn 0.00253825 -0.99919778 0.03996791
vn 0.00253825 -0.99919778 0.03996791
vn 0.00253825 -0.99919778 0.03996791
vn 0.00104959 -0.99964404 -0.02665719
vn 0.00104959 -0.99964404 -0.02665719
vn 0.00104959 -0.99964404 -0.02665719
vn 0.00104959 -0.99964404 -0.02665719
vn -0.00082337 -0.99901342 -0.04440059
vn -0.00082337 -0.99901342 -0.04440059
vn -0.00082337 -0.99901342 -0.04440059
vn -0.00082337 -0.99901342 -0.04440059
vn -0.01664583 -0.93673307 0.34964862
vn -0.01664583 -0.93673307 0.34964862
vn -0.01664583 -0.93673307 0.34964862
vn -0.01664583 -0.93673307 0.34964862
vn -0.05074020 0.00000000 0.99871188
vn -0.05074020 0.00000000 0.99871188
vn -0.05074020 0.00000000 0.99871188
vn -0.05074020 0.00000000 0.99871188
vn -0.10503873 0.81593657 0.56851947
vn -0.10503873 0.81593657 0.56851947
vn -0.10503873 0.81593657 0.56851947
vn -0.10503873 0.81593657 0.56851947
vn -0.08945137 0.98779452 0.12751648
vn -0.08945137 0.98779452 0.12751648
vn -0.08945137 0.98779452 0.12751648
vn -0.08945137 0.98779452 0.12751648
vn -0.09241804 0.99470550 0.04494303
vn -0.09241804 0.99470550 0.04494303
vn -0.09241804 0.99470550 0.04494303
vn -0.09241804 0.99470550 0.04494303
vn -0.07804537 0.99230975 -0.09607453
vn -0.07804537 0.99230975 -0.09607453
vn -0.07804537 0.99230975 -0.09607453
vn -0.07804537 0.99230975 -0.09607453
vn -0.05156348 0.95067626 -0.30586907
vn -0.05156348 0.95067626 -0.30586907
vn -0.05156348 0.95067626 -0.30586907
vn -0.05156348 0.95067626 -0.30586907
vn -0.12711218 -0.00000000 -0.99188828
vn -0.12711218 -0.00000000 -0.99188828
vn -0.12711218 -0.00000000 -0.99188828
vn -0.12711218 -0.00000000 -0.99188828
vn -0.00799847 -0.99131650 -0.13125362
vn -0.00799847 -0.99131650 -0.13125362
vn -0.00799847 -0.99131650 -0.13125362
vn -0.00799847 -0.99131650 -0.13125362
vn 0.00640266 -0.99923038 0.03869784
vn 0.00640266 -0.99923038 0.03869784
vn 0.00640266 -0.99923038 0.03869784
vn 0.00640266 -0.99923038 0.03869784
vn 0.00260415 -0.99966341 -0.02580974
vn 0.00260415 -0.99966341 -0.02580974
vn 0.00260415 -0.99966341 -0.02580974
vn 0.00260415 -0.99966341 -0.02580974
vn -0.00221455 -0.99907297 -0.04299082
vn -0.00221455 -0.99907297 -0.04299082
vn -0.00221455 -0.99907297 -0.04299082
vn -0.00221455 -0.99907297 -0.04299082
vn -0.04203803 -0.93579674 0.35002452
vn -0.04203803 -0.93579674 0.35002452
vn -0.04203803 -0.93579674 0.35002452
vn -0.04203803 -0.93579674 0.35002452
vn -0.12711218 0.00000000 0.99188828
vn -0.12711218 0.00000000 0.99188828
vn -0.12711218 0.00000000 0.99188828
vn -0.12711218 0.00000000 0.99188828
vn -0.13775288 0.82249248 0.55184251
vn -0.13775288 0.82249248 0.55184251
vn -0.13775288 0.82249248 0.55184251
vn -0.13775288 0.82249248 0.55184251
vn -0.11775661 0.98620647 0.11631829
vn -0.11775661 0.98620647 0.11631829
vn -0.11775661 0.98620647 0.11631829
vn -0.11775661 0.98620647 0.11631829
vn -0.12225546 0.99165404 0.04093627
vn -0.12225546 0.99165404 0.04093627
vn -0.12225546 0.99165404 0.04093627
vn -0.12225546 0.99165404 0.04093627
vn -0.10284225 0.99082863 -0.08764759
vn -0.10284225 0.99082863 -0.08764759
vn -0.10284225 0.99082863 -0.08764759
vn -0.10284225 0.99082863 -0.08764759
vn -0.06635837 0.95367277 -0.29343626
vn -0.06635837 0.95367277 -0.29343626
vn -0.06635837 0.95367277 -0.29343626
vn -0.06635837 0.95367277 -0.29343626
vn -0.16764097 -0.00000000 -0.98584807
vn -0.16764097 -0.00000000 -0.98584807
vn -0.16764097 -0.00000000 -0.98584807
vn -0.16764097 -0.00000000 -0.98584807
vn -0.01076515 -0.99099165 -0.13349107
vn -0.01076515 -0.99099165 -0.13349107
vn -0.01076515 -0.99099165 -0.13349107
vn -0.01076515 -0.99099165 -0.13349107
vn 0.00849683 -0.99933845 0.03536019
vn 0.00849683 -0.99933845 0.03536019
vn 0.00849683 -0.99933845 0.03536019
vn 0.00849683 -0.99933845 0.03536019
vn 0.00330408 -0.99971652 -0.02358238
vn 0.00330408 -0.99971652 -0.02358238
vn 0.00330408 -0.99971652 -0.02358238
vn 0.00330408 -0.99971652 -0.02358238
vn -0.00341877 -0.99922222 -0.03928446
vn -0.00341877 -0.99922222 -0.03928446
vn -0.00341877 -0.99922222 -0.03928446
vn -0.00341877 -0.99922222 -0.03928446
vn -0.05602933 -0.93452722 0.35145366
vn -0.05602933 -0.93452722 0.35145366
vn -0.05602933 -0.93452722 0.35145366
vn -0.05602933 -0.93452722 0.35145366
vn -0.16764097 0.00000000 0.98584807
vn -0.16764097 0.00000000 0.98584807
vn -0.16764097 0.00000000 0.98584807
vn -0.16764097 0.00000000 0.98584807
vn -0.13592471 0.83848250 0.52770394
vn -0.13592471 0.83848250 0.52770394
vn -0.13592471 0.83848250 0.52770394
vn -0.13592471 0.83848250 0.52770394
vn -0.11679158 0.98822755 0.09882275
vn -0.11679158 0.98822755 0.09882275
vn -0.11679158 0.98822755 0.09882275
vn -0.11679158 0.98822755 0.09882275
vn -0.12228420 0.99188781 0.03471607
vn -0.12228420 0.99188781 0.03471607
vn -0.12228420 0.99188781 0.03471607
vn -0.12228420 0.99188781 0.03471607
vn -0.10205485 0.99199277 -0.07439946
vn -0.10205485 0.99199277 -0.07439946
vn -0.10205485 0.99199277 -0.07439946
vn -0.10205485 0.99199277 -0.07439946
vn -0.06309164 0.95977008 -0.27360713
vn -0.06309164 0.95977008 -0.27360713
vn -0.06309164 0.95977008 -0.27360713
vn -0.06309164 0.95977008 -0.27360713
vn -0.16764085 -0.00000000 -0.98584813
vn -0.16764085 -0.00000000 -0.98584813
vn -0.16764085 -0.00000000 -0.98584813
vn -0.16764085 -0.00000000 -0.98584813
vn -0.01100921 -0.99049681 -0.13709377
vn -0.01100921 -0.99049681 -0.13709377
vn -0.01100921 -0.99049681 -0.13709377
vn -0.01100921 -0.99049681 -0.13709377
vn 0.00849822 -0.99951416 0.02998539
vn 0.00849822 -0.99951416 0.02998539
vn 0.00849822 -0.99951416 0.02998539
vn 0.00849822 -0.99951416 0.02998539
vn 0.00306026 -0.99979538 -0.01999591
vn 0.00306026 -0.99979538 -0.01999591
vn 0.00306026 -0.99979538 -0.01999591
vn 0.00306026 -0.99979538 -0.01999591
vn -0.00419212 -0.99943614 -0.03331450
vn -0.00419212 -0.99943614 -0.03331450
vn -0.00419212 -0.99943614 -0.03331450
vn -0.00419212 -0.99943614 -0.03331450
vn -0.05648756 -0.93349046 0.35412535
vn -0.05648756 -0.93349046 0.35412535
vn -0.05648756 -0.93349046 0.35412535
vn -0.05648756 -0.93349046 0.35412535
vn -0.16764085 0.00000000 0.98584813
vn -0.16764085 0.00000000 0.98584813
vn -0.16764085 0.00000000 0.98584813
vn -0.16764085 0.00000000 0.98584813
vn -0.10114685 0.85922164 0.50150526
vn -0.10114685 0.85922164 0.50150526
vn -0.10114685 0.85922164 0.50150526
vn -0.10114685 0.85922164 0.50150526
vn -0.08743633 0.99297500 0.07972194
vn -0.08743633 0.99297500 0.07972194
vn -0.08743633 0.99297500 0.07972194
vn -0.08743633 0.99297500 0.07972194
vn -0.09247538 0.99532205 0.02796863
vn -0.09247538 0.99532205 0.02796863
vn -0.09247538 0.99532205 0.02796863
vn -0.09247538 0.99532205 0.02796863
vn -0.07641103 0.99527377 -0.05992988
vn -0.07641103 0.99527377 -0.05992988
vn -0.07641103 0.99527377 -0.05992988
vn -0.07641103 0.99527377 -0.05992988
vn -0.04481741 0.96679550 -0.25159070
vn -0.04481741 0.96679550 -0.25159070
vn -0.04481741 0.96679550 -0.25159070
vn -0.04481741 0.96679550 -0.25159070
vn -0.12711230 -0.00000000 -0.99188834
vn -0.12711230 -0.00000000 -0.99188834
vn -0.12711230 -0.00000000 -0.99188834
vn -0.12711230 -0.00000000 -0.99188834
vn -0.00849899 -0.98996609 -0.14104919
vn -0.00849899 -0.98996609 -0.14104919
vn -0.00849899 -0.98996609 -0.14104919
vn -0.00849899 -0.98996609 -0.14104919
vn 0.00640560 -0.99968952 0.02407833
vn 0.00640560 -0.99968952 0.02407833
vn 0.00640560 -0.99968952 0.02407833
vn 0.00640560 -0.99968952 0.02407833
vn 0.00210428 -0.99986893 -0.01605513
vn 0.00210428 -0.99986893 -0.01605513
vn 0.00210428 -0.99986893 -0.01605513
vn 0.00210428 -0.99986893 -0.01605513
vn -0.00379972 -0.99963492 -0.02675216
vn -0.00379972 -0.99963492 -0.02675216
vn -0.00379972 -0.99963492 -0.02675216
vn -0.00379972 -0.99963492 -0.02675216
vn -0.04297904 -0.93300003 0.35730070
vn -0.04297904 -0.93300003 0.35730070
vn -0.04297904 -0.93300003 0.35730070
vn -0.04297904 -0.93300003 0.35730070
vn -0.12711230 0.00000000 0.99188834
vn -0.12711230 0.00000000 0.99188834
vn -0.12711230 0.00000000 0.99188834
vn -0.12711230 0.00000000 0.99188834
vn -0.03973002 0.87535113 0.48185259
vn -0.03973002 0.87535113 0.48185259
vn -0.03973002 0.87535113 0.48185259
vn -0.03973002 0.87535113 0.48185259
vn -0.03452242 0.99723721 0.06577356
vn -0.03452242 0.99723721 0.06577356
vn -0.03452242 0.99723721 0.06577356
vn -0.03452242 0.99723721 0.06577356
vn -0.03679935 0.99905652 0.02306275
vn -0.03679935 0.99905652 0.02306275
vn -0.03679935 0.99905652 0.02306275
vn -0.03679935 0.99905652 0.02306275
vn -0.03016792 0.99832422 -0.04938394
vn -0.03016792 0.99832422 -0.04938394
vn -0.03016792 0.99832422 -0.04938394
vn -0.03016792 0.99832422 -0.04938394
vn -0.01696744 0.97176617 -0.23533490
vn -0.01696744 0.97176617 -0.23533490
vn -0.01696744 0.97176617 -0.23533490
vn -0.01696744 0.97176617 -0.23533490
vn -0.05074017 -0.00000000 -0.99871188
vn -0.05074017 -0.00000000 -0.99871188
vn -0.05074017 -0.00000000 -0.99871188
vn -0.05074017 -0.00000000 -0.99871188
vn -0.00342756 -0.98958308 -0.14392214
vn -0.00342756 -0.98958308 -0.14392214
vn -0.00342756 -0.98958308 -0.14392214
vn -0.00342756 -0.98958308 -0.14392214
vn 0.00253978 -0.99980110 0.01978279
vn 0.00253978 -0.99980110 0.01978279
vn 0.00253978 -0.99980110 0.01978279
vn 0.00253978 -0.99980110 0.01978279
vn 0.00077604 -0.99991274 -0.01319000
vn 0.00077604 -0.99991274 -0.01319000
vn 0.00077604 -0.99991274 -0.01319000
vn 0.00077604 -0.99991274 -0.01319000
vn -0.00169097 -0.99975699 -0.02197990
vn -0.00169097 -0.99975699 -0.02197990
vn -0.00169097 -0.99975699 -0.02197990
vn -0.00169097 -0.99975699 -0.02197990
vn -0.01716137 -0.93290687 0.35970852
vn -0.01716137 -0.93290687 0.35970852
vn -0.01716137 -0.93290687 0.35970852
vn -0.01716137 -0.93290687 0.35970852
vn -0.05074017 0.00000000 0.99871188
vn -0.05074017 0.00000000 0.99871188
vn -0.05074017 0.00000000 0.99871188
vn -0.05074017 0.00000000 0.99871188
vn 1.00000000 -0.00000000 -0.00000000
vn 1.00000000 -0.00000000 -0.00000000
vn 1.00000000 -0.00000000 -0.00000000
vn 1.00000000 -0.00000000 -0.00000000
vn 1.00000000 -0.00000000 -0.00000000
vn 1.00000000 -0.00000000 -0.00000000
vn 1.00000000 -0.00000000 -0.00000000
vn 1.00000000 -0.00000000 -0.00000000
vn 1.00000000 -0.00000000 -0.00000000
vn 1.00000000 -0.00000000 -0.00000000
vn 1.00000000 -0.00000000 -0.00000000
vn 1.00000000 -0.00000000 -0.00000000
vn 1.00000000 -0.00000000 0.00000000
vn 1.00000000 -0.00000000 0.00000000
vn 1.00000000 -0.00000000 0.00000000
vn 0.99999994 -0.00000000 -0.00000000
vn 0.99999994 -0.00000000 -0.00000000
vn 0.99999994 -0.00000000 -0.00000000
vn 1.00000000 -0.00000000 -0.00000000
vn 1.00000000 -0.00000000 -0.00000000
vn 1.00000000 -0.00000000 -0.00000000
vn 1.00000000 -0.00000000 -0.00000000
vn 1.00000000 -0.00000000 -0.00000000
vn 1.00000000 -0.00000000 -0.00000000
vn 0.99999994 0.00000000 -0.00000000
vn 0.99999994 0.00000000 -0.00000000
vn 0.99999994 0.00000000 -0.00000000
vn 1.00000000 -0.00000000 -0.00000000
vn 1.00000000 -0.00000000 -0.00000000
vn 1.00000000 -0.00000000 -0.00000000
vn 1.00000000 -0.00000000 -0.00000000
vn 1.00000000 -0.00000000 -0.00000000
vn 1.00000000 -0.00000000 -0.00000000
vn 1.00000000 -0.00000000 -0.00000000
vn 1.00000000 -0.00000000 -0.00000000
vn 1.00000000 -0.00000000 -0.00000000
vn -1.00000000 0.00000099 0.00000053
vn -1.00000000 0.00000099 0.00000053
vn -1.00000000 0.00000099 0.00000053
vn -1.00000000 0.00000267 0.00000016
vn -1.00000000 0.00000267 0.00000016
vn -1.00000000 0.00000267 0.00000016
vn -1.00000000 0.00000284 0.00000006
vn -1.00000000 0.00000284 0.00000006
vn -1.00000000 0.00000284 0.00000006
vn -1.00000000 0.00000270 -0.00000012
vn -1.00000000 0.00000270 -0.00000012
vn -1.00000000 0.00000270 -0.00000012
vn -1.00000000 0.00000173 -0.00000040
vn -1.00000000 0.00000173 -0.00000040
vn -1.00000000 0.00000173 -0.00000040
vn -1.00000000 0.00000000 -0.00000042
vn -1.00000000 0.00000000 -0.00000042
vn -1.00000000 0.00000000 -0.00000042
vn -1.00000000 -0.00000221 -0.00000032
vn -1.00000000 -0.00000221 -0.00000032
vn -1.00000000 -0.00000221 -0.00000032
vn -1.00000000 -0.00000370 0.00000007
vn -1.00000000 -0.00000370 0.00000007
vn -1.00000000 -0.00000370 0.00000007
vn -1.00000000 -0.00000359 -0.00000004
vn -1.00000000 -0.00000359 -0.00000004
vn -1.00000000 -0.00000359 -0.00000004
vn -1.00000000 -0.00000365 -0.00000007
vn -1.00000000 -0.00000365 -0.00000007
vn -1.00000000 -0.00000365 -0.00000007
vn -1.00000000 -0.00000123 0.00000047
vn -1.00000000 -0.00000123 0.00000047
vn -1.00000000 -0.00000123 0.00000047
vn -1.00000000 0.00000000 0.00000055
vn -1.00000000 0.00000000 0.00000055
vn -1.00000000 0.00000000 0.00000055
vn 0.77393568 0.28802162 -0.56397450
vn 0.77393568 0.28802162 -0.56397450
vn 0.77393568 0.28802162 -0.56397450
vn 0.77393568 0.28802162 -0.56397450
vn 0.50508225 0.70150346 -0.50277704
vn 0.50508225 0.70150346 -0.50277704
vn 0.50508225 0.70150346 -0.50277704
vn 0.50508225 0.70150346 -0.50277704
vn 0.16839747 0.87287188 -0.45797041
vn 0.16839747 0.87287188 -0.45797041
vn 0.16839747 0.87287188 -0.45797041
vn 0.16839747 0.87287188 -0.45797041
vn -0.16839740 0.87287182 -0.45797047
vn -0.16839740 0.87287182 -0.45797047
vn -0.16839740 0.87287182 -0.45797047
vn -0.16839740 0.87287182 -0.45797047
vn -0.50508273 0.70150316 -0.50277722
vn -0.50508273 0.70150316 -0.50277722
vn -0.50508273 0.70150316 -0.50277722
vn -0.50508273 0.70150316 -0.50277722
vn -0.77393585 0.28802174 -0.56397396
vn -0.77393585 0.28802174 -0.56397396
vn -0.77393585 0.28802174 -0.56397396
vn -0.77393585 0.28802174 -0.56397396
vn -0.77393568 -0.28802162 -0.56397456
vn -0.77393568 -0.28802162 -0.56397456
vn -0.77393568 -0.28802162 -0.56397456
vn -0.77393568 -0.28802162 -0.56397456
vn -0.50508219 -0.70150357 -0.50277710
vn -0.50508219 -0.70150357 -0.50277710
vn -0.50508219 -0.70150357 -0.50277710
vn -0.50508219 -0.70150357 -0.50277710
vn -0.16839750 -0.87287199 -0.45797038
vn -0.16839750 -0.87287199 -0.45797038
vn -0.16839750 -0.87287199 -0.45797038
vn -0.16839750 -0.87287199 -0.45797038
vn 0.16839762 -0.87287182 -0.45797047
vn 0.16839762 -0.87287182 -0.45797047
vn 0.16839762 -0.87287182 -0.45797047
vn 0.16839762 -0.87287182 -0.45797047
vn 0.50508273 -0.70150298 -0.50277722
vn 0.50508273 -0.70150298 -0.50277722
vn 0.50508273 -0.70150298 -0.50277722
vn 0.50508273 -0.70150298 -0.50277722
vn 0.77393591 -0.28802189 -0.56397396
vn 0.77393591 -0.28802189 -0.56397396
vn 0.77393591 -0.28802189 -0.56397396
vn 0.77393591 -0.28802189 -0.56397396
vn 0.93619090 0.34840417 -0.04648845
vn 0.93619090 0.34840417 -0.04648845
vn 0.93619090 0.34840417 -0.04648845
vn 0.93619090 0.34840417 -0.04648845
vn 0.58384609 0.81089777 -0.03960418
vn 0.58384609 0.81089777 -0.03960418
vn 0.58384609 0.81089777 -0.03960418
vn 0.58384609 0.81089777 -0.03960418
vn 0.18931378 0.98128968 -0.03508428
vn 0.18931378 0.98128968 -0.03508428
vn 0.18931378 0.98128968 -0.03508428
vn 0.18931378 0.98128968 -0.03508428
vn -0.18931367 0.98128968 -0.03508422
vn -0.18931367 0.98128968 -0.03508422
vn -0.18931367 0.98128968 -0.03508422
vn -0.18931367 0.98128968 -0.03508422
vn -0.58384663 0.81089747 -0.03960395
vn -0.58384663 0.81089747 -0.03960395
vn -0.58384663 0.81089747 -0.03960395
vn -0.58384663 0.81089747 -0.03960395
vn -0.93619090 0.34840423 -0.04648889
vn -0.93619090 0.34840423 -0.04648889
vn -0.93619090 0.34840423 -0.04648889
vn -0.93619090 0.34840423 -0.04648889
vn -0.93619090 -0.34840411 -0.04648844
vn -0.93619090 -0.34840411 -0.04648844
vn -0.93619090 -0.34840411 -0.04648844
vn -0.93619090 -0.34840411 -0.04648844
vn -0.58384591 -0.81089795 -0.03960402
vn -0.58384591 -0.81089795 -0.03960402
vn -0.58384591 -0.81089795 -0.03960402
vn -0.58384591 -0.81089795 -0.03960402
vn -0.18931371 -0.98128968 -0.03508426
vn -0.18931371 -0.98128968 -0.03508426
vn -0.18931371 -0.98128968 -0.03508426
vn -0.18931371 -0.98128968 -0.03508426
vn 0.18931383 -0.98128968 -0.03508427
vn 0.18931383 -0.98128968 -0.03508427
vn 0.18931383 -0.98128968 -0.03508427
vn 0.18931383 -0.98128968 -0.03508427
vn 0.58384651 -0.81089747 -0.03960409
vn 0.58384651 -0.81089747 -0.03960409
vn 0.58384651 -0.81089747 -0.03960409
vn 0.58384651 -0.81089747 -0.03960409
vn 0.93619084 -0.34840432 -0.04648888
vn 0.93619084 -0.34840432 -0.04648888
vn 0.93619084 -0.34840432 -0.04648888
vn 0.93619084 -0.34840432 -0.04648888
vn 0.93153071 0.34667134 0.10986102
vn 0.93153071 0.34667134 0.10986102
vn 0.93153071 0.34667134 0.10986102
vn 0.93153071 0.34667134 0.10986102
vn 0.58173329 0.80796230 0.09371924
vn 0.58173329 0.80796230 0.09371924
vn 0.58173329 0.80796230 0.09371924
vn 0.58173329 0.80796230 0.09371924
vn 0.18877533 0.97849900 0.08308814
vn 0.18877533 0.97849900 0.08308814
vn 0.18877533 0.97849900 0.08308814
vn 0.18877533 0.97849900 0.08308814
vn -0.18877545 0.97849894 0.08308811
vn -0.18877545 0.97849894 0.08308811
vn -0.18877545 0.97849894 0.08308811
vn -0.18877545 0.97849894 0.08308811
vn -0.58173347 0.80796230 0.09371891
vn -0.58173347 0.80796230 0.09371891
vn -0.58173347 0.80796230 0.09371891
vn -0.58173347 0.80796230 0.09371891
vn -0.93153071 0.34667143 0.10986094
vn -0.93153071 0.34667143 0.10986094
vn -0.93153071 0.34667143 0.10986094
vn -0.93153071 0.34667143 0.10986094
vn -0.93153071 -0.34667125 0.10986102
vn -0.93153071 -0.34667125 0.10986102
vn -0.93153071 -0.34667125 0.10986102
vn -0.93153071 -0.34667125 0.10986102
vn -0.58173275 -0.80796278 0.09371905
vn -0.58173275 -0.80796278 0.09371905
vn -0.58173275 -0.80796278 0.09371905
vn -0.58173275 -0.80796278 0.09371905
vn -0.18877533 -0.97849894 0.08308809
vn -0.18877533 -0.97849894 0.08308809
vn -0.18877533 -0.97849894 0.08308809
vn -0.18877533 -0.97849894 0.08308809
vn 0.18877542 -0.97849894 0.08308814
vn 0.18877542 -0.97849894 0.08308814
vn 0.18877542 -0.97849894 0.08308814
vn 0.18877542 -0.97849894 0.08308814
vn 0.58173335 -0.80796230 0.09371925
vn 0.58173335 -0.80796230 0.09371925
vn 0.58173335 -0.80796230 0.09371925
vn 0.58173335 -0.80796230 0.09371925
vn 0.93153089 -0.34667084 0.10986096
vn 0.93153089 -0.34667084 0.10986096
vn 0.93153089 -0.34667084 0.10986096
vn 0.93153089 -0.34667084 0.10986096
vn 0.56420887 0.20997182 0.79848617
vn 0.56420887 0.20997182 0.79848617
vn 0.56420887 0.20997182 0.79848617
vn 0.56420887 0.20997182 0.79848617
vn 0.38730523 0.53792346 0.74875420
vn 0.38730523 0.53792346 0.74875420
vn 0.38730523 0.53792346 0.74875420
vn 0.38730523 0.53792346 0.74875420
vn 0.13391288 0.69412446 0.70728964
vn 0.13391288 0.69412446 0.70728964
vn 0.13391288 0.69412446 0.70728964
vn 0.13391288 0.69412446 0.70728964
vn -0.13391288 0.69412446 0.70728970
vn -0.13391288 0.69412446 0.70728970
vn -0.13391288 0.69412446 0.70728970
vn -0.13391288 0.69412446 0.70728970
vn -0.38730490 0.53792369 0.74875432
vn -0.38730490 0.53792369 0.74875432
vn -0.38730490 0.53792369 0.74875432
vn -0.38730490 0.53792369 0.74875432
vn -0.56420898 0.20997088 0.79848629
vn -0.56420898 0.20997088 0.79848629
vn -0.56420898 0.20997088 0.79848629
vn -0.56420898 0.20997088 0.79848629
vn -0.56420887 -0.20997177 0.79848617
vn -0.56420887 -0.20997177 0.79848617
vn -0.56420887 -0.20997177 0.79848617
vn -0.56420887 -0.20997177 0.79848617
vn -0.38730508 -0.53792357 0.74875432
vn -0.38730508 -0.53792357 0.74875432
vn -0.38730508 -0.53792357 0.74875432
vn -0.38730508 -0.53792357 0.74875432
vn -0.13391282 -0.69412446 0.70728964
vn -0.13391282 -0.69412446 0.70728964
vn -0.13391282 -0.69412446 0.70728964
vn -0.13391282 -0.69412446 0.70728964
vn 0.13391297 -0.69412452 0.70728952
vn 0.13391297 -0.69412452 0.70728952
vn 0.13391297 -0.69412452 0.70728952
vn 0.13391297 -0.69412452 0.70728952
vn 0.38730532 -0.53792351 0.74875420
vn 0.38730532 -0.53792351 0.74875420
vn 0.38730532 -0.53792351 0.74875420
vn 0.38730532 -0.53792351 0.74875420
vn 0.56420898 -0.20997144 0.79848617
vn 0.56420898 -0.20997144 0.79848617
vn 0.56420898 -0.20997144 0.79848617
vn 0.56420898 -0.20997144 0.79848617
vn -0.00000000 -0.00000000 -1.00000000
vn -0.00000000 -0.00000000 -1.00000000
vn -0.00000000 -0.00000000 -1.00000000
vn -0.00000000 -0.00000000 -1.00000000
vn -0.00000000 -0.00000000 -1.00000000
vn -0.00000000 -0.00000000 -1.00000000
vn -0.00000000 -0.00000000 -1.00000000
vn -0.00000000 -0.00000000 -1.00000000
vn -0.00000000 -0.00000000 -1.00000000
vn -0.00000000 0.00000000 -1.00000000
vn -0.00000000 0.00000000 -1.00000000
vn -0.00000000 0.00000000 -1.00000000
vn -0.00000000 -0.00000000 -1.00000000
vn -0.00000000 -0.00000000 -1.00000000
vn -0.00000000 -0.00000000 -1.00000000
vn -0.00000000 -0.00000000 -1.00000000
vn -0.00000000 -0.00000000 -1.00000000
vn -0.00000000 -0.00000000 -1.00000000
vn -0.00000000 -0.00000000 -1.00000000
vn -0.00000000 -0.00000000 -1.00000000
vn -0.00000000 -0.00000000 -1.00000000
vn -0.00000000 -0.00000000 -1.00000000
vn -0.00000000 -0.00000000 -1.00000000
vn -0.00000000 -0.00000000 -1.00000000
vn -0.00000000 -0.00000000 -1.00000000
vn -0.00000000 -0.00000000 -1.00000000
vn -0.00000000 -0.00000000 -1.00000000
vn -0.00000000 -0.00000000 -1.00000000
vn -0.00000000 -0.00000000 -1.00000000
vn -0.00000000 -0.00000000 -1.00000000
vn -0.00000000 -0.00000000 -0.99999994
vn -0.00000000 -0.00000000 -0.99999994
vn -0.00000000 -0.00000000 -0.99999994
vn 0.00000000 -0.00000000 -0.99999994
vn 0.00000000 -0.00000000 -0.99999994
vn 0.00000000 -0.00000000 -0.99999994
vn -0.00000056 -0.00000021 1.00000000
vn -0.00000056 -0.00000021 1.00000000
vn -0.00000056 -0.00000021 1.00000000
vn -0.00000041 -0.00000057 1.00000000
vn -0.00000041 -0.00000057 1.00000000
vn -0.00000041 -0.00000057 1.00000000
vn -0.00000015 -0.00000078 1.00000000
vn -0.00000015 -0.00000078 1.00000000
vn -0.00000015 -0.00000078 1.00000000
vn 0.00000015 -0.00000078 1.00000000
vn 0.00000015 -0.00000078 1.00000000
vn 0.00000015 -0.00000078 1.00000000
vn 0.00000041 -0.00000057 1.00000000
vn 0.00000041 -0.00000057 1.00000000
vn 0.00000041 -0.00000057 1.00000000
vn 0.00000056 -0.00000021 1.00000000
vn 0.00000056 -0.00000021 1.00000000
vn 0.00000056 -0.00000021 1.00000000
vn 0.00000056 0.00000021 1.00000000
vn 0.00000056 0.00000021 1.00000000
vn 0.00000056 0.00000021 1.00000000
vn 0.00000041 0.00000057 1.00000000
vn 0.00000041 0.00000057 1.00000000
vn 0.00000041 0.00000057 1.00000000
vn 0.00000015 0.00000078 1.00000000
vn 0.00000015 0.00000078 1.00000000
vn 0.00000015 0.00000078 1.00000000
vn -0.00000015 0.00000078 1.00000000
vn -0.00000015 0.00000078 1.00000000
vn -0.00000015 0.00000078 1.00000000
vn -0.00000041 0.00000057 1.00000000
vn -0.00000041 0.00000057 1.00000000
vn -0.00000041 0.00000057 1.00000000
vn -0.00000056 0.00000021 1.00000000
vn -0.00000056 0.00000021 1.00000000
vn -0.00000056 0.00000021 1.00000000
vn 0.96592581 0.25881913 -0.00000000
vn 0.96592581 0.25881913 -0.00000000
vn 0.96592581 0.25881913 -0.00000000
vn 0.96592581 0.25881913 -0.00000000
vn 0.00000000 0.00000000 1.00000000
vn 0.00000000 0.00000000 1.00000000
vn 0.00000000 0.00000000 1.00000000
vn 0.00000000 0.00000000 -1.00000000
vn 0.00000000 0.00000000 -1.00000000
vn 0.00000000 0.00000000 -1.00000000
vn 0.70710635 0.70710725 -0.00000000
vn 0.70710635 0.70710725 -0.00000000
vn 0.70710635 0.70710725 -0.00000000
vn 0.70710635 0.70710725 -0.00000000
vn 0.00000000 0.00000000 1.00000000
vn 0.00000000 0.00000000 1.00000000
vn 0.00000000 0.00000000 1.00000000
vn 0.00000000 0.00000000 -1.00000000
vn 0.00000000 0.00000000 -1.00000000
vn 0.00000000 0.00000000 -1.00000000
vn 0.25881910 0.96592581 -0.00000000
vn 0.25881910 0.96592581 -0.00000000
vn 0.25881910 0.96592581 -0.00000000
vn 0.25881910 0.96592581 -0.00000000
vn 0.00000000 0.00000000 1.00000000
vn 0.00000000 0.00000000 1.00000000
vn 0.00000000 0.00000000 1.00000000
vn 0.00000000 0.00000000 -1.00000000
vn 0.00000000 0.00000000 -1.00000000
vn 0.00000000 0.00000000 -1.00000000
vn -0.25881889 0.96592593 -0.00000000
vn -0.25881889 0.96592593 -0.00000000
vn -0.25881889 0.96592593 -0.00000000
vn -0.25881889 0.96592593 -0.00000000
vn 0.00000000 -0.00000000 1.00000000
vn 0.00000000 -0.00000000 1.00000000
vn 0.00000000 -0.00000000 1.00000000
vn 0.00000000 0.00000000 -1.00000000
vn 0.00000000 0.00000000 -1.00000000
vn 0.00000000 0.00000000 -1.00000000
vn -0.70710719 0.70710629 -0.00000000
vn -0.70710719 0.70710629 -0.00000000
vn -0.70710719 0.70710629 -0.00000000
vn -0.70710719 0.70710629 -0.00000000
vn 0.00000000 0.00000000 1.00000000
vn 0.00000000 0.00000000 1.00000000
vn 0.00000000 0.00000000 1.00000000
vn 0.00000000 0.00000000 -1.00000000
vn 0.00000000 0.00000000 -1.00000000
vn 0.00000000 0.00000000 -1.00000000
vn -0.96592575 0.25881913 -0.00000000
vn -0.96592575 0.25881913 -0.00000000
vn -0.96592575 0.25881913 -0.00000000
vn -0.96592575 0.25881913 -0.00000000
vn 0.00000000 0.00000000 1.00000000
vn 0.00000000 0.00000000 1.00000000
vn 0.00000000 0.00000000 1.00000000
vn -0.00000000 0.00000000 -1.00000000
vn -0.00000000 0.00000000 -1.00000000
vn -0.00000000 0.00000000 -1.00000000
vn -0.96592581 -0.25881910 0.00000000
vn -0.96592581 -0.25881910 0.00000000
vn -0.96592581 -0.25881910 0.00000000
vn -0.96592581 -0.25881910 0.00000000
vn 0.00000000 0.00000000 1.00000000
vn 0.00000000 0.00000000 1.00000000
vn 0.00000000 0.00000000 1.00000000
vn 0.00000000 0.00000000 -1.00000000
vn 0.00000000 0.00000000 -1.00000000
vn 0.00000000 0.00000000 -1.00000000
vn -0.70710623 -0.70710731 0.00000000
vn -0.70710623 -0.70710731 0.00000000
vn -0.70710623 -0.70710731 0.00000000
vn -0.70710623 -0.70710731 0.00000000
vn 0.00000000 0.00000000 1.00000000
vn 0.00000000 0.00000000 1.00000000
vn 0.00000000 0.00000000 1.00000000
vn 0.00000000 0.00000000 -1.00000000
vn 0.00000000 0.00000000 -1.00000000
vn 0.00000000 0.00000000 -1.00000000
vn -0.25881910 -0.96592581 0.00000000
vn -0.25881910 -0.96592581 0.00000000
vn -0.25881910 -0.96592581 0.00000000
vn -0.25881910 -0.96592581 0.00000000
vn 0.00000000 0.00000000 1.00000000
vn 0.00000000 0.00000000 1.00000000
vn 0.00000000 0.00000000 1.00000000
vn 0.00000000 -0.00000000 -1.00000000
vn 0.00000000 -0.00000000 -1.00000000
vn 0.00000000 -0.00000000 -1.00000000
vn 0.25881916 -0.96592575 -0.00000000
vn 0.25881916 -0.96592575 -0.00000000
vn 0.25881916 -0.96592575 -0.00000000
vn 0.25881916 -0.96592575 -0.00000000
vn 0.00000000 0.00000000 1.00000000
vn 0.00000000 0.00000000 1.00000000
vn 0.00000000 0.00000000 1.00000000
vn 0.00000000 0.00000000 -1.00000000
vn 0.00000000 0.00000000 -1.00000000
vn 0.00000000 0.00000000 -1.00000000
vn 0.70710713 -0.70710635 -0.00000000
vn 0.70710713 -0.70710635 -0.00000000
vn 0.70710713 -0.70710635 -0.00000000
vn 0.70710713 -0.70710635 -0.00000000
vn 0.00000000 0.00000000 1.00000000
vn 0.00000000 0.00000000 1.00000000
vn 0.00000000 0.00000000 1.00000000
vn 0.00000000 0.00000000 -1.00000000
vn 0.00000000 0.00000000 -1.00000000
vn 0.00000000 0.00000000 -1.00000000
vn 0.96592575 -0.25881913 -0.00000000
vn 0.96592575 -0.25881913 -0.00000000
vn 0.96592575 -0.25881913 -0.00000000
vn 0.96592575 -0.25881913 -0.00000000
vn -0.00000000 0.00000000 1.00000000
vn -0.00000000 0.00000000 1.00000000
vn -0.00000000 0.00000000 1.00000000
vn 0.00000000 0.00000000 -1.00000000
vn 0.00000000 0.00000000 -1.00000000
vn 0.00000000 0.00000000 -1.00000000
vn 0.96592581 0.25881913 -0.00000000
vn 0.96592581 0.25881913 -0.00000000
vn 0.96592581 0.25881913 -0.00000000
vn 0.96592581 0.25881913 -0.00000000
vn 0.00000000 0.00000000 1.00000000
vn 0.00000000 0.00000000 1.00000000
vn 0.00000000 0.00000000 1.00000000
vn 0.00000000 0.00000000 -1.00000000
vn 0.00000000 0.00000000 -1.00000000
vn 0.00000000 0.00000000 -1.00000000
vn 0.70710635 0.70710725 -0.00000000
vn 0.70710635 0.70710725 -0.00000000
vn 0.70710635 0.70710725 -0.00000000
vn 0.70710635 0.70710725 -0.00000000
vn 0.00000000 0.00000000 1.00000000
vn 0.00000000 0.00000000 1.00000000
vn 0.00000000 0.00000000 1.00000000
vn 0.00000000 0.00000000 -1.00000000
vn 0.00000000 0.00000000 -1.00000000
vn 0.00000000 0.00000000 -1.00000000
vn 0.25881910 0.96592581 -0.00000000
vn 0.25881910 0.96592581 -0.00000000
vn 0.25881910 0.96592581 -0.00000000
vn 0.25881910 0.96592581 -0.00000000
vn 0.00000000 0.00000000 1.00000000
vn 0.00000000 0.00000000 1.00000000
vn 0.00000000 0.00000000 1.00000000
vn 0.00000000 0.00000000 -1.00000000
vn 0.00000000 0.00000000 -1.00000000
vn 0.00000000 0.00000000 -1.00000000
vn -0.25881889 0.96592593 -0.00000000
vn -0.25881889 0.96592593 -0.00000000
vn -0.25881889 0.96592593 -0.00000000
vn -0.25881889 0.96592593 -0.00000000
vn 0.00000000 -0.00000000 1.00000000
vn 0.00000000 -0.00000000 1.00000000
vn 0.00000000 -0.00000000 1.00000000
vn 0.00000000 0.00000000 -1.00000000
vn 0.00000000 0.00000000 -1.00000000
vn 0.00000000 0.00000000 -1.00000000
vn -0.70710719 0.70710629 -0.00000000
vn -0.70710719 0.70710629 -0.00000000
vn -0.70710719 0.70710629 -0.00000000
vn -0.70710719 0.70710629 -0.00000000
vn 0.00000000 0.00000000 1.00000000
vn 0.00000000 0.00000000 1.00000000
vn 0.00000000 0.00000000 1.00000000
vn 0.00000000 0.00000000 -1.00000000
vn 0.00000000 0.00000000 -1.00000000
vn 0.00000000 0.00000000 -1.00000000
vn -0.96592575 0.25881913 -0.00000000
vn -0.96592575 0.25881913 -0.00000000
vn -0.96592575 0.25881913 -0.00000000
vn -0.96592575 0.25881913 -0.00000000
vn 0.00000000 0.00000000 1.00000000
vn 0.00000000 0.00000000 1.00000000
vn 0.00000000 0.00000000 1.00000000
vn -0.00000000 0.00000000 -1.00000000
vn -0.00000000 0.00000000 -1.00000000
vn -0.00000000 0.00000000 -1.00000000
vn -0.96592581 -0.25881910 0.00000000
vn -0.96592581 -0.25881910 0.00000000
vn -0.96592581 -0.25881910 0.00000000
vn -0.96592581 -0.25881910 0.00000000
vn 0.00000000 0.00000000 1.00000000
vn 0.00000000 0.00000000 1.00000000
vn 0.00000000 0.00000000 1.00000000
vn 0.00000000 0.00000000 -1.00000000
vn 0.00000000 0.00000000 -1.00000000
vn 0.00000000 0.00000000 -1.00000000
vn -0.70710623 -0.70710731 0.00000000
vn -0.70710623 -0.70710731 0.00000000
vn -0.70710623 -0.70710731 0.00000000
vn -0.70710623 -0.70710731 0.00000000
vn 0.00000000 0.00000000 1.00000000
vn 0.00000000 0.00000000 1.00000000
vn 0.00000000 0.00000000 1.00000000
vn 0.00000000 0.00000000 -1.00000000
vn 0.00000000 0.00000000 -1.00000000
vn 0.00000000 0.00000000 -1.00000000
vn -0.25881910 -0.96592581 0.00000000
vn -0.25881910 -0.96592581 0.00000000
vn -0.25881910 -0.96592581 0.00000000
vn -0.25881910 -0.96592581 0.00000000
vn 0.00000000 0.00000000 1.00000000
vn 0.00000000 0.00000000 1.00000000
vn 0.00000000 0.00000000 1.00000000
vn 0.00000000 -0.00000000 -1.00000000
vn 0.00000000 -0.00000000 -1.00000000
vn 0.00000000 -0.00000000 -1.00000000
vn 0.25881916 -0.96592575 -0.00000000
vn 0.25881916 -0.96592575 -0.00000000
vn 0.25881916 -0.96592575 -0.00000000
vn 0.25881916 -0.96592575 -0.00000000
vn 0.00000000 0.00000000 1.00000000
vn 0.00000000 0.00000000 1.00000000
vn 0.00000000 0.00000000 1.00000000
vn 0.00000000 0.00000000 -1.00000000
vn 0.00000000 0.00000000 -1.00000000
vn 0.00000000 0.00000000 -1.00000000
vn 0.70710713 -0.70710635 -0.00000000
vn 0.70710713 -0.70710635 -0.00000000
vn 0.70710713 -0.70710635 -0.00000000
vn 0.70710713 -0.70710635 -0.00000000
vn 0.00000000 0.00000000 1.00000000
vn 0.00000000 0.00000000 1.00000000
vn 0.00000000 0.00000000 1.00000000
vn 0.00000000 0.00000000 -1.00000000
vn 0.00000000 0.00000000 -1.00000000
vn 0.00000000 0.00000000 -1.00000000
vn 0.96592575 -0.25881913 -0.00000000
vn 0.96592575 -0.25881913 -0.00000000
vn 0.96592575 -0.25881913 -0.00000000
vn 0.96592575 -0.25881913 -0.00000000
vn -0.00000000 0.00000000 1.00000000
vn -0.00000000 0.00000000 1.00000000
vn -0.00000000 0.00000000 1.00000000
vn 0.00000000 0.00000000 -1.00000000
vn 0.00000000 0.00000000 -1.00000000
vn 0.00000000 0.00000000 -1.00000000
vn 0.92387956 0.38268328 -0.00000000
vn 0.92387956 0.38268328 -0.00000000
vn 0.92387956 0.38268328 -0.00000000
vn 0.92387956 0.38268328 -0.00000000
vn -0.92387956 -0.38268355 0.00000000
vn -0.92387956 -0.38268355 0.00000000
vn -0.92387956 -0.38268355 0.00000000
vn -0.92387956 -0.38268355 0.00000000
vn 0.00000000 0.00000000 -1.00000000
vn 0.00000000 0.00000000 -1.00000000
vn 0.00000000 0.00000000 -1.00000000
vn 0.00000000 0.00000000 -1.00000000
vn 0.00000000 0.00000000 1.00000000
vn 0.00000000 0.00000000 1.00000000
vn 0.00000000 0.00000000 1.00000000
vn 0.00000000 0.00000000 1.00000000
vn 0.38268343 0.92387956 -0.00000000
vn 0.38268343 0.92387956 -0.00000000
vn 0.38268343 0.92387956 -0.00000000
vn 0.38268343 0.92387956 -0.00000000
vn -0.38268349 -0.92387950 0.00000000
vn -0.38268349 -0.92387950 0.00000000
vn -0.38268349 -0.92387950 0.00000000
vn -0.38268349 -0.92387950 0.00000000
vn 0.00000000 0.00000000 -1.00000000
vn 0.00000000 0.00000000 -1.00000000
vn 0.00000000 0.00000000 -1.00000000
vn 0.00000000 0.00000000 -1.00000000
vn 0.00000000 0.00000000 1.00000000
vn 0.00000000 0.00000000 1.00000000
vn 0.00000000 0.00000000 1.00000000
vn 0.00000000 0.00000000 1.00000000
vn -0.38268349 0.92387950 -0.00000000
vn -0.38268349 0.92387950 -0.00000000
vn -0.38268349 0.92387950 -0.00000000
vn -0.38268349 0.92387950 -0.00000000
vn 0.38268349 -0.92387950 -0.00000000
vn 0.38268349 -0.92387950 -0.00000000
vn 0.38268349 -0.92387950 -0.00000000
vn 0.38268349 -0.92387950 -0.00000000
vn 0.00000000 0.00000000 -1.00000000
vn 0.00000000 0.00000000 -1.00000000
vn 0.00000000 0.00000000 -1.00000000
vn 0.00000000 0.00000000 -1.00000000
vn 0.00000000 0.00000000 1.00000000
vn 0.00000000 0.00000000 1.00000000
vn 0.00000000 0.00000000 1.00000000
vn 0.00000000 0.00000000 1.00000000
vn -0.92387938 0.38268378 -0.00000000
vn -0.92387938 0.38268378 -0.00000000
vn -0.92387938 0.38268378 -0.00000000
vn -0.92387938 0.38268378 -0.00000000
vn 0.92387956 -0.38268349 -0.00000000
vn 0.92387956 -0.38268349 -0.00000000
vn 0.92387956 -0.38268349 -0.00000000
vn 0.92387956 -0.38268349 -0.00000000
vn 0.00000000 0.00000000 -1.00000000
vn 0.00000000 0.00000000 -1.00000000
vn 0.00000000 0.00000000 -1.00000000
vn 0.00000000 0.00000000 -1.00000000
vn 0.00000000 0.00000000 1.00000000
vn 0.00000000 0.00000000 1.00000000
vn 0.00000000 0.00000000 1.00000000
vn 0.00000000 0.00000000 1.00000000
vn -0.92387938 -0.38268387 0.00000000
vn -0.92387938 -0.38268387 0.00000000
vn -0.92387938 -0.38268387 0.00000000
vn -0.92387938 -0.38268387 0.00000000
vn 0.92387956 0.38268355 -0.00000000
vn 0.92387956 0.38268355 -0.00000000
vn 0.92387956 0.38268355 -0.00000000
vn 0.92387956 0.38268355 -0.00000000
vn 0.00000000 0.00000000 -1.00000000
vn 0.00000000 0.00000000 -1.00000000
vn 0.00000000 0.00000000 -1.00000000
vn 0.00000000 0.00000000 -1.00000000
vn 0.00000000 0.00000000 1.00000000
vn 0.00000000 0.00000000 1.00000000
vn 0.00000000 0.00000000 1.00000000
vn 0.00000000 0.00000000 1.00000000
vn -0.38268334 -0.92387950 0.00000000
vn -0.38268334 -0.92387950 0.00000000
vn -0.38268334 -0.92387950 0.00000000
vn -0.38268334 -0.92387950 0.00000000
vn 0.38268334 0.92387950 -0.00000000
vn 0.38268334 0.92387950 -0.00000000
vn 0.38268334 0.92387950 -0.00000000
vn 0.38268334 0.92387950 -0.00000000
vn 0.00000000 0.00000000 -1.00000000
vn 0.00000000 0.00000000 -1.00000000
vn 0.00000000 0.00000000 -1.00000000
vn 0.00000000 0.00000000 -1.00000000
vn 0.00000000 0.00000000 1.00000000
vn 0.00000000 0.00000000 1.00000000
vn 0.00000000 0.00000000 1.00000000
vn 0.00000000 0.00000000 1.00000000
vn 0.38268358 -0.92387950 -0.00000000
vn 0.38268358 -0.92387950 -0.00000000
vn 0.38268358 -0.92387950 -0.00000000
vn 0.38268358 -0.92387950 -0.00000000
vn -0.38268355 0.92387950 -0.00000000
vn -0.38268355 0.92387950 -0.00000000
vn -0.38268355 0.92387950 -0.00000000
vn -0.38268355 0.92387950 -0.00000000
vn 0.00000000 0.00000000 -1.00000000
vn 0.00000000 0.00000000 -1.00000000
vn 0.00000000 0.00000000 -1.00000000
vn 0.00000000 0.00000000 -1.00000000
vn 0.00000000 0.00000000 1.00000000
vn 0.00000000 0.00000000 1.00000000
vn 0.00000000 0.00000000 1.00000000
vn 0.00000000 0.00000000 1.00000000
vn 0.92387968 -0.38268310 -0.00000000
vn 0.92387968 -0.38268310 -0.00000000
vn 0.92387968 -0.38268310 -0.00000000
vn 0.92387968 -0.38268310 -0.00000000
vn -0.92387962 0.38268322 -0.00000000
vn -0.92387962 0.38268322 -0.00000000
vn -0.92387962 0.38268322 -0.00000000
vn -0.92387962 0.38268322 -0.00000000
vn 0.00000000 0.00000000 -1.00000000
vn 0.00000000 0.00000000 -1.00000000
vn 0.00000000 0.00000000 -1.00000000
vn 0.00000000 0.00000000 -1.00000000
vn 0.00000000 0.00000000 1.00000000
vn 0.00000000 0.00000000 1.00000000
vn 0.00000000 0.00000000 1.00000000
vn 0.00000000 0.00000000 1.00000000
vn 1.00000000 -0.00000000 -0.00000000
vn 1.00000000 -0.00000000 -0.00000000
vn 1.00000000 -0.00000000 -0.00000000
vn 1.00000000 -0.00000000 -0.00000000
vn -1.00000000 -0.00000000 -0.00000000
vn -1.00000000 -0.00000000 -0.00000000
vn -1.00000000 -0.00000000 -0.00000000
vn -1.00000000 -0.00000000 -0.00000000
vn -0.00000000 1.00000000 -0.00000000
vn -0.00000000 1.00000000 -0.00000000
vn -0.00000000 1.00000000 -0.00000000
vn -0.00000000 1.00000000 -0.00000000
vn -0.00000000 -1.00000000 -0.00000000
vn -0.00000000 -1.00000000 -0.00000000
vn -0.00000000 -1.00000000 -0.00000000
vn -0.00000000 -1.00000000 -0.00000000
vn -0.00000000 -0.00000000 1.00000000
vn -0.00000000 -0.00000000 1.00000000
vn -0.00000000 -0.00000000 1.00000000
vn -0.00000000 -0.00000000 1.00000000
vn -0.00000000 -0.00000000 -1.00000000
vn -0.00000000 -0.00000000 -1.00000000
vn -0.00000000 -0.00000000 -1.00000000
vn -0.00000000 -0.00000000 -1.00000000
vn 0.92387938 0.38268363 -0.00000000
vn 0.92387938 0.38268363 -0.00000000
vn 0.92387938 0.38268363 -0.00000000
vn 0.92387938 0.38268363 -0.00000000
vn -0.92387950 -0.38268343 0.00000000
vn -0.92387950 -0.38268343 0.00000000
vn -0.92387950 -0.38268343 0.00000000
vn -0.92387950 -0.38268343 0.00000000
vn 0.00000000 0.00000000 -1.00000000
vn 0.00000000 0.00000000 -1.00000000
vn 0.00000000 0.00000000 -1.00000000
vn 0.00000000 0.00000000 -1.00000000
vn 0.00000000 0.00000000 1.00000000
vn 0.00000000 0.00000000 1.00000000
vn 0.00000000 0.00000000 1.00000000
vn 0.00000000 0.00000000 1.00000000
vn 0.38268346 0.92387950 -0.00000000
vn 0.38268346 0.92387950 -0.00000000
vn 0.38268346 0.92387950 -0.00000000
vn 0.38268346 0.92387950 -0.00000000
vn -0.38268349 -0.92387956 0.00000000
vn -0.38268349 -0.92387956 0.00000000
vn -0.38268349 -0.92387956 0.00000000
vn -0.38268349 -0.92387956 0.00000000
vn 0.00000000 0.00000000 -1.00000000
vn 0.00000000 0.00000000 -1.00000000
vn 0.00000000 0.00000000 -1.00000000
vn 0.00000000 0.00000000 -1.00000000
vn 0.00000000 0.00000000 1.00000000
vn 0.00000000 0.00000000 1.00000000
vn 0.00000000 0.00000000 1.00000000
vn 0.00000000 0.00000000 1.00000000
vn -0.38268346 0.92387950 -0.00000000
vn -0.38268346 0.92387950 -0.00000000
vn -0.38268346 0.92387950 -0.00000000
vn -0.38268346 0.92387950 -0.00000000
vn 0.38268349 -0.92387956 -0.00000000
vn 0.38268349 -0.92387956 -0.00000000
vn 0.38268349 -0.92387956 -0.00000000
vn 0.38268349 -0.92387956 -0.00000000
vn 0.00000000 0.00000000 -1.00000000
vn 0.00000000 0.00000000 -1.00000000
vn 0.00000000 0.00000000 -1.00000000
vn 0.00000000 0.00000000 -1.00000000
vn 0.00000000 0.00000000 1.00000000
vn 0.00000000 0.00000000 1.00000000
vn 0.00000000 0.00000000 1.00000000
vn 0.00000000 0.00000000 1.00000000
vn -0.92387944 0.38268363 -0.00000000
vn -0.92387944 0.38268363 -0.00000000
vn -0.92387944 0.38268363 -0.00000000
vn -0.92387944 0.38268363 -0.00000000
vn 0.92387950 -0.38268337 -0.00000000
vn 0.92387950 -0.38268337 -0.00000000
vn 0.92387950 -0.38268337 -0.00000000
vn 0.92387950 -0.38268337 -0.00000000
vn 0.00000000 0.00000000 -1.00000000
vn 0.00000000 0.00000000 -1.00000000
vn 0.00000000 0.00000000 -1.00000000
vn 0.00000000 0.00000000 -1.00000000
vn 0.00000000 0.00000000 1.00000000
vn 0.00000000 0.00000000 1.00000000
vn 0.00000000 0.00000000 1.00000000
vn 0.00000000 0.00000000 1.00000000
vn -0.92387944 -0.38268363 0.00000000
vn -0.92387944 -0.38268363 0.00000000
vn -0.92387944 -0.38268363 0.00000000
vn -0.92387944 -0.38268363 0.00000000
vn 0.92387950 0.38268343 -0.00000000
vn 0.92387950 0.38268343 -0.00000000
vn 0.92387950 0.38268343 -0.00000000
vn 0.92387950 0.38268343 -0.00000000
vn 0.00000000 0.00000000 -1.00000000
vn 0.00000000 0.00000000 -1.00000000
vn 0.00000000 0.00000000 -1.00000000
vn 0.00000000 0.00000000 -1.00000000
vn 0.00000000 0.00000000 1.00000000
vn 0.00000000 0.00000000 1.00000000
vn 0.00000000 0.00000000 1.00000000
vn 0.00000000 0.00000000 1.00000000
vn -0.38268325 -0.92387962 0.00000000
vn -0.38268325 -0.92387962 0.00000000
vn -0.38268325 -0.92387962 0.00000000
vn -0.38268325 -0.92387962 0.00000000
vn 0.38268325 0.92387956 -0.00000000
vn 0.38268325 0.92387956 -0.00000000
vn 0.38268325 0.92387956 -0.00000000
vn 0.38268325 0.92387956 -0.00000000
vn 0.00000000 0.00000000 -1.00000000
vn 0.00000000 0.00000000 -1.00000000
vn 0.00000000 0.00000000 -1.00000000
vn 0.00000000 0.00000000 -1.00000000
vn 0.00000000 0.00000000 1.00000000
vn 0.00000000 0.00000000 1.00000000
vn 0.00000000 0.00000000 1.00000000
vn 0.00000000 0.00000000 1.00000000
vn 0.38268355 -0.92387950 -0.00000000
vn 0.38268355 -0.92387950 -0.00000000
vn 0.38268355 -0.92387950 -0.00000000
vn 0.38268355 -0.92387950 -0.00000000
vn -0.38268358 0.92387944 -0.00000000
vn -0.38268358 0.92387944 -0.00000000
vn -0.38268358 0.92387944 -0.00000000
vn -0.38268358 0.92387944 -0.00000000
vn 0.00000000 0.00000000 -1.00000000
vn 0.00000000 0.00000000 -1.00000000
vn 0.00000000 0.00000000 -1.00000000
vn 0.00000000 0.00000000 -1.00000000
vn 0.00000000 0.00000000 1.00000000
vn 0.00000000 0.00000000 1.00000000
vn 0.00000000 0.00000000 1.00000000
vn 0.00000000 0.00000000 1.00000000
vn 0.92387962 -0.38268334 -0.00000000
vn 0.92387962 -0.38268334 -0.00000000
vn 0.92387962 -0.38268334 -0.00000000
vn 0.92387962 -0.38268334 -0.00000000
vn -0.92387974 0.38268313 -0.00000000
vn -0.92387974 0.38268313 -0.00000000
vn -0.92387974 0.38268313 -0.00000000
vn -0.92387974 0.38268313 -0.00000000
vn 0.00000000 0.00000000 -1.00000000
vn 0.00000000 0.00000000 -1.00000000
vn 0.00000000 0.00000000 -1.00000000
vn 0.00000000 0.00000000 -1.00000000
vn 0.00000000 0.00000000 1.00000000
vn 0.00000000 0.00000000 1.00000000
vn 0.00000000 0.00000000 1.00000000
vn 0.00000000 0.00000000 1.00000000
vn 0.96592581 0.25881913 -0.00000000
vn 0.96592581 0.25881913 -0.00000000
vn 0.96592581 0.25881913 -0.00000000
vn 0.96592581 0.25881913 -0.00000000
vn 0.00000000 0.00000000 1.00000000
vn 0.00000000 0.00000000 1.00000000
vn 0.00000000 0.00000000 1.00000000
vn 0.00000000 0.00000000 -1.00000000
vn 0.00000000 0.00000000 -1.00000000
vn 0.00000000 0.00000000 -1.00000000
vn 0.70710683 0.70710683 -0.00000000
vn 0.70710683 0.70710683 -0.00000000
vn 0.70710683 0.70710683 -0.00000000
vn 0.70710683 0.70710683 -0.00000000
vn 0.00000000 0.00000000 1.00000000
vn 0.00000000 0.00000000 1.00000000
vn 0.00000000 0.00000000 1.00000000
vn 0.00000000 0.00000000 -1.00000000
vn 0.00000000 0.00000000 -1.00000000
vn 0.00000000 0.00000000 -1.00000000
vn 0.25881895 0.96592581 -0.00000000
vn 0.25881895 0.96592581 -0.00000000
vn 0.25881895 0.96592581 -0.00000000
vn 0.25881895 0.96592581 -0.00000000
vn 0.00000000 0.00000000 1.00000000
vn 0.00000000 0.00000000 1.00000000
vn 0.00000000 0.00000000 1.00000000
vn 0.00000000 0.00000000 -1.00000000
vn 0.00000000 0.00000000 -1.00000000
vn 0.00000000 0.00000000 -1.00000000
vn -0.25881910 0.96592581 -0.00000000
vn -0.25881910 0.96592581 -0.00000000
vn -0.25881910 0.96592581 -0.00000000
vn -0.25881910 0.96592581 -0.00000000
vn 0.00000000 -0.00000000 1.00000000
vn 0.00000000 -0.00000000 1.00000000
vn 0.00000000 -0.00000000 1.00000000
vn 0.00000000 0.00000000 -1.00000000
vn 0.00000000 0.00000000 -1.00000000
vn 0.00000000 0.00000000 -1.00000000
vn -0.70710683 0.70710671 -0.00000000
vn -0.70710683 0.70710671 -0.00000000
vn -0.70710683 0.70710671 -0.00000000
vn -0.70710683 0.70710671 -0.00000000
vn 0.00000000 0.00000000 1.00000000
vn 0.00000000 0.00000000 1.00000000
vn 0.00000000 0.00000000 1.00000000
vn 0.00000000 0.00000000 -1.00000000
vn 0.00000000 0.00000000 -1.00000000
vn 0.00000000 0.00000000 -1.00000000
vn -0.96592581 0.25881875 -0.00000000
vn -0.96592581 0.25881875 -0.00000000
vn -0.96592581 0.25881875 -0.00000000
vn -0.96592581 0.25881875 -0.00000000
vn 0.00000000 0.00000000 1.00000000
vn 0.00000000 0.00000000 1.00000000
vn 0.00000000 0.00000000 1.00000000
vn -0.00000000 0.00000000 -1.00000000
vn -0.00000000 0.00000000 -1.00000000
vn -0.00000000 0.00000000 -1.00000000
vn -0.96592581 -0.25881910 0.00000000
vn -0.96592581 -0.25881910 0.00000000
vn -0.96592581 -0.25881910 0.00000000
vn -0.96592581 -0.25881910 0.00000000
vn 0.00000000 0.00000000 1.00000000
vn 0.00000000 0.00000000 1.00000000
vn 0.00000000 0.00000000 1.00000000
vn 0.00000000 0.00000000 -1.00000000
vn 0.00000000 0.00000000 -1.00000000
vn 0.00000000 0.00000000 -1.00000000
vn -0.70710665 -0.70710689 0.00000000
vn -0.70710665 -0.70710689 0.00000000
vn -0.70710665 -0.70710689 0.00000000
vn -0.70710665 -0.70710689 0.00000000
vn 0.00000000 0.00000000 1.00000000
vn 0.00000000 0.00000000 1.00000000
vn 0.00000000 0.00000000 1.00000000
vn 0.00000000 0.00000000 -1.00000000
vn 0.00000000 0.00000000 -1.00000000
vn 0.00000000 0.00000000 -1.00000000
vn -0.25881901 -0.96592581 0.00000000
vn -0.25881901 -0.96592581 0.00000000
vn -0.25881901 -0.96592581 0.00000000
vn -0.25881901 -0.96592581 0.00000000
vn 0.00000000 0.00000000 1.00000000
vn 0.00000000 0.00000000 1.00000000
vn 0.00000000 0.00000000 1.00000000
vn 0.00000000 -0.00000000 -1.00000000
vn 0.00000000 -0.00000000 -1.00000000
vn 0.00000000 -0.00000000 -1.00000000
vn 0.25881922 -0.96592575 -0.00000000
vn 0.25881922 -0.96592575 -0.00000000
vn 0.25881922 -0.96592575 -0.00000000
vn 0.25881922 -0.96592575 -0.00000000
vn 0.00000000 0.00000000 1.00000000
vn 0.00000000 0.00000000 1.00000000
vn 0.00000000 0.00000000 1.00000000
vn 0.00000000 0.00000000 -1.00000000
vn 0.00000000 0.00000000 -1.00000000
vn 0.00000000 0.00000000 -1.00000000
vn 0.70710701 -0.70710659 -0.00000000
vn 0.70710701 -0.70710659 -0.00000000
vn 0.70710701 -0.70710659 -0.00000000
vn 0.70710701 -0.70710659 -0.00000000
vn 0.00000000 0.00000000 1.00000000
vn 0.00000000 0.00000000 1.00000000
vn 0.00000000 0.00000000 1.00000000
vn 0.00000000 0.00000000 -1.00000000
vn 0.00000000 0.00000000 -1.00000000
vn 0.00000000 0.00000000 -1.00000000
vn 0.96592581 -0.25881875 -0.00000000
vn 0.96592581 -0.25881875 -0.00000000
vn 0.96592581 -0.25881875 -0.00000000
vn 0.96592581 -0.25881875 -0.00000000
vn -0.00000000 0.00000000 1.00000000
vn -0.00000000 0.00000000 1.00000000
vn -0.00000000 0.00000000 1.00000000
vn 0.00000000 0.00000000 -1.00000000
vn 0.00000000 0.00000000 -1.00000000
vn 0.00000000 0.00000000 -1.00000000
vn 0.96592581 0.25881913 -0.00000000
vn 0.96592581 0.25881913 -0.00000000
vn 0.96592581 0.25881913 -0.00000000
vn 0.96592581 0.25881913 -0.00000000
vn 0.00000000 0.00000000 1.00000000
vn 0.00000000 0.00000000 1.00000000
vn 0.00000000 0.00000000 1.00000000
vn 0.00000000 0.00000000 -1.00000000
vn 0.00000000 0.00000000 -1.00000000
vn 0.00000000 0.00000000 -1.00000000
vn 0.70710689 0.70710665 -0.00000000
vn 0.70710689 0.70710665 -0.00000000
vn 0.70710689 0.70710665 -0.00000000
vn 0.70710689 0.70710665 -0.00000000
vn 0.00000000 0.00000000 1.00000000
vn 0.00000000 0.00000000 1.00000000
vn 0.00000000 0.00000000 1.00000000
vn 0.00000000 0.00000000 -1.00000000
vn 0.00000000 0.00000000 -1.00000000
vn 0.00000000 0.00000000 -1.00000000
vn 0.25881895 0.96592581 -0.00000000
vn 0.25881895 0.96592581 -0.00000000
vn 0.25881895 0.96592581 -0.00000000
vn 0.25881895 0.96592581 -0.00000000
vn 0.00000000 0.00000000 1.00000000
vn 0.00000000 0.00000000 1.00000000
vn 0.00000000 0.00000000 1.00000000
vn 0.00000000 0.00000000 -1.00000000
vn 0.00000000 0.00000000 -1.00000000
vn 0.00000000 0.00000000 -1.00000000
vn -0.25881910 0.96592581 -0.00000000
vn -0.25881910 0.96592581 -0.00000000
vn -0.25881910 0.96592581 -0.00000000
vn -0.25881910 0.96592581 -0.00000000
vn 0.00000000 -0.00000000 1.00000000
vn 0.00000000 -0.00000000 1.00000000
vn 0.00000000 -0.00000000 1.00000000
vn 0.00000000 0.00000000 -1.00000000
vn 0.00000000 0.00000000 -1.00000000
vn 0.00000000 0.00000000 -1.00000000
vn -0.70710677 0.70710677 -0.00000000
vn -0.70710677 0.70710677 -0.00000000
vn -0.70710677 0.70710677 -0.00000000
vn -0.70710677 0.70710677 -0.00000000
vn 0.00000000 0.00000000 1.00000000
vn 0.00000000 0.00000000 1.00000000
vn 0.00000000 0.00000000 1.00000000
vn 0.00000000 0.00000000 -1.00000000
vn 0.00000000 0.00000000 -1.00000000
vn 0.00000000 0.00000000 -1.00000000
vn -0.96592581 0.25881884 -0.00000000
vn -0.96592581 0.25881884 -0.00000000
vn -0.96592581 0.25881884 -0.00000000
vn -0.96592581 0.25881884 -0.00000000
vn 0.00000000 0.00000000 1.00000000
vn 0.00000000 0.00000000 1.00000000
vn 0.00000000 0.00000000 1.00000000
vn -0.00000000 0.00000000 -1.00000000
vn -0.00000000 0.00000000 -1.00000000
vn -0.00000000 0.00000000 -1.00000000
vn -0.96592575 -0.25881928 0.00000000
vn -0.96592575 -0.25881928 0.00000000
vn -0.96592575 -0.25881928 0.00000000
vn -0.96592575 -0.25881928 0.00000000
vn 0.00000000 0.00000000 1.00000000
vn 0.00000000 0.00000000 1.00000000
vn 0.00000000 0.00000000 1.00000000
vn 0.00000000 0.00000000 -1.00000000
vn 0.00000000 0.00000000 -1.00000000
vn 0.00000000 0.00000000 -1.00000000
vn -0.70710677 -0.70710683 0.00000000
vn -0.70710677 -0.70710683 0.00000000
vn -0.70710677 -0.70710683 0.00000000
vn -0.70710677 -0.70710683 0.00000000
vn 0.00000000 0.00000000 1.00000000
vn 0.00000000 0.00000000 1.00000000
vn 0.00000000 0.00000000 1.00000000
vn 0.00000000 0.00000000 -1.00000000
vn 0.00000000 0.00000000 -1.00000000
vn 0.00000000 0.00000000 -1.00000000
vn -0.25881898 -0.96592581 0.00000000
vn -0.25881898 -0.96592581 0.00000000
vn -0.25881898 -0.96592581 0.00000000
vn -0.25881898 -0.96592581 0.00000000
vn 0.00000000 0.00000000 1.00000000
vn 0.00000000 0.00000000 1.00000000
vn 0.00000000 0.00000000 1.00000000
vn 0.00000000 -0.00000000 -1.00000000
vn 0.00000000 -0.00000000 -1.00000000
vn 0.00000000 -0.00000000 -1.00000000
vn 0.25881922 -0.96592575 -0.00000000
vn 0.25881922 -0.96592575 -0.00000000
vn 0.25881922 -0.96592575 -0.00000000
vn 0.25881922 -0.96592575 -0.00000000
vn 0.00000000 0.00000000 1.00000000
vn 0.00000000 0.00000000 1.00000000
vn 0.00000000 0.00000000 1.00000000
vn 0.00000000 0.00000000 -1.00000000
vn 0.00000000 0.00000000 -1.00000000
vn 0.00000000 0.00000000 -1.00000000
vn 0.70710689 -0.70710665 -0.00000000
vn 0.70710689 -0.70710665 -0.00000000
vn 0.70710689 -0.70710665 -0.00000000
vn 0.70710689 -0.70710665 -0.00000000
vn 0.00000000 0.00000000 1.00000000
vn 0.00000000 0.00000000 1.00000000
vn 0.00000000 0.00000000 1.00000000
vn 0.00000000 0.00000000 -1.00000000
vn 0.00000000 0.00000000 -1.00000000
vn 0.00000000 0.00000000 -1.00000000
vn 0.96592599 -0.25881839 -0.00000000
vn 0.96592599 -0.25881839 -0.00000000
vn 0.96592599 -0.25881839 -0.00000000
vn 0.96592599 -0.25881839 -0.00000000
vn -0.00000000 0.00000000 1.00000000
vn -0.00000000 0.00000000 1.00000000
vn -0.00000000 0.00000000 1.00000000
vn 0.00000000 0.00000000 -1.00000000
vn 0.00000000 0.00000000 -1.00000000
vn 0.00000000 0.00000000 -1.00000000
vn 0.92387956 0.38268346 -0.00000000
vn 0.92387956 0.38268346 -0.00000000
vn 0.92387956 0.38268346 -0.00000000
vn 0.92387956 0.38268346 -0.00000000
vn -0.92387956 -0.38268346 0.00000000
vn -0.92387956 -0.38268346 0.00000000
vn -0.92387956 -0.38268346 0.00000000
vn -0.92387956 -0.38268346 0.00000000
vn 0.00000000 0.00000000 -1.00000000
vn 0.00000000 0.00000000 -1.00000000
vn 0.00000000 0.00000000 -1.00000000
vn 0.00000000 0.00000000 -1.00000000
vn 0.00000000 0.00000000 1.00000000
vn 0.00000000 0.00000000 1.00000000
vn 0.00000000 0.00000000 1.00000000
vn 0.00000000 0.00000000 1.00000000
vn 0.38268343 0.92387956 -0.00000000
vn 0.38268343 0.92387956 -0.00000000
vn 0.38268343 0.92387956 -0.00000000
vn 0.38268343 0.92387956 -0.00000000
vn -0.38268340 -0.92387956 0.00000000
vn -0.38268340 -0.92387956 0.00000000
vn -0.38268340 -0.92387956 0.00000000
vn -0.38268340 -0.92387956 0.00000000
vn 0.00000000 0.00000000 -1.00000000
vn 0.00000000 0.00000000 -1.00000000
vn 0.00000000 0.00000000 -1.00000000
vn 0.00000000 0.00000000 -1.00000000
vn 0.00000000 0.00000000 1.00000000
vn 0.00000000 0.00000000 1.00000000
vn 0.00000000 0.00000000 1.00000000
vn 0.00000000 0.00000000 1.00000000
vn -0.38268346 0.92387950 -0.00000000
vn -0.38268346 0.92387950 -0.00000000
vn -0.38268346 0.92387950 -0.00000000
vn -0.38268346 0.92387950 -0.00000000
vn 0.38268349 -0.92387950 -0.00000000
vn 0.38268349 -0.92387950 -0.00000000
vn 0.38268349 -0.92387950 -0.00000000
vn 0.38268349 -0.92387950 -0.00000000
vn 0.00000000 0.00000000 -1.00000000
vn 0.00000000 0.00000000 -1.00000000
vn 0.00000000 0.00000000 -1.00000000
vn 0.00000000 0.00000000 -1.00000000
vn 0.00000000 0.00000000 1.00000000
vn 0.00000000 0.00000000 1.00000000
vn 0.00000000 0.00000000 1.00000000
vn 0.00000000 0.00000000 1.00000000
vn -0.92387956 0.38268340 -0.00000000
vn -0.92387956 0.38268340 -0.00000000
vn -0.92387956 0.38268340 -0.00000000
vn -0.92387956 0.38268340 -0.00000000
vn 0.92387956 -0.38268340 -0.00000000
vn 0.92387956 -0.38268340 -0.00000000
vn 0.92387956 -0.38268340 -0.00000000
vn 0.92387956 -0.38268340 -0.00000000
vn 0.00000000 0.00000000 -1.00000000
vn 0.00000000 0.00000000 -1.00000000
vn 0.00000000 0.00000000 -1.00000000
vn 0.00000000 0.00000000 -1.00000000
vn 0.00000000 0.00000000 1.00000000
vn 0.00000000 0.00000000 1.00000000
vn 0.00000000 0.00000000 1.00000000
vn 0.00000000 0.00000000 1.00000000
vn -0.92387944 -0.38268358 0.00000000
vn -0.92387944 -0.38268358 0.00000000
vn -0.92387944 -0.38268358 0.00000000
vn -0.92387944 -0.38268358 0.00000000
vn 0.92387944 0.38268363 -0.00000000
vn 0.92387944 0.38268363 -0.00000000
vn 0.92387944 0.38268363 -0.00000000
vn 0.92387944 0.38268363 -0.00000000
vn 0.00000000 0.00000000 -1.00000000
vn 0.00000000 0.00000000 -1.00000000
vn 0.00000000 0.00000000 -1.00000000
vn 0.00000000 0.00000000 -1.00000000
vn 0.00000000 0.00000000 1.00000000
vn 0.00000000 0.00000000 1.00000000
vn 0.00000000 0.00000000 1.00000000
vn 0.00000000 0.00000000 1.00000000
vn -0.38268334 -0.92387950 0.00000000
vn -0.38268334 -0.92387950 0.00000000
vn -0.38268334 -0.92387950 0.00000000
vn -0.38268334 -0.92387950 0.00000000
vn 0.38268340 0.92387956 -0.00000000
vn 0.38268340 0.92387956 -0.00000000
vn 0.38268340 0.92387956 -0.00000000
vn 0.38268340 0.92387956 -0.00000000
vn 0.00000000 0.00000000 -1.00000000
vn 0.00000000 0.00000000 -1.00000000
vn 0.00000000 0.00000000 -1.00000000
vn 0.00000000 0.00000000 -1.00000000
vn 0.00000000 0.00000000 1.00000000
vn 0.00000000 0.00000000 1.00000000
vn 0.00000000 0.00000000 1.00000000
vn 0.00000000 0.00000000 1.00000000
vn 0.38268360 -0.92387950 -0.00000000
vn 0.38268360 -0.92387950 -0.00000000
vn 0.38268360 -0.92387950 -0.00000000
vn 0.38268360 -0.92387950 -0.00000000
vn -0.38268355 0.92387950 -0.00000000
vn -0.38268355 0.92387950 -0.00000000
vn -0.38268355 0.92387950 -0.00000000
vn -0.38268355 0.92387950 -0.00000000
vn 0.00000000 0.00000000 -1.00000000
vn 0.00000000 0.00000000 -1.00000000
vn 0.00000000 0.00000000 -1.00000000
vn 0.00000000 0.00000000 -1.00000000
vn 0.00000000 0.00000000 1.00000000
vn 0.00000000 0.00000000 1.00000000
vn 0.00000000 0.00000000 1.00000000
vn 0.00000000 0.00000000 1.00000000
vn 0.92387962 -0.38268325 -0.00000000
vn 0.92387962 -0.38268325 -0.00000000
vn 0.92387962 -0.38268325 -0.00000000
vn 0.92387962 -0.38268325 -0.00000000
vn -0.92387962 0.38268322 -0.00000000
vn -0.92387962 0.38268322 -0.00000000
vn -0.92387962 0.38268322 -0.00000000
vn -0.92387962 0.38268322 -0.00000000
vn 0.00000000 0.00000000 -1.00000000
vn 0.00000000 0.00000000 -1.00000000
vn 0.00000000 0.00000000 -1.00000000
vn 0.00000000 0.00000000 -1.00000000
vn 0.00000000 0.00000000 1.00000000
vn 0.00000000 0.00000000 1.00000000
vn 0.00000000 0.00000000 1.00000000
vn 0.00000000 0.00000000 1.00000000
vn 1.00000000 -0.00000000 -0.00000000
vn 1.00000000 -0.00000000 -0.00000000
vn 1.00000000 -0.00000000 -0.00000000
vn 1.00000000 -0.00000000 -0.00000000
vn -1.00000000 -0.00000000 -0.00000000
vn -1.00000000 -0.00000000 -0.00000000
vn -1.00000000 -0.00000000 -0.00000000
vn -1.00000000 -0.00000000 -0.00000000
vn -0.00000000 0.99999994 -0.00000000
vn -0.00000000 0.99999994 -0.00000000
vn -0.00000000 0.99999994 -0.00000000
vn -0.00000000 0.99999994 -0.00000000
vn -0.00000000 -0.99999994 -0.00000000
vn -0.00000000 -0.99999994 -0.00000000
vn -0.00000000 -0.99999994 -0.00000000
vn -0.00000000 -0.99999994 -0.00000000
vn -0.00000000 -0.00000000 1.00000000
vn -0.00000000 -0.00000000 1.00000000
vn -0.00000000 -0.00000000 1.00000000
vn -0.00000000 -0.00000000 1.00000000
vn -0.00000000 -0.00000000 -1.00000000
vn -0.00000000 -0.00000000 -1.00000000
vn -0.00000000 -0.00000000 -1.00000000
vn -0.00000000 -0.00000000 -1.00000000
vn 0.92387950 0.38268346 -0.00000000
vn 0.92387950 0.38268346 -0.00000000
vn 0.92387950 0.38268346 -0.00000000
vn 0.92387950 0.38268346 -0.00000000
vn -0.92387950 -0.38268343 0.00000000
vn -0.92387950 -0.38268343 0.00000000
vn -0.92387950 -0.38268343 0.00000000
vn -0.92387950 -0.38268343 0.00000000
vn 0.00000000 0.00000000 -1.00000000
vn 0.00000000 0.00000000 -1.00000000
vn 0.00000000 0.00000000 -1.00000000
vn 0.00000000 0.00000000 -1.00000000
vn 0.00000000 0.00000000 1.00000000
vn 0.00000000 0.00000000 1.00000000
vn 0.00000000 0.00000000 1.00000000
vn 0.00000000 0.00000000 1.00000000
vn 0.38268346 0.92387956 -0.00000000
vn 0.38268346 0.92387956 -0.00000000
vn 0.38268346 0.92387956 -0.00000000
vn 0.38268346 0.92387956 -0.00000000
vn -0.38268343 -0.92387950 0.00000000
vn -0.38268343 -0.92387950 0.00000000
vn -0.38268343 -0.92387950 0.00000000
vn -0.38268343 -0.92387950 0.00000000
vn 0.00000000 0.00000000 -1.00000000
vn 0.00000000 0.00000000 -1.00000000
vn 0.00000000 0.00000000 -1.00000000
vn 0.00000000 0.00000000 -1.00000000
vn 0.00000000 0.00000000 1.00000000
vn 0.00000000 0.00000000 1.00000000
vn 0.00000000 0.00000000 1.00000000
vn 0.00000000 0.00000000 1.00000000
vn -0.38268349 0.92387950 -0.00000000
vn -0.38268349 0.92387950 -0.00000000
vn -0.38268349 0.92387950 -0.00000000
vn -0.38268349 0.92387950 -0.00000000
vn 0.38268346 -0.92387950 -0.00000000
vn 0.38268346 -0.92387950 -0.00000000
vn 0.38268346 -0.92387950 -0.00000000
vn 0.38268346 -0.92387950 -0.00000000
vn 0.00000000 0.00000000 -1.00000000
vn 0.00000000 0.00000000 -1.00000000
vn 0.00000000 0.00000000 -1.00000000
vn 0.00000000 0.00000000 -1.00000000
vn 0.00000000 0.00000000 0.99999994
vn 0.00000000 0.00000000 0.99999994
vn 0.00000000 0.00000000 0.99999994
vn 0.00000000 0.00000000 0.99999994
vn -0.92387956 0.38268346 -0.00000000
vn -0.92387956 0.38268346 -0.00000000
vn -0.92387956 0.38268346 -0.00000000
vn -0.92387956 0.38268346 -0.00000000
vn 0.92387950 -0.38268337 -0.00000000
vn 0.92387950 -0.38268337 -0.00000000
vn 0.92387950 -0.38268337 -0.00000000
vn 0.92387950 -0.38268337 -0.00000000
vn 0.00000000 0.00000000 -1.00000000
vn 0.00000000 0.00000000 -1.00000000
vn 0.00000000 0.00000000 -1.00000000
vn 0.00000000 0.00000000 -1.00000000
vn 0.00000000 0.00000000 1.00000000
vn 0.00000000 0.00000000 1.00000000
vn 0.00000000 0.00000000 1.00000000
vn 0.00000000 0.00000000 1.00000000
vn -0.92387944 -0.38268352 0.00000000
vn -0.92387944 -0.38268352 0.00000000
vn -0.92387944 -0.38268352 0.00000000
vn -0.92387944 -0.38268352 0.00000000
vn 0.92387950 0.38268358 -0.00000000
vn 0.92387950 0.38268358 -0.00000000
vn 0.92387950 0.38268358 -0.00000000
vn 0.92387950 0.38268358 -0.00000000
vn 0.00000000 0.00000000 -1.00000000
vn 0.00000000 0.00000000 -1.00000000
vn 0.00000000 0.00000000 -1.00000000
vn 0.00000000 0.00000000 -1.00000000
vn 0.00000000 0.00000000 1.00000000
vn 0.00000000 0.00000000 1.00000000
vn 0.00000000 0.00000000 1.00000000
vn 0.00000000 0.00000000 1.00000000
vn -0.38268328 -0.92387962 0.00000000
vn -0.38268328 -0.92387962 0.00000000
vn -0.38268328 -0.92387962 0.00000000
vn -0.38268328 -0.92387962 0.00000000
vn 0.38268331 0.92387956 -0.00000000
vn 0.38268331 0.92387956 -0.00000000
vn 0.38268331 0.92387956 -0.00000000
vn 0.38268331 0.92387956 -0.00000000
vn 0.00000000 0.00000000 -1.00000000
vn 0.00000000 0.00000000 -1.00000000
vn 0.00000000 0.00000000 -1.00000000
vn 0.00000000 0.00000000 -1.00000000
vn 0.00000000 0.00000000 1.00000000
vn 0.00000000 0.00000000 1.00000000
vn 0.00000000 0.00000000 1.00000000
vn 0.00000000 0.00000000 1.00000000
vn 0.38268355 -0.92387944 -0.00000000
vn 0.38268355 -0.92387944 -0.00000000
vn 0.38268355 -0.92387944 -0.00000000
vn 0.38268355 -0.92387944 -0.00000000
vn -0.38268358 0.92387938 -0.00000000
vn -0.38268358 0.92387938 -0.00000000
vn -0.38268358 0.92387938 -0.00000000
vn -0.38268358 0.92387938 -0.00000000
vn 0.00000000 0.00000000 -1.00000000
vn 0.00000000 0.00000000 -1.00000000
vn 0.00000000 0.00000000 -1.00000000
vn 0.00000000 0.00000000 -1.00000000
vn 0.00000000 0.00000000 1.00000000
vn 0.00000000 0.00000000 1.00000000
vn 0.00000000 0.00000000 1.00000000
vn 0.00000000 0.00000000 1.00000000
vn 0.92387962 -0.38268322 -0.00000000
vn 0.92387962 -0.38268322 -0.00000000
vn 0.92387962 -0.38268322 -0.00000000
vn 0.92387962 -0.38268322 -0.00000000
vn -0.92387962 0.38268325 -0.00000000
vn -0.92387962 0.38268325 -0.00000000
vn -0.92387962 0.38268325 -0.00000000
vn -0.92387962 0.38268325 -0.00000000
vn 0.00000000 0.00000000 -0.99999994
vn 0.00000000 0.00000000 -0.99999994
vn 0.00000000 0.00000000 -0.99999994
vn 0.00000000 0.00000000 -0.99999994
vn 0.00000000 0.00000000 1.00000000
vn 0.00000000 0.00000000 1.00000000
vn 0.00000000 0.00000000 1.00000000
vn 0.00000000 0.00000000 1.00000000
vn 0.77393568 0.28802162 -0.56397450
vn 0.77393568 0.28802162 -0.56397450
vn 0.77393568 0.28802162 -0.56397450
vn 0.77393568 0.28802162 -0.56397450
vn 0.50508225 0.70150346 -0.50277704
vn 0.50508225 0.70150346 -0.50277704
vn 0.50508225 0.70150346 -0.50277704
vn 0.50508225 0.70150346 -0.50277704
vn 0.16839747 0.87287188 -0.45797041
vn 0.16839747 0.87287188 -0.45797041
vn 0.16839747 0.87287188 -0.45797041
vn 0.16839747 0.87287188 -0.45797041
vn -0.16839740 0.87287182 -0.45797047
vn -0.16839740 0.87287182 -0.45797047
vn -0.16839740 0.87287182 -0.45797047
vn -0.16839740 0.87287182 -0.45797047
vn -0.50508273 0.70150316 -0.50277722
vn -0.50508273 0.70150316 -0.50277722
vn -0.50508273 0.70150316 -0.50277722
vn -0.50508273 0.70150316 -0.50277722
vn -0.77393585 0.28802174 -0.56397396
vn -0.77393585 0.28802174 -0.56397396
vn -0.77393585 0.28802174 -0.56397396
vn -0.77393585 0.28802174 -0.56397396
vn -0.77393585 -0.28802168 -0.56397420
vn -0.77393585 -0.28802168 -0.56397420
vn -0.77393585 -0.28802168 -0.56397420
vn -0.77393585 -0.28802168 -0.56397420
vn -0.50508219 -0.70150357 -0.50277710
vn -0.50508219 -0.70150357 -0.50277710
vn -0.50508219 -0.70150357 -0.50277710
vn -0.50508219 -0.70150357 -0.50277710
vn -0.16839750 -0.87287199 -0.45797038
vn -0.16839750 -0.87287199 -0.45797038
vn -0.16839750 -0.87287199 -0.45797038
vn -0.16839750 -0.87287199 -0.45797038
vn 0.16839762 -0.87287182 -0.45797047
vn 0.16839762 -0.87287182 -0.45797047
vn 0.16839762 -0.87287182 -0.45797047
vn 0.16839762 -0.87287182 -0.45797047
vn 0.50508273 -0.70150298 -0.50277722
vn 0.50508273 -0.70150298 -0.50277722
vn 0.50508273 -0.70150298 -0.50277722
vn 0.50508273 -0.70150298 -0.50277722
vn 0.77393591 -0.28802189 -0.56397396
vn 0.77393591 -0.28802189 -0.56397396
vn 0.77393591 -0.28802189 -0.56397396
vn 0.77393591 -0.28802189 -0.56397396
vn 0.93619090 0.34840417 -0.04648845
vn 0.93619090 0.34840417 -0.04648845
vn 0.93619090 0.34840417 -0.04648845
vn 0.93619090 0.34840417 -0.04648845
vn 0.58384609 0.81089777 -0.03960418
vn 0.58384609 0.81089777 -0.03960418
vn 0.58384609 0.81089777 -0.03960418
vn 0.58384609 0.81089777 -0.03960418
vn 0.18931378 0.98128968 -0.03508428
vn 0.18931378 0.98128968 -0.03508428
vn 0.18931378 0.98128968 -0.03508428
vn 0.18931378 0.98128968 -0.03508428
vn -0.18931367 0.98128968 -0.03508422
vn -0.18931367 0.98128968 -0.03508422
vn -0.18931367 0.98128968 -0.03508422
vn -0.18931367 0.98128968 -0.03508422
vn -0.58384663 0.81089747 -0.03960408
vn -0.58384663 0.81089747 -0.03960408
vn -0.58384663 0.81089747 -0.03960408
vn -0.58384663 0.81089747 -0.03960408
vn -0.93619090 0.34840423 -0.04648889
vn -0.93619090 0.34840423 -0.04648889
vn -0.93619090 0.34840423 -0.04648889
vn -0.93619090 0.34840423 -0.04648889
vn -0.93619061 -0.34840479 -0.04648867
vn -0.93619061 -0.34840479 -0.04648867
vn -0.93619061 -0.34840479 -0.04648867
vn -0.93619061 -0.34840479 -0.04648867
vn -0.58384621 -0.81089771 -0.03960402
vn -0.58384621 -0.81089771 -0.03960402
vn -0.58384621 -0.81089771 -0.03960402
vn -0.58384621 -0.81089771 -0.03960402
vn -0.18931371 -0.98128968 -0.03508426
vn -0.18931371 -0.98128968 -0.03508426
vn -0.18931371 -0.98128968 -0.03508426
vn -0.18931371 -0.98128968 -0.03508426
vn 0.18931383 -0.98128968 -0.03508427
vn 0.18931383 -0.98128968 -0.03508427
vn 0.18931383 -0.98128968 -0.03508427
vn 0.18931383 -0.98128968 -0.03508427
vn 0.58384651 -0.81089747 -0.03960394
vn 0.58384651 -0.81089747 -0.03960394
vn 0.58384651 -0.81089747 -0.03960394
vn 0.58384651 -0.81089747 -0.03960394
vn 0.93619084 -0.34840432 -0.04648888
vn 0.93619084 -0.34840432 -0.04648888
vn 0.93619084 -0.34840432 -0.04648888
vn 0.93619084 -0.34840432 -0.04648888
vn 0.93153071 0.34667134 0.10986102
vn 0.93153071 0.34667134 0.10986102
vn 0.93153071 0.34667134 0.10986102
vn 0.93153071 0.34667134 0.10986102
vn 0.58173329 0.80796230 0.09371924
vn 0.58173329 0.80796230 0.09371924
vn 0.58173329 0.80796230 0.09371924
vn 0.58173329 0.80796230 0.09371924
vn 0.18877533 0.97849900 0.08308814
vn 0.18877533 0.97849900 0.08308814
vn 0.18877533 0.97849900 0.08308814
vn 0.18877533 0.97849900 0.08308814
vn -0.18877545 0.97849894 0.08308811
vn -0.18877545 0.97849894 0.08308811
vn -0.18877545 0.97849894 0.08308811
vn -0.18877545 0.97849894 0.08308811
vn -0.58173311 0.80796248 0.09371922
vn -0.58173311 0.80796248 0.09371922
vn -0.58173311 0.80796248 0.09371922
vn -0.58173311 0.80796248 0.09371922
vn -0.93153101 0.34667078 0.10986096
vn -0.93153101 0.34667078 0.10986096
vn -0.93153101 0.34667078 0.10986096
vn -0.93153101 0.34667078 0.10986096
vn -0.93153071 -0.34667125 0.10986102
vn -0.93153071 -0.34667125 0.10986102
vn -0.93153071 -0.34667125 0.10986102
vn -0.93153071 -0.34667125 0.10986102
vn -0.58173275 -0.80796278 0.09371905
vn -0.58173275 -0.80796278 0.09371905
vn -0.58173275 -0.80796278 0.09371905
vn -0.58173275 -0.80796278 0.09371905
vn -0.18877533 -0.97849894 0.08308809
vn -0.18877533 -0.97849894 0.08308809
vn -0.18877533 -0.97849894 0.08308809
vn -0.18877533 -0.97849894 0.08308809
vn 0.18877542 -0.97849894 0.08308814
vn 0.18877542 -0.97849894 0.08308814
vn 0.18877542 -0.97849894 0.08308814
vn 0.18877542 -0.97849894 0.08308814
vn 0.58173364 -0.80796206 0.09371893
vn 0.58173364 -0.80796206 0.09371893
vn 0.58173364 -0.80796206 0.09371893
vn 0.58173364 -0.80796206 0.09371893
vn 0.93153071 -0.34667152 0.10986094
vn 0.93153071 -0.34667152 0.10986094
vn 0.93153071 -0.34667152 0.10986094
vn 0.93153071 -0.34667152 0.10986094
vn 0.56420887 0.20997182 0.79848617
vn 0.56420887 0.20997182 0.79848617
vn 0.56420887 0.20997182 0.79848617
vn 0.56420887 0.20997182 0.79848617
vn 0.38730523 0.53792346 0.74875420
vn 0.38730523 0.53792346 0.74875420
vn 0.38730523 0.53792346 0.74875420
vn 0.38730523 0.53792346 0.74875420
vn 0.13391288 0.69412446 0.70728964
vn 0.13391288 0.69412446 0.70728964
vn 0.13391288 0.69412446 0.70728964
vn 0.13391288 0.69412446 0.70728964
vn -0.13391288 0.69412446 0.70728970
vn -0.13391288 0.69412446 0.70728970
vn -0.13391288 0.69412446 0.70728970
vn -0.13391288 0.69412446 0.70728970
vn -0.38730517 0.53792357 0.74875414
vn -0.38730517 0.53792357 0.74875414
vn -0.38730517 0.53792357 0.74875414
vn -0.38730517 0.53792357 0.74875414
vn -0.56420892 0.20997138 0.79848623
vn -0.56420892 0.20997138 0.79848623
vn -0.56420892 0.20997138 0.79848623
vn -0.56420892 0.20997138 0.79848623
vn -0.56420887 -0.20997177 0.79848617
vn -0.56420887 -0.20997177 0.79848617
vn -0.56420887 -0.20997177 0.79848617
vn -0.56420887 -0.20997177 0.79848617
vn -0.38730508 -0.53792357 0.74875432
vn -0.38730508 -0.53792357 0.74875432
vn -0.38730508 -0.53792357 0.74875432
vn -0.38730508 -0.53792357 0.74875432
vn -0.13391282 -0.69412446 0.70728964
vn -0.13391282 -0.69412446 0.70728964
vn -0.13391282 -0.69412446 0.70728964
vn -0.13391282 -0.69412446 0.70728964
vn 0.13391297 -0.69412452 0.70728952
vn 0.13391297 -0.69412452 0.70728952
vn 0.13391297 -0.69412452 0.70728952
vn 0.13391297 -0.69412452 0.70728952
vn 0.38730502 -0.53792357 0.74875438
vn 0.38730502 -0.53792357 0.74875438
vn 0.38730502 -0.53792357 0.74875438
vn 0.38730502 -0.53792357 0.74875438
vn 0.56420898 -0.20997091 0.79848629
vn 0.56420898 -0.20997091 0.79848629
vn 0.56420898 -0.20997091 0.79848629
vn 0.56420898 -0.20997091 0.79848629
vn -0.00000000 -0.00000000 -1.00000000
vn -0.00000000 -0.00000000 -1.00000000
vn -0.00000000 -0.00000000 -1.00000000
vn -0.00000000 -0.00000000 -1.00000000
vn -0.00000000 -0.00000000 -1.00000000
vn -0.00000000 -0.00000000 -1.00000000
vn -0.00000000 0.00000000 -1.00000000
vn -0.00000000 0.00000000 -1.00000000
vn -0.00000000 0.00000000 -1.00000000
vn -0.00000000 -0.00000000 -1.00000000
vn -0.00000000 -0.00000000 -1.00000000
vn -0.00000000 -0.00000000 -1.00000000
vn -0.00000000 -0.00000000 -0.99999994
vn -0.00000000 -0.00000000 -0.99999994
vn -0.00000000 -0.00000000 -0.99999994
vn -0.00000000 -0.00000000 -1.00000000
vn -0.00000000 -0.00000000 -1.00000000
vn -0.00000000 -0.00000000 -1.00000000
vn -0.00000000 -0.00000000 -1.00000000
vn -0.00000000 -0.00000000 -1.00000000
vn -0.00000000 -0.00000000 -1.00000000
vn -0.00000000 -0.00000000 -1.00000000
vn -0.00000000 -0.00000000 -1.00000000
vn -0.00000000 -0.00000000 -1.00000000
vn -0.00000000 -0.00000000 -1.00000000
vn -0.00000000 -0.00000000 -1.00000000
vn -0.00000000 -0.00000000 -1.00000000
vn -0.00000000 -0.00000000 -1.00000000
vn -0.00000000 -0.00000000 -1.00000000
vn -0.00000000 -0.00000000 -1.00000000
vn -0.00000000 -0.00000000 -1.00000000
vn -0.00000000 -0.00000000 -1.00000000
vn -0.00000000 -0.00000000 -1.00000000
vn 0.00000000 -0.00000000 -1.00000000
vn 0.00000000 -0.00000000 -1.00000000
vn 0.00000000 -0.00000000 -1.00000000
vn -0.00000056 -0.00000021 1.00000000
vn -0.00000056 -0.00000021 1.00000000
vn -0.00000056 -0.00000021 1.00000000
vn -0.00000041 -0.00000057 1.00000000
vn -0.00000041 -0.00000057 1.00000000
vn -0.00000041 -0.00000057 1.00000000
vn -0.00000015 -0.00000078 1.00000000
vn -0.00000015 -0.00000078 1.00000000
vn -0.00000015 -0.00000078 1.00000000
vn 0.00000015 -0.00000078 1.00000000
vn 0.00000015 -0.00000078 1.00000000
vn 0.00000015 -0.00000078 1.00000000
vn 0.00000041 -0.00000057 1.00000000
vn 0.00000041 -0.00000057 1.00000000
vn 0.00000041 -0.00000057 1.00000000
vn 0.00000056 -0.00000021 1.00000000
vn 0.00000056 -0.00000021 1.00000000
vn 0.00000056 -0.00000021 1.00000000
vn 0.00000056 0.00000021 1.00000000
vn 0.00000056 0.00000021 1.00000000
vn 0.00000056 0.00000021 1.00000000
vn 0.00000041 0.00000057 1.00000000
vn 0.00000041 0.00000057 1.00000000
vn 0.00000041 0.00000057 1.00000000
vn 0.00000015 0.00000078 1.00000000
vn 0.00000015 0.00000078 1.00000000
vn 0.00000015 0.00000078 1.00000000
vn -0.00000015 0.00000078 1.00000000
vn -0.00000015 0.00000078 1.00000000
vn -0.00000015 0.00000078 1.00000000
vn -0.00000041 0.00000057 1.00000000
vn -0.00000041 0.00000057 1.00000000
vn -0.00000041 0.00000057 1.00000000
vn -0.00000056 0.00000021 1.00000000
vn -0.00000056 0.00000021 1.00000000
vn -0.00000056 0.00000021 1.00000000
vn 0.96592581 0.25881913 -0.00000000
vn 0.96592581 0.25881913 -0.00000000
vn 0.96592581 0.25881913 -0.00000000
vn 0.96592581 0.25881913 -0.00000000
vn 0.00000000 0.00000000 1.00000000
vn 0.00000000 0.00000000 1.00000000
vn 0.00000000 0.00000000 1.00000000
vn 0.00000000 0.00000000 -1.00000000
vn 0.00000000 0.00000000 -1.00000000
vn 0.00000000 0.00000000 -1.00000000
vn 0.70710635 0.70710725 -0.00000000
vn 0.70710635 0.70710725 -0.00000000
vn 0.70710635 0.70710725 -0.00000000
vn 0.70710635 0.70710725 -0.00000000
vn 0.00000000 0.00000000 1.00000000
vn 0.00000000 0.00000000 1.00000000
vn 0.00000000 0.00000000 1.00000000
vn 0.00000000 0.00000000 -1.00000000
vn 0.00000000 0.00000000 -1.00000000
vn 0.00000000 0.00000000 -1.00000000
vn 0.25881910 0.96592581 -0.00000000
vn 0.25881910 0.96592581 -0.00000000
vn 0.25881910 0.96592581 -0.00000000
vn 0.25881910 0.96592581 -0.00000000
vn 0.00000000 0.00000000 1.00000000
vn 0.00000000 0.00000000 1.00000000
vn 0.00000000 0.00000000 1.00000000
vn 0.00000000 0.00000000 -1.00000000
vn 0.00000000 0.00000000 -1.00000000
vn 0.00000000 0.00000000 -1.00000000
vn -0.25881889 0.96592593 -0.00000000
vn -0.25881889 0.96592593 -0.00000000
vn -0.25881889 0.96592593 -0.00000000
vn -0.25881889 0.96592593 -0.00000000
vn 0.00000000 -0.00000000 1.00000000
vn 0.00000000 -0.00000000 1.00000000
vn 0.00000000 -0.00000000 1.00000000
vn 0.00000000 0.00000000 -1.00000000
vn 0.00000000 0.00000000 -1.00000000
vn 0.00000000 0.00000000 -1.00000000
vn -0.70710719 0.70710629 -0.00000000
vn -0.70710719 0.70710629 -0.00000000
vn -0.70710719 0.70710629 -0.00000000
vn -0.70710719 0.70710629 -0.00000000
vn 0.00000000 0.00000000 1.00000000
vn 0.00000000 0.00000000 1.00000000
vn 0.00000000 0.00000000 1.00000000
vn 0.00000000 0.00000000 -1.00000000
vn 0.00000000 0.00000000 -1.00000000
vn 0.00000000 0.00000000 -1.00000000
vn -0.96592575 0.25881913 -0.00000000
vn -0.96592575 0.25881913 -0.00000000
vn -0.96592575 0.25881913 -0.00000000
vn -0.96592575 0.25881913 -0.00000000
vn 0.00000000 0.00000000 1.00000000
vn 0.00000000 0.00000000 1.00000000
vn 0.00000000 0.00000000 1.00000000
vn -0.00000000 0.00000000 -1.00000000
vn -0.00000000 0.00000000 -1.00000000
vn -0.00000000 0.00000000 -1.00000000
vn -0.96592581 -0.25881910 0.00000000
vn -0.96592581 -0.25881910 0.00000000
vn -0.96592581 -0.25881910 0.00000000
vn -0.96592581 -0.25881910 0.00000000
vn 0.00000000 0.00000000 1.00000000
vn 0.00000000 0.00000000 1.00000000
vn 0.00000000 0.00000000 1.00000000
vn 0.00000000 0.00000000 -1.00000000
vn 0.00000000 0.00000000 -1.00000000
vn 0.00000000 0.00000000 -1.00000000
vn -0.70710623 -0.70710731 0.00000000
vn -0.70710623 -0.70710731 0.00000000
vn -0.70710623 -0.70710731 0.00000000
vn -0.70710623 -0.70710731 0.00000000
vn 0.00000000 0.00000000 1.00000000
vn 0.00000000 0.00000000 1.00000000
vn 0.00000000 0.00000000 1.00000000
vn 0.00000000 0.00000000 -1.00000000
vn 0.00000000 0.00000000 -1.00000000
vn 0.00000000 0.00000000 -1.00000000
vn -0.25881910 -0.96592581 0.00000000
vn -0.25881910 -0.96592581 0.00000000
vn -0.25881910 -0.96592581 0.00000000
vn -0.25881910 -0.96592581 0.00000000
vn 0.00000000 0.00000000 1.00000000
vn 0.00000000 0.00000000 1.00000000
vn 0.00000000 0.00000000 1.00000000
vn 0.00000000 -0.00000000 -1.00000000
vn 0.00000000 -0.00000000 -1.00000000
vn 0.00000000 -0.00000000 -1.00000000
vn 0.25881916 -0.96592575 -0.00000000
vn 0.25881916 -0.96592575 -0.00000000
vn 0.25881916 -0.96592575 -0.00000000
vn 0.25881916 -0.96592575 -0.00000000
vn 0.00000000 0.00000000 1.00000000
vn 0.00000000 0.00000000 1.00000000
vn 0.00000000 0.00000000 1.00000000
vn 0.00000000 0.00000000 -1.00000000
vn 0.00000000 0.00000000 -1.00000000
vn 0.00000000 0.00000000 -1.00000000
vn 0.70710713 -0.70710635 -0.00000000
vn 0.70710713 -0.70710635 -0.00000000
vn 0.70710713 -0.70710635 -0.00000000
vn 0.70710713 -0.70710635 -0.00000000
vn 0.00000000 0.00000000 1.00000000
vn 0.00000000 0.00000000 1.00000000
vn 0.00000000 0.00000000 1.00000000
vn 0.00000000 0.00000000 -1.00000000
vn 0.00000000 0.00000000 -1.00000000
vn 0.00000000 0.00000000 -1.00000000
vn 0.96592575 -0.25881913 -0.00000000
vn 0.96592575 -0.25881913 -0.00000000
vn 0.96592575 -0.25881913 -0.00000000
vn 0.96592575 -0.25881913 -0.00000000
vn -0.00000000 0.00000000 1.00000000
vn -0.00000000 0.00000000 1.00000000
vn -0.00000000 0.00000000 1.00000000
vn 0.00000000 0.00000000 -1.00000000
vn 0.00000000 0.00000000 -1.00000000
vn 0.00000000 0.00000000 -1.00000000
vn 0.96592581 0.25881913 -0.00000000
vn 0.96592581 0.25881913 -0.00000000
vn 0.96592581 0.25881913 -0.00000000
vn 0.96592581 0.25881913 -0.00000000
vn 0.00000000 0.00000000 1.00000000
vn 0.00000000 0.00000000 1.00000000
vn 0.00000000 0.00000000 1.00000000
vn 0.00000000 0.00000000 -1.00000000
vn 0.00000000 0.00000000 -1.00000000
vn 0.00000000 0.00000000 -1.00000000
vn 0.70710635 0.70710725 -0.00000000
vn 0.70710635 0.70710725 -0.00000000
vn 0.70710635 0.70710725 -0.00000000
vn 0.70710635 0.70710725 -0.00000000
vn 0.00000000 0.00000000 1.00000000
vn 0.00000000 0.00000000 1.00000000
vn 0.00000000 0.00000000 1.00000000
vn 0.00000000 0.00000000 -1.00000000
vn 0.00000000 0.00000000 -1.00000000
vn 0.00000000 0.00000000 -1.00000000
vn 0.25881910 0.96592581 -0.00000000
vn 0.25881910 0.96592581 -0.00000000
vn 0.25881910 0.96592581 -0.00000000
vn 0.25881910 0.96592581 -0.00000000
vn 0.00000000 0.00000000 1.00000000
vn 0.00000000 0.00000000 1.00000000
vn 0.00000000 0.00000000 1.00000000
vn 0.00000000 0.00000000 -1.00000000
vn 0.00000000 0.00000000 -1.00000000
vn 0.00000000 0.00000000 -1.00000000
vn -0.25881889 0.96592593 -0.00000000
vn -0.25881889 0.96592593 -0.00000000
vn -0.25881889 0.96592593 -0.00000000
vn -0.25881889 0.96592593 -0.00000000
vn 0.00000000 -0.00000000 1.00000000
vn 0.00000000 -0.00000000 1.00000000
vn 0.00000000 -0.00000000 1.00000000
vn 0.00000000 0.00000000 -1.00000000
vn 0.00000000 0.00000000 -1.00000000
vn 0.00000000 0.00000000 -1.00000000
vn -0.70710719 0.70710629 -0.00000000
vn -0.70710719 0.70710629 -0.00000000
vn -0.70710719 0.70710629 -0.00000000
vn -0.70710719 0.70710629 -0.00000000
vn 0.00000000 0.00000000 1.00000000
vn 0.00000000 0.00000000 1.00000000
vn 0.00000000 0.00000000 1.00000000
vn 0.00000000 0.00000000 -1.00000000
vn 0.00000000 0.00000000 -1.00000000
vn 0.00000000 0.00000000 -1.00000000
vn -0.96592575 0.25881913 -0.00000000
vn -0.96592575 0.25881913 -0.00000000
vn -0.96592575 0.25881913 -0.00000000
vn -0.96592575 0.25881913 -0.00000000
vn 0.00000000 0.00000000 1.00000000
vn 0.00000000 0.00000000 1.00000000
vn 0.00000000 0.00000000 1.00000000
vn -0.00000000 0.00000000 -1.00000000
vn -0.00000000 0.00000000 -1.00000000
vn -0.00000000 0.00000000 -1.00000000
vn -0.96592581 -0.25881910 0.00000000
vn -0.96592581 -0.25881910 0.00000000
vn -0.96592581 -0.25881910 0.00000000
vn -0.96592581 -0.25881910 0.00000000
vn 0.00000000 0.00000000 1.00000000
vn 0.00000000 0.00000000 1.00000000
vn 0.00000000 0.00000000 1.00000000
vn 0.00000000 0.00000000 -1.00000000
vn 0.00000000 0.00000000 -1.00000000
vn 0.00000000 0.00000000 -1.00000000
vn -0.70710623 -0.70710731 0.00000000
vn -0.70710623 -0.70710731 0.00000000
vn -0.70710623 -0.70710731 0.00000000
vn -0.70710623 -0.70710731 0.00000000
vn 0.00000000 0.00000000 1.00000000
vn 0.00000000 0.00000000 1.00000000
vn 0.00000000 0.00000000 1.00000000
vn 0.00000000 0.00000000 -1.00000000
vn 0.00000000 0.00000000 -1.00000000
vn 0.00000000 0.00000000 -1.00000000
vn -0.25881910 -0.96592581 0.00000000
vn -0.25881910 -0.96592581 0.00000000
vn -0.25881910 -0.96592581 0.00000000
vn -0.25881910 -0.96592581 0.00000000
vn 0.00000000 0.00000000 1.00000000
vn 0.00000000 0.00000000 1.00000000
vn 0.00000000 0.00000000 1.00000000
vn 0.00000000 -0.00000000 -1.00000000
vn 0.00000000 -0.00000000 -1.00000000
vn 0.00000000 -0.00000000 -1.00000000
vn 0.25881916 -0.96592575 -0.00000000
vn 0.25881916 -0.96592575 -0.00000000
vn 0.25881916 -0.96592575 -0.00000000
vn 0.25881916 -0.96592575 -0.00000000
vn 0.00000000 0.00000000 1.00000000
vn 0.00000000 0.00000000 1.00000000
vn 0.00000000 0.00000000 1.00000000
vn 0.00000000 0.00000000 -1.00000000
vn 0.00000000 0.00000000 -1.00000000
vn 0.00000000 0.00000000 -1.00000000
vn 0.70710713 -0.70710635 -0.00000000
vn 0.70710713 -0.70710635 -0.00000000
vn 0.70710713 -0.70710635 -0.00000000
vn 0.70710713 -0.70710635 -0.00000000
vn 0.00000000 0.00000000 1.00000000
vn 0.00000000 0.00000000 1.00000000
vn 0.00000000 0.00000000 1.00000000
vn 0.00000000 0.00000000 -1.00000000
vn 0.00000000 0.00000000 -1.00000000
vn 0.00000000 0.00000000 -1.00000000
vn 0.96592575 -0.25881913 -0.00000000
vn 0.96592575 -0.25881913 -0.00000000
vn 0.96592575 -0.25881913 -0.00000000
vn 0.96592575 -0.25881913 -0.00000000
vn -0.00000000 0.00000000 1.00000000
vn -0.00000000 0.00000000 1.00000000
vn -0.00000000 0.00000000 1.00000000
vn 0.00000000 0.00000000 -1.00000000
vn 0.00000000 0.00000000 -1.00000000
vn 0.00000000 0.00000000 -1.00000000
vn 0.92387938 0.38268387 -0.00000000
vn 0.92387938 0.38268387 -0.00000000
vn 0.92387938 0.38268387 -0.00000000
vn 0.92387938 0.38268387 -0.00000000
vn -0.92387956 -0.38268355 0.00000000
vn -0.92387956 -0.38268355 0.00000000
vn -0.92387956 -0.38268355 0.00000000
vn -0.92387956 -0.38268355 0.00000000
vn 0.00000000 0.00000000 -1.00000000
vn 0.00000000 0.00000000 -1.00000000
vn 0.00000000 0.00000000 -1.00000000
vn 0.00000000 0.00000000 -1.00000000
vn 0.00000000 0.00000000 1.00000000
vn 0.00000000 0.00000000 1.00000000
vn 0.00000000 0.00000000 1.00000000
vn 0.00000000 0.00000000 1.00000000
vn 0.38268349 0.92387950 -0.00000000
vn 0.38268349 0.92387950 -0.00000000
vn 0.38268349 0.92387950 -0.00000000
vn 0.38268349 0.92387950 -0.00000000
vn -0.38268349 -0.92387950 0.00000000
vn -0.38268349 -0.92387950 0.00000000
vn -0.38268349 -0.92387950 0.00000000
vn -0.38268349 -0.92387950 0.00000000
vn 0.00000000 0.00000000 -1.00000000
vn 0.00000000 0.00000000 -1.00000000
vn 0.00000000 0.00000000 -1.00000000
vn 0.00000000 0.00000000 -1.00000000
vn 0.00000000 0.00000000 1.00000000
vn 0.00000000 0.00000000 1.00000000
vn 0.00000000 0.00000000 1.00000000
vn 0.00000000 0.00000000 1.00000000
vn -0.38268343 0.92387956 -0.00000000
vn -0.38268343 0.92387956 -0.00000000
vn -0.38268343 0.92387956 -0.00000000
vn -0.38268343 0.92387956 -0.00000000
vn 0.38268349 -0.92387950 -0.00000000
vn 0.38268349 -0.92387950 -0.00000000
vn 0.38268349 -0.92387950 -0.00000000
vn 0.38268349 -0.92387950 -0.00000000
vn 0.00000000 0.00000000 -1.00000000
vn 0.00000000 0.00000000 -1.00000000
vn 0.00000000 0.00000000 -1.00000000
vn 0.00000000 0.00000000 -1.00000000
vn 0.00000000 0.00000000 1.00000000
vn 0.00000000 0.00000000 1.00000000
vn 0.00000000 0.00000000 1.00000000
vn 0.00000000 0.00000000 1.00000000
vn -0.92387962 0.38268325 -0.00000000
vn -0.92387962 0.38268325 -0.00000000
vn -0.92387962 0.38268325 -0.00000000
vn -0.92387962 0.38268325 -0.00000000
vn 0.92387956 -0.38268349 -0.00000000
vn 0.92387956 -0.38268349 -0.00000000
vn 0.92387956 -0.38268349 -0.00000000
vn 0.92387956 -0.38268349 -0.00000000
vn 0.00000000 0.00000000 -0.99999994
vn 0.00000000 0.00000000 -0.99999994
vn 0.00000000 0.00000000 -0.99999994
vn 0.00000000 0.00000000 -0.99999994
vn 0.00000000 0.00000000 1.00000000
vn 0.00000000 0.00000000 1.00000000
vn 0.00000000 0.00000000 1.00000000
vn 0.00000000 0.00000000 1.00000000
vn -0.92387944 -0.38268358 0.00000000
vn -0.92387944 -0.38268358 0.00000000
vn -0.92387944 -0.38268358 0.00000000
vn -0.92387944 -0.38268358 0.00000000
vn 0.92387956 0.38268355 -0.00000000
vn 0.92387956 0.38268355 -0.00000000
vn 0.92387956 0.38268355 -0.00000000
vn 0.92387956 0.38268355 -0.00000000
vn 0.00000000 0.00000000 -1.00000000
vn 0.00000000 0.00000000 -1.00000000
vn 0.00000000 0.00000000 -1.00000000
vn 0.00000000 0.00000000 -1.00000000
vn 0.00000000 0.00000000 1.00000000
vn 0.00000000 0.00000000 1.00000000
vn 0.00000000 0.00000000 1.00000000
vn 0.00000000 0.00000000 1.00000000
vn -0.38268334 -0.92387950 0.00000000
vn -0.38268334 -0.92387950 0.00000000
vn -0.38268334 -0.92387950 0.00000000
vn -0.38268334 -0.92387950 0.00000000
vn 0.38268334 0.92387950 -0.00000000
vn 0.38268334 0.92387950 -0.00000000
vn 0.38268334 0.92387950 -0.00000000
vn 0.38268334 0.92387950 -0.00000000
vn 0.00000000 0.00000000 -1.00000000
vn 0.00000000 0.00000000 -1.00000000
vn 0.00000000 0.00000000 -1.00000000
vn 0.00000000 0.00000000 -1.00000000
vn 0.00000000 0.00000000 1.00000000
vn 0.00000000 0.00000000 1.00000000
vn 0.00000000 0.00000000 1.00000000
vn 0.00000000 0.00000000 1.00000000
vn 0.38268358 -0.92387950 -0.00000000
vn 0.38268358 -0.92387950 -0.00000000
vn 0.38268358 -0.92387950 -0.00000000
vn 0.38268358 -0.92387950 -0.00000000
vn -0.38268355 0.92387950 -0.00000000
vn -0.38268355 0.92387950 -0.00000000
vn -0.38268355 0.92387950 -0.00000000
vn -0.38268355 0.92387950 -0.00000000
vn 0.00000000 0.00000000 -1.00000000
vn 0.00000000 0.00000000 -1.00000000
vn 0.00000000 0.00000000 -1.00000000
vn 0.00000000 0.00000000 -1.00000000
vn 0.00000000 0.00000000 1.00000000
vn 0.00000000 0.00000000 1.00000000
vn 0.00000000 0.00000000 1.00000000
vn 0.00000000 0.00000000 1.00000000
vn 0.92387950 -0.38268334 -0.00000000
vn 0.92387950 -0.38268334 -0.00000000
vn 0.92387950 -0.38268334 -0.00000000
vn 0.92387950 -0.38268334 -0.00000000
vn -0.92387962 0.38268322 -0.00000000
vn -0.92387962 0.38268322 -0.00000000
vn -0.92387962 0.38268322 -0.00000000
vn -0.92387962 0.38268322 -0.00000000
vn 0.00000000 0.00000000 -1.00000000
vn 0.00000000 0.00000000 -1.00000000
vn 0.00000000 0.00000000 -1.00000000
vn 0.00000000 0.00000000 -1.00000000
vn 0.00000000 0.00000000 0.99999994
vn 0.00000000 0.00000000 0.99999994
vn 0.00000000 0.00000000 0.99999994
vn 0.00000000 0.00000000 0.99999994
vn 1.00000000 -0.00000000 -0.00000000
vn 1.00000000 -0.00000000 -0.00000000
vn 1.00000000 -0.00000000 -0.00000000
vn 1.00000000 -0.00000000 -0.00000000
vn -1.00000000 -0.00000000 -0.00000000
vn -1.00000000 -0.00000000 -0.00000000
vn -1.00000000 -0.00000000 -0.00000000
vn -1.00000000 -0.00000000 -0.00000000
vn -0.00000000 1.00000000 -0.00000000
vn -0.00000000 1.00000000 -0.00000000
vn -0.00000000 1.00000000 -0.00000000
vn -0.00000000 1.00000000 -0.00000000
vn -0.00000000 -1.00000000 -0.00000000
vn -0.00000000 -1.00000000 -0.00000000
vn -0.00000000 -1.00000000 -0.00000000
vn -0.00000000 -1.00000000 -0.00000000
vn -0.00000000 -0.00000000 1.00000000
vn -0.00000000 -0.00000000 1.00000000
vn -0.00000000 -0.00000000 1.00000000
vn -0.00000000 -0.00000000 1.00000000
vn -0.00000000 -0.00000000 -1.00000000
vn -0.00000000 -0.00000000 -1.00000000
vn -0.00000000 -0.00000000 -1.00000000
vn -0.00000000 -0.00000000 -1.00000000
vn 0.92387938 0.38268363 -0.00000000
vn 0.92387938 0.38268363 -0.00000000
vn 0.92387938 0.38268363 -0.00000000
vn 0.92387938 0.38268363 -0.00000000
vn -0.92387950 -0.38268343 0.00000000
vn -0.92387950 -0.38268343 0.00000000
vn -0.92387950 -0.38268343 0.00000000
vn -0.92387950 -0.38268343 0.00000000
vn 0.00000000 0.00000000 -1.00000000
vn 0.00000000 0.00000000 -1.00000000
vn 0.00000000 0.00000000 -1.00000000
vn 0.00000000 0.00000000 -1.00000000
vn 0.00000000 0.00000000 1.00000000
vn 0.00000000 0.00000000 1.00000000
vn 0.00000000 0.00000000 1.00000000
vn 0.00000000 0.00000000 1.00000000
vn 0.38268346 0.92387950 -0.00000000
vn 0.38268346 0.92387950 -0.00000000
vn 0.38268346 0.92387950 -0.00000000
vn 0.38268346 0.92387950 -0.00000000
vn -0.38268349 -0.92387956 0.00000000
vn -0.38268349 -0.92387956 0.00000000
vn -0.38268349 -0.92387956 0.00000000
vn -0.38268349 -0.92387956 0.00000000
vn 0.00000000 0.00000000 -1.00000000
vn 0.00000000 0.00000000 -1.00000000
vn 0.00000000 0.00000000 -1.00000000
vn 0.00000000 0.00000000 -1.00000000
vn 0.00000000 0.00000000 1.00000000
vn 0.00000000 0.00000000 1.00000000
vn 0.00000000 0.00000000 1.00000000
vn 0.00000000 0.00000000 1.00000000
vn -0.38268346 0.92387950 -0.00000000
vn -0.38268346 0.92387950 -0.00000000
vn -0.38268346 0.92387950 -0.00000000
vn -0.38268346 0.92387950 -0.00000000
vn 0.38268349 -0.92387956 -0.00000000
vn 0.38268349 -0.92387956 -0.00000000
vn 0.38268349 -0.92387956 -0.00000000
vn 0.38268349 -0.92387956 -0.00000000
vn 0.00000000 0.00000000 -1.00000000
vn 0.00000000 0.00000000 -1.00000000
vn 0.00000000 0.00000000 -1.00000000
vn 0.00000000 0.00000000 -1.00000000
vn 0.00000000 0.00000000 1.00000000
vn 0.00000000 0.00000000 1.00000000
vn 0.00000000 0.00000000 1.00000000
vn 0.00000000 0.00000000 1.00000000
vn -0.92387944 0.38268363 -0.00000000
vn -0.92387944 0.38268363 -0.00000000
vn -0.92387944 0.38268363 -0.00000000
vn -0.92387944 0.38268363 -0.00000000
vn 0.92387950 -0.38268337 -0.00000000
vn 0.92387950 -0.38268337 -0.00000000
vn 0.92387950 -0.38268337 -0.00000000
vn 0.92387950 -0.38268337 -0.00000000
vn 0.00000000 0.00000000 -1.00000000
vn 0.00000000 0.00000000 -1.00000000
vn 0.00000000 0.00000000 -1.00000000
vn 0.00000000 0.00000000 -1.00000000
vn 0.00000000 0.00000000 1.00000000
vn 0.00000000 0.00000000 1.00000000
vn 0.00000000 0.00000000 1.00000000
vn 0.00000000 0.00000000 1.00000000
vn -0.92387944 -0.38268363 0.00000000
vn -0.92387944 -0.38268363 0.00000000
vn -0.92387944 -0.38268363 0.00000000
vn -0.92387944 -0.38268363 0.00000000
vn 0.92387950 0.38268343 -0.00000000
vn 0.92387950 0.38268343 -0.00000000
vn 0.92387950 0.38268343 -0.00000000
vn 0.92387950 0.38268343 -0.00000000
vn 0.00000000 0.00000000 -1.00000000
vn 0.00000000 0.00000000 -1.00000000
vn 0.00000000 0.00000000 -1.00000000
vn 0.00000000 0.00000000 -1.00000000
vn 0.00000000 0.00000000 1.00000000
vn 0.00000000 0.00000000 1.00000000
vn 0.00000000 0.00000000 1.00000000
vn 0.00000000 0.00000000 1.00000000
vn -0.38268325 -0.92387962 0.00000000
vn -0.38268325 -0.92387962 0.00000000
vn -0.38268325 -0.92387962 0.00000000
vn -0.38268325 -0.92387962 0.00000000
vn 0.38268325 0.92387956 -0.00000000
vn 0.38268325 0.92387956 -0.00000000
vn 0.38268325 0.92387956 -0.00000000
vn 0.38268325 0.92387956 -0.00000000
vn 0.00000000 0.00000000 -1.00000000
vn 0.00000000 0.00000000 -1.00000000
vn 0.00000000 0.00000000 -1.00000000
vn 0.00000000 0.00000000 -1.00000000
vn 0.00000000 0.00000000 1.00000000
vn 0.00000000 0.00000000 1.00000000
vn 0.00000000 0.00000000 1.00000000
vn 0.00000000 0.00000000 1.00000000
vn 0.38268355 -0.92387950 -0.00000000
vn 0.38268355 -0.92387950 -0.00000000
vn 0.38268355 -0.92387950 -0.00000000
vn 0.38268355 -0.92387950 -0.00000000
vn -0.38268358 0.92387944 -0.00000000
vn -0.38268358 0.92387944 -0.00000000
vn -0.38268358 0.92387944 -0.00000000
vn -0.38268358 0.92387944 -0.00000000
vn 0.00000000 0.00000000 -1.00000000
vn 0.00000000 0.00000000 -1.00000000
vn 0.00000000 0.00000000 -1.00000000
vn 0.00000000 0.00000000 -1.00000000
vn 0.00000000 0.00000000 1.00000000
vn 0.00000000 0.00000000 1.00000000
vn 0.00000000 0.00000000 1.00000000
vn 0.00000000 0.00000000 1.00000000
vn 0.92387962 -0.38268334 -0.00000000
vn 0.92387962 -0.38268334 -0.00000000
vn 0.92387962 -0.38268334 -0.00000000
vn 0.92387962 -0.38268334 -0.00000000
vn -0.92387974 0.38268313 -0.00000000
vn -0.92387974 0.38268313 -0.00000000
vn -0.92387974 0.38268313 -0.00000000
vn -0.92387974 0.38268313 -0.00000000
vn 0.00000000 0.00000000 -1.00000000
vn 0.00000000 0.00000000 -1.00000000
vn 0.00000000 0.00000000 -1.00000000
vn 0.00000000 0.00000000 -1.00000000
vn 0.00000000 0.00000000 1.00000000
vn 0.00000000 0.00000000 1.00000000
vn 0.00000000 0.00000000 1.00000000
vn 0.00000000 0.00000000 1.00000000
vn -0.05082330 -0.99700999 -0.05820721
vn -0.05082330 -0.99700999 -0.05820721
vn -0.05082330 -0.99700999 -0.05820721
vn -0.05082330 -0.99700999 -0.05820721
vn -0.79574853 0.00520763 0.60560489
vn -0.79574853 0.00520763 0.60560489
vn -0.79574853 0.00520763 0.60560489
vn -0.79574853 0.00520763 0.60560489
vn 0.05082329 0.99700999 0.05820720
vn 0.05082329 0.99700999 0.05820720
vn 0.05082329 0.99700999 0.05820720
vn 0.05082329 0.99700999 0.05820720
vn 0.70736426 0.00520758 -0.70682991
vn 0.70736426 0.00520758 -0.70682991
vn 0.70736426 0.00520758 -0.70682991
vn 0.70736426 0.00520758 -0.70682991
vn 0.65574604 -0.07727280 0.75101668
vn 0.65574604 -0.07727280 0.75101668
vn 0.65574604 -0.07727280 0.75101668
vn 0.65574604 -0.07727280 0.75101668
vn -0.65574616 0.07727245 -0.75101662
vn -0.65574616 0.07727245 -0.75101662
vn -0.65574616 0.07727245 -0.75101662
vn -0.65574616 0.07727245 -0.75101662
vn 0.05082329 -0.99700999 -0.05820720
vn 0.05082329 -0.99700999 -0.05820720
vn 0.05082329 -0.99700999 -0.05820720
vn 0.05082329 -0.99700999 -0.05820720
vn -0.70736432 0.00520758 -0.70682997
vn -0.70736432 0.00520758 -0.70682997
vn -0.70736432 0.00520758 -0.70682997
vn -0.70736432 0.00520758 -0.70682997
vn -0.05082329 0.99700999 0.05820720
vn -0.05082329 0.99700999 0.05820720
vn -0.05082329 0.99700999 0.05820720
vn -0.05082329 0.99700999 0.05820720
vn 0.79574853 0.00520763 0.60560477
vn 0.79574853 0.00520763 0.60560477
vn 0.79574853 0.00520763 0.60560477
vn 0.79574853 0.00520763 0.60560477
vn -0.65574604 -0.07727297 0.75101662
vn -0.65574604 -0.07727297 0.75101662
vn -0.65574604 -0.07727297 0.75101662
vn -0.65574604 -0.07727297 0.75101662
vn 0.65574616 0.07727300 -0.75101662
vn 0.65574616 0.07727300 -0.75101662
vn 0.65574616 0.07727300 -0.75101662
vn 0.65574616 0.07727300 -0.75101662
vn 0.00000000 -1.00000000 0.00000000
vn 0.00000000 -1.00000000 0.00000000
vn 0.00000000 -1.00000000 0.00000000
vn 0.00000000 -1.00000000 0.00000000
vn 0.99582487 -0.00000000 0.09128394
vn 0.99582487 -0.00000000 0.09128394
vn 0.99582487 -0.00000000 0.09128394
vn 0.99582487 -0.00000000 0.09128394
vn 0.00000000 1.00000000 0.00000000
vn 0.00000000 1.00000000 0.00000000
vn 0.00000000 1.00000000 0.00000000
vn 0.00000000 1.00000000 0.00000000
vn -0.99582487 0.00000000 0.09128394
vn -0.99582487 0.00000000 0.09128394
vn -0.99582487 0.00000000 0.09128394
vn -0.99582487 0.00000000 0.09128394
vn 0.00000000 0.00000000 -1.00000000
vn 0.00000000 0.00000000 -1.00000000
vn 0.00000000 0.00000000 -1.00000000
vn 0.00000000 0.00000000 -1.00000000
vn 0.00000000 0.00000000 1.00000000
vn 0.00000000 0.00000000 1.00000000
vn 0.00000000 0.00000000 1.00000000
vn 0.00000000 0.00000000 1.00000000
vn 0.00000000 -1.00000000 0.00000000
vn 0.00000000 -1.00000000 0.00000000
vn 0.00000000 -1.00000000 0.00000000
vn 0.00000000 -1.00000000 0.00000000
vn 0.99929327 -0.00000000 0.03758918
vn 0.99929327 -0.00000000 0.03758918
vn 0.99929327 -0.00000000 0.03758918
vn 0.99929327 -0.00000000 0.03758918
vn 0.00000000 1.00000000 0.00000000
vn 0.00000000 1.00000000 0.00000000
vn 0.00000000 1.00000000 0.00000000
vn 0.00000000 1.00000000 0.00000000
vn -0.99929327 0.00000000 0.03758918
vn -0.99929327 0.00000000 0.03758918
vn -0.99929327 0.00000000 0.03758918
vn -0.99929327 0.00000000 0.03758918
vn 0.00000000 0.00000000 -1.00000000
vn 0.00000000 0.00000000 -1.00000000
vn 0.00000000 0.00000000 -1.00000000
vn 0.00000000 0.00000000 -1.00000000
vn 0.00000000 0.00000000 0.99999994
vn 0.00000000 0.00000000 0.99999994
vn 0.00000000 0.00000000 0.99999994
vn 0.00000000 0.00000000 0.99999994
vn 0.00000000 -1.00000000 0.00000000
vn 0.00000000 -1.00000000 0.00000000
vn 0.00000000 -1.00000000 0.00000000
vn 0.00000000 -1.00000000 0.00000000
vn 0.99929327 -0.00000000 0.03758918
vn 0.99929327 -0.00000000 0.03758918
vn 0.99929327 -0.00000000 0.03758918
vn 0.99929327 -0.00000000 0.03758918
vn 0.00000000 1.00000000 0.00000000
vn 0.00000000 1.00000000 0.00000000
vn 0.00000000 1.00000000 0.00000000
vn 0.00000000 1.00000000 0.00000000
vn -0.99929327 0.00000000 0.03758918
vn -0.99929327 0.00000000 0.03758918
vn -0.99929327 0.00000000 0.03758918
vn -0.99929327 0.00000000 0.03758918
vn 0.00000000 0.00000000 -1.00000000
vn 0.00000000 0.00000000 -1.00000000
vn 0.00000000 0.00000000 -1.00000000
vn 0.00000000 0.00000000 -1.00000000
vn 0.00000000 0.00000000 0.99999994
vn 0.00000000 0.00000000 0.99999994
vn 0.00000000 0.00000000 0.99999994
vn 0.00000000 0.00000000 0.99999994
vn 0.50768644 0.74781233 -0.42782125
vn 0.50768644 0.74781233 -0.42782125
vn 0.50768644 0.74781233 -0.42782125
vn 0.50768644 0.74781233 -0.42782125
vn 0.15468626 0.96518773 -0.21091434
vn 0.15468626 0.96518773 -0.21091434
vn 0.15468626 0.96518773 -0.21091434
vn 0.15468626 0.96518773 -0.21091434
vn 0.00000000 0.98473006 -0.17408815
vn 0.00000000 0.98473006 -0.17408815
vn 0.00000000 0.98473006 -0.17408815
vn 0.00000000 0.98473006 -0.17408815
vn -0.15468647 0.96518761 -0.21091449
vn -0.15468647 0.96518761 -0.21091449
vn -0.15468647 0.96518761 -0.21091449
vn -0.15468647 0.96518761 -0.21091449
vn -0.50768650 0.74781245 -0.42782122
vn -0.50768650 0.74781245 -0.42782122
vn -0.50768650 0.74781245 -0.42782122
vn -0.50768650 0.74781245 -0.42782122
vn -0.50768691 -0.74781191 -0.42782152
vn -0.50768691 -0.74781191 -0.42782152
vn -0.50768691 -0.74781191 -0.42782152
vn -0.50768691 -0.74781191 -0.42782152
vn -0.15468588 -0.96518773 -0.21091421
vn -0.15468588 -0.96518773 -0.21091421
vn -0.15468588 -0.96518773 -0.21091421
vn -0.15468588 -0.96518773 -0.21091421
vn 0.00000000 -0.98473006 -0.17408815
vn 0.00000000 -0.98473006 -0.17408815
vn 0.00000000 -0.98473006 -0.17408815
vn 0.00000000 -0.98473006 -0.17408815
vn 0.15468612 -0.96518785 -0.21091430
vn 0.15468612 -0.96518785 -0.21091430
vn 0.15468612 -0.96518785 -0.21091430
vn 0.15468612 -0.96518785 -0.21091430
vn 0.50768691 -0.74781191 -0.42782158
vn 0.50768691 -0.74781191 -0.42782158
vn 0.50768691 -0.74781191 -0.42782158
vn 0.50768691 -0.74781191 -0.42782158
vn 0.55485904 0.81729627 -0.15542948
vn 0.55485904 0.81729627 -0.15542948
vn 0.55485904 0.81729627 -0.15542948
vn 0.55485904 0.81729627 -0.15542948
vn 0.15784058 0.98486966 -0.07154133
vn 0.15784058 0.98486966 -0.07154133
vn 0.15784058 0.98486966 -0.07154133
vn 0.15784058 0.98486966 -0.07154133
vn 0.00000000 0.99827766 -0.05866610
vn 0.00000000 0.99827766 -0.05866610
vn 0.00000000 0.99827766 -0.05866610
vn 0.00000000 0.99827766 -0.05866610
vn -0.15784067 0.98486966 -0.07154135
vn -0.15784067 0.98486966 -0.07154135
vn -0.15784067 0.98486966 -0.07154135
vn -0.15784067 0.98486966 -0.07154135
vn -0.55485904 0.81729627 -0.15542942
vn -0.55485904 0.81729627 -0.15542942
vn -0.55485904 0.81729627 -0.15542942
vn -0.55485904 0.81729627 -0.15542942
vn -0.55485922 -0.81729609 -0.15542950
vn -0.55485922 -0.81729609 -0.15542950
vn -0.55485922 -0.81729609 -0.15542950
vn -0.55485922 -0.81729609 -0.15542950
vn -0.15784040 -0.98486972 -0.07154129
vn -0.15784040 -0.98486972 -0.07154129
vn -0.15784040 -0.98486972 -0.07154129
vn -0.15784040 -0.98486972 -0.07154129
vn 0.00000000 -0.99827760 -0.05866610
vn 0.00000000 -0.99827760 -0.05866610
vn 0.00000000 -0.99827760 -0.05866610
vn 0.00000000 -0.99827760 -0.05866610
vn 0.15784055 -0.98486966 -0.07154128
vn 0.15784055 -0.98486966 -0.07154128
vn 0.15784055 -0.98486966 -0.07154128
vn 0.15784055 -0.98486966 -0.07154128
vn 0.55485922 -0.81729609 -0.15542948
vn 0.55485922 -0.81729609 -0.15542948
vn 0.55485922 -0.81729609 -0.15542948
vn 0.55485922 -0.81729609 -0.15542948
vn 0.55075097 0.81124485 0.19635479
vn 0.55075097 0.81124485 0.19635479
vn 0.55075097 0.81124485 0.19635479
vn 0.55075097 0.81124485 0.19635479
vn 0.15759081 0.98331112 0.09090848
vn 0.15759081 0.98331112 0.09090848
vn 0.15759081 0.98331112 0.09090848
vn 0.15759081 0.98331112 0.09090848
vn 0.00000000 0.99721450 0.07458641
vn 0.00000000 0.99721450 0.07458641
vn 0.00000000 0.99721450 0.07458641
vn 0.00000000 0.99721450 0.07458641
vn -0.15759081 0.98331112 0.09090852
vn -0.15759081 0.98331112 0.09090852
vn -0.15759081 0.98331112 0.09090852
vn -0.15759081 0.98331112 0.09090852
vn -0.55075097 0.81124490 0.19635454
vn -0.55075097 0.81124490 0.19635454
vn -0.55075097 0.81124490 0.19635454
vn -0.55075097 0.81124490 0.19635454
vn -0.55075109 -0.81124479 0.19635487
vn -0.55075109 -0.81124479 0.19635487
vn -0.55075109 -0.81124479 0.19635487
vn -0.55075109 -0.81124479 0.19635487
vn -0.15759060 -0.98331124 0.09090846
vn -0.15759060 -0.98331124 0.09090846
vn -0.15759060 -0.98331124 0.09090846
vn -0.15759060 -0.98331124 0.09090846
vn 0.00000000 -0.99721450 0.07458641
vn 0.00000000 -0.99721450 0.07458641
vn 0.00000000 -0.99721450 0.07458641
vn 0.00000000 -0.99721450 0.07458641
vn 0.15759082 -0.98331112 0.09090855
vn 0.15759082 -0.98331112 0.09090855
vn 0.15759082 -0.98331112 0.09090855
vn 0.15759082 -0.98331112 0.09090855
vn 0.55075073 -0.81124502 0.19635445
vn 0.55075073 -0.81124502 0.19635445
vn 0.55075073 -0.81124502 0.19635445
vn 0.55075073 -0.81124502 0.19635445
vn 0.51122802 0.75303012 0.41423610
vn 0.51122802 0.75303012 0.41423610
vn 0.51122802 0.75303012 0.41423610
vn 0.51122802 0.75303012 0.41423610
vn 0.15494657 0.96681142 0.20314342
vn 0.15494657 0.96681142 0.20314342
vn 0.15494657 0.96681142 0.20314342
vn 0.15494657 0.96681142 0.20314342
vn 0.00000000 0.98585773 0.16758412
vn 0.00000000 0.98585773 0.16758412
vn 0.00000000 0.98585773 0.16758412
vn 0.00000000 0.98585773 0.16758412
vn -0.15494657 0.96681142 0.20314340
vn -0.15494657 0.96681142 0.20314340
vn -0.15494657 0.96681142 0.20314340
vn -0.15494657 0.96681142 0.20314340
vn -0.51122802 0.75303012 0.41423622
vn -0.51122802 0.75303012 0.41423622
vn -0.51122802 0.75303012 0.41423622
vn -0.51122802 0.75303012 0.41423622
vn -0.51122802 -0.75303012 0.41423610
vn -0.51122802 -0.75303012 0.41423610
vn -0.51122802 -0.75303012 0.41423610
vn -0.51122802 -0.75303012 0.41423610
vn -0.15494640 -0.96681142 0.20314333
vn -0.15494640 -0.96681142 0.20314333
vn -0.15494640 -0.96681142 0.20314333
vn -0.15494640 -0.96681142 0.20314333
vn 0.00000000 -0.98585784 0.16758415
vn 0.00000000 -0.98585784 0.16758415
vn 0.00000000 -0.98585784 0.16758415
vn 0.00000000 -0.98585784 0.16758415
vn 0.15494657 -0.96681142 0.20314340
vn 0.15494657 -0.96681142 0.20314340
vn 0.15494657 -0.96681142 0.20314340
vn 0.15494657 -0.96681142 0.20314340
vn 0.51122802 -0.75303012 0.41423622
vn 0.51122802 -0.75303012 0.41423622
vn 0.51122802 -0.75303012 0.41423622
vn 0.51122802 -0.75303012 0.41423622
vn -0.00000153 -0.00000226 -1.00000000
vn -0.00000153 -0.00000226 -1.00000000
vn -0.00000153 -0.00000226 -1.00000000
vn -0.00000095 -0.00000591 -1.00000000
vn -0.00000095 -0.00000591 -1.00000000
vn -0.00000095 -0.00000591 -1.00000000
vn -0.00000000 -0.00000730 -1.00000000
vn -0.00000000 -0.00000730 -1.00000000
vn -0.00000000 -0.00000730 -1.00000000
vn 0.00000095 -0.00000591 -1.00000000
vn 0.00000095 -0.00000591 -1.00000000
vn 0.00000095 -0.00000591 -1.00000000
vn 0.00000153 -0.00000226 -1.00000000
vn 0.00000153 -0.00000226 -1.00000000
vn 0.00000153 -0.00000226 -1.00000000
vn 0.00000153 0.00000226 -1.00000000
vn 0.00000153 0.00000226 -1.00000000
vn 0.00000153 0.00000226 -1.00000000
vn 0.00000095 0.00000591 -1.00000000
vn 0.00000095 0.00000591 -1.00000000
vn 0.00000095 0.00000591 -1.00000000
vn -0.00000000 0.00000730 -1.00000000
vn -0.00000000 0.00000730 -1.00000000
vn -0.00000000 0.00000730 -1.00000000
vn -0.00000095 0.00000591 -0.99999994
vn -0.00000095 0.00000591 -0.99999994
vn -0.00000095 0.00000591 -0.99999994
vn -0.00000153 0.00000226 -1.00000000
vn -0.00000153 0.00000226 -1.00000000
vn -0.00000153 0.00000226 -1.00000000
vn 0.00000000 0.00000000 1.00000000
vn 0.00000000 0.00000000 1.00000000
vn 0.00000000 0.00000000 1.00000000
vn 0.00000000 0.00000000 0.99999994
vn 0.00000000 0.00000000 0.99999994
vn 0.00000000 0.00000000 0.99999994
vn 0.00000000 -0.00000000 1.00000000
vn 0.00000000 -0.00000000 1.00000000
vn 0.00000000 -0.00000000 1.00000000
vn 0.00000000 0.00000000 0.99999994
vn 0.00000000 0.00000000 0.99999994
vn 0.00000000 0.00000000 0.99999994
vn 0.00000000 0.00000000 1.00000000
vn 0.00000000 0.00000000 1.00000000
vn 0.00000000 0.00000000 1.00000000
vn 0.00000000 0.00000000 1.00000000
vn 0.00000000 0.00000000 1.00000000
vn 0.00000000 0.00000000 1.00000000
vn 0.00000000 0.00000000 1.00000000
vn 0.00000000 0.00000000 1.00000000
vn 0.00000000 0.00000000 1.00000000
vn 0.00000000 0.00000000 1.00000000
vn 0.00000000 0.00000000 1.00000000
vn 0.00000000 0.00000000 1.00000000
vn 0.00000000 0.00000000 1.00000000
vn 0.00000000 0.00000000 1.00000000
vn 0.00000000 0.00000000 1.00000000
vn -0.00000000 0.00000000 1.00000000
vn -0.00000000 0.00000000 1.00000000
vn -0.00000000 0.00000000 1.00000000
vn 0.50768644 0.74781233 -0.42782125
vn 0.50768644 0.74781233 -0.42782125
vn 0.50768644 0.74781233 -0.42782125
vn 0.50768644 0.74781233 -0.42782125
vn 0.15468626 0.96518773 -0.21091434
vn 0.15468626 0.96518773 -0.21091434
vn 0.15468626 0.96518773 -0.21091434
vn 0.15468626 0.96518773 -0.21091434
vn 0.00000000 0.98473006 -0.17408815
vn 0.00000000 0.98473006 -0.17408815
vn 0.00000000 0.98473006 -0.17408815
vn 0.00000000 0.98473006 -0.17408815
vn -0.15468647 0.96518761 -0.21091449
vn -0.15468647 0.96518761 -0.21091449
vn -0.15468647 0.96518761 -0.21091449
vn -0.15468647 0.96518761 -0.21091449
vn -0.50768650 0.74781245 -0.42782122
vn -0.50768650 0.74781245 -0.42782122
vn -0.50768650 0.74781245 -0.42782122
vn -0.50768650 0.74781245 -0.42782122
vn -0.50768691 -0.74781191 -0.42782152
vn -0.50768691 -0.74781191 -0.42782152
vn -0.50768691 -0.74781191 -0.42782152
vn -0.50768691 -0.74781191 -0.42782152
vn -0.15468588 -0.96518773 -0.21091421
vn -0.15468588 -0.96518773 -0.21091421
vn -0.15468588 -0.96518773 -0.21091421
vn -0.15468588 -0.96518773 -0.21091421
vn 0.00000000 -0.98473006 -0.17408815
vn 0.00000000 -0.98473006 -0.17408815
vn 0.00000000 -0.98473006 -0.17408815
vn 0.00000000 -0.98473006 -0.17408815
vn 0.15468612 -0.96518785 -0.21091430
vn 0.15468612 -0.96518785 -0.21091430
vn 0.15468612 -0.96518785 -0.21091430
vn 0.15468612 -0.96518785 -0.21091430
vn 0.50768691 -0.74781191 -0.42782158
vn 0.50768691 -0.74781191 -0.42782158
vn 0.50768691 -0.74781191 -0.42782158
vn 0.50768691 -0.74781191 -0.42782158
vn 0.55485904 0.81729627 -0.15542948
vn 0.55485904 0.81729627 -0.15542948
vn 0.55485904 0.81729627 -0.15542948
vn 0.55485904 0.81729627 -0.15542948
vn 0.15784058 0.98486966 -0.07154133
vn 0.15784058 0.98486966 -0.07154133
vn 0.15784058 0.98486966 -0.07154133
vn 0.15784058 0.98486966 -0.07154133
vn 0.00000000 0.99827766 -0.05866610
vn 0.00000000 0.99827766 -0.05866610
vn 0.00000000 0.99827766 -0.05866610
vn 0.00000000 0.99827766 -0.05866610
vn -0.15784067 0.98486966 -0.07154135
vn -0.15784067 0.98486966 -0.07154135
vn -0.15784067 0.98486966 -0.07154135
vn -0.15784067 0.98486966 -0.07154135
vn -0.55485904 0.81729627 -0.15542942
vn -0.55485904 0.81729627 -0.15542942
vn -0.55485904 0.81729627 -0.15542942
vn -0.55485904 0.81729627 -0.15542942
vn -0.55485922 -0.81729609 -0.15542936
vn -0.55485922 -0.81729609 -0.15542936
vn -0.55485922 -0.81729609 -0.15542936
vn -0.55485922 -0.81729609 -0.15542936
vn -0.15784040 -0.98486972 -0.07154129
vn -0.15784040 -0.98486972 -0.07154129
vn -0.15784040 -0.98486972 -0.07154129
vn -0.15784040 -0.98486972 -0.07154129
vn 0.00000000 -0.99827760 -0.05866610
vn 0.00000000 -0.99827760 -0.05866610
vn 0.00000000 -0.99827760 -0.05866610
vn 0.00000000 -0.99827760 -0.05866610
vn 0.15784055 -0.98486966 -0.07154132
vn 0.15784055 -0.98486966 -0.07154132
vn 0.15784055 -0.98486966 -0.07154132
vn 0.15784055 -0.98486966 -0.07154132
vn 0.55485922 -0.81729609 -0.15542948
vn 0.55485922 -0.81729609 -0.15542948
vn 0.55485922 -0.81729609 -0.15542948
vn 0.55485922 -0.81729609 -0.15542948
vn 0.55075097 0.81124485 0.19635479
vn 0.55075097 0.81124485 0.19635479
vn 0.55075097 0.81124485 0.19635479
vn 0.55075097 0.81124485 0.19635479
vn 0.15759081 0.98331112 0.09090848
vn 0.15759081 0.98331112 0.09090848
vn 0.15759081 0.98331112 0.09090848
vn 0.15759081 0.98331112 0.09090848
vn 0.00000000 0.99721450 0.07458641
vn 0.00000000 0.99721450 0.07458641
vn 0.00000000 0.99721450 0.07458641
vn 0.00000000 0.99721450 0.07458641
vn -0.15759081 0.98331112 0.09090848
vn -0.15759081 0.98331112 0.09090848
vn -0.15759081 0.98331112 0.09090848
vn -0.15759081 0.98331112 0.09090848
vn -0.55075097 0.81124490 0.19635454
vn -0.55075097 0.81124490 0.19635454
vn -0.55075097 0.81124490 0.19635454
vn -0.55075097 0.81124490 0.19635454
vn -0.55075073 -0.81124502 0.19635463
vn -0.55075073 -0.81124502 0.19635463
vn -0.55075073 -0.81124502 0.19635463
vn -0.55075073 -0.81124502 0.19635463
vn -0.15759064 -0.98331112 0.09090845
vn -0.15759064 -0.98331112 0.09090845
vn -0.15759064 -0.98331112 0.09090845
vn -0.15759064 -0.98331112 0.09090845
vn 0.00000000 -0.99721450 0.07458641
vn 0.00000000 -0.99721450 0.07458641
vn 0.00000000 -0.99721450 0.07458641
vn 0.00000000 -0.99721450 0.07458641
vn 0.15759078 -0.98331106 0.09090856
vn 0.15759078 -0.98331106 0.09090856
vn 0.15759078 -0.98331106 0.09090856
vn 0.15759078 -0.98331106 0.09090856
vn 0.55075109 -0.81124479 0.19635460
vn 0.55075109 -0.81124479 0.19635460
vn 0.55075109 -0.81124479 0.19635460
vn 0.55075109 -0.81124479 0.19635460
vn 0.51122802 0.75303012 0.41423610
vn 0.51122802 0.75303012 0.41423610
vn 0.51122802 0.75303012 0.41423610
vn 0.51122802 0.75303012 0.41423610
vn 0.15494657 0.96681142 0.20314342
vn 0.15494657 0.96681142 0.20314342
vn 0.15494657 0.96681142 0.20314342
vn 0.15494657 0.96681142 0.20314342
vn 0.00000000 0.98585773 0.16758412
vn 0.00000000 0.98585773 0.16758412
vn 0.00000000 0.98585773 0.16758412
vn 0.00000000 0.98585773 0.16758412
vn -0.15494648 0.96681142 0.20314340
vn -0.15494648 0.96681142 0.20314340
vn -0.15494648 0.96681142 0.20314340
vn -0.15494648 0.96681142 0.20314340
vn -0.51122838 0.75302958 0.41423652
vn -0.51122838 0.75302958 0.41423652
vn -0.51122838 0.75302958 0.41423652
vn -0.51122838 0.75302958 0.41423652
vn -0.51122802 -0.75303012 0.41423610
vn -0.51122802 -0.75303012 0.41423610
vn -0.51122802 -0.75303012 0.41423610
vn -0.51122802 -0.75303012 0.41423610
vn -0.15494640 -0.96681142 0.20314333
vn -0.15494640 -0.96681142 0.20314333
vn -0.15494640 -0.96681142 0.20314333
vn -0.15494640 -0.96681142 0.20314333
vn 0.00000000 -0.98585784 0.16758415
vn 0.00000000 -0.98585784 0.16758415
vn 0.00000000 -0.98585784 0.16758415
vn 0.00000000 -0.98585784 0.16758415
vn 0.15494657 -0.96681142 0.20314340
vn 0.15494657 -0.96681142 0.20314340
vn 0.15494657 -0.96681142 0.20314340
vn 0.15494657 -0.96681142 0.20314340
vn 0.51122802 -0.75303012 0.41423622
vn 0.51122802 -0.75303012 0.41423622
vn 0.51122802 -0.75303012 0.41423622
vn 0.51122802 -0.75303012 0.41423622
vn -0.00000153 -0.00000226 -1.00000000
vn -0.00000153 -0.00000226 -1.00000000
vn -0.00000153 -0.00000226 -1.00000000
vn -0.00000095 -0.00000591 -1.00000000
vn -0.00000095 -0.00000591 -1.00000000
vn -0.00000095 -0.00000591 -1.00000000
vn -0.00000000 -0.00000730 -1.00000000
vn -0.00000000 -0.00000730 -1.00000000
vn -0.00000000 -0.00000730 -1.00000000
vn 0.00000095 -0.00000591 -1.00000000
vn 0.00000095 -0.00000591 -1.00000000
vn 0.00000095 -0.00000591 -1.00000000
vn 0.00000153 -0.00000226 -1.00000000
vn 0.00000153 -0.00000226 -1.00000000
vn 0.00000153 -0.00000226 -1.00000000
vn 0.00000153 0.00000226 -1.00000000
vn 0.00000153 0.00000226 -1.00000000
vn 0.00000153 0.00000226 -1.00000000
vn 0.00000095 0.00000591 -1.00000000
vn 0.00000095 0.00000591 -1.00000000
vn 0.00000095 0.00000591 -1.00000000
vn -0.00000000 0.00000730 -1.00000000
vn -0.00000000 0.00000730 -1.00000000
vn -0.00000000 0.00000730 -1.00000000
vn -0.00000095 0.00000591 -0.99999994
vn -0.00000095 0.00000591 -0.99999994
vn -0.00000095 0.00000591 -0.99999994
vn -0.00000153 0.00000226 -1.00000000
vn -0.00000153 0.00000226 -1.00000000
vn -0.00000153 0.00000226 -1.00000000
vn 0.00000000 0.00000000 1.00000000
vn 0.00000000 0.00000000 1.00000000
vn 0.00000000 0.00000000 1.00000000
vn 0.00000000 0.00000000 0.99999994
vn 0.00000000 0.00000000 0.99999994
vn 0.00000000 0.00000000 0.99999994
vn 0.00000000 -0.00000000 1.00000000
vn 0.00000000 -0.00000000 1.00000000
vn 0.00000000 -0.00000000 1.00000000
vn 0.00000000 0.00000000 0.99999994
vn 0.00000000 0.00000000 0.99999994
vn 0.00000000 0.00000000 0.99999994
vn 0.00000000 0.00000000 1.00000000
vn 0.00000000 0.00000000 1.00000000
vn 0.00000000 0.00000000 1.00000000
vn 0.00000000 0.00000000 1.00000000
vn 0.00000000 0.00000000 1.00000000
vn 0.00000000 0.00000000 1.00000000
vn 0.00000000 0.00000000 1.00000000
vn 0.00000000 0.00000000 1.00000000
vn 0.00000000 0.00000000 1.00000000
vn 0.00000000 0.00000000 1.00000000
vn 0.00000000 0.00000000 1.00000000
vn 0.00000000 0.00000000 1.00000000
vn 0.00000000 0.00000000 1.00000000
vn 0.00000000 0.00000000 1.00000000
vn 0.00000000 0.00000000 1.00000000
vn -0.00000000 0.00000000 1.00000000
vn -0.00000000 0.00000000 1.00000000
vn -0.00000000 0.00000000 1.00000000
vn 0.25314781 0.95052612 0.18004547
vn 0.25314781 0.95052612 0.18004547
vn 0.25314781 0.95052612 0.18004547
vn 0.25314781 0.95052612 0.18004547
vn 0.30285710 0.95081425 0.06503800
vn 0.30285710 0.95081425 0.06503800
vn 0.30285710 0.95081425 0.06503800
vn 0.30285710 0.95081425 0.06503800
vn 0.28426611 0.95758265 -0.04720462
vn 0.28426611 0.95758265 -0.04720462
vn 0.28426611 0.95758265 -0.04720462
vn 0.28426611 0.95758265 -0.04720462
vn 0.21383981 0.96769071 -0.13359399
vn 0.21383981 0.96769071 -0.13359399
vn 0.21383981 0.96769071 -0.13359399
vn 0.21383981 0.96769071 -0.13359399
vn 0.10354341 0.98328137 -0.14978829
vn 0.10354341 0.98328137 -0.14978829
vn 0.10354341 0.98328137 -0.14978829
vn 0.10354341 0.98328137 -0.14978829
vn -0.01991429 0.99354261 -0.11169855
vn -0.01991429 0.99354261 -0.11169855
vn -0.01991429 0.99354261 -0.11169855
vn -0.01991429 0.99354261 -0.11169855
vn -0.11068974 0.99355203 -0.02454145
vn -0.11068974 0.99355203 -0.02454145
vn -0.11068974 0.99355203 -0.02454145
vn -0.11068974 0.99355203 -0.02454145
vn -0.15394339 0.98397088 0.09001548
vn -0.15394339 0.98397088 0.09001548
vn -0.15394339 0.98397088 0.09001548
vn -0.15394339 0.98397088 0.09001548
vn -0.15509753 0.96600783 0.20681790
vn -0.15509753 0.96600783 0.20681790
vn -0.15509753 0.96600783 0.20681790
vn -0.15509753 0.96600783 0.20681790
vn -0.07927015 0.95679802 0.27973902
vn -0.07927015 0.95679802 0.27973902
vn -0.07927015 0.95679802 0.27973902
vn -0.07927015 0.95679802 0.27973902
vn 0.03501307 0.94862378 0.31446308
vn 0.03501307 0.94862378 0.31446308
vn 0.03501307 0.94862378 0.31446308
vn 0.03501307 0.94862378 0.31446308
vn 0.15552931 0.94787902 0.27809379
vn 0.15552931 0.94787902 0.27809379
vn 0.15552931 0.94787902 0.27809379
vn 0.15552931 0.94787902 0.27809379
vn 0.69545901 0.58754313 0.41367871
vn 0.69545901 0.58754313 0.41367871
vn 0.69545901 0.58754313 0.41367871
vn 0.69545901 0.58754313 0.41367871
vn 0.80538714 0.59258908 0.01377320
vn 0.80538714 0.59258908 0.01377320
vn 0.80538714 0.59258908 0.01377320
vn 0.80538714 0.59258908 0.01377320
vn 0.71125048 0.61850947 -0.33401915
vn 0.71125048 0.61850947 -0.33401915
vn 0.71125048 0.61850947 -0.33401915
vn 0.71125048 0.61850947 -0.33401915
vn 0.48251438 0.67176193 -0.56206369
vn 0.48251438 0.67176193 -0.56206369
vn 0.48251438 0.67176193 -0.56206369
vn 0.48251438 0.67176193 -0.56206369
vn 0.15134011 0.74773818 -0.64651662
vn 0.15134011 0.74773818 -0.64651662
vn 0.15134011 0.74773818 -0.64651662
vn 0.15134011 0.74773818 -0.64651662
vn -0.22120292 0.80826145 -0.54569471
vn -0.22120292 0.80826145 -0.54569471
vn -0.22120292 0.80826145 -0.54569471
vn -0.22120292 0.80826145 -0.54569471
vn -0.52996528 0.80496520 -0.26677284
vn -0.52996528 0.80496520 -0.26677284
vn -0.52996528 0.80496520 -0.26677284
vn -0.52996528 0.80496520 -0.26677284
vn -0.66247803 0.74299341 0.09530816
vn -0.66247803 0.74299341 0.09530816
vn -0.66247803 0.74299341 0.09530816
vn -0.66247803 0.74299341 0.09530816
vn -0.60623980 0.67246628 0.42457309
vn -0.60623980 0.67246628 0.42457309
vn -0.60623980 0.67246628 0.42457309
vn -0.60623980 0.67246628 0.42457309
vn -0.39772484 0.61469150 0.68115294
vn -0.39772484 0.61469150 0.68115294
vn -0.39772484 0.61469150 0.68115294
vn -0.39772484 0.61469150 0.68115294
vn -0.06448117 0.59775454 0.79908186
vn -0.06448117 0.59775454 0.79908186
vn -0.06448117 0.59775454 0.79908186
vn -0.06448117 0.59775454 0.79908186
vn 0.34905240 0.59534800 0.72368717
vn 0.34905240 0.59534800 0.72368717
vn 0.34905240 0.59534800 0.72368717
vn 0.34905240 0.59534800 0.72368717
vn 0.75253278 0.47492999 0.45621920
vn 0.75253278 0.47492999 0.45621920
vn 0.75253278 0.47492999 0.45621920
vn 0.75253278 0.47492999 0.45621920
vn 0.87397361 0.48594964 -0.00482363
vn 0.87397361 0.48594964 -0.00482363
vn 0.87397361 0.48594964 -0.00482363
vn 0.87397361 0.48594964 -0.00482363
vn 0.76748830 0.51590955 -0.38052458
vn 0.76748830 0.51590955 -0.38052458
vn 0.76748830 0.51590955 -0.38052458
vn 0.76748830 0.51590955 -0.38052458
vn 0.52034569 0.58064419 -0.62617302
vn 0.52034569 0.58064419 -0.62617302
vn 0.52034569 0.58064419 -0.62617302
vn 0.52034569 0.58064419 -0.62617302
vn 0.15541388 0.66616547 -0.72943133
vn 0.15541388 0.66616547 -0.72943133
vn 0.15541388 0.66616547 -0.72943133
vn 0.15541388 0.66616547 -0.72943133
vn -0.27088988 0.72782791 -0.62998831
vn -0.27088988 0.72782791 -0.62998831
vn -0.27088988 0.72782791 -0.62998831
vn -0.27088988 0.72782791 -0.62998831
vn -0.60424924 0.72967905 -0.32008025
vn -0.60424924 0.72967905 -0.32008025
vn -0.60424924 0.72967905 -0.32008025
vn -0.60424924 0.72967905 -0.32008025
vn -0.74704885 0.65864247 0.09004439
vn -0.74704885 0.65864247 0.09004439
vn -0.74704885 0.65864247 0.09004439
vn -0.74704885 0.65864247 0.09004439
vn -0.67711699 0.57357281 0.46100619
vn -0.67711699 0.57357281 0.46100619
vn -0.67711699 0.57357281 0.46100619
vn -0.67711699 0.57357281 0.46100619
vn -0.45375568 0.50977039 0.73091716
vn -0.45375568 0.50977039 0.73091716
vn -0.45375568 0.50977039 0.73091716
vn -0.45375568 0.50977039 0.73091716
vn -0.07598124 0.47493204 0.87673628
vn -0.07598124 0.47493204 0.87673628
vn -0.07598124 0.47493204 0.87673628
vn -0.07598124 0.47493204 0.87673628
vn 0.37604925 0.47355798 0.79644829
vn 0.37604925 0.47355798 0.79644829
vn 0.37604925 0.47355798 0.79644829
vn 0.37604925 0.47355798 0.79644829
vn -0.07023844 -0.99444270 -0.07842471
vn -0.07023844 -0.99444270 -0.07842471
vn -0.07023844 -0.99444270 -0.07842471
vn -0.06975871 -0.99438334 -0.07959532
vn -0.06975871 -0.99438334 -0.07959532
vn -0.06975871 -0.99438334 -0.07959532
vn -0.06994798 -0.99424803 -0.08110481
vn -0.06994798 -0.99424803 -0.08110481
vn -0.06994798 -0.99424803 -0.08110481
vn -0.06750534 -0.99463159 -0.07842788
vn -0.06750534 -0.99463159 -0.07842788
vn -0.06750534 -0.99463159 -0.07842788
vn -0.07205866 -0.99423289 -0.07942682
vn -0.07205866 -0.99423289 -0.07942682
vn -0.07205866 -0.99423289 -0.07942682
vn -0.06789874 -0.99442244 -0.08070822
vn -0.06789874 -0.99442244 -0.08070822
vn -0.06789874 -0.99442244 -0.08070822
vn -0.07003523 -0.99443012 -0.07876396
vn -0.07003523 -0.99443012 -0.07876396
vn -0.07003523 -0.99443012 -0.07876396
vn -0.06984461 -0.99440652 -0.07922950
vn -0.06984461 -0.99440652 -0.07922950
vn -0.06984461 -0.99440652 -0.07922950
vn -0.07011641 -0.99421275 -0.08139283
vn -0.07011641 -0.99421275 -0.08139283
vn -0.07011641 -0.99421275 -0.08139283
vn -0.06746562 -0.99462998 -0.07848390
vn -0.06746562 -0.99462998 -0.07848390
vn -0.06746562 -0.99462998 -0.07848390
vn -0.07204884 -0.99422818 -0.07949377
vn -0.07204884 -0.99422818 -0.07949377
vn -0.07204884 -0.99422818 -0.07949377
vn -0.06755281 -0.99443251 -0.08087464
vn -0.06755281 -0.99443251 -0.08087464
vn -0.06755281 -0.99443251 -0.08087464
vn 0.51406288 0.78777277 0.33934250
vn 0.51406288 0.78777277 0.33934250
vn 0.51406288 0.78777277 0.33934250
vn 0.61831963 0.78553683 0.02475544
vn 0.61831963 0.78553683 0.02475544
vn 0.61831963 0.78553683 0.02475544
vn 0.56263417 0.79576230 -0.22406551
vn 0.56263417 0.79576230 -0.22406551
vn 0.56263417 0.79576230 -0.22406551
vn 0.38611013 0.83164799 -0.39909974
vn 0.38611013 0.83164799 -0.39909974
vn 0.38611013 0.83164799 -0.39909974
vn 0.13152505 0.88073838 -0.45497364
vn 0.13152505 0.88073838 -0.45497364
vn 0.13152505 0.88073838 -0.45497364
vn -0.12296849 0.91627032 -0.38121846
vn -0.12296849 0.91627032 -0.38121846
vn -0.12296849 0.91627032 -0.38121846
vn -0.36792377 0.91636038 -0.15784645
vn -0.36792377 0.91636038 -0.15784645
vn -0.36792377 0.91636038 -0.15784645
vn -0.46384677 0.88176352 0.08566921
vn -0.46384677 0.88176352 0.08566921
vn -0.46384677 0.88176352 0.08566921
vn -0.42918250 0.83086437 0.35421285
vn -0.42918250 0.83086437 0.35421285
vn -0.42918250 0.83086437 0.35421285
vn -0.28019047 0.79674661 0.53543270
vn -0.28019047 0.79674661 0.53543270
vn -0.28019047 0.79674661 0.53543270
vn -0.02282162 0.78552961 0.61840314
vn -0.02282162 0.78552961 0.61840314
vn -0.02282162 0.78552961 0.61840314
vn 0.28974891 0.78731298 0.54422778
vn 0.28974891 0.78731298 0.54422778
vn 0.28974891 0.78731298 0.54422778
vn -0.26206625 0.94809425 0.18010758
vn -0.26206625 0.94809425 0.18010758
vn -0.26206625 0.94809425 0.18010758
vn -0.26206625 0.94809425 0.18010758
vn -0.29581398 0.95276707 0.06876861
vn -0.29581398 0.95276707 0.06876861
vn -0.29581398 0.95276707 0.06876861
vn -0.29581398 0.95276707 0.06876861
vn -0.28516826 0.95725429 -0.04840668
vn -0.28516826 0.95725429 -0.04840668
vn -0.28516826 0.95725429 -0.04840668
vn -0.28516826 0.95725429 -0.04840668
vn -0.21194890 0.96943027 -0.12362302
vn -0.21194890 0.96943027 -0.12362302
vn -0.21194890 0.96943027 -0.12362302
vn -0.21194890 0.96943027 -0.12362302
vn -0.10114424 0.98253375 -0.15619569
vn -0.10114424 0.98253375 -0.15619569
vn -0.10114424 0.98253375 -0.15619569
vn -0.10114424 0.98253375 -0.15619569
vn 0.01857170 0.99367088 -0.11078462
vn 0.01857170 0.99367088 -0.11078462
vn 0.01857170 0.99367088 -0.11078462
vn 0.01857170 0.99367088 -0.11078462
vn 0.11662044 0.99286908 -0.02471526
vn 0.11662044 0.99286908 -0.02471526
vn 0.11662044 0.99286908 -0.02471526
vn 0.11662044 0.99286908 -0.02471526
vn 0.15939358 0.98286080 0.09261946
vn 0.15939358 0.98286080 0.09261946
vn 0.15939358 0.98286080 0.09261946
vn 0.15939358 0.98286080 0.09261946
vn 0.14274402 0.97092324 0.19217746
vn 0.14274402 0.97092324 0.19217746
vn 0.14274402 0.97092324 0.19217746
vn 0.14274402 0.97092324 0.19217746
vn 0.08220172 0.95295465 0.29175365
vn 0.08220172 0.95295465 0.29175365
vn 0.08220172 0.95295465 0.29175365
vn 0.08220172 0.95295465 0.29175365
vn -0.03307030 0.95062578 0.30857253
vn -0.03307030 0.95062578 0.30857253
vn -0.03307030 0.95062578 0.30857253
vn -0.03307030 0.95062578 0.30857253
vn -0.15785098 0.94702017 0.27970684
vn -0.15785098 0.94702017 0.27970684
vn -0.15785098 0.94702017 0.27970684
vn -0.15785098 0.94702017 0.27970684
vn -0.68413073 0.59560645 0.42097276
vn -0.68413073 0.59560645 0.42097276
vn -0.68413073 0.59560645 0.42097276
vn -0.68413073 0.59560645 0.42097276
vn -0.80905145 0.58770126 0.00656266
vn -0.80905145 0.58770126 0.00656266
vn -0.80905145 0.58770126 0.00656266
vn -0.80905145 0.58770126 0.00656266
vn -0.71128291 0.61718887 -0.33638453
vn -0.71128291 0.61718887 -0.33638453
vn -0.71128291 0.61718887 -0.33638453
vn -0.71128291 0.61718887 -0.33638453
vn -0.48470250 0.67396998 -0.55751944
vn -0.48470250 0.67396998 -0.55751944
vn -0.48470250 0.67396998 -0.55751944
vn -0.48470250 0.67396998 -0.55751944
vn -0.15039413 0.74735242 -0.64718306
vn -0.15039413 0.74735242 -0.64718306
vn -0.15039413 0.74735242 -0.64718306
vn -0.15039413 0.74735242 -0.64718306
vn 0.23073232 0.80515188 -0.54634511
vn 0.23073232 0.80515188 -0.54634511
vn 0.23073232 0.80515188 -0.54634511
vn 0.23073232 0.80515188 -0.54634511
vn 0.52265507 0.80859220 -0.27020434
vn 0.52265507 0.80859220 -0.27020434
vn 0.52265507 0.80859220 -0.27020434
vn 0.52265507 0.80859220 -0.27020434
vn 0.66040039 0.74517804 0.09263466
vn 0.66040039 0.74517804 0.09263466
vn 0.66040039 0.74517804 0.09263466
vn 0.66040039 0.74517804 0.09263466
vn 0.60755962 0.66675234 0.43163943
vn 0.60755962 0.66675234 0.43163943
vn 0.60755962 0.66675234 0.43163943
vn 0.60755962 0.66675234 0.43163943
vn 0.39950123 0.61923051 0.67598259
vn 0.39950123 0.61923051 0.67598259
vn 0.39950123 0.61923051 0.67598259
vn 0.39950123 0.61923051 0.67598259
vn 0.05729276 0.59116971 0.80450976
vn 0.05729276 0.59116971 0.80450976
vn 0.05729276 0.59116971 0.80450976
vn 0.05729276 0.59116971 0.80450976
vn -0.34568268 0.59741366 0.72360229
vn -0.34568268 0.59741366 0.72360229
vn -0.34568268 0.59741366 0.72360229
vn -0.34568268 0.59741366 0.72360229
vn -0.74792790 0.47748140 0.46110225
vn -0.74792790 0.47748140 0.46110225
vn -0.74792790 0.47748140 0.46110225
vn -0.74792790 0.47748140 0.46110225
vn -0.87574452 0.48258895 -0.01339836
vn -0.87574452 0.48258895 -0.01339836
vn -0.87574452 0.48258895 -0.01339836
vn -0.87574452 0.48258895 -0.01339836
vn -0.76872689 0.51744401 -0.37591317
vn -0.76872689 0.51744401 -0.37591317
vn -0.76872689 0.51744401 -0.37591317
vn -0.76872689 0.51744401 -0.37591317
vn -0.51515973 0.57896841 -0.63198578
vn -0.51515973 0.57896841 -0.63198578
vn -0.51515973 0.57896841 -0.63198578
vn -0.51515973 0.57896841 -0.63198578
vn -0.15247305 0.66570455 -0.73047209
vn -0.15247305 0.66570455 -0.73047209
vn -0.15247305 0.66570455 -0.73047209
vn -0.15247305 0.66570455 -0.73047209
vn 0.24104902 0.73356324 -0.63543701
vn 0.24104902 0.73356324 -0.63543701
vn 0.24104902 0.73356324 -0.63543701
vn 0.24104902 0.73356324 -0.63543701
vn 0.62113130 0.72159058 -0.30578238
vn 0.62113130 0.72159058 -0.30578238
vn 0.62113130 0.72159058 -0.30578238
vn 0.62113130 0.72159058 -0.30578238
vn 0.74289614 0.66464508 0.07970091
vn 0.74289614 0.66464508 0.07970091
vn 0.74289614 0.66464508 0.07970091
vn 0.74289614 0.66464508 0.07970091
vn 0.67647606 0.57036269 0.46590394
vn 0.67647606 0.57036269 0.46590394
vn 0.67647606 0.57036269 0.46590394
vn 0.67647606 0.57036269 0.46590394
vn 0.45571622 0.51177531 0.72829169
vn 0.45571622 0.51177531 0.72829169
vn 0.45571622 0.51177531 0.72829169
vn 0.45571622 0.51177531 0.72829169
vn 0.08102620 0.47760838 0.87482858
vn 0.08102620 0.47760838 0.87482858
vn 0.08102620 0.47760838 0.87482858
vn 0.08102620 0.47760838 0.87482858
vn -0.39058095 0.46755546 0.79299331
vn -0.39058095 0.46755546 0.79299331
vn -0.39058095 0.46755546 0.79299331
vn -0.39058095 0.46755546 0.79299331
vn 0.07023844 -0.99444270 -0.07842471
vn 0.07023844 -0.99444270 -0.07842471
vn 0.07023844 -0.99444270 -0.07842471
vn 0.06975871 -0.99438334 -0.07959532
vn 0.06975871 -0.99438334 -0.07959532
vn 0.06975871 -0.99438334 -0.07959532
vn 0.06994798 -0.99424803 -0.08110481
vn 0.06994798 -0.99424803 -0.08110481
vn 0.06994798 -0.99424803 -0.08110481
vn 0.06750534 -0.99463159 -0.07842788
vn 0.06750534 -0.99463159 -0.07842788
vn 0.06750534 -0.99463159 -0.07842788
vn 0.07205866 -0.99423289 -0.07942682
vn 0.07205866 -0.99423289 -0.07942682
vn 0.07205866 -0.99423289 -0.07942682
vn 0.06789874 -0.99442244 -0.08070822
vn 0.06789874 -0.99442244 -0.08070822
vn 0.06789874 -0.99442244 -0.08070822
vn 0.07003523 -0.99443012 -0.07876396
vn 0.07003523 -0.99443012 -0.07876396
vn 0.07003523 -0.99443012 -0.07876396
vn 0.06984461 -0.99440652 -0.07922950
vn 0.06984461 -0.99440652 -0.07922950
vn 0.06984461 -0.99440652 -0.07922950
vn 0.07011641 -0.99421275 -0.08139283
vn 0.07011641 -0.99421275 -0.08139283
vn 0.07011641 -0.99421275 -0.08139283
vn 0.06746562 -0.99462998 -0.07848390
vn 0.06746562 -0.99462998 -0.07848390
vn 0.06746562 -0.99462998 -0.07848390
vn 0.07204884 -0.99422818 -0.07949377
vn 0.07204884 -0.99422818 -0.07949377
vn 0.07204884 -0.99422818 -0.07949377
vn 0.06755281 -0.99443251 -0.08087464
vn 0.06755281 -0.99443251 -0.08087464
vn 0.06755281 -0.99443251 -0.08087464
vn -0.51406288 0.78777277 0.33934250
vn -0.51406288 0.78777277 0.33934250
vn -0.51406288 0.78777277 0.33934250
vn -0.61831963 0.78553683 0.02475544
vn -0.61831963 0.78553683 0.02475544
vn -0.61831963 0.78553683 0.02475544
vn -0.56263417 0.79576230 -0.22406551
vn -0.56263417 0.79576230 -0.22406551
vn -0.56263417 0.79576230 -0.22406551
vn -0.38611013 0.83164799 -0.39909974
vn -0.38611013 0.83164799 -0.39909974
vn -0.38611013 0.83164799 -0.39909974
vn -0.13152505 0.88073838 -0.45497364
vn -0.13152505 0.88073838 -0.45497364
vn -0.13152505 0.88073838 -0.45497364
vn 0.12296849 0.91627032 -0.38121846
vn 0.12296849 0.91627032 -0.38121846
vn 0.12296849 0.91627032 -0.38121846
vn 0.36792377 0.91636038 -0.15784645
vn 0.36792377 0.91636038 -0.15784645
vn 0.36792377 0.91636038 -0.15784645
vn 0.46384677 0.88176352 0.08566921
vn 0.46384677 0.88176352 0.08566921
vn 0.46384677 0.88176352 0.08566921
vn 0.42918250 0.83086437 0.35421285
vn 0.42918250 0.83086437 0.35421285
vn 0.42918250 0.83086437 0.35421285
vn 0.28019047 0.79674661 0.53543270
vn 0.28019047 0.79674661 0.53543270
vn 0.28019047 0.79674661 0.53543270
vn 0.02282162 0.78552961 0.61840314
vn 0.02282162 0.78552961 0.61840314
vn 0.02282162 0.78552961 0.61840314
vn -0.28974891 0.78731298 0.54422778
vn -0.28974891 0.78731298 0.54422778
vn -0.28974891 0.78731298 0.54422778
vn 0.07619172 -0.99707282 0.00638253
vn 0.07619172 -0.99707282 0.00638253
vn 0.07619172 -0.99707282 0.00638253
vn 0.07619172 -0.99707282 0.00638253
vn 0.05039717 -0.99774319 0.04437057
vn 0.05039717 -0.99774319 0.04437057
vn 0.05039717 -0.99774319 0.04437057
vn 0.05039717 -0.99774319 0.04437057
vn 0.01021878 -0.99761689 0.06823504
vn 0.01021878 -0.99761689 0.06823504
vn 0.01021878 -0.99761689 0.06823504
vn 0.01021878 -0.99761689 0.06823504
vn -0.02793882 -0.99781513 0.05986885
vn -0.02793882 -0.99781513 0.05986885
vn -0.02793882 -0.99781513 0.05986885
vn -0.02793882 -0.99781513 0.05986885
vn -0.06139568 -0.99751270 0.03462663
vn -0.06139568 -0.99751270 0.03462663
vn -0.06139568 -0.99751270 0.03462663
vn -0.06139568 -0.99751270 0.03462663
vn -0.07688916 -0.99699140 -0.00981708
vn -0.07688916 -0.99699140 -0.00981708
vn -0.07688916 -0.99699140 -0.00981708
vn -0.07688916 -0.99699140 -0.00981708
vn -0.07536074 -0.99563438 -0.05507149
vn -0.07536074 -0.99563438 -0.05507149
vn -0.07536074 -0.99563438 -0.05507149
vn -0.07536074 -0.99563438 -0.05507149
vn -0.05305628 -0.99347228 -0.10098436
vn -0.05305628 -0.99347228 -0.10098436
vn -0.05305628 -0.99347228 -0.10098436
vn -0.05305628 -0.99347228 -0.10098436
vn -0.01790576 -0.99217683 -0.12354964
vn -0.01790576 -0.99217683 -0.12354964
vn -0.01790576 -0.99217683 -0.12354964
vn -0.01790576 -0.99217683 -0.12354964
vn 0.02698478 -0.99177784 -0.12509355
vn 0.02698478 -0.99177784 -0.12509355
vn 0.02698478 -0.99177784 -0.12509355
vn 0.02698478 -0.99177784 -0.12509355
vn 0.06137814 -0.99358779 -0.09495225
vn 0.06137814 -0.99358779 -0.09495225
vn 0.06137814 -0.99358779 -0.09495225
vn 0.06137814 -0.99358779 -0.09495225
vn 0.07081246 -0.99641645 -0.04625701
vn 0.07081246 -0.99641645 -0.04625701
vn 0.07081246 -0.99641645 -0.04625701
vn 0.07081246 -0.99641645 -0.04625701
vn 0.32267857 -0.94103098 0.10168104
vn 0.32267857 -0.94103098 0.10168104
vn 0.32267857 -0.94103098 0.10168104
vn 0.32267857 -0.94103098 0.10168104
vn 0.21231702 -0.93663281 0.27864024
vn 0.21231702 -0.93663281 0.27864024
vn 0.21231702 -0.93663281 0.27864024
vn 0.21231702 -0.93663281 0.27864024
vn 0.05436504 -0.92953700 0.36469904
vn 0.05436504 -0.92953700 0.36469904
vn 0.05436504 -0.92953700 0.36469904
vn 0.05436504 -0.92953700 0.36469904
vn -0.11502758 -0.92978537 0.34966829
vn -0.11502758 -0.92978537 0.34966829
vn -0.11502758 -0.92978537 0.34966829
vn -0.11502758 -0.92978537 0.34966829
vn -0.25173333 -0.93776923 0.23920526
vn -0.25173333 -0.93776923 0.23920526
vn -0.25173333 -0.93776923 0.23920526
vn -0.25173333 -0.93776923 0.23920526
vn -0.32397658 -0.94465756 0.05158646
vn -0.32397658 -0.94465756 0.05158646
vn -0.32397658 -0.94465756 0.05158646
vn -0.32397658 -0.94465756 0.05158646
vn -0.31063974 -0.93890297 -0.14820318
vn -0.31063974 -0.93890297 -0.14820318
vn -0.31063974 -0.93890297 -0.14820318
vn -0.31063974 -0.93890297 -0.14820318
vn -0.21223915 -0.92289501 -0.32127777
vn -0.21223915 -0.92289501 -0.32127777
vn -0.21223915 -0.92289501 -0.32127777
vn -0.21223915 -0.92289501 -0.32127777
vn -0.06112478 -0.91001469 -0.41004506
vn -0.06112478 -0.91001469 -0.41004506
vn -0.06112478 -0.91001469 -0.41004506
vn -0.06112478 -0.91001469 -0.41004506
vn 0.10851900 -0.90953827 -0.40120289
vn 0.10851900 -0.90953827 -0.40120289
vn 0.10851900 -0.90953827 -0.40120289
vn 0.10851900 -0.90953827 -0.40120289
vn 0.25530988 -0.92102724 -0.29415259
vn 0.25530988 -0.92102724 -0.29415259
vn 0.25530988 -0.92102724 -0.29415259
vn 0.25530988 -0.92102724 -0.29415259
vn 0.34345767 -0.93313670 -0.10626692
vn 0.34345767 -0.93313670 -0.10626692
vn 0.34345767 -0.93313670 -0.10626692
vn 0.34345767 -0.93313670 -0.10626692
vn 0.40002462 -0.90521383 0.14341615
vn 0.40002462 -0.90521383 0.14341615
vn 0.40002462 -0.90521383 0.14341615
vn 0.40002462 -0.90521383 0.14341615
vn 0.26997247 -0.89045793 0.36633262
vn 0.26997247 -0.89045793 0.36633262
vn 0.26997247 -0.89045793 0.36633262
vn 0.26997247 -0.89045793 0.36633262
vn 0.07009306 -0.88054627 0.46874863
vn 0.07009306 -0.88054627 0.46874863
vn 0.07009306 -0.88054627 0.46874863
vn 0.07009306 -0.88054627 0.46874863
vn -0.14082457 -0.88494307 0.44389662
vn -0.14082457 -0.88494307 0.44389662
vn -0.14082457 -0.88494307 0.44389662
vn -0.14082457 -0.88494307 0.44389662
vn -0.31342030 -0.89912194 0.30552807
vn -0.31342030 -0.89912194 0.30552807
vn -0.31342030 -0.89912194 0.30552807
vn -0.31342030 -0.89912194 0.30552807
vn -0.41090137 -0.90891606 0.07093391
vn -0.41090137 -0.90891606 0.07093391
vn -0.41090137 -0.90891606 0.07093391
vn -0.41090137 -0.90891606 0.07093391
vn -0.39551294 -0.90076929 -0.17939946
vn -0.39551294 -0.90076929 -0.17939946
vn -0.39551294 -0.90076929 -0.17939946
vn -0.39551294 -0.90076929 -0.17939946
vn -0.26554343 -0.88142061 -0.39062053
vn -0.26554343 -0.88142061 -0.39062053
vn -0.26554343 -0.88142061 -0.39062053
vn -0.26554343 -0.88142061 -0.39062053
vn -0.07425953 -0.86210847 -0.50125289
vn -0.07425953 -0.86210847 -0.50125289
vn -0.07425953 -0.86210847 -0.50125289
vn -0.07425953 -0.86210847 -0.50125289
vn 0.13733360 -0.86167246 -0.48852858
vn 0.13733360 -0.86167246 -0.48852858
vn 0.13733360 -0.86167246 -0.48852858
vn 0.13733360 -0.86167246 -0.48852858
vn 0.32133639 -0.87367463 -0.36528832
vn 0.32133639 -0.87367463 -0.36528832
vn 0.32133639 -0.87367463 -0.36528832
vn 0.32133639 -0.87367463 -0.36528832
vn 0.41902322 -0.89805555 -0.13384946
vn 0.41902322 -0.89805555 -0.13384946
vn 0.41902322 -0.89805555 -0.13384946
vn 0.41902322 -0.89805555 -0.13384946
vn 0.00305630 0.99966323 0.02576918
vn 0.00305630 0.99966323 0.02576918
vn 0.00305630 0.99966323 0.02576918
vn 0.00138494 0.99958634 0.02872859
vn 0.00138494 0.99958634 0.02872859
vn 0.00138494 0.99958634 0.02872859
vn 0.00406169 0.99962395 0.02712160
vn 0.00406169 0.99962395 0.02712160
vn 0.00406169 0.99962395 0.02712160
vn 0.00190640 0.99963444 0.02696656
vn 0.00190640 0.99963444 0.02696656
vn 0.00190640 0.99963444 0.02696656
vn 0.00249076 0.99962032 0.02744197
vn 0.00249076 0.99962032 0.02744197
vn 0.00249076 0.99962032 0.02744197
vn 0.00290361 0.99958968 0.02849760
vn 0.00290361 0.99958968 0.02849760
vn 0.00290361 0.99958968 0.02849760
vn 0.00310444 0.99966615 0.02565043
vn 0.00310444 0.99966615 0.02565043
vn 0.00310444 0.99966615 0.02565043
vn 0.00137480 0.99958700 0.02870176
vn 0.00137480 0.99958700 0.02870176
vn 0.00137480 0.99958700 0.02870176
vn 0.00393662 0.99962330 0.02716266
vn 0.00393662 0.99962330 0.02716266
vn 0.00393662 0.99962330 0.02716266
vn 0.00202348 0.99963272 0.02702667
vn 0.00202348 0.99963272 0.02702667
vn 0.00202348 0.99963272 0.02702667
vn 0.00249998 0.99962109 0.02741327
vn 0.00249998 0.99962109 0.02741327
vn 0.00249998 0.99962109 0.02741327
vn 0.00286935 0.99959373 0.02835727
vn 0.00286935 0.99959373 0.02835727
vn 0.00286935 0.99959373 0.02835727
vn 0.19517580 -0.97907579 0.05759200
vn 0.19517580 -0.97907579 0.05759200
vn 0.19517580 -0.97907579 0.05759200
vn 0.13823633 -0.97807789 0.15573788
vn 0.13823633 -0.97807789 0.15573788
vn 0.13823633 -0.97807789 0.15573788
vn 0.03102215 -0.97564411 0.21715462
vn 0.03102215 -0.97564411 0.21715462
vn 0.03102215 -0.97564411 0.21715462
vn -0.07948060 -0.97504181 0.20730752
vn -0.07948060 -0.97504181 0.20730752
vn -0.07948060 -0.97504181 0.20730752
vn -0.15975155 -0.97696489 0.14148869
vn -0.15975155 -0.97696489 0.14148869
vn -0.15975155 -0.97696489 0.14148869
vn -0.20469435 -0.97845101 0.02708900
vn -0.20469435 -0.97845101 0.02708900
vn -0.20469435 -0.97845101 0.02708900
vn -0.19518000 -0.97590005 -0.09758948
vn -0.19518000 -0.97590005 -0.09758948
vn -0.19518000 -0.97590005 -0.09758948
vn -0.12790136 -0.96807027 -0.21559498
vn -0.12790136 -0.96807027 -0.21559498
vn -0.12790136 -0.96807027 -0.21559498
vn -0.03849011 -0.96225047 -0.26943022
vn -0.03849011 -0.96225047 -0.26943022
vn -0.03849011 -0.96225047 -0.26943022
vn 0.07787014 -0.96169931 -0.26281282
vn 0.07787014 -0.96169931 -0.26281282
vn 0.07787014 -0.96169931 -0.26281282
vn 0.14728089 -0.96672463 -0.20916957
vn 0.14728089 -0.96672463 -0.20916957
vn 0.14728089 -0.96672463 -0.20916957
vn 0.20409316 -0.97644335 -0.07003128
vn 0.20409316 -0.97644335 -0.07003128
vn 0.20409316 -0.97644335 -0.07003128
vn -0.06755510 -0.99770862 -0.00373417
vn -0.06755510 -0.99770862 -0.00373417
vn -0.06755510 -0.99770862 -0.00373417
vn -0.06755510 -0.99770862 -0.00373417
vn -0.05170019 -0.99740201 0.05016448
vn -0.05170019 -0.99740201 0.05016448
vn -0.05170019 -0.99740201 0.05016448
vn -0.05170019 -0.99740201 0.05016448
vn -0.01019093 -0.99760830 0.06836421
vn -0.01019093 -0.99760830 0.06836421
vn -0.01019093 -0.99760830 0.06836421
vn -0.01019093 -0.99760830 0.06836421
vn 0.03189614 -0.99738812 0.06480483
vn 0.03189614 -0.99738812 0.06480483
vn 0.03189614 -0.99738812 0.06480483
vn 0.03189614 -0.99738812 0.06480483
vn 0.05918401 -0.99767405 0.03381946
vn 0.05918401 -0.99767405 0.03381946
vn 0.05918401 -0.99767405 0.03381946
vn 0.05918401 -0.99767405 0.03381946
vn 0.07877597 -0.99683857 -0.01035638
vn 0.07877597 -0.99683857 -0.01035638
vn 0.07877597 -0.99683857 -0.01035638
vn 0.07877597 -0.99683857 -0.01035638
vn 0.07389651 -0.99583727 -0.05336057
vn 0.07389651 -0.99583727 -0.05336057
vn 0.07389651 -0.99583727 -0.05336057
vn 0.07389651 -0.99583727 -0.05336057
vn 0.05203284 -0.99398041 -0.09641346
vn 0.05203284 -0.99398041 -0.09641346
vn 0.05203284 -0.99398041 -0.09641346
vn 0.05203284 -0.99398041 -0.09641346
vn 0.01820971 -0.99234372 -0.12215672
vn 0.01820971 -0.99234372 -0.12215672
vn 0.01820971 -0.99234372 -0.12215672
vn 0.01820971 -0.99234372 -0.12215672
vn -0.02350365 -0.99240565 -0.12074167
vn -0.02350365 -0.99240565 -0.12074167
vn -0.02350365 -0.99240565 -0.12074167
vn -0.02350365 -0.99240565 -0.12074167
vn -0.06425189 -0.99330598 -0.09599416
vn -0.06425189 -0.99330598 -0.09599416
vn -0.06425189 -0.99330598 -0.09599416
vn -0.06425189 -0.99330598 -0.09599416
vn -0.08240566 -0.99567491 -0.04290527
vn -0.08240566 -0.99567491 -0.04290527
vn -0.08240566 -0.99567491 -0.04290527
vn -0.08240566 -0.99567491 -0.04290527
vn -0.32811701 -0.93784934 0.11303936
vn -0.32811701 -0.93784934 0.11303936
vn -0.32811701 -0.93784934 0.11303936
vn -0.32811701 -0.93784934 0.11303936
vn -0.21220319 -0.93508101 0.28388947
vn -0.21220319 -0.93508101 0.28388947
vn -0.21220319 -0.93508101 0.28388947
vn -0.21220319 -0.93508101 0.28388947
vn -0.05449546 -0.92963123 0.36443937
vn -0.05449546 -0.92963123 0.36443937
vn -0.05449546 -0.92963123 0.36443937
vn -0.05449546 -0.92963123 0.36443937
vn 0.11269571 -0.93067616 0.34805375
vn 0.11269571 -0.93067616 0.34805375
vn 0.11269571 -0.93067616 0.34805375
vn 0.11269571 -0.93067616 0.34805375
vn 0.25179118 -0.93775338 0.23920648
vn 0.25179118 -0.93775338 0.23920648
vn 0.25179118 -0.93775338 0.23920648
vn 0.25179118 -0.93775338 0.23920648
vn 0.32754859 -0.94355446 0.04916222
vn 0.32754859 -0.94355446 0.04916222
vn 0.32754859 -0.94355446 0.04916222
vn 0.32754859 -0.94355446 0.04916222
vn 0.30957747 -0.93960822 -0.14593920
vn 0.30957747 -0.93960822 -0.14593920
vn 0.30957747 -0.93960822 -0.14593920
vn 0.30957747 -0.93960822 -0.14593920
vn 0.21237269 -0.92461872 -0.31619290
vn 0.21237269 -0.92461872 -0.31619290
vn 0.21237269 -0.92461872 -0.31619290
vn 0.21237269 -0.92461872 -0.31619290
vn 0.06083334 -0.90977234 -0.41062590
vn 0.06083334 -0.90977234 -0.41062590
vn 0.06083334 -0.90977234 -0.41062590
vn 0.06083334 -0.90977234 -0.41062590
vn -0.11148176 -0.90825057 -0.40330231
vn -0.11148176 -0.90825057 -0.40330231
vn -0.11148176 -0.90825057 -0.40330231
vn -0.11148176 -0.90825057 -0.40330231
vn -0.25268334 -0.92178404 -0.29404986
vn -0.25268334 -0.92178404 -0.29404986
vn -0.25268334 -0.92178404 -0.29404986
vn -0.25268334 -0.92178404 -0.29404986
vn -0.33210865 -0.93636853 -0.11365657
vn -0.33210865 -0.93636853 -0.11365657
vn -0.33210865 -0.93636853 -0.11365657
vn -0.33210865 -0.93636853 -0.11365657
vn -0.39994535 -0.90530878 0.14303735
vn -0.39994535 -0.90530878 0.14303735
vn -0.39994535 -0.90530878 0.14303735
vn -0.39994535 -0.90530878 0.14303735
vn -0.27565598 -0.89739513 0.34452254
vn -0.27565598 -0.89739513 0.34452254
vn -0.27565598 -0.89739513 0.34452254
vn -0.27565598 -0.89739513 0.34452254
vn -0.06739191 -0.87915713 0.47174251
vn -0.06739191 -0.87915713 0.47174251
vn -0.06739191 -0.87915713 0.47174251
vn -0.06739191 -0.87915713 0.47174251
vn 0.14858383 -0.88245302 0.44631761
vn 0.14858383 -0.88245302 0.44631761
vn 0.14858383 -0.88245302 0.44631761
vn 0.14858383 -0.88245302 0.44631761
vn 0.31317878 -0.89918143 0.30560067
vn 0.31317878 -0.89918143 0.30560067
vn 0.31317878 -0.89918143 0.30560067
vn 0.31317878 -0.89918143 0.30560067
vn 0.40677595 -0.91037506 0.07583275
vn 0.40677595 -0.91037506 0.07583275
vn 0.40677595 -0.91037506 0.07583275
vn 0.40677595 -0.91037506 0.07583275
vn 0.39416692 -0.90264648 -0.17280571
vn 0.39416692 -0.90264648 -0.17280571
vn 0.39416692 -0.90264648 -0.17280571
vn 0.39416692 -0.90264648 -0.17280571
vn 0.26186922 -0.87621951 -0.40455392
vn 0.26186922 -0.87621951 -0.40455392
vn 0.26186922 -0.87621951 -0.40455392
vn 0.26186922 -0.87621951 -0.40455392
vn 0.07198136 -0.86077589 -0.50386846
vn 0.07198136 -0.86077589 -0.50386846
vn 0.07198136 -0.86077589 -0.50386846
vn 0.07198136 -0.86077589 -0.50386846
vn -0.14558251 -0.85871291 -0.49134305
vn -0.14558251 -0.85871291 -0.49134305
vn -0.14558251 -0.85871291 -0.49134305
vn -0.14558251 -0.85871291 -0.49134305
vn -0.30411312 -0.87793893 -0.36978152
vn -0.30411312 -0.87793893 -0.36978152
vn -0.30411312 -0.87793893 -0.36978152
vn -0.30411312 -0.87793893 -0.36978152
vn -0.42935428 -0.89484113 -0.12212374
vn -0.42935428 -0.89484113 -0.12212374
vn -0.42935428 -0.89484113 -0.12212374
vn -0.42935428 -0.89484113 -0.12212374
vn -0.00305630 0.99966323 0.02576918
vn -0.00305630 0.99966323 0.02576918
vn -0.00305630 0.99966323 0.02576918
vn -0.00138494 0.99958634 0.02872859
vn -0.00138494 0.99958634 0.02872859
vn -0.00138494 0.99958634 0.02872859
vn -0.00406169 0.99962395 0.02712160
vn -0.00406169 0.99962395 0.02712160
vn -0.00406169 0.99962395 0.02712160
vn -0.00190640 0.99963444 0.02696656
vn -0.00190640 0.99963444 0.02696656
vn -0.00190640 0.99963444 0.02696656
vn -0.00249076 0.99962032 0.02744197
vn -0.00249076 0.99962032 0.02744197
vn -0.00249076 0.99962032 0.02744197
vn -0.00290361 0.99958968 0.02849760
vn -0.00290361 0.99958968 0.02849760
vn -0.00290361 0.99958968 0.02849760
vn -0.00310444 0.99966615 0.02565043
vn -0.00310444 0.99966615 0.02565043
vn -0.00310444 0.99966615 0.02565043
vn -0.00137480 0.99958700 0.02870176
vn -0.00137480 0.99958700 0.02870176
vn -0.00137480 0.99958700 0.02870176
vn -0.00393662 0.99962330 0.02716266
vn -0.00393662 0.99962330 0.02716266
vn -0.00393662 0.99962330 0.02716266
vn -0.00202348 0.99963272 0.02702667
vn -0.00202348 0.99963272 0.02702667
vn -0.00202348 0.99963272 0.02702667
vn -0.00249998 0.99962109 0.02741327
vn -0.00249998 0.99962109 0.02741327
vn -0.00249998 0.99962109 0.02741327
vn -0.00286935 0.99959373 0.02835727
vn -0.00286935 0.99959373 0.02835727
vn -0.00286935 0.99959373 0.02835727
vn -0.19517580 -0.97907579 0.05759200
vn -0.19517580 -0.97907579 0.05759200
vn -0.19517580 -0.97907579 0.05759200
vn -0.13823633 -0.97807789 0.15573788
vn -0.13823633 -0.97807789 0.15573788
vn -0.13823633 -0.97807789 0.15573788
vn -0.03102215 -0.97564411 0.21715462
vn -0.03102215 -0.97564411 0.21715462
vn -0.03102215 -0.97564411 0.21715462
vn 0.07948060 -0.97504181 0.20730752
vn 0.07948060 -0.97504181 0.20730752
vn 0.07948060 -0.97504181 0.20730752
vn 0.15975155 -0.97696489 0.14148869
vn 0.15975155 -0.97696489 0.14148869
vn 0.15975155 -0.97696489 0.14148869
vn 0.20469435 -0.97845101 0.02708900
vn 0.20469435 -0.97845101 0.02708900
vn 0.20469435 -0.97845101 0.02708900
vn 0.19518000 -0.97590005 -0.09758948
vn 0.19518000 -0.97590005 -0.09758948
vn 0.19518000 -0.97590005 -0.09758948
vn 0.12790136 -0.96807027 -0.21559498
vn 0.12790136 -0.96807027 -0.21559498
vn 0.12790136 -0.96807027 -0.21559498
vn 0.03849011 -0.96225047 -0.26943022
vn 0.03849011 -0.96225047 -0.26943022
vn 0.03849011 -0.96225047 -0.26943022
vn -0.07787014 -0.96169931 -0.26281282
vn -0.07787014 -0.96169931 -0.26281282
vn -0.07787014 -0.96169931 -0.26281282
vn -0.14728089 -0.96672463 -0.20916957
vn -0.14728089 -0.96672463 -0.20916957
vn -0.14728089 -0.96672463 -0.20916957
vn -0.20409316 -0.97644335 -0.07003128
vn -0.20409316 -0.97644335 -0.07003128
vn -0.20409316 -0.97644335 -0.07003128
usemtl spaceship_heavy_quad
s off
f 1/1/1 2/2/2 3/3/3
f 1/1/1 3/3/3 4/4/4
f 2/5/5 5/6/6 6/7/7
f 2/5/5 6/7/7 3/8/8
f 5/9/9 7/10/10 8/11/11
f 5/9/9 8/11/11 6/12/12
f 7/13/13 9/14/14 10/15/15
f 7/13/13 10/15/15 8/16/16
f 9/17/17 11/18/18 12/19/19
f 9/17/17 12/19/19 10/20/20
f 11/21/21 13/22/22 14/23/23
f 11/21/21 14/23/23 12/24/24
f 13/25/25 15/26/26 16/27/27
f 13/25/25 16/27/27 14/28/28
f 15/29/29 17/30/30 18/31/31
f 15/29/29 18/31/31 16/32/32
f 17/33/33 19/34/34 20/35/35
f 17/33/33 20/35/35 18/36/36
f 19/37/37 21/38/38 22/39/39
f 19/37/37 22/39/39 20/40/40
f 21/41/41 23/42/42 24/43/43
f 21/41/41 24/43/43 22/44/44
f 23/45/45 25/46/46 26/47/47
f 23/45/45 26/47/47 24/48/48
f 25/49/49 27/50/50 28/51/51
f 25/49/49 28/51/51 26/52/52
f 27/53/53 1/54/54 4/55/55
f 27/53/53 4/55/55 28/56/56
f 4/57/57 3/58/58 29/59/59
f 4/57/57 29/59/59 30/60/60
f 3/61/61 6/62/62 31/63/63
f 3/61/61 31/63/63 29/64/64
f 6/65/65 8/66/66 32/67/67
f 6/65/65 32/67/67 31/68/68
f 8/69/69 10/70/70 33/71/71
f 8/69/69 33/71/71 32/72/72
f 10/73/73 12/74/74 34/75/75
f 10/73/73 34/75/75 33/76/76
f 12/77/77 14/78/78 35/79/79
f 12/77/77 35/79/79 34/80/80
f 14/81/81 16/82/82 36/83/83
f 14/81/81 36/83/83 35/84/84
f 16/85/85 18/86/86 37/87/87
f 16/85/85 37/87/87 36/88/88
f 18/89/89 20/90/90 38/91/91
f 18/89/89 38/91/91 37/92/92
f 20/93/93 22/94/94 39/95/95
f 20/93/93 39/95/95 38/96/96
f 22/97/97 24/98/98 40/99/99
f 22/97/97 40/99/99 39/100/100
f 24/101/101 26/102/102 41/103/103
f 24/101/101 41/103/103 40/104/104
f 26/105/105 28/106/106 42/107/107
f 26/105/105 42/107/107 41/108/108
f 28/109/109 4/110/110 30/111/111
f 28/109/109 30/111/111 42/112/112
f 30/113/113 29/114/114 43/115/115
f 30/113/113 43/115/115 44/116/116
f 29/117/117 31/118/118 45/119/119
f 29/117/117 45/119/119 43/120/120
f 31/121/121 32/122/122 46/123/123
f 31/121/121 46/123/123 45/124/124
f 32/125/125 33/126/126 47/127/127
f 32/125/125 47/127/127 46/128/128
f 33/129/129 34/130/130 48/131/131
f 33/129/129 48/131/131 47/132/132
f 34/133/133 35/134/134 49/135/135
f 34/133/133 49/135/135 48/136/136
f 35/137/137 36/138/138 50/139/139
f 35/137/137 50/139/139 49/140/140
f 36/141/141 37/142/142 51/143/143
f 36/141/141 51/143/143 50/144/144
f 37/145/145 38/146/146 52/147/147
f 37/145/145 52/147/147 51/148/148
f 38/149/149 39/150/150 53/151/151
f 38/149/149 53/151/151 52/152/152
f 39/153/153 40/154/154 54/155/155
f 39/153/153 54/155/155 53/156/156
f 40/157/157 41/158/158 55/159/159
f 40/157/157 55/159/159 54/160/160
f 41/161/161 42/162/162 56/163/163
f 41/161/161 56/163/163 55/164/164
f 42/165/165 30/166/166 44/167/167
f 42/165/165 44/167/167 56/168/168
f 44/169/169 43/170/170 57/171/171
f 44/169/169 57/171/171 58/172/172
f 43/173/173 45/174/174 59/175/175
f 43/173/173 59/175/175 57/176/176
f 45/177/177 46/178/178 60/179/179
f 45/177/177 60/179/179 59/180/180
f 46/181/181 47/182/182 61/183/183
f 46/181/181 61/183/183 60/184/184
f 47/185/185 48/186/186 62/187/187
f 47/185/185 62/187/187 61/188/188
f 48/189/189 49/190/190 63/191/191
f 48/189/189 63/191/191 62/192/192
f 49/193/193 50/194/194 64/195/195
f 49/193/193 64/195/195 63/196/196
f 50/197/197 51/198/198 65/199/199
f 50/197/197 65/199/199 64/200/200
f 51/201/201 52/202/202 66/203/203
f 51/201/201 66/203/203 65/204/204
f 52/205/205 53/206/206 67/207/207
f 52/205/205 67/207/207 66/208/208
f 53/209/209 54/210/210 68/211/211
f 53/209/209 68/211/211 67/212/212
f 54/213/213 55/214/214 69/215/215
f 54/213/213 69/215/215 68/216/216
f 55/217/217 56/218/218 70/219/219
f 55/217/217 70/219/219 69/220/220
f 56/221/221 44/222/222 58/223/223
f 56/221/221 58/223/223 70/224/224
f 58/225/225 57/226/226 71/227/227
f 58/225/225 71/227/227 72/228/228
f 57/229/229 59/230/230 73/231/231
f 57/229/229 73/231/231 71/232/232
f 59/233/233 60/234/234 74/235/235
f 59/233/233 74/235/235 73/236/236
f 60/237/237 61/238/238 75/239/239
f 60/237/237 75/239/239 74/240/240
f 61/241/241 62/242/242 76/243/243
f 61/241/241 76/243/243 75/244/244
f 62/245/245 63/246/246 77/247/247
f 62/245/245 77/247/247 76/248/248
f 63/249/249 64/250/250 78/251/251
f 63/249/249 78/251/251 77/252/252
f 64/253/253 65/254/254 79/255/255
f 64/253/253 79/255/255 78/256/256
f 65/257/257 66/258/258 80/259/259
f 65/257/257 80/259/259 79/260/260
f 66/261/261 67/262/262 81/263/263
f 66/261/261 81/263/263 80/264/264
f 67/265/265 68/266/266 82/267/267
f 67/265/265 82/267/267 81/268/268
f 68/269/269 69/270/270 83/271/271
f 68/269/269 83/271/271 82/272/272
f 69/273/273 70/274/274 84/275/275
f 69/273/273 84/275/275 83/276/276
f 70/277/277 58/278/278 72/279/279
f 70/277/277 72/279/279 84/280/280
f 72/281/281 71/282/282 85/283/283
f 72/281/281 85/283/283 86/284/284
f 71/285/285 73/286/286 87/287/287
f 71/285/285 87/287/287 85/288/288
f 73/289/289 74/290/290 88/291/291
f 73/289/289 88/291/291 87/292/292
f 74/293/293 75/294/294 89/295/295
f 74/293/293 89/295/295 88/296/296
f 75/297/297 76/298/298 90/299/299
f 75/297/297 90/299/299 89/300/300
f 76/301/301 77/302/302 91/303/303
f 76/301/301 91/303/303 90/304/304
f 77/305/305 78/306/306 92/307/307
f 77/305/305 92/307/307 91/308/308
f 78/309/309 79/310/310 93/311/311
f 78/309/309 93/311/311 92/312/312
f 79/313/313 80/314/314 94/315/315
f 79/313/313 94/315/315 93/316/316
f 80/317/317 81/318/318 95/319/319
f 80/317/317 95/319/319 94/320/320
f 81/321/321 82/322/322 96/323/323
f 81/321/321 96/323/323 95/324/324
f 82/325/325 83/326/326 97/327/327
f 82/325/325 97/327/327 96/328/328
f 83/329/329 84/330/330 98/331/331
f 83/329/329 98/331/331 97/332/332
f 84/333/333 72/334/334 86/335/335
f 84/333/333 86/335/335 98/336/336
f 86/337/337 85/338/338 99/339/339
f 86/337/337 99/339/339 100/340/340
f 85/341/341 87/342/342 101/343/343
f 85/341/341 101/343/343 99/344/344
f 87/345/345 88/346/346 102/347/347
f 87/345/345 102/347/347 101/348/348
f 88/349/349 89/350/350 103/351/351
f 88/349/349 103/351/351 102/352/352
f 89/353/353 90/354/354 104/355/355
f 89/353/353 104/355/355 103/356/356
f 90/357/357 91/358/358 105/359/359
f 90/357/357 105/359/359 104/360/360
f 91/361/361 92/362/362 106/363/363
f 91/361/361 106/363/363 105/364/364
f 92/365/365 93/366/366 107/367/367
f 92/365/365 107/367/367 106/368/368
f 93/369/369 94/370/370 108/371/371
f 93/369/369 108/371/371 107/372/372
f 94/373/373 95/374/374 109/375/375
f 94/373/373 109/375/375 108/376/376
f 95/377/377 96/378/378 110/379/379
f 95/377/377 110/379/379 109/380/380
f 96/381/381 97/382/382 111/383/383
f 96/381/381 111/383/383 110/384/384
f 97/385/385 98/386/386 112/387/387
f 97/385/385 112/387/387 111/388/388
f 98/389/389 86/390/390 100/391/391
f 98/389/389 100/391/391 112/392/392
f 100/393/393 99/394/394 113/395/395
f 100/393/393 113/395/395 114/396/396
f 99/397/397 101/398/398 115/399/399
f 99/397/397 115/399/399 113/400/400
f 101/401/401 102/402/402 116/403/403
f 101/401/401 116/403/403 115/404/404
f 102/405/405 103/406/406 117/407/407
f 102/405/405 117/407/407 116/408/408
f 103/409/409 104/410/410 118/411/411
f 103/409/409 118/411/411 117/412/412
f 104/413/413 105/414/414 119/415/415
f 104/413/413 119/415/415 118/416/416
f 105/417/417 106/418/418 120/419/419
f 105/417/417 120/419/419 119/420/420
f 106/421/421 107/422/422 121/423/423
f 106/421/421 121/423/423 120/424/424
f 107/425/425 108/426/426 122/427/427
f 107/425/425 122/427/427 121/428/428
f 108/429/429 109/430/430 123/431/431
f 108/429/429 123/431/431 122/432/432
f 109/433/433 110/434/434 124/435/435
f 109/433/433 124/435/435 123/436/436
f 110/437/437 111/438/438 125/439/439
f 110/437/437 125/439/439 124/440/440
f 111/441/441 112/442/442 126/443/443
f 111/441/441 126/443/443 125/444/444
f 112/445/445 100/446/446 114/447/447
f 112/445/445 114/447/447 126/448/448
f 127/449/449 2/450/450 1/451/451
f 127/452/452 5/453/453 2/454/454
f 127/455/455 7/456/456 5/457/457
f 127/458/458 9/459/459 7/460/460
f 127/461/461 11/462/462 9/463/463
f 127/464/464 13/465/465 11/466/466
f 127/467/467 15/468/468 13/469/469
f 127/470/470 17/471/471 15/472/472
f 127/473/473 19/474/474 17/475/475
f 127/476/476 21/477/477 19/478/478
f 127/479/479 23/480/480 21/481/481
f 127/482/482 25/483/483 23/484/484
f 127/485/485 27/486/486 25/487/487
f 127/488/488 1/489/489 27/490/490
f 128/491/491 114/492/492 113/493/493
f 128/494/494 113/495/495 115/496/496
f 128/497/497 115/498/498 116/499/499
f 128/500/500 116/501/501 117/502/502
f 128/503/503 117/504/504 118/505/505
f 128/506/506 118/507/507 119/508/508
f 128/509/509 119/510/510 120/511/511
f 128/512/512 120/513/513 121/514/514
f 128/515/515 121/516/516 122/517/517
f 128/518/518 122/519/519 123/520/520
f 128/521/521 123/522/522 124/523/523
f 128/524/524 124/525/525 125/526/526
f 128/527/527 125/528/528 126/529/529
f 128/530/530 126/531/531 114/532/532
f 129/533/533 130/534/534 131/535/535
f 129/533/533 131/535/535 132/536/536
f 132/537/537 131/538/538 133/539/539
f 132/537/537 133/539/539 134/540/540
f 134/541/541 133/542/542 135/543/543
f 134/541/541 135/543/543 136/544/544
f 136/545/545 135/546/546 137/547/547
f 136/545/545 137/547/547 138/548/548
f 138/549/549 137/550/550 139/551/551
f 138/549/549 139/551/551 140/552/552
f 140/553/553 139/554/554 141/555/555
f 140/553/553 141/555/555 142/556/556
f 142/557/557 141/558/558 143/559/559
f 142/557/557 143/559/559 144/560/560
f 144/561/561 143/562/562 145/563/563
f 144/561/561 145/563/563 146/564/564
f 146/565/565 145/566/566 147/567/567
f 146/565/565 147/567/567 148/568/568
f 148/569/569 147/570/570 149/571/571
f 148/569/569 149/571/571 150/572/572
f 150/573/573 149/574/574 151/575/575
f 150/573/573 151/575/575 152/576/576
f 152/577/577 151/578/578 130/579/579
f 152/577/577 130/579/579 129/580/580
f 130/581/581 153/582/582 154/583/583
f 130/581/581 154/583/583 131/584/584
f 131/585/585 154/586/586 155/587/587
f 131/585/585 155/587/587 133/588/588
f 133/589/589 155/590/590 156/591/591
f 133/589/589 156/591/591 135/592/592
f 135/593/593 156/594/594 157/595/595
f 135/593/593 157/595/595 137/596/596
f 137/597/597 157/598/598 158/599/599
f 137/597/597 158/599/599 139/600/600
f 139/601/601 158/602/602 159/603/603
f 139/601/601 159/603/603 141/604/604
f 141/605/605 159/606/606 160/607/607
f 141/605/605 160/607/607 143/608/608
f 143/609/609 160/610/610 161/611/611
f 143/609/609 161/611/611 145/612/612
f 145/613/613 161/614/614 162/615/615
f 145/613/613 162/615/615 147/616/616
f 147/617/617 162/618/618 163/619/619
f 147/617/617 163/619/619 149/620/620
f 149/621/621 163/622/622 164/623/623
f 149/621/621 164/623/623 151/624/624
f 151/625/625 164/626/626 153/627/627
f 151/625/625 153/627/627 130/628/628
f 153/629/629 165/630/630 166/631/631
f 153/629/629 166/631/631 154/632/632
f 154/633/633 166/634/634 167/635/635
f 154/633/633 167/635/635 155/636/636
f 155/637/637 167/638/638 168/639/639
f 155/637/637 168/639/639 156/640/640
f 156/641/641 168/642/642 169/643/643
f 156/641/641 169/643/643 157/644/644
f 157/645/645 169/646/646 170/647/647
f 157/645/645 170/647/647 158/648/648
f 158/649/649 170/650/650 171/651/651
f 158/649/649 171/651/651 159/652/652
f 159/653/653 171/654/654 172/655/655
f 159/653/653 172/655/655 160/656/656
f 160/657/657 172/658/658 173/659/659
f 160/657/657 173/659/659 161/660/660
f 161/661/661 173/662/662 174/663/663
f 161/661/661 174/663/663 162/664/664
f 162/665/665 174/666/666 175/667/667
f 162/665/665 175/667/667 163/668/668
f 163/669/669 175/670/670 176/671/671
f 163/669/669 176/671/671 164/672/672
f 164/673/673 176/674/674 165/675/675
f 164/673/673 165/675/675 153/676/676
f 165/677/677 177/678/678 178/679/679
f 165/677/677 178/679/679 166/680/680
f 166/681/681 178/682/682 179/683/683
f 166/681/681 179/683/683 167/684/684
f 167/685/685 179/686/686 180/687/687
f 167/685/685 180/687/687 168/688/688
f 168/689/689 180/690/690 181/691/691
f 168/689/689 181/691/691 169/692/692
f 169/693/693 181/694/694 182/695/695
f 169/693/693 182/695/695 170/696/696
f 170/697/697 182/698/698 183/699/699
f 170/697/697 183/699/699 171/700/700
f 171/701/701 183/702/702 184/703/703
f 171/701/701 184/703/703 172/704/704
f 172/705/705 184/706/706 185/707/707
f 172/705/705 185/707/707 173/708/708
f 173/709/709 185/710/710 186/711/711
f 173/709/709 186/711/711 174/712/712
f 174/713/713 186/714/714 187/715/715
f 174/713/713 187/715/715 175/716/716
f 175/717/717 187/718/718 188/719/719
f 175/717/717 188/719/719 176/720/720
f 176/721/721 188/722/722 177/723/723
f 176/721/721 177/723/723 165/724/724
f 177/725/725 189/726/726 190/727/727
f 177/725/725 190/727/727 178/728/728
f 178/729/729 190/730/730 191/731/731
f 178/729/729 191/731/731 179/732/732
f 179/733/733 191/734/734 192/735/735
f 179/733/733 192/735/735 180/736/736
f 180/737/737 192/738/738 193/739/739
f 180/737/737 193/739/739 181/740/740
f 181/741/741 193/742/742 194/743/743
f 181/741/741 194/743/743 182/744/744
f 182/745/745 194/746/746 195/747/747
f 182/745/745 195/747/747 183/748/748
f 183/749/749 195/750/750 196/751/751
f 183/749/749 196/751/751 184/752/752
f 184/753/753 196/754/754 197/755/755
f 184/753/753 197/755/755 185/756/756
f 185/757/757 197/758/758 198/759/759
f 185/757/757 198/759/759 186/760/760
f 186/761/761 198/762/762 199/763/763
f 186/761/761 199/763/763 187/764/764
f 187/765/765 199/766/766 200/767/767
f 187/765/765 200/767/767 188/768/768
f 188/769/769 200/770/770 189/771/771
f 188/769/769 189/771/771 177/772/772
f 189/773/773 201/774/774 202/775/775
f 189/773/773 202/775/775 190/776/776
f 190/777/777 202/778/778 203/779/779
f 190/777/777 203/779/779 191/780/780
f 191/781/781 203/782/782 204/783/783
f 191/781/781 204/783/783 192/784/784
f 192/785/785 204/786/786 205/787/787
f 192/785/785 205/787/787 193/788/788
f 193/789/789 205/790/790 206/791/791
f 193/789/789 206/791/791 194/792/792
f 194/793/793 206/794/794 207/795/795
f 194/793/793 207/795/795 195/796/796
f 195/797/797 207/798/798 208/799/799
f 195/797/797 208/799/799 196/800/800
f 196/801/801 208/802/802 209/803/803
f 196/801/801 209/803/803 197/804/804
f 197/805/805 209/806/806 210/807/807
f 197/805/805 210/807/807 198/808/808
f 198/809/809 210/810/810 211/811/811
f 198/809/809 211/811/811 199/812/812
f 199/813/813 211/814/814 212/815/815
f 199/813/813 212/815/815 200/816/816
f 200/817/817 212/818/818 201/819/819
f 200/817/817 201/819/819 189/820/820
f 213/821/821 129/822/822 132/823/823
f 213/824/824 132/825/825 134/826/826
f 213/827/827 134/828/828 136/829/829
f 213/830/830 136/831/831 138/832/832
f 213/833/833 138/834/834 140/835/835
f 213/836/836 140/837/837 142/838/838
f 213/839/839 142/840/840 144/841/841
f 213/842/842 144/843/843 146/844/844
f 213/845/845 146/846/846 148/847/847
f 213/848/848 148/849/849 150/850/850
f 213/851/851 150/852/852 152/853/853
f 213/854/854 152/855/855 129/856/856
f 214/857/857 202/858/858 201/859/859
f 214/860/860 203/861/861 202/862/862
f 214/863/863 204/864/864 203/865/865
f 214/866/866 205/867/867 204/868/868
f 214/869/869 206/870/870 205/871/871
f 214/872/872 207/873/873 206/874/874
f 214/875/875 208/876/876 207/877/877
f 214/878/878 209/879/879 208/880/880
f 214/881/881 210/882/882 209/883/883
f 214/884/884 211/885/885 210/886/886
f 214/887/887 212/888/888 211/889/889
f 214/890/890 201/891/891 212/892/892
f 215/893/893 216/894/894 217/895/895
f 215/893/893 217/895/895 218/896/896
f 216/897/897 219/898/898 220/899/899
f 216/897/897 220/899/899 217/900/900
f 219/901/901 221/902/902 222/903/903
f 219/901/901 222/903/903 220/904/904
f 221/905/905 223/906/906 224/907/907
f 221/905/905 224/907/907 222/908/908
f 223/909/909 225/910/910 226/911/911
f 223/909/909 226/911/911 224/912/912
f 225/913/913 227/914/914 228/915/915
f 225/913/913 228/915/915 226/916/916
f 227/917/917 229/918/918 230/919/919
f 227/917/917 230/919/919 228/920/920
f 229/921/921 231/922/922 232/923/923
f 229/921/921 232/923/923 230/924/924
f 231/925/925 233/926/926 234/927/927
f 231/925/925 234/927/927 232/928/928
f 233/929/929 235/930/930 236/931/931
f 233/929/929 236/931/931 234/932/932
f 235/933/933 237/934/934 238/935/935
f 235/933/933 238/935/935 236/936/936
f 237/937/937 215/938/938 218/939/939
f 237/937/937 218/939/939 238/940/940
f 218/941/941 217/942/942 239/943/943
f 218/941/941 239/943/943 240/944/944
f 217/945/945 220/946/946 241/947/947
f 217/945/945 241/947/947 239/948/948
f 220/949/949 222/950/950 242/951/951
f 220/949/949 242/951/951 241/952/952
f 222/953/953 224/954/954 243/955/955
f 222/953/953 243/955/955 242/956/956
f 224/957/957 226/958/958 244/959/959
f 224/957/957 244/959/959 243/960/960
f 226/961/961 228/962/962 245/963/963
f 226/961/961 245/963/963 244/964/964
f 228/965/965 230/966/966 246/967/967
f 228/965/965 246/967/967 245/968/968
f 230/969/969 232/970/970 247/971/971
f 230/969/969 247/971/971 246/972/972
f 232/973/973 234/974/974 248/975/975
f 232/973/973 248/975/975 247/976/976
f 234/977/977 236/978/978 249/979/979
f 234/977/977 249/979/979 248/980/980
f 236/981/981 238/982/982 250/983/983
f 236/981/981 250/983/983 249/984/984
f 238/985/985 218/986/986 240/987/987
f 238/985/985 240/987/987 250/988/988
f 240/989/989 239/990/990 251/991/991
f 240/989/989 251/991/991 252/992/992
f 239/993/993 241/994/994 253/995/995
f 239/993/993 253/995/995 251/996/996
f 241/997/997 242/998/998 254/999/999
f 241/997/997 254/999/999 253/1000/1000
f 242/1001/1001 243/1002/1002 255/1003/1003
f 242/1001/1001 255/1003/1003 254/1004/1004
f 243/1005/1005 244/1006/1006 256/1007/1007
f 243/1005/1005 256/1007/1007 255/1008/1008
f 244/1009/1009 245/1010/1010 257/1011/1011
f 244/1009/1009 257/1011/1011 256/1012/1012
f 245/1013/1013 246/1014/1014 258/1015/1015
f 245/1013/1013 258/1015/1015 257/1016/1016
f 246/1017/1017 247/1018/1018 259/1019/1019
f 246/1017/1017 259/1019/1019 258/1020/1020
f 247/1021/1021 248/1022/1022 260/1023/1023
f 247/1021/1021 260/1023/1023 259/1024/1024
f 248/1025/1025 249/1026/1026 261/1027/1027
f 248/1025/1025 261/1027/1027 260/1028/1028
f 249/1029/1029 250/1030/1030 262/1031/1031
f 249/1029/1029 262/1031/1031 261/1032/1032
f 250/1033/1033 240/1034/1034 252/1035/1035
f 250/1033/1033 252/1035/1035 262/1036/1036
f 252/1037/1037 251/1038/1038 263/1039/1039
f 252/1037/1037 263/1039/1039 264/1040/1040
f 251/1041/1041 253/1042/1042 265/1043/1043
f 251/1041/1041 265/1043/1043 263/1044/1044
f 253/1045/1045 254/1046/1046 266/1047/1047
f 253/1045/1045 266/1047/1047 265/1048/1048
f 254/1049/1049 255/1050/1050 267/1051/1051
f 254/1049/1049 267/1051/1051 266/1052/1052
f 255/1053/1053 256/1054/1054 268/1055/1055
f 255/1053/1053 268/1055/1055 267/1056/1056
f 256/1057/1057 257/1058/1058 269/1059/1059
f 256/1057/1057 269/1059/1059 268/1060/1060
f 257/1061/1061 258/1062/1062 270/1063/1063
f 257/1061/1061 270/1063/1063 269/1064/1064
f 258/1065/1065 259/1066/1066 271/1067/1067
f 258/1065/1065 271/1067/1067 270/1068/1068
f 259/1069/1069 260/1070/1070 272/1071/1071
f 259/1069/1069 272/1071/1071 271/1072/1072
f 260/1073/1073 261/1074/1074 273/1075/1075
f 260/1073/1073 273/1075/1075 272/1076/1076
f 261/1077/1077 262/1078/1078 274/1079/1079
f 261/1077/1077 274/1079/1079 273/1080/1080
f 262/1081/1081 252/1082/1082 264/1083/1083
f 262/1081/1081 264/1083/1083 274/1084/1084
f 264/1085/1085 263/1086/1086 275/1087/1087
f 264/1085/1085 275/1087/1087 276/1088/1088
f 263/1089/1089 265/1090/1090 277/1091/1091
f 263/1089/1089 277/1091/1091 275/1092/1092
f 265/1093/1093 266/1094/1094 278/1095/1095
f 265/1093/1093 278/1095/1095 277/1096/1096
f 266/1097/1097 267/1098/1098 279/1099/1099
f 266/1097/1097 279/1099/1099 278/1100/1100
f 267/1101/1101 268/1102/1102 280/1103/1103
f 267/1101/1101 280/1103/1103 279/1104/1104
f 268/1105/1105 269/1106/1106 281/1107/1107
f 268/1105/1105 281/1107/1107 280/1108/1108
f 269/1109/1109 270/1110/1110 282/1111/1111
f 269/1109/1109 282/1111/1111 281/1112/1112
f 270/1113/1113 271/1114/1114 283/1115/1115
f 270/1113/1113 283/1115/1115 282/1116/1116
f 271/1117/1117 272/1118/1118 284/1119/1119
f 271/1117/1117 284/1119/1119 283/1120/1120
f 272/1121/1121 273/1122/1122 285/1123/1123
f 272/1121/1121 285/1123/1123 284/1124/1124
f 273/1125/1125 274/1126/1126 286/1127/1127
f 273/1125/1125 286/1127/1127 285/1128/1128
f 274/1129/1129 264/1130/1130 276/1131/1131
f 274/1129/1129 276/1131/1131 286/1132/1132
f 276/1133/1133 275/1134/1134 287/1135/1135
f 276/1133/1133 287/1135/1135 288/1136/1136
f 275/1137/1137 277/1138/1138 289/1139/1139
f 275/1137/1137 289/1139/1139 287/1140/1140
f 277/1141/1141 278/1142/1142 290/1143/1143
f 277/1141/1141 290/1143/1143 289/1144/1144
f 278/1145/1145 279/1146/1146 291/1147/1147
f 278/1145/1145 291/1147/1147 290/1148/1148
f 279/1149/1149 280/1150/1150 292/1151/1151
f 279/1149/1149 292/1151/1151 291/1152/1152
f 280/1153/1153 281/1154/1154 293/1155/1155
f 280/1153/1153 293/1155/1155 292/1156/1156
f 281/1157/1157 282/1158/1158 294/1159/1159
f 281/1157/1157 294/1159/1159 293/1160/1160
f 282/1161/1161 283/1162/1162 295/1163/1163
f 282/1161/1161 295/1163/1163 294/1164/1164
f 283/1165/1165 284/1166/1166 296/1167/1167
f 283/1165/1165 296/1167/1167 295/1168/1168
f 284/1169/1169 285/1170/1170 297/1171/1171
f 284/1169/1169 297/1171/1171 296/1172/1172
f 285/1173/1173 286/1174/1174 298/1175/1175
f 285/1173/1173 298/1175/1175 297/1176/1176
f 286/1177/1177 276/1178/1178 288/1179/1179
f 286/1177/1177 288/1179/1179 298/1180/1180
f 299/1181/1181 216/1182/1182 215/1183/1183
f 299/1184/1184 219/1185/1185 216/1186/1186
f 299/1187/1187 221/1188/1188 219/1189/1189
f 299/1190/1190 223/1191/1191 221/1192/1192
f 299/1193/1193 225/1194/1194 223/1195/1195
f 299/1196/1196 227/1197/1197 225/1198/1198
f 299/1199/1199 229/1200/1200 227/1201/1201
f 299/1202/1202 231/1203/1203 229/1204/1204
f 299/1205/1205 233/1206/1206 231/1207/1207
f 299/1208/1208 235/1209/1209 233/1210/1210
f 299/1211/1211 237/1212/1212 235/1213/1213
f 299/1214/1214 215/1215/1215 237/1216/1216
f 300/1217/1217 288/1218/1218 287/1219/1219
f 300/1220/1220 287/1221/1221 289/1222/1222
f 300/1223/1223 289/1224/1224 290/1225/1225
f 300/1226/1226 290/1227/1227 291/1228/1228
f 300/1229/1229 291/1230/1230 292/1231/1231
f 300/1232/1232 292/1233/1233 293/1234/1234
f 300/1235/1235 293/1236/1236 294/1237/1237
f 300/1238/1238 294/1239/1239 295/1240/1240
f 300/1241/1241 295/1242/1242 296/1243/1243
f 300/1244/1244 296/1245/1245 297/1246/1246
f 300/1247/1247 297/1248/1248 298/1249/1249
f 300/1250/1250 298/1251/1251 288/1252/1252
f 301/1253/1253 302/1254/1254 303/1255/1255
f 301/1253/1253 303/1255/1255 304/1256/1256
f 304/1257/1257 303/1258/1258 305/1259/1259
f 304/1257/1257 305/1259/1259 306/1260/1260
f 306/1261/1261 305/1262/1262 307/1263/1263
f 306/1261/1261 307/1263/1263 308/1264/1264
f 308/1265/1265 307/1266/1266 309/1267/1267
f 308/1265/1265 309/1267/1267 310/1268/1268
f 310/1269/1269 309/1270/1270 311/1271/1271
f 310/1269/1269 311/1271/1271 312/1272/1272
f 312/1273/1273 311/1274/1274 313/1275/1275
f 312/1273/1273 313/1275/1275 314/1276/1276
f 314/1277/1277 313/1278/1278 315/1279/1279
f 314/1277/1277 315/1279/1279 316/1280/1280
f 316/1281/1281 315/1282/1282 317/1283/1283
f 316/1281/1281 317/1283/1283 318/1284/1284
f 318/1285/1285 317/1286/1286 319/1287/1287
f 318/1285/1285 319/1287/1287 320/1288/1288
f 320/1289/1289 319/1290/1290 321/1291/1291
f 320/1289/1289 321/1291/1291 322/1292/1292
f 322/1293/1293 321/1294/1294 323/1295/1295
f 322/1293/1293 323/1295/1295 324/1296/1296
f 324/1297/1297 323/1298/1298 302/1299/1299
f 324/1297/1297 302/1299/1299 301/1300/1300
f 302/1301/1301 325/1302/1302 326/1303/1303
f 302/1301/1301 326/1303/1303 303/1304/1304
f 303/1305/1305 326/1306/1306 327/1307/1307
f 303/1305/1305 327/1307/1307 305/1308/1308
f 305/1309/1309 327/1310/1310 328/1311/1311
f 305/1309/1309 328/1311/1311 307/1312/1312
f 307/1313/1313 328/1314/1314 329/1315/1315
f 307/1313/1313 329/1315/1315 309/1316/1316
f 309/1317/1317 329/1318/1318 330/1319/1319
f 309/1317/1317 330/1319/1319 311/1320/1320
f 311/1321/1321 330/1322/1322 331/1323/1323
f 311/1321/1321 331/1323/1323 313/1324/1324
f 313/1325/1325 331/1326/1326 332/1327/1327
f 313/1325/1325 332/1327/1327 315/1328/1328
f 315/1329/1329 332/1330/1330 333/1331/1331
f 315/1329/1329 333/1331/1331 317/1332/1332
f 317/1333/1333 333/1334/1334 334/1335/1335
f 317/1333/1333 334/1335/1335 319/1336/1336
f 319/1337/1337 334/1338/1338 335/1339/1339
f 319/1337/1337 335/1339/1339 321/1340/1340
f 321/1341/1341 335/1342/1342 336/1343/1343
f 321/1341/1341 336/1343/1343 323/1344/1344
f 323/1345/1345 336/1346/1346 325/1347/1347
f 323/1345/1345 325/1347/1347 302/1348/1348
f 325/1349/1349 337/1350/1350 338/1351/1351
f 325/1349/1349 338/1351/1351 326/1352/1352
f 326/1353/1353 338/1354/1354 339/1355/1355
f 326/1353/1353 339/1355/1355 327/1356/1356
f 327/1357/1357 339/1358/1358 340/1359/1359
f 327/1357/1357 340/1359/1359 328/1360/1360
f 328/1361/1361 340/1362/1362 341/1363/1363
f 328/1361/1361 341/1363/1363 329/1364/1364
f 329/1365/1365 341/1366/1366 342/1367/1367
f 329/1365/1365 342/1367/1367 330/1368/1368
f 330/1369/1369 342/1370/1370 343/1371/1371
f 330/1369/1369 343/1371/1371 331/1372/1372
f 331/1373/1373 343/1374/1374 344/1375/1375
f 331/1373/1373 344/1375/1375 332/1376/1376
f 332/1377/1377 344/1378/1378 345/1379/1379
f 332/1377/1377 345/1379/1379 333/1380/1380
f 333/1381/1381 345/1382/1382 346/1383/1383
f 333/1381/1381 346/1383/1383 334/1384/1384
f 334/1385/1385 346/1386/1386 347/1387/1387
f 334/1385/1385 347/1387/1387 335/1388/1388
f 335/1389/1389 347/1390/1390 348/1391/1391
f 335/1389/1389 348/1391/1391 336/1392/1392
f 336/1393/1393 348/1394/1394 337/1395/1395
f 336/1393/1393 337/1395/1395 325/1396/1396
f 337/1397/1397 349/1398/1398 350/1399/1399
f 337/1397/1397 350/1399/1399 338/1400/1400
f 338/1401/1401 350/1402/1402 351/1403/1403
f 338/1401/1401 351/1403/1403 339/1404/1404
f 339/1405/1405 351/1406/1406 352/1407/1407
f 339/1405/1405 352/1407/1407 340/1408/1408
f 340/1409/1409 352/1410/1410 353/1411/1411
f 340/1409/1409 353/1411/1411 341/1412/1412
f 341/1413/1413 353/1414/1414 354/1415/1415
f 341/1413/1413 354/1415/1415 342/1416/1416
f 342/1417/1417 354/1418/1418 355/1419/1419
f 342/1417/1417 355/1419/1419 343/1420/1420
f 343/1421/1421 355/1422/1422 356/1423/1423
f 343/1421/1421 356/1423/1423 344/1424/1424
f 344/1425/1425 356/1426/1426 357/1427/1427
f 344/1425/1425 357/1427/1427 345/1428/1428
f 345/1429/1429 357/1430/1430 358/1431/1431
f 345/1429/1429 358/1431/1431 346/1432/1432
f 346/1433/1433 358/1434/1434 359/1435/1435
f 346/1433/1433 359/1435/1435 347/1436/1436
f 347/1437/1437 359/1438/1438 360/1439/1439
f 347/1437/1437 360/1439/1439 348/1440/1440
f 348/1441/1441 360/1442/1442 349/1443/1443
f 348/1441/1441 349/1443/1443 337/1444/1444
f 349/1445/1445 361/1446/1446 362/1447/1447
f 349/1445/1445 362/1447/1447 350/1448/1448
f 350/1449/1449 362/1450/1450 363/1451/1451
f 350/1449/1449 363/1451/1451 351/1452/1452
f 351/1453/1453 363/1454/1454 364/1455/1455
f 351/1453/1453 364/1455/1455 352/1456/1456
f 352/1457/1457 364/1458/1458 365/1459/1459
f 352/1457/1457 365/1459/1459 353/1460/1460
f 353/1461/1461 365/1462/1462 366/1463/1463
f 353/1461/1461 366/1463/1463 354/1464/1464
f 354/1465/1465 366/1466/1466 367/1467/1467
f 354/1465/1465 367/1467/1467 355/1468/1468
f 355/1469/1469 367/1470/1470 368/1471/1471
f 355/1469/1469 368/1471/1471 356/1472/1472
f 356/1473/1473 368/1474/1474 369/1475/1475
f 356/1473/1473 369/1475/1475 357/1476/1476
f 357/1477/1477 369/1478/1478 370/1479/1479
f 357/1477/1477 370/1479/1479 358/1480/1480
f 358/1481/1481 370/1482/1482 371/1483/1483
f 358/1481/1481 371/1483/1483 359/1484/1484
f 359/1485/1485 371/1486/1486 372/1487/1487
f 359/1485/1485 372/1487/1487 360/1488/1488
f 360/1489/1489 372/1490/1490 361/1491/1491
f 360/1489/1489 361/1491/1491 349/1492/1492
f 361/1493/1493 373/1494/1494 374/1495/1495
f 361/1493/1493 374/1495/1495 362/1496/1496
f 362/1497/1497 374/1498/1498 375/1499/1499
f 362/1497/1497 375/1499/1499 363/1500/1500
f 363/1501/1501 375/1502/1502 376/1503/1503
f 363/1501/1501 376/1503/1503 364/1504/1504
f 364/1505/1505 376/1506/1506 377/1507/1507
f 364/1505/1505 377/1507/1507 365/1508/1508
f 365/1509/1509 377/1510/1510 378/1511/1511
f 365/1509/1509 378/1511/1511 366/1512/1512
f 366/1513/1513 378/1514/1514 379/1515/1515
f 366/1513/1513 379/1515/1515 367/1516/1516
f 367/1517/1517 379/1518/1518 380/1519/1519
f 367/1517/1517 380/1519/1519 368/1520/1520
f 368/1521/1521 380/1522/1522 381/1523/1523
f 368/1521/1521 381/1523/1523 369/1524/1524
f 369/1525/1525 381/1526/1526 382/1527/1527
f 369/1525/1525 382/1527/1527 370/1528/1528
f 370/1529/1529 382/1530/1530 383/1531/1531
f 370/1529/1529 383/1531/1531 371/1532/1532
f 371/1533/1533 383/1534/1534 384/1535/1535
f 371/1533/1533 384/1535/1535 372/1536/1536
f 372/1537/1537 384/1538/1538 373/1539/1539
f 372/1537/1537 373/1539/1539 361/1540/1540
f 385/1541/1541 301/1542/1542 304/1543/1543
f 385/1544/1544 304/1545/1545 306/1546/1546
f 385/1547/1547 306/1548/1548 308/1549/1549
f 385/1550/1550 308/1551/1551 310/1552/1552
f 385/1553/1553 310/1554/1554 312/1555/1555
f 385/1556/1556 312/1557/1557 314/1558/1558
f 385/1559/1559 314/1560/1560 316/1561/1561
f 385/1562/1562 316/1563/1563 318/1564/1564
f 385/1565/1565 318/1566/1566 320/1567/1567
f 385/1568/1568 320/1569/1569 322/1570/1570
f 385/1571/1571 322/1572/1572 324/1573/1573
f 385/1574/1574 324/1575/1575 301/1576/1576
f 386/1577/1577 374/1578/1578 373/1579/1579
f 386/1580/1580 375/1581/1581 374/1582/1582
f 386/1583/1583 376/1584/1584 375/1585/1585
f 386/1586/1586 377/1587/1587 376/1588/1588
f 386/1589/1589 378/1590/1590 377/1591/1591
f 386/1592/1592 379/1593/1593 378/1594/1594
f 386/1595/1595 380/1596/1596 379/1597/1597
f 386/1598/1598 381/1599/1599 380/1600/1600
f 386/1601/1601 382/1602/1602 381/1603/1603
f 386/1604/1604 383/1605/1605 382/1606/1606
f 386/1607/1607 384/1608/1608 383/1609/1609
f 386/1610/1610 373/1611/1611 384/1612/1612
f 387/1613/1613 388/1614/1614 389/1615/1615
f 387/1613/1613 389/1615/1615 390/1616/1616
f 388/1617/1617 391/1618/1618 392/1619/1619
f 388/1617/1617 392/1619/1619 389/1620/1620
f 391/1621/1621 393/1622/1622 394/1623/1623
f 391/1621/1621 394/1623/1623 392/1624/1624
f 393/1625/1625 395/1626/1626 396/1627/1627
f 393/1625/1625 396/1627/1627 394/1628/1628
f 395/1629/1629 397/1630/1630 398/1631/1631
f 395/1629/1629 398/1631/1631 396/1632/1632
f 397/1633/1633 399/1634/1634 400/1635/1635
f 397/1633/1633 400/1635/1635 398/1636/1636
f 399/1637/1637 401/1638/1638 402/1639/1639
f 399/1637/1637 402/1639/1639 400/1640/1640
f 401/1641/1641 403/1642/1642 404/1643/1643
f 401/1641/1641 404/1643/1643 402/1644/1644
f 403/1645/1645 405/1646/1646 406/1647/1647
f 403/1645/1645 406/1647/1647 404/1648/1648
f 405/1649/1649 407/1650/1650 408/1651/1651
f 405/1649/1649 408/1651/1651 406/1652/1652
f 407/1653/1653 409/1654/1654 410/1655/1655
f 407/1653/1653 410/1655/1655 408/1656/1656
f 409/1657/1657 387/1658/1658 390/1659/1659
f 409/1657/1657 390/1659/1659 410/1660/1660
f 390/1661/1661 389/1662/1662 411/1663/1663
f 390/1661/1661 411/1663/1663 412/1664/1664
f 389/1665/1665 392/1666/1666 413/1667/1667
f 389/1665/1665 413/1667/1667 411/1668/1668
f 392/1669/1669 394/1670/1670 414/1671/1671
f 392/1669/1669 414/1671/1671 413/1672/1672
f 394/1673/1673 396/1674/1674 415/1675/1675
f 394/1673/1673 415/1675/1675 414/1676/1676
f 396/1677/1677 398/1678/1678 416/1679/1679
f 396/1677/1677 416/1679/1679 415/1680/1680
f 398/1681/1681 400/1682/1682 417/1683/1683
f 398/1681/1681 417/1683/1683 416/1684/1684
f 400/1685/1685 402/1686/1686 418/1687/1687
f 400/1685/1685 418/1687/1687 417/1688/1688
f 402/1689/1689 404/1690/1690 419/1691/1691
f 402/1689/1689 419/1691/1691 418/1692/1692
f 404/1693/1693 406/1694/1694 420/1695/1695
f 404/1693/1693 420/1695/1695 419/1696/1696
f 406/1697/1697 408/1698/1698 421/1699/1699
f 406/1697/1697 421/1699/1699 420/1700/1700
f 408/1701/1701 410/1702/1702 422/1703/1703
f 408/1701/1701 422/1703/1703 421/1704/1704
f 410/1705/1705 390/1706/1706 412/1707/1707
f 410/1705/1705 412/1707/1707 422/1708/1708
f 412/1709/1709 411/1710/1710 423/1711/1711
f 412/1709/1709 423/1711/1711 424/1712/1712
f 411/1713/1713 413/1714/1714 425/1715/1715
f 411/1713/1713 425/1715/1715 423/1716/1716
f 413/1717/1717 414/1718/1718 426/1719/1719
f 413/1717/1717 426/1719/1719 425/1720/1720
f 414/1721/1721 415/1722/1722 427/1723/1723
f 414/1721/1721 427/1723/1723 426/1724/1724
f 415/1725/1725 416/1726/1726 428/1727/1727
f 415/1725/1725 428/1727/1727 427/1728/1728
f 416/1729/1729 417/1730/1730 429/1731/1731
f 416/1729/1729 429/1731/1731 428/1732/1732
f 417/1733/1733 418/1734/1734 430/1735/1735
f 417/1733/1733 430/1735/1735 429/1736/1736
f 418/1737/1737 419/1738/1738 431/1739/1739
f 418/1737/1737 431/1739/1739 430/1740/1740
f 419/1741/1741 420/1742/1742 432/1743/1743
f 419/1741/1741 432/1743/1743 431/1744/1744
f 420/1745/1745 421/1746/1746 433/1747/1747
f 420/1745/1745 433/1747/1747 432/1748/1748
f 421/1749/1749 422/1750/1750 434/1751/1751
f 421/1749/1749 434/1751/1751 433/1752/1752
f 422/1753/1753 412/1754/1754 424/1755/1755
f 422/1753/1753 424/1755/1755 434/1756/1756
f 424/1757/1757 423/1758/1758 435/1759/1759
f 424/1757/1757 435/1759/1759 436/1760/1760
f 423/1761/1761 425/1762/1762 437/1763/1763
f 423/1761/1761 437/1763/1763 435/1764/1764
f 425/1765/1765 426/1766/1766 438/1767/1767
f 425/1765/1765 438/1767/1767 437/1768/1768
f 426/1769/1769 427/1770/1770 439/1771/1771
f 426/1769/1769 439/1771/1771 438/1772/1772
f 427/1773/1773 428/1774/1774 440/1775/1775
f 427/1773/1773 440/1775/1775 439/1776/1776
f 428/1777/1777 429/1778/1778 441/1779/1779
f 428/1777/1777 441/1779/1779 440/1780/1780
f 429/1781/1781 430/1782/1782 442/1783/1783
f 429/1781/1781 442/1783/1783 441/1784/1784
f 430/1785/1785 431/1786/1786 443/1787/1787
f 430/1785/1785 443/1787/1787 442/1788/1788
f 431/1789/1789 432/1790/1790 444/1791/1791
f 431/1789/1789 444/1791/1791 443/1792/1792
f 432/1793/1793 433/1794/1794 445/1795/1795
f 432/1793/1793 445/1795/1795 444/1796/1796
f 433/1797/1797 434/1798/1798 446/1799/1799
f 433/1797/1797 446/1799/1799 445/1800/1800
f 434/1801/1801 424/1802/1802 436/1803/1803
f 434/1801/1801 436/1803/1803 446/1804/1804
f 436/1805/1805 435/1806/1806 447/1807/1807
f 436/1805/1805 447/1807/1807 448/1808/1808
f 435/1809/1809 437/1810/1810 449/1811/1811
f 435/1809/1809 449/1811/1811 447/1812/1812
f 437/1813/1813 438/1814/1814 450/1815/1815
f 437/1813/1813 450/1815/1815 449/1816/1816
f 438/1817/1817 439/1818/1818 451/1819/1819
f 438/1817/1817 451/1819/1819 450/1820/1820
f 439/1821/1821 440/1822/1822 452/1823/1823
f 439/1821/1821 452/1823/1823 451/1824/1824
f 440/1825/1825 441/1826/1826 453/1827/1827
f 440/1825/1825 453/1827/1827 452/1828/1828
f 441/1829/1829 442/1830/1830 454/1831/1831
f 441/1829/1829 454/1831/1831 453/1832/1832
f 442/1833/1833 443/1834/1834 455/1835/1835
f 442/1833/1833 455/1835/1835 454/1836/1836
f 443/1837/1837 444/1838/1838 456/1839/1839
f 443/1837/1837 456/1839/1839 455/1840/1840
f 444/1841/1841 445/1842/1842 457/1843/1843
f 444/1841/1841 457/1843/1843 456/1844/1844
f 445/1845/1845 446/1846/1846 458/1847/1847
f 445/1845/1845 458/1847/1847 457/1848/1848
f 446/1849/1849 436/1850/1850 448/1851/1851
f 446/1849/1849 448/1851/1851 458/1852/1852
f 448/1853/1853 447/1854/1854 459/1855/1855
f 448/1853/1853 459/1855/1855 460/1856/1856
f 447/1857/1857 449/1858/1858 461/1859/1859
f 447/1857/1857 461/1859/1859 459/1860/1860
f 449/1861/1861 450/1862/1862 462/1863/1863
f 449/1861/1861 462/1863/1863 461/1864/1864
f 450/1865/1865 451/1866/1866 463/1867/1867
f 450/1865/1865 463/1867/1867 462/1868/1868
f 451/1869/1869 452/1870/1870 464/1871/1871
f 451/1869/1869 464/1871/1871 463/1872/1872
f 452/1873/1873 453/1874/1874 465/1875/1875
f 452/1873/1873 465/1875/1875 464/1876/1876
f 453/1877/1877 454/1878/1878 466/1879/1879
f 453/1877/1877 466/1879/1879 465/1880/1880
f 454/1881/1881 455/1882/1882 467/1883/1883
f 454/1881/1881 467/1883/1883 466/1884/1884
f 455/1885/1885 456/1886/1886 468/1887/1887
f 455/1885/1885 468/1887/1887 467/1888/1888
f 456/1889/1889 457/1890/1890 469/1891/1891
f 456/1889/1889 469/1891/1891 468/1892/1892
f 457/1893/1893 458/1894/1894 470/1895/1895
f 457/1893/1893 470/1895/1895 469/1896/1896
f 458/1897/1897 448/1898/1898 460/1899/1899
f 458/1897/1897 460/1899/1899 470/1900/1900
f 471/1901/1901 388/1902/1902 387/1903/1903
f 471/1904/1904 391/1905/1905 388/1906/1906
f 471/1907/1907 393/1908/1908 391/1909/1909
f 471/1910/1910 395/1911/1911 393/1912/1912
f 471/1913/1913 397/1914/1914 395/1915/1915
f 471/1916/1916 399/1917/1917 397/1918/1918
f 471/1919/1919 401/1920/1920 399/1921/1921
f 471/1922/1922 403/1923/1923 401/1924/1924
f 471/1925/1925 405/1926/1926 403/1927/1927
f 471/1928/1928 407/1929/1929 405/1930/1930
f 471/1931/1931 409/1932/1932 407/1933/1933
f 471/1934/1934 387/1935/1935 409/1936/1936
f 472/1937/1937 460/1938/1938 459/1939/1939
f 472/1940/1940 459/1941/1941 461/1942/1942
f 472/1943/1943 461/1944/1944 462/1945/1945
f 472/1946/1946 462/1947/1947 463/1948/1948
f 472/1949/1949 463/1950/1950 464/1951/1951
f 472/1952/1952 464/1953/1953 465/1954/1954
f 472/1955/1955 465/1956/1956 466/1957/1957
f 472/1958/1958 466/1959/1959 467/1960/1960
f 472/1961/1961 467/1962/1962 468/1963/1963
f 472/1964/1964 468/1965/1965 469/1966/1966
f 472/1967/1967 469/1968/1968 470/1969/1969
f 472/1970/1970 470/1971/1971 460/1972/1972
f 473/1973/1973 474/1974/1974 475/1975/1975
f 473/1973/1973 475/1975/1975 476/1976/1976
f 474/1977/1977 477/1978/1978 478/1979/1979
f 474/1977/1977 478/1979/1979 475/1980/1980
f 477/1981/1981 479/1982/1982 480/1983/1983
f 477/1981/1981 480/1983/1983 478/1984/1984
f 479/1985/1985 481/1986/1986 482/1987/1987
f 479/1985/1985 482/1987/1987 480/1988/1988
f 481/1989/1989 483/1990/1990 484/1991/1991
f 481/1989/1989 484/1991/1991 482/1992/1992
f 483/1993/1993 485/1994/1994 486/1995/1995
f 483/1993/1993 486/1995/1995 484/1996/1996
f 485/1997/1997 487/1998/1998 488/1999/1999
f 485/1997/1997 488/1999/1999 486/2000/2000
f 487/2001/2001 489/2002/2002 490/2003/2003
f 487/2001/2001 490/2003/2003 488/2004/2004
f 489/2005/2005 491/2006/2006 492/2007/2007
f 489/2005/2005 492/2007/2007 490/2008/2008
f 491/2009/2009 493/2010/2010 494/2011/2011
f 491/2009/2009 494/2011/2011 492/2012/2012
f 493/2013/2013 495/2014/2014 496/2015/2015
f 493/2013/2013 496/2015/2015 494/2016/2016
f 495/2017/2017 473/2018/2018 476/2019/2019
f 495/2017/2017 476/2019/2019 496/2020/2020
f 476/2021/2021 475/2022/2022 497/2023/2023
f 476/2021/2021 497/2023/2023 498/2024/2024
f 475/2025/2025 478/2026/2026 499/2027/2027
f 475/2025/2025 499/2027/2027 497/2028/2028
f 478/2029/2029 480/2030/2030 500/2031/2031
f 478/2029/2029 500/2031/2031 499/2032/2032
f 480/2033/2033 482/2034/2034 501/2035/2035
f 480/2033/2033 501/2035/2035 500/2036/2036
f 482/2037/2037 484/2038/2038 502/2039/2039
f 482/2037/2037 502/2039/2039 501/2040/2040
f 484/2041/2041 486/2042/2042 503/2043/2043
f 484/2041/2041 503/2043/2043 502/2044/2044
f 486/2045/2045 488/2046/2046 504/2047/2047
f 486/2045/2045 504/2047/2047 503/2048/2048
f 488/2049/2049 490/2050/2050 505/2051/2051
f 488/2049/2049 505/2051/2051 504/2052/2052
f 490/2053/2053 492/2054/2054 506/2055/2055
f 490/2053/2053 506/2055/2055 505/2056/2056
f 492/2057/2057 494/2058/2058 507/2059/2059
f 492/2057/2057 507/2059/2059 506/2060/2060
f 494/2061/2061 496/2062/2062 508/2063/2063
f 494/2061/2061 508/2063/2063 507/2064/2064
f 496/2065/2065 476/2066/2066 498/2067/2067
f 496/2065/2065 498/2067/2067 508/2068/2068
f 498/2069/2069 497/2070/2070 509/2071/2071
f 498/2069/2069 509/2071/2071 510/2072/2072
f 497/2073/2073 499/2074/2074 511/2075/2075
f 497/2073/2073 511/2075/2075 509/2076/2076
f 499/2077/2077 500/2078/2078 512/2079/2079
f 499/2077/2077 512/2079/2079 511/2080/2080
f 500/2081/2081 501/2082/2082 513/2083/2083
f 500/2081/2081 513/2083/2083 512/2084/2084
f 501/2085/2085 502/2086/2086 514/2087/2087
f 501/2085/2085 514/2087/2087 513/2088/2088
f 502/2089/2089 503/2090/2090 515/2091/2091
f 502/2089/2089 515/2091/2091 514/2092/2092
f 503/2093/2093 504/2094/2094 516/2095/2095
f 503/2093/2093 516/2095/2095 515/2096/2096
f 504/2097/2097 505/2098/2098 517/2099/2099
f 504/2097/2097 517/2099/2099 516/2100/2100
f 505/2101/2101 506/2102/2102 518/2103/2103
f 505/2101/2101 518/2103/2103 517/2104/2104
f 506/2105/2105 507/2106/2106 519/2107/2107
f 506/2105/2105 519/2107/2107 518/2108/2108
f 507/2109/2109 508/2110/2110 520/2111/2111
f 507/2109/2109 520/2111/2111 519/2112/2112
f 508/2113/2113 498/2114/2114 510/2115/2115
f 508/2113/2113 510/2115/2115 520/2116/2116
f 510/2117/2117 509/2118/2118 521/2119/2119
f 510/2117/2117 521/2119/2119 522/2120/2120
f 509/2121/2121 511/2122/2122 523/2123/2123
f 509/2121/2121 523/2123/2123 521/2124/2124
f 511/2125/2125 512/2126/2126 524/2127/2127
f 511/2125/2125 524/2127/2127 523/2128/2128
f 512/2129/2129 513/2130/2130 525/2131/2131
f 512/2129/2129 525/2131/2131 524/2132/2132
f 513/2133/2133 514/2134/2134 526/2135/2135
f 513/2133/2133 526/2135/2135 525/2136/2136
f 514/2137/2137 515/2138/2138 527/2139/2139
f 514/2137/2137 527/2139/2139 526/2140/2140
f 515/2141/2141 516/2142/2142 528/2143/2143
f 515/2141/2141 528/2143/2143 527/2144/2144
f 516/2145/2145 517/2146/2146 529/2147/2147
f 516/2145/2145 529/2147/2147 528/2148/2148
f 517/2149/2149 518/2150/2150 530/2151/2151
f 517/2149/2149 530/2151/2151 529/2152/2152
f 518/2153/2153 519/2154/2154 531/2155/2155
f 518/2153/2153 531/2155/2155 530/2156/2156
f 519/2157/2157 520/2158/2158 532/2159/2159
f 519/2157/2157 532/2159/2159 531/2160/2160
f 520/2161/2161 510/2162/2162 522/2163/2163
f 520/2161/2161 522/2163/2163 532/2164/2164
f 533/2165/2165 474/2166/2166 473/2167/2167
f 533/2168/2168 477/2169/2169 474/2170/2170
f 533/2171/2171 479/2172/2172 477/2173/2173
f 533/2174/2174 481/2175/2175 479/2176/2176
f 533/2177/2177 483/2178/2178 481/2179/2179
f 533/2180/2180 485/2181/2181 483/2182/2182
f 533/2183/2183 487/2184/2184 485/2185/2185
f 533/2186/2186 489/2187/2187 487/2188/2188
f 533/2189/2189 491/2190/2190 489/2191/2191
f 533/2192/2192 493/2193/2193 491/2194/2194
f 533/2195/2195 495/2196/2196 493/2197/2197
f 533/2198/2198 473/2199/2199 495/2200/2200
f 534/2201/2201 522/2202/2202 521/2203/2203
f 534/2204/2204 521/2205/2205 523/2206/2206
f 534/2207/2207 523/2208/2208 524/2209/2209
f 534/2210/2210 524/2211/2211 525/2212/2212
f 534/2213/2213 525/2214/2214 526/2215/2215
f 534/2216/2216 526/2217/2217 527/2218/2218
f 534/2219/2219 527/2220/2220 528/2221/2221
f 534/2222/2222 528/2223/2223 529/2224/2224
f 534/2225/2225 529/2226/2226 530/2227/2227
f 534/2228/2228 530/2229/2229 531/2230/2230
f 534/2231/2231 531/2232/2232 532/2233/2233
f 534/2234/2234 532/2235/2235 522/2236/2236
f 535/2237/2237 536/2238/2238 537/2239/2239
f 535/2237/2237 537/2239/2239 538/2240/2240
f 539/2241/2241 538/2242/2242 537/2243/2243
f 540/2244/2244 536/2245/2245 535/2246/2246
f 536/2247/2247 541/2248/2248 542/2249/2249
f 536/2247/2247 542/2249/2249 537/2250/2250
f 539/2251/2251 537/2252/2252 542/2253/2253
f 540/2254/2254 541/2255/2255 536/2256/2256
f 541/2257/2257 543/2258/2258 544/2259/2259
f 541/2257/2257 544/2259/2259 542/2260/2260
f 539/2261/2261 542/2262/2262 544/2263/2263
f 540/2264/2264 543/2265/2265 541/2266/2266
f 543/2267/2267 545/2268/2268 546/2269/2269
f 543/2267/2267 546/2269/2269 544/2270/2270
f 539/2271/2271 544/2272/2272 546/2273/2273
f 540/2274/2274 545/2275/2275 543/2276/2276
f 545/2277/2277 547/2278/2278 548/2279/2279
f 545/2277/2277 548/2279/2279 546/2280/2280
f 539/2281/2281 546/2282/2282 548/2283/2283
f 540/2284/2284 547/2285/2285 545/2286/2286
f 547/2287/2287 549/2288/2288 550/2289/2289
f 547/2287/2287 550/2289/2289 548/2290/2290
f 539/2291/2291 548/2292/2292 550/2293/2293
f 540/2294/2294 549/2295/2295 547/2296/2296
f 549/2297/2297 551/2298/2298 552/2299/2299
f 549/2297/2297 552/2299/2299 550/2300/2300
f 539/2301/2301 550/2302/2302 552/2303/2303
f 540/2304/2304 551/2305/2305 549/2306/2306
f 551/2307/2307 553/2308/2308 554/2309/2309
f 551/2307/2307 554/2309/2309 552/2310/2310
f 539/2311/2311 552/2312/2312 554/2313/2313
f 540/2314/2314 553/2315/2315 551/2316/2316
f 553/2317/2317 555/2318/2318 556/2319/2319
f 553/2317/2317 556/2319/2319 554/2320/2320
f 539/2321/2321 554/2322/2322 556/2323/2323
f 540/2324/2324 555/2325/2325 553/2326/2326
f 555/2327/2327 557/2328/2328 558/2329/2329
f 555/2327/2327 558/2329/2329 556/2330/2330
f 539/2331/2331 556/2332/2332 558/2333/2333
f 540/2334/2334 557/2335/2335 555/2336/2336
f 557/2337/2337 559/2338/2338 560/2339/2339
f 557/2337/2337 560/2339/2339 558/2340/2340
f 539/2341/2341 558/2342/2342 560/2343/2343
f 540/2344/2344 559/2345/2345 557/2346/2346
f 559/2347/2347 535/2348/2348 538/2349/2349
f 559/2347/2347 538/2349/2349 560/2350/2350
f 539/2351/2351 560/2352/2352 538/2353/2353
f 540/2354/2354 535/2355/2355 559/2356/2356
f 561/2357/2357 562/2358/2358 563/2359/2359
f 561/2357/2357 563/2359/2359 564/2360/2360
f 565/2361/2361 564/2362/2362 563/2363/2363
f 566/2364/2364 562/2365/2365 561/2366/2366
f 562/2367/2367 567/2368/2368 568/2369/2369
f 562/2367/2367 568/2369/2369 563/2370/2370
f 565/2371/2371 563/2372/2372 568/2373/2373
f 566/2374/2374 567/2375/2375 562/2376/2376
f 567/2377/2377 569/2378/2378 570/2379/2379
f 567/2377/2377 570/2379/2379 568/2380/2380
f 565/2381/2381 568/2382/2382 570/2383/2383
f 566/2384/2384 569/2385/2385 567/2386/2386
f 569/2387/2387 571/2388/2388 572/2389/2389
f 569/2387/2387 572/2389/2389 570/2390/2390
f 565/2391/2391 570/2392/2392 572/2393/2393
f 566/2394/2394 571/2395/2395 569/2396/2396
f 571/2397/2397 573/2398/2398 574/2399/2399
f 571/2397/2397 574/2399/2399 572/2400/2400
f 565/2401/2401 572/2402/2402 574/2403/2403
f 566/2404/2404 573/2405/2405 571/2406/2406
f 573/2407/2407 575/2408/2408 576/2409/2409
f 573/2407/2407 576/2409/2409 574/2410/2410
f 565/2411/2411 574/2412/2412 576/2413/2413
f 566/2414/2414 575/2415/2415 573/2416/2416
f 575/2417/2417 577/2418/2418 578/2419/2419
f 575/2417/2417 578/2419/2419 576/2420/2420
f 565/2421/2421 576/2422/2422 578/2423/2423
f 566/2424/2424 577/2425/2425 575/2426/2426
f 577/2427/2427 579/2428/2428 580/2429/2429
f 577/2427/2427 580/2429/2429 578/2430/2430
f 565/2431/2431 578/2432/2432 580/2433/2433
f 566/2434/2434 579/2435/2435 577/2436/2436
f 579/2437/2437 581/2438/2438 582/2439/2439
f 579/2437/2437 582/2439/2439 580/2440/2440
f 565/2441/2441 580/2442/2442 582/2443/2443
f 566/2444/2444 581/2445/2445 579/2446/2446
f 581/2447/2447 583/2448/2448 584/2449/2449
f 581/2447/2447 584/2449/2449 582/2450/2450
f 565/2451/2451 582/2452/2452 584/2453/2453
f 566/2454/2454 583/2455/2455 581/2456/2456
f 583/2457/2457 585/2458/2458 586/2459/2459
f 583/2457/2457 586/2459/2459 584/2460/2460
f 565/2461/2461 584/2462/2462 586/2463/2463
f 566/2464/2464 585/2465/2465 583/2466/2466
f 585/2467/2467 561/2468/2468 564/2469/2469
f 585/2467/2467 564/2469/2469 586/2470/2470
f 565/2471/2471 586/2472/2472 564/2473/2473
f 566/2474/2474 561/2475/2475 585/2476/2476
f 587/2477/2477 588/2478/2478 589/2479/2479
f 587/2477/2477 589/2479/2479 590/2480/2480
f 591/2481/2481 592/2482/2482 593/2483/2483
f 591/2481/2481 593/2483/2483 594/2484/2484
f 588/2485/2485 587/2486/2486 592/2487/2487
f 588/2485/2485 592/2487/2487 591/2488/2488
f 590/2489/2489 589/2490/2490 594/2491/2491
f 590/2489/2489 594/2491/2491 593/2492/2492
f 588/2493/2493 595/2494/2494 596/2495/2495
f 588/2493/2493 596/2495/2495 589/2496/2496
f 597/2497/2497 591/2498/2498 594/2499/2499
f 597/2497/2497 594/2499/2499 598/2500/2500
f 595/2501/2501 588/2502/2502 591/2503/2503
f 595/2501/2501 591/2503/2503 597/2504/2504
f 589/2505/2505 596/2506/2506 598/2507/2507
f 589/2505/2505 598/2507/2507 594/2508/2508
f 595/2509/2509 599/2510/2510 600/2511/2511
f 595/2509/2509 600/2511/2511 596/2512/2512
f 601/2513/2513 597/2514/2514 598/2515/2515
f 601/2513/2513 598/2515/2515 602/2516/2516
f 599/2517/2517 595/2518/2518 597/2519/2519
f 599/2517/2517 597/2519/2519 601/2520/2520
f 596/2521/2521 600/2522/2522 602/2523/2523
f 596/2521/2521 602/2523/2523 598/2524/2524
f 599/2525/2525 603/2526/2526 604/2527/2527
f 599/2525/2525 604/2527/2527 600/2528/2528
f 605/2529/2529 601/2530/2530 602/2531/2531
f 605/2529/2529 602/2531/2531 606/2532/2532
f 603/2533/2533 599/2534/2534 601/2535/2535
f 603/2533/2533 601/2535/2535 605/2536/2536
f 600/2537/2537 604/2538/2538 606/2539/2539
f 600/2537/2537 606/2539/2539 602/2540/2540
f 603/2541/2541 607/2542/2542 608/2543/2543
f 603/2541/2541 608/2543/2543 604/2544/2544
f 609/2545/2545 605/2546/2546 606/2547/2547
f 609/2545/2545 606/2547/2547 610/2548/2548
f 607/2549/2549 603/2550/2550 605/2551/2551
f 607/2549/2549 605/2551/2551 609/2552/2552
f 604/2553/2553 608/2554/2554 610/2555/2555
f 604/2553/2553 610/2555/2555 606/2556/2556
f 607/2557/2557 611/2558/2558 612/2559/2559
f 607/2557/2557 612/2559/2559 608/2560/2560
f 613/2561/2561 609/2562/2562 610/2563/2563
f 613/2561/2561 610/2563/2563 614/2564/2564
f 611/2565/2565 607/2566/2566 609/2567/2567
f 611/2565/2565 609/2567/2567 613/2568/2568
f 608/2569/2569 612/2570/2570 614/2571/2571
f 608/2569/2569 614/2571/2571 610/2572/2572
f 611/2573/2573 615/2574/2574 616/2575/2575
f 611/2573/2573 616/2575/2575 612/2576/2576
f 617/2577/2577 613/2578/2578 614/2579/2579
f 617/2577/2577 614/2579/2579 618/2580/2580
f 615/2581/2581 611/2582/2582 613/2583/2583
f 615/2581/2581 613/2583/2583 617/2584/2584
f 612/2585/2585 616/2586/2586 618/2587/2587
f 612/2585/2585 618/2587/2587 614/2588/2588
f 615/2589/2589 587/2590/2590 590/2591/2591
f 615/2589/2589 590/2591/2591 616/2592/2592
f 592/2593/2593 617/2594/2594 618/2595/2595
f 592/2593/2593 618/2595/2595 593/2596/2596
f 587/2597/2597 615/2598/2598 617/2599/2599
f 587/2597/2597 617/2599/2599 592/2600/2600
f 616/2601/2601 590/2602/2602 593/2603/2603
f 616/2601/2601 593/2603/2603 618/2604/2604
f 619/2605/2605 620/2606/2606 621/2607/2607
f 619/2605/2605 621/2607/2607 622/2608/2608
f 623/2609/2609 624/2610/2610 625/2611/2611
f 623/2609/2609 625/2611/2611 626/2612/2612
f 625/2613/2613 624/2614/2614 621/2615/2615
f 625/2613/2613 621/2615/2615 620/2616/2616
f 626/2617/2617 619/2618/2618 622/2619/2619
f 626/2617/2617 622/2619/2619 623/2620/2620
f 623/2621/2621 622/2622/2622 621/2623/2623
f 623/2621/2621 621/2623/2623 624/2624/2624
f 626/2625/2625 625/2626/2626 620/2627/2627
f 626/2625/2625 620/2627/2627 619/2628/2628
f 627/2629/2629 628/2630/2630 629/2631/2631
f 627/2629/2629 629/2631/2631 630/2632/2632
f 631/2633/2633 632/2634/2634 633/2635/2635
f 631/2633/2633 633/2635/2635 634/2636/2636
f 628/2637/2637 627/2638/2638 632/2639/2639
f 628/2637/2637 632/2639/2639 631/2640/2640
f 630/2641/2641 629/2642/2642 634/2643/2643
f 630/2641/2641 634/2643/2643 633/2644/2644
f 628/2645/2645 635/2646/2646 636/2647/2647
f 628/2645/2645 636/2647/2647 629/2648/2648
f 637/2649/2649 631/2650/2650 634/2651/2651
f 637/2649/2649 634/2651/2651 638/2652/2652
f 635/2653/2653 628/2654/2654 631/2655/2655
f 635/2653/2653 631/2655/2655 637/2656/2656
f 629/2657/2657 636/2658/2658 638/2659/2659
f 629/2657/2657 638/2659/2659 634/2660/2660
f 635/2661/2661 639/2662/2662 640/2663/2663
f 635/2661/2661 640/2663/2663 636/2664/2664
f 641/2665/2665 637/2666/2666 638/2667/2667
f 641/2665/2665 638/2667/2667 642/2668/2668
f 639/2669/2669 635/2670/2670 637/2671/2671
f 639/2669/2669 637/2671/2671 641/2672/2672
f 636/2673/2673 640/2674/2674 642/2675/2675
f 636/2673/2673 642/2675/2675 638/2676/2676
f 639/2677/2677 643/2678/2678 644/2679/2679
f 639/2677/2677 644/2679/2679 640/2680/2680
f 645/2681/2681 641/2682/2682 642/2683/2683
f 645/2681/2681 642/2683/2683 646/2684/2684
f 643/2685/2685 639/2686/2686 641/2687/2687
f 643/2685/2685 641/2687/2687 645/2688/2688
f 640/2689/2689 644/2690/2690 646/2691/2691
f 640/2689/2689 646/2691/2691 642/2692/2692
f 643/2693/2693 647/2694/2694 648/2695/2695
f 643/2693/2693 648/2695/2695 644/2696/2696
f 649/2697/2697 645/2698/2698 646/2699/2699
f 649/2697/2697 646/2699/2699 650/2700/2700
f 647/2701/2701 643/2702/2702 645/2703/2703
f 647/2701/2701 645/2703/2703 649/2704/2704
f 644/2705/2705 648/2706/2706 650/2707/2707
f 644/2705/2705 650/2707/2707 646/2708/2708
f 647/2709/2709 651/2710/2710 652/2711/2711
f 647/2709/2709 652/2711/2711 648/2712/2712
f 653/2713/2713 649/2714/2714 650/2715/2715
f 653/2713/2713 650/2715/2715 654/2716/2716
f 651/2717/2717 647/2718/2718 649/2719/2719
f 651/2717/2717 649/2719/2719 653/2720/2720
f 648/2721/2721 652/2722/2722 654/2723/2723
f 648/2721/2721 654/2723/2723 650/2724/2724
f 651/2725/2725 655/2726/2726 656/2727/2727
f 651/2725/2725 656/2727/2727 652/2728/2728
f 657/2729/2729 653/2730/2730 654/2731/2731
f 657/2729/2729 654/2731/2731 658/2732/2732
f 655/2733/2733 651/2734/2734 653/2735/2735
f 655/2733/2733 653/2735/2735 657/2736/2736
f 652/2737/2737 656/2738/2738 658/2739/2739
f 652/2737/2737 658/2739/2739 654/2740/2740
f 655/2741/2741 627/2742/2742 630/2743/2743
f 655/2741/2741 630/2743/2743 656/2744/2744
f 632/2745/2745 657/2746/2746 658/2747/2747
f 632/2745/2745 658/2747/2747 633/2748/2748
f 627/2749/2749 655/2750/2750 657/2751/2751
f 627/2749/2749 657/2751/2751 632/2752/2752
f 656/2753/2753 630/2754/2754 633/2755/2755
f 656/2753/2753 633/2755/2755 658/2756/2756
f 659/2757/2757 660/2758/2758 661/2759/2759
f 659/2757/2757 661/2759/2759 662/2760/2760
f 663/2761/2761 662/2762/2762 661/2763/2763
f 664/2764/2764 660/2765/2765 659/2766/2766
f 660/2767/2767 665/2768/2768 666/2769/2769
f 660/2767/2767 666/2769/2769 661/2770/2770
f 663/2771/2771 661/2772/2772 666/2773/2773
f 664/2774/2774 665/2775/2775 660/2776/2776
f 665/2777/2777 667/2778/2778 668/2779/2779
f 665/2777/2777 668/2779/2779 666/2780/2780
f 663/2781/2781 666/2782/2782 668/2783/2783
f 664/2784/2784 667/2785/2785 665/2786/2786
f 667/2787/2787 669/2788/2788 670/2789/2789
f 667/2787/2787 670/2789/2789 668/2790/2790
f 663/2791/2791 668/2792/2792 670/2793/2793
f 664/2794/2794 669/2795/2795 667/2796/2796
f 669/2797/2797 671/2798/2798 672/2799/2799
f 669/2797/2797 672/2799/2799 670/2800/2800
f 663/2801/2801 670/2802/2802 672/2803/2803
f 664/2804/2804 671/2805/2805 669/2806/2806
f 671/2807/2807 673/2808/2808 674/2809/2809
f 671/2807/2807 674/2809/2809 672/2810/2810
f 663/2811/2811 672/2812/2812 674/2813/2813
f 664/2814/2814 673/2815/2815 671/2816/2816
f 673/2817/2817 675/2818/2818 676/2819/2819
f 673/2817/2817 676/2819/2819 674/2820/2820
f 663/2821/2821 674/2822/2822 676/2823/2823
f 664/2824/2824 675/2825/2825 673/2826/2826
f 675/2827/2827 677/2828/2828 678/2829/2829
f 675/2827/2827 678/2829/2829 676/2830/2830
f 663/2831/2831 676/2832/2832 678/2833/2833
f 664/2834/2834 677/2835/2835 675/2836/2836
f 677/2837/2837 679/2838/2838 680/2839/2839
f 677/2837/2837 680/2839/2839 678/2840/2840
f 663/2841/2841 678/2842/2842 680/2843/2843
f 664/2844/2844 679/2845/2845 677/2846/2846
f 679/2847/2847 681/2848/2848 682/2849/2849
f 679/2847/2847 682/2849/2849 680/2850/2850
f 663/2851/2851 680/2852/2852 682/2853/2853
f 664/2854/2854 681/2855/2855 679/2856/2856
f 681/2857/2857 683/2858/2858 684/2859/2859
f 681/2857/2857 684/2859/2859 682/2860/2860
f 663/2861/2861 682/2862/2862 684/2863/2863
f 664/2864/2864 683/2865/2865 681/2866/2866
f 683/2867/2867 659/2868/2868 662/2869/2869
f 683/2867/2867 662/2869/2869 684/2870/2870
f 663/2871/2871 684/2872/2872 662/2873/2873
f 664/2874/2874 659/2875/2875 683/2876/2876
f 685/2877/2877 686/2878/2878 687/2879/2879
f 685/2877/2877 687/2879/2879 688/2880/2880
f 689/2881/2881 688/2882/2882 687/2883/2883
f 690/2884/2884 686/2885/2885 685/2886/2886
f 686/2887/2887 691/2888/2888 692/2889/2889
f 686/2887/2887 692/2889/2889 687/2890/2890
f 689/2891/2891 687/2892/2892 692/2893/2893
f 690/2894/2894 691/2895/2895 686/2896/2896
f 691/2897/2897 693/2898/2898 694/2899/2899
f 691/2897/2897 694/2899/2899 692/2900/2900
f 689/2901/2901 692/2902/2902 694/2903/2903
f 690/2904/2904 693/2905/2905 691/2906/2906
f 693/2907/2907 695/2908/2908 696/2909/2909
f 693/2907/2907 696/2909/2909 694/2910/2910
f 689/2911/2911 694/2912/2912 696/2913/2913
f 690/2914/2914 695/2915/2915 693/2916/2916
f 695/2917/2917 697/2918/2918 698/2919/2919
f 695/2917/2917 698/2919/2919 696/2920/2920
f 689/2921/2921 696/2922/2922 698/2923/2923
f 690/2924/2924 697/2925/2925 695/2926/2926
f 697/2927/2927 699/2928/2928 700/2929/2929
f 697/2927/2927 700/2929/2929 698/2930/2930
f 689/2931/2931 698/2932/2932 700/2933/2933
f 690/2934/2934 699/2935/2935 697/2936/2936
f 699/2937/2937 701/2938/2938 702/2939/2939
f 699/2937/2937 702/2939/2939 700/2940/2940
f 689/2941/2941 700/2942/2942 702/2943/2943
f 690/2944/2944 701/2945/2945 699/2946/2946
f 701/2947/2947 703/2948/2948 704/2949/2949
f 701/2947/2947 704/2949/2949 702/2950/2950
f 689/2951/2951 702/2952/2952 704/2953/2953
f 690/2954/2954 703/2955/2955 701/2956/2956
f 703/2957/2957 705/2958/2958 706/2959/2959
f 703/2957/2957 706/2959/2959 704/2960/2960
f 689/2961/2961 704/2962/2962 706/2963/2963
f 690/2964/2964 705/2965/2965 703/2966/2966
f 705/2967/2967 707/2968/2968 708/2969/2969
f 705/2967/2967 708/2969/2969 706/2970/2970
f 689/2971/2971 706/2972/2972 708/2973/2973
f 690/2974/2974 707/2975/2975 705/2976/2976
f 707/2977/2977 709/2978/2978 710/2979/2979
f 707/2977/2977 710/2979/2979 708/2980/2980
f 689/2981/2981 708/2982/2982 710/2983/2983
f 690/2984/2984 709/2985/2985 707/2986/2986
f 709/2987/2987 685/2988/2988 688/2989/2989
f 709/2987/2987 688/2989/2989 710/2990/2990
f 689/2991/2991 710/2992/2992 688/2993/2993
f 690/2994/2994 685/2995/2995 709/2996/2996
f 711/2997/2997 712/2998/2998 713/2999/2999
f 711/2997/2997 713/2999/2999 714/3000/3000
f 715/3001/3001 716/3002/3002 717/3003/3003
f 715/3001/3001 717/3003/3003 718/3004/3004
f 712/3005/3005 711/3006/3006 716/3007/3007
f 712/3005/3005 716/3007/3007 715/3008/3008
f 714/3009/3009 713/3010/3010 718/3011/3011
f 714/3009/3009 718/3011/3011 717/3012/3012
f 712/3013/3013 719/3014/3014 720/3015/3015
f 712/3013/3013 720/3015/3015 713/3016/3016
f 721/3017/3017 715/3018/3018 718/3019/3019
f 721/3017/3017 718/3019/3019 722/3020/3020
f 719/3021/3021 712/3022/3022 715/3023/3023
f 719/3021/3021 715/3023/3023 721/3024/3024
f 713/3025/3025 720/3026/3026 722/3027/3027
f 713/3025/3025 722/3027/3027 718/3028/3028
f 719/3029/3029 723/3030/3030 724/3031/3031
f 719/3029/3029 724/3031/3031 720/3032/3032
f 725/3033/3033 721/3034/3034 722/3035/3035
f 725/3033/3033 722/3035/3035 726/3036/3036
f 723/3037/3037 719/3038/3038 721/3039/3039
f 723/3037/3037 721/3039/3039 725/3040/3040
f 720/3041/3041 724/3042/3042 726/3043/3043
f 720/3041/3041 726/3043/3043 722/3044/3044
f 723/3045/3045 727/3046/3046 728/3047/3047
f 723/3045/3045 728/3047/3047 724/3048/3048
f 729/3049/3049 725/3050/3050 726/3051/3051
f 729/3049/3049 726/3051/3051 730/3052/3052
f 727/3053/3053 723/3054/3054 725/3055/3055
f 727/3053/3053 725/3055/3055 729/3056/3056
f 724/3057/3057 728/3058/3058 730/3059/3059
f 724/3057/3057 730/3059/3059 726/3060/3060
f 727/3061/3061 731/3062/3062 732/3063/3063
f 727/3061/3061 732/3063/3063 728/3064/3064
f 733/3065/3065 729/3066/3066 730/3067/3067
f 733/3065/3065 730/3067/3067 734/3068/3068
f 731/3069/3069 727/3070/3070 729/3071/3071
f 731/3069/3069 729/3071/3071 733/3072/3072
f 728/3073/3073 732/3074/3074 734/3075/3075
f 728/3073/3073 734/3075/3075 730/3076/3076
f 731/3077/3077 735/3078/3078 736/3079/3079
f 731/3077/3077 736/3079/3079 732/3080/3080
f 737/3081/3081 733/3082/3082 734/3083/3083
f 737/3081/3081 734/3083/3083 738/3084/3084
f 735/3085/3085 731/3086/3086 733/3087/3087
f 735/3085/3085 733/3087/3087 737/3088/3088
f 732/3089/3089 736/3090/3090 738/3091/3091
f 732/3089/3089 738/3091/3091 734/3092/3092
f 735/3093/3093 739/3094/3094 740/3095/3095
f 735/3093/3093 740/3095/3095 736/3096/3096
f 741/3097/3097 737/3098/3098 738/3099/3099
f 741/3097/3097 738/3099/3099 742/3100/3100
f 739/3101/3101 735/3102/3102 737/3103/3103
f 739/3101/3101 737/3103/3103 741/3104/3104
f 736/3105/3105 740/3106/3106 742/3107/3107
f 736/3105/3105 742/3107/3107 738/3108/3108
f 739/3109/3109 711/3110/3110 714/3111/3111
f 739/3109/3109 714/3111/3111 740/3112/3112
f 716/3113/3113 741/3114/3114 742/3115/3115
f 716/3113/3113 742/3115/3115 717/3116/3116
f 711/3117/3117 739/3118/3118 741/3119/3119
f 711/3117/3117 741/3119/3119 716/3120/3120
f 740/3121/3121 714/3122/3122 717/3123/3123
f 740/3121/3121 717/3123/3123 742/3124/3124
f 743/3125/3125 744/3126/3126 745/3127/3127
f 743/3125/3125 745/3127/3127 746/3128/3128
f 747/3129/3129 748/3130/3130 749/3131/3131
f 747/3129/3129 749/3131/3131 750/3132/3132
f 749/3133/3133 748/3134/3134 745/3135/3135
f 749/3133/3133 745/3135/3135 744/3136/3136
f 750/3137/3137 743/3138/3138 746/3139/3139
f 750/3137/3137 746/3139/3139 747/3140/3140
f 747/3141/3141 746/3142/3142 745/3143/3143
f 747/3141/3141 745/3143/3143 748/3144/3144
f 750/3145/3145 749/3146/3146 744/3147/3147
f 750/3145/3145 744/3147/3147 743/3148/3148
f 751/3149/3149 752/3150/3150 753/3151/3151
f 751/3149/3149 753/3151/3151 754/3152/3152
f 755/3153/3153 756/3154/3154 757/3155/3155
f 755/3153/3153 757/3155/3155 758/3156/3156
f 752/3157/3157 751/3158/3158 756/3159/3159
f 752/3157/3157 756/3159/3159 755/3160/3160
f 754/3161/3161 753/3162/3162 758/3163/3163
f 754/3161/3161 758/3163/3163 757/3164/3164
f 752/3165/3165 759/3166/3166 760/3167/3167
f 752/3165/3165 760/3167/3167 753/3168/3168
f 761/3169/3169 755/3170/3170 758/3171/3171
f 761/3169/3169 758/3171/3171 762/3172/3172
f 759/3173/3173 752/3174/3174 755/3175/3175
f 759/3173/3173 755/3175/3175 761/3176/3176
f 753/3177/3177 760/3178/3178 762/3179/3179
f 753/3177/3177 762/3179/3179 758/3180/3180
f 759/3181/3181 763/3182/3182 764/3183/3183
f 759/3181/3181 764/3183/3183 760/3184/3184
f 765/3185/3185 761/3186/3186 762/3187/3187
f 765/3185/3185 762/3187/3187 766/3188/3188
f 763/3189/3189 759/3190/3190 761/3191/3191
f 763/3189/3189 761/3191/3191 765/3192/3192
f 760/3193/3193 764/3194/3194 766/3195/3195
f 760/3193/3193 766/3195/3195 762/3196/3196
f 763/3197/3197 767/3198/3198 768/3199/3199
f 763/3197/3197 768/3199/3199 764/3200/3200
f 769/3201/3201 765/3202/3202 766/3203/3203
f 769/3201/3201 766/3203/3203 770/3204/3204
f 767/3205/3205 763/3206/3206 765/3207/3207
f 767/3205/3205 765/3207/3207 769/3208/3208
f 764/3209/3209 768/3210/3210 770/3211/3211
f 764/3209/3209 770/3211/3211 766/3212/3212
f 767/3213/3213 771/3214/3214 772/3215/3215
f 767/3213/3213 772/3215/3215 768/3216/3216
f 773/3217/3217 769/3218/3218 770/3219/3219
f 773/3217/3217 770/3219/3219 774/3220/3220
f 771/3221/3221 767/3222/3222 769/3223/3223
f 771/3221/3221 769/3223/3223 773/3224/3224
f 768/3225/3225 772/3226/3226 774/3227/3227
f 768/3225/3225 774/3227/3227 770/3228/3228
f 771/3229/3229 775/3230/3230 776/3231/3231
f 771/3229/3229 776/3231/3231 772/3232/3232
f 777/3233/3233 773/3234/3234 774/3235/3235
f 777/3233/3233 774/3235/3235 778/3236/3236
f 775/3237/3237 771/3238/3238 773/3239/3239
f 775/3237/3237 773/3239/3239 777/3240/3240
f 772/3241/3241 776/3242/3242 778/3243/3243
f 772/3241/3241 778/3243/3243 774/3244/3244
f 775/3245/3245 779/3246/3246 780/3247/3247
f 775/3245/3245 780/3247/3247 776/3248/3248
f 781/3249/3249 777/3250/3250 778/3251/3251
f 781/3249/3249 778/3251/3251 782/3252/3252
f 779/3253/3253 775/3254/3254 777/3255/3255
f 779/3253/3253 777/3255/3255 781/3256/3256
f 776/3257/3257 780/3258/3258 782/3259/3259
f 776/3257/3257 782/3259/3259 778/3260/3260
f 779/3261/3261 751/3262/3262 754/3263/3263
f 779/3261/3261 754/3263/3263 780/3264/3264
f 756/3265/3265 781/3266/3266 782/3267/3267
f 756/3265/3265 782/3267/3267 757/3268/3268
f 751/3269/3269 779/3270/3270 781/3271/3271
f 751/3269/3269 781/3271/3271 756/3272/3272
f 780/3273/3273 754/3274/3274 757/3275/3275
f 780/3273/3273 757/3275/3275 782/3276/3276
f 783/3277/3277 784/3278/3278 785/3279/3279
f 783/3277/3277 785/3279/3279 786/3280/3280
f 784/3281/3281 787/3282/3282 788/3283/3283
f 784/3281/3281 788/3283/3283 785/3284/3284
f 787/3285/3285 789/3286/3286 790/3287/3287
f 787/3285/3285 790/3287/3287 788/3288/3288
f 789/3289/3289 791/3290/3290 792/3291/3291
f 789/3289/3289 792/3291/3291 790/3292/3292
f 791/3293/3293 793/3294/3294 794/3295/3295
f 791/3293/3293 794/3295/3295 792/3296/3296
f 793/3297/3297 795/3298/3298 796/3299/3299
f 793/3297/3297 796/3299/3299 794/3300/3300
f 795/3301/3301 797/3302/3302 798/3303/3303
f 795/3301/3301 798/3303/3303 796/3304/3304
f 797/3305/3305 799/3306/3306 800/3307/3307
f 797/3305/3305 800/3307/3307 798/3308/3308
f 799/3309/3309 801/3310/3310 802/3311/3311
f 799/3309/3309 802/3311/3311 800/3312/3312
f 801/3313/3313 803/3314/3314 804/3315/3315
f 801/3313/3313 804/3315/3315 802/3316/3316
f 803/3317/3317 805/3318/3318 806/3319/3319
f 803/3317/3317 806/3319/3319 804/3320/3320
f 805/3321/3321 783/3322/3322 786/3323/3323
f 805/3321/3321 786/3323/3323 806/3324/3324
f 786/3325/3325 785/3326/3326 807/3327/3327
f 786/3325/3325 807/3327/3327 808/3328/3328
f 785/3329/3329 788/3330/3330 809/3331/3331
f 785/3329/3329 809/3331/3331 807/3332/3332
f 788/3333/3333 790/3334/3334 810/3335/3335
f 788/3333/3333 810/3335/3335 809/3336/3336
f 790/3337/3337 792/3338/3338 811/3339/3339
f 790/3337/3337 811/3339/3339 810/3340/3340
f 792/3341/3341 794/3342/3342 812/3343/3343
f 792/3341/3341 812/3343/3343 811/3344/3344
f 794/3345/3345 796/3346/3346 813/3347/3347
f 794/3345/3345 813/3347/3347 812/3348/3348
f 796/3349/3349 798/3350/3350 814/3351/3351
f 796/3349/3349 814/3351/3351 813/3352/3352
f 798/3353/3353 800/3354/3354 815/3355/3355
f 798/3353/3353 815/3355/3355 814/3356/3356
f 800/3357/3357 802/3358/3358 816/3359/3359
f 800/3357/3357 816/3359/3359 815/3360/3360
f 802/3361/3361 804/3362/3362 817/3363/3363
f 802/3361/3361 817/3363/3363 816/3364/3364
f 804/3365/3365 806/3366/3366 818/3367/3367
f 804/3365/3365 818/3367/3367 817/3368/3368
f 806/3369/3369 786/3370/3370 808/3371/3371
f 806/3369/3369 808/3371/3371 818/3372/3372
f 808/3373/3373 807/3374/3374 819/3375/3375
f 808/3373/3373 819/3375/3375 820/3376/3376
f 807/3377/3377 809/3378/3378 821/3379/3379
f 807/3377/3377 821/3379/3379 819/3380/3380
f 809/3381/3381 810/3382/3382 822/3383/3383
f 809/3381/3381 822/3383/3383 821/3384/3384
f 810/3385/3385 811/3386/3386 823/3387/3387
f 810/3385/3385 823/3387/3387 822/3388/3388
f 811/3389/3389 812/3390/3390 824/3391/3391
f 811/3389/3389 824/3391/3391 823/3392/3392
f 812/3393/3393 813/3394/3394 825/3395/3395
f 812/3393/3393 825/3395/3395 824/3396/3396
f 813/3397/3397 814/3398/3398 826/3399/3399
f 813/3397/3397 826/3399/3399 825/3400/3400
f 814/3401/3401 815/3402/3402 827/3403/3403
f 814/3401/3401 827/3403/3403 826/3404/3404
f 815/3405/3405 816/3406/3406 828/3407/3407
f 815/3405/3405 828/3407/3407 827/3408/3408
f 816/3409/3409 817/3410/3410 829/3411/3411
f 816/3409/3409 829/3411/3411 828/3412/3412
f 817/3413/3413 818/3414/3414 830/3415/3415
f 817/3413/3413 830/3415/3415 829/3416/3416
f 818/3417/3417 808/3418/3418 820/3419/3419
f 818/3417/3417 820/3419/3419 830/3420/3420
f 820/3421/3421 819/3422/3422 831/3423/3423
f 820/3421/3421 831/3423/3423 832/3424/3424
f 819/3425/3425 821/3426/3426 833/3427/3427
f 819/3425/3425 833/3427/3427 831/3428/3428
f 821/3429/3429 822/3430/3430 834/3431/3431
f 821/3429/3429 834/3431/3431 833/3432/3432
f 822/3433/3433 823/3434/3434 835/3435/3435
f 822/3433/3433 835/3435/3435 834/3436/3436
f 823/3437/3437 824/3438/3438 836/3439/3439
f 823/3437/3437 836/3439/3439 835/3440/3440
f 824/3441/3441 825/3442/3442 837/3443/3443
f 824/3441/3441 837/3443/3443 836/3444/3444
f 825/3445/3445 826/3446/3446 838/3447/3447
f 825/3445/3445 838/3447/3447 837/3448/3448
f 826/3449/3449 827/3450/3450 839/3451/3451
f 826/3449/3449 839/3451/3451 838/3452/3452
f 827/3453/3453 828/3454/3454 840/3455/3455
f 827/3453/3453 840/3455/3455 839/3456/3456
f 828/3457/3457 829/3458/3458 841/3459/3459
f 828/3457/3457 841/3459/3459 840/3460/3460
f 829/3461/3461 830/3462/3462 842/3463/3463
f 829/3461/3461 842/3463/3463 841/3464/3464
f 830/3465/3465 820/3466/3466 832/3467/3467
f 830/3465/3465 832/3467/3467 842/3468/3468
f 843/3469/3469 784/3470/3470 783/3471/3471
f 843/3472/3472 787/3473/3473 784/3474/3474
f 843/3475/3475 789/3476/3476 787/3477/3477
f 843/3478/3478 791/3479/3479 789/3480/3480
f 843/3481/3481 793/3482/3482 791/3483/3483
f 843/3484/3484 795/3485/3485 793/3486/3486
f 843/3487/3487 797/3488/3488 795/3489/3489
f 843/3490/3490 799/3491/3491 797/3492/3492
f 843/3493/3493 801/3494/3494 799/3495/3495
f 843/3496/3496 803/3497/3497 801/3498/3498
f 843/3499/3499 805/3500/3500 803/3501/3501
f 843/3502/3502 783/3503/3503 805/3504/3504
f 844/3505/3505 832/3506/3506 831/3507/3507
f 844/3508/3508 831/3509/3509 833/3510/3510
f 844/3511/3511 833/3512/3512 834/3513/3513
f 844/3514/3514 834/3515/3515 835/3516/3516
f 844/3517/3517 835/3518/3518 836/3519/3519
f 844/3520/3520 836/3521/3521 837/3522/3522
f 844/3523/3523 837/3524/3524 838/3525/3525
f 844/3526/3526 838/3527/3527 839/3528/3528
f 844/3529/3529 839/3530/3530 840/3531/3531
f 844/3532/3532 840/3533/3533 841/3534/3534
f 844/3535/3535 841/3536/3536 842/3537/3537
f 844/3538/3538 842/3539/3539 832/3540/3540
f 845/3541/3541 846/3542/3542 847/3543/3543
f 845/3541/3541 847/3543/3543 848/3544/3544
f 849/3545/3545 848/3546/3546 847/3547/3547
f 850/3548/3548 846/3549/3549 845/3550/3550
f 846/3551/3551 851/3552/3552 852/3553/3553
f 846/3551/3551 852/3553/3553 847/3554/3554
f 849/3555/3555 847/3556/3556 852/3557/3557
f 850/3558/3558 851/3559/3559 846/3560/3560
f 851/3561/3561 853/3562/3562 854/3563/3563
f 851/3561/3561 854/3563/3563 852/3564/3564
f 849/3565/3565 852/3566/3566 854/3567/3567
f 850/3568/3568 853/3569/3569 851/3570/3570
f 853/3571/3571 855/3572/3572 856/3573/3573
f 853/3571/3571 856/3573/3573 854/3574/3574
f 849/3575/3575 854/3576/3576 856/3577/3577
f 850/3578/3578 855/3579/3579 853/3580/3580
f 855/3581/3581 857/3582/3582 858/3583/3583
f 855/3581/3581 858/3583/3583 856/3584/3584
f 849/3585/3585 856/3586/3586 858/3587/3587
f 850/3588/3588 857/3589/3589 855/3590/3590
f 857/3591/3591 859/3592/3592 860/3593/3593
f 857/3591/3591 860/3593/3593 858/3594/3594
f 849/3595/3595 858/3596/3596 860/3597/3597
f 850/3598/3598 859/3599/3599 857/3600/3600
f 859/3601/3601 861/3602/3602 862/3603/3603
f 859/3601/3601 862/3603/3603 860/3604/3604
f 849/3605/3605 860/3606/3606 862/3607/3607
f 850/3608/3608 861/3609/3609 859/3610/3610
f 861/3611/3611 863/3612/3612 864/3613/3613
f 861/3611/3611 864/3613/3613 862/3614/3614
f 849/3615/3615 862/3616/3616 864/3617/3617
f 850/3618/3618 863/3619/3619 861/3620/3620
f 863/3621/3621 865/3622/3622 866/3623/3623
f 863/3621/3621 866/3623/3623 864/3624/3624
f 849/3625/3625 864/3626/3626 866/3627/3627
f 850/3628/3628 865/3629/3629 863/3630/3630
f 865/3631/3631 867/3632/3632 868/3633/3633
f 865/3631/3631 868/3633/3633 866/3634/3634
f 849/3635/3635 866/3636/3636 868/3637/3637
f 850/3638/3638 867/3639/3639 865/3640/3640
f 867/3641/3641 869/3642/3642 870/3643/3643
f 867/3641/3641 870/3643/3643 868/3644/3644
f 849/3645/3645 868/3646/3646 870/3647/3647
f 850/3648/3648 869/3649/3649 867/3650/3650
f 869/3651/3651 845/3652/3652 848/3653/3653
f 869/3651/3651 848/3653/3653 870/3654/3654
f 849/3655/3655 870/3656/3656 848/3657/3657
f 850/3658/3658 845/3659/3659 869/3660/3660
f 871/3661/3661 872/3662/3662 873/3663/3663
f 871/3661/3661 873/3663/3663 874/3664/3664
f 875/3665/3665 874/3666/3666 873/3667/3667
f 876/3668/3668 872/3669/3669 871/3670/3670
f 872/3671/3671 877/3672/3672 878/3673/3673
f 872/3671/3671 878/3673/3673 873/3674/3674
f 875/3675/3675 873/3676/3676 878/3677/3677
f 876/3678/3678 877/3679/3679 872/3680/3680
f 877/3681/3681 879/3682/3682 880/3683/3683
f 877/3681/3681 880/3683/3683 878/3684/3684
f 875/3685/3685 878/3686/3686 880/3687/3687
f 876/3688/3688 879/3689/3689 877/3690/3690
f 879/3691/3691 881/3692/3692 882/3693/3693
f 879/3691/3691 882/3693/3693 880/3694/3694
f 875/3695/3695 880/3696/3696 882/3697/3697
f 876/3698/3698 881/3699/3699 879/3700/3700
f 881/3701/3701 883/3702/3702 884/3703/3703
f 881/3701/3701 884/3703/3703 882/3704/3704
f 875/3705/3705 882/3706/3706 884/3707/3707
f 876/3708/3708 883/3709/3709 881/3710/3710
f 883/3711/3711 885/3712/3712 886/3713/3713
f 883/3711/3711 886/3713/3713 884/3714/3714
f 875/3715/3715 884/3716/3716 886/3717/3717
f 876/3718/3718 885/3719/3719 883/3720/3720
f 885/3721/3721 887/3722/3722 888/3723/3723
f 885/3721/3721 888/3723/3723 886/3724/3724
f 875/3725/3725 886/3726/3726 888/3727/3727
f 876/3728/3728 887/3729/3729 885/3730/3730
f 887/3731/3731 889/3732/3732 890/3733/3733
f 887/3731/3731 890/3733/3733 888/3734/3734
f 875/3735/3735 888/3736/3736 890/3737/3737
f 876/3738/3738 889/3739/3739 887/3740/3740
f 889/3741/3741 891/3742/3742 892/3743/3743
f 889/3741/3741 892/3743/3743 890/3744/3744
f 875/3745/3745 890/3746/3746 892/3747/3747
f 876/3748/3748 891/3749/3749 889/3750/3750
f 891/3751/3751 893/3752/3752 894/3753/3753
f 891/3751/3751 894/3753/3753 892/3754/3754
f 875/3755/3755 892/3756/3756 894/3757/3757
f 876/3758/3758 893/3759/3759 891/3760/3760
f 893/3761/3761 895/3762/3762 896/3763/3763
f 893/3761/3761 896/3763/3763 894/3764/3764
f 875/3765/3765 894/3766/3766 896/3767/3767
f 876/3768/3768 895/3769/3769 893/3770/3770
f 895/3771/3771 871/3772/3772 874/3773/3773
f 895/3771/3771 874/3773/3773 896/3774/3774
f 875/3775/3775 896/3776/3776 874/3777/3777
f 876/3778/3778 871/3779/3779 895/3780/3780
f 897/3781/3781 898/3782/3782 899/3783/3783
f 897/3781/3781 899/3783/3783 900/3784/3784
f 901/3785/3785 902/3786/3786 903/3787/3787
f 901/3785/3785 903/3787/3787 904/3788/3788
f 898/3789/3789 897/3790/3790 902/3791/3791
f 898/3789/3789 902/3791/3791 901/3792/3792
f 900/3793/3793 899/3794/3794 904/3795/3795
f 900/3793/3793 904/3795/3795 903/3796/3796
f 898/3797/3797 905/3798/3798 906/3799/3799
f 898/3797/3797 906/3799/3799 899/3800/3800
f 907/3801/3801 901/3802/3802 904/3803/3803
f 907/3801/3801 904/3803/3803 908/3804/3804
f 905/3805/3805 898/3806/3806 901/3807/3807
f 905/3805/3805 901/3807/3807 907/3808/3808
f 899/3809/3809 906/3810/3810 908/3811/3811
f 899/3809/3809 908/3811/3811 904/3812/3812
f 905/3813/3813 909/3814/3814 910/3815/3815
f 905/3813/3813 910/3815/3815 906/3816/3816
f 911/3817/3817 907/3818/3818 908/3819/3819
f 911/3817/3817 908/3819/3819 912/3820/3820
f 909/3821/3821 905/3822/3822 907/3823/3823
f 909/3821/3821 907/3823/3823 911/3824/3824
f 906/3825/3825 910/3826/3826 912/3827/3827
f 906/3825/3825 912/3827/3827 908/3828/3828
f 909/3829/3829 913/3830/3830 914/3831/3831
f 909/3829/3829 914/3831/3831 910/3832/3832
f 915/3833/3833 911/3834/3834 912/3835/3835
f 915/3833/3833 912/3835/3835 916/3836/3836
f 913/3837/3837 909/3838/3838 911/3839/3839
f 913/3837/3837 911/3839/3839 915/3840/3840
f 910/3841/3841 914/3842/3842 916/3843/3843
f 910/3841/3841 916/3843/3843 912/3844/3844
f 913/3845/3845 917/3846/3846 918/3847/3847
f 913/3845/3845 918/3847/3847 914/3848/3848
f 919/3849/3849 915/3850/3850 916/3851/3851
f 919/3849/3849 916/3851/3851 920/3852/3852
f 917/3853/3853 913/3854/3854 915/3855/3855
f 917/3853/3853 915/3855/3855 919/3856/3856
f 914/3857/3857 918/3858/3858 920/3859/3859
f 914/3857/3857 920/3859/3859 916/3860/3860
f 917/3861/3861 921/3862/3862 922/3863/3863
f 917/3861/3861 922/3863/3863 918/3864/3864
f 923/3865/3865 919/3866/3866 920/3867/3867
f 923/3865/3865 920/3867/3867 924/3868/3868
f 921/3869/3869 917/3870/3870 919/3871/3871
f 921/3869/3869 919/3871/3871 923/3872/3872
f 918/3873/3873 922/3874/3874 924/3875/3875
f 918/3873/3873 924/3875/3875 920/3876/3876
f 921/3877/3877 925/3878/3878 926/3879/3879
f 921/3877/3877 926/3879/3879 922/3880/3880
f 927/3881/3881 923/3882/3882 924/3883/3883
f 927/3881/3881 924/3883/3883 928/3884/3884
f 925/3885/3885 921/3886/3886 923/3887/3887
f 925/3885/3885 923/3887/3887 927/3888/3888
f 922/3889/3889 926/3890/3890 928/3891/3891
f 922/3889/3889 928/3891/3891 924/3892/3892
f 925/3893/3893 897/3894/3894 900/3895/3895
f 925/3893/3893 900/3895/3895 926/3896/3896
f 902/3897/3897 927/3898/3898 928/3899/3899
f 902/3897/3897 928/3899/3899 903/3900/3900
f 897/3901/3901 925/3902/3902 927/3903/3903
f 897/3901/3901 927/3903/3903 902/3904/3904
f 926/3905/3905 900/3906/3906 903/3907/3907
f 926/3905/3905 903/3907/3907 928/3908/3908
f 929/3909/3909 930/3910/3910 931/3911/3911
f 929/3909/3909 931/3911/3911 932/3912/3912
f 933/3913/3913 934/3914/3914 935/3915/3915
f 933/3913/3913 935/3915/3915 936/3916/3916
f 935/3917/3917 934/3918/3918 931/3919/3919
f 935/3917/3917 931/3919/3919 930/3920/3920
f 936/3921/3921 929/3922/3922 932/3923/3923
f 936/3921/3921 932/3923/3923 933/3924/3924
f 933/3925/3925 932/3926/3926 931/3927/3927
f 933/3925/3925 931/3927/3927 934/3928/3928
f 936/3929/3929 935/3930/3930 930/3931/3931
f 936/3929/3929 930/3931/3931 929/3932/3932
f 937/3933/3933 938/3934/3934 939/3935/3935
f 937/3933/3933 939/3935/3935 940/3936/3936
f 941/3937/3937 942/3938/3938 943/3939/3939
f 941/3937/3937 943/3939/3939 944/3940/3940
f 938/3941/3941 937/3942/3942 942/3943/3943
f 938/3941/3941 942/3943/3943 941/3944/3944
f 940/3945/3945 939/3946/3946 944/3947/3947
f 940/3945/3945 944/3947/3947 943/3948/3948
f 938/3949/3949 945/3950/3950 946/3951/3951
f 938/3949/3949 946/3951/3951 939/3952/3952
f 947/3953/3953 941/3954/3954 944/3955/3955
f 947/3953/3953 944/3955/3955 948/3956/3956
f 945/3957/3957 938/3958/3958 941/3959/3959
f 945/3957/3957 941/3959/3959 947/3960/3960
f 939/3961/3961 946/3962/3962 948/3963/3963
f 939/3961/3961 948/3963/3963 944/3964/3964
f 945/3965/3965 949/3966/3966 950/3967/3967
f 945/3965/3965 950/3967/3967 946/3968/3968
f 951/3969/3969 947/3970/3970 948/3971/3971
f 951/3969/3969 948/3971/3971 952/3972/3972
f 949/3973/3973 945/3974/3974 947/3975/3975
f 949/3973/3973 947/3975/3975 951/3976/3976
f 946/3977/3977 950/3978/3978 952/3979/3979
f 946/3977/3977 952/3979/3979 948/3980/3980
f 949/3981/3981 953/3982/3982 954/3983/3983
f 949/3981/3981 954/3983/3983 950/3984/3984
f 955/3985/3985 951/3986/3986 952/3987/3987
f 955/3985/3985 952/3987/3987 956/3988/3988
f 953/3989/3989 949/3990/3990 951/3991/3991
f 953/3989/3989 951/3991/3991 955/3992/3992
f 950/3993/3993 954/3994/3994 956/3995/3995
f 950/3993/3993 956/3995/3995 952/3996/3996
f 953/3997/3997 957/3998/3998 958/3999/3999
f 953/3997/3997 958/3999/3999 954/4000/4000
f 959/4001/4001 955/4002/4002 956/4003/4003
f 959/4001/4001 956/4003/4003 960/4004/4004
f 957/4005/4005 953/4006/4006 955/4007/4007
f 957/4005/4005 955/4007/4007 959/4008/4008
f 954/4009/4009 958/4010/4010 960/4011/4011
f 954/4009/4009 960/4011/4011 956/4012/4012
f 957/4013/4013 961/4014/4014 962/4015/4015
f 957/4013/4013 962/4015/4015 958/4016/4016
f 963/4017/4017 959/4018/4018 960/4019/4019
f 963/4017/4017 960/4019/4019 964/4020/4020
f 961/4021/4021 957/4022/4022 959/4023/4023
f 961/4021/4021 959/4023/4023 963/4024/4024
f 958/4025/4025 962/4026/4026 964/4027/4027
f 958/4025/4025 964/4027/4027 960/4028/4028
f 961/4029/4029 965/4030/4030 966/4031/4031
f 961/4029/4029 966/4031/4031 962/4032/4032
f 967/4033/4033 963/4034/4034 964/4035/4035
f 967/4033/4033 964/4035/4035 968/4036/4036
f 965/4037/4037 961/4038/4038 963/4039/4039
f 965/4037/4037 963/4039/4039 967/4040/4040
f 962/4041/4041 966/4042/4042 968/4043/4043
f 962/4041/4041 968/4043/4043 964/4044/4044
f 965/4045/4045 937/4046/4046 940/4047/4047
f 965/4045/4045 940/4047/4047 966/4048/4048
f 942/4049/4049 967/4050/4050 968/4051/4051
f 942/4049/4049 968/4051/4051 943/4052/4052
f 937/4053/4053 965/4054/4054 967/4055/4055
f 937/4053/4053 967/4055/4055 942/4056/4056
f 966/4057/4057 940/4058/4058 943/4059/4059
f 966/4057/4057 943/4059/4059 968/4060/4060
f 969/4061/4061 970/4062/4062 971/4063/4063
f 969/4061/4061 971/4063/4063 972/4064/4064
f 970/4065/4065 973/4066/4066 974/4067/4067
f 970/4065/4065 974/4067/4067 971/4068/4068
f 973/4069/4069 975/4070/4070 976/4071/4071
f 973/4069/4069 976/4071/4071 974/4072/4072
f 975/4073/4073 969/4074/4074 972/4075/4075
f 975/4073/4073 972/4075/4075 976/4076/4076
f 969/4077/4077 975/4078/4078 973/4079/4079
f 969/4077/4077 973/4079/4079 970/4080/4080
f 972/4081/4081 971/4082/4082 974/4083/4083
f 972/4081/4081 974/4083/4083 976/4084/4084
f 977/4085/4085 978/4086/4086 979/4087/4087
f 977/4085/4085 979/4087/4087 980/4088/4088
f 978/4089/4089 981/4090/4090 982/4091/4091
f 978/4089/4089 982/4091/4091 979/4092/4092
f 981/4093/4093 983/4094/4094 984/4095/4095
f 981/4093/4093 984/4095/4095 982/4096/4096
f 983/4097/4097 977/4098/4098 980/4099/4099
f 983/4097/4097 980/4099/4099 984/4100/4100
f 977/4101/4101 983/4102/4102 981/4103/4103
f 977/4101/4101 981/4103/4103 978/4104/4104
f 980/4105/4105 979/4106/4106 982/4107/4107
f 980/4105/4105 982/4107/4107 984/4108/4108
f 985/4109/4109 986/4110/4110 987/4111/4111
f 985/4109/4109 987/4111/4111 988/4112/4112
f 986/4113/4113 989/4114/4114 990/4115/4115
f 986/4113/4113 990/4115/4115 987/4116/4116
f 989/4117/4117 991/4118/4118 992/4119/4119
f 989/4117/4117 992/4119/4119 990/4120/4120
f 991/4121/4121 985/4122/4122 988/4123/4123
f 991/4121/4121 988/4123/4123 992/4124/4124
f 985/4125/4125 991/4126/4126 989/4127/4127
f 985/4125/4125 989/4127/4127 986/4128/4128
f 988/4129/4129 987/4130/4130 990/4131/4131
f 988/4129/4129 990/4131/4131 992/4132/4132
f 993/4133/4133 994/4134/4134 995/4135/4135
f 993/4133/4133 995/4135/4135 996/4136/4136
f 994/4137/4137 997/4138/4138 998/4139/4139
f 994/4137/4137 998/4139/4139 995/4140/4140
f 997/4141/4141 999/4142/4142 1000/4143/4143
f 997/4141/4141 1000/4143/4143 998/4144/4144
f 999/4145/4145 993/4146/4146 996/4147/4147
f 999/4145/4145 996/4147/4147 1000/4148/4148
f 993/4149/4149 999/4150/4150 997/4151/4151
f 993/4149/4149 997/4151/4151 994/4152/4152
f 996/4153/4153 995/4154/4154 998/4155/4155
f 996/4153/4153 998/4155/4155 1000/4156/4156
f 1001/4157/4157 1002/4158/4158 1003/4159/4159
f 1001/4157/4157 1003/4159/4159 1004/4160/4160
f 1002/4161/4161 1005/4162/4162 1006/4163/4163
f 1002/4161/4161 1006/4163/4163 1003/4164/4164
f 1005/4165/4165 1007/4166/4166 1008/4167/4167
f 1005/4165/4165 1008/4167/4167 1006/4168/4168
f 1007/4169/4169 1001/4170/4170 1004/4171/4171
f 1007/4169/4169 1004/4171/4171 1008/4172/4172
f 1001/4173/4173 1007/4174/4174 1005/4175/4175
f 1001/4173/4173 1005/4175/4175 1002/4176/4176
f 1004/4177/4177 1003/4178/4178 1006/4179/4179
f 1004/4177/4177 1006/4179/4179 1008/4180/4180
f 1009/4181/4181 1010/4182/4182 1011/4183/4183
f 1009/4181/4181 1011/4183/4183 1012/4184/4184
f 1010/4185/4185 1013/4186/4186 1014/4187/4187
f 1010/4185/4185 1014/4187/4187 1011/4188/4188
f 1013/4189/4189 1015/4190/4190 1016/4191/4191
f 1013/4189/4189 1016/4191/4191 1014/4192/4192
f 1015/4193/4193 1017/4194/4194 1018/4195/4195
f 1015/4193/4193 1018/4195/4195 1016/4196/4196
f 1017/4197/4197 1019/4198/4198 1020/4199/4199
f 1017/4197/4197 1020/4199/4199 1018/4200/4200
f 1019/4201/4201 1021/4202/4202 1022/4203/4203
f 1019/4201/4201 1022/4203/4203 1020/4204/4204
f 1021/4205/4205 1023/4206/4206 1024/4207/4207
f 1021/4205/4205 1024/4207/4207 1022/4208/4208
f 1023/4209/4209 1025/4210/4210 1026/4211/4211
f 1023/4209/4209 1026/4211/4211 1024/4212/4212
f 1025/4213/4213 1027/4214/4214 1028/4215/4215
f 1025/4213/4213 1028/4215/4215 1026/4216/4216
f 1027/4217/4217 1009/4218/4218 1012/4219/4219
f 1027/4217/4217 1012/4219/4219 1028/4220/4220
f 1012/4221/4221 1011/4222/4222 1029/4223/4223
f 1012/4221/4221 1029/4223/4223 1030/4224/4224
f 1011/4225/4225 1014/4226/4226 1031/4227/4227
f 1011/4225/4225 1031/4227/4227 1029/4228/4228
f 1014/4229/4229 1016/4230/4230 1032/4231/4231
f 1014/4229/4229 1032/4231/4231 1031/4232/4232
f 1016/4233/4233 1018/4234/4234 1033/4235/4235
f 1016/4233/4233 1033/4235/4235 1032/4236/4236
f 1018/4237/4237 1020/4238/4238 1034/4239/4239
f 1018/4237/4237 1034/4239/4239 1033/4240/4240
f 1020/4241/4241 1022/4242/4242 1035/4243/4243
f 1020/4241/4241 1035/4243/4243 1034/4244/4244
f 1022/4245/4245 1024/4246/4246 1036/4247/4247
f 1022/4245/4245 1036/4247/4247 1035/4248/4248
f 1024/4249/4249 1026/4250/4250 1037/4251/4251
f 1024/4249/4249 1037/4251/4251 1036/4252/4252
f 1026/4253/4253 1028/4254/4254 1038/4255/4255
f 1026/4253/4253 1038/4255/4255 1037/4256/4256
f 1028/4257/4257 1012/4258/4258 1030/4259/4259
f 1028/4257/4257 1030/4259/4259 1038/4260/4260
f 1030/4261/4261 1029/4262/4262 1039/4263/4263
f 1030/4261/4261 1039/4263/4263 1040/4264/4264
f 1029/4265/4265 1031/4266/4266 1041/4267/4267
f 1029/4265/4265 1041/4267/4267 1039/4268/4268
f 1031/4269/4269 1032/4270/4270 1042/4271/4271
f 1031/4269/4269 1042/4271/4271 1041/4272/4272
f 1032/4273/4273 1033/4274/4274 1043/4275/4275
f 1032/4273/4273 1043/4275/4275 1042/4276/4276
f 1033/4277/4277 1034/4278/4278 1044/4279/4279
f 1033/4277/4277 1044/4279/4279 1043/4280/4280
f 1034/4281/4281 1035/4282/4282 1045/4283/4283
f 1034/4281/4281 1045/4283/4283 1044/4284/4284
f 1035/4285/4285 1036/4286/4286 1046/4287/4287
f 1035/4285/4285 1046/4287/4287 1045/4288/4288
f 1036/4289/4289 1037/4290/4290 1047/4291/4291
f 1036/4289/4289 1047/4291/4291 1046/4292/4292
f 1037/4293/4293 1038/4294/4294 1048/4295/4295
f 1037/4293/4293 1048/4295/4295 1047/4296/4296
f 1038/4297/4297 1030/4298/4298 1040/4299/4299
f 1038/4297/4297 1040/4299/4299 1048/4300/4300
f 1040/4301/4301 1039/4302/4302 1049/4303/4303
f 1040/4301/4301 1049/4303/4303 1050/4304/4304
f 1039/4305/4305 1041/4306/4306 1051/4307/4307
f 1039/4305/4305 1051/4307/4307 1049/4308/4308
f 1041/4309/4309 1042/4310/4310 1052/4311/4311
f 1041/4309/4309 1052/4311/4311 1051/4312/4312
f 1042/4313/4313 1043/4314/4314 1053/4315/4315
f 1042/4313/4313 1053/4315/4315 1052/4316/4316
f 1043/4317/4317 1044/4318/4318 1054/4319/4319
f 1043/4317/4317 1054/4319/4319 1053/4320/4320
f 1044/4321/4321 1045/4322/4322 1055/4323/4323
f 1044/4321/4321 1055/4323/4323 1054/4324/4324
f 1045/4325/4325 1046/4326/4326 1056/4327/4327
f 1045/4325/4325 1056/4327/4327 1055/4328/4328
f 1046/4329/4329 1047/4330/4330 1057/4331/4331
f 1046/4329/4329 1057/4331/4331 1056/4332/4332
f 1047/4333/4333 1048/4334/4334 1058/4335/4335
f 1047/4333/4333 1058/4335/4335 1057/4336/4336
f 1048/4337/4337 1040/4338/4338 1050/4339/4339
f 1048/4337/4337 1050/4339/4339 1058/4340/4340
f 1059/4341/4341 1010/4342/4342 1009/4343/4343
f 1059/4344/4344 1013/4345/4345 1010/4346/4346
f 1059/4347/4347 1015/4348/4348 1013/4349/4349
f 1059/4350/4350 1017/4351/4351 1015/4352/4352
f 1059/4353/4353 1019/4354/4354 1017/4355/4355
f 1059/4356/4356 1021/4357/4357 1019/4358/4358
f 1059/4359/4359 1023/4360/4360 1021/4361/4361
f 1059/4362/4362 1025/4363/4363 1023/4364/4364
f 1059/4365/4365 1027/4366/4366 1025/4367/4367
f 1059/4368/4368 1009/4369/4369 1027/4370/4370
f 1060/4371/4371 1050/4372/4372 1049/4373/4373
f 1060/4374/4374 1049/4375/4375 1051/4376/4376
f 1060/4377/4377 1051/4378/4378 1052/4379/4379
f 1060/4380/4380 1052/4381/4381 1053/4382/4382
f 1060/4383/4383 1053/4384/4384 1054/4385/4385
f 1060/4386/4386 1054/4387/4387 1055/4388/4388
f 1060/4389/4389 1055/4390/4390 1056/4391/4391
f 1060/4392/4392 1056/4393/4393 1057/4394/4394
f 1060/4395/4395 1057/4396/4396 1058/4397/4397
f 1060/4398/4398 1058/4399/4399 1050/4400/4400
f 1061/4401/4401 1062/4402/4402 1063/4403/4403
f 1061/4401/4401 1063/4403/4403 1064/4404/4404
f 1062/4405/4405 1065/4406/4406 1066/4407/4407
f 1062/4405/4405 1066/4407/4407 1063/4408/4408
f 1065/4409/4409 1067/4410/4410 1068/4411/4411
f 1065/4409/4409 1068/4411/4411 1066/4412/4412
f 1067/4413/4413 1069/4414/4414 1070/4415/4415
f 1067/4413/4413 1070/4415/4415 1068/4416/4416
f 1069/4417/4417 1071/4418/4418 1072/4419/4419
f 1069/4417/4417 1072/4419/4419 1070/4420/4420
f 1071/4421/4421 1073/4422/4422 1074/4423/4423
f 1071/4421/4421 1074/4423/4423 1072/4424/4424
f 1073/4425/4425 1075/4426/4426 1076/4427/4427
f 1073/4425/4425 1076/4427/4427 1074/4428/4428
f 1075/4429/4429 1077/4430/4430 1078/4431/4431
f 1075/4429/4429 1078/4431/4431 1076/4432/4432
f 1077/4433/4433 1079/4434/4434 1080/4435/4435
f 1077/4433/4433 1080/4435/4435 1078/4436/4436
f 1079/4437/4437 1061/4438/4438 1064/4439/4439
f 1079/4437/4437 1064/4439/4439 1080/4440/4440
f 1064/4441/4441 1063/4442/4442 1081/4443/4443
f 1064/4441/4441 1081/4443/4443 1082/4444/4444
f 1063/4445/4445 1066/4446/4446 1083/4447/4447
f 1063/4445/4445 1083/4447/4447 1081/4448/4448
f 1066/4449/4449 1068/4450/4450 1084/4451/4451
f 1066/4449/4449 1084/4451/4451 1083/4452/4452
f 1068/4453/4453 1070/4454/4454 1085/4455/4455
f 1068/4453/4453 1085/4455/4455 1084/4456/4456
f 1070/4457/4457 1072/4458/4458 1086/4459/4459
f 1070/4457/4457 1086/4459/4459 1085/4460/4460
f 1072/4461/4461 1074/4462/4462 1087/4463/4463
f 1072/4461/4461 1087/4463/4463 1086/4464/4464
f 1074/4465/4465 1076/4466/4466 1088/4467/4467
f 1074/4465/4465 1088/4467/4467 1087/4468/4468
f 1076/4469/4469 1078/4470/4470 1089/4471/4471
f 1076/4469/4469 1089/4471/4471 1088/4472/4472
f 1078/4473/4473 1080/4474/4474 1090/4475/4475
f 1078/4473/4473 1090/4475/4475 1089/4476/4476
f 1080/4477/4477 1064/4478/4478 1082/4479/4479
f 1080/4477/4477 1082/4479/4479 1090/4480/4480
f 1082/4481/4481 1081/4482/4482 1091/4483/4483
f 1082/4481/4481 1091/4483/4483 1092/4484/4484
f 1081/4485/4485 1083/4486/4486 1093/4487/4487
f 1081/4485/4485 1093/4487/4487 1091/4488/4488
f 1083/4489/4489 1084/4490/4490 1094/4491/4491
f 1083/4489/4489 1094/4491/4491 1093/4492/4492
f 1084/4493/4493 1085/4494/4494 1095/4495/4495
f 1084/4493/4493 1095/4495/4495 1094/4496/4496
f 1085/4497/4497 1086/4498/4498 1096/4499/4499
f 1085/4497/4497 1096/4499/4499 1095/4500/4500
f 1086/4501/4501 1087/4502/4502 1097/4503/4503
f 1086/4501/4501 1097/4503/4503 1096/4504/4504
f 1087/4505/4505 1088/4506/4506 1098/4507/4507
f 1087/4505/4505 1098/4507/4507 1097/4508/4508
f 1088/4509/4509 1089/4510/4510 1099/4511/4511
f 1088/4509/4509 1099/4511/4511 1098/4512/4512
f 1089/4513/4513 1090/4514/4514 1100/4515/4515
f 1089/4513/4513 1100/4515/4515 1099/4516/4516
f 1090/4517/4517 1082/4518/4518 1092/4519/4519
f 1090/4517/4517 1092/4519/4519 1100/4520/4520
f 1092/4521/4521 1091/4522/4522 1101/4523/4523
f 1092/4521/4521 1101/4523/4523 1102/4524/4524
f 1091/4525/4525 1093/4526/4526 1103/4527/4527
f 1091/4525/4525 1103/4527/4527 1101/4528/4528
f 1093/4529/4529 1094/4530/4530 1104/4531/4531
f 1093/4529/4529 1104/4531/4531 1103/4532/4532
f 1094/4533/4533 1095/4534/4534 1105/4535/4535
f 1094/4533/4533 1105/4535/4535 1104/4536/4536
f 1095/4537/4537 1096/4538/4538 1106/4539/4539
f 1095/4537/4537 1106/4539/4539 1105/4540/4540
f 1096/4541/4541 1097/4542/4542 1107/4543/4543
f 1096/4541/4541 1107/4543/4543 1106/4544/4544
f 1097/4545/4545 1098/4546/4546 1108/4547/4547
f 1097/4545/4545 1108/4547/4547 1107/4548/4548
f 1098/4549/4549 1099/4550/4550 1109/4551/4551
f 1098/4549/4549 1109/4551/4551 1108/4552/4552
f 1099/4553/4553 1100/4554/4554 1110/4555/4555
f 1099/4553/4553 1110/4555/4555 1109/4556/4556
f 1100/4557/4557 1092/4558/4558 1102/4559/4559
f 1100/4557/4557 1102/4559/4559 1110/4560/4560
f 1111/4561/4561 1062/4562/4562 1061/4563/4563
f 1111/4564/4564 1065/4565/4565 1062/4566/4566
f 1111/4567/4567 1067/4568/4568 1065/4569/4569
f 1111/4570/4570 1069/4571/4571 1067/4572/4572
f 1111/4573/4573 1071/4574/4574 1069/4575/4575
f 1111/4576/4576 1073/4577/4577 1071/4578/4578
f 1111/4579/4579 1075/4580/4580 1073/4581/4581
f 1111/4582/4582 1077/4583/4583 1075/4584/4584
f 1111/4585/4585 1079/4586/4586 1077/4587/4587
f 1111/4588/4588 1061/4589/4589 1079/4590/4590
f 1112/4591/4591 1102/4592/4592 1101/4593/4593
f 1112/4594/4594 1101/4595/4595 1103/4596/4596
f 1112/4597/4597 1103/4598/4598 1104/4599/4599
f 1112/4600/4600 1104/4601/4601 1105/4602/4602
f 1112/4603/4603 1105/4604/4604 1106/4605/4605
f 1112/4606/4606 1106/4607/4607 1107/4608/4608
f 1112/4609/4609 1107/4610/4610 1108/4611/4611
f 1112/4612/4612 1108/4613/4613 1109/4614/4614
f 1112/4615/4615 1109/4616/4616 1110/4617/4617
f 1112/4618/4618 1110/4619/4619 1102/4620/4620
f 1113/4621/4621 1114/4622/4622 1115/4623/4623
f 1113/4621/4621 1115/4623/4623 1116/4624/4624
f 1114/4625/4625 1117/4626/4626 1118/4627/4627
f 1114/4625/4625 1118/4627/4627 1115/4628/4628
f 1117/4629/4629 1119/4630/4630 1120/4631/4631
f 1117/4629/4629 1120/4631/4631 1118/4632/4632
f 1119/4633/4633 1121/4634/4634 1122/4635/4635
f 1119/4633/4633 1122/4635/4635 1120/4636/4636
f 1121/4637/4637 1123/4638/4638 1124/4639/4639
f 1121/4637/4637 1124/4639/4639 1122/4640/4640
f 1123/4641/4641 1125/4642/4642 1126/4643/4643
f 1123/4641/4641 1126/4643/4643 1124/4644/4644
f 1125/4645/4645 1127/4646/4646 1128/4647/4647
f 1125/4645/4645 1128/4647/4647 1126/4648/4648
f 1127/4649/4649 1129/4650/4650 1130/4651/4651
f 1127/4649/4649 1130/4651/4651 1128/4652/4652
f 1129/4653/4653 1131/4654/4654 1132/4655/4655
f 1129/4653/4653 1132/4655/4655 1130/4656/4656
f 1131/4657/4657 1133/4658/4658 1134/4659/4659
f 1131/4657/4657 1134/4659/4659 1132/4660/4660
f 1133/4661/4661 1135/4662/4662 1136/4663/4663
f 1133/4661/4661 1136/4663/4663 1134/4664/4664
f 1135/4665/4665 1113/4666/4666 1116/4667/4667
f 1135/4665/4665 1116/4667/4667 1136/4668/4668
f 1116/4669/4669 1115/4670/4670 1137/4671/4671
f 1116/4669/4669 1137/4671/4671 1138/4672/4672
f 1115/4673/4673 1118/4674/4674 1139/4675/4675
f 1115/4673/4673 1139/4675/4675 1137/4676/4676
f 1118/4677/4677 1120/4678/4678 1140/4679/4679
f 1118/4677/4677 1140/4679/4679 1139/4680/4680
f 1120/4681/4681 1122/4682/4682 1141/4683/4683
f 1120/4681/4681 1141/4683/4683 1140/4684/4684
f 1122/4685/4685 1124/4686/4686 1142/4687/4687
f 1122/4685/4685 1142/4687/4687 1141/4688/4688
f 1124/4689/4689 1126/4690/4690 1143/4691/4691
f 1124/4689/4689 1143/4691/4691 1142/4692/4692
f 1126/4693/4693 1128/4694/4694 1144/4695/4695
f 1126/4693/4693 1144/4695/4695 1143/4696/4696
f 1128/4697/4697 1130/4698/4698 1145/4699/4699
f 1128/4697/4697 1145/4699/4699 1144/4700/4700
f 1130/4701/4701 1132/4702/4702 1146/4703/4703
f 1130/4701/4701 1146/4703/4703 1145/4704/4704
f 1132/4705/4705 1134/4706/4706 1147/4707/4707
f 1132/4705/4705 1147/4707/4707 1146/4708/4708
f 1134/4709/4709 1136/4710/4710 1148/4711/4711
f 1134/4709/4709 1148/4711/4711 1147/4712/4712
f 1136/4713/4713 1116/4714/4714 1138/4715/4715
f 1136/4713/4713 1138/4715/4715 1148/4716/4716
f 1138/4717/4717 1137/4718/4718 1149/4719/4719
f 1138/4717/4717 1149/4719/4719 1150/4720/4720
f 1137/4721/4721 1139/4722/4722 1151/4723/4723
f 1137/4721/4721 1151/4723/4723 1149/4724/4724
f 1139/4725/4725 1140/4726/4726 1152/4727/4727
f 1139/4725/4725 1152/4727/4727 1151/4728/4728
f 1140/4729/4729 1141/4730/4730 1153/4731/4731
f 1140/4729/4729 1153/4731/4731 1152/4732/4732
f 1141/4733/4733 1142/4734/4734 1154/4735/4735
f 1141/4733/4733 1154/4735/4735 1153/4736/4736
f 1142/4737/4737 1143/4738/4738 1155/4739/4739
f 1142/4737/4737 1155/4739/4739 1154/4740/4740
f 1143/4741/4741 1144/4742/4742 1156/4743/4743
f 1143/4741/4741 1156/4743/4743 1155/4744/4744
f 1144/4745/4745 1145/4746/4746 1157/4747/4747
f 1144/4745/4745 1157/4747/4747 1156/4748/4748
f 1145/4749/4749 1146/4750/4750 1158/4751/4751
f 1145/4749/4749 1158/4751/4751 1157/4752/4752
f 1146/4753/4753 1147/4754/4754 1159/4755/4755
f 1146/4753/4753 1159/4755/4755 1158/4756/4756
f 1147/4757/4757 1148/4758/4758 1160/4759/4759
f 1147/4757/4757 1160/4759/4759 1159/4760/4760
f 1148/4761/4761 1138/4762/4762 1150/4763/4763
f 1148/4761/4761 1150/4763/4763 1160/4764/4764
f 1161/4765/4765 1114/4766/4766 1113/4767/4767
f 1161/4768/4768 1117/4769/4769 1114/4770/4770
f 1161/4771/4771 1119/4772/4772 1117/4773/4773
f 1161/4774/4774 1121/4775/4775 1119/4776/4776
f 1161/4777/4777 1123/4778/4778 1121/4779/4779
f 1161/4780/4780 1125/4781/4781 1123/4782/4782
f 1161/4783/4783 1127/4784/4784 1125/4785/4785
f 1161/4786/4786 1129/4787/4787 1127/4788/4788
f 1161/4789/4789 1131/4790/4790 1129/4791/4791
f 1161/4792/4792 1133/4793/4793 1131/4794/4794
f 1161/4795/4795 1135/4796/4796 1133/4797/4797
f 1161/4798/4798 1113/4799/4799 1135/4800/4800
f 1150/4801/4801 1149/4802/4802 1162/4803/4803
f 1149/4804/4804 1151/4805/4805 1162/4806/4806
f 1151/4807/4807 1152/4808/4808 1162/4809/4809
f 1152/4810/4810 1153/4811/4811 1162/4812/4812
f 1153/4813/4813 1154/4814/4814 1162/4815/4815
f 1154/4816/4816 1155/4817/4817 1162/4818/4818
f 1155/4819/4819 1156/4820/4820 1162/4821/4821
f 1156/4822/4822 1157/4823/4823 1162/4824/4824
f 1157/4825/4825 1158/4826/4826 1162/4827/4827
f 1158/4828/4828 1159/4829/4829 1162/4830/4830
f 1159/4831/4831 1160/4832/4832 1162/4833/4833
f 1160/4834/4834 1150/4835/4835 1162/4836/4836
f 1163/4837/4837 1164/4838/4838 1165/4839/4839
f 1163/4837/4837 1165/4839/4839 1166/4840/4840
f 1166/4841/4841 1165/4842/4842 1167/4843/4843
f 1166/4841/4841 1167/4843/4843 1168/4844/4844
f 1168/4845/4845 1167/4846/4846 1169/4847/4847
f 1168/4845/4845 1169/4847/4847 1170/4848/4848
f 1170/4849/4849 1169/4850/4850 1171/4851/4851
f 1170/4849/4849 1171/4851/4851 1172/4852/4852
f 1172/4853/4853 1171/4854/4854 1173/4855/4855
f 1172/4853/4853 1173/4855/4855 1174/4856/4856
f 1174/4857/4857 1173/4858/4858 1175/4859/4859
f 1174/4857/4857 1175/4859/4859 1176/4860/4860
f 1176/4861/4861 1175/4862/4862 1177/4863/4863
f 1176/4861/4861 1177/4863/4863 1178/4864/4864
f 1178/4865/4865 1177/4866/4866 1179/4867/4867
f 1178/4865/4865 1179/4867/4867 1180/4868/4868
f 1180/4869/4869 1179/4870/4870 1181/4871/4871
f 1180/4869/4869 1181/4871/4871 1182/4872/4872
f 1182/4873/4873 1181/4874/4874 1183/4875/4875
f 1182/4873/4873 1183/4875/4875 1184/4876/4876
f 1184/4877/4877 1183/4878/4878 1185/4879/4879
f 1184/4877/4877 1185/4879/4879 1186/4880/4880
f 1186/4881/4881 1185/4882/4882 1164/4883/4883
f 1186/4881/4881 1164/4883/4883 1163/4884/4884
f 1164/4885/4885 1187/4886/4886 1188/4887/4887
f 1164/4885/4885 1188/4887/4887 1165/4888/4888
f 1165/4889/4889 1188/4890/4890 1189/4891/4891
f 1165/4889/4889 1189/4891/4891 1167/4892/4892
f 1167/4893/4893 1189/4894/4894 1190/4895/4895
f 1167/4893/4893 1190/4895/4895 1169/4896/4896
f 1169/4897/4897 1190/4898/4898 1191/4899/4899
f 1169/4897/4897 1191/4899/4899 1171/4900/4900
f 1171/4901/4901 1191/4902/4902 1192/4903/4903
f 1171/4901/4901 1192/4903/4903 1173/4904/4904
f 1173/4905/4905 1192/4906/4906 1193/4907/4907
f 1173/4905/4905 1193/4907/4907 1175/4908/4908
f 1175/4909/4909 1193/4910/4910 1194/4911/4911
f 1175/4909/4909 1194/4911/4911 1177/4912/4912
f 1177/4913/4913 1194/4914/4914 1195/4915/4915
f 1177/4913/4913 1195/4915/4915 1179/4916/4916
f 1179/4917/4917 1195/4918/4918 1196/4919/4919
f 1179/4917/4917 1196/4919/4919 1181/4920/4920
f 1181/4921/4921 1196/4922/4922 1197/4923/4923
f 1181/4921/4921 1197/4923/4923 1183/4924/4924
f 1183/4925/4925 1197/4926/4926 1198/4927/4927
f 1183/4925/4925 1198/4927/4927 1185/4928/4928
f 1185/4929/4929 1198/4930/4930 1187/4931/4931
f 1185/4929/4929 1187/4931/4931 1164/4932/4932
f 1187/4933/4933 1199/4934/4934 1200/4935/4935
f 1187/4933/4933 1200/4935/4935 1188/4936/4936
f 1188/4937/4937 1200/4938/4938 1201/4939/4939
f 1188/4937/4937 1201/4939/4939 1189/4940/4940
f 1189/4941/4941 1201/4942/4942 1202/4943/4943
f 1189/4941/4941 1202/4943/4943 1190/4944/4944
f 1190/4945/4945 1202/4946/4946 1203/4947/4947
f 1190/4945/4945 1203/4947/4947 1191/4948/4948
f 1191/4949/4949 1203/4950/4950 1204/4951/4951
f 1191/4949/4949 1204/4951/4951 1192/4952/4952
f 1192/4953/4953 1204/4954/4954 1205/4955/4955
f 1192/4953/4953 1205/4955/4955 1193/4956/4956
f 1193/4957/4957 1205/4958/4958 1206/4959/4959
f 1193/4957/4957 1206/4959/4959 1194/4960/4960
f 1194/4961/4961 1206/4962/4962 1207/4963/4963
f 1194/4961/4961 1207/4963/4963 1195/4964/4964
f 1195/4965/4965 1207/4966/4966 1208/4967/4967
f 1195/4965/4965 1208/4967/4967 1196/4968/4968
f 1196/4969/4969 1208/4970/4970 1209/4971/4971
f 1196/4969/4969 1209/4971/4971 1197/4972/4972
f 1197/4973/4973 1209/4974/4974 1210/4975/4975
f 1197/4973/4973 1210/4975/4975 1198/4976/4976
f 1198/4977/4977 1210/4978/4978 1199/4979/4979
f 1198/4977/4977 1199/4979/4979 1187/4980/4980
f 1211/4981/4981 1163/4982/4982 1166/4983/4983
f 1211/4984/4984 1166/4985/4985 1168/4986/4986
f 1211/4987/4987 1168/4988/4988 1170/4989/4989
f 1211/4990/4990 1170/4991/4991 1172/4992/4992
f 1211/4993/4993 1172/4994/4994 1174/4995/4995
f 1211/4996/4996 1174/4997/4997 1176/4998/4998
f 1211/4999/4999 1176/5000/5000 1178/5001/5001
f 1211/5002/5002 1178/5003/5003 1180/5004/5004
f 1211/5005/5005 1180/5006/5006 1182/5007/5007
f 1211/5008/5008 1182/5009/5009 1184/5010/5010
f 1211/5011/5011 1184/5012/5012 1186/5013/5013
f 1211/5014/5014 1186/5015/5015 1163/5016/5016
f 1199/5017/5017 1212/5018/5018 1200/5019/5019
f 1200/5020/5020 1212/5021/5021 1201/5022/5022
f 1201/5023/5023 1212/5024/5024 1202/5025/5025
f 1202/5026/5026 1212/5027/5027 1203/5028/5028
f 1203/5029/5029 1212/5030/5030 1204/5031/5031
f 1204/5032/5032 1212/5033/5033 1205/5034/5034
f 1205/5035/5035 1212/5036/5036 1206/5037/5037
f 1206/5038/5038 1212/5039/5039 1207/5040/5040
f 1207/5041/5041 1212/5042/5042 1208/5043/5043
f 1208/5044/5044 1212/5045/5045 1209/5046/5046
f 1209/5047/5047 1212/5048/5048 1210/5049/5049
f 1210/5050/5050 1212/5051/5051 1199/5052/5052
f 1213/5053/5053 1214/5054/5054 1215/5055/5055
f 1213/5053/5053 1215/5055/5055 1216/5056/5056
f 1214/5057/5057 1217/5058/5058 1218/5059/5059
f 1214/5057/5057 1218/5059/5059 1215/5060/5060
f 1217/5061/5061 1219/5062/5062 1220/5063/5063
f 1217/5061/5061 1220/5063/5063 1218/5064/5064
f 1219/5065/5065 1221/5066/5066 1222/5067/5067
f 1219/5065/5065 1222/5067/5067 1220/5068/5068
f 1221/5069/5069 1223/5070/5070 1224/5071/5071
f 1221/5069/5069 1224/5071/5071 1222/5072/5072
f 1223/5073/5073 1225/5074/5074 1226/5075/5075
f 1223/5073/5073 1226/5075/5075 1224/5076/5076
f 1225/5077/5077 1227/5078/5078 1228/5079/5079
f 1225/5077/5077 1228/5079/5079 1226/5080/5080
f 1227/5081/5081 1229/5082/5082 1230/5083/5083
f 1227/5081/5081 1230/5083/5083 1228/5084/5084
f 1229/5085/5085 1231/5086/5086 1232/5087/5087
f 1229/5085/5085 1232/5087/5087 1230/5088/5088
f 1231/5089/5089 1233/5090/5090 1234/5091/5091
f 1231/5089/5089 1234/5091/5091 1232/5092/5092
f 1233/5093/5093 1235/5094/5094 1236/5095/5095
f 1233/5093/5093 1236/5095/5095 1234/5096/5096
f 1235/5097/5097 1213/5098/5098 1216/5099/5099
f 1235/5097/5097 1216/5099/5099 1236/5100/5100
f 1216/5101/5101 1215/5102/5102 1237/5103/5103
f 1216/5101/5101 1237/5103/5103 1238/5104/5104
f 1215/5105/5105 1218/5106/5106 1239/5107/5107
f 1215/5105/5105 1239/5107/5107 1237/5108/5108
f 1218/5109/5109 1220/5110/5110 1240/5111/5111
f 1218/5109/5109 1240/5111/5111 1239/5112/5112
f 1220/5113/5113 1222/5114/5114 1241/5115/5115
f 1220/5113/5113 1241/5115/5115 1240/5116/5116
f 1222/5117/5117 1224/5118/5118 1242/5119/5119
f 1222/5117/5117 1242/5119/5119 1241/5120/5120
f 1224/5121/5121 1226/5122/5122 1243/5123/5123
f 1224/5121/5121 1243/5123/5123 1242/5124/5124
f 1226/5125/5125 1228/5126/5126 1244/5127/5127
f 1226/5125/5125 1244/5127/5127 1243/5128/5128
f 1228/5129/5129 1230/5130/5130 1245/5131/5131
f 1228/5129/5129 1245/5131/5131 1244/5132/5132
f 1230/5133/5133 1232/5134/5134 1246/5135/5135
f 1230/5133/5133 1246/5135/5135 1245/5136/5136
f 1232/5137/5137 1234/5138/5138 1247/5139/5139
f 1232/5137/5137 1247/5139/5139 1246/5140/5140
f 1234/5141/5141 1236/5142/5142 1248/5143/5143
f 1234/5141/5141 1248/5143/5143 1247/5144/5144
f 1236/5145/5145 1216/5146/5146 1238/5147/5147
f 1236/5145/5145 1238/5147/5147 1248/5148/5148
f 1238/5149/5149 1237/5150/5150 1249/5151/5151
f 1238/5149/5149 1249/5151/5151 1250/5152/5152
f 1237/5153/5153 1239/5154/5154 1251/5155/5155
f 1237/5153/5153 1251/5155/5155 1249/5156/5156
f 1239/5157/5157 1240/5158/5158 1252/5159/5159
f 1239/5157/5157 1252/5159/5159 1251/5160/5160
f 1240/5161/5161 1241/5162/5162 1253/5163/5163
f 1240/5161/5161 1253/5163/5163 1252/5164/5164
f 1241/5165/5165 1242/5166/5166 1254/5167/5167
f 1241/5165/5165 1254/5167/5167 1253/5168/5168
f 1242/5169/5169 1243/5170/5170 1255/5171/5171
f 1242/5169/5169 1255/5171/5171 1254/5172/5172
f 1243/5173/5173 1244/5174/5174 1256/5175/5175
f 1243/5173/5173 1256/5175/5175 1255/5176/5176
f 1244/5177/5177 1245/5178/5178 1257/5179/5179
f 1244/5177/5177 1257/5179/5179 1256/5180/5180
f 1245/5181/5181 1246/5182/5182 1258/5183/5183
f 1245/5181/5181 1258/5183/5183 1257/5184/5184
f 1246/5185/5185 1247/5186/5186 1259/5187/5187
f 1246/5185/5185 1259/5187/5187 1258/5188/5188
f 1247/5189/5189 1248/5190/5190 1260/5191/5191
f 1247/5189/5189 1260/5191/5191 1259/5192/5192
f 1248/5193/5193 1238/5194/5194 1250/5195/5195
f 1248/5193/5193 1250/5195/5195 1260/5196/5196
f 1261/5197/5197 1214/5198/5198 1213/5199/5199
f 1261/5200/5200 1217/5201/5201 1214/5202/5202
f 1261/5203/5203 1219/5204/5204 1217/5205/5205
f 1261/5206/5206 1221/5207/5207 1219/5208/5208
f 1261/5209/5209 1223/5210/5210 1221/5211/5211
f 1261/5212/5212 1225/5213/5213 1223/5214/5214
f 1261/5215/5215 1227/5216/5216 1225/5217/5217
f 1261/5218/5218 1229/5219/5219 1227/5220/5220
f 1261/5221/5221 1231/5222/5222 1229/5223/5223
f 1261/5224/5224 1233/5225/5225 1231/5226/5226
f 1261/5227/5227 1235/5228/5228 1233/5229/5229
f 1261/5230/5230 1213/5231/5231 1235/5232/5232
f 1250/5233/5233 1249/5234/5234 1262/5235/5235
f 1249/5236/5236 1251/5237/5237 1262/5238/5238
f 1251/5239/5239 1252/5240/5240 1262/5241/5241
f 1252/5242/5242 1253/5243/5243 1262/5244/5244
f 1253/5245/5245 1254/5246/5246 1262/5247/5247
f 1254/5248/5248 1255/5249/5249 1262/5250/5250
f 1255/5251/5251 1256/5252/5252 1262/5253/5253
f 1256/5254/5254 1257/5255/5255 1262/5256/5256
f 1257/5257/5257 1258/5258/5258 1262/5259/5259
f 1258/5260/5260 1259/5261/5261 1262/5262/5262
f 1259/5263/5263 1260/5264/5264 1262/5265/5265
f 1260/5266/5266 1250/5267/5267 1262/5268/5268
f 1263/5269/5269 1264/5270/5270 1265/5271/5271
f 1263/5269/5269 1265/5271/5271 1266/5272/5272
f 1266/5273/5273 1265/5274/5274 1267/5275/5275
f 1266/5273/5273 1267/5275/5275 1268/5276/5276
f 1268/5277/5277 1267/5278/5278 1269/5279/5279
f 1268/5277/5277 1269/5279/5279 1270/5280/5280
f 1270/5281/5281 1269/5282/5282 1271/5283/5283
f 1270/5281/5281 1271/5283/5283 1272/5284/5284
f 1272/5285/5285 1271/5286/5286 1273/5287/5287
f 1272/5285/5285 1273/5287/5287 1274/5288/5288
f 1274/5289/5289 1273/5290/5290 1275/5291/5291
f 1274/5289/5289 1275/5291/5291 1276/5292/5292
f 1276/5293/5293 1275/5294/5294 1277/5295/5295
f 1276/5293/5293 1277/5295/5295 1278/5296/5296
f 1278/5297/5297 1277/5298/5298 1279/5299/5299
f 1278/5297/5297 1279/5299/5299 1280/5300/5300
f 1280/5301/5301 1279/5302/5302 1281/5303/5303
f 1280/5301/5301 1281/5303/5303 1282/5304/5304
f 1282/5305/5305 1281/5306/5306 1283/5307/5307
f 1282/5305/5305 1283/5307/5307 1284/5308/5308
f 1284/5309/5309 1283/5310/5310 1285/5311/5311
f 1284/5309/5309 1285/5311/5311 1286/5312/5312
f 1286/5313/5313 1285/5314/5314 1264/5315/5315
f 1286/5313/5313 1264/5315/5315 1263/5316/5316
f 1264/5317/5317 1287/5318/5318 1288/5319/5319
f 1264/5317/5317 1288/5319/5319 1265/5320/5320
f 1265/5321/5321 1288/5322/5322 1289/5323/5323
f 1265/5321/5321 1289/5323/5323 1267/5324/5324
f 1267/5325/5325 1289/5326/5326 1290/5327/5327
f 1267/5325/5325 1290/5327/5327 1269/5328/5328
f 1269/5329/5329 1290/5330/5330 1291/5331/5331
f 1269/5329/5329 1291/5331/5331 1271/5332/5332
f 1271/5333/5333 1291/5334/5334 1292/5335/5335
f 1271/5333/5333 1292/5335/5335 1273/5336/5336
f 1273/5337/5337 1292/5338/5338 1293/5339/5339
f 1273/5337/5337 1293/5339/5339 1275/5340/5340
f 1275/5341/5341 1293/5342/5342 1294/5343/5343
f 1275/5341/5341 1294/5343/5343 1277/5344/5344
f 1277/5345/5345 1294/5346/5346 1295/5347/5347
f 1277/5345/5345 1295/5347/5347 1279/5348/5348
f 1279/5349/5349 1295/5350/5350 1296/5351/5351
f 1279/5349/5349 1296/5351/5351 1281/5352/5352
f 1281/5353/5353 1296/5354/5354 1297/5355/5355
f 1281/5353/5353 1297/5355/5355 1283/5356/5356
f 1283/5357/5357 1297/5358/5358 1298/5359/5359
f 1283/5357/5357 1298/5359/5359 1285/5360/5360
f 1285/5361/5361 1298/5362/5362 1287/5363/5363
f 1285/5361/5361 1287/5363/5363 1264/5364/5364
f 1287/5365/5365 1299/5366/5366 1300/5367/5367
f 1287/5365/5365 1300/5367/5367 1288/5368/5368
f 1288/5369/5369 1300/5370/5370 1301/5371/5371
f 1288/5369/5369 1301/5371/5371 1289/5372/5372
f 1289/5373/5373 1301/5374/5374 1302/5375/5375
f 1289/5373/5373 1302/5375/5375 1290/5376/5376
f 1290/5377/5377 1302/5378/5378 1303/5379/5379
f 1290/5377/5377 1303/5379/5379 1291/5380/5380
f 1291/5381/5381 1303/5382/5382 1304/5383/5383
f 1291/5381/5381 1304/5383/5383 1292/5384/5384
f 1292/5385/5385 1304/5386/5386 1305/5387/5387
f 1292/5385/5385 1305/5387/5387 1293/5388/5388
f 1293/5389/5389 1305/5390/5390 1306/5391/5391
f 1293/5389/5389 1306/5391/5391 1294/5392/5392
f 1294/5393/5393 1306/5394/5394 1307/5395/5395
f 1294/5393/5393 1307/5395/5395 1295/5396/5396
f 1295/5397/5397 1307/5398/5398 1308/5399/5399
f 1295/5397/5397 1308/5399/5399 1296/5400/5400
f 1296/5401/5401 1308/5402/5402 1309/5403/5403
f 1296/5401/5401 1309/5403/5403 1297/5404/5404
f 1297/5405/5405 1309/5406/5406 1310/5407/5407
f 1297/5405/5405 1310/5407/5407 1298/5408/5408
f 1298/5409/5409 1310/5410/5410 1299/5411/5411
f 1298/5409/5409 1299/5411/5411 1287/5412/5412
f 1311/5413/5413 1263/5414/5414 1266/5415/5415
f 1311/5416/5416 1266/5417/5417 1268/5418/5418
f 1311/5419/5419 1268/5420/5420 1270/5421/5421
f 1311/5422/5422 1270/5423/5423 1272/5424/5424
f 1311/5425/5425 1272/5426/5426 1274/5427/5427
f 1311/5428/5428 1274/5429/5429 1276/5430/5430
f 1311/5431/5431 1276/5432/5432 1278/5433/5433
f 1311/5434/5434 1278/5435/5435 1280/5436/5436
f 1311/5437/5437 1280/5438/5438 1282/5439/5439
f 1311/5440/5440 1282/5441/5441 1284/5442/5442
f 1311/5443/5443 1284/5444/5444 1286/5445/5445
f 1311/5446/5446 1286/5447/5447 1263/5448/5448
f 1299/5449/5449 1312/5450/5450 1300/5451/5451
f 1300/5452/5452 1312/5453/5453 1301/5454/5454
f 1301/5455/5455 1312/5456/5456 1302/5457/5457
f 1302/5458/5458 1312/5459/5459 1303/5460/5460
f 1303/5461/5461 1312/5462/5462 1304/5463/5463
f 1304/5464/5464 1312/5465/5465 1305/5466/5466
f 1305/5467/5467 1312/5468/5468 1306/5469/5469
f 1306/5470/5470 1312/5471/5471 1307/5472/5472
f 1307/5473/5473 1312/5474/5474 1308/5475/5475
f 1308/5476/5476 1312/5477/5477 1309/5478/5478
f 1309/5479/5479 1312/5480/5480 1310/5481/5481
f 1310/5482/5482 1312/5483/5483 1299/5484/5484
