mtllib turret_lazer_shotgun.mtl
o turret_lazer_shotgun
v 0.00000000 1.00000000 0.00000000
v 0.00000000 1.00000000 0.00000000
v 0.00000000 1.00000000 0.00000000
v 0.00000000 1.00000000 0.00000000
v 0.00000000 1.00000000 0.00000000
v 0.00000000 1.00000000 0.00000000
v 0.00000000 1.00000000 0.00000000
v 0.00000000 1.00000000 0.00000000
v 0.00000000 1.00000000 0.00000000
v 0.00000000 1.00000000 0.00000000
v 0.00000000 1.00000000 0.00000000
v 0.00000000 1.00000000 0.00000000
v 0.00000000 1.00000000 0.00000000
v 0.00000000 1.00000000 0.00000000
v 0.00000000 1.00000000 0.00000000
v 0.00000000 0.95105654 0.30901700
v 0.13407746 0.95105654 0.27841470
v 0.24159923 0.95105654 0.19266894
v 0.30126929 0.95105654 0.06876276
v 0.30126929 0.95105654 -0.06876276
v 0.24159919 0.95105654 -0.19266900
v 0.13407747 0.95105654 -0.27841470
v -0.00000003 0.95105654 -0.30901700
v -0.13407746 0.95105654 -0.27841470
v -0.24159926 0.95105654 -0.19266890
v -0.30126932 0.95105654 -0.06876263
v -0.30126926 0.95105654 0.06876293
v -0.24159926 0.95105654 0.19266891
v -0.13407746 0.95105654 0.27841470
v 0.00000005 0.95105654 0.30901700
v 0.00000000 0.80901700 0.58778524
v 0.25503048 0.80901700 0.52957618
v 0.45954901 0.80901700 0.36647812
v 0.57304823 0.80901700 0.13079454
v 0.57304823 0.80901700 -0.13079453
v 0.45954895 0.80901700 -0.36647820
v 0.25503051 0.80901700 -0.52957618
v -0.00000005 0.80901700 -0.58778524
v -0.25503048 0.80901700 -0.52957618
v -0.45954910 0.80901700 -0.36647800
v -0.57304829 0.80901700 -0.13079429
v -0.57304817 0.80901700 0.13079485
v -0.45954910 0.80901700 0.36647803
v -0.25503048 0.80901700 0.52957618
v 0.00000010 0.80901700 0.58778524
v 0.00000000 0.58778524 0.80901700
v 0.35101932 0.58778524 0.72889912
v 0.63251495 0.58778524 0.50441384
v 0.78873324 0.58778524 0.18002325
v 0.78873324 0.58778524 -0.18002322
v 0.63251489 0.58778524 -0.50441396
v 0.35101938 0.58778524 -0.72889912
v -0.00000007 0.58778524 -0.80901700
v -0.35101932 0.58778524 -0.72889912
v -0.63251507 0.58778524 -0.50441372
v -0.78873336 0.58778524 -0.18002291
v -0.78873312 0.58778524 0.18002367
v -0.63251507 0.58778524 0.50441372
v -0.35101932 0.58778524 0.72889912
v 0.00000014 0.58778524 0.80901700
v 0.00000000 0.30901697 0.95105654
v 0.41264799 0.30901697 0.85687232
v 0.74356598 0.30901697 0.59297407
v 0.92721158 0.30901697 0.21163003
v 0.92721158 0.30901697 -0.21163000
v 0.74356586 0.30901697 -0.59297425
v 0.41264805 0.30901697 -0.85687232
v -0.00000008 0.30901697 -0.95105654
v -0.41264799 0.30901697 -0.85687232
v -0.74356610 0.30901697 -0.59297389
v -0.92721164 0.30901697 -0.21162961
v -0.92721146 0.30901697 0.21163052
v -0.74356610 0.30901697 0.59297395
v -0.41264799 0.30901697 0.85687232
v 0.00000017 0.30901697 0.95105654
v 0.00000000 -0.00000004 1.00000000
v 0.43388376 -0.00000004 0.90096885
v 0.78183150 -0.00000004 0.62348980
v 0.97492790 -0.00000004 0.22252098
v 0.97492790 -0.00000004 -0.22252095
v 0.78183138 -0.00000004 -0.62348998
v 0.43388382 -0.00000004 -0.90096885
v -0.00000009 -0.00000004 -1.00000000
v -0.43388376 -0.00000004 -0.90096885
v -0.78183162 -0.00000004 -0.62348962
v -0.97492802 -0.00000004 -0.22252055
v -0.97492778 -0.00000004 0.22252150
v -0.78183162 -0.00000004 0.62348968
v -0.43388376 -0.00000004 0.90096885
v 0.00000017 -0.00000004 1.00000000
v 0.00000000 -0.30901703 0.95105648
v 0.41264796 -0.30901703 0.85687226
v 0.74356592 -0.30901703 0.59297401
v 0.92721152 -0.30901703 0.21163002
v 0.92721152 -0.30901703 -0.21162999
v 0.74356580 -0.30901703 -0.59297419
v 0.41264802 -0.30901703 -0.85687226
v -0.00000008 -0.30901703 -0.95105648
v -0.41264796 -0.30901703 -0.85687226
v -0.74356604 -0.30901703 -0.59297383
v -0.92721164 -0.30901703 -0.21162960
v -0.92721140 -0.30901703 0.21163051
v -0.74356604 -0.30901703 0.59297389
v -0.41264796 -0.30901703 0.85687226
v 0.00000017 -0.30901703 0.95105648
v 0.00000000 -0.58778542 0.80901688
v 0.35101929 -0.58778542 0.72889900
v 0.63251489 -0.58778542 0.50441378
v 0.78873312 -0.58778542 0.18002322
v 0.78873312 -0.58778542 -0.18002321
v 0.63251477 -0.58778542 -0.50441390
v 0.35101932 -0.58778542 -0.72889900
v -0.00000007 -0.58778542 -0.80901688
v -0.35101929 -0.58778542 -0.72889900
v -0.63251495 -0.58778542 -0.50441360
v -0.78873324 -0.58778542 -0.18002288
v -0.78873307 -0.58778542 0.18002366
v -0.63251495 -0.58778542 0.50441366
v -0.35101929 -0.58778542 0.72889900
v 0.00000014 -0.58778542 0.80901688
v 0.00000000 -0.80901706 0.58778518
v 0.25503045 -0.80901706 0.52957612
v 0.45954898 -0.80901706 0.36647806
v 0.57304817 -0.80901706 0.13079454
v 0.57304817 -0.80901706 -0.13079451
v 0.45954889 -0.80901706 -0.36647817
v 0.25503048 -0.80901706 -0.52957612
v -0.00000005 -0.80901706 -0.58778518
v -0.25503045 -0.80901706 -0.52957612
v -0.45954904 -0.80901706 -0.36647797
v -0.57304823 -0.80901706 -0.13079429
v -0.57304811 -0.80901706 0.13079484
v -0.45954904 -0.80901706 0.36647800
v -0.25503045 -0.80901706 0.52957612
v 0.00000010 -0.80901706 0.58778518
v 0.00000000 -0.95105648 0.30901703
v 0.13407747 -0.95105648 0.27841473
v 0.24159925 -0.95105648 0.19266896
v 0.30126932 -0.95105648 0.06876277
v 0.30126932 -0.95105648 -0.06876276
v 0.24159922 -0.95105648 -0.19266902
v 0.13407749 -0.95105648 -0.27841473
v -0.00000003 -0.95105648 -0.30901703
v -0.13407747 -0.95105648 -0.27841473
v -0.24159929 -0.95105648 -0.19266891
v -0.30126935 -0.95105648 -0.06876264
v -0.30126929 -0.95105648 0.06876294
v -0.24159929 -0.95105648 0.19266893
v -0.13407747 -0.95105648 0.27841473
v 0.00000005 -0.95105648 0.30901703
v 0.00000000 -1.00000000 -0.00000009
v -0.00000004 -1.00000000 -0.00000008
v -0.00000007 -1.00000000 -0.00000005
v -0.00000009 -1.00000000 -0.00000002
v -0.00000009 -1.00000000 0.00000002
v -0.00000007 -1.00000000 0.00000005
v -0.00000004 -1.00000000 0.00000008
v 0.00000000 -1.00000000 0.00000009
v 0.00000004 -1.00000000 0.00000008
v 0.00000007 -1.00000000 0.00000005
v 0.00000009 -1.00000000 0.00000002
v 0.00000009 -1.00000000 -0.00000002
v 0.00000007 -1.00000000 -0.00000005
v 0.00000004 -1.00000000 -0.00000008
v -0.00000000 -1.00000000 -0.00000009
v -1.21500003 -0.14999999 0.32000002
v -1.05499995 -0.14999999 0.32000002
v -1.05499995 0.26999998 0.32000002
v -1.21500003 0.26999998 0.32000002
v -1.05499995 -0.14999999 -0.40000001
v -1.21500003 -0.14999999 -0.40000001
v -1.21500003 0.26999998 -0.40000001
v -1.05499995 0.26999998 -0.40000001
v -1.21500003 0.26999998 0.32000002
v -1.05499995 0.26999998 0.32000002
v -1.05499995 0.26999998 -0.40000001
v -1.21500003 0.26999998 -0.40000001
v -1.21500003 -0.14999999 -0.40000001
v -1.05499995 -0.14999999 -0.40000001
v -1.05499995 -0.14999999 0.32000002
v -1.21500003 -0.14999999 0.32000002
v -1.05499995 -0.14999999 0.32000002
v -1.05499995 -0.14999999 -0.40000001
v -1.05499995 0.26999998 -0.40000001
v -1.05499995 0.26999998 0.32000002
v -1.21500003 -0.14999999 -0.40000001
v -1.21500003 -0.14999999 0.32000002
v -1.21500003 0.26999998 0.32000002
v -1.21500003 0.26999998 -0.40000001
v 1.05499995 -0.14999999 0.32000002
v 1.21500003 -0.14999999 0.32000002
v 1.21500003 0.26999998 0.32000002
v 1.05499995 0.26999998 0.32000002
v 1.21500003 -0.14999999 -0.40000001
v 1.05499995 -0.14999999 -0.40000001
v 1.05499995 0.26999998 -0.40000001
v 1.21500003 0.26999998 -0.40000001
v 1.05499995 0.26999998 0.32000002
v 1.21500003 0.26999998 0.32000002
v 1.21500003 0.26999998 -0.40000001
v 1.05499995 0.26999998 -0.40000001
v 1.05499995 -0.14999999 -0.40000001
v 1.21500003 -0.14999999 -0.40000001
v 1.21500003 -0.14999999 0.32000002
v 1.05499995 -0.14999999 0.32000002
v 1.21500003 -0.14999999 0.32000002
v 1.21500003 -0.14999999 -0.40000001
v 1.21500003 0.26999998 -0.40000001
v 1.21500003 0.26999998 0.32000002
v 1.05499995 -0.14999999 -0.40000001
v 1.05499995 -0.14999999 0.32000002
v 1.05499995 0.26999998 0.32000002
v 1.05499995 0.26999998 -0.40000001
v -1.26999998 0.06000000 -0.35999998
v -1.36000001 0.06000000 -0.35999998
v -1.26999998 -0.09999999 -0.31712812
v -1.36000001 -0.09999999 -0.31712812
v -1.26999998 -0.21712813 -0.19999999
v -1.36000001 -0.21712813 -0.19999999
v -1.26999998 -0.25999999 -0.03999998
v -1.36000001 -0.25999999 -0.03999998
v -1.26999998 -0.21712813 0.12000001
v -1.36000001 -0.21712813 0.12000001
v -1.26999998 -0.09999993 0.23712817
v -1.36000001 -0.09999993 0.23712817
v -1.26999998 0.06000003 0.28000000
v -1.36000001 0.06000003 0.28000000
v -1.26999998 0.22000006 0.23712808
v -1.36000001 0.22000006 0.23712808
v -1.26999998 0.33712813 0.11999997
v -1.36000001 0.33712813 0.11999997
v -1.26999998 0.38000000 -0.04000000
v -1.36000001 0.38000000 -0.04000000
v -1.26999998 0.33712807 -0.20000011
v -1.36000001 0.33712807 -0.20000011
v -1.26999998 0.21999992 -0.31712818
v -1.36000001 0.21999992 -0.31712818
v -1.36000001 0.06000000 -0.04000000
v 1.26999998 0.06000000 0.28000000
v 1.36000001 0.06000000 0.28000000
v 1.26999998 -0.09999999 0.23712814
v 1.36000001 -0.09999999 0.23712814
v 1.26999998 -0.21712813 0.11999998
v 1.36000001 -0.21712813 0.11999998
v 1.26999998 -0.25999999 -0.04000001
v 1.36000001 -0.25999999 -0.04000001
v 1.26999998 -0.21712813 -0.20000002
v 1.36000001 -0.21712813 -0.20000002
v 1.26999998 -0.09999993 -0.31712815
v 1.36000001 -0.09999993 -0.31712815
v 1.26999998 0.06000003 -0.35999998
v 1.36000001 0.06000003 -0.35999998
v 1.26999998 0.22000006 -0.31712806
v 1.36000001 0.22000006 -0.31712806
v 1.26999998 0.33712813 -0.19999996
v 1.36000001 0.33712813 -0.19999996
v 1.26999998 0.38000000 -0.04000000
v 1.36000001 0.38000000 -0.04000000
v 1.26999998 0.33712807 0.12000012
v 1.36000001 0.33712807 0.12000012
v 1.26999998 0.21999992 0.23712820
v 1.36000001 0.21999992 0.23712820
v 1.36000001 0.06000000 -0.04000000
v -1.41499996 0.06000000 -0.21599999
v -1.43499994 0.06000000 -0.21599999
v -1.41499996 -0.04345020 -0.18238699
v -1.43499994 -0.04345020 -0.18238699
v -1.41499996 -0.10738595 -0.09438699
v -1.43499994 -0.10738595 -0.09438699
v -1.41499996 -0.10738593 0.01438700
v -1.43499994 -0.10738593 0.01438700
v -1.41499996 -0.04345020 0.10238700
v -1.43499994 -0.04345020 0.10238700
v -1.41499996 0.06000001 0.13600001
v -1.43499994 0.06000001 0.13600001
v -1.41499996 0.16345023 0.10238699
v -1.43499994 0.16345023 0.10238699
v -1.41499996 0.22738597 0.01438693
v -1.43499994 0.22738597 0.01438693
v -1.41499996 0.22738594 -0.09438701
v -1.43499994 0.22738594 -0.09438701
v -1.41499996 0.16345021 -0.18238699
v -1.43499994 0.16345021 -0.18238699
v -1.43499994 0.06000000 -0.04000000
v 1.41499996 0.06000000 0.13600001
v 1.43499994 0.06000000 0.13600001
v 1.41499996 -0.04345020 0.10238699
v 1.43499994 -0.04345020 0.10238699
v 1.41499996 -0.10738595 0.01438699
v 1.43499994 -0.10738595 0.01438699
v 1.41499996 -0.10738593 -0.09438699
v 1.43499994 -0.10738593 -0.09438699
v 1.41499996 -0.04345020 -0.18238699
v 1.43499994 -0.04345020 -0.18238699
v 1.41499996 0.06000001 -0.21599999
v 1.43499994 0.06000001 -0.21599999
v 1.41499996 0.16345023 -0.18238699
v 1.43499994 0.16345023 -0.18238699
v 1.41499996 0.22738597 -0.09438693
v 1.43499994 0.22738597 -0.09438693
v 1.41499996 0.22738594 0.01438702
v 1.43499994 0.22738594 0.01438702
v 1.41499996 0.16345021 0.10238699
v 1.43499994 0.16345021 0.10238699
v 1.43499994 0.06000000 -0.04000000
v -0.56000000 -0.33000001 -1.05499995
v 0.56000000 -0.33000001 -1.05499995
v 0.56000000 0.53000003 -1.05499995
v -0.56000000 0.53000003 -1.05499995
v 0.56000000 -0.33000001 -1.85499990
v -0.56000000 -0.33000001 -1.85499990
v -0.56000000 0.53000003 -1.85499990
v 0.56000000 0.53000003 -1.85499990
v -0.56000000 0.53000003 -1.05499995
v 0.56000000 0.53000003 -1.05499995
v 0.56000000 0.53000003 -1.85499990
v -0.56000000 0.53000003 -1.85499990
v -0.56000000 -0.33000001 -1.85499990
v 0.56000000 -0.33000001 -1.85499990
v 0.56000000 -0.33000001 -1.05499995
v -0.56000000 -0.33000001 -1.05499995
v 0.56000000 -0.33000001 -1.05499995
v 0.56000000 -0.33000001 -1.85499990
v 0.56000000 0.53000003 -1.85499990
v 0.56000000 0.53000003 -1.05499995
v -0.56000000 -0.33000001 -1.85499990
v -0.56000000 -0.33000001 -1.05499995
v -0.56000000 0.53000003 -1.05499995
v -0.56000000 0.53000003 -1.85499990
v -0.83500004 -0.24000001 -1.08499992
v -0.61500001 -0.24000001 -1.08499992
v -0.61500001 0.44000000 -1.08499992
v -0.83500004 0.44000000 -1.08499992
v -0.61500001 -0.24000001 -1.82499993
v -0.83500004 -0.24000001 -1.82499993
v -0.83500004 0.44000000 -1.82499993
v -0.61500001 0.44000000 -1.82499993
v -0.83500004 0.44000000 -1.08499992
v -0.61500001 0.44000000 -1.08499992
v -0.61500001 0.44000000 -1.82499993
v -0.83500004 0.44000000 -1.82499993
v -0.83500004 -0.24000001 -1.82499993
v -0.61500001 -0.24000001 -1.82499993
v -0.61500001 -0.24000001 -1.08499992
v -0.83500004 -0.24000001 -1.08499992
v -0.61500001 -0.24000001 -1.08499992
v -0.61500001 -0.24000001 -1.82499993
v -0.61500001 0.44000000 -1.82499993
v -0.61500001 0.44000000 -1.08499992
v -0.83500004 -0.24000001 -1.82499993
v -0.83500004 -0.24000001 -1.08499992
v -0.83500004 0.44000000 -1.08499992
v -0.83500004 0.44000000 -1.82499993
v 0.61500001 -0.24000001 -1.08499992
v 0.83500004 -0.24000001 -1.08499992
v 0.83500004 0.44000000 -1.08499992
v 0.61500001 0.44000000 -1.08499992
v 0.83500004 -0.24000001 -1.82499993
v 0.61500001 -0.24000001 -1.82499993
v 0.61500001 0.44000000 -1.82499993
v 0.83500004 0.44000000 -1.82499993
v 0.61500001 0.44000000 -1.08499992
v 0.83500004 0.44000000 -1.08499992
v 0.83500004 0.44000000 -1.82499993
v 0.61500001 0.44000000 -1.82499993
v 0.61500001 -0.24000001 -1.82499993
v 0.83500004 -0.24000001 -1.82499993
v 0.83500004 -0.24000001 -1.08499992
v 0.61500001 -0.24000001 -1.08499992
v 0.83500004 -0.24000001 -1.08499992
v 0.83500004 -0.24000001 -1.82499993
v 0.83500004 0.44000000 -1.82499993
v 0.83500004 0.44000000 -1.08499992
v 0.61500001 -0.24000001 -1.82499993
v 0.61500001 -0.24000001 -1.08499992
v 0.61500001 0.44000000 -1.08499992
v 0.61500001 0.44000000 -1.82499993
v -0.39199999 0.58500004 -1.15099990
v 0.39199999 0.58500004 -1.15099990
v 0.39199999 0.68500006 -1.15099990
v -0.39199999 0.68500006 -1.15099990
v 0.39199999 0.58500004 -1.75899994
v -0.39199999 0.58500004 -1.75899994
v -0.39199999 0.68500006 -1.75899994
v 0.39199999 0.68500006 -1.75899994
v -0.39199999 0.68500006 -1.15099990
v 0.39199999 0.68500006 -1.15099990
v 0.39199999 0.68500006 -1.75899994
v -0.39199999 0.68500006 -1.75899994
v -0.39199999 0.58500004 -1.75899994
v 0.39199999 0.58500004 -1.75899994
v 0.39199999 0.58500004 -1.15099990
v -0.39199999 0.58500004 -1.15099990
v 0.39199999 0.58500004 -1.15099990
v 0.39199999 0.58500004 -1.75899994
v 0.39199999 0.68500006 -1.75899994
v 0.39199999 0.68500006 -1.15099990
v -0.39199999 0.58500004 -1.75899994
v -0.39199999 0.58500004 -1.15099990
v -0.39199999 0.68500006 -1.15099990
v -0.39199999 0.68500006 -1.75899994
v -0.46120000 0.10000000 -2.15999985
v -0.46120000 0.10000000 -1.90999985
v -0.42873287 0.00007651 -2.15999985
v -0.42873287 0.00007651 -1.90999985
v -0.34373286 -0.06167961 -2.15999985
v -0.34373286 -0.06167961 -1.90999985
v -0.23866709 -0.06167961 -2.15999985
v -0.23866709 -0.06167961 -1.90999985
v -0.15366708 0.00007652 -2.15999985
v -0.15366708 0.00007652 -1.90999985
v -0.12119998 0.10000002 -2.15999985
v -0.12119998 0.10000002 -1.90999985
v -0.15366711 0.19992352 -2.15999985
v -0.15366711 0.19992352 -1.90999985
v -0.23866716 0.26167962 -2.15999985
v -0.23866716 0.26167962 -1.90999985
v -0.34373289 0.26167962 -2.15999985
v -0.34373289 0.26167962 -1.90999985
v -0.42873287 0.19992352 -2.15999985
v -0.42873287 0.19992352 -1.90999985
v -0.29119998 0.10000000 -2.15999985
v 0.12119998 0.10000000 -2.15999985
v 0.12119998 0.10000000 -1.90999985
v 0.15366709 0.00007651 -2.15999985
v 0.15366709 0.00007651 -1.90999985
v 0.23866710 -0.06167961 -2.15999985
v 0.23866710 -0.06167961 -1.90999985
v 0.34373289 -0.06167961 -2.15999985
v 0.34373289 -0.06167961 -1.90999985
v 0.42873287 0.00007652 -2.15999985
v 0.42873287 0.00007652 -1.90999985
v 0.46120000 0.10000002 -2.15999985
v 0.46120000 0.10000002 -1.90999985
v 0.42873287 0.19992352 -2.15999985
v 0.42873287 0.19992352 -1.90999985
v 0.34373280 0.26167962 -2.15999985
v 0.34373280 0.26167962 -1.90999985
v 0.23866707 0.26167962 -2.15999985
v 0.23866707 0.26167962 -1.90999985
v 0.15366711 0.19992352 -2.15999985
v 0.15366711 0.19992352 -1.90999985
v 0.29119998 0.10000000 -2.15999985
v -0.62500000 -0.41000000 1.80499995
v 0.62500000 -0.41000000 1.80499995
v 0.62500000 0.48999998 1.80499995
v -0.62500000 0.48999998 1.80499995
v 0.62500000 -0.41000000 1.05499995
v -0.62500000 -0.41000000 1.05499995
v -0.62500000 0.48999998 1.05499995
v 0.62500000 0.48999998 1.05499995
v -0.62500000 0.48999998 1.80499995
v 0.62500000 0.48999998 1.80499995
v 0.62500000 0.48999998 1.05499995
v -0.62500000 0.48999998 1.05499995
v -0.62500000 -0.41000000 1.05499995
v 0.62500000 -0.41000000 1.05499995
v 0.62500000 -0.41000000 1.80499995
v -0.62500000 -0.41000000 1.80499995
v 0.62500000 -0.41000000 1.80499995
v 0.62500000 -0.41000000 1.05499995
v 0.62500000 0.48999998 1.05499995
v 0.62500000 0.48999998 1.80499995
v -0.62500000 -0.41000000 1.05499995
v -0.62500000 -0.41000000 1.80499995
v -0.62500000 0.48999998 1.80499995
v -0.62500000 0.48999998 1.05499995
v -0.98000002 0.04000000 1.78999996
v -0.68000007 0.04000000 1.78999996
v -0.98000002 -0.14000002 1.74176908
v -0.68000007 -0.14000002 1.74176908
v -0.98000002 -0.27176920 1.60999990
v -0.68000007 -0.27176920 1.60999990
v -0.98000002 -0.32000002 1.42999995
v -0.68000007 -0.32000002 1.42999995
v -0.98000002 -0.27176917 1.24999988
v -0.68000007 -0.27176917 1.24999988
v -0.98000002 -0.13999996 1.11823082
v -0.68000007 -0.13999996 1.11823082
v -0.98000002 0.04000003 1.06999993
v -0.68000007 0.04000003 1.06999993
v -0.98000002 0.22000006 1.11823082
v -0.68000007 0.22000006 1.11823082
v -0.98000002 0.35176918 1.25000000
v -0.68000007 0.35176918 1.25000000
v -0.98000002 0.40000001 1.42999995
v -0.68000007 0.40000001 1.42999995
v -0.98000002 0.35176909 1.61000013
v -0.68000007 0.35176909 1.61000013
v -0.98000002 0.21999991 1.74176919
v -0.68000007 0.21999991 1.74176919
v -0.98000002 0.04000000 1.42999995
v -0.68000007 0.04000000 1.42999995
v 0.68000007 0.04000000 1.78999996
v 0.98000002 0.04000000 1.78999996
v 0.68000007 -0.14000002 1.74176908
v 0.98000002 -0.14000002 1.74176908
v 0.68000007 -0.27176920 1.60999990
v 0.98000002 -0.27176920 1.60999990
v 0.68000007 -0.32000002 1.42999995
v 0.98000002 -0.32000002 1.42999995
v 0.68000007 -0.27176917 1.24999988
v 0.98000002 -0.27176917 1.24999988
v 0.68000007 -0.13999996 1.11823082
v 0.98000002 -0.13999996 1.11823082
v 0.68000007 0.04000003 1.06999993
v 0.98000002 0.04000003 1.06999993
v 0.68000007 0.22000006 1.11823082
v 0.98000002 0.22000006 1.11823082
v 0.68000007 0.35176918 1.25000000
v 0.98000002 0.35176918 1.25000000
v 0.68000007 0.40000001 1.42999995
v 0.98000002 0.40000001 1.42999995
v 0.68000007 0.35176909 1.61000013
v 0.98000002 0.35176909 1.61000013
v 0.68000007 0.21999991 1.74176919
v 0.98000002 0.21999991 1.74176919
v 0.68000007 0.04000000 1.42999995
v 0.98000002 0.04000000 1.42999995
v -1.06499994 0.04000000 1.66399992
v -1.03499997 0.04000000 1.66399992
v -1.06499994 -0.09754174 1.61930990
v -1.03499997 -0.09754174 1.61930990
v -1.06499994 -0.18254724 1.50230992
v -1.03499997 -0.18254724 1.50230992
v -1.06499994 -0.18254721 1.35768998
v -1.03499997 -0.18254721 1.35768998
v -1.06499994 -0.09754173 1.24068999
v -1.03499997 -0.09754173 1.24068999
v -1.06499994 0.04000002 1.19599998
v -1.03499997 0.04000002 1.19599998
v -1.06499994 0.17754176 1.24068999
v -1.03499997 0.17754176 1.24068999
v -1.06499994 0.26254725 1.35769010
v -1.03499997 0.26254725 1.35769010
v -1.06499994 0.26254722 1.50230992
v -1.03499997 0.26254722 1.50230992
v -1.06499994 0.17754176 1.61930990
v -1.03499997 0.17754176 1.61930990
v -1.06499994 0.04000000 1.42999995
v -1.03499997 0.04000000 1.42999995
v 1.03499997 0.04000000 1.66399992
v 1.06499994 0.04000000 1.66399992
v 1.03499997 -0.09754174 1.61930990
v 1.06499994 -0.09754174 1.61930990
v 1.03499997 -0.18254724 1.50230992
v 1.06499994 -0.18254724 1.50230992
v 1.03499997 -0.18254721 1.35768998
v 1.06499994 -0.18254721 1.35768998
v 1.03499997 -0.09754173 1.24068999
v 1.06499994 -0.09754173 1.24068999
v 1.03499997 0.04000002 1.19599998
v 1.06499994 0.04000002 1.19599998
v 1.03499997 0.17754176 1.24068999
v 1.06499994 0.17754176 1.24068999
v 1.03499997 0.26254725 1.35769010
v 1.06499994 0.26254725 1.35769010
v 1.03499997 0.26254722 1.50230992
v 1.06499994 0.26254722 1.50230992
v 1.03499997 0.17754176 1.61930990
v 1.06499994 0.17754176 1.61930990
v 1.03499997 0.04000000 1.42999995
v 1.06499994 0.04000000 1.42999995
v -0.30000001 0.00000000 1.87499988
v -0.30000001 0.00000000 6.05000019
v -0.25980762 -0.15000001 1.87499988
v -0.25980762 -0.15000001 6.05000019
v -0.14999999 -0.25980765 1.87499988
v -0.14999999 -0.25980765 6.05000019
v 0.00000001 -0.30000001 1.87499988
v 0.00000001 -0.30000001 6.05000019
v 0.15000002 -0.25980762 1.87499988
v 0.15000002 -0.25980762 6.05000019
v 0.25980768 -0.14999995 1.87499988
v 0.25980768 -0.14999995 6.05000019
v 0.30000001 0.00000003 1.87499988
v 0.30000001 0.00000003 6.05000019
v 0.25980759 0.15000007 1.87499988
v 0.25980759 0.15000007 6.05000019
v 0.14999998 0.25980765 1.87499988
v 0.14999998 0.25980765 6.05000019
v -0.00000000 0.30000001 1.87499988
v -0.00000000 0.30000001 6.05000019
v -0.15000011 0.25980759 1.87499988
v -0.15000011 0.25980759 6.05000019
v -0.25980768 0.14999993 1.87499988
v -0.25980768 0.14999993 6.05000019
v -0.22000000 0.58499998 1.87499988
v -0.22000000 0.79000002 6.01999998
v -0.19052559 0.47513425 1.88043356
v -0.19052559 0.68013430 6.02543354
v -0.10999999 0.39470696 1.88441122
v -0.10999999 0.59970701 6.02941132
v 0.00000001 0.36526853 1.88586724
v 0.00000001 0.57026857 6.03086710
v 0.11000001 0.39470696 1.88441122
v 0.11000001 0.59970701 6.02941132
v 0.19052561 0.47513431 1.88043356
v 0.19052561 0.68013436 6.02543354
v 0.22000000 0.58499998 1.87499988
v 0.22000000 0.79000002 6.01999998
v 0.19052556 0.69486576 1.86956620
v 0.19052556 0.89986581 6.01456642
v 0.10999998 0.77529299 1.86558855
v 0.10999998 0.98029304 6.01058865
v -0.00000000 0.80473143 1.86413252
v -0.00000000 1.00973153 6.00913286
v -0.11000008 0.77529293 1.86558855
v -0.11000008 0.98029298 6.01058865
v -0.19052562 0.69486564 1.86956620
v -0.19052562 0.89986569 6.01456642
v -0.22000000 -0.58499998 1.87499988
v -0.22000000 -0.79000002 6.01999998
v -0.19052559 -0.69486570 1.86956620
v -0.19052559 -0.89986575 6.01456642
v -0.10999999 -0.77529299 1.86558855
v -0.10999999 -0.98029304 6.01058865
v 0.00000001 -0.80473143 1.86413252
v 0.00000001 -1.00973153 6.00913286
v 0.11000001 -0.77529299 1.86558855
v 0.11000001 -0.98029304 6.01058865
v 0.19052561 -0.69486564 1.86956620
v 0.19052561 -0.89986569 6.01456642
v 0.22000000 -0.58499998 1.87499988
v 0.22000000 -0.79000002 6.01999998
v 0.19052556 -0.47513422 1.88043356
v 0.19052556 -0.68013424 6.02543354
v 0.10999998 -0.39470696 1.88441122
v 0.10999998 -0.59970701 6.02941132
v -0.00000000 -0.36526853 1.88586724
v -0.00000000 -0.57026857 6.03086710
v -0.11000008 -0.39470702 1.88441122
v -0.11000008 -0.59970707 6.02941132
v -0.19052562 -0.47513431 1.88043356
v -0.19052562 -0.68013436 6.02543354
v -0.80473143 0.00000000 1.86413252
v -1.00973153 0.00000000 6.00913286
v -0.77529299 -0.11000000 1.86558855
v -0.98029304 -0.11000000 6.01058865
v -0.69486570 -0.19052559 1.86956620
v -0.89986575 -0.19052559 6.01456642
v -0.58499998 -0.22000000 1.87499988
v -0.79000002 -0.22000000 6.01999998
v -0.47513425 -0.19052559 1.88043356
v -0.68013430 -0.19052559 6.02543354
v -0.39470693 -0.10999996 1.88441122
v -0.59970701 -0.10999996 6.02941132
v -0.36526853 0.00000002 1.88586724
v -0.57026857 0.00000002 6.03086710
v -0.39470699 0.11000004 1.88441122
v -0.59970701 0.11000004 6.02941132
v -0.47513428 0.19052559 1.88043356
v -0.68013430 0.19052559 6.02543354
v -0.58499998 0.22000000 1.87499988
v -0.79000002 0.22000000 6.01999998
v -0.69486576 0.19052555 1.86956620
v -0.89986581 0.19052555 6.01456642
v -0.77529299 0.10999995 1.86558855
v -0.98029304 0.10999995 6.01058865
v 0.36526853 0.00000000 1.88586724
v 0.57026857 0.00000000 6.03086710
v 0.39470696 -0.11000000 1.88441122
v 0.59970701 -0.11000000 6.02941132
v 0.47513425 -0.19052559 1.88043356
v 0.68013430 -0.19052559 6.02543354
v 0.58499998 -0.22000000 1.87499988
v 0.79000002 -0.22000000 6.01999998
v 0.69486570 -0.19052559 1.86956620
v 0.89986575 -0.19052559 6.01456642
v 0.77529299 -0.10999996 1.86558855
v 0.98029304 -0.10999996 6.01058865
v 0.80473143 0.00000002 1.86413252
v 1.00973153 0.00000002 6.00913286
v 0.77529299 0.11000004 1.86558855
v 0.98029304 0.11000004 6.01058865
v 0.69486570 0.19052559 1.86956620
v 0.89986575 0.19052559 6.01456642
v 0.58499998 0.22000000 1.87499988
v 0.79000002 0.22000000 6.01999998
v 0.47513419 0.19052555 1.88043356
v 0.68013424 0.19052555 6.02543354
v 0.39470693 0.10999995 1.88441122
v 0.59970701 0.10999995 6.02941132
v -0.37500000 0.00000000 6.10500002
v -0.36000001 0.00000000 6.37500000
v -0.32475951 -0.18750000 6.10500002
v -0.31176916 -0.18000001 6.37500000
v -0.18749999 -0.32475954 6.10500002
v -0.17999999 -0.31176919 6.37500000
v 0.00000002 -0.37500000 6.10500002
v 0.00000002 -0.36000001 6.37500000
v 0.18750003 -0.32475951 6.10500002
v 0.18000002 -0.31176916 6.37500000
v 0.32475957 -0.18749994 6.10500002
v 0.31176919 -0.17999995 6.37500000
v 0.37500000 0.00000003 6.10500002
v 0.36000001 0.00000003 6.37500000
v 0.32475948 0.18750006 6.10500002
v 0.31176910 0.18000007 6.37500000
v 0.18749997 0.32475954 6.10500002
v 0.17999998 0.31176919 6.37500000
v -0.00000000 0.37500000 6.10500002
v -0.00000000 0.36000001 6.37500000
v -0.18750013 0.32475945 6.10500002
v -0.18000014 0.31176910 6.37500000
v -0.32475960 0.18749991 6.10500002
v -0.31176922 0.17999992 6.37500000
v -0.36000001 0.00000000 6.37500000
v -0.21600002 0.00000000 6.37500000
v -0.21600002 0.00000000 6.37500000
v -0.21600002 0.00000000 6.17250013
v -0.31176916 -0.18000001 6.37500000
v -0.18706150 -0.10800001 6.37500000
v -0.18706150 -0.10800001 6.37500000
v -0.18706150 -0.10800001 6.17250013
v -0.17999999 -0.31176919 6.37500000
v -0.10800000 -0.18706152 6.37500000
v -0.10800000 -0.18706152 6.37500000
v -0.10800000 -0.18706152 6.17250013
v 0.00000002 -0.36000001 6.37500000
v 0.00000001 -0.21600002 6.37500000
v 0.00000001 -0.21600002 6.37500000
v 0.00000001 -0.21600002 6.17250013
v 0.18000002 -0.31176916 6.37500000
v 0.10800003 -0.18706150 6.37500000
v 0.10800003 -0.18706150 6.37500000
v 0.10800003 -0.18706150 6.17250013
v 0.31176919 -0.17999995 6.37500000
v 0.18706153 -0.10799997 6.37500000
v 0.18706153 -0.10799997 6.37500000
v 0.18706153 -0.10799997 6.17250013
v 0.36000001 0.00000003 6.37500000
v 0.21600002 0.00000002 6.37500000
v 0.21600002 0.00000002 6.37500000
v 0.21600002 0.00000002 6.17250013
v 0.31176910 0.18000007 6.37500000
v 0.18706147 0.10800005 6.37500000
v 0.18706147 0.10800005 6.37500000
v 0.18706147 0.10800005 6.17250013
v 0.17999998 0.31176919 6.37500000
v 0.10799999 0.18706152 6.37500000
v 0.10799999 0.18706152 6.37500000
v 0.10799999 0.18706152 6.17250013
v -0.00000000 0.36000001 6.37500000
v -0.00000000 0.21600002 6.37500000
v -0.00000000 0.21600002 6.37500000
v -0.00000000 0.21600002 6.17250013
v -0.18000014 0.31176910 6.37500000
v -0.10800008 0.18706146 6.37500000
v -0.10800008 0.18706146 6.37500000
v -0.10800008 0.18706146 6.17250013
v -0.31176922 0.17999992 6.37500000
v -0.18706153 0.10799996 6.37500000
v -0.18706153 0.10799996 6.37500000
v -0.18706153 0.10799996 6.17250013
v 0.00000000 0.00000000 6.17250013
v -0.28160000 0.79000002 6.10500002
v -0.26840001 0.79000002 6.37500000
v -0.22781919 0.62447971 6.10500002
v -0.21714017 0.63223845 6.37500000
v -0.08701918 0.52218246 6.10500002
v -0.08294016 0.53473639 6.37500000
v 0.08701920 0.52218252 6.10500002
v 0.08294018 0.53473645 6.37500000
v 0.22781920 0.62447971 6.10500002
v 0.21714020 0.63223851 6.37500000
v 0.28160000 0.79000002 6.10500002
v 0.26840001 0.79000002 6.37500000
v 0.22781917 0.95552039 6.10500002
v 0.21714015 0.94776165 6.37500000
v 0.08701909 1.05781758 6.10500002
v 0.08294007 1.04526365 6.37500000
v -0.08701922 1.05781746 6.10500002
v -0.08294020 1.04526353 6.37500000
v -0.22781917 0.95552039 6.10500002
v -0.21714015 0.94776160 6.37500000
v -0.26840001 0.79000002 6.37500000
v -0.15400000 0.79000002 6.37500000
v -0.15400000 0.79000002 6.37500000
v -0.15400000 0.79000002 6.17250013
v -0.21714017 0.63223845 6.37500000
v -0.12458862 0.69948107 6.37500000
v -0.12458862 0.69948107 6.37500000
v -0.12458862 0.69948107 6.17250013
v -0.08294016 0.53473639 6.37500000
v -0.04758861 0.64353728 6.37500000
v -0.04758861 0.64353728 6.37500000
v -0.04758861 0.64353728 6.17250013
v 0.08294018 0.53473645 6.37500000
v 0.04758862 0.64353734 6.37500000
v 0.04758862 0.64353734 6.37500000
v 0.04758862 0.64353734 6.17250013
v 0.21714020 0.63223851 6.37500000
v 0.12458862 0.69948113 6.37500000
v 0.12458862 0.69948113 6.37500000
v 0.12458862 0.69948113 6.17250013
v 0.26840001 0.79000002 6.37500000
v 0.15400000 0.79000002 6.37500000
v 0.15400000 0.79000002 6.37500000
v 0.15400000 0.79000002 6.17250013
v 0.21714015 0.94776165 6.37500000
v 0.12458861 0.88051897 6.37500000
v 0.12458861 0.88051897 6.37500000
v 0.12458861 0.88051897 6.17250013
v 0.08294007 1.04526365 6.37500000
v 0.04758856 0.93646276 6.37500000
v 0.04758856 0.93646276 6.37500000
v 0.04758856 0.93646276 6.17250013
v -0.08294020 1.04526353 6.37500000
v -0.04758864 0.93646270 6.37500000
v -0.04758864 0.93646270 6.37500000
v -0.04758864 0.93646270 6.17250013
v -0.21714015 0.94776160 6.37500000
v -0.12458861 0.88051897 6.37500000
v -0.12458861 0.88051897 6.37500000
v -0.12458861 0.88051897 6.17250013
v 0.00000000 0.79000002 6.17250013
v -0.28160000 -0.79000002 6.10500002
v -0.26840001 -0.79000002 6.37500000
v -0.22781919 -0.95552033 6.10500002
v -0.21714017 -0.94776160 6.37500000
v -0.08701918 -1.05781758 6.10500002
v -0.08294016 -1.04526365 6.37500000
v 0.08701920 -1.05781746 6.10500002
v 0.08294018 -1.04526353 6.37500000
v 0.22781920 -0.95552033 6.10500002
v 0.21714020 -0.94776154 6.37500000
v 0.28160000 -0.79000002 6.10500002
v 0.26840001 -0.79000002 6.37500000
v 0.22781917 -0.62447965 6.10500002
v 0.21714015 -0.63223839 6.37500000
v 0.08701909 -0.52218246 6.10500002
v 0.08294007 -0.53473639 6.37500000
v -0.08701922 -0.52218252 6.10500002
v -0.08294020 -0.53473645 6.37500000
v -0.22781917 -0.62447965 6.10500002
v -0.21714015 -0.63223845 6.37500000
v -0.26840001 -0.79000002 6.37500000
v -0.15400000 -0.79000002 6.37500000
v -0.15400000 -0.79000002 6.37500000
v -0.15400000 -0.79000002 6.17250013
v -0.21714017 -0.94776160 6.37500000
v -0.12458862 -0.88051897 6.37500000
v -0.12458862 -0.88051897 6.37500000
v -0.12458862 -0.88051897 6.17250013
v -0.08294016 -1.04526365 6.37500000
v -0.04758861 -0.93646276 6.37500000
v -0.04758861 -0.93646276 6.37500000
v -0.04758861 -0.93646276 6.17250013
v 0.08294018 -1.04526353 6.37500000
v 0.04758862 -0.93646270 6.37500000
v 0.04758862 -0.93646270 6.37500000
v 0.04758862 -0.93646270 6.17250013
v 0.21714020 -0.94776154 6.37500000
v 0.12458862 -0.88051891 6.37500000
v 0.12458862 -0.88051891 6.37500000
v 0.12458862 -0.88051891 6.17250013
v 0.26840001 -0.79000002 6.37500000
v 0.15400000 -0.79000002 6.37500000
v 0.15400000 -0.79000002 6.37500000
v 0.15400000 -0.79000002 6.17250013
v 0.21714015 -0.63223839 6.37500000
v 0.12458861 -0.69948107 6.37500000
v 0.12458861 -0.69948107 6.37500000
v 0.12458861 -0.69948107 6.17250013
v 0.08294007 -0.53473639 6.37500000
v 0.04758856 -0.64353728 6.37500000
v 0.04758856 -0.64353728 6.37500000
v 0.04758856 -0.64353728 6.17250013
v -0.08294020 -0.53473645 6.37500000
v -0.04758864 -0.64353734 6.37500000
v -0.04758864 -0.64353734 6.37500000
v -0.04758864 -0.64353734 6.17250013
v -0.21714015 -0.63223845 6.37500000
v -0.12458861 -0.69948107 6.37500000
v -0.12458861 -0.69948107 6.37500000
v -0.12458861 -0.69948107 6.17250013
v 0.00000000 -0.79000002 6.17250013
v -1.07159996 0.00000000 6.10500002
v -1.05840003 0.00000000 6.37500000
v -1.01781917 -0.16552033 6.10500002
v -1.00714016 -0.15776157 6.37500000
v -0.87701923 -0.26781753 6.10500002
v -0.87294018 -0.25526360 6.37500000
v -0.70298082 -0.26781750 6.10500002
v -0.70705986 -0.25526357 6.37500000
v -0.56218082 -0.16552031 6.10500002
v -0.57285982 -0.15776154 6.37500000
v -0.50840002 0.00000002 6.10500002
v -0.52160001 0.00000002 6.37500000
v -0.56218088 0.16552036 6.10500002
v -0.57285988 0.15776160 6.37500000
v -0.70298094 0.26781753 6.10500002
v -0.70705998 0.25526360 6.37500000
v -0.87701923 0.26781750 6.10500002
v -0.87294024 0.25526357 6.37500000
v -1.01781917 0.16552034 6.10500002
v -1.00714016 0.15776159 6.37500000
v -1.05840003 0.00000000 6.37500000
v -0.94400001 0.00000000 6.37500000
v -0.94400001 0.00000000 6.37500000
v -0.94400001 0.00000000 6.17250013
v -1.00714016 -0.15776157 6.37500000
v -0.91458863 -0.09051893 6.37500000
v -0.91458863 -0.09051893 6.37500000
v -0.91458863 -0.09051893 6.17250013
v -0.87294018 -0.25526360 6.37500000
v -0.83758861 -0.14646271 6.37500000
v -0.83758861 -0.14646271 6.37500000
v -0.83758861 -0.14646271 6.17250013
v -0.70705986 -0.25526357 6.37500000
v -0.74241138 -0.14646269 6.37500000
v -0.74241138 -0.14646269 6.37500000
v -0.74241138 -0.14646269 6.17250013
v -0.57285982 -0.15776154 6.37500000
v -0.66541141 -0.09051892 6.37500000
v -0.66541141 -0.09051892 6.37500000
v -0.66541141 -0.09051892 6.17250013
v -0.52160001 0.00000002 6.37500000
v -0.63600004 0.00000001 6.37500000
v -0.63600004 0.00000001 6.37500000
v -0.63600004 0.00000001 6.17250013
v -0.57285988 0.15776160 6.37500000
v -0.66541141 0.09051894 6.37500000
v -0.66541141 0.09051894 6.37500000
v -0.66541141 0.09051894 6.17250013
v -0.70705998 0.25526360 6.37500000
v -0.74241143 0.14646271 6.37500000
v -0.74241143 0.14646271 6.37500000
v -0.74241143 0.14646271 6.17250013
v -0.87294024 0.25526357 6.37500000
v -0.83758867 0.14646269 6.37500000
v -0.83758867 0.14646269 6.37500000
v -0.83758867 0.14646269 6.17250013
v -1.00714016 0.15776159 6.37500000
v -0.91458863 0.09051894 6.37500000
v -0.91458863 0.09051894 6.37500000
v -0.91458863 0.09051894 6.17250013
v -0.79000002 0.00000000 6.17250013
v 0.50840002 0.00000000 6.10500002
v 0.52160001 0.00000000 6.37500000
v 0.56218082 -0.16552033 6.10500002
v 0.57285988 -0.15776157 6.37500000
v 0.70298082 -0.26781753 6.10500002
v 0.70705986 -0.25526360 6.37500000
v 0.87701923 -0.26781750 6.10500002
v 0.87294018 -0.25526357 6.37500000
v 1.01781917 -0.16552031 6.10500002
v 1.00714016 -0.15776154 6.37500000
v 1.07159996 0.00000002 6.10500002
v 1.05840003 0.00000002 6.37500000
v 1.01781917 0.16552036 6.10500002
v 1.00714016 0.15776160 6.37500000
v 0.87701911 0.26781753 6.10500002
v 0.87294006 0.25526360 6.37500000
v 0.70298082 0.26781750 6.10500002
v 0.70705980 0.25526357 6.37500000
v 0.56218088 0.16552034 6.10500002
v 0.57285988 0.15776159 6.37500000
v 0.52160001 0.00000000 6.37500000
v 0.63600004 0.00000000 6.37500000
v 0.63600004 0.00000000 6.37500000
v 0.63600004 0.00000000 6.17250013
v 0.57285988 -0.15776157 6.37500000
v 0.66541141 -0.09051893 6.37500000
v 0.66541141 -0.09051893 6.37500000
v 0.66541141 -0.09051893 6.17250013
v 0.70705986 -0.25526360 6.37500000
v 0.74241143 -0.14646271 6.37500000
v 0.74241143 -0.14646271 6.37500000
v 0.74241143 -0.14646271 6.17250013
v 0.87294018 -0.25526357 6.37500000
v 0.83758867 -0.14646269 6.37500000
v 0.83758867 -0.14646269 6.37500000
v 0.83758867 -0.14646269 6.17250013
v 1.00714016 -0.15776154 6.37500000
v 0.91458863 -0.09051892 6.37500000
v 0.91458863 -0.09051892 6.37500000
v 0.91458863 -0.09051892 6.17250013
v 1.05840003 0.00000002 6.37500000
v 0.94400001 0.00000001 6.37500000
v 0.94400001 0.00000001 6.37500000
v 0.94400001 0.00000001 6.17250013
v 1.00714016 0.15776160 6.37500000
v 0.91458863 0.09051894 6.37500000
v 0.91458863 0.09051894 6.37500000
v 0.91458863 0.09051894 6.17250013
v 0.87294006 0.25526360 6.37500000
v 0.83758861 0.14646271 6.37500000
v 0.83758861 0.14646271 6.37500000
v 0.83758861 0.14646271 6.17250013
v 0.70705980 0.25526357 6.37500000
v 0.74241138 0.14646269 6.37500000
v 0.74241138 0.14646269 6.37500000
v 0.74241138 0.14646269 6.17250013
v 0.57285988 0.15776159 6.37500000
v 0.66541141 0.09051894 6.37500000
v 0.66541141 0.09051894 6.37500000
v 0.66541141 0.09051894 6.17250013
v 0.79000002 0.00000000 6.17250013
vt 0.05000000 0.94999999
vt 0.07857143 0.94999999
vt 0.10714286 0.94999999
vt 0.13571428 0.94999999
vt 0.16428572 0.94999999
vt 0.19285713 0.94999999
vt 0.22142856 0.94999999
vt 0.24999999 0.94999999
vt 0.27857143 0.94999999
vt 0.30714285 0.94999999
vt 0.33571428 0.94999999
vt 0.36428571 0.94999999
vt 0.39285713 0.94999999
vt 0.42142856 0.94999999
vt 0.44999999 0.94999999
vt 0.05000000 0.90999997
vt 0.07857143 0.90999997
vt 0.10714286 0.90999997
vt 0.13571428 0.90999997
vt 0.16428572 0.90999997
vt 0.19285713 0.90999997
vt 0.22142856 0.90999997
vt 0.24999999 0.90999997
vt 0.27857143 0.90999997
vt 0.30714285 0.90999997
vt 0.33571428 0.90999997
vt 0.36428571 0.90999997
vt 0.39285713 0.90999997
vt 0.42142856 0.90999997
vt 0.44999999 0.90999997
vt 0.05000000 0.87000000
vt 0.07857143 0.87000000
vt 0.10714286 0.87000000
vt 0.13571428 0.87000000
vt 0.16428572 0.87000000
vt 0.19285713 0.87000000
vt 0.22142856 0.87000000
vt 0.24999999 0.87000000
vt 0.27857143 0.87000000
vt 0.30714285 0.87000000
vt 0.33571428 0.87000000
vt 0.36428571 0.87000000
vt 0.39285713 0.87000000
vt 0.42142856 0.87000000
vt 0.44999999 0.87000000
vt 0.05000000 0.82999998
vt 0.07857143 0.82999998
vt 0.10714286 0.82999998
vt 0.13571428 0.82999998
vt 0.16428572 0.82999998
vt 0.19285713 0.82999998
vt 0.22142856 0.82999998
vt 0.24999999 0.82999998
vt 0.27857143 0.82999998
vt 0.30714285 0.82999998
vt 0.33571428 0.82999998
vt 0.36428571 0.82999998
vt 0.39285713 0.82999998
vt 0.42142856 0.82999998
vt 0.44999999 0.82999998
vt 0.05000000 0.79000002
vt 0.07857143 0.79000002
vt 0.10714286 0.79000002
vt 0.13571428 0.79000002
vt 0.16428572 0.79000002
vt 0.19285713 0.79000002
vt 0.22142856 0.79000002
vt 0.24999999 0.79000002
vt 0.27857143 0.79000002
vt 0.30714285 0.79000002
vt 0.33571428 0.79000002
vt 0.36428571 0.79000002
vt 0.39285713 0.79000002
vt 0.42142856 0.79000002
vt 0.44999999 0.79000002
vt 0.05000000 0.75000000
vt 0.07857143 0.75000000
vt 0.10714286 0.75000000
vt 0.13571428 0.75000000
vt 0.16428572 0.75000000
vt 0.19285713 0.75000000
vt 0.22142856 0.75000000
vt 0.24999999 0.75000000
vt 0.27857143 0.75000000
vt 0.30714285 0.75000000
vt 0.33571428 0.75000000
vt 0.36428571 0.75000000
vt 0.39285713 0.75000000
vt 0.42142856 0.75000000
vt 0.44999999 0.75000000
vt 0.05000000 0.71000004
vt 0.07857143 0.71000004
vt 0.10714286 0.71000004
vt 0.13571428 0.71000004
vt 0.16428572 0.71000004
vt 0.19285713 0.71000004
vt 0.22142856 0.71000004
vt 0.24999999 0.71000004
vt 0.27857143 0.71000004
vt 0.30714285 0.71000004
vt 0.33571428 0.71000004
vt 0.36428571 0.71000004
vt 0.39285713 0.71000004
vt 0.42142856 0.71000004
vt 0.44999999 0.71000004
vt 0.05000000 0.67000002
vt 0.07857143 0.67000002
vt 0.10714286 0.67000002
vt 0.13571428 0.67000002
vt 0.16428572 0.67000002
vt 0.19285713 0.67000002
vt 0.22142856 0.67000002
vt 0.24999999 0.67000002
vt 0.27857143 0.67000002
vt 0.30714285 0.67000002
vt 0.33571428 0.67000002
vt 0.36428571 0.67000002
vt 0.39285713 0.67000002
vt 0.42142856 0.67000002
vt 0.44999999 0.67000002
vt 0.05000000 0.63000000
vt 0.07857143 0.63000000
vt 0.10714286 0.63000000
vt 0.13571428 0.63000000
vt 0.16428572 0.63000000
vt 0.19285713 0.63000000
vt 0.22142856 0.63000000
vt 0.24999999 0.63000000
vt 0.27857143 0.63000000
vt 0.30714285 0.63000000
vt 0.33571428 0.63000000
vt 0.36428571 0.63000000
vt 0.39285713 0.63000000
vt 0.42142856 0.63000000
vt 0.44999999 0.63000000
vt 0.05000000 0.59000003
vt 0.07857143 0.59000003
vt 0.10714286 0.59000003
vt 0.13571428 0.59000003
vt 0.16428572 0.59000003
vt 0.19285713 0.59000003
vt 0.22142856 0.59000003
vt 0.24999999 0.59000003
vt 0.27857143 0.59000003
vt 0.30714285 0.59000003
vt 0.33571428 0.59000003
vt 0.36428571 0.59000003
vt 0.39285713 0.59000003
vt 0.42142856 0.59000003
vt 0.44999999 0.59000003
vt 0.05000000 0.55000001
vt 0.07857143 0.55000001
vt 0.10714286 0.55000001
vt 0.13571428 0.55000001
vt 0.16428572 0.55000001
vt 0.19285713 0.55000001
vt 0.22142856 0.55000001
vt 0.24999999 0.55000001
vt 0.27857143 0.55000001
vt 0.30714285 0.55000001
vt 0.33571428 0.55000001
vt 0.36428571 0.55000001
vt 0.39285713 0.55000001
vt 0.42142856 0.55000001
vt 0.44999999 0.55000001
vt 0.55000001 0.94999999
vt 0.94999999 0.94999999
vt 0.94999999 0.55000001
vt 0.55000001 0.55000001
vt 0.55000001 0.94999999
vt 0.94999999 0.94999999
vt 0.94999999 0.55000001
vt 0.55000001 0.55000001
vt 0.55000001 0.94999999
vt 0.94999999 0.94999999
vt 0.94999999 0.55000001
vt 0.55000001 0.55000001
vt 0.55000001 0.94999999
vt 0.94999999 0.94999999
vt 0.94999999 0.55000001
vt 0.55000001 0.55000001
vt 0.55000001 0.94999999
vt 0.94999999 0.94999999
vt 0.94999999 0.55000001
vt 0.55000001 0.55000001
vt 0.55000001 0.94999999
vt 0.94999999 0.94999999
vt 0.94999999 0.55000001
vt 0.55000001 0.55000001
vt 0.55000001 0.94999999
vt 0.94999999 0.94999999
vt 0.94999999 0.55000001
vt 0.55000001 0.55000001
vt 0.55000001 0.94999999
vt 0.94999999 0.94999999
vt 0.94999999 0.55000001
vt 0.55000001 0.55000001
vt 0.55000001 0.94999999
vt 0.94999999 0.94999999
vt 0.94999999 0.55000001
vt 0.55000001 0.55000001
vt 0.55000001 0.94999999
vt 0.94999999 0.94999999
vt 0.94999999 0.55000001
vt 0.55000001 0.55000001
vt 0.55000001 0.94999999
vt 0.94999999 0.94999999
vt 0.94999999 0.55000001
vt 0.55000001 0.55000001
vt 0.55000001 0.94999999
vt 0.94999999 0.94999999
vt 0.94999999 0.55000001
vt 0.55000001 0.55000001
vt 0.55000001 0.44999999
vt 0.55000001 0.05000001
vt 0.58333337 0.44999999
vt 0.58333337 0.05000001
vt 0.61666667 0.44999999
vt 0.61666667 0.05000001
vt 0.64999998 0.44999999
vt 0.64999998 0.05000001
vt 0.68333334 0.44999999
vt 0.68333334 0.05000001
vt 0.71666670 0.44999999
vt 0.71666670 0.05000001
vt 0.75000000 0.44999999
vt 0.75000000 0.05000001
vt 0.78333330 0.44999999
vt 0.78333330 0.05000001
vt 0.81666666 0.44999999
vt 0.81666666 0.05000001
vt 0.85000002 0.44999999
vt 0.85000002 0.05000001
vt 0.88333333 0.44999999
vt 0.88333333 0.05000001
vt 0.91666663 0.44999999
vt 0.91666663 0.05000001
vt 0.75000000 0.05000001
vt 0.55000001 0.44999999
vt 0.55000001 0.05000001
vt 0.58333337 0.44999999
vt 0.58333337 0.05000001
vt 0.61666667 0.44999999
vt 0.61666667 0.05000001
vt 0.64999998 0.44999999
vt 0.64999998 0.05000001
vt 0.68333334 0.44999999
vt 0.68333334 0.05000001
vt 0.71666670 0.44999999
vt 0.71666670 0.05000001
vt 0.75000000 0.44999999
vt 0.75000000 0.05000001
vt 0.78333330 0.44999999
vt 0.78333330 0.05000001
vt 0.81666666 0.44999999
vt 0.81666666 0.05000001
vt 0.85000002 0.44999999
vt 0.85000002 0.05000001
vt 0.88333333 0.44999999
vt 0.88333333 0.05000001
vt 0.91666663 0.44999999
vt 0.91666663 0.05000001
vt 0.75000000 0.05000001
vt 0.23999999 0.22000003
vt 0.23999999 0.05000001
vt 0.26199999 0.22000003
vt 0.26199999 0.05000001
vt 0.28400001 0.22000003
vt 0.28400001 0.05000001
vt 0.30599999 0.22000003
vt 0.30599999 0.05000001
vt 0.32800001 0.22000003
vt 0.32800001 0.05000001
vt 0.34999999 0.22000003
vt 0.34999999 0.05000001
vt 0.37200001 0.22000003
vt 0.37200001 0.05000001
vt 0.39399999 0.22000003
vt 0.39399999 0.05000001
vt 0.41600001 0.22000003
vt 0.41600001 0.05000001
vt 0.43800002 0.22000003
vt 0.43800002 0.05000001
vt 0.34999999 0.05000001
vt 0.23999999 0.22000003
vt 0.23999999 0.05000001
vt 0.26199999 0.22000003
vt 0.26199999 0.05000001
vt 0.28400001 0.22000003
vt 0.28400001 0.05000001
vt 0.30599999 0.22000003
vt 0.30599999 0.05000001
vt 0.32800001 0.22000003
vt 0.32800001 0.05000001
vt 0.34999999 0.22000003
vt 0.34999999 0.05000001
vt 0.37200001 0.22000003
vt 0.37200001 0.05000001
vt 0.39399999 0.22000003
vt 0.39399999 0.05000001
vt 0.41600001 0.22000003
vt 0.41600001 0.05000001
vt 0.43800002 0.22000003
vt 0.43800002 0.05000001
vt 0.34999999 0.05000001
vt 0.55000001 0.94999999
vt 0.94999999 0.94999999
vt 0.94999999 0.55000001
vt 0.55000001 0.55000001
vt 0.55000001 0.94999999
vt 0.94999999 0.94999999
vt 0.94999999 0.55000001
vt 0.55000001 0.55000001
vt 0.55000001 0.94999999
vt 0.94999999 0.94999999
vt 0.94999999 0.55000001
vt 0.55000001 0.55000001
vt 0.55000001 0.94999999
vt 0.94999999 0.94999999
vt 0.94999999 0.55000001
vt 0.55000001 0.55000001
vt 0.55000001 0.94999999
vt 0.94999999 0.94999999
vt 0.94999999 0.55000001
vt 0.55000001 0.55000001
vt 0.55000001 0.94999999
vt 0.94999999 0.94999999
vt 0.94999999 0.55000001
vt 0.55000001 0.55000001
vt 0.55000001 0.44999999
vt 0.94999999 0.44999999
vt 0.94999999 0.05000001
vt 0.55000001 0.05000001
vt 0.55000001 0.44999999
vt 0.94999999 0.44999999
vt 0.94999999 0.05000001
vt 0.55000001 0.05000001
vt 0.55000001 0.44999999
vt 0.94999999 0.44999999
vt 0.94999999 0.05000001
vt 0.55000001 0.05000001
vt 0.55000001 0.44999999
vt 0.94999999 0.44999999
vt 0.94999999 0.05000001
vt 0.55000001 0.05000001
vt 0.55000001 0.44999999
vt 0.94999999 0.44999999
vt 0.94999999 0.05000001
vt 0.55000001 0.05000001
vt 0.55000001 0.44999999
vt 0.94999999 0.44999999
vt 0.94999999 0.05000001
vt 0.55000001 0.05000001
vt 0.55000001 0.44999999
vt 0.94999999 0.44999999
vt 0.94999999 0.05000001
vt 0.55000001 0.05000001
vt 0.55000001 0.44999999
vt 0.94999999 0.44999999
vt 0.94999999 0.05000001
vt 0.55000001 0.05000001
vt 0.55000001 0.44999999
vt 0.94999999 0.44999999
vt 0.94999999 0.05000001
vt 0.55000001 0.05000001
vt 0.55000001 0.44999999
vt 0.94999999 0.44999999
vt 0.94999999 0.05000001
vt 0.55000001 0.05000001
vt 0.55000001 0.44999999
vt 0.94999999 0.44999999
vt 0.94999999 0.05000001
vt 0.55000001 0.05000001
vt 0.55000001 0.44999999
vt 0.94999999 0.44999999
vt 0.94999999 0.05000001
vt 0.55000001 0.05000001
vt 0.23999999 0.22000003
vt 0.46000001 0.22000003
vt 0.46000001 0.05000001
vt 0.23999999 0.05000001
vt 0.23999999 0.22000003
vt 0.46000001 0.22000003
vt 0.46000001 0.05000001
vt 0.23999999 0.05000001
vt 0.23999999 0.22000003
vt 0.46000001 0.22000003
vt 0.46000001 0.05000001
vt 0.23999999 0.05000001
vt 0.23999999 0.22000003
vt 0.46000001 0.22000003
vt 0.46000001 0.05000001
vt 0.23999999 0.05000001
vt 0.23999999 0.22000003
vt 0.46000001 0.22000003
vt 0.46000001 0.05000001
vt 0.23999999 0.05000001
vt 0.23999999 0.22000003
vt 0.46000001 0.22000003
vt 0.46000001 0.05000001
vt 0.23999999 0.05000001
vt 0.55000001 0.44999999
vt 0.55000001 0.05000001
vt 0.59000003 0.44999999
vt 0.59000003 0.05000001
vt 0.63000000 0.44999999
vt 0.63000000 0.05000001
vt 0.67000002 0.44999999
vt 0.67000002 0.05000001
vt 0.71000004 0.44999999
vt 0.71000004 0.05000001
vt 0.75000000 0.44999999
vt 0.75000000 0.05000001
vt 0.79000002 0.44999999
vt 0.79000002 0.05000001
vt 0.82999998 0.44999999
vt 0.82999998 0.05000001
vt 0.87000000 0.44999999
vt 0.87000000 0.05000001
vt 0.90999997 0.44999999
vt 0.90999997 0.05000001
vt 0.75000000 0.44999999
vt 0.55000001 0.44999999
vt 0.55000001 0.05000001
vt 0.59000003 0.44999999
vt 0.59000003 0.05000001
vt 0.63000000 0.44999999
vt 0.63000000 0.05000001
vt 0.67000002 0.44999999
vt 0.67000002 0.05000001
vt 0.71000004 0.44999999
vt 0.71000004 0.05000001
vt 0.75000000 0.44999999
vt 0.75000000 0.05000001
vt 0.79000002 0.44999999
vt 0.79000002 0.05000001
vt 0.82999998 0.44999999
vt 0.82999998 0.05000001
vt 0.87000000 0.44999999
vt 0.87000000 0.05000001
vt 0.90999997 0.44999999
vt 0.90999997 0.05000001
vt 0.75000000 0.44999999
vt 0.55000001 0.94999999
vt 0.94999999 0.94999999
vt 0.94999999 0.55000001
vt 0.55000001 0.55000001
vt 0.55000001 0.94999999
vt 0.94999999 0.94999999
vt 0.94999999 0.55000001
vt 0.55000001 0.55000001
vt 0.55000001 0.94999999
vt 0.94999999 0.94999999
vt 0.94999999 0.55000001
vt 0.55000001 0.55000001
vt 0.55000001 0.94999999
vt 0.94999999 0.94999999
vt 0.94999999 0.55000001
vt 0.55000001 0.55000001
vt 0.55000001 0.94999999
vt 0.94999999 0.94999999
vt 0.94999999 0.55000001
vt 0.55000001 0.55000001
vt 0.55000001 0.94999999
vt 0.94999999 0.94999999
vt 0.94999999 0.55000001
vt 0.55000001 0.55000001
vt 0.55000001 0.44999999
vt 0.55000001 0.05000001
vt 0.58333337 0.44999999
vt 0.58333337 0.05000001
vt 0.61666667 0.44999999
vt 0.61666667 0.05000001
vt 0.64999998 0.44999999
vt 0.64999998 0.05000001
vt 0.68333334 0.44999999
vt 0.68333334 0.05000001
vt 0.71666670 0.44999999
vt 0.71666670 0.05000001
vt 0.75000000 0.44999999
vt 0.75000000 0.05000001
vt 0.78333330 0.44999999
vt 0.78333330 0.05000001
vt 0.81666666 0.44999999
vt 0.81666666 0.05000001
vt 0.85000002 0.44999999
vt 0.85000002 0.05000001
vt 0.88333333 0.44999999
vt 0.88333333 0.05000001
vt 0.91666663 0.44999999
vt 0.91666663 0.05000001
vt 0.75000000 0.44999999
vt 0.75000000 0.05000001
vt 0.55000001 0.44999999
vt 0.55000001 0.05000001
vt 0.58333337 0.44999999
vt 0.58333337 0.05000001
vt 0.61666667 0.44999999
vt 0.61666667 0.05000001
vt 0.64999998 0.44999999
vt 0.64999998 0.05000001
vt 0.68333334 0.44999999
vt 0.68333334 0.05000001
vt 0.71666670 0.44999999
vt 0.71666670 0.05000001
vt 0.75000000 0.44999999
vt 0.75000000 0.05000001
vt 0.78333330 0.44999999
vt 0.78333330 0.05000001
vt 0.81666666 0.44999999
vt 0.81666666 0.05000001
vt 0.85000002 0.44999999
vt 0.85000002 0.05000001
vt 0.88333333 0.44999999
vt 0.88333333 0.05000001
vt 0.91666663 0.44999999
vt 0.91666663 0.05000001
vt 0.75000000 0.44999999
vt 0.75000000 0.05000001
vt 0.23999999 0.22000003
vt 0.23999999 0.05000001
vt 0.26199999 0.22000003
vt 0.26199999 0.05000001
vt 0.28400001 0.22000003
vt 0.28400001 0.05000001
vt 0.30599999 0.22000003
vt 0.30599999 0.05000001
vt 0.32800001 0.22000003
vt 0.32800001 0.05000001
vt 0.34999999 0.22000003
vt 0.34999999 0.05000001
vt 0.37200001 0.22000003
vt 0.37200001 0.05000001
vt 0.39399999 0.22000003
vt 0.39399999 0.05000001
vt 0.41600001 0.22000003
vt 0.41600001 0.05000001
vt 0.43800002 0.22000003
vt 0.43800002 0.05000001
vt 0.34999999 0.22000003
vt 0.34999999 0.05000001
vt 0.23999999 0.22000003
vt 0.23999999 0.05000001
vt 0.26199999 0.22000003
vt 0.26199999 0.05000001
vt 0.28400001 0.22000003
vt 0.28400001 0.05000001
vt 0.30599999 0.22000003
vt 0.30599999 0.05000001
vt 0.32800001 0.22000003
vt 0.32800001 0.05000001
vt 0.34999999 0.22000003
vt 0.34999999 0.05000001
vt 0.37200001 0.22000003
vt 0.37200001 0.05000001
vt 0.39399999 0.22000003
vt 0.39399999 0.05000001
vt 0.41600001 0.22000003
vt 0.41600001 0.05000001
vt 0.43800002 0.22000003
vt 0.43800002 0.05000001
vt 0.34999999 0.22000003
vt 0.34999999 0.05000001
vt 0.05000000 0.44999999
vt 0.05000000 0.27999997
vt 0.08333333 0.44999999
vt 0.08333333 0.27999997
vt 0.11666666 0.44999999
vt 0.11666666 0.27999997
vt 0.14999999 0.44999999
vt 0.14999999 0.27999997
vt 0.18333332 0.44999999
vt 0.18333332 0.27999997
vt 0.21666665 0.44999999
vt 0.21666665 0.27999997
vt 0.24999999 0.44999999
vt 0.24999999 0.27999997
vt 0.28333330 0.44999999
vt 0.28333330 0.27999997
vt 0.31666666 0.44999999
vt 0.31666666 0.27999997
vt 0.34999999 0.44999999
vt 0.34999999 0.27999997
vt 0.38333333 0.44999999
vt 0.38333333 0.27999997
vt 0.41666666 0.44999999
vt 0.41666666 0.27999997
vt 0.05000000 0.44999999
vt 0.05000000 0.27999997
vt 0.08333333 0.44999999
vt 0.08333333 0.27999997
vt 0.11666666 0.44999999
vt 0.11666666 0.27999997
vt 0.14999999 0.44999999
vt 0.14999999 0.27999997
vt 0.18333332 0.44999999
vt 0.18333332 0.27999997
vt 0.21666665 0.44999999
vt 0.21666665 0.27999997
vt 0.24999999 0.44999999
vt 0.24999999 0.27999997
vt 0.28333330 0.44999999
vt 0.28333330 0.27999997
vt 0.31666666 0.44999999
vt 0.31666666 0.27999997
vt 0.34999999 0.44999999
vt 0.34999999 0.27999997
vt 0.38333333 0.44999999
vt 0.38333333 0.27999997
vt 0.41666666 0.44999999
vt 0.41666666 0.27999997
vt 0.05000000 0.44999999
vt 0.05000000 0.27999997
vt 0.08333333 0.44999999
vt 0.08333333 0.27999997
vt 0.11666666 0.44999999
vt 0.11666666 0.27999997
vt 0.14999999 0.44999999
vt 0.14999999 0.27999997
vt 0.18333332 0.44999999
vt 0.18333332 0.27999997
vt 0.21666665 0.44999999
vt 0.21666665 0.27999997
vt 0.24999999 0.44999999
vt 0.24999999 0.27999997
vt 0.28333330 0.44999999
vt 0.28333330 0.27999997
vt 0.31666666 0.44999999
vt 0.31666666 0.27999997
vt 0.34999999 0.44999999
vt 0.34999999 0.27999997
vt 0.38333333 0.44999999
vt 0.38333333 0.27999997
vt 0.41666666 0.44999999
vt 0.41666666 0.27999997
vt 0.05000000 0.44999999
vt 0.05000000 0.27999997
vt 0.08333333 0.44999999
vt 0.08333333 0.27999997
vt 0.11666666 0.44999999
vt 0.11666666 0.27999997
vt 0.14999999 0.44999999
vt 0.14999999 0.27999997
vt 0.18333332 0.44999999
vt 0.18333332 0.27999997
vt 0.21666665 0.44999999
vt 0.21666665 0.27999997
vt 0.24999999 0.44999999
vt 0.24999999 0.27999997
vt 0.28333330 0.44999999
vt 0.28333330 0.27999997
vt 0.31666666 0.44999999
vt 0.31666666 0.27999997
vt 0.34999999 0.44999999
vt 0.34999999 0.27999997
vt 0.38333333 0.44999999
vt 0.38333333 0.27999997
vt 0.41666666 0.44999999
vt 0.41666666 0.27999997
vt 0.05000000 0.44999999
vt 0.05000000 0.27999997
vt 0.08333333 0.44999999
vt 0.08333333 0.27999997
vt 0.11666666 0.44999999
vt 0.11666666 0.27999997
vt 0.14999999 0.44999999
vt 0.14999999 0.27999997
vt 0.18333332 0.44999999
vt 0.18333332 0.27999997
vt 0.21666665 0.44999999
vt 0.21666665 0.27999997
vt 0.24999999 0.44999999
vt 0.24999999 0.27999997
vt 0.28333330 0.44999999
vt 0.28333330 0.27999997
vt 0.31666666 0.44999999
vt 0.31666666 0.27999997
vt 0.34999999 0.44999999
vt 0.34999999 0.27999997
vt 0.38333333 0.44999999
vt 0.38333333 0.27999997
vt 0.41666666 0.44999999
vt 0.41666666 0.27999997
vt 0.55000001 0.44999999
vt 0.55000001 0.05000001
vt 0.58333337 0.44999999
vt 0.58333337 0.05000001
vt 0.61666667 0.44999999
vt 0.61666667 0.05000001
vt 0.64999998 0.44999999
vt 0.64999998 0.05000001
vt 0.68333334 0.44999999
vt 0.68333334 0.05000001
vt 0.71666670 0.44999999
vt 0.71666670 0.05000001
vt 0.75000000 0.44999999
vt 0.75000000 0.05000001
vt 0.78333330 0.44999999
vt 0.78333330 0.05000001
vt 0.81666666 0.44999999
vt 0.81666666 0.05000001
vt 0.85000002 0.44999999
vt 0.85000002 0.05000001
vt 0.88333333 0.44999999
vt 0.88333333 0.05000001
vt 0.91666663 0.44999999
vt 0.91666663 0.05000001
vt 0.23999999 0.05000001
vt 0.23999999 0.22000003
vt 0.05000000 0.18000001
vt 0.05000000 0.05000001
vt 0.25833333 0.05000001
vt 0.25833333 0.22000003
vt 0.06250000 0.18000001
vt 0.06250000 0.05000001
vt 0.27666667 0.05000001
vt 0.27666667 0.22000003
vt 0.07500000 0.18000001
vt 0.07500000 0.05000001
vt 0.29499999 0.05000001
vt 0.29499999 0.22000003
vt 0.08750001 0.18000001
vt 0.08750001 0.05000001
vt 0.31333333 0.05000001
vt 0.31333333 0.22000003
vt 0.10000001 0.18000001
vt 0.10000001 0.05000001
vt 0.33166665 0.05000001
vt 0.33166665 0.22000003
vt 0.11250000 0.18000001
vt 0.11250000 0.05000001
vt 0.34999999 0.05000001
vt 0.34999999 0.22000003
vt 0.12500000 0.18000001
vt 0.12500000 0.05000001
vt 0.36833334 0.05000001
vt 0.36833334 0.22000003
vt 0.13750000 0.18000001
vt 0.13750000 0.05000001
vt 0.38666666 0.05000001
vt 0.38666666 0.22000003
vt 0.15000001 0.18000001
vt 0.15000001 0.05000001
vt 0.40500000 0.05000001
vt 0.40500000 0.22000003
vt 0.16250001 0.18000001
vt 0.16250001 0.05000001
vt 0.42333335 0.05000001
vt 0.42333335 0.22000003
vt 0.17500000 0.18000001
vt 0.17500000 0.05000001
vt 0.44166666 0.05000001
vt 0.44166666 0.22000003
vt 0.18750000 0.18000001
vt 0.18750000 0.05000001
vt 0.12500000 0.05000001
vt 0.55000001 0.44999999
vt 0.55000001 0.05000001
vt 0.59000003 0.44999999
vt 0.59000003 0.05000001
vt 0.63000000 0.44999999
vt 0.63000000 0.05000001
vt 0.67000002 0.44999999
vt 0.67000002 0.05000001
vt 0.71000004 0.44999999
vt 0.71000004 0.05000001
vt 0.75000000 0.44999999
vt 0.75000000 0.05000001
vt 0.79000002 0.44999999
vt 0.79000002 0.05000001
vt 0.82999998 0.44999999
vt 0.82999998 0.05000001
vt 0.87000000 0.44999999
vt 0.87000000 0.05000001
vt 0.90999997 0.44999999
vt 0.90999997 0.05000001
vt 0.23999999 0.05000001
vt 0.23999999 0.22000003
vt 0.05000000 0.18000001
vt 0.05000000 0.05000001
vt 0.26199999 0.05000001
vt 0.26199999 0.22000003
vt 0.06500000 0.18000001
vt 0.06500000 0.05000001
vt 0.28400001 0.05000001
vt 0.28400001 0.22000003
vt 0.08000000 0.18000001
vt 0.08000000 0.05000001
vt 0.30599999 0.05000001
vt 0.30599999 0.22000003
vt 0.09500000 0.18000001
vt 0.09500000 0.05000001
vt 0.32800001 0.05000001
vt 0.32800001 0.22000003
vt 0.11000000 0.18000001
vt 0.11000000 0.05000001
vt 0.34999999 0.05000001
vt 0.34999999 0.22000003
vt 0.12500000 0.18000001
vt 0.12500000 0.05000001
vt 0.37200001 0.05000001
vt 0.37200001 0.22000003
vt 0.14000000 0.18000001
vt 0.14000000 0.05000001
vt 0.39399999 0.05000001
vt 0.39399999 0.22000003
vt 0.15500000 0.18000001
vt 0.15500000 0.05000001
vt 0.41600001 0.05000001
vt 0.41600001 0.22000003
vt 0.17000000 0.18000001
vt 0.17000000 0.05000001
vt 0.43800002 0.05000001
vt 0.43800002 0.22000003
vt 0.18500000 0.18000001
vt 0.18500000 0.05000001
vt 0.12500000 0.05000001
vt 0.55000001 0.44999999
vt 0.55000001 0.05000001
vt 0.59000003 0.44999999
vt 0.59000003 0.05000001
vt 0.63000000 0.44999999
vt 0.63000000 0.05000001
vt 0.67000002 0.44999999
vt 0.67000002 0.05000001
vt 0.71000004 0.44999999
vt 0.71000004 0.05000001
vt 0.75000000 0.44999999
vt 0.75000000 0.05000001
vt 0.79000002 0.44999999
vt 0.79000002 0.05000001
vt 0.82999998 0.44999999
vt 0.82999998 0.05000001
vt 0.87000000 0.44999999
vt 0.87000000 0.05000001
vt 0.90999997 0.44999999
vt 0.90999997 0.05000001
vt 0.23999999 0.05000001
vt 0.23999999 0.22000003
vt 0.05000000 0.18000001
vt 0.05000000 0.05000001
vt 0.26199999 0.05000001
vt 0.26199999 0.22000003
vt 0.06500000 0.18000001
vt 0.06500000 0.05000001
vt 0.28400001 0.05000001
vt 0.28400001 0.22000003
vt 0.08000000 0.18000001
vt 0.08000000 0.05000001
vt 0.30599999 0.05000001
vt 0.30599999 0.22000003
vt 0.09500000 0.18000001
vt 0.09500000 0.05000001
vt 0.32800001 0.05000001
vt 0.32800001 0.22000003
vt 0.11000000 0.18000001
vt 0.11000000 0.05000001
vt 0.34999999 0.05000001
vt 0.34999999 0.22000003
vt 0.12500000 0.18000001
vt 0.12500000 0.05000001
vt 0.37200001 0.05000001
vt 0.37200001 0.22000003
vt 0.14000000 0.18000001
vt 0.14000000 0.05000001
vt 0.39399999 0.05000001
vt 0.39399999 0.22000003
vt 0.15500000 0.18000001
vt 0.15500000 0.05000001
vt 0.41600001 0.05000001
vt 0.41600001 0.22000003
vt 0.17000000 0.18000001
vt 0.17000000 0.05000001
vt 0.43800002 0.05000001
vt 0.43800002 0.22000003
vt 0.18500000 0.18000001
vt 0.18500000 0.05000001
vt 0.12500000 0.05000001
vt 0.55000001 0.44999999
vt 0.55000001 0.05000001
vt 0.59000003 0.44999999
vt 0.59000003 0.05000001
vt 0.63000000 0.44999999
vt 0.63000000 0.05000001
vt 0.67000002 0.44999999
vt 0.67000002 0.05000001
vt 0.71000004 0.44999999
vt 0.71000004 0.05000001
vt 0.75000000 0.44999999
vt 0.75000000 0.05000001
vt 0.79000002 0.44999999
vt 0.79000002 0.05000001
vt 0.82999998 0.44999999
vt 0.82999998 0.05000001
vt 0.87000000 0.44999999
vt 0.87000000 0.05000001
vt 0.90999997 0.44999999
vt 0.90999997 0.05000001
vt 0.23999999 0.05000001
vt 0.23999999 0.22000003
vt 0.05000000 0.18000001
vt 0.05000000 0.05000001
vt 0.26199999 0.05000001
vt 0.26199999 0.22000003
vt 0.06500000 0.18000001
vt 0.06500000 0.05000001
vt 0.28400001 0.05000001
vt 0.28400001 0.22000003
vt 0.08000000 0.18000001
vt 0.08000000 0.05000001
vt 0.30599999 0.05000001
vt 0.30599999 0.22000003
vt 0.09500000 0.18000001
vt 0.09500000 0.05000001
vt 0.32800001 0.05000001
vt 0.32800001 0.22000003
vt 0.11000000 0.18000001
vt 0.11000000 0.05000001
vt 0.34999999 0.05000001
vt 0.34999999 0.22000003
vt 0.12500000 0.18000001
vt 0.12500000 0.05000001
vt 0.37200001 0.05000001
vt 0.37200001 0.22000003
vt 0.14000000 0.18000001
vt 0.14000000 0.05000001
vt 0.39399999 0.05000001
vt 0.39399999 0.22000003
vt 0.15500000 0.18000001
vt 0.15500000 0.05000001
vt 0.41600001 0.05000001
vt 0.41600001 0.22000003
vt 0.17000000 0.18000001
vt 0.17000000 0.05000001
vt 0.43800002 0.05000001
vt 0.43800002 0.22000003
vt 0.18500000 0.18000001
vt 0.18500000 0.05000001
vt 0.12500000 0.05000001
vt 0.55000001 0.44999999
vt 0.55000001 0.05000001
vt 0.59000003 0.44999999
vt 0.59000003 0.05000001
vt 0.63000000 0.44999999
vt 0.63000000 0.05000001
vt 0.67000002 0.44999999
vt 0.67000002 0.05000001
vt 0.71000004 0.44999999
vt 0.71000004 0.05000001
vt 0.75000000 0.44999999
vt 0.75000000 0.05000001
vt 0.79000002 0.44999999
vt 0.79000002 0.05000001
vt 0.82999998 0.44999999
vt 0.82999998 0.05000001
vt 0.87000000 0.44999999
vt 0.87000000 0.05000001
vt 0.90999997 0.44999999
vt 0.90999997 0.05000001
vt 0.23999999 0.05000001
vt 0.23999999 0.22000003
vt 0.05000000 0.18000001
vt 0.05000000 0.05000001
vt 0.26199999 0.05000001
vt 0.26199999 0.22000003
vt 0.06500000 0.18000001
vt 0.06500000 0.05000001
vt 0.28400001 0.05000001
vt 0.28400001 0.22000003
vt 0.08000000 0.18000001
vt 0.08000000 0.05000001
vt 0.30599999 0.05000001
vt 0.30599999 0.22000003
vt 0.09500000 0.18000001
vt 0.09500000 0.05000001
vt 0.32800001 0.05000001
vt 0.32800001 0.22000003
vt 0.11000000 0.18000001
vt 0.11000000 0.05000001
vt 0.34999999 0.05000001
vt 0.34999999 0.22000003
vt 0.12500000 0.18000001
vt 0.12500000 0.05000001
vt 0.37200001 0.05000001
vt 0.37200001 0.22000003
vt 0.14000000 0.18000001
vt 0.14000000 0.05000001
vt 0.39399999 0.05000001
vt 0.39399999 0.22000003
vt 0.15500000 0.18000001
vt 0.15500000 0.05000001
vt 0.41600001 0.05000001
vt 0.41600001 0.22000003
vt 0.17000000 0.18000001
vt 0.17000000 0.05000001
vt 0.43800002 0.05000001
vt 0.43800002 0.22000003
vt 0.18500000 0.18000001
vt 0.18500000 0.05000001
vt 0.12500000 0.05000001
vn 0.00000000 1.00000000 0.00000000
vn 0.00000000 1.00000000 0.00000000
vn 0.00000000 1.00000000 0.00000000
vn 0.00000000 1.00000000 0.00000000
vn 0.00000000 1.00000000 -0.00000000
vn 0.00000000 1.00000000 -0.00000000
vn 0.00000000 1.00000000 -0.00000000
vn -0.00000000 1.00000000 -0.00000000
vn -0.00000000 1.00000000 -0.00000000
vn -0.00000000 1.00000000 -0.00000000
vn -0.00000000 1.00000000 -0.00000000
vn -0.00000000 1.00000000 0.00000000
vn -0.00000000 1.00000000 0.00000000
vn -0.00000000 1.00000000 0.00000000
vn 0.00000000 1.00000000 0.00000000
vn 0.00000000 0.95105654 0.30901700
vn 0.13407746 0.95105654 0.27841470
vn 0.24159923 0.95105654 0.19266894
vn 0.30126929 0.95105654 0.06876276
vn 0.30126929 0.95105654 -0.06876276
vn 0.24159919 0.95105654 -0.19266900
vn 0.13407747 0.95105654 -0.27841470
vn -0.00000003 0.95105654 -0.30901700
vn -0.13407746 0.95105654 -0.27841470
vn -0.24159926 0.95105654 -0.19266890
vn -0.30126932 0.95105654 -0.06876263
vn -0.30126926 0.95105654 0.06876293
vn -0.24159926 0.95105654 0.19266891
vn -0.13407746 0.95105654 0.27841470
vn 0.00000005 0.95105654 0.30901700
vn 0.00000000 0.80901700 0.58778524
vn 0.25503048 0.80901700 0.52957618
vn 0.45954901 0.80901700 0.36647812
vn 0.57304823 0.80901700 0.13079454
vn 0.57304823 0.80901700 -0.13079453
vn 0.45954895 0.80901700 -0.36647820
vn 0.25503051 0.80901700 -0.52957618
vn -0.00000005 0.80901700 -0.58778524
vn -0.25503048 0.80901700 -0.52957618
vn -0.45954910 0.80901700 -0.36647800
vn -0.57304829 0.80901700 -0.13079429
vn -0.57304817 0.80901700 0.13079485
vn -0.45954910 0.80901700 0.36647803
vn -0.25503048 0.80901700 0.52957618
vn 0.00000010 0.80901700 0.58778524
vn 0.00000000 0.58778524 0.80901700
vn 0.35101932 0.58778524 0.72889912
vn 0.63251495 0.58778524 0.50441384
vn 0.78873324 0.58778524 0.18002325
vn 0.78873324 0.58778524 -0.18002322
vn 0.63251489 0.58778524 -0.50441396
vn 0.35101938 0.58778524 -0.72889912
vn -0.00000007 0.58778524 -0.80901700
vn -0.35101932 0.58778524 -0.72889912
vn -0.63251507 0.58778524 -0.50441372
vn -0.78873336 0.58778524 -0.18002291
vn -0.78873324 0.58778530 0.18002369
vn -0.63251507 0.58778524 0.50441372
vn -0.35101932 0.58778524 0.72889912
vn 0.00000014 0.58778524 0.80901700
vn 0.00000000 0.30901697 0.95105654
vn 0.41264799 0.30901697 0.85687232
vn 0.74356598 0.30901697 0.59297407
vn 0.92721158 0.30901697 0.21163003
vn 0.92721158 0.30901697 -0.21163000
vn 0.74356586 0.30901697 -0.59297425
vn 0.41264805 0.30901697 -0.85687232
vn -0.00000008 0.30901697 -0.95105654
vn -0.41264799 0.30901697 -0.85687232
vn -0.74356610 0.30901697 -0.59297389
vn -0.92721164 0.30901697 -0.21162961
vn -0.92721146 0.30901697 0.21163052
vn -0.74356610 0.30901697 0.59297395
vn -0.41264799 0.30901697 0.85687232
vn 0.00000017 0.30901697 0.95105654
vn 0.00000000 -0.00000004 1.00000000
vn 0.43388376 -0.00000004 0.90096885
vn 0.78183150 -0.00000004 0.62348980
vn 0.97492790 -0.00000004 0.22252098
vn 0.97492802 -0.00000004 -0.22252098
vn 0.78183138 -0.00000004 -0.62348998
vn 0.43388382 -0.00000004 -0.90096885
vn -0.00000009 -0.00000004 -1.00000000
vn -0.43388376 -0.00000004 -0.90096885
vn -0.78183162 -0.00000004 -0.62348962
vn -0.97492802 -0.00000004 -0.22252055
vn -0.97492778 -0.00000004 0.22252150
vn -0.78183162 -0.00000004 0.62348968
vn -0.43388376 -0.00000004 0.90096885
vn 0.00000017 -0.00000004 1.00000000
vn 0.00000000 -0.30901706 0.95105660
vn 0.41264802 -0.30901706 0.85687238
vn 0.74356592 -0.30901703 0.59297401
vn 0.92721152 -0.30901703 0.21163002
vn 0.92721164 -0.30901706 -0.21163002
vn 0.74356580 -0.30901703 -0.59297419
vn 0.41264808 -0.30901706 -0.85687238
vn -0.00000008 -0.30901706 -0.95105660
vn -0.41264802 -0.30901706 -0.85687238
vn -0.74356604 -0.30901703 -0.59297383
vn -0.92721164 -0.30901703 -0.21162960
vn -0.92721140 -0.30901703 0.21163051
vn -0.74356604 -0.30901703 0.59297389
vn -0.41264802 -0.30901706 0.85687238
vn 0.00000017 -0.30901706 0.95105660
vn 0.00000000 -0.58778542 0.80901688
vn 0.35101929 -0.58778542 0.72889900
vn 0.63251489 -0.58778542 0.50441378
vn 0.78873312 -0.58778542 0.18002322
vn 0.78873312 -0.58778542 -0.18002321
vn 0.63251477 -0.58778542 -0.50441390
vn 0.35101932 -0.58778542 -0.72889900
vn -0.00000007 -0.58778542 -0.80901688
vn -0.35101929 -0.58778542 -0.72889900
vn -0.63251501 -0.58778548 -0.50441366
vn -0.78873324 -0.58778542 -0.18002288
vn -0.78873307 -0.58778542 0.18002366
vn -0.63251495 -0.58778542 0.50441366
vn -0.35101929 -0.58778542 0.72889900
vn 0.00000014 -0.58778542 0.80901688
vn 0.00000000 -0.80901706 0.58778518
vn 0.25503045 -0.80901706 0.52957612
vn 0.45954898 -0.80901706 0.36647806
vn 0.57304817 -0.80901706 0.13079454
vn 0.57304817 -0.80901706 -0.13079451
vn 0.45954889 -0.80901706 -0.36647817
vn 0.25503048 -0.80901706 -0.52957612
vn -0.00000005 -0.80901706 -0.58778518
vn -0.25503045 -0.80901706 -0.52957612
vn -0.45954904 -0.80901706 -0.36647797
vn -0.57304823 -0.80901706 -0.13079429
vn -0.57304811 -0.80901706 0.13079484
vn -0.45954904 -0.80901706 0.36647800
vn -0.25503045 -0.80901706 0.52957612
vn 0.00000010 -0.80901706 0.58778518
vn 0.00000000 -0.95105660 0.30901706
vn 0.13407749 -0.95105660 0.27841476
vn 0.24159928 -0.95105660 0.19266899
vn 0.30126935 -0.95105660 0.06876278
vn 0.30126935 -0.95105660 -0.06876277
vn 0.24159925 -0.95105660 -0.19266905
vn 0.13407750 -0.95105660 -0.27841476
vn -0.00000003 -0.95105660 -0.30901706
vn -0.13407749 -0.95105660 -0.27841476
vn -0.24159932 -0.95105660 -0.19266894
vn -0.30126938 -0.95105660 -0.06876265
vn -0.30126932 -0.95105660 0.06876294
vn -0.24159932 -0.95105660 0.19266896
vn -0.13407749 -0.95105660 0.27841476
vn 0.00000005 -0.95105660 0.30901706
vn -0.00000000 -1.00000000 -0.00000009
vn -0.00000004 -1.00000000 -0.00000008
vn -0.00000007 -1.00000000 -0.00000005
vn -0.00000009 -1.00000000 -0.00000002
vn -0.00000009 -1.00000000 0.00000002
vn -0.00000007 -1.00000000 0.00000005
vn -0.00000004 -1.00000000 0.00000008
vn 0.00000000 -1.00000000 0.00000009
vn 0.00000004 -1.00000000 0.00000008
vn 0.00000007 -1.00000000 0.00000005
vn 0.00000009 -1.00000000 0.00000002
vn 0.00000009 -1.00000000 -0.00000002
vn 0.00000007 -1.00000000 -0.00000005
vn 0.00000004 -1.00000000 -0.00000008
vn -0.00000000 -1.00000000 -0.00000009
vn 0.00000000 0.00000000 1.00000000
vn 0.00000000 0.00000000 1.00000000
vn 0.00000000 0.00000000 1.00000000
vn 0.00000000 0.00000000 1.00000000
vn 0.00000000 0.00000000 -1.00000000
vn 0.00000000 0.00000000 -1.00000000
vn 0.00000000 0.00000000 -1.00000000
vn 0.00000000 0.00000000 -1.00000000
vn 0.00000000 1.00000000 0.00000000
vn 0.00000000 1.00000000 0.00000000
vn 0.00000000 1.00000000 0.00000000
vn 0.00000000 1.00000000 0.00000000
vn 0.00000000 -1.00000000 0.00000000
vn 0.00000000 -1.00000000 0.00000000
vn 0.00000000 -1.00000000 0.00000000
vn 0.00000000 -1.00000000 0.00000000
vn 1.00000000 0.00000000 0.00000000
vn 1.00000000 0.00000000 0.00000000
vn 1.00000000 0.00000000 0.00000000
vn 1.00000000 0.00000000 0.00000000
vn -1.00000000 0.00000000 0.00000000
vn -1.00000000 0.00000000 0.00000000
vn -1.00000000 0.00000000 0.00000000
vn -1.00000000 0.00000000 0.00000000
vn 0.00000000 0.00000000 1.00000000
vn 0.00000000 0.00000000 1.00000000
vn 0.00000000 0.00000000 1.00000000
vn 0.00000000 0.00000000 1.00000000
vn 0.00000000 0.00000000 -1.00000000
vn 0.00000000 0.00000000 -1.00000000
vn 0.00000000 0.00000000 -1.00000000
vn 0.00000000 0.00000000 -1.00000000
vn 0.00000000 1.00000000 0.00000000
vn 0.00000000 1.00000000 0.00000000
vn 0.00000000 1.00000000 0.00000000
vn 0.00000000 1.00000000 0.00000000
vn 0.00000000 -1.00000000 0.00000000
vn 0.00000000 -1.00000000 0.00000000
vn 0.00000000 -1.00000000 0.00000000
vn 0.00000000 -1.00000000 0.00000000
vn 1.00000000 0.00000000 0.00000000
vn 1.00000000 0.00000000 0.00000000
vn 1.00000000 0.00000000 0.00000000
vn 1.00000000 0.00000000 0.00000000
vn -1.00000000 0.00000000 0.00000000
vn -1.00000000 0.00000000 0.00000000
vn -1.00000000 0.00000000 0.00000000
vn -1.00000000 0.00000000 0.00000000
vn 0.00000000 0.00000000 -1.00000000
vn 0.00000000 0.00000000 -1.00000000
vn 0.00000000 -0.50000000 -0.86602539
vn 0.00000000 -0.50000000 -0.86602539
vn 0.00000000 -0.86602545 -0.49999997
vn 0.00000000 -0.86602545 -0.49999997
vn -0.00000000 -1.00000000 0.00000004
vn -0.00000000 -1.00000000 0.00000004
vn -0.00000000 -0.86602539 0.50000006
vn -0.00000000 -0.86602539 0.50000006
vn -0.00000000 -0.49999982 0.86602551
vn -0.00000000 -0.49999982 0.86602551
vn 0.00000000 0.00000009 1.00000000
vn 0.00000000 0.00000009 1.00000000
vn 0.00000000 0.50000024 0.86602539
vn 0.00000000 0.50000024 0.86602539
vn 0.00000000 0.86602545 0.49999991
vn 0.00000000 0.86602545 0.49999991
vn 0.00000000 1.00000000 -0.00000001
vn 0.00000000 1.00000000 -0.00000001
vn 0.00000000 0.86602521 -0.50000036
vn 0.00000000 0.86602521 -0.50000036
vn 0.00000000 0.49999976 -0.86602557
vn 0.00000000 0.49999976 -0.86602557
vn -1.00000000 0.00000000 0.00000000
vn 0.00000000 0.00000000 1.00000000
vn 0.00000000 0.00000000 1.00000000
vn 0.00000000 -0.50000000 0.86602539
vn 0.00000000 -0.50000000 0.86602539
vn 0.00000000 -0.86602545 0.49999997
vn 0.00000000 -0.86602545 0.49999997
vn 0.00000000 -1.00000000 -0.00000004
vn 0.00000000 -1.00000000 -0.00000004
vn 0.00000000 -0.86602539 -0.50000006
vn 0.00000000 -0.86602539 -0.50000006
vn 0.00000000 -0.49999982 -0.86602551
vn 0.00000000 -0.49999982 -0.86602551
vn -0.00000000 0.00000009 -1.00000000
vn -0.00000000 0.00000009 -1.00000000
vn -0.00000000 0.50000024 -0.86602539
vn -0.00000000 0.50000024 -0.86602539
vn -0.00000000 0.86602545 -0.49999991
vn -0.00000000 0.86602545 -0.49999991
vn 0.00000000 1.00000000 0.00000001
vn 0.00000000 1.00000000 0.00000001
vn 0.00000000 0.86602521 0.50000036
vn 0.00000000 0.86602521 0.50000036
vn 0.00000000 0.49999976 0.86602557
vn 0.00000000 0.49999976 0.86602557
vn 1.00000000 0.00000000 0.00000000
vn 0.00000000 0.00000000 -1.00000000
vn 0.00000000 0.00000000 -1.00000000
vn 0.00000000 -0.58778524 -0.80901700
vn 0.00000000 -0.58778524 -0.80901700
vn 0.00000000 -0.95105654 -0.30901697
vn 0.00000000 -0.95105654 -0.30901697
vn -0.00000000 -0.95105660 0.30901706
vn -0.00000000 -0.95105660 0.30901706
vn -0.00000000 -0.58778518 0.80901706
vn -0.00000000 -0.58778518 0.80901706
vn 0.00000000 0.00000009 1.00000000
vn 0.00000000 0.00000009 1.00000000
vn 0.00000000 0.58778536 0.80901694
vn 0.00000000 0.58778536 0.80901694
vn 0.00000000 0.95105672 0.30901667
vn 0.00000000 0.95105672 0.30901667
vn 0.00000000 0.95105648 -0.30901712
vn 0.00000000 0.95105648 -0.30901712
vn 0.00000000 0.58778530 -0.80901694
vn 0.00000000 0.58778530 -0.80901694
vn -1.00000000 0.00000000 0.00000000
vn 0.00000000 0.00000000 1.00000000
vn 0.00000000 0.00000000 1.00000000
vn 0.00000000 -0.58778524 0.80901700
vn 0.00000000 -0.58778524 0.80901700
vn 0.00000000 -0.95105654 0.30901697
vn 0.00000000 -0.95105654 0.30901697
vn 0.00000000 -0.95105660 -0.30901706
vn 0.00000000 -0.95105660 -0.30901706
vn 0.00000000 -0.58778518 -0.80901706
vn 0.00000000 -0.58778518 -0.80901706
vn -0.00000000 0.00000009 -1.00000000
vn -0.00000000 0.00000009 -1.00000000
vn -0.00000000 0.58778536 -0.80901694
vn -0.00000000 0.58778536 -0.80901694
vn -0.00000000 0.95105672 -0.30901667
vn -0.00000000 0.95105672 -0.30901667
vn 0.00000000 0.95105648 0.30901712
vn 0.00000000 0.95105648 0.30901712
vn 0.00000000 0.58778530 0.80901694
vn 0.00000000 0.58778530 0.80901694
vn 1.00000000 0.00000000 0.00000000
vn 0.00000000 0.00000000 1.00000000
vn 0.00000000 0.00000000 1.00000000
vn 0.00000000 0.00000000 1.00000000
vn 0.00000000 0.00000000 1.00000000
vn 0.00000000 0.00000000 -1.00000000
vn 0.00000000 0.00000000 -1.00000000
vn 0.00000000 0.00000000 -1.00000000
vn 0.00000000 0.00000000 -1.00000000
vn 0.00000000 1.00000000 0.00000000
vn 0.00000000 1.00000000 0.00000000
vn 0.00000000 1.00000000 0.00000000
vn 0.00000000 1.00000000 0.00000000
vn 0.00000000 -1.00000000 0.00000000
vn 0.00000000 -1.00000000 0.00000000
vn 0.00000000 -1.00000000 0.00000000
vn 0.00000000 -1.00000000 0.00000000
vn 1.00000000 0.00000000 0.00000000
vn 1.00000000 0.00000000 0.00000000
vn 1.00000000 0.00000000 0.00000000
vn 1.00000000 0.00000000 0.00000000
vn -1.00000000 0.00000000 0.00000000
vn -1.00000000 0.00000000 0.00000000
vn -1.00000000 0.00000000 0.00000000
vn -1.00000000 0.00000000 0.00000000
vn 0.00000000 0.00000000 1.00000000
vn 0.00000000 0.00000000 1.00000000
vn 0.00000000 0.00000000 1.00000000
vn 0.00000000 0.00000000 1.00000000
vn 0.00000000 0.00000000 -1.00000000
vn 0.00000000 0.00000000 -1.00000000
vn 0.00000000 0.00000000 -1.00000000
vn 0.00000000 0.00000000 -1.00000000
vn 0.00000000 1.00000000 0.00000000
vn 0.00000000 1.00000000 0.00000000
vn 0.00000000 1.00000000 0.00000000
vn 0.00000000 1.00000000 0.00000000
vn 0.00000000 -1.00000000 0.00000000
vn 0.00000000 -1.00000000 0.00000000
vn 0.00000000 -1.00000000 0.00000000
vn 0.00000000 -1.00000000 0.00000000
vn 1.00000000 0.00000000 0.00000000
vn 1.00000000 0.00000000 0.00000000
vn 1.00000000 0.00000000 0.00000000
vn 1.00000000 0.00000000 0.00000000
vn -1.00000000 0.00000000 0.00000000
vn -1.00000000 0.00000000 0.00000000
vn -1.00000000 0.00000000 0.00000000
vn -1.00000000 0.00000000 0.00000000
vn 0.00000000 0.00000000 1.00000000
vn 0.00000000 0.00000000 1.00000000
vn 0.00000000 0.00000000 1.00000000
vn 0.00000000 0.00000000 1.00000000
vn 0.00000000 0.00000000 -1.00000000
vn 0.00000000 0.00000000 -1.00000000
vn 0.00000000 0.00000000 -1.00000000
vn 0.00000000 0.00000000 -1.00000000
vn 0.00000000 1.00000000 0.00000000
vn 0.00000000 1.00000000 0.00000000
vn 0.00000000 1.00000000 0.00000000
vn 0.00000000 1.00000000 0.00000000
vn 0.00000000 -1.00000000 0.00000000
vn 0.00000000 -1.00000000 0.00000000
vn 0.00000000 -1.00000000 0.00000000
vn 0.00000000 -1.00000000 0.00000000
vn 1.00000000 0.00000000 0.00000000
vn 1.00000000 0.00000000 0.00000000
vn 1.00000000 0.00000000 0.00000000
vn 1.00000000 0.00000000 0.00000000
vn -1.00000000 0.00000000 0.00000000
vn -1.00000000 0.00000000 0.00000000
vn -1.00000000 0.00000000 0.00000000
vn -1.00000000 0.00000000 0.00000000
vn 0.00000000 0.00000000 1.00000000
vn 0.00000000 0.00000000 1.00000000
vn 0.00000000 0.00000000 1.00000000
vn 0.00000000 0.00000000 1.00000000
vn 0.00000000 0.00000000 -1.00000000
vn 0.00000000 0.00000000 -1.00000000
vn 0.00000000 0.00000000 -1.00000000
vn 0.00000000 0.00000000 -1.00000000
vn 0.00000000 1.00000000 0.00000000
vn 0.00000000 1.00000000 0.00000000
vn 0.00000000 1.00000000 0.00000000
vn 0.00000000 1.00000000 0.00000000
vn 0.00000000 -1.00000000 0.00000000
vn 0.00000000 -1.00000000 0.00000000
vn 0.00000000 -1.00000000 0.00000000
vn 0.00000000 -1.00000000 0.00000000
vn 1.00000000 0.00000000 0.00000000
vn 1.00000000 0.00000000 0.00000000
vn 1.00000000 0.00000000 0.00000000
vn 1.00000000 0.00000000 0.00000000
vn -1.00000000 0.00000000 0.00000000
vn -1.00000000 0.00000000 0.00000000
vn -1.00000000 0.00000000 0.00000000
vn -1.00000000 0.00000000 0.00000000
vn -1.00000000 0.00000000 0.00000000
vn -1.00000000 0.00000000 0.00000000
vn -0.80901700 -0.58778524 0.00000000
vn -0.80901700 -0.58778524 0.00000000
vn -0.30901697 -0.95105654 0.00000000
vn -0.30901697 -0.95105654 0.00000000
vn 0.30901706 -0.95105660 0.00000000
vn 0.30901706 -0.95105660 0.00000000
vn 0.80901706 -0.58778518 0.00000000
vn 0.80901706 -0.58778518 0.00000000
vn 1.00000000 0.00000009 -0.00000000
vn 1.00000000 0.00000009 -0.00000000
vn 0.80901694 0.58778536 -0.00000000
vn 0.80901694 0.58778536 -0.00000000
vn 0.30901667 0.95105672 -0.00000000
vn 0.30901667 0.95105672 -0.00000000
vn -0.30901712 0.95105648 0.00000000
vn -0.30901712 0.95105648 0.00000000
vn -0.80901694 0.58778530 0.00000000
vn -0.80901694 0.58778530 0.00000000
vn -0.00000000 -0.00000000 -1.00000000
vn -1.00000000 0.00000000 0.00000000
vn -1.00000000 0.00000000 0.00000000
vn -0.80901700 -0.58778524 0.00000000
vn -0.80901700 -0.58778524 0.00000000
vn -0.30901697 -0.95105654 0.00000000
vn -0.30901697 -0.95105654 0.00000000
vn 0.30901706 -0.95105660 0.00000000
vn 0.30901706 -0.95105660 0.00000000
vn 0.80901706 -0.58778518 0.00000000
vn 0.80901706 -0.58778518 0.00000000
vn 1.00000000 0.00000009 -0.00000000
vn 1.00000000 0.00000009 -0.00000000
vn 0.80901694 0.58778536 -0.00000000
vn 0.80901694 0.58778536 -0.00000000
vn 0.30901667 0.95105672 -0.00000000
vn 0.30901667 0.95105672 -0.00000000
vn -0.30901712 0.95105648 0.00000000
vn -0.30901712 0.95105648 0.00000000
vn -0.80901694 0.58778530 0.00000000
vn -0.80901694 0.58778530 0.00000000
vn -0.00000000 -0.00000000 -1.00000000
vn 0.00000000 0.00000000 1.00000000
vn 0.00000000 0.00000000 1.00000000
vn 0.00000000 0.00000000 1.00000000
vn 0.00000000 0.00000000 1.00000000
vn 0.00000000 0.00000000 -1.00000000
vn 0.00000000 0.00000000 -1.00000000
vn 0.00000000 0.00000000 -1.00000000
vn 0.00000000 0.00000000 -1.00000000
vn 0.00000000 1.00000000 0.00000000
vn 0.00000000 1.00000000 0.00000000
vn 0.00000000 1.00000000 0.00000000
vn 0.00000000 1.00000000 0.00000000
vn 0.00000000 -1.00000000 0.00000000
vn 0.00000000 -1.00000000 0.00000000
vn 0.00000000 -1.00000000 0.00000000
vn 0.00000000 -1.00000000 0.00000000
vn 1.00000000 0.00000000 0.00000000
vn 1.00000000 0.00000000 0.00000000
vn 1.00000000 0.00000000 0.00000000
vn 1.00000000 0.00000000 0.00000000
vn -1.00000000 0.00000000 0.00000000
vn -1.00000000 0.00000000 0.00000000
vn -1.00000000 0.00000000 0.00000000
vn -1.00000000 0.00000000 0.00000000
vn 0.00000000 0.00000000 1.00000000
vn 0.00000000 0.00000000 1.00000000
vn 0.00000000 -0.50000000 0.86602539
vn 0.00000000 -0.50000000 0.86602539
vn 0.00000000 -0.86602545 0.49999997
vn 0.00000000 -0.86602545 0.49999997
vn 0.00000000 -1.00000000 -0.00000004
vn 0.00000000 -1.00000000 -0.00000004
vn 0.00000000 -0.86602539 -0.50000006
vn 0.00000000 -0.86602539 -0.50000006
vn 0.00000000 -0.49999982 -0.86602551
vn 0.00000000 -0.49999982 -0.86602551
vn -0.00000000 0.00000009 -1.00000000
vn -0.00000000 0.00000009 -1.00000000
vn -0.00000000 0.50000024 -0.86602539
vn -0.00000000 0.50000024 -0.86602539
vn -0.00000000 0.86602545 -0.49999991
vn -0.00000000 0.86602545 -0.49999991
vn 0.00000000 1.00000000 0.00000001
vn 0.00000000 1.00000000 0.00000001
vn 0.00000000 0.86602521 0.50000036
vn 0.00000000 0.86602521 0.50000036
vn 0.00000000 0.49999976 0.86602557
vn 0.00000000 0.49999976 0.86602557
vn -1.00000000 -0.00000000 -0.00000000
vn 1.00000000 0.00000000 0.00000000
vn 0.00000000 0.00000000 1.00000000
vn 0.00000000 0.00000000 1.00000000
vn 0.00000000 -0.50000000 0.86602539
vn 0.00000000 -0.50000000 0.86602539
vn 0.00000000 -0.86602545 0.49999997
vn 0.00000000 -0.86602545 0.49999997
vn 0.00000000 -1.00000000 -0.00000004
vn 0.00000000 -1.00000000 -0.00000004
vn 0.00000000 -0.86602539 -0.50000006
vn 0.00000000 -0.86602539 -0.50000006
vn 0.00000000 -0.49999982 -0.86602551
vn 0.00000000 -0.49999982 -0.86602551
vn -0.00000000 0.00000009 -1.00000000
vn -0.00000000 0.00000009 -1.00000000
vn -0.00000000 0.50000024 -0.86602539
vn -0.00000000 0.50000024 -0.86602539
vn -0.00000000 0.86602545 -0.49999991
vn -0.00000000 0.86602545 -0.49999991
vn 0.00000000 1.00000000 0.00000001
vn 0.00000000 1.00000000 0.00000001
vn 0.00000000 0.86602521 0.50000036
vn 0.00000000 0.86602521 0.50000036
vn 0.00000000 0.49999976 0.86602557
vn 0.00000000 0.49999976 0.86602557
vn -1.00000000 -0.00000000 -0.00000000
vn 1.00000000 0.00000000 0.00000000
vn 0.00000000 0.00000000 1.00000000
vn 0.00000000 0.00000000 1.00000000
vn 0.00000000 -0.58778524 0.80901700
vn 0.00000000 -0.58778524 0.80901700
vn 0.00000000 -0.95105654 0.30901697
vn 0.00000000 -0.95105654 0.30901697
vn 0.00000000 -0.95105660 -0.30901706
vn 0.00000000 -0.95105660 -0.30901706
vn 0.00000000 -0.58778518 -0.80901706
vn 0.00000000 -0.58778518 -0.80901706
vn -0.00000000 0.00000009 -1.00000000
vn -0.00000000 0.00000009 -1.00000000
vn -0.00000000 0.58778536 -0.80901694
vn -0.00000000 0.58778536 -0.80901694
vn -0.00000000 0.95105672 -0.30901667
vn -0.00000000 0.95105672 -0.30901667
vn 0.00000000 0.95105648 0.30901712
vn 0.00000000 0.95105648 0.30901712
vn 0.00000000 0.58778530 0.80901694
vn 0.00000000 0.58778530 0.80901694
vn -1.00000000 -0.00000000 -0.00000000
vn 1.00000000 0.00000000 0.00000000
vn 0.00000000 0.00000000 1.00000000
vn 0.00000000 0.00000000 1.00000000
vn 0.00000000 -0.58778524 0.80901700
vn 0.00000000 -0.58778524 0.80901700
vn 0.00000000 -0.95105654 0.30901697
vn 0.00000000 -0.95105654 0.30901697
vn 0.00000000 -0.95105660 -0.30901706
vn 0.00000000 -0.95105660 -0.30901706
vn 0.00000000 -0.58778518 -0.80901706
vn 0.00000000 -0.58778518 -0.80901706
vn -0.00000000 0.00000009 -1.00000000
vn -0.00000000 0.00000009 -1.00000000
vn -0.00000000 0.58778536 -0.80901694
vn -0.00000000 0.58778536 -0.80901694
vn -0.00000000 0.95105672 -0.30901667
vn -0.00000000 0.95105672 -0.30901667
vn 0.00000000 0.95105648 0.30901712
vn 0.00000000 0.95105648 0.30901712
vn 0.00000000 0.58778530 0.80901694
vn 0.00000000 0.58778530 0.80901694
vn -1.00000000 -0.00000000 -0.00000000
vn 1.00000000 0.00000000 0.00000000
vn -1.00000000 0.00000000 0.00000000
vn -1.00000000 0.00000000 0.00000000
vn -0.86602539 -0.50000000 0.00000000
vn -0.86602539 -0.50000000 0.00000000
vn -0.49999997 -0.86602545 0.00000000
vn -0.49999997 -0.86602545 0.00000000
vn 0.00000004 -1.00000000 0.00000000
vn 0.00000004 -1.00000000 0.00000000
vn 0.50000006 -0.86602539 0.00000000
vn 0.50000006 -0.86602539 0.00000000
vn 0.86602551 -0.49999982 0.00000000
vn 0.86602551 -0.49999982 0.00000000
vn 1.00000000 0.00000009 -0.00000000
vn 1.00000000 0.00000009 -0.00000000
vn 0.86602539 0.50000024 -0.00000000
vn 0.86602539 0.50000024 -0.00000000
vn 0.49999991 0.86602545 -0.00000000
vn 0.49999991 0.86602545 -0.00000000
vn -0.00000001 1.00000000 0.00000000
vn -0.00000001 1.00000000 0.00000000
vn -0.50000036 0.86602521 0.00000000
vn -0.50000036 0.86602521 0.00000000
vn -0.86602557 0.49999976 0.00000000
vn -0.86602557 0.49999976 0.00000000
vn -1.00000000 0.00000000 0.00000000
vn -1.00000000 0.00000000 0.00000000
vn -0.86602539 -0.49938965 0.02469841
vn -0.86602539 -0.49938965 0.02469841
vn -0.49999997 -0.86496830 0.04277890
vn -0.49999997 -0.86496830 0.04277890
vn 0.00000004 -0.99877930 0.04939682
vn 0.00000004 -0.99877930 0.04939682
vn 0.50000006 -0.86496824 0.04277890
vn 0.50000006 -0.86496824 0.04277890
vn 0.86602551 -0.49938947 0.02469840
vn 0.86602551 -0.49938947 0.02469840
vn 1.00000000 0.00000009 -0.00000000
vn 1.00000000 0.00000009 -0.00000000
vn 0.86602539 0.49938989 -0.02469842
vn 0.86602539 0.49938989 -0.02469842
vn 0.49999991 0.86496830 -0.04277890
vn 0.49999991 0.86496830 -0.04277890
vn -0.00000001 0.99877930 -0.04939682
vn -0.00000001 0.99877930 -0.04939682
vn -0.50000036 0.86496806 -0.04277889
vn -0.50000036 0.86496806 -0.04277889
vn -0.86602557 0.49938941 -0.02469840
vn -0.86602557 0.49938941 -0.02469840
vn -1.00000000 0.00000000 0.00000000
vn -1.00000000 0.00000000 0.00000000
vn -0.86602539 -0.49938965 -0.02469841
vn -0.86602539 -0.49938965 -0.02469841
vn -0.49999997 -0.86496830 -0.04277890
vn -0.49999997 -0.86496830 -0.04277890
vn 0.00000004 -0.99877930 -0.04939682
vn 0.00000004 -0.99877930 -0.04939682
vn 0.50000006 -0.86496824 -0.04277890
vn 0.50000006 -0.86496824 -0.04277890
vn 0.86602551 -0.49938947 -0.02469840
vn 0.86602551 -0.49938947 -0.02469840
vn 1.00000000 0.00000009 0.00000000
vn 1.00000000 0.00000009 0.00000000
vn 0.86602539 0.49938989 0.02469842
vn 0.86602539 0.49938989 0.02469842
vn 0.49999991 0.86496830 0.04277890
vn 0.49999991 0.86496830 0.04277890
vn -0.00000001 0.99877930 0.04939682
vn -0.00000001 0.99877930 0.04939682
vn -0.50000036 0.86496806 0.04277889
vn -0.50000036 0.86496806 0.04277889
vn -0.86602557 0.49938941 0.02469840
vn -0.86602557 0.49938941 0.02469840
vn -0.99877930 0.00000000 -0.04939682
vn -0.99877930 0.00000000 -0.04939682
vn -0.86496824 -0.50000000 -0.04277890
vn -0.86496824 -0.50000000 -0.04277890
vn -0.49938962 -0.86602545 -0.02469841
vn -0.49938962 -0.86602545 -0.02469841
vn 0.00000004 -1.00000000 0.00000000
vn 0.00000004 -1.00000000 0.00000000
vn 0.49938971 -0.86602539 0.02469841
vn 0.49938971 -0.86602539 0.02469841
vn 0.86496836 -0.49999982 0.04277890
vn 0.86496836 -0.49999982 0.04277890
vn 0.99877930 0.00000009 0.04939682
vn 0.99877930 0.00000009 0.04939682
vn 0.86496812 0.50000018 0.04277889
vn 0.86496812 0.50000018 0.04277889
vn 0.49938956 0.86602545 0.02469840
vn 0.49938956 0.86602545 0.02469840
vn -0.00000001 1.00000000 -0.00000000
vn -0.00000001 1.00000000 -0.00000000
vn -0.49939001 0.86602521 -0.02469843
vn -0.49939001 0.86602521 -0.02469843
vn -0.86496842 0.49999976 -0.04277891
vn -0.86496842 0.49999976 -0.04277891
vn -0.99877930 0.00000000 0.04939682
vn -0.99877930 0.00000000 0.04939682
vn -0.86496824 -0.50000000 0.04277890
vn -0.86496824 -0.50000000 0.04277890
vn -0.49938962 -0.86602545 0.02469841
vn -0.49938962 -0.86602545 0.02469841
vn 0.00000004 -1.00000000 -0.00000000
vn 0.00000004 -1.00000000 -0.00000000
vn 0.49938971 -0.86602539 -0.02469841
vn 0.49938971 -0.86602539 -0.02469841
vn 0.86496836 -0.49999982 -0.04277890
vn 0.86496836 -0.49999982 -0.04277890
vn 0.99877930 0.00000009 -0.04939682
vn 0.99877930 0.00000009 -0.04939682
vn 0.86496812 0.50000018 -0.04277889
vn 0.86496812 0.50000018 -0.04277889
vn 0.49938956 0.86602545 -0.02469840
vn 0.49938956 0.86602545 -0.02469840
vn -0.00000001 1.00000000 0.00000000
vn -0.00000001 1.00000000 0.00000000
vn -0.49939001 0.86602521 0.02469843
vn -0.49939001 0.86602521 0.02469843
vn -0.86496842 0.49999976 0.04277891
vn -0.86496842 0.49999976 0.04277891
vn -1.00000000 0.00000000 0.00000000
vn -1.00000000 0.00000000 0.00000000
vn -0.86602539 -0.50000000 0.00000000
vn -0.86602539 -0.50000000 0.00000000
vn -0.49999997 -0.86602545 0.00000000
vn -0.49999997 -0.86602545 0.00000000
vn 0.00000004 -1.00000000 0.00000000
vn 0.00000004 -1.00000000 0.00000000
vn 0.50000006 -0.86602539 0.00000000
vn 0.50000006 -0.86602539 0.00000000
vn 0.86602551 -0.49999982 0.00000000
vn 0.86602551 -0.49999982 0.00000000
vn 1.00000000 0.00000009 -0.00000000
vn 1.00000000 0.00000009 -0.00000000
vn 0.86602539 0.50000024 -0.00000000
vn 0.86602539 0.50000024 -0.00000000
vn 0.49999991 0.86602545 -0.00000000
vn 0.49999991 0.86602545 -0.00000000
vn -0.00000001 1.00000000 0.00000000
vn -0.00000001 1.00000000 0.00000000
vn -0.50000036 0.86602521 0.00000000
vn -0.50000036 0.86602521 0.00000000
vn -0.86602557 0.49999976 0.00000000
vn -0.86602557 0.49999976 0.00000000
vn 0.00000000 0.00000000 1.00000000
vn 0.00000000 0.00000000 1.00000000
vn 1.00000000 -0.00000000 -0.00000000
vn 1.00000000 -0.00000000 -0.00000000
vn 0.00000000 0.00000000 1.00000000
vn 0.00000000 0.00000000 1.00000000
vn 0.86602539 0.50000000 -0.00000000
vn 0.86602539 0.50000000 -0.00000000
vn 0.00000000 0.00000000 1.00000000
vn 0.00000000 0.00000000 1.00000000
vn 0.49999997 0.86602545 -0.00000000
vn 0.49999997 0.86602545 -0.00000000
vn 0.00000000 0.00000000 1.00000000
vn 0.00000000 0.00000000 1.00000000
vn -0.00000004 1.00000000 -0.00000000
vn -0.00000004 1.00000000 -0.00000000
vn 0.00000000 0.00000000 1.00000000
vn 0.00000000 0.00000000 1.00000000
vn -0.50000006 0.86602539 -0.00000000
vn -0.50000006 0.86602539 -0.00000000
vn 0.00000000 0.00000000 1.00000000
vn 0.00000000 0.00000000 1.00000000
vn -0.86602551 0.49999982 -0.00000000
vn -0.86602551 0.49999982 -0.00000000
vn 0.00000000 0.00000000 1.00000000
vn 0.00000000 0.00000000 1.00000000
vn -1.00000000 -0.00000009 0.00000000
vn -1.00000000 -0.00000009 0.00000000
vn 0.00000000 0.00000000 1.00000000
vn 0.00000000 0.00000000 1.00000000
vn -0.86602539 -0.50000024 0.00000000
vn -0.86602539 -0.50000024 0.00000000
vn 0.00000000 0.00000000 1.00000000
vn 0.00000000 0.00000000 1.00000000
vn -0.49999991 -0.86602545 0.00000000
vn -0.49999991 -0.86602545 0.00000000
vn 0.00000000 0.00000000 1.00000000
vn 0.00000000 0.00000000 1.00000000
vn 0.00000001 -1.00000000 -0.00000000
vn 0.00000001 -1.00000000 -0.00000000
vn 0.00000000 0.00000000 1.00000000
vn 0.00000000 0.00000000 1.00000000
vn 0.50000036 -0.86602521 -0.00000000
vn 0.50000036 -0.86602521 -0.00000000
vn 0.00000000 0.00000000 1.00000000
vn 0.00000000 0.00000000 1.00000000
vn 0.86602557 -0.49999976 -0.00000000
vn 0.86602557 -0.49999976 -0.00000000
vn 0.00000000 0.00000000 1.00000000
vn -1.00000000 0.00000000 0.00000000
vn -1.00000000 0.00000000 0.00000000
vn -0.80901700 -0.58778524 0.00000000
vn -0.80901700 -0.58778524 0.00000000
vn -0.30901697 -0.95105654 0.00000000
vn -0.30901697 -0.95105654 0.00000000
vn 0.30901706 -0.95105660 0.00000000
vn 0.30901706 -0.95105660 0.00000000
vn 0.80901706 -0.58778518 0.00000000
vn 0.80901706 -0.58778518 0.00000000
vn 1.00000000 0.00000009 -0.00000000
vn 1.00000000 0.00000009 -0.00000000
vn 0.80901694 0.58778536 -0.00000000
vn 0.80901694 0.58778536 -0.00000000
vn 0.30901667 0.95105672 -0.00000000
vn 0.30901667 0.95105672 -0.00000000
vn -0.30901712 0.95105648 0.00000000
vn -0.30901712 0.95105648 0.00000000
vn -0.80901694 0.58778530 0.00000000
vn -0.80901694 0.58778530 0.00000000
vn 0.00000000 0.00000000 1.00000000
vn 0.00000000 0.00000000 1.00000000
vn 1.00000000 -0.00000000 -0.00000000
vn 1.00000000 -0.00000000 -0.00000000
vn 0.00000000 0.00000000 1.00000000
vn 0.00000000 0.00000000 1.00000000
vn 0.80901700 0.58778524 -0.00000000
vn 0.80901700 0.58778524 -0.00000000
vn 0.00000000 0.00000000 1.00000000
vn 0.00000000 0.00000000 1.00000000
vn 0.30901697 0.95105654 -0.00000000
vn 0.30901697 0.95105654 -0.00000000
vn 0.00000000 0.00000000 1.00000000
vn 0.00000000 0.00000000 1.00000000
vn -0.30901706 0.95105660 -0.00000000
vn -0.30901706 0.95105660 -0.00000000
vn 0.00000000 0.00000000 1.00000000
vn 0.00000000 0.00000000 1.00000000
vn -0.80901706 0.58778518 -0.00000000
vn -0.80901706 0.58778518 -0.00000000
vn 0.00000000 0.00000000 1.00000000
vn 0.00000000 0.00000000 1.00000000
vn -1.00000000 -0.00000009 0.00000000
vn -1.00000000 -0.00000009 0.00000000
vn 0.00000000 0.00000000 1.00000000
vn 0.00000000 0.00000000 1.00000000
vn -0.80901694 -0.58778536 0.00000000
vn -0.80901694 -0.58778536 0.00000000
vn 0.00000000 0.00000000 1.00000000
vn 0.00000000 0.00000000 1.00000000
vn -0.30901667 -0.95105672 0.00000000
vn -0.30901667 -0.95105672 0.00000000
vn 0.00000000 0.00000000 1.00000000
vn 0.00000000 0.00000000 1.00000000
vn 0.30901712 -0.95105648 -0.00000000
vn 0.30901712 -0.95105648 -0.00000000
vn 0.00000000 0.00000000 1.00000000
vn 0.00000000 0.00000000 1.00000000
vn 0.80901694 -0.58778530 -0.00000000
vn 0.80901694 -0.58778530 -0.00000000
vn 0.00000000 0.00000000 1.00000000
vn -1.00000000 0.00000000 0.00000000
vn -1.00000000 0.00000000 0.00000000
vn -0.80901700 -0.58778524 0.00000000
vn -0.80901700 -0.58778524 0.00000000
vn -0.30901697 -0.95105654 0.00000000
vn -0.30901697 -0.95105654 0.00000000
vn 0.30901706 -0.95105660 0.00000000
vn 0.30901706 -0.95105660 0.00000000
vn 0.80901706 -0.58778518 0.00000000
vn 0.80901706 -0.58778518 0.00000000
vn 1.00000000 0.00000009 -0.00000000
vn 1.00000000 0.00000009 -0.00000000
vn 0.80901694 0.58778536 -0.00000000
vn 0.80901694 0.58778536 -0.00000000
vn 0.30901667 0.95105672 -0.00000000
vn 0.30901667 0.95105672 -0.00000000
vn -0.30901712 0.95105648 0.00000000
vn -0.30901712 0.95105648 0.00000000
vn -0.80901694 0.58778530 0.00000000
vn -0.80901694 0.58778530 0.00000000
vn 0.00000000 0.00000000 1.00000000
vn 0.00000000 0.00000000 1.00000000
vn 1.00000000 -0.00000000 -0.00000000
vn 1.00000000 -0.00000000 -0.00000000
vn 0.00000000 0.00000000 1.00000000
vn 0.00000000 0.00000000 1.00000000
vn 0.80901700 0.58778524 -0.00000000
vn 0.80901700 0.58778524 -0.00000000
vn 0.00000000 0.00000000 1.00000000
vn 0.00000000 0.00000000 1.00000000
vn 0.30901697 0.95105654 -0.00000000
vn 0.30901697 0.95105654 -0.00000000
vn 0.00000000 0.00000000 1.00000000
vn 0.00000000 0.00000000 1.00000000
vn -0.30901706 0.95105660 -0.00000000
vn -0.30901706 0.95105660 -0.00000000
vn 0.00000000 0.00000000 1.00000000
vn 0.00000000 0.00000000 1.00000000
vn -0.80901706 0.58778518 -0.00000000
vn -0.80901706 0.58778518 -0.00000000
vn 0.00000000 0.00000000 1.00000000
vn 0.00000000 0.00000000 1.00000000
vn -1.00000000 -0.00000009 0.00000000
vn -1.00000000 -0.00000009 0.00000000
vn 0.00000000 0.00000000 1.00000000
vn 0.00000000 0.00000000 1.00000000
vn -0.80901694 -0.58778536 0.00000000
vn -0.80901694 -0.58778536 0.00000000
vn 0.00000000 0.00000000 1.00000000
vn 0.00000000 0.00000000 1.00000000
vn -0.30901667 -0.95105672 0.00000000
vn -0.30901667 -0.95105672 0.00000000
vn 0.00000000 0.00000000 1.00000000
vn 0.00000000 0.00000000 1.00000000
vn 0.30901712 -0.95105648 -0.00000000
vn 0.30901712 -0.95105648 -0.00000000
vn 0.00000000 0.00000000 1.00000000
vn 0.00000000 0.00000000 1.00000000
vn 0.80901694 -0.58778530 -0.00000000
vn 0.80901694 -0.58778530 -0.00000000
vn 0.00000000 0.00000000 1.00000000
vn -1.00000000 0.00000000 0.00000000
vn -1.00000000 0.00000000 0.00000000
vn -0.80901700 -0.58778524 0.00000000
vn -0.80901700 -0.58778524 0.00000000
vn -0.30901697 -0.95105654 0.00000000
vn -0.30901697 -0.95105654 0.00000000
vn 0.30901706 -0.95105660 0.00000000
vn 0.30901706 -0.95105660 0.00000000
vn 0.80901706 -0.58778518 0.00000000
vn 0.80901706 -0.58778518 0.00000000
vn 1.00000000 0.00000009 -0.00000000
vn 1.00000000 0.00000009 -0.00000000
vn 0.80901694 0.58778536 -0.00000000
vn 0.80901694 0.58778536 -0.00000000
vn 0.30901667 0.95105672 -0.00000000
vn 0.30901667 0.95105672 -0.00000000
vn -0.30901712 0.95105648 0.00000000
vn -0.30901712 0.95105648 0.00000000
vn -0.80901694 0.58778530 0.00000000
vn -0.80901694 0.58778530 0.00000000
vn 0.00000000 0.00000000 1.00000000
vn 0.00000000 0.00000000 1.00000000
vn 1.00000000 -0.00000000 -0.00000000
vn 1.00000000 -0.00000000 -0.00000000
vn 0.00000000 0.00000000 1.00000000
vn 0.00000000 0.00000000 1.00000000
vn 0.80901700 0.58778524 -0.00000000
vn 0.80901700 0.58778524 -0.00000000
vn 0.00000000 0.00000000 1.00000000
vn 0.00000000 0.00000000 1.00000000
vn 0.30901697 0.95105654 -0.00000000
vn 0.30901697 0.95105654 -0.00000000
vn 0.00000000 0.00000000 1.00000000
vn 0.00000000 0.00000000 1.00000000
vn -0.30901706 0.95105660 -0.00000000
vn -0.30901706 0.95105660 -0.00000000
vn 0.00000000 0.00000000 1.00000000
vn 0.00000000 0.00000000 1.00000000
vn -0.80901706 0.58778518 -0.00000000
vn -0.80901706 0.58778518 -0.00000000
vn 0.00000000 0.00000000 1.00000000
vn 0.00000000 0.00000000 1.00000000
vn -1.00000000 -0.00000009 0.00000000
vn -1.00000000 -0.00000009 0.00000000
vn 0.00000000 0.00000000 1.00000000
vn 0.00000000 0.00000000 1.00000000
vn -0.80901694 -0.58778536 0.00000000
vn -0.80901694 -0.58778536 0.00000000
vn 0.00000000 0.00000000 1.00000000
vn 0.00000000 0.00000000 1.00000000
vn -0.30901667 -0.95105672 0.00000000
vn -0.30901667 -0.95105672 0.00000000
vn 0.00000000 0.00000000 1.00000000
vn 0.00000000 0.00000000 1.00000000
vn 0.30901712 -0.95105648 -0.00000000
vn 0.30901712 -0.95105648 -0.00000000
vn 0.00000000 0.00000000 1.00000000
vn 0.00000000 0.00000000 1.00000000
vn 0.80901694 -0.58778530 -0.00000000
vn 0.80901694 -0.58778530 -0.00000000
vn 0.00000000 0.00000000 1.00000000
vn -1.00000000 0.00000000 0.00000000
vn -1.00000000 0.00000000 0.00000000
vn -0.80901700 -0.58778524 0.00000000
vn -0.80901700 -0.58778524 0.00000000
vn -0.30901697 -0.95105654 0.00000000
vn -0.30901697 -0.95105654 0.00000000
vn 0.30901706 -0.95105660 0.00000000
vn 0.30901706 -0.95105660 0.00000000
vn 0.80901706 -0.58778518 0.00000000
vn 0.80901706 -0.58778518 0.00000000
vn 1.00000000 0.00000009 -0.00000000
vn 1.00000000 0.00000009 -0.00000000
vn 0.80901694 0.58778536 -0.00000000
vn 0.80901694 0.58778536 -0.00000000
vn 0.30901667 0.95105672 -0.00000000
vn 0.30901667 0.95105672 -0.00000000
vn -0.30901712 0.95105648 0.00000000
vn -0.30901712 0.95105648 0.00000000
vn -0.80901694 0.58778530 0.00000000
vn -0.80901694 0.58778530 0.00000000
vn 0.00000000 0.00000000 1.00000000
vn 0.00000000 0.00000000 1.00000000
vn 1.00000000 -0.00000000 -0.00000000
vn 1.00000000 -0.00000000 -0.00000000
vn 0.00000000 0.00000000 1.00000000
vn 0.00000000 0.00000000 1.00000000
vn 0.80901700 0.58778524 -0.00000000
vn 0.80901700 0.58778524 -0.00000000
vn 0.00000000 0.00000000 1.00000000
vn 0.00000000 0.00000000 1.00000000
vn 0.30901697 0.95105654 -0.00000000
vn 0.30901697 0.95105654 -0.00000000
vn 0.00000000 0.00000000 1.00000000
vn 0.00000000 0.00000000 1.00000000
vn -0.30901706 0.95105660 -0.00000000
vn -0.30901706 0.95105660 -0.00000000
vn 0.00000000 0.00000000 1.00000000
vn 0.00000000 0.00000000 1.00000000
vn -0.80901706 0.58778518 -0.00000000
vn -0.80901706 0.58778518 -0.00000000
vn 0.00000000 0.00000000 1.00000000
vn 0.00000000 0.00000000 1.00000000
vn -1.00000000 -0.00000009 0.00000000
vn -1.00000000 -0.00000009 0.00000000
vn 0.00000000 0.00000000 1.00000000
vn 0.00000000 0.00000000 1.00000000
vn -0.80901694 -0.58778536 0.00000000
vn -0.80901694 -0.58778536 0.00000000
vn 0.00000000 0.00000000 1.00000000
vn 0.00000000 0.00000000 1.00000000
vn -0.30901667 -0.95105672 0.00000000
vn -0.30901667 -0.95105672 0.00000000
vn 0.00000000 0.00000000 1.00000000
vn 0.00000000 0.00000000 1.00000000
vn 0.30901712 -0.95105648 -0.00000000
vn 0.30901712 -0.95105648 -0.00000000
vn 0.00000000 0.00000000 1.00000000
vn 0.00000000 0.00000000 1.00000000
vn 0.80901694 -0.58778530 -0.00000000
vn 0.80901694 -0.58778530 -0.00000000
vn 0.00000000 0.00000000 1.00000000
usemtl turret_lazer_shotgun
s off
f 1/1/1 16/16/16 17/17/17
f 2/2/2 17/17/17 18/18/18
f 3/3/3 18/18/18 19/19/19
f 4/4/4 19/19/19 20/20/20
f 5/5/5 20/20/20 21/21/21
f 6/6/6 21/21/21 22/22/22
f 7/7/7 22/22/22 23/23/23
f 8/8/8 23/23/23 24/24/24
f 9/9/9 24/24/24 25/25/25
f 10/10/10 25/25/25 26/26/26
f 11/11/11 26/26/26 27/27/27
f 12/12/12 27/27/27 28/28/28
f 13/13/13 28/28/28 29/29/29
f 14/14/14 29/29/29 30/30/30
f 16/16/16 31/31/31 17/17/17
f 17/17/17 31/31/31 32/32/32
f 17/17/17 32/32/32 18/18/18
f 18/18/18 32/32/32 33/33/33
f 18/18/18 33/33/33 19/19/19
f 19/19/19 33/33/33 34/34/34
f 19/19/19 34/34/34 20/20/20
f 20/20/20 34/34/34 35/35/35
f 20/20/20 35/35/35 21/21/21
f 21/21/21 35/35/35 36/36/36
f 21/21/21 36/36/36 22/22/22
f 22/22/22 36/36/36 37/37/37
f 22/22/22 37/37/37 23/23/23
f 23/23/23 37/37/37 38/38/38
f 23/23/23 38/38/38 24/24/24
f 24/24/24 38/38/38 39/39/39
f 24/24/24 39/39/39 25/25/25
f 25/25/25 39/39/39 40/40/40
f 25/25/25 40/40/40 26/26/26
f 26/26/26 40/40/40 41/41/41
f 26/26/26 41/41/41 27/27/27
f 27/27/27 41/41/41 42/42/42
f 27/27/27 42/42/42 28/28/28
f 28/28/28 42/42/42 43/43/43
f 28/28/28 43/43/43 29/29/29
f 29/29/29 43/43/43 44/44/44
f 29/29/29 44/44/44 30/30/30
f 30/30/30 44/44/44 45/45/45
f 31/31/31 46/46/46 32/32/32
f 32/32/32 46/46/46 47/47/47
f 32/32/32 47/47/47 33/33/33
f 33/33/33 47/47/47 48/48/48
f 33/33/33 48/48/48 34/34/34
f 34/34/34 48/48/48 49/49/49
f 34/34/34 49/49/49 35/35/35
f 35/35/35 49/49/49 50/50/50
f 35/35/35 50/50/50 36/36/36
f 36/36/36 50/50/50 51/51/51
f 36/36/36 51/51/51 37/37/37
f 37/37/37 51/51/51 52/52/52
f 37/37/37 52/52/52 38/38/38
f 38/38/38 52/52/52 53/53/53
f 38/38/38 53/53/53 39/39/39
f 39/39/39 53/53/53 54/54/54
f 39/39/39 54/54/54 40/40/40
f 40/40/40 54/54/54 55/55/55
f 40/40/40 55/55/55 41/41/41
f 41/41/41 55/55/55 56/56/56
f 41/41/41 56/56/56 42/42/42
f 42/42/42 56/56/56 57/57/57
f 42/42/42 57/57/57 43/43/43
f 43/43/43 57/57/57 58/58/58
f 43/43/43 58/58/58 44/44/44
f 44/44/44 58/58/58 59/59/59
f 44/44/44 59/59/59 45/45/45
f 45/45/45 59/59/59 60/60/60
f 46/46/46 61/61/61 47/47/47
f 47/47/47 61/61/61 62/62/62
f 47/47/47 62/62/62 48/48/48
f 48/48/48 62/62/62 63/63/63
f 48/48/48 63/63/63 49/49/49
f 49/49/49 63/63/63 64/64/64
f 49/49/49 64/64/64 50/50/50
f 50/50/50 64/64/64 65/65/65
f 50/50/50 65/65/65 51/51/51
f 51/51/51 65/65/65 66/66/66
f 51/51/51 66/66/66 52/52/52
f 52/52/52 66/66/66 67/67/67
f 52/52/52 67/67/67 53/53/53
f 53/53/53 67/67/67 68/68/68
f 53/53/53 68/68/68 54/54/54
f 54/54/54 68/68/68 69/69/69
f 54/54/54 69/69/69 55/55/55
f 55/55/55 69/69/69 70/70/70
f 55/55/55 70/70/70 56/56/56
f 56/56/56 70/70/70 71/71/71
f 56/56/56 71/71/71 57/57/57
f 57/57/57 71/71/71 72/72/72
f 57/57/57 72/72/72 58/58/58
f 58/58/58 72/72/72 73/73/73
f 58/58/58 73/73/73 59/59/59
f 59/59/59 73/73/73 74/74/74
f 59/59/59 74/74/74 60/60/60
f 60/60/60 74/74/74 75/75/75
f 61/61/61 76/76/76 62/62/62
f 62/62/62 76/76/76 77/77/77
f 62/62/62 77/77/77 63/63/63
f 63/63/63 77/77/77 78/78/78
f 63/63/63 78/78/78 64/64/64
f 64/64/64 78/78/78 79/79/79
f 64/64/64 79/79/79 65/65/65
f 65/65/65 79/79/79 80/80/80
f 65/65/65 80/80/80 66/66/66
f 66/66/66 80/80/80 81/81/81
f 66/66/66 81/81/81 67/67/67
f 67/67/67 81/81/81 82/82/82
f 67/67/67 82/82/82 68/68/68
f 68/68/68 82/82/82 83/83/83
f 68/68/68 83/83/83 69/69/69
f 69/69/69 83/83/83 84/84/84
f 69/69/69 84/84/84 70/70/70
f 70/70/70 84/84/84 85/85/85
f 70/70/70 85/85/85 71/71/71
f 71/71/71 85/85/85 86/86/86
f 71/71/71 86/86/86 72/72/72
f 72/72/72 86/86/86 87/87/87
f 72/72/72 87/87/87 73/73/73
f 73/73/73 87/87/87 88/88/88
f 73/73/73 88/88/88 74/74/74
f 74/74/74 88/88/88 89/89/89
f 74/74/74 89/89/89 75/75/75
f 75/75/75 89/89/89 90/90/90
f 76/76/76 91/91/91 77/77/77
f 77/77/77 91/91/91 92/92/92
f 77/77/77 92/92/92 78/78/78
f 78/78/78 92/92/92 93/93/93
f 78/78/78 93/93/93 79/79/79
f 79/79/79 93/93/93 94/94/94
f 79/79/79 94/94/94 80/80/80
f 80/80/80 94/94/94 95/95/95
f 80/80/80 95/95/95 81/81/81
f 81/81/81 95/95/95 96/96/96
f 81/81/81 96/96/96 82/82/82
f 82/82/82 96/96/96 97/97/97
f 82/82/82 97/97/97 83/83/83
f 83/83/83 97/97/97 98/98/98
f 83/83/83 98/98/98 84/84/84
f 84/84/84 98/98/98 99/99/99
f 84/84/84 99/99/99 85/85/85
f 85/85/85 99/99/99 100/100/100
f 85/85/85 100/100/100 86/86/86
f 86/86/86 100/100/100 101/101/101
f 86/86/86 101/101/101 87/87/87
f 87/87/87 101/101/101 102/102/102
f 87/87/87 102/102/102 88/88/88
f 88/88/88 102/102/102 103/103/103
f 88/88/88 103/103/103 89/89/89
f 89/89/89 103/103/103 104/104/104
f 89/89/89 104/104/104 90/90/90
f 90/90/90 104/104/104 105/105/105
f 91/91/91 106/106/106 92/92/92
f 92/92/92 106/106/106 107/107/107
f 92/92/92 107/107/107 93/93/93
f 93/93/93 107/107/107 108/108/108
f 93/93/93 108/108/108 94/94/94
f 94/94/94 108/108/108 109/109/109
f 94/94/94 109/109/109 95/95/95
f 95/95/95 109/109/109 110/110/110
f 95/95/95 110/110/110 96/96/96
f 96/96/96 110/110/110 111/111/111
f 96/96/96 111/111/111 97/97/97
f 97/97/97 111/111/111 112/112/112
f 97/97/97 112/112/112 98/98/98
f 98/98/98 112/112/112 113/113/113
f 98/98/98 113/113/113 99/99/99
f 99/99/99 113/113/113 114/114/114
f 99/99/99 114/114/114 100/100/100
f 100/100/100 114/114/114 115/115/115
f 100/100/100 115/115/115 101/101/101
f 101/101/101 115/115/115 116/116/116
f 101/101/101 116/116/116 102/102/102
f 102/102/102 116/116/116 117/117/117
f 102/102/102 117/117/117 103/103/103
f 103/103/103 117/117/117 118/118/118
f 103/103/103 118/118/118 104/104/104
f 104/104/104 118/118/118 119/119/119
f 104/104/104 119/119/119 105/105/105
f 105/105/105 119/119/119 120/120/120
f 106/106/106 121/121/121 107/107/107
f 107/107/107 121/121/121 122/122/122
f 107/107/107 122/122/122 108/108/108
f 108/108/108 122/122/122 123/123/123
f 108/108/108 123/123/123 109/109/109
f 109/109/109 123/123/123 124/124/124
f 109/109/109 124/124/124 110/110/110
f 110/110/110 124/124/124 125/125/125
f 110/110/110 125/125/125 111/111/111
f 111/111/111 125/125/125 126/126/126
f 111/111/111 126/126/126 112/112/112
f 112/112/112 126/126/126 127/127/127
f 112/112/112 127/127/127 113/113/113
f 113/113/113 127/127/127 128/128/128
f 113/113/113 128/128/128 114/114/114
f 114/114/114 128/128/128 129/129/129
f 114/114/114 129/129/129 115/115/115
f 115/115/115 129/129/129 130/130/130
f 115/115/115 130/130/130 116/116/116
f 116/116/116 130/130/130 131/131/131
f 116/116/116 131/131/131 117/117/117
f 117/117/117 131/131/131 132/132/132
f 117/117/117 132/132/132 118/118/118
f 118/118/118 132/132/132 133/133/133
f 118/118/118 133/133/133 119/119/119
f 119/119/119 133/133/133 134/134/134
f 119/119/119 134/134/134 120/120/120
f 120/120/120 134/134/134 135/135/135
f 121/121/121 136/136/136 122/122/122
f 122/122/122 136/136/136 137/137/137
f 122/122/122 137/137/137 123/123/123
f 123/123/123 137/137/137 138/138/138
f 123/123/123 138/138/138 124/124/124
f 124/124/124 138/138/138 139/139/139
f 124/124/124 139/139/139 125/125/125
f 125/125/125 139/139/139 140/140/140
f 125/125/125 140/140/140 126/126/126
f 126/126/126 140/140/140 141/141/141
f 126/126/126 141/141/141 127/127/127
f 127/127/127 141/141/141 142/142/142
f 127/127/127 142/142/142 128/128/128
f 128/128/128 142/142/142 143/143/143
f 128/128/128 143/143/143 129/129/129
f 129/129/129 143/143/143 144/144/144
f 129/129/129 144/144/144 130/130/130
f 130/130/130 144/144/144 145/145/145
f 130/130/130 145/145/145 131/131/131
f 131/131/131 145/145/145 146/146/146
f 131/131/131 146/146/146 132/132/132
f 132/132/132 146/146/146 147/147/147
f 132/132/132 147/147/147 133/133/133
f 133/133/133 147/147/147 148/148/148
f 133/133/133 148/148/148 134/134/134
f 134/134/134 148/148/148 149/149/149
f 134/134/134 149/149/149 135/135/135
f 135/135/135 149/149/149 150/150/150
f 136/136/136 151/151/151 137/137/137
f 137/137/137 152/152/152 138/138/138
f 138/138/138 153/153/153 139/139/139
f 139/139/139 154/154/154 140/140/140
f 140/140/140 155/155/155 141/141/141
f 141/141/141 156/156/156 142/142/142
f 142/142/142 157/157/157 143/143/143
f 143/143/143 158/158/158 144/144/144
f 144/144/144 159/159/159 145/145/145
f 145/145/145 160/160/160 146/146/146
f 146/146/146 161/161/161 147/147/147
f 147/147/147 162/162/162 148/148/148
f 148/148/148 163/163/163 149/149/149
f 149/149/149 164/164/164 150/150/150
f 166/166/166 167/167/167 168/168/168
f 166/166/166 168/168/168 169/169/169
f 170/170/170 171/171/171 172/172/172
f 170/170/170 172/172/172 173/173/173
f 174/174/174 175/175/175 176/176/176
f 174/174/174 176/176/176 177/177/177
f 178/178/178 179/179/179 180/180/180
f 178/178/178 180/180/180 181/181/181
f 182/182/182 183/183/183 184/184/184
f 182/182/182 184/184/184 185/185/185
f 186/186/186 187/187/187 188/188/188
f 186/186/186 188/188/188 189/189/189
f 190/190/190 191/191/191 192/192/192
f 190/190/190 192/192/192 193/193/193
f 194/194/194 195/195/195 196/196/196
f 194/194/194 196/196/196 197/197/197
f 198/198/198 199/199/199 200/200/200
f 198/198/198 200/200/200 201/201/201
f 202/202/202 203/203/203 204/204/204
f 202/202/202 204/204/204 205/205/205
f 206/206/206 207/207/207 208/208/208
f 206/206/206 208/208/208 209/209/209
f 210/210/210 211/211/211 212/212/212
f 210/210/210 212/212/212 213/213/213
f 214/214/214 216/216/216 217/217/217
f 214/214/214 217/217/217 215/215/215
f 216/216/216 218/218/218 219/219/219
f 216/216/216 219/219/219 217/217/217
f 218/218/218 220/220/220 221/221/221
f 218/218/218 221/221/221 219/219/219
f 220/220/220 222/222/222 223/223/223
f 220/220/220 223/223/223 221/221/221
f 222/222/222 224/224/224 225/225/225
f 222/222/222 225/225/225 223/223/223
f 224/224/224 226/226/226 227/227/227
f 224/224/224 227/227/227 225/225/225
f 226/226/226 228/228/228 229/229/229
f 226/226/226 229/229/229 227/227/227
f 228/228/228 230/230/230 231/231/231
f 228/228/228 231/231/231 229/229/229
f 230/230/230 232/232/232 233/233/233
f 230/230/230 233/233/233 231/231/231
f 232/232/232 234/234/234 235/235/235
f 232/232/232 235/235/235 233/233/233
f 234/234/234 236/236/236 237/237/237
f 234/234/234 237/237/237 235/235/235
f 236/236/236 214/214/214 215/215/215
f 236/236/236 215/215/215 237/237/237
f 238/238/238 215/215/215 217/217/217
f 238/238/238 217/217/217 219/219/219
f 238/238/238 219/219/219 221/221/221
f 238/238/238 221/221/221 223/223/223
f 238/238/238 223/223/223 225/225/225
f 238/238/238 225/225/225 227/227/227
f 238/238/238 227/227/227 229/229/229
f 238/238/238 229/229/229 231/231/231
f 238/238/238 231/231/231 233/233/233
f 238/238/238 233/233/233 235/235/235
f 238/238/238 235/235/235 237/237/237
f 238/238/238 237/237/237 215/215/215
f 239/239/239 241/241/241 242/242/242
f 239/239/239 242/242/242 240/240/240
f 241/241/241 243/243/243 244/244/244
f 241/241/241 244/244/244 242/242/242
f 243/243/243 245/245/245 246/246/246
f 243/243/243 246/246/246 244/244/244
f 245/245/245 247/247/247 248/248/248
f 245/245/245 248/248/248 246/246/246
f 247/247/247 249/249/249 250/250/250
f 247/247/247 250/250/250 248/248/248
f 249/249/249 251/251/251 252/252/252
f 249/249/249 252/252/252 250/250/250
f 251/251/251 253/253/253 254/254/254
f 251/251/251 254/254/254 252/252/252
f 253/253/253 255/255/255 256/256/256
f 253/253/253 256/256/256 254/254/254
f 255/255/255 257/257/257 258/258/258
f 255/255/255 258/258/258 256/256/256
f 257/257/257 259/259/259 260/260/260
f 257/257/257 260/260/260 258/258/258
f 259/259/259 261/261/261 262/262/262
f 259/259/259 262/262/262 260/260/260
f 261/261/261 239/239/239 240/240/240
f 261/261/261 240/240/240 262/262/262
f 263/263/263 240/240/240 242/242/242
f 263/263/263 242/242/242 244/244/244
f 263/263/263 244/244/244 246/246/246
f 263/263/263 246/246/246 248/248/248
f 263/263/263 248/248/248 250/250/250
f 263/263/263 250/250/250 252/252/252
f 263/263/263 252/252/252 254/254/254
f 263/263/263 254/254/254 256/256/256
f 263/263/263 256/256/256 258/258/258
f 263/263/263 258/258/258 260/260/260
f 263/263/263 260/260/260 262/262/262
f 263/263/263 262/262/262 240/240/240
f 264/264/264 266/266/266 267/267/267
f 264/264/264 267/267/267 265/265/265
f 266/266/266 268/268/268 269/269/269
f 266/266/266 269/269/269 267/267/267
f 268/268/268 270/270/270 271/271/271
f 268/268/268 271/271/271 269/269/269
f 270/270/270 272/272/272 273/273/273
f 270/270/270 273/273/273 271/271/271
f 272/272/272 274/274/274 275/275/275
f 272/272/272 275/275/275 273/273/273
f 274/274/274 276/276/276 277/277/277
f 274/274/274 277/277/277 275/275/275
f 276/276/276 278/278/278 279/279/279
f 276/276/276 279/279/279 277/277/277
f 278/278/278 280/280/280 281/281/281
f 278/278/278 281/281/281 279/279/279
f 280/280/280 282/282/282 283/283/283
f 280/280/280 283/283/283 281/281/281
f 282/282/282 264/264/264 265/265/265
f 282/282/282 265/265/265 283/283/283
f 284/284/284 265/265/265 267/267/267
f 284/284/284 267/267/267 269/269/269
f 284/284/284 269/269/269 271/271/271
f 284/284/284 271/271/271 273/273/273
f 284/284/284 273/273/273 275/275/275
f 284/284/284 275/275/275 277/277/277
f 284/284/284 277/277/277 279/279/279
f 284/284/284 279/279/279 281/281/281
f 284/284/284 281/281/281 283/283/283
f 284/284/284 283/283/283 265/265/265
f 285/285/285 287/287/287 288/288/288
f 285/285/285 288/288/288 286/286/286
f 287/287/287 289/289/289 290/290/290
f 287/287/287 290/290/290 288/288/288
f 289/289/289 291/291/291 292/292/292
f 289/289/289 292/292/292 290/290/290
f 291/291/291 293/293/293 294/294/294
f 291/291/291 294/294/294 292/292/292
f 293/293/293 295/295/295 296/296/296
f 293/293/293 296/296/296 294/294/294
f 295/295/295 297/297/297 298/298/298
f 295/295/295 298/298/298 296/296/296
f 297/297/297 299/299/299 300/300/300
f 297/297/297 300/300/300 298/298/298
f 299/299/299 301/301/301 302/302/302
f 299/299/299 302/302/302 300/300/300
f 301/301/301 303/303/303 304/304/304
f 301/301/301 304/304/304 302/302/302
f 303/303/303 285/285/285 286/286/286
f 303/303/303 286/286/286 304/304/304
f 305/305/305 286/286/286 288/288/288
f 305/305/305 288/288/288 290/290/290
f 305/305/305 290/290/290 292/292/292
f 305/305/305 292/292/292 294/294/294
f 305/305/305 294/294/294 296/296/296
f 305/305/305 296/296/296 298/298/298
f 305/305/305 298/298/298 300/300/300
f 305/305/305 300/300/300 302/302/302
f 305/305/305 302/302/302 304/304/304
f 305/305/305 304/304/304 286/286/286
f 306/306/306 307/307/307 308/308/308
f 306/306/306 308/308/308 309/309/309
f 310/310/310 311/311/311 312/312/312
f 310/310/310 312/312/312 313/313/313
f 314/314/314 315/315/315 316/316/316
f 314/314/314 316/316/316 317/317/317
f 318/318/318 319/319/319 320/320/320
f 318/318/318 320/320/320 321/321/321
f 322/322/322 323/323/323 324/324/324
f 322/322/322 324/324/324 325/325/325
f 326/326/326 327/327/327 328/328/328
f 326/326/326 328/328/328 329/329/329
f 330/330/330 331/331/331 332/332/332
f 330/330/330 332/332/332 333/333/333
f 334/334/334 335/335/335 336/336/336
f 334/334/334 336/336/336 337/337/337
f 338/338/338 339/339/339 340/340/340
f 338/338/338 340/340/340 341/341/341
f 342/342/342 343/343/343 344/344/344
f 342/342/342 344/344/344 345/345/345
f 346/346/346 347/347/347 348/348/348
f 346/346/346 348/348/348 349/349/349
f 350/350/350 351/351/351 352/352/352
f 350/350/350 352/352/352 353/353/353
f 354/354/354 355/355/355 356/356/356
f 354/354/354 356/356/356 357/357/357
f 358/358/358 359/359/359 360/360/360
f 358/358/358 360/360/360 361/361/361
f 362/362/362 363/363/363 364/364/364
f 362/362/362 364/364/364 365/365/365
f 366/366/366 367/367/367 368/368/368
f 366/366/366 368/368/368 369/369/369
f 370/370/370 371/371/371 372/372/372
f 370/370/370 372/372/372 373/373/373
f 374/374/374 375/375/375 376/376/376
f 374/374/374 376/376/376 377/377/377
f 378/378/378 379/379/379 380/380/380
f 378/378/378 380/380/380 381/381/381
f 382/382/382 383/383/383 384/384/384
f 382/382/382 384/384/384 385/385/385
f 386/386/386 387/387/387 388/388/388
f 386/386/386 388/388/388 389/389/389
f 390/390/390 391/391/391 392/392/392
f 390/390/390 392/392/392 393/393/393
f 394/394/394 395/395/395 396/396/396
f 394/394/394 396/396/396 397/397/397
f 398/398/398 399/399/399 400/400/400
f 398/398/398 400/400/400 401/401/401
f 402/402/402 404/404/404 405/405/405
f 402/402/402 405/405/405 403/403/403
f 404/404/404 406/406/406 407/407/407
f 404/404/404 407/407/407 405/405/405
f 406/406/406 408/408/408 409/409/409
f 406/406/406 409/409/409 407/407/407
f 408/408/408 410/410/410 411/411/411
f 408/408/408 411/411/411 409/409/409
f 410/410/410 412/412/412 413/413/413
f 410/410/410 413/413/413 411/411/411
f 412/412/412 414/414/414 415/415/415
f 412/412/412 415/415/415 413/413/413
f 414/414/414 416/416/416 417/417/417
f 414/414/414 417/417/417 415/415/415
f 416/416/416 418/418/418 419/419/419
f 416/416/416 419/419/419 417/417/417
f 418/418/418 420/420/420 421/421/421
f 418/418/418 421/421/421 419/419/419
f 420/420/420 402/402/402 403/403/403
f 420/420/420 403/403/403 421/421/421
f 422/422/422 404/404/404 402/402/402
f 422/422/422 406/406/406 404/404/404
f 422/422/422 408/408/408 406/406/406
f 422/422/422 410/410/410 408/408/408
f 422/422/422 412/412/412 410/410/410
f 422/422/422 414/414/414 412/412/412
f 422/422/422 416/416/416 414/414/414
f 422/422/422 418/418/418 416/416/416
f 422/422/422 420/420/420 418/418/418
f 422/422/422 402/402/402 420/420/420
f 423/423/423 425/425/425 426/426/426
f 423/423/423 426/426/426 424/424/424
f 425/425/425 427/427/427 428/428/428
f 425/425/425 428/428/428 426/426/426
f 427/427/427 429/429/429 430/430/430
f 427/427/427 430/430/430 428/428/428
f 429/429/429 431/431/431 432/432/432
f 429/429/429 432/432/432 430/430/430
f 431/431/431 433/433/433 434/434/434
f 431/431/431 434/434/434 432/432/432
f 433/433/433 435/435/435 436/436/436
f 433/433/433 436/436/436 434/434/434
f 435/435/435 437/437/437 438/438/438
f 435/435/435 438/438/438 436/436/436
f 437/437/437 439/439/439 440/440/440
f 437/437/437 440/440/440 438/438/438
f 439/439/439 441/441/441 442/442/442
f 439/439/439 442/442/442 440/440/440
f 441/441/441 423/423/423 424/424/424
f 441/441/441 424/424/424 442/442/442
f 443/443/443 425/425/425 423/423/423
f 443/443/443 427/427/427 425/425/425
f 443/443/443 429/429/429 427/427/427
f 443/443/443 431/431/431 429/429/429
f 443/443/443 433/433/433 431/431/431
f 443/443/443 435/435/435 433/433/433
f 443/443/443 437/437/437 435/435/435
f 443/443/443 439/439/439 437/437/437
f 443/443/443 441/441/441 439/439/439
f 443/443/443 423/423/423 441/441/441
f 444/444/444 445/445/445 446/446/446
f 444/444/444 446/446/446 447/447/447
f 448/448/448 449/449/449 450/450/450
f 448/448/448 450/450/450 451/451/451
f 452/452/452 453/453/453 454/454/454
f 452/452/452 454/454/454 455/455/455
f 456/456/456 457/457/457 458/458/458
f 456/456/456 458/458/458 459/459/459
f 460/460/460 461/461/461 462/462/462
f 460/460/460 462/462/462 463/463/463
f 464/464/464 465/465/465 466/466/466
f 464/464/464 466/466/466 467/467/467
f 468/468/468 470/470/470 471/471/471
f 468/468/468 471/471/471 469/469/469
f 470/470/470 472/472/472 473/473/473
f 470/470/470 473/473/473 471/471/471
f 472/472/472 474/474/474 475/475/475
f 472/472/472 475/475/475 473/473/473
f 474/474/474 476/476/476 477/477/477
f 474/474/474 477/477/477 475/475/475
f 476/476/476 478/478/478 479/479/479
f 476/476/476 479/479/479 477/477/477
f 478/478/478 480/480/480 481/481/481
f 478/478/478 481/481/481 479/479/479
f 480/480/480 482/482/482 483/483/483
f 480/480/480 483/483/483 481/481/481
f 482/482/482 484/484/484 485/485/485
f 482/482/482 485/485/485 483/483/483
f 484/484/484 486/486/486 487/487/487
f 484/484/484 487/487/487 485/485/485
f 486/486/486 488/488/488 489/489/489
f 486/486/486 489/489/489 487/487/487
f 488/488/488 490/490/490 491/491/491
f 488/488/488 491/491/491 489/489/489
f 490/490/490 468/468/468 469/469/469
f 490/490/490 469/469/469 491/491/491
f 492/492/492 470/470/470 468/468/468
f 492/492/492 472/472/472 470/470/470
f 492/492/492 474/474/474 472/472/472
f 492/492/492 476/476/476 474/474/474
f 492/492/492 478/478/478 476/476/476
f 492/492/492 480/480/480 478/478/478
f 492/492/492 482/482/482 480/480/480
f 492/492/492 484/484/484 482/482/482
f 492/492/492 486/486/486 484/484/484
f 492/492/492 488/488/488 486/486/486
f 492/492/492 490/490/490 488/488/488
f 492/492/492 468/468/468 490/490/490
f 493/493/493 469/469/469 471/471/471
f 493/493/493 471/471/471 473/473/473
f 493/493/493 473/473/473 475/475/475
f 493/493/493 475/475/475 477/477/477
f 493/493/493 477/477/477 479/479/479
f 493/493/493 479/479/479 481/481/481
f 493/493/493 481/481/481 483/483/483
f 493/493/493 483/483/483 485/485/485
f 493/493/493 485/485/485 487/487/487
f 493/493/493 487/487/487 489/489/489
f 493/493/493 489/489/489 491/491/491
f 493/493/493 491/491/491 469/469/469
f 494/494/494 496/496/496 497/497/497
f 494/494/494 497/497/497 495/495/495
f 496/496/496 498/498/498 499/499/499
f 496/496/496 499/499/499 497/497/497
f 498/498/498 500/500/500 501/501/501
f 498/498/498 501/501/501 499/499/499
f 500/500/500 502/502/502 503/503/503
f 500/500/500 503/503/503 501/501/501
f 502/502/502 504/504/504 505/505/505
f 502/502/502 505/505/505 503/503/503
f 504/504/504 506/506/506 507/507/507
f 504/504/504 507/507/507 505/505/505
f 506/506/506 508/508/508 509/509/509
f 506/506/506 509/509/509 507/507/507
f 508/508/508 510/510/510 511/511/511
f 508/508/508 511/511/511 509/509/509
f 510/510/510 512/512/512 513/513/513
f 510/510/510 513/513/513 511/511/511
f 512/512/512 514/514/514 515/515/515
f 512/512/512 515/515/515 513/513/513
f 514/514/514 516/516/516 517/517/517
f 514/514/514 517/517/517 515/515/515
f 516/516/516 494/494/494 495/495/495
f 516/516/516 495/495/495 517/517/517
f 518/518/518 496/496/496 494/494/494
f 518/518/518 498/498/498 496/496/496
f 518/518/518 500/500/500 498/498/498
f 518/518/518 502/502/502 500/500/500
f 518/518/518 504/504/504 502/502/502
f 518/518/518 506/506/506 504/504/504
f 518/518/518 508/508/508 506/506/506
f 518/518/518 510/510/510 508/508/508
f 518/518/518 512/512/512 510/510/510
f 518/518/518 514/514/514 512/512/512
f 518/518/518 516/516/516 514/514/514
f 518/518/518 494/494/494 516/516/516
f 519/519/519 495/495/495 497/497/497
f 519/519/519 497/497/497 499/499/499
f 519/519/519 499/499/499 501/501/501
f 519/519/519 501/501/501 503/503/503
f 519/519/519 503/503/503 505/505/505
f 519/519/519 505/505/505 507/507/507
f 519/519/519 507/507/507 509/509/509
f 519/519/519 509/509/509 511/511/511
f 519/519/519 511/511/511 513/513/513
f 519/519/519 513/513/513 515/515/515
f 519/519/519 515/515/515 517/517/517
f 519/519/519 517/517/517 495/495/495
f 520/520/520 522/522/522 523/523/523
f 520/520/520 523/523/523 521/521/521
f 522/522/522 524/524/524 525/525/525
f 522/522/522 525/525/525 523/523/523
f 524/524/524 526/526/526 527/527/527
f 524/524/524 527/527/527 525/525/525
f 526/526/526 528/528/528 529/529/529
f 526/526/526 529/529/529 527/527/527
f 528/528/528 530/530/530 531/531/531
f 528/528/528 531/531/531 529/529/529
f 530/530/530 532/532/532 533/533/533
f 530/530/530 533/533/533 531/531/531
f 532/532/532 534/534/534 535/535/535
f 532/532/532 535/535/535 533/533/533
f 534/534/534 536/536/536 537/537/537
f 534/534/534 537/537/537 535/535/535
f 536/536/536 538/538/538 539/539/539
f 536/536/536 539/539/539 537/537/537
f 538/538/538 520/520/520 521/521/521
f 538/538/538 521/521/521 539/539/539
f 540/540/540 522/522/522 520/520/520
f 540/540/540 524/524/524 522/522/522
f 540/540/540 526/526/526 524/524/524
f 540/540/540 528/528/528 526/526/526
f 540/540/540 530/530/530 528/528/528
f 540/540/540 532/532/532 530/530/530
f 540/540/540 534/534/534 532/532/532
f 540/540/540 536/536/536 534/534/534
f 540/540/540 538/538/538 536/536/536
f 540/540/540 520/520/520 538/538/538
f 541/541/541 521/521/521 523/523/523
f 541/541/541 523/523/523 525/525/525
f 541/541/541 525/525/525 527/527/527
f 541/541/541 527/527/527 529/529/529
f 541/541/541 529/529/529 531/531/531
f 541/541/541 531/531/531 533/533/533
f 541/541/541 533/533/533 535/535/535
f 541/541/541 535/535/535 537/537/537
f 541/541/541 537/537/537 539/539/539
f 541/541/541 539/539/539 521/521/521
f 542/542/542 544/544/544 545/545/545
f 542/542/542 545/545/545 543/543/543
f 544/544/544 546/546/546 547/547/547
f 544/544/544 547/547/547 545/545/545
f 546/546/546 548/548/548 549/549/549
f 546/546/546 549/549/549 547/547/547
f 548/548/548 550/550/550 551/551/551
f 548/548/548 551/551/551 549/549/549
f 550/550/550 552/552/552 553/553/553
f 550/550/550 553/553/553 551/551/551
f 552/552/552 554/554/554 555/555/555
f 552/552/552 555/555/555 553/553/553
f 554/554/554 556/556/556 557/557/557
f 554/554/554 557/557/557 555/555/555
f 556/556/556 558/558/558 559/559/559
f 556/556/556 559/559/559 557/557/557
f 558/558/558 560/560/560 561/561/561
f 558/558/558 561/561/561 559/559/559
f 560/560/560 542/542/542 543/543/543
f 560/560/560 543/543/543 561/561/561
f 562/562/562 544/544/544 542/542/542
f 562/562/562 546/546/546 544/544/544
f 562/562/562 548/548/548 546/546/546
f 562/562/562 550/550/550 548/548/548
f 562/562/562 552/552/552 550/550/550
f 562/562/562 554/554/554 552/552/552
f 562/562/562 556/556/556 554/554/554
f 562/562/562 558/558/558 556/556/556
f 562/562/562 560/560/560 558/558/558
f 562/562/562 542/542/542 560/560/560
f 563/563/563 543/543/543 545/545/545
f 563/563/563 545/545/545 547/547/547
f 563/563/563 547/547/547 549/549/549
f 563/563/563 549/549/549 551/551/551
f 563/563/563 551/551/551 553/553/553
f 563/563/563 553/553/553 555/555/555
f 563/563/563 555/555/555 557/557/557
f 563/563/563 557/557/557 559/559/559
f 563/563/563 559/559/559 561/561/561
f 563/563/563 561/561/561 543/543/543
f 564/564/564 566/566/566 567/567/567
f 564/564/564 567/567/567 565/565/565
f 566/566/566 568/568/568 569/569/569
f 566/566/566 569/569/569 567/567/567
f 568/568/568 570/570/570 571/571/571
f 568/568/568 571/571/571 569/569/569
f 570/570/570 572/572/572 573/573/573
f 570/570/570 573/573/573 571/571/571
f 572/572/572 574/574/574 575/575/575
f 572/572/572 575/575/575 573/573/573
f 574/574/574 576/576/576 577/577/577
f 574/574/574 577/577/577 575/575/575
f 576/576/576 578/578/578 579/579/579
f 576/576/576 579/579/579 577/577/577
f 578/578/578 580/580/580 581/581/581
f 578/578/578 581/581/581 579/579/579
f 580/580/580 582/582/582 583/583/583
f 580/580/580 583/583/583 581/581/581
f 582/582/582 584/584/584 585/585/585
f 582/582/582 585/585/585 583/583/583
f 584/584/584 586/586/586 587/587/587
f 584/584/584 587/587/587 585/585/585
f 586/586/586 564/564/564 565/565/565
f 586/586/586 565/565/565 587/587/587
f 588/588/588 590/590/590 591/591/591
f 588/588/588 591/591/591 589/589/589
f 590/590/590 592/592/592 593/593/593
f 590/590/590 593/593/593 591/591/591
f 592/592/592 594/594/594 595/595/595
f 592/592/592 595/595/595 593/593/593
f 594/594/594 596/596/596 597/597/597
f 594/594/594 597/597/597 595/595/595
f 596/596/596 598/598/598 599/599/599
f 596/596/596 599/599/599 597/597/597
f 598/598/598 600/600/600 601/601/601
f 598/598/598 601/601/601 599/599/599
f 600/600/600 602/602/602 603/603/603
f 600/600/600 603/603/603 601/601/601
f 602/602/602 604/604/604 605/605/605
f 602/602/602 605/605/605 603/603/603
f 604/604/604 606/606/606 607/607/607
f 604/604/604 607/607/607 605/605/605
f 606/606/606 608/608/608 609/609/609
f 606/606/606 609/609/609 607/607/607
f 608/608/608 610/610/610 611/611/611
f 608/608/608 611/611/611 609/609/609
f 610/610/610 588/588/588 589/589/589
f 610/610/610 589/589/589 611/611/611
f 612/612/612 614/614/614 615/615/615
f 612/612/612 615/615/615 613/613/613
f 614/614/614 616/616/616 617/617/617
f 614/614/614 617/617/617 615/615/615
f 616/616/616 618/618/618 619/619/619
f 616/616/616 619/619/619 617/617/617
f 618/618/618 620/620/620 621/621/621
f 618/618/618 621/621/621 619/619/619
f 620/620/620 622/622/622 623/623/623
f 620/620/620 623/623/623 621/621/621
f 622/622/622 624/624/624 625/625/625
f 622/622/622 625/625/625 623/623/623
f 624/624/624 626/626/626 627/627/627
f 624/624/624 627/627/627 625/625/625
f 626/626/626 628/628/628 629/629/629
f 626/626/626 629/629/629 627/627/627
f 628/628/628 630/630/630 631/631/631
f 628/628/628 631/631/631 629/629/629
f 630/630/630 632/632/632 633/633/633
f 630/630/630 633/633/633 631/631/631
f 632/632/632 634/634/634 635/635/635
f 632/632/632 635/635/635 633/633/633
f 634/634/634 612/612/612 613/613/613
f 634/634/634 613/613/613 635/635/635
f 636/636/636 638/638/638 639/639/639
f 636/636/636 639/639/639 637/637/637
f 638/638/638 640/640/640 641/641/641
f 638/638/638 641/641/641 639/639/639
f 640/640/640 642/642/642 643/643/643
f 640/640/640 643/643/643 641/641/641
f 642/642/642 644/644/644 645/645/645
f 642/642/642 645/645/645 643/643/643
f 644/644/644 646/646/646 647/647/647
f 644/644/644 647/647/647 645/645/645
f 646/646/646 648/648/648 649/649/649
f 646/646/646 649/649/649 647/647/647
f 648/648/648 650/650/650 651/651/651
f 648/648/648 651/651/651 649/649/649
f 650/650/650 652/652/652 653/653/653
f 650/650/650 653/653/653 651/651/651
f 652/652/652 654/654/654 655/655/655
f 652/652/652 655/655/655 653/653/653
f 654/654/654 656/656/656 657/657/657
f 654/654/654 657/657/657 655/655/655
f 656/656/656 658/658/658 659/659/659
f 656/656/656 659/659/659 657/657/657
f 658/658/658 636/636/636 637/637/637
f 658/658/658 637/637/637 659/659/659
f 660/660/660 662/662/662 663/663/663
f 660/660/660 663/663/663 661/661/661
f 662/662/662 664/664/664 665/665/665
f 662/662/662 665/665/665 663/663/663
f 664/664/664 666/666/666 667/667/667
f 664/664/664 667/667/667 665/665/665
f 666/666/666 668/668/668 669/669/669
f 666/666/666 669/669/669 667/667/667
f 668/668/668 670/670/670 671/671/671
f 668/668/668 671/671/671 669/669/669
f 670/670/670 672/672/672 673/673/673
f 670/670/670 673/673/673 671/671/671
f 672/672/672 674/674/674 675/675/675
f 672/672/672 675/675/675 673/673/673
f 674/674/674 676/676/676 677/677/677
f 674/674/674 677/677/677 675/675/675
f 676/676/676 678/678/678 679/679/679
f 676/676/676 679/679/679 677/677/677
f 678/678/678 680/680/680 681/681/681
f 678/678/678 681/681/681 679/679/679
f 680/680/680 682/682/682 683/683/683
f 680/680/680 683/683/683 681/681/681
f 682/682/682 660/660/660 661/661/661
f 682/682/682 661/661/661 683/683/683
f 684/684/684 686/686/686 687/687/687
f 684/684/684 687/687/687 685/685/685
f 686/686/686 688/688/688 689/689/689
f 686/686/686 689/689/689 687/687/687
f 688/688/688 690/690/690 691/691/691
f 688/688/688 691/691/691 689/689/689
f 690/690/690 692/692/692 693/693/693
f 690/690/690 693/693/693 691/691/691
f 692/692/692 694/694/694 695/695/695
f 692/692/692 695/695/695 693/693/693
f 694/694/694 696/696/696 697/697/697
f 694/694/694 697/697/697 695/695/695
f 696/696/696 698/698/698 699/699/699
f 696/696/696 699/699/699 697/697/697
f 698/698/698 700/700/700 701/701/701
f 698/698/698 701/701/701 699/699/699
f 700/700/700 702/702/702 703/703/703
f 700/700/700 703/703/703 701/701/701
f 702/702/702 704/704/704 705/705/705
f 702/702/702 705/705/705 703/703/703
f 704/704/704 706/706/706 707/707/707
f 704/704/704 707/707/707 705/705/705
f 706/706/706 684/684/684 685/685/685
f 706/706/706 685/685/685 707/707/707
f 708/708/708 712/712/712 713/713/713
f 708/708/708 713/713/713 709/709/709
f 712/712/712 716/716/716 717/717/717
f 712/712/712 717/717/717 713/713/713
f 716/716/716 720/720/720 721/721/721
f 716/716/716 721/721/721 717/717/717
f 720/720/720 724/724/724 725/725/725
f 720/720/720 725/725/725 721/721/721
f 724/724/724 728/728/728 729/729/729
f 724/724/724 729/729/729 725/725/725
f 728/728/728 732/732/732 733/733/733
f 728/728/728 733/733/733 729/729/729
f 732/732/732 736/736/736 737/737/737
f 732/732/732 737/737/737 733/733/733
f 736/736/736 740/740/740 741/741/741
f 736/736/736 741/741/741 737/737/737
f 740/740/740 744/744/744 745/745/745
f 740/740/740 745/745/745 741/741/741
f 744/744/744 748/748/748 749/749/749
f 744/744/744 749/749/749 745/745/745
f 748/748/748 752/752/752 753/753/753
f 748/748/748 753/753/753 749/749/749
f 752/752/752 708/708/708 709/709/709
f 752/752/752 709/709/709 753/753/753
f 711/711/711 714/714/714 715/715/715
f 711/711/711 710/710/710 714/714/714
f 715/715/715 718/718/718 719/719/719
f 715/715/715 714/714/714 718/718/718
f 719/719/719 722/722/722 723/723/723
f 719/719/719 718/718/718 722/722/722
f 723/723/723 726/726/726 727/727/727
f 723/723/723 722/722/722 726/726/726
f 727/727/727 730/730/730 731/731/731
f 727/727/727 726/726/726 730/730/730
f 731/731/731 734/734/734 735/735/735
f 731/731/731 730/730/730 734/734/734
f 735/735/735 738/738/738 739/739/739
f 735/735/735 734/734/734 738/738/738
f 739/739/739 742/742/742 743/743/743
f 739/739/739 738/738/738 742/742/742
f 743/743/743 746/746/746 747/747/747
f 743/743/743 742/742/742 746/746/746
f 747/747/747 750/750/750 751/751/751
f 747/747/747 746/746/746 750/750/750
f 751/751/751 754/754/754 755/755/755
f 751/751/751 750/750/750 754/754/754
f 755/755/755 710/710/710 711/711/711
f 755/755/755 754/754/754 710/710/710
f 756/756/756 711/711/711 715/715/715
f 756/756/756 715/715/715 719/719/719
f 756/756/756 719/719/719 723/723/723
f 756/756/756 723/723/723 727/727/727
f 756/756/756 727/727/727 731/731/731
f 756/756/756 731/731/731 735/735/735
f 756/756/756 735/735/735 739/739/739
f 756/756/756 739/739/739 743/743/743
f 756/756/756 743/743/743 747/747/747
f 756/756/756 747/747/747 751/751/751
f 756/756/756 751/751/751 755/755/755
f 756/756/756 755/755/755 711/711/711
f 757/757/757 759/759/759 760/760/760
f 757/757/757 760/760/760 758/758/758
f 759/759/759 761/761/761 762/762/762
f 759/759/759 762/762/762 760/760/760
f 761/761/761 763/763/763 764/764/764
f 761/761/761 764/764/764 762/762/762
f 763/763/763 765/765/765 766/766/766
f 763/763/763 766/766/766 764/764/764
f 765/765/765 767/767/767 768/768/768
f 765/765/765 768/768/768 766/766/766
f 767/767/767 769/769/769 770/770/770
f 767/767/767 770/770/770 768/768/768
f 769/769/769 771/771/771 772/772/772
f 769/769/769 772/772/772 770/770/770
f 771/771/771 773/773/773 774/774/774
f 771/771/771 774/774/774 772/772/772
f 773/773/773 775/775/775 776/776/776
f 773/773/773 776/776/776 774/774/774
f 775/775/775 757/757/757 758/758/758
f 775/775/775 758/758/758 776/776/776
f 777/777/777 781/781/781 782/782/782
f 777/777/777 782/782/782 778/778/778
f 781/781/781 785/785/785 786/786/786
f 781/781/781 786/786/786 782/782/782
f 785/785/785 789/789/789 790/790/790
f 785/785/785 790/790/790 786/786/786
f 789/789/789 793/793/793 794/794/794
f 789/789/789 794/794/794 790/790/790
f 793/793/793 797/797/797 798/798/798
f 793/793/793 798/798/798 794/794/794
f 797/797/797 801/801/801 802/802/802
f 797/797/797 802/802/802 798/798/798
f 801/801/801 805/805/805 806/806/806
f 801/801/801 806/806/806 802/802/802
f 805/805/805 809/809/809 810/810/810
f 805/805/805 810/810/810 806/806/806
f 809/809/809 813/813/813 814/814/814
f 809/809/809 814/814/814 810/810/810
f 813/813/813 777/777/777 778/778/778
f 813/813/813 778/778/778 814/814/814
f 780/780/780 783/783/783 784/784/784
f 780/780/780 779/779/779 783/783/783
f 784/784/784 787/787/787 788/788/788
f 784/784/784 783/783/783 787/787/787
f 788/788/788 791/791/791 792/792/792
f 788/788/788 787/787/787 791/791/791
f 792/792/792 795/795/795 796/796/796
f 792/792/792 791/791/791 795/795/795
f 796/796/796 799/799/799 800/800/800
f 796/796/796 795/795/795 799/799/799
f 800/800/800 803/803/803 804/804/804
f 800/800/800 799/799/799 803/803/803
f 804/804/804 807/807/807 808/808/808
f 804/804/804 803/803/803 807/807/807
f 808/808/808 811/811/811 812/812/812
f 808/808/808 807/807/807 811/811/811
f 812/812/812 815/815/815 816/816/816
f 812/812/812 811/811/811 815/815/815
f 816/816/816 779/779/779 780/780/780
f 816/816/816 815/815/815 779/779/779
f 817/817/817 780/780/780 784/784/784
f 817/817/817 784/784/784 788/788/788
f 817/817/817 788/788/788 792/792/792
f 817/817/817 792/792/792 796/796/796
f 817/817/817 796/796/796 800/800/800
f 817/817/817 800/800/800 804/804/804
f 817/817/817 804/804/804 808/808/808
f 817/817/817 808/808/808 812/812/812
f 817/817/817 812/812/812 816/816/816
f 817/817/817 816/816/816 780/780/780
f 818/818/818 820/820/820 821/821/821
f 818/818/818 821/821/821 819/819/819
f 820/820/820 822/822/822 823/823/823
f 820/820/820 823/823/823 821/821/821
f 822/822/822 824/824/824 825/825/825
f 822/822/822 825/825/825 823/823/823
f 824/824/824 826/826/826 827/827/827
f 824/824/824 827/827/827 825/825/825
f 826/826/826 828/828/828 829/829/829
f 826/826/826 829/829/829 827/827/827
f 828/828/828 830/830/830 831/831/831
f 828/828/828 831/831/831 829/829/829
f 830/830/830 832/832/832 833/833/833
f 830/830/830 833/833/833 831/831/831
f 832/832/832 834/834/834 835/835/835
f 832/832/832 835/835/835 833/833/833
f 834/834/834 836/836/836 837/837/837
f 834/834/834 837/837/837 835/835/835
f 836/836/836 818/818/818 819/819/819
f 836/836/836 819/819/819 837/837/837
f 838/838/838 842/842/842 843/843/843
f 838/838/838 843/843/843 839/839/839
f 842/842/842 846/846/846 847/847/847
f 842/842/842 847/847/847 843/843/843
f 846/846/846 850/850/850 851/851/851
f 846/846/846 851/851/851 847/847/847
f 850/850/850 854/854/854 855/855/855
f 850/850/850 855/855/855 851/851/851
f 854/854/854 858/858/858 859/859/859
f 854/854/854 859/859/859 855/855/855
f 858/858/858 862/862/862 863/863/863
f 858/858/858 863/863/863 859/859/859
f 862/862/862 866/866/866 867/867/867
f 862/862/862 867/867/867 863/863/863
f 866/866/866 870/870/870 871/871/871
f 866/866/866 871/871/871 867/867/867
f 870/870/870 874/874/874 875/875/875
f 870/870/870 875/875/875 871/871/871
f 874/874/874 838/838/838 839/839/839
f 874/874/874 839/839/839 875/875/875
f 841/841/841 844/844/844 845/845/845
f 841/841/841 840/840/840 844/844/844
f 845/845/845 848/848/848 849/849/849
f 845/845/845 844/844/844 848/848/848
f 849/849/849 852/852/852 853/853/853
f 849/849/849 848/848/848 852/852/852
f 853/853/853 856/856/856 857/857/857
f 853/853/853 852/852/852 856/856/856
f 857/857/857 860/860/860 861/861/861
f 857/857/857 856/856/856 860/860/860
f 861/861/861 864/864/864 865/865/865
f 861/861/861 860/860/860 864/864/864
f 865/865/865 868/868/868 869/869/869
f 865/865/865 864/864/864 868/868/868
f 869/869/869 872/872/872 873/873/873
f 869/869/869 868/868/868 872/872/872
f 873/873/873 876/876/876 877/877/877
f 873/873/873 872/872/872 876/876/876
f 877/877/877 840/840/840 841/841/841
f 877/877/877 876/876/876 840/840/840
f 878/878/878 841/841/841 845/845/845
f 878/878/878 845/845/845 849/849/849
f 878/878/878 849/849/849 853/853/853
f 878/878/878 853/853/853 857/857/857
f 878/878/878 857/857/857 861/861/861
f 878/878/878 861/861/861 865/865/865
f 878/878/878 865/865/865 869/869/869
f 878/878/878 869/869/869 873/873/873
f 878/878/878 873/873/873 877/877/877
f 878/878/878 877/877/877 841/841/841
f 879/879/879 881/881/881 882/882/882
f 879/879/879 882/882/882 880/880/880
f 881/881/881 883/883/883 884/884/884
f 881/881/881 884/884/884 882/882/882
f 883/883/883 885/885/885 886/886/886
f 883/883/883 886/886/886 884/884/884
f 885/885/885 887/887/887 888/888/888
f 885/885/885 888/888/888 886/886/886
f 887/887/887 889/889/889 890/890/890
f 887/887/887 890/890/890 888/888/888
f 889/889/889 891/891/891 892/892/892
f 889/889/889 892/892/892 890/890/890
f 891/891/891 893/893/893 894/894/894
f 891/891/891 894/894/894 892/892/892
f 893/893/893 895/895/895 896/896/896
f 893/893/893 896/896/896 894/894/894
f 895/895/895 897/897/897 898/898/898
f 895/895/895 898/898/898 896/896/896
f 897/897/897 879/879/879 880/880/880
f 897/897/897 880/880/880 898/898/898
f 899/899/899 903/903/903 904/904/904
f 899/899/899 904/904/904 900/900/900
f 903/903/903 907/907/907 908/908/908
f 903/903/903 908/908/908 904/904/904
f 907/907/907 911/911/911 912/912/912
f 907/907/907 912/912/912 908/908/908
f 911/911/911 915/915/915 916/916/916
f 911/911/911 916/916/916 912/912/912
f 915/915/915 919/919/919 920/920/920
f 915/915/915 920/920/920 916/916/916
f 919/919/919 923/923/923 924/924/924
f 919/919/919 924/924/924 920/920/920
f 923/923/923 927/927/927 928/928/928
f 923/923/923 928/928/928 924/924/924
f 927/927/927 931/931/931 932/932/932
f 927/927/927 932/932/932 928/928/928
f 931/931/931 935/935/935 936/936/936
f 931/931/931 936/936/936 932/932/932
f 935/935/935 899/899/899 900/900/900
f 935/935/935 900/900/900 936/936/936
f 902/902/902 905/905/905 906/906/906
f 902/902/902 901/901/901 905/905/905
f 906/906/906 909/909/909 910/910/910
f 906/906/906 905/905/905 909/909/909
f 910/910/910 913/913/913 914/914/914
f 910/910/910 909/909/909 913/913/913
f 914/914/914 917/917/917 918/918/918
f 914/914/914 913/913/913 917/917/917
f 918/918/918 921/921/921 922/922/922
f 918/918/918 917/917/917 921/921/921
f 922/922/922 925/925/925 926/926/926
f 922/922/922 921/921/921 925/925/925
f 926/926/926 929/929/929 930/930/930
f 926/926/926 925/925/925 929/929/929
f 930/930/930 933/933/933 934/934/934
f 930/930/930 929/929/929 933/933/933
f 934/934/934 937/937/937 938/938/938
f 934/934/934 933/933/933 937/937/937
f 938/938/938 901/901/901 902/902/902
f 938/938/938 937/937/937 901/901/901
f 939/939/939 902/902/902 906/906/906
f 939/939/939 906/906/906 910/910/910
f 939/939/939 910/910/910 914/914/914
f 939/939/939 914/914/914 918/918/918
f 939/939/939 918/918/918 922/922/922
f 939/939/939 922/922/922 926/926/926
f 939/939/939 926/926/926 930/930/930
f 939/939/939 930/930/930 934/934/934
f 939/939/939 934/934/934 938/938/938
f 939/939/939 938/938/938 902/902/902
f 940/940/940 942/942/942 943/943/943
f 940/940/940 943/943/943 941/941/941
f 942/942/942 944/944/944 945/945/945
f 942/942/942 945/945/945 943/943/943
f 944/944/944 946/946/946 947/947/947
f 944/944/944 947/947/947 945/945/945
f 946/946/946 948/948/948 949/949/949
f 946/946/946 949/949/949 947/947/947
f 948/948/948 950/950/950 951/951/951
f 948/948/948 951/951/951 949/949/949
f 950/950/950 952/952/952 953/953/953
f 950/950/950 953/953/953 951/951/951
f 952/952/952 954/954/954 955/955/955
f 952/952/952 955/955/955 953/953/953
f 954/954/954 956/956/956 957/957/957
f 954/954/954 957/957/957 955/955/955
f 956/956/956 958/958/958 959/959/959
f 956/956/956 959/959/959 957/957/957
f 958/958/958 940/940/940 941/941/941
f 958/958/958 941/941/941 959/959/959
f 960/960/960 964/964/964 965/965/965
f 960/960/960 965/965/965 961/961/961
f 964/964/964 968/968/968 969/969/969
f 964/964/964 969/969/969 965/965/965
f 968/968/968 972/972/972 973/973/973
f 968/968/968 973/973/973 969/969/969
f 972/972/972 976/976/976 977/977/977
f 972/972/972 977/977/977 973/973/973
f 976/976/976 980/980/980 981/981/981
f 976/976/976 981/981/981 977/977/977
f 980/980/980 984/984/984 985/985/985
f 980/980/980 985/985/985 981/981/981
f 984/984/984 988/988/988 989/989/989
f 984/984/984 989/989/989 985/985/985
f 988/988/988 992/992/992 993/993/993
f 988/988/988 993/993/993 989/989/989
f 992/992/992 996/996/996 997/997/997
f 992/992/992 997/997/997 993/993/993
f 996/996/996 960/960/960 961/961/961
f 996/996/996 961/961/961 997/997/997
f 963/963/963 966/966/966 967/967/967
f 963/963/963 962/962/962 966/966/966
f 967/967/967 970/970/970 971/971/971
f 967/967/967 966/966/966 970/970/970
f 971/971/971 974/974/974 975/975/975
f 971/971/971 970/970/970 974/974/974
f 975/975/975 978/978/978 979/979/979
f 975/975/975 974/974/974 978/978/978
f 979/979/979 982/982/982 983/983/983
f 979/979/979 978/978/978 982/982/982
f 983/983/983 986/986/986 987/987/987
f 983/983/983 982/982/982 986/986/986
f 987/987/987 990/990/990 991/991/991
f 987/987/987 986/986/986 990/990/990
f 991/991/991 994/994/994 995/995/995
f 991/991/991 990/990/990 994/994/994
f 995/995/995 998/998/998 999/999/999
f 995/995/995 994/994/994 998/998/998
f 999/999/999 962/962/962 963/963/963
f 999/999/999 998/998/998 962/962/962
f 1000/1000/1000 963/963/963 967/967/967
f 1000/1000/1000 967/967/967 971/971/971
f 1000/1000/1000 971/971/971 975/975/975
f 1000/1000/1000 975/975/975 979/979/979
f 1000/1000/1000 979/979/979 983/983/983
f 1000/1000/1000 983/983/983 987/987/987
f 1000/1000/1000 987/987/987 991/991/991
f 1000/1000/1000 991/991/991 995/995/995
f 1000/1000/1000 995/995/995 999/999/999
f 1000/1000/1000 999/999/999 963/963/963
