mtllib turret_basic_shooter.mtl
o turret_basic_shooter
v 0.00000000 1.00000000 0.00000000
v 0.00000000 1.00000000 0.00000000
v 0.00000000 1.00000000 0.00000000
v 0.00000000 1.00000000 0.00000000
v 0.00000000 1.00000000 0.00000000
v 0.00000000 1.00000000 0.00000000
v 0.00000000 1.00000000 0.00000000
v 0.00000000 1.00000000 0.00000000
v 0.00000000 1.00000000 0.00000000
v 0.00000000 1.00000000 0.00000000
v 0.00000000 1.00000000 0.00000000
v 0.00000000 1.00000000 0.00000000
v 0.00000000 1.00000000 0.00000000
v 0.00000000 1.00000000 0.00000000
v 0.00000000 1.00000000 0.00000000
v 0.00000000 0.95105654 0.30901700
v 0.13407746 0.95105654 0.27841470
v 0.24159923 0.95105654 0.19266894
v 0.30126929 0.95105654 0.06876276
v 0.30126929 0.95105654 -0.06876276
v 0.24159919 0.95105654 -0.19266900
v 0.13407747 0.95105654 -0.27841470
v -0.00000003 0.95105654 -0.30901700
v -0.13407746 0.95105654 -0.27841470
v -0.24159926 0.95105654 -0.19266890
v -0.30126932 0.95105654 -0.06876263
v -0.30126926 0.95105654 0.06876293
v -0.24159926 0.95105654 0.19266891
v -0.13407746 0.95105654 0.27841470
v 0.00000005 0.95105654 0.30901700
v 0.00000000 0.80901700 0.58778524
v 0.25503048 0.80901700 0.52957618
v 0.45954901 0.80901700 0.36647812
v 0.57304823 0.80901700 0.13079454
v 0.57304823 0.80901700 -0.13079453
v 0.45954895 0.80901700 -0.36647820
v 0.25503051 0.80901700 -0.52957618
v -0.00000005 0.80901700 -0.58778524
v -0.25503048 0.80901700 -0.52957618
v -0.45954910 0.80901700 -0.36647800
v -0.57304829 0.80901700 -0.13079429
v -0.57304817 0.80901700 0.13079485
v -0.45954910 0.80901700 0.36647803
v -0.25503048 0.80901700 0.52957618
v 0.00000010 0.80901700 0.58778524
v 0.00000000 0.58778524 0.80901700
v 0.35101932 0.58778524 0.72889912
v 0.63251495 0.58778524 0.50441384
v 0.78873324 0.58778524 0.18002325
v 0.78873324 0.58778524 -0.18002322
v 0.63251489 0.58778524 -0.50441396
v 0.35101938 0.58778524 -0.72889912
v -0.00000007 0.58778524 -0.80901700
v -0.35101932 0.58778524 -0.72889912
v -0.63251507 0.58778524 -0.50441372
v -0.78873336 0.58778524 -0.18002291
v -0.78873312 0.58778524 0.18002367
v -0.63251507 0.58778524 0.50441372
v -0.35101932 0.58778524 0.72889912
v 0.00000014 0.58778524 0.80901700
v 0.00000000 0.30901697 0.95105654
v 0.41264799 0.30901697 0.85687232
v 0.74356598 0.30901697 0.59297407
v 0.92721158 0.30901697 0.21163003
v 0.92721158 0.30901697 -0.21163000
v 0.74356586 0.30901697 -0.59297425
v 0.41264805 0.30901697 -0.85687232
v -0.00000008 0.30901697 -0.95105654
v -0.41264799 0.30901697 -0.85687232
v -0.74356610 0.30901697 -0.59297389
v -0.92721164 0.30901697 -0.21162961
v -0.92721146 0.30901697 0.21163052
v -0.74356610 0.30901697 0.59297395
v -0.41264799 0.30901697 0.85687232
v 0.00000017 0.30901697 0.95105654
v 0.00000000 -0.00000004 1.00000000
v 0.43388376 -0.00000004 0.90096885
v 0.78183150 -0.00000004 0.62348980
v 0.97492790 -0.00000004 0.22252098
v 0.97492790 -0.00000004 -0.22252095
v 0.78183138 -0.00000004 -0.62348998
v 0.43388382 -0.00000004 -0.90096885
v -0.00000009 -0.00000004 -1.00000000
v -0.43388376 -0.00000004 -0.90096885
v -0.78183162 -0.00000004 -0.62348962
v -0.97492802 -0.00000004 -0.22252055
v -0.97492778 -0.00000004 0.22252150
v -0.78183162 -0.00000004 0.62348968
v -0.43388376 -0.00000004 0.90096885
v 0.00000017 -0.00000004 1.00000000
v 0.00000000 -0.30901703 0.95105648
v 0.41264796 -0.30901703 0.85687226
v 0.74356592 -0.30901703 0.59297401
v 0.92721152 -0.30901703 0.21163002
v 0.92721152 -0.30901703 -0.21162999
v 0.74356580 -0.30901703 -0.59297419
v 0.41264802 -0.30901703 -0.85687226
v -0.00000008 -0.30901703 -0.95105648
v -0.41264796 -0.30901703 -0.85687226
v -0.74356604 -0.30901703 -0.59297383
v -0.92721164 -0.30901703 -0.21162960
v -0.92721140 -0.30901703 0.21163051
v -0.74356604 -0.30901703 0.59297389
v -0.41264796 -0.30901703 0.85687226
v 0.00000017 -0.30901703 0.95105648
v 0.00000000 -0.58778542 0.80901688
v 0.35101929 -0.58778542 0.72889900
v 0.63251489 -0.58778542 0.50441378
v 0.78873312 -0.58778542 0.18002322
v 0.78873312 -0.58778542 -0.18002321
v 0.63251477 -0.58778542 -0.50441390
v 0.35101932 -0.58778542 -0.72889900
v -0.00000007 -0.58778542 -0.80901688
v -0.35101929 -0.58778542 -0.72889900
v -0.63251495 -0.58778542 -0.50441360
v -0.78873324 -0.58778542 -0.18002288
v -0.78873307 -0.58778542 0.18002366
v -0.63251495 -0.58778542 0.50441366
v -0.35101929 -0.58778542 0.72889900
v 0.00000014 -0.58778542 0.80901688
v 0.00000000 -0.80901706 0.58778518
v 0.25503045 -0.80901706 0.52957612
v 0.45954898 -0.80901706 0.36647806
v 0.57304817 -0.80901706 0.13079454
v 0.57304817 -0.80901706 -0.13079451
v 0.45954889 -0.80901706 -0.36647817
v 0.25503048 -0.80901706 -0.52957612
v -0.00000005 -0.80901706 -0.58778518
v -0.25503045 -0.80901706 -0.52957612
v -0.45954904 -0.80901706 -0.36647797
v -0.57304823 -0.80901706 -0.13079429
v -0.57304811 -0.80901706 0.13079484
v -0.45954904 -0.80901706 0.36647800
v -0.25503045 -0.80901706 0.52957612
v 0.00000010 -0.80901706 0.58778518
v 0.00000000 -0.95105648 0.30901703
v 0.13407747 -0.95105648 0.27841473
v 0.24159925 -0.95105648 0.19266896
v 0.30126932 -0.95105648 0.06876277
v 0.30126932 -0.95105648 -0.06876276
v 0.24159922 -0.95105648 -0.19266902
v 0.13407749 -0.95105648 -0.27841473
v -0.00000003 -0.95105648 -0.30901703
v -0.13407747 -0.95105648 -0.27841473
v -0.24159929 -0.95105648 -0.19266891
v -0.30126935 -0.95105648 -0.06876264
v -0.30126929 -0.95105648 0.06876294
v -0.24159929 -0.95105648 0.19266893
v -0.13407747 -0.95105648 0.27841473
v 0.00000005 -0.95105648 0.30901703
v 0.00000000 -1.00000000 -0.00000009
v -0.00000004 -1.00000000 -0.00000008
v -0.00000007 -1.00000000 -0.00000005
v -0.00000009 -1.00000000 -0.00000002
v -0.00000009 -1.00000000 0.00000002
v -0.00000007 -1.00000000 0.00000005
v -0.00000004 -1.00000000 0.00000008
v 0.00000000 -1.00000000 0.00000009
v 0.00000004 -1.00000000 0.00000008
v 0.00000007 -1.00000000 0.00000005
v 0.00000009 -1.00000000 0.00000002
v 0.00000009 -1.00000000 -0.00000002
v 0.00000007 -1.00000000 -0.00000005
v 0.00000004 -1.00000000 -0.00000008
v -0.00000000 -1.00000000 -0.00000009
v -1.06000006 -0.14999999 0.32000002
v -0.90000004 -0.14999999 0.32000002
v -0.90000004 0.26999998 0.32000002
v -1.06000006 0.26999998 0.32000002
v -0.90000004 -0.14999999 -0.40000001
v -1.06000006 -0.14999999 -0.40000001
v -1.06000006 0.26999998 -0.40000001
v -0.90000004 0.26999998 -0.40000001
v -1.06000006 0.26999998 0.32000002
v -0.90000004 0.26999998 0.32000002
v -0.90000004 0.26999998 -0.40000001
v -1.06000006 0.26999998 -0.40000001
v -1.06000006 -0.14999999 -0.40000001
v -0.90000004 -0.14999999 -0.40000001
v -0.90000004 -0.14999999 0.32000002
v -1.06000006 -0.14999999 0.32000002
v -0.90000004 -0.14999999 0.32000002
v -0.90000004 -0.14999999 -0.40000001
v -0.90000004 0.26999998 -0.40000001
v -0.90000004 0.26999998 0.32000002
v -1.06000006 -0.14999999 -0.40000001
v -1.06000006 -0.14999999 0.32000002
v -1.06000006 0.26999998 0.32000002
v -1.06000006 0.26999998 -0.40000001
v 0.90000004 -0.14999999 0.32000002
v 1.06000006 -0.14999999 0.32000002
v 1.06000006 0.26999998 0.32000002
v 0.90000004 0.26999998 0.32000002
v 1.06000006 -0.14999999 -0.40000001
v 0.90000004 -0.14999999 -0.40000001
v 0.90000004 0.26999998 -0.40000001
v 1.06000006 0.26999998 -0.40000001
v 0.90000004 0.26999998 0.32000002
v 1.06000006 0.26999998 0.32000002
v 1.06000006 0.26999998 -0.40000001
v 0.90000004 0.26999998 -0.40000001
v 0.90000004 -0.14999999 -0.40000001
v 1.06000006 -0.14999999 -0.40000001
v 1.06000006 -0.14999999 0.32000002
v 0.90000004 -0.14999999 0.32000002
v 1.06000006 -0.14999999 0.32000002
v 1.06000006 -0.14999999 -0.40000001
v 1.06000006 0.26999998 -0.40000001
v 1.06000006 0.26999998 0.32000002
v 0.90000004 -0.14999999 -0.40000001
v 0.90000004 -0.14999999 0.32000002
v 0.90000004 0.26999998 0.32000002
v 0.90000004 0.26999998 -0.40000001
v -1.05999994 0.06000000 -0.35999998
v -1.14999998 0.06000000 -0.35999998
v -1.05999994 -0.09999999 -0.31712812
v -1.14999998 -0.09999999 -0.31712812
v -1.05999994 -0.21712813 -0.19999999
v -1.14999998 -0.21712813 -0.19999999
v -1.05999994 -0.25999999 -0.03999998
v -1.14999998 -0.25999999 -0.03999998
v -1.05999994 -0.21712813 0.12000001
v -1.14999998 -0.21712813 0.12000001
v -1.05999994 -0.09999993 0.23712817
v -1.14999998 -0.09999993 0.23712817
v -1.05999994 0.06000003 0.28000000
v -1.14999998 0.06000003 0.28000000
v -1.05999994 0.22000006 0.23712808
v -1.14999998 0.22000006 0.23712808
v -1.05999994 0.33712813 0.11999997
v -1.14999998 0.33712813 0.11999997
v -1.05999994 0.38000000 -0.04000000
v -1.14999998 0.38000000 -0.04000000
v -1.05999994 0.33712807 -0.20000011
v -1.14999998 0.33712807 -0.20000011
v -1.05999994 0.21999992 -0.31712818
v -1.14999998 0.21999992 -0.31712818
v -1.14999998 0.06000000 -0.04000000
v 1.05999994 0.06000000 0.28000000
v 1.14999998 0.06000000 0.28000000
v 1.05999994 -0.09999999 0.23712814
v 1.14999998 -0.09999999 0.23712814
v 1.05999994 -0.21712813 0.11999998
v 1.14999998 -0.21712813 0.11999998
v 1.05999994 -0.25999999 -0.04000001
v 1.14999998 -0.25999999 -0.04000001
v 1.05999994 -0.21712813 -0.20000002
v 1.14999998 -0.21712813 -0.20000002
v 1.05999994 -0.09999993 -0.31712815
v 1.14999998 -0.09999993 -0.31712815
v 1.05999994 0.06000003 -0.35999998
v 1.14999998 0.06000003 -0.35999998
v 1.05999994 0.22000006 -0.31712806
v 1.14999998 0.22000006 -0.31712806
v 1.05999994 0.33712813 -0.19999996
v 1.14999998 0.33712813 -0.19999996
v 1.05999994 0.38000000 -0.04000000
v 1.14999998 0.38000000 -0.04000000
v 1.05999994 0.33712807 0.12000012
v 1.14999998 0.33712807 0.12000012
v 1.05999994 0.21999992 0.23712820
v 1.14999998 0.21999992 0.23712820
v 1.14999998 0.06000000 -0.04000000
v -1.14999998 0.06000000 -0.21599999
v -1.16999996 0.06000000 -0.21599999
v -1.14999998 -0.04345020 -0.18238699
v -1.16999996 -0.04345020 -0.18238699
v -1.14999998 -0.10738595 -0.09438699
v -1.16999996 -0.10738595 -0.09438699
v -1.14999998 -0.10738593 0.01438700
v -1.16999996 -0.10738593 0.01438700
v -1.14999998 -0.04345020 0.10238700
v -1.16999996 -0.04345020 0.10238700
v -1.14999998 0.06000001 0.13600001
v -1.16999996 0.06000001 0.13600001
v -1.14999998 0.16345023 0.10238699
v -1.16999996 0.16345023 0.10238699
v -1.14999998 0.22738597 0.01438693
v -1.16999996 0.22738597 0.01438693
v -1.14999998 0.22738594 -0.09438701
v -1.16999996 0.22738594 -0.09438701
v -1.14999998 0.16345021 -0.18238699
v -1.16999996 0.16345021 -0.18238699
v -1.16999996 0.06000000 -0.04000000
v 1.14999998 0.06000000 0.13600001
v 1.16999996 0.06000000 0.13600001
v 1.14999998 -0.04345020 0.10238699
v 1.16999996 -0.04345020 0.10238699
v 1.14999998 -0.10738595 0.01438699
v 1.16999996 -0.10738595 0.01438699
v 1.14999998 -0.10738593 -0.09438699
v 1.16999996 -0.10738593 -0.09438699
v 1.14999998 -0.04345020 -0.18238699
v 1.16999996 -0.04345020 -0.18238699
v 1.14999998 0.06000001 -0.21599999
v 1.16999996 0.06000001 -0.21599999
v 1.14999998 0.16345023 -0.18238699
v 1.16999996 0.16345023 -0.18238699
v 1.14999998 0.22738597 -0.09438693
v 1.16999996 0.22738597 -0.09438693
v 1.14999998 0.22738594 0.01438702
v 1.16999996 0.22738594 0.01438702
v 1.14999998 0.16345021 0.10238699
v 1.16999996 0.16345021 0.10238699
v 1.16999996 0.06000000 -0.04000000
v -0.56000000 -0.33000001 -0.80000001
v 0.56000000 -0.33000001 -0.80000001
v 0.56000000 0.53000003 -0.80000001
v -0.56000000 0.53000003 -0.80000001
v 0.56000000 -0.33000001 -1.70000005
v -0.56000000 -0.33000001 -1.70000005
v -0.56000000 0.53000003 -1.70000005
v 0.56000000 0.53000003 -1.70000005
v -0.56000000 0.53000003 -0.80000001
v 0.56000000 0.53000003 -0.80000001
v 0.56000000 0.53000003 -1.70000005
v -0.56000000 0.53000003 -1.70000005
v -0.56000000 -0.33000001 -1.70000005
v 0.56000000 -0.33000001 -1.70000005
v 0.56000000 -0.33000001 -0.80000001
v -0.56000000 -0.33000001 -0.80000001
v 0.56000000 -0.33000001 -0.80000001
v 0.56000000 -0.33000001 -1.70000005
v 0.56000000 0.53000003 -1.70000005
v 0.56000000 0.53000003 -0.80000001
v -0.56000000 -0.33000001 -1.70000005
v -0.56000000 -0.33000001 -0.80000001
v -0.56000000 0.53000003 -0.80000001
v -0.56000000 0.53000003 -1.70000005
v -0.75800002 -0.24000001 -0.85000002
v -0.53799999 -0.24000001 -0.85000002
v -0.53799999 0.44000000 -0.85000002
v -0.75800002 0.44000000 -0.85000002
v -0.53799999 -0.24000001 -1.59000003
v -0.75800002 -0.24000001 -1.59000003
v -0.75800002 0.44000000 -1.59000003
v -0.53799999 0.44000000 -1.59000003
v -0.75800002 0.44000000 -0.85000002
v -0.53799999 0.44000000 -0.85000002
v -0.53799999 0.44000000 -1.59000003
v -0.75800002 0.44000000 -1.59000003
v -0.75800002 -0.24000001 -1.59000003
v -0.53799999 -0.24000001 -1.59000003
v -0.53799999 -0.24000001 -0.85000002
v -0.75800002 -0.24000001 -0.85000002
v -0.53799999 -0.24000001 -0.85000002
v -0.53799999 -0.24000001 -1.59000003
v -0.53799999 0.44000000 -1.59000003
v -0.53799999 0.44000000 -0.85000002
v -0.75800002 -0.24000001 -1.59000003
v -0.75800002 -0.24000001 -0.85000002
v -0.75800002 0.44000000 -0.85000002
v -0.75800002 0.44000000 -1.59000003
v 0.53799999 -0.24000001 -0.85000002
v 0.75800002 -0.24000001 -0.85000002
v 0.75800002 0.44000000 -0.85000002
v 0.53799999 0.44000000 -0.85000002
v 0.75800002 -0.24000001 -1.59000003
v 0.53799999 -0.24000001 -1.59000003
v 0.53799999 0.44000000 -1.59000003
v 0.75800002 0.44000000 -1.59000003
v 0.53799999 0.44000000 -0.85000002
v 0.75800002 0.44000000 -0.85000002
v 0.75800002 0.44000000 -1.59000003
v 0.53799999 0.44000000 -1.59000003
v 0.53799999 -0.24000001 -1.59000003
v 0.75800002 -0.24000001 -1.59000003
v 0.75800002 -0.24000001 -0.85000002
v 0.53799999 -0.24000001 -0.85000002
v 0.75800002 -0.24000001 -0.85000002
v 0.75800002 -0.24000001 -1.59000003
v 0.75800002 0.44000000 -1.59000003
v 0.75800002 0.44000000 -0.85000002
v 0.53799999 -0.24000001 -1.59000003
v 0.53799999 -0.24000001 -0.85000002
v 0.53799999 0.44000000 -0.85000002
v 0.53799999 0.44000000 -1.59000003
v -0.39199999 0.53000003 -0.90799999
v 0.39199999 0.53000003 -0.90799999
v 0.39199999 0.63000005 -0.90799999
v -0.39199999 0.63000005 -0.90799999
v 0.39199999 0.53000003 -1.59200001
v -0.39199999 0.53000003 -1.59200001
v -0.39199999 0.63000005 -1.59200001
v 0.39199999 0.63000005 -1.59200001
v -0.39199999 0.63000005 -0.90799999
v 0.39199999 0.63000005 -0.90799999
v 0.39199999 0.63000005 -1.59200001
v -0.39199999 0.63000005 -1.59200001
v -0.39199999 0.53000003 -1.59200001
v 0.39199999 0.53000003 -1.59200001
v 0.39199999 0.53000003 -0.90799999
v -0.39199999 0.53000003 -0.90799999
v 0.39199999 0.53000003 -0.90799999
v 0.39199999 0.53000003 -1.59200001
v 0.39199999 0.63000005 -1.59200001
v 0.39199999 0.63000005 -0.90799999
v -0.39199999 0.53000003 -1.59200001
v -0.39199999 0.53000003 -0.90799999
v -0.39199999 0.63000005 -0.90799999
v -0.39199999 0.63000005 -1.59200001
v -0.46120000 0.10000000 -1.95000005
v -0.46120000 0.10000000 -1.70000005
v -0.42873287 0.00007651 -1.95000005
v -0.42873287 0.00007651 -1.70000005
v -0.34373286 -0.06167961 -1.95000005
v -0.34373286 -0.06167961 -1.70000005
v -0.23866709 -0.06167961 -1.95000005
v -0.23866709 -0.06167961 -1.70000005
v -0.15366708 0.00007652 -1.95000005
v -0.15366708 0.00007652 -1.70000005
v -0.12119998 0.10000002 -1.95000005
v -0.12119998 0.10000002 -1.70000005
v -0.15366711 0.19992352 -1.95000005
v -0.15366711 0.19992352 -1.70000005
v -0.23866716 0.26167962 -1.95000005
v -0.23866716 0.26167962 -1.70000005
v -0.34373289 0.26167962 -1.95000005
v -0.34373289 0.26167962 -1.70000005
v -0.42873287 0.19992352 -1.95000005
v -0.42873287 0.19992352 -1.70000005
v -0.29119998 0.10000000 -1.95000005
v 0.12119998 0.10000000 -1.95000005
v 0.12119998 0.10000000 -1.70000005
v 0.15366709 0.00007651 -1.95000005
v 0.15366709 0.00007651 -1.70000005
v 0.23866710 -0.06167961 -1.95000005
v 0.23866710 -0.06167961 -1.70000005
v 0.34373289 -0.06167961 -1.95000005
v 0.34373289 -0.06167961 -1.70000005
v 0.42873287 0.00007652 -1.95000005
v 0.42873287 0.00007652 -1.70000005
v 0.46120000 0.10000002 -1.95000005
v 0.46120000 0.10000002 -1.70000005
v 0.42873287 0.19992352 -1.95000005
v 0.42873287 0.19992352 -1.70000005
v 0.34373280 0.26167962 -1.95000005
v 0.34373280 0.26167962 -1.70000005
v 0.23866707 0.26167962 -1.95000005
v 0.23866707 0.26167962 -1.70000005
v 0.15366711 0.19992352 -1.95000005
v 0.15366711 0.19992352 -1.70000005
v 0.29119998 0.10000000 -1.95000005
v -0.62000000 -0.43000001 1.02999997
v 0.62000000 -0.43000001 1.02999997
v 0.62000000 0.55000001 1.02999997
v -0.62000000 0.55000001 1.02999997
v 0.62000000 -0.43000001 0.41000003
v -0.62000000 -0.43000001 0.41000003
v -0.62000000 0.55000001 0.41000003
v 0.62000000 0.55000001 0.41000003
v -0.62000000 0.55000001 1.02999997
v 0.62000000 0.55000001 1.02999997
v 0.62000000 0.55000001 0.41000003
v -0.62000000 0.55000001 0.41000003
v -0.62000000 -0.43000001 0.41000003
v 0.62000000 -0.43000001 0.41000003
v 0.62000000 -0.43000001 1.02999997
v -0.62000000 -0.43000001 1.02999997
v 0.62000000 -0.43000001 1.02999997
v 0.62000000 -0.43000001 0.41000003
v 0.62000000 0.55000001 0.41000003
v 0.62000000 0.55000001 1.02999997
v -0.62000000 -0.43000001 0.41000003
v -0.62000000 -0.43000001 1.02999997
v -0.62000000 0.55000001 1.02999997
v -0.62000000 0.55000001 0.41000003
v -0.71399999 0.00000000 0.98999995
v -0.65099996 0.00000000 1.30999994
v -0.64329177 -0.30979300 0.98999995
v -0.58653069 -0.28245831 1.30999994
v -0.44517171 -0.55822766 0.98999995
v -0.40589184 -0.50897229 1.30999994
v -0.15887998 -0.69609851 0.98999995
v -0.14486115 -0.63467801 1.30999994
v 0.15887995 -0.69609851 0.98999995
v 0.14486113 -0.63467801 1.30999994
v 0.44517183 -0.55822760 0.98999995
v 0.40589195 -0.50897223 1.30999994
v 0.64329177 -0.30979303 0.98999995
v 0.58653069 -0.28245834 1.30999994
v 0.71399999 0.00000006 0.98999995
v 0.65099996 0.00000006 1.30999994
v 0.64329177 0.30979300 0.98999995
v 0.58653069 0.28245831 1.30999994
v 0.44517156 0.55822778 0.98999995
v 0.40589172 0.50897235 1.30999994
v 0.15887967 0.69609857 0.98999995
v 0.14486086 0.63467813 1.30999994
v -0.15888035 0.69609845 0.98999995
v -0.14486149 0.63467795 1.30999994
v -0.44517162 0.55822778 0.98999995
v -0.40589175 0.50897235 1.30999994
v -0.64329177 0.30979300 0.98999995
v -0.58653069 0.28245831 1.30999994
v 0.00000000 0.00000000 1.30999994
v -0.56699997 -0.48299998 2.76599979
v 0.56699997 -0.48299998 2.76599979
v 0.56699997 0.48299998 2.76599979
v -0.56699997 0.48299998 2.76599979
v 0.56699997 -0.48299998 1.30999994
v -0.56699997 -0.48299998 1.30999994
v -0.56699997 0.48299998 1.30999994
v 0.56699997 0.48299998 1.30999994
v -0.56699997 0.48299998 2.76599979
v 0.56699997 0.48299998 2.76599979
v 0.56699997 0.48299998 1.30999994
v -0.56699997 0.48299998 1.30999994
v -0.56699997 -0.48299998 1.30999994
v 0.56699997 -0.48299998 1.30999994
v 0.56699997 -0.48299998 2.76599979
v -0.56699997 -0.48299998 2.76599979
v 0.56699997 -0.48299998 2.76599979
v 0.56699997 -0.48299998 1.30999994
v 0.56699997 0.48299998 1.30999994
v 0.56699997 0.48299998 2.76599979
v -0.56699997 -0.48299998 1.30999994
v -0.56699997 -0.48299998 2.76599979
v -0.56699997 0.48299998 2.76599979
v -0.56699997 0.48299998 1.30999994
v -0.10919999 0.47460002 2.73687983
v 0.10919999 0.47460002 2.73687983
v 0.10919999 0.53340000 2.73687983
v -0.10919999 0.53340000 2.73687983
v 0.10919999 0.47460002 1.33911991
v -0.10919999 0.47460002 1.33911991
v -0.10919999 0.53340000 1.33911991
v 0.10919999 0.53340000 1.33911991
v -0.10919999 0.53340000 2.73687983
v 0.10919999 0.53340000 2.73687983
v 0.10919999 0.53340000 1.33911991
v -0.10919999 0.53340000 1.33911991
v -0.10919999 0.47460002 1.33911991
v 0.10919999 0.47460002 1.33911991
v 0.10919999 0.47460002 2.73687983
v -0.10919999 0.47460002 2.73687983
v 0.10919999 0.47460002 2.73687983
v 0.10919999 0.47460002 1.33911991
v 0.10919999 0.53340000 1.33911991
v 0.10919999 0.53340000 2.73687983
v -0.10919999 0.47460002 1.33911991
v -0.10919999 0.47460002 2.73687983
v -0.10919999 0.53340000 2.73687983
v -0.10919999 0.53340000 1.33911991
v -0.10919999 -0.53340000 2.73687983
v 0.10919999 -0.53340000 2.73687983
v 0.10919999 -0.47460002 2.73687983
v -0.10919999 -0.47460002 2.73687983
v 0.10919999 -0.53340000 1.33911991
v -0.10919999 -0.53340000 1.33911991
v -0.10919999 -0.47460002 1.33911991
v 0.10919999 -0.47460002 1.33911991
v -0.10919999 -0.47460002 2.73687983
v 0.10919999 -0.47460002 2.73687983
v 0.10919999 -0.47460002 1.33911991
v -0.10919999 -0.47460002 1.33911991
v -0.10919999 -0.53340000 1.33911991
v 0.10919999 -0.53340000 1.33911991
v 0.10919999 -0.53340000 2.73687983
v -0.10919999 -0.53340000 2.73687983
v 0.10919999 -0.53340000 2.73687983
v 0.10919999 -0.53340000 1.33911991
v 0.10919999 -0.47460002 1.33911991
v 0.10919999 -0.47460002 2.73687983
v -0.10919999 -0.53340000 1.33911991
v -0.10919999 -0.53340000 2.73687983
v -0.10919999 -0.47460002 2.73687983
v -0.10919999 -0.47460002 1.33911991
v -0.77699995 0.00000000 1.02999997
v -0.77699995 0.00000000 2.54759979
v -0.75293612 -0.07406094 1.02999997
v -0.75293612 -0.07406094 2.54759979
v -0.68993610 -0.11983313 1.02999997
v -0.68993610 -0.11983313 2.54759979
v -0.61206383 -0.11983312 1.02999997
v -0.61206383 -0.11983312 2.54759979
v -0.54906380 -0.07406093 1.02999997
v -0.54906380 -0.07406093 2.54759979
v -0.52499998 0.00000001 1.02999997
v -0.52499998 0.00000001 2.54759979
v -0.54906380 0.07406095 1.02999997
v -0.54906380 0.07406095 2.54759979
v -0.61206388 0.11983313 1.02999997
v -0.61206388 0.11983313 2.54759979
v -0.68993610 0.11983312 1.02999997
v -0.68993610 0.11983312 2.54759979
v -0.75293612 0.07406095 1.02999997
v -0.75293612 0.07406095 2.54759979
v -0.65099996 0.00000000 1.02999997
v -0.65099996 0.00000000 2.54759979
v 0.52499998 0.00000000 1.02999997
v 0.52499998 0.00000000 2.54759979
v 0.54906380 -0.07406094 1.02999997
v 0.54906380 -0.07406094 2.54759979
v 0.61206383 -0.11983313 1.02999997
v 0.61206383 -0.11983313 2.54759979
v 0.68993610 -0.11983312 1.02999997
v 0.68993610 -0.11983312 2.54759979
v 0.75293612 -0.07406093 1.02999997
v 0.75293612 -0.07406093 2.54759979
v 0.77699995 0.00000001 1.02999997
v 0.77699995 0.00000001 2.54759979
v 0.75293612 0.07406095 1.02999997
v 0.75293612 0.07406095 2.54759979
v 0.68993604 0.11983313 1.02999997
v 0.68993604 0.11983313 2.54759979
v 0.61206383 0.11983312 1.02999997
v 0.61206383 0.11983312 2.54759979
v 0.54906380 0.07406095 1.02999997
v 0.54906380 0.07406095 2.54759979
v 0.65099996 0.00000000 1.02999997
v 0.65099996 0.00000000 2.54759979
v -0.41999999 0.00000000 2.32919979
v -0.41999999 0.00000000 5.70999956
v -0.37840691 -0.18223117 2.32919979
v -0.37840691 -0.18223117 5.70999956
v -0.26186571 -0.32836923 2.32919979
v -0.26186571 -0.32836923 5.70999956
v -0.09345881 -0.40946969 2.32919979
v -0.09345881 -0.40946969 5.70999956
v 0.09345879 -0.40946969 2.32919979
v 0.09345879 -0.40946969 5.70999956
v 0.26186579 -0.32836917 2.32919979
v 0.26186579 -0.32836917 5.70999956
v 0.37840691 -0.18223120 2.32919979
v 0.37840691 -0.18223120 5.70999956
v 0.41999999 0.00000004 2.32919979
v 0.41999999 0.00000004 5.70999956
v 0.37840691 0.18223117 2.32919979
v 0.37840691 0.18223117 5.70999956
v 0.26186565 0.32836926 2.32919979
v 0.26186565 0.32836926 5.70999956
v 0.09345862 0.40946975 2.32919979
v 0.09345862 0.40946975 5.70999956
v -0.09345903 0.40946966 2.32919979
v -0.09345903 0.40946966 5.70999956
v -0.26186565 0.32836926 2.32919979
v -0.26186565 0.32836926 5.70999956
v -0.37840691 0.18223117 2.32919979
v -0.37840691 0.18223117 5.70999956
v -0.58800000 0.00000000 5.70999956
v -0.57120001 0.00000000 6.22999954
v -0.52976966 -0.25512365 5.70999956
v -0.51463342 -0.24783441 6.22999954
v -0.36661199 -0.45971692 5.70999956
v -0.35613739 -0.44658217 6.22999954
v -0.13084233 -0.57325763 5.70999956
v -0.12710398 -0.55687881 6.22999954
v 0.13084231 -0.57325763 5.70999956
v 0.12710397 -0.55687881 6.22999954
v 0.36661211 -0.45971686 5.70999956
v 0.35613748 -0.44658211 6.22999954
v 0.52976966 -0.25512367 5.70999956
v 0.51463342 -0.24783444 6.22999954
v 0.58800000 0.00000005 5.70999956
v 0.57120001 0.00000005 6.22999954
v 0.52976966 0.25512365 5.70999956
v 0.51463342 0.24783441 6.22999954
v 0.36661190 0.45971701 5.70999956
v 0.35613728 0.44658223 6.22999954
v 0.13084207 0.57325768 5.70999956
v 0.12710373 0.55687892 6.22999954
v -0.13084264 0.57325757 5.70999956
v -0.12710428 0.55687875 6.22999954
v -0.36661193 0.45971701 5.70999956
v -0.35613731 0.44658223 6.22999954
v -0.52976966 0.25512365 5.70999956
v -0.51463342 0.24783441 6.22999954
v -0.60479999 0.00000000 5.86599970
v -0.60479999 0.00000000 6.07399940
v -0.54490596 -0.26241288 5.86599970
v -0.54490596 -0.26241288 6.07399940
v -0.37708661 -0.47285169 5.86599970
v -0.37708661 -0.47285169 6.07399940
v -0.13458069 -0.58963639 5.86599970
v -0.13458069 -0.58963639 6.07399940
v 0.13458067 -0.58963639 5.86599970
v 0.13458067 -0.58963639 6.07399940
v 0.37708673 -0.47285160 5.86599970
v 0.37708673 -0.47285160 6.07399940
v 0.54490596 -0.26241294 5.86599970
v 0.54490596 -0.26241294 6.07399940
v 0.60479999 0.00000005 5.86599970
v 0.60479999 0.00000005 6.07399940
v 0.54490596 0.26241288 5.86599970
v 0.54490596 0.26241288 6.07399940
v 0.37708652 0.47285175 5.86599970
v 0.37708652 0.47285175 6.07399940
v 0.13458042 0.58963645 5.86599970
v 0.13458042 0.58963645 6.07399940
v -0.13458100 0.58963633 5.86599970
v -0.13458100 0.58963633 6.07399940
v -0.37708655 0.47285175 5.86599970
v -0.37708655 0.47285175 6.07399940
v -0.54490596 0.26241288 5.86599970
v -0.54490596 0.26241288 6.07399940
v -0.57120001 0.00000000 6.22999954
v -0.30239999 0.00000000 6.22999954
v -0.30239999 0.00000000 6.22999954
v -0.30239999 0.00000000 4.92999935
v -0.51463342 -0.24783441 6.22999954
v -0.27245298 -0.13120644 6.22999954
v -0.27245298 -0.13120644 6.22999954
v -0.27245298 -0.13120644 4.92999935
v -0.35613739 -0.44658217 6.22999954
v -0.18854330 -0.23642585 6.22999954
v -0.18854330 -0.23642585 6.22999954
v -0.18854330 -0.23642585 4.92999935
v -0.12710398 -0.55687881 6.22999954
v -0.06729034 -0.29481819 6.22999954
v -0.06729034 -0.29481819 6.22999954
v -0.06729034 -0.29481819 4.92999935
v 0.12710397 -0.55687881 6.22999954
v 0.06729034 -0.29481819 6.22999954
v 0.06729034 -0.29481819 6.22999954
v 0.06729034 -0.29481819 4.92999935
v 0.35613748 -0.44658211 6.22999954
v 0.18854336 -0.23642580 6.22999954
v 0.18854336 -0.23642580 6.22999954
v 0.18854336 -0.23642580 4.92999935
v 0.51463342 -0.24783444 6.22999954
v 0.27245298 -0.13120647 6.22999954
v 0.27245298 -0.13120647 6.22999954
v 0.27245298 -0.13120647 4.92999935
v 0.57120001 0.00000005 6.22999954
v 0.30239999 0.00000003 6.22999954
v 0.30239999 0.00000003 6.22999954
v 0.30239999 0.00000003 4.92999935
v 0.51463342 0.24783441 6.22999954
v 0.27245298 0.13120644 6.22999954
v 0.27245298 0.13120644 6.22999954
v 0.27245298 0.13120644 4.92999935
v 0.35613728 0.44658223 6.22999954
v 0.18854326 0.23642588 6.22999954
v 0.18854326 0.23642588 6.22999954
v 0.18854326 0.23642588 4.92999935
v 0.12710373 0.55687892 6.22999954
v 0.06729021 0.29481822 6.22999954
v 0.06729021 0.29481822 6.22999954
v 0.06729021 0.29481822 4.92999935
v -0.12710428 0.55687875 6.22999954
v -0.06729050 0.29481816 6.22999954
v -0.06729050 0.29481816 6.22999954
v -0.06729050 0.29481816 4.92999935
v -0.35613731 0.44658223 6.22999954
v -0.18854327 0.23642588 6.22999954
v -0.18854327 0.23642588 6.22999954
v -0.18854327 0.23642588 4.92999935
v -0.51463342 0.24783441 6.22999954
v -0.27245298 0.13120644 6.22999954
v -0.27245298 0.13120644 6.22999954
v -0.27245298 0.13120644 4.92999935
v 0.00000000 0.00000000 4.92999935
vt 0.05000000 0.94999999
vt 0.07857143 0.94999999
vt 0.10714286 0.94999999
vt 0.13571428 0.94999999
vt 0.16428572 0.94999999
vt 0.19285713 0.94999999
vt 0.22142856 0.94999999
vt 0.24999999 0.94999999
vt 0.27857143 0.94999999
vt 0.30714285 0.94999999
vt 0.33571428 0.94999999
vt 0.36428571 0.94999999
vt 0.39285713 0.94999999
vt 0.42142856 0.94999999
vt 0.44999999 0.94999999
vt 0.05000000 0.90999997
vt 0.07857143 0.90999997
vt 0.10714286 0.90999997
vt 0.13571428 0.90999997
vt 0.16428572 0.90999997
vt 0.19285713 0.90999997
vt 0.22142856 0.90999997
vt 0.24999999 0.90999997
vt 0.27857143 0.90999997
vt 0.30714285 0.90999997
vt 0.33571428 0.90999997
vt 0.36428571 0.90999997
vt 0.39285713 0.90999997
vt 0.42142856 0.90999997
vt 0.44999999 0.90999997
vt 0.05000000 0.87000000
vt 0.07857143 0.87000000
vt 0.10714286 0.87000000
vt 0.13571428 0.87000000
vt 0.16428572 0.87000000
vt 0.19285713 0.87000000
vt 0.22142856 0.87000000
vt 0.24999999 0.87000000
vt 0.27857143 0.87000000
vt 0.30714285 0.87000000
vt 0.33571428 0.87000000
vt 0.36428571 0.87000000
vt 0.39285713 0.87000000
vt 0.42142856 0.87000000
vt 0.44999999 0.87000000
vt 0.05000000 0.82999998
vt 0.07857143 0.82999998
vt 0.10714286 0.82999998
vt 0.13571428 0.82999998
vt 0.16428572 0.82999998
vt 0.19285713 0.82999998
vt 0.22142856 0.82999998
vt 0.24999999 0.82999998
vt 0.27857143 0.82999998
vt 0.30714285 0.82999998
vt 0.33571428 0.82999998
vt 0.36428571 0.82999998
vt 0.39285713 0.82999998
vt 0.42142856 0.82999998
vt 0.44999999 0.82999998
vt 0.05000000 0.79000002
vt 0.07857143 0.79000002
vt 0.10714286 0.79000002
vt 0.13571428 0.79000002
vt 0.16428572 0.79000002
vt 0.19285713 0.79000002
vt 0.22142856 0.79000002
vt 0.24999999 0.79000002
vt 0.27857143 0.79000002
vt 0.30714285 0.79000002
vt 0.33571428 0.79000002
vt 0.36428571 0.79000002
vt 0.39285713 0.79000002
vt 0.42142856 0.79000002
vt 0.44999999 0.79000002
vt 0.05000000 0.75000000
vt 0.07857143 0.75000000
vt 0.10714286 0.75000000
vt 0.13571428 0.75000000
vt 0.16428572 0.75000000
vt 0.19285713 0.75000000
vt 0.22142856 0.75000000
vt 0.24999999 0.75000000
vt 0.27857143 0.75000000
vt 0.30714285 0.75000000
vt 0.33571428 0.75000000
vt 0.36428571 0.75000000
vt 0.39285713 0.75000000
vt 0.42142856 0.75000000
vt 0.44999999 0.75000000
vt 0.05000000 0.71000004
vt 0.07857143 0.71000004
vt 0.10714286 0.71000004
vt 0.13571428 0.71000004
vt 0.16428572 0.71000004
vt 0.19285713 0.71000004
vt 0.22142856 0.71000004
vt 0.24999999 0.71000004
vt 0.27857143 0.71000004
vt 0.30714285 0.71000004
vt 0.33571428 0.71000004
vt 0.36428571 0.71000004
vt 0.39285713 0.71000004
vt 0.42142856 0.71000004
vt 0.44999999 0.71000004
vt 0.05000000 0.67000002
vt 0.07857143 0.67000002
vt 0.10714286 0.67000002
vt 0.13571428 0.67000002
vt 0.16428572 0.67000002
vt 0.19285713 0.67000002
vt 0.22142856 0.67000002
vt 0.24999999 0.67000002
vt 0.27857143 0.67000002
vt 0.30714285 0.67000002
vt 0.33571428 0.67000002
vt 0.36428571 0.67000002
vt 0.39285713 0.67000002
vt 0.42142856 0.67000002
vt 0.44999999 0.67000002
vt 0.05000000 0.63000000
vt 0.07857143 0.63000000
vt 0.10714286 0.63000000
vt 0.13571428 0.63000000
vt 0.16428572 0.63000000
vt 0.19285713 0.63000000
vt 0.22142856 0.63000000
vt 0.24999999 0.63000000
vt 0.27857143 0.63000000
vt 0.30714285 0.63000000
vt 0.33571428 0.63000000
vt 0.36428571 0.63000000
vt 0.39285713 0.63000000
vt 0.42142856 0.63000000
vt 0.44999999 0.63000000
vt 0.05000000 0.59000003
vt 0.07857143 0.59000003
vt 0.10714286 0.59000003
vt 0.13571428 0.59000003
vt 0.16428572 0.59000003
vt 0.19285713 0.59000003
vt 0.22142856 0.59000003
vt 0.24999999 0.59000003
vt 0.27857143 0.59000003
vt 0.30714285 0.59000003
vt 0.33571428 0.59000003
vt 0.36428571 0.59000003
vt 0.39285713 0.59000003
vt 0.42142856 0.59000003
vt 0.44999999 0.59000003
vt 0.05000000 0.55000001
vt 0.07857143 0.55000001
vt 0.10714286 0.55000001
vt 0.13571428 0.55000001
vt 0.16428572 0.55000001
vt 0.19285713 0.55000001
vt 0.22142856 0.55000001
vt 0.24999999 0.55000001
vt 0.27857143 0.55000001
vt 0.30714285 0.55000001
vt 0.33571428 0.55000001
vt 0.36428571 0.55000001
vt 0.39285713 0.55000001
vt 0.42142856 0.55000001
vt 0.44999999 0.55000001
vt 0.55000001 0.94999999
vt 0.94999999 0.94999999
vt 0.94999999 0.55000001
vt 0.55000001 0.55000001
vt 0.55000001 0.94999999
vt 0.94999999 0.94999999
vt 0.94999999 0.55000001
vt 0.55000001 0.55000001
vt 0.55000001 0.94999999
vt 0.94999999 0.94999999
vt 0.94999999 0.55000001
vt 0.55000001 0.55000001
vt 0.55000001 0.94999999
vt 0.94999999 0.94999999
vt 0.94999999 0.55000001
vt 0.55000001 0.55000001
vt 0.55000001 0.94999999
vt 0.94999999 0.94999999
vt 0.94999999 0.55000001
vt 0.55000001 0.55000001
vt 0.55000001 0.94999999
vt 0.94999999 0.94999999
vt 0.94999999 0.55000001
vt 0.55000001 0.55000001
vt 0.55000001 0.94999999
vt 0.94999999 0.94999999
vt 0.94999999 0.55000001
vt 0.55000001 0.55000001
vt 0.55000001 0.94999999
vt 0.94999999 0.94999999
vt 0.94999999 0.55000001
vt 0.55000001 0.55000001
vt 0.55000001 0.94999999
vt 0.94999999 0.94999999
vt 0.94999999 0.55000001
vt 0.55000001 0.55000001
vt 0.55000001 0.94999999
vt 0.94999999 0.94999999
vt 0.94999999 0.55000001
vt 0.55000001 0.55000001
vt 0.55000001 0.94999999
vt 0.94999999 0.94999999
vt 0.94999999 0.55000001
vt 0.55000001 0.55000001
vt 0.55000001 0.94999999
vt 0.94999999 0.94999999
vt 0.94999999 0.55000001
vt 0.55000001 0.55000001
vt 0.55000001 0.44999999
vt 0.55000001 0.05000001
vt 0.58333337 0.44999999
vt 0.58333337 0.05000001
vt 0.61666667 0.44999999
vt 0.61666667 0.05000001
vt 0.64999998 0.44999999
vt 0.64999998 0.05000001
vt 0.68333334 0.44999999
vt 0.68333334 0.05000001
vt 0.71666670 0.44999999
vt 0.71666670 0.05000001
vt 0.75000000 0.44999999
vt 0.75000000 0.05000001
vt 0.78333330 0.44999999
vt 0.78333330 0.05000001
vt 0.81666666 0.44999999
vt 0.81666666 0.05000001
vt 0.85000002 0.44999999
vt 0.85000002 0.05000001
vt 0.88333333 0.44999999
vt 0.88333333 0.05000001
vt 0.91666663 0.44999999
vt 0.91666663 0.05000001
vt 0.75000000 0.05000001
vt 0.55000001 0.44999999
vt 0.55000001 0.05000001
vt 0.58333337 0.44999999
vt 0.58333337 0.05000001
vt 0.61666667 0.44999999
vt 0.61666667 0.05000001
vt 0.64999998 0.44999999
vt 0.64999998 0.05000001
vt 0.68333334 0.44999999
vt 0.68333334 0.05000001
vt 0.71666670 0.44999999
vt 0.71666670 0.05000001
vt 0.75000000 0.44999999
vt 0.75000000 0.05000001
vt 0.78333330 0.44999999
vt 0.78333330 0.05000001
vt 0.81666666 0.44999999
vt 0.81666666 0.05000001
vt 0.85000002 0.44999999
vt 0.85000002 0.05000001
vt 0.88333333 0.44999999
vt 0.88333333 0.05000001
vt 0.91666663 0.44999999
vt 0.91666663 0.05000001
vt 0.75000000 0.05000001
vt 0.23999999 0.22000003
vt 0.23999999 0.05000001
vt 0.26199999 0.22000003
vt 0.26199999 0.05000001
vt 0.28400001 0.22000003
vt 0.28400001 0.05000001
vt 0.30599999 0.22000003
vt 0.30599999 0.05000001
vt 0.32800001 0.22000003
vt 0.32800001 0.05000001
vt 0.34999999 0.22000003
vt 0.34999999 0.05000001
vt 0.37200001 0.22000003
vt 0.37200001 0.05000001
vt 0.39399999 0.22000003
vt 0.39399999 0.05000001
vt 0.41600001 0.22000003
vt 0.41600001 0.05000001
vt 0.43800002 0.22000003
vt 0.43800002 0.05000001
vt 0.34999999 0.05000001
vt 0.23999999 0.22000003
vt 0.23999999 0.05000001
vt 0.26199999 0.22000003
vt 0.26199999 0.05000001
vt 0.28400001 0.22000003
vt 0.28400001 0.05000001
vt 0.30599999 0.22000003
vt 0.30599999 0.05000001
vt 0.32800001 0.22000003
vt 0.32800001 0.05000001
vt 0.34999999 0.22000003
vt 0.34999999 0.05000001
vt 0.37200001 0.22000003
vt 0.37200001 0.05000001
vt 0.39399999 0.22000003
vt 0.39399999 0.05000001
vt 0.41600001 0.22000003
vt 0.41600001 0.05000001
vt 0.43800002 0.22000003
vt 0.43800002 0.05000001
vt 0.34999999 0.05000001
vt 0.55000001 0.94999999
vt 0.94999999 0.94999999
vt 0.94999999 0.55000001
vt 0.55000001 0.55000001
vt 0.55000001 0.94999999
vt 0.94999999 0.94999999
vt 0.94999999 0.55000001
vt 0.55000001 0.55000001
vt 0.55000001 0.94999999
vt 0.94999999 0.94999999
vt 0.94999999 0.55000001
vt 0.55000001 0.55000001
vt 0.55000001 0.94999999
vt 0.94999999 0.94999999
vt 0.94999999 0.55000001
vt 0.55000001 0.55000001
vt 0.55000001 0.94999999
vt 0.94999999 0.94999999
vt 0.94999999 0.55000001
vt 0.55000001 0.55000001
vt 0.55000001 0.94999999
vt 0.94999999 0.94999999
vt 0.94999999 0.55000001
vt 0.55000001 0.55000001
vt 0.55000001 0.44999999
vt 0.94999999 0.44999999
vt 0.94999999 0.05000001
vt 0.55000001 0.05000001
vt 0.55000001 0.44999999
vt 0.94999999 0.44999999
vt 0.94999999 0.05000001
vt 0.55000001 0.05000001
vt 0.55000001 0.44999999
vt 0.94999999 0.44999999
vt 0.94999999 0.05000001
vt 0.55000001 0.05000001
vt 0.55000001 0.44999999
vt 0.94999999 0.44999999
vt 0.94999999 0.05000001
vt 0.55000001 0.05000001
vt 0.55000001 0.44999999
vt 0.94999999 0.44999999
vt 0.94999999 0.05000001
vt 0.55000001 0.05000001
vt 0.55000001 0.44999999
vt 0.94999999 0.44999999
vt 0.94999999 0.05000001
vt 0.55000001 0.05000001
vt 0.55000001 0.44999999
vt 0.94999999 0.44999999
vt 0.94999999 0.05000001
vt 0.55000001 0.05000001
vt 0.55000001 0.44999999
vt 0.94999999 0.44999999
vt 0.94999999 0.05000001
vt 0.55000001 0.05000001
vt 0.55000001 0.44999999
vt 0.94999999 0.44999999
vt 0.94999999 0.05000001
vt 0.55000001 0.05000001
vt 0.55000001 0.44999999
vt 0.94999999 0.44999999
vt 0.94999999 0.05000001
vt 0.55000001 0.05000001
vt 0.55000001 0.44999999
vt 0.94999999 0.44999999
vt 0.94999999 0.05000001
vt 0.55000001 0.05000001
vt 0.55000001 0.44999999
vt 0.94999999 0.44999999
vt 0.94999999 0.05000001
vt 0.55000001 0.05000001
vt 0.23999999 0.22000003
vt 0.46000001 0.22000003
vt 0.46000001 0.05000001
vt 0.23999999 0.05000001
vt 0.23999999 0.22000003
vt 0.46000001 0.22000003
vt 0.46000001 0.05000001
vt 0.23999999 0.05000001
vt 0.23999999 0.22000003
vt 0.46000001 0.22000003
vt 0.46000001 0.05000001
vt 0.23999999 0.05000001
vt 0.23999999 0.22000003
vt 0.46000001 0.22000003
vt 0.46000001 0.05000001
vt 0.23999999 0.05000001
vt 0.23999999 0.22000003
vt 0.46000001 0.22000003
vt 0.46000001 0.05000001
vt 0.23999999 0.05000001
vt 0.23999999 0.22000003
vt 0.46000001 0.22000003
vt 0.46000001 0.05000001
vt 0.23999999 0.05000001
vt 0.55000001 0.44999999
vt 0.55000001 0.05000001
vt 0.59000003 0.44999999
vt 0.59000003 0.05000001
vt 0.63000000 0.44999999
vt 0.63000000 0.05000001
vt 0.67000002 0.44999999
vt 0.67000002 0.05000001
vt 0.71000004 0.44999999
vt 0.71000004 0.05000001
vt 0.75000000 0.44999999
vt 0.75000000 0.05000001
vt 0.79000002 0.44999999
vt 0.79000002 0.05000001
vt 0.82999998 0.44999999
vt 0.82999998 0.05000001
vt 0.87000000 0.44999999
vt 0.87000000 0.05000001
vt 0.90999997 0.44999999
vt 0.90999997 0.05000001
vt 0.75000000 0.44999999
vt 0.55000001 0.44999999
vt 0.55000001 0.05000001
vt 0.59000003 0.44999999
vt 0.59000003 0.05000001
vt 0.63000000 0.44999999
vt 0.63000000 0.05000001
vt 0.67000002 0.44999999
vt 0.67000002 0.05000001
vt 0.71000004 0.44999999
vt 0.71000004 0.05000001
vt 0.75000000 0.44999999
vt 0.75000000 0.05000001
vt 0.79000002 0.44999999
vt 0.79000002 0.05000001
vt 0.82999998 0.44999999
vt 0.82999998 0.05000001
vt 0.87000000 0.44999999
vt 0.87000000 0.05000001
vt 0.90999997 0.44999999
vt 0.90999997 0.05000001
vt 0.75000000 0.44999999
vt 0.55000001 0.94999999
vt 0.94999999 0.94999999
vt 0.94999999 0.55000001
vt 0.55000001 0.55000001
vt 0.55000001 0.94999999
vt 0.94999999 0.94999999
vt 0.94999999 0.55000001
vt 0.55000001 0.55000001
vt 0.55000001 0.94999999
vt 0.94999999 0.94999999
vt 0.94999999 0.55000001
vt 0.55000001 0.55000001
vt 0.55000001 0.94999999
vt 0.94999999 0.94999999
vt 0.94999999 0.55000001
vt 0.55000001 0.55000001
vt 0.55000001 0.94999999
vt 0.94999999 0.94999999
vt 0.94999999 0.55000001
vt 0.55000001 0.55000001
vt 0.55000001 0.94999999
vt 0.94999999 0.94999999
vt 0.94999999 0.55000001
vt 0.55000001 0.55000001
vt 0.55000001 0.44999999
vt 0.55000001 0.05000001
vt 0.57857144 0.44999999
vt 0.57857144 0.05000001
vt 0.60714287 0.44999999
vt 0.60714287 0.05000001
vt 0.63571429 0.44999999
vt 0.63571429 0.05000001
vt 0.66428572 0.44999999
vt 0.66428572 0.05000001
vt 0.69285715 0.44999999
vt 0.69285715 0.05000001
vt 0.72142857 0.44999999
vt 0.72142857 0.05000001
vt 0.75000000 0.44999999
vt 0.75000000 0.05000001
vt 0.77857143 0.44999999
vt 0.77857143 0.05000001
vt 0.80714285 0.44999999
vt 0.80714285 0.05000001
vt 0.83571428 0.44999999
vt 0.83571428 0.05000001
vt 0.86428571 0.44999999
vt 0.86428571 0.05000001
vt 0.89285713 0.44999999
vt 0.89285713 0.05000001
vt 0.92142856 0.44999999
vt 0.92142856 0.05000001
vt 0.75000000 0.05000001
vt 0.55000001 0.94999999
vt 0.94999999 0.94999999
vt 0.94999999 0.55000001
vt 0.55000001 0.55000001
vt 0.55000001 0.94999999
vt 0.94999999 0.94999999
vt 0.94999999 0.55000001
vt 0.55000001 0.55000001
vt 0.55000001 0.94999999
vt 0.94999999 0.94999999
vt 0.94999999 0.55000001
vt 0.55000001 0.55000001
vt 0.55000001 0.94999999
vt 0.94999999 0.94999999
vt 0.94999999 0.55000001
vt 0.55000001 0.55000001
vt 0.55000001 0.94999999
vt 0.94999999 0.94999999
vt 0.94999999 0.55000001
vt 0.55000001 0.55000001
vt 0.55000001 0.94999999
vt 0.94999999 0.94999999
vt 0.94999999 0.55000001
vt 0.55000001 0.55000001
vt 0.23999999 0.22000003
vt 0.46000001 0.22000003
vt 0.46000001 0.05000001
vt 0.23999999 0.05000001
vt 0.23999999 0.22000003
vt 0.46000001 0.22000003
vt 0.46000001 0.05000001
vt 0.23999999 0.05000001
vt 0.23999999 0.22000003
vt 0.46000001 0.22000003
vt 0.46000001 0.05000001
vt 0.23999999 0.05000001
vt 0.23999999 0.22000003
vt 0.46000001 0.22000003
vt 0.46000001 0.05000001
vt 0.23999999 0.05000001
vt 0.23999999 0.22000003
vt 0.46000001 0.22000003
vt 0.46000001 0.05000001
vt 0.23999999 0.05000001
vt 0.23999999 0.22000003
vt 0.46000001 0.22000003
vt 0.46000001 0.05000001
vt 0.23999999 0.05000001
vt 0.23999999 0.22000003
vt 0.46000001 0.22000003
vt 0.46000001 0.05000001
vt 0.23999999 0.05000001
vt 0.23999999 0.22000003
vt 0.46000001 0.22000003
vt 0.46000001 0.05000001
vt 0.23999999 0.05000001
vt 0.23999999 0.22000003
vt 0.46000001 0.22000003
vt 0.46000001 0.05000001
vt 0.23999999 0.05000001
vt 0.23999999 0.22000003
vt 0.46000001 0.22000003
vt 0.46000001 0.05000001
vt 0.23999999 0.05000001
vt 0.23999999 0.22000003
vt 0.46000001 0.22000003
vt 0.46000001 0.05000001
vt 0.23999999 0.05000001
vt 0.23999999 0.22000003
vt 0.46000001 0.22000003
vt 0.46000001 0.05000001
vt 0.23999999 0.05000001
vt 0.55000001 0.44999999
vt 0.55000001 0.05000001
vt 0.59000003 0.44999999
vt 0.59000003 0.05000001
vt 0.63000000 0.44999999
vt 0.63000000 0.05000001
vt 0.67000002 0.44999999
vt 0.67000002 0.05000001
vt 0.71000004 0.44999999
vt 0.71000004 0.05000001
vt 0.75000000 0.44999999
vt 0.75000000 0.05000001
vt 0.79000002 0.44999999
vt 0.79000002 0.05000001
vt 0.82999998 0.44999999
vt 0.82999998 0.05000001
vt 0.87000000 0.44999999
vt 0.87000000 0.05000001
vt 0.90999997 0.44999999
vt 0.90999997 0.05000001
vt 0.75000000 0.44999999
vt 0.75000000 0.05000001
vt 0.55000001 0.44999999
vt 0.55000001 0.05000001
vt 0.59000003 0.44999999
vt 0.59000003 0.05000001
vt 0.63000000 0.44999999
vt 0.63000000 0.05000001
vt 0.67000002 0.44999999
vt 0.67000002 0.05000001
vt 0.71000004 0.44999999
vt 0.71000004 0.05000001
vt 0.75000000 0.44999999
vt 0.75000000 0.05000001
vt 0.79000002 0.44999999
vt 0.79000002 0.05000001
vt 0.82999998 0.44999999
vt 0.82999998 0.05000001
vt 0.87000000 0.44999999
vt 0.87000000 0.05000001
vt 0.90999997 0.44999999
vt 0.90999997 0.05000001
vt 0.75000000 0.44999999
vt 0.75000000 0.05000001
vt 0.05000000 0.44999999
vt 0.05000000 0.27999997
vt 0.07857143 0.44999999
vt 0.07857143 0.27999997
vt 0.10714286 0.44999999
vt 0.10714286 0.27999997
vt 0.13571428 0.44999999
vt 0.13571428 0.27999997
vt 0.16428572 0.44999999
vt 0.16428572 0.27999997
vt 0.19285713 0.44999999
vt 0.19285713 0.27999997
vt 0.22142856 0.44999999
vt 0.22142856 0.27999997
vt 0.24999999 0.44999999
vt 0.24999999 0.27999997
vt 0.27857143 0.44999999
vt 0.27857143 0.27999997
vt 0.30714285 0.44999999
vt 0.30714285 0.27999997
vt 0.33571428 0.44999999
vt 0.33571428 0.27999997
vt 0.36428571 0.44999999
vt 0.36428571 0.27999997
vt 0.39285713 0.44999999
vt 0.39285713 0.27999997
vt 0.42142856 0.44999999
vt 0.42142856 0.27999997
vt 0.55000001 0.44999999
vt 0.55000001 0.05000001
vt 0.57857144 0.44999999
vt 0.57857144 0.05000001
vt 0.60714287 0.44999999
vt 0.60714287 0.05000001
vt 0.63571429 0.44999999
vt 0.63571429 0.05000001
vt 0.66428572 0.44999999
vt 0.66428572 0.05000001
vt 0.69285715 0.44999999
vt 0.69285715 0.05000001
vt 0.72142857 0.44999999
vt 0.72142857 0.05000001
vt 0.75000000 0.44999999
vt 0.75000000 0.05000001
vt 0.77857143 0.44999999
vt 0.77857143 0.05000001
vt 0.80714285 0.44999999
vt 0.80714285 0.05000001
vt 0.83571428 0.44999999
vt 0.83571428 0.05000001
vt 0.86428571 0.44999999
vt 0.86428571 0.05000001
vt 0.89285713 0.44999999
vt 0.89285713 0.05000001
vt 0.92142856 0.44999999
vt 0.92142856 0.05000001
vt 0.23999999 0.22000003
vt 0.23999999 0.05000001
vt 0.25571430 0.22000003
vt 0.25571430 0.05000001
vt 0.27142859 0.22000003
vt 0.27142859 0.05000001
vt 0.28714284 0.22000003
vt 0.28714284 0.05000001
vt 0.30285716 0.22000003
vt 0.30285716 0.05000001
vt 0.31857145 0.22000003
vt 0.31857145 0.05000001
vt 0.33428571 0.22000003
vt 0.33428571 0.05000001
vt 0.34999999 0.22000003
vt 0.34999999 0.05000001
vt 0.36571431 0.22000003
vt 0.36571431 0.05000001
vt 0.38142857 0.22000003
vt 0.38142857 0.05000001
vt 0.39714289 0.22000003
vt 0.39714289 0.05000001
vt 0.41285715 0.22000003
vt 0.41285715 0.05000001
vt 0.42857143 0.22000003
vt 0.42857143 0.05000001
vt 0.44428572 0.22000003
vt 0.44428572 0.05000001
vt 0.55000001 0.05000001
vt 0.55000001 0.44999999
vt 0.05000000 0.18000001
vt 0.05000000 0.05000001
vt 0.57857144 0.05000001
vt 0.57857144 0.44999999
vt 0.06071429 0.18000001
vt 0.06071429 0.05000001
vt 0.60714287 0.05000001
vt 0.60714287 0.44999999
vt 0.07142857 0.18000001
vt 0.07142857 0.05000001
vt 0.63571429 0.05000001
vt 0.63571429 0.44999999
vt 0.08214286 0.18000001
vt 0.08214286 0.05000001
vt 0.66428572 0.05000001
vt 0.66428572 0.44999999
vt 0.09285715 0.18000001
vt 0.09285715 0.05000001
vt 0.69285715 0.05000001
vt 0.69285715 0.44999999
vt 0.10357143 0.18000001
vt 0.10357143 0.05000001
vt 0.72142857 0.05000001
vt 0.72142857 0.44999999
vt 0.11428572 0.18000001
vt 0.11428572 0.05000001
vt 0.75000000 0.05000001
vt 0.75000000 0.44999999
vt 0.12500000 0.18000001
vt 0.12500000 0.05000001
vt 0.77857143 0.05000001
vt 0.77857143 0.44999999
vt 0.13571429 0.18000001
vt 0.13571429 0.05000001
vt 0.80714285 0.05000001
vt 0.80714285 0.44999999
vt 0.14642857 0.18000001
vt 0.14642857 0.05000001
vt 0.83571428 0.05000001
vt 0.83571428 0.44999999
vt 0.15714286 0.18000001
vt 0.15714286 0.05000001
vt 0.86428571 0.05000001
vt 0.86428571 0.44999999
vt 0.16785714 0.18000001
vt 0.16785714 0.05000001
vt 0.89285713 0.05000001
vt 0.89285713 0.44999999
vt 0.17857143 0.18000001
vt 0.17857143 0.05000001
vt 0.92142856 0.05000001
vt 0.92142856 0.44999999
vt 0.18928571 0.18000001
vt 0.18928571 0.05000001
vt 0.12500000 0.05000001
vn 0.00000000 1.00000000 0.00000000
vn 0.00000000 1.00000000 0.00000000
vn 0.00000000 1.00000000 0.00000000
vn 0.00000000 1.00000000 0.00000000
vn 0.00000000 1.00000000 -0.00000000
vn 0.00000000 1.00000000 -0.00000000
vn 0.00000000 1.00000000 -0.00000000
vn -0.00000000 1.00000000 -0.00000000
vn -0.00000000 1.00000000 -0.00000000
vn -0.00000000 1.00000000 -0.00000000
vn -0.00000000 1.00000000 -0.00000000
vn -0.00000000 1.00000000 0.00000000
vn -0.00000000 1.00000000 0.00000000
vn -0.00000000 1.00000000 0.00000000
vn 0.00000000 1.00000000 0.00000000
vn 0.00000000 0.95105654 0.30901700
vn 0.13407746 0.95105654 0.27841470
vn 0.24159923 0.95105654 0.19266894
vn 0.30126929 0.95105654 0.06876276
vn 0.30126929 0.95105654 -0.06876276
vn 0.24159919 0.95105654 -0.19266900
vn 0.13407747 0.95105654 -0.27841470
vn -0.00000003 0.95105654 -0.30901700
vn -0.13407746 0.95105654 -0.27841470
vn -0.24159926 0.95105654 -0.19266890
vn -0.30126932 0.95105654 -0.06876263
vn -0.30126926 0.95105654 0.06876293
vn -0.24159926 0.95105654 0.19266891
vn -0.13407746 0.95105654 0.27841470
vn 0.00000005 0.95105654 0.30901700
vn 0.00000000 0.80901700 0.58778524
vn 0.25503048 0.80901700 0.52957618
vn 0.45954901 0.80901700 0.36647812
vn 0.57304823 0.80901700 0.13079454
vn 0.57304823 0.80901700 -0.13079453
vn 0.45954895 0.80901700 -0.36647820
vn 0.25503051 0.80901700 -0.52957618
vn -0.00000005 0.80901700 -0.58778524
vn -0.25503048 0.80901700 -0.52957618
vn -0.45954910 0.80901700 -0.36647800
vn -0.57304829 0.80901700 -0.13079429
vn -0.57304817 0.80901700 0.13079485
vn -0.45954910 0.80901700 0.36647803
vn -0.25503048 0.80901700 0.52957618
vn 0.00000010 0.80901700 0.58778524
vn 0.00000000 0.58778524 0.80901700
vn 0.35101932 0.58778524 0.72889912
vn 0.63251495 0.58778524 0.50441384
vn 0.78873324 0.58778524 0.18002325
vn 0.78873324 0.58778524 -0.18002322
vn 0.63251489 0.58778524 -0.50441396
vn 0.35101938 0.58778524 -0.72889912
vn -0.00000007 0.58778524 -0.80901700
vn -0.35101932 0.58778524 -0.72889912
vn -0.63251507 0.58778524 -0.50441372
vn -0.78873336 0.58778524 -0.18002291
vn -0.78873324 0.58778530 0.18002369
vn -0.63251507 0.58778524 0.50441372
vn -0.35101932 0.58778524 0.72889912
vn 0.00000014 0.58778524 0.80901700
vn 0.00000000 0.30901697 0.95105654
vn 0.41264799 0.30901697 0.85687232
vn 0.74356598 0.30901697 0.59297407
vn 0.92721158 0.30901697 0.21163003
vn 0.92721158 0.30901697 -0.21163000
vn 0.74356586 0.30901697 -0.59297425
vn 0.41264805 0.30901697 -0.85687232
vn -0.00000008 0.30901697 -0.95105654
vn -0.41264799 0.30901697 -0.85687232
vn -0.74356610 0.30901697 -0.59297389
vn -0.92721164 0.30901697 -0.21162961
vn -0.92721146 0.30901697 0.21163052
vn -0.74356610 0.30901697 0.59297395
vn -0.41264799 0.30901697 0.85687232
vn 0.00000017 0.30901697 0.95105654
vn 0.00000000 -0.00000004 1.00000000
vn 0.43388376 -0.00000004 0.90096885
vn 0.78183150 -0.00000004 0.62348980
vn 0.97492790 -0.00000004 0.22252098
vn 0.97492802 -0.00000004 -0.22252098
vn 0.78183138 -0.00000004 -0.62348998
vn 0.43388382 -0.00000004 -0.90096885
vn -0.00000009 -0.00000004 -1.00000000
vn -0.43388376 -0.00000004 -0.90096885
vn -0.78183162 -0.00000004 -0.62348962
vn -0.97492802 -0.00000004 -0.22252055
vn -0.97492778 -0.00000004 0.22252150
vn -0.78183162 -0.00000004 0.62348968
vn -0.43388376 -0.00000004 0.90096885
vn 0.00000017 -0.00000004 1.00000000
vn 0.00000000 -0.30901706 0.95105660
vn 0.41264802 -0.30901706 0.85687238
vn 0.74356592 -0.30901703 0.59297401
vn 0.92721152 -0.30901703 0.21163002
vn 0.92721164 -0.30901706 -0.21163002
vn 0.74356580 -0.30901703 -0.59297419
vn 0.41264808 -0.30901706 -0.85687238
vn -0.00000008 -0.30901706 -0.95105660
vn -0.41264802 -0.30901706 -0.85687238
vn -0.74356604 -0.30901703 -0.59297383
vn -0.92721164 -0.30901703 -0.21162960
vn -0.92721140 -0.30901703 0.21163051
vn -0.74356604 -0.30901703 0.59297389
vn -0.41264802 -0.30901706 0.85687238
vn 0.00000017 -0.30901706 0.95105660
vn 0.00000000 -0.58778542 0.80901688
vn 0.35101929 -0.58778542 0.72889900
vn 0.63251489 -0.58778542 0.50441378
vn 0.78873312 -0.58778542 0.18002322
vn 0.78873312 -0.58778542 -0.18002321
vn 0.63251477 -0.58778542 -0.50441390
vn 0.35101932 -0.58778542 -0.72889900
vn -0.00000007 -0.58778542 -0.80901688
vn -0.35101929 -0.58778542 -0.72889900
vn -0.63251501 -0.58778548 -0.50441366
vn -0.78873324 -0.58778542 -0.18002288
vn -0.78873307 -0.58778542 0.18002366
vn -0.63251495 -0.58778542 0.50441366
vn -0.35101929 -0.58778542 0.72889900
vn 0.00000014 -0.58778542 0.80901688
vn 0.00000000 -0.80901706 0.58778518
vn 0.25503045 -0.80901706 0.52957612
vn 0.45954898 -0.80901706 0.36647806
vn 0.57304817 -0.80901706 0.13079454
vn 0.57304817 -0.80901706 -0.13079451
vn 0.45954889 -0.80901706 -0.36647817
vn 0.25503048 -0.80901706 -0.52957612
vn -0.00000005 -0.80901706 -0.58778518
vn -0.25503045 -0.80901706 -0.52957612
vn -0.45954904 -0.80901706 -0.36647797
vn -0.57304823 -0.80901706 -0.13079429
vn -0.57304811 -0.80901706 0.13079484
vn -0.45954904 -0.80901706 0.36647800
vn -0.25503045 -0.80901706 0.52957612
vn 0.00000010 -0.80901706 0.58778518
vn 0.00000000 -0.95105660 0.30901706
vn 0.13407749 -0.95105660 0.27841476
vn 0.24159928 -0.95105660 0.19266899
vn 0.30126935 -0.95105660 0.06876278
vn 0.30126935 -0.95105660 -0.06876277
vn 0.24159925 -0.95105660 -0.19266905
vn 0.13407750 -0.95105660 -0.27841476
vn -0.00000003 -0.95105660 -0.30901706
vn -0.13407749 -0.95105660 -0.27841476
vn -0.24159932 -0.95105660 -0.19266894
vn -0.30126938 -0.95105660 -0.06876265
vn -0.30126932 -0.95105660 0.06876294
vn -0.24159932 -0.95105660 0.19266896
vn -0.13407749 -0.95105660 0.27841476
vn 0.00000005 -0.95105660 0.30901706
vn -0.00000000 -1.00000000 -0.00000009
vn -0.00000004 -1.00000000 -0.00000008
vn -0.00000007 -1.00000000 -0.00000005
vn -0.00000009 -1.00000000 -0.00000002
vn -0.00000009 -1.00000000 0.00000002
vn -0.00000007 -1.00000000 0.00000005
vn -0.00000004 -1.00000000 0.00000008
vn 0.00000000 -1.00000000 0.00000009
vn 0.00000004 -1.00000000 0.00000008
vn 0.00000007 -1.00000000 0.00000005
vn 0.00000009 -1.00000000 0.00000002
vn 0.00000009 -1.00000000 -0.00000002
vn 0.00000007 -1.00000000 -0.00000005
vn 0.00000004 -1.00000000 -0.00000008
vn -0.00000000 -1.00000000 -0.00000009
vn 0.00000000 0.00000000 1.00000000
vn 0.00000000 0.00000000 1.00000000
vn 0.00000000 0.00000000 1.00000000
vn 0.00000000 0.00000000 1.00000000
vn 0.00000000 0.00000000 -1.00000000
vn 0.00000000 0.00000000 -1.00000000
vn 0.00000000 0.00000000 -1.00000000
vn 0.00000000 0.00000000 -1.00000000
vn 0.00000000 1.00000000 0.00000000
vn 0.00000000 1.00000000 0.00000000
vn 0.00000000 1.00000000 0.00000000
vn 0.00000000 1.00000000 0.00000000
vn 0.00000000 -1.00000000 0.00000000
vn 0.00000000 -1.00000000 0.00000000
vn 0.00000000 -1.00000000 0.00000000
vn 0.00000000 -1.00000000 0.00000000
vn 1.00000000 0.00000000 0.00000000
vn 1.00000000 0.00000000 0.00000000
vn 1.00000000 0.00000000 0.00000000
vn 1.00000000 0.00000000 0.00000000
vn -1.00000000 0.00000000 0.00000000
vn -1.00000000 0.00000000 0.00000000
vn -1.00000000 0.00000000 0.00000000
vn -1.00000000 0.00000000 0.00000000
vn 0.00000000 0.00000000 1.00000000
vn 0.00000000 0.00000000 1.00000000
vn 0.00000000 0.00000000 1.00000000
vn 0.00000000 0.00000000 1.00000000
vn 0.00000000 0.00000000 -1.00000000
vn 0.00000000 0.00000000 -1.00000000
vn 0.00000000 0.00000000 -1.00000000
vn 0.00000000 0.00000000 -1.00000000
vn 0.00000000 1.00000000 0.00000000
vn 0.00000000 1.00000000 0.00000000
vn 0.00000000 1.00000000 0.00000000
vn 0.00000000 1.00000000 0.00000000
vn 0.00000000 -1.00000000 0.00000000
vn 0.00000000 -1.00000000 0.00000000
vn 0.00000000 -1.00000000 0.00000000
vn 0.00000000 -1.00000000 0.00000000
vn 1.00000000 0.00000000 0.00000000
vn 1.00000000 0.00000000 0.00000000
vn 1.00000000 0.00000000 0.00000000
vn 1.00000000 0.00000000 0.00000000
vn -1.00000000 0.00000000 0.00000000
vn -1.00000000 0.00000000 0.00000000
vn -1.00000000 0.00000000 0.00000000
vn -1.00000000 0.00000000 0.00000000
vn 0.00000000 0.00000000 -1.00000000
vn 0.00000000 0.00000000 -1.00000000
vn 0.00000000 -0.50000000 -0.86602539
vn 0.00000000 -0.50000000 -0.86602539
vn 0.00000000 -0.86602545 -0.49999997
vn 0.00000000 -0.86602545 -0.49999997
vn -0.00000000 -1.00000000 0.00000004
vn -0.00000000 -1.00000000 0.00000004
vn -0.00000000 -0.86602539 0.50000006
vn -0.00000000 -0.86602539 0.50000006
vn -0.00000000 -0.49999982 0.86602551
vn -0.00000000 -0.49999982 0.86602551
vn 0.00000000 0.00000009 1.00000000
vn 0.00000000 0.00000009 1.00000000
vn 0.00000000 0.50000024 0.86602539
vn 0.00000000 0.50000024 0.86602539
vn 0.00000000 0.86602545 0.49999991
vn 0.00000000 0.86602545 0.49999991
vn 0.00000000 1.00000000 -0.00000001
vn 0.00000000 1.00000000 -0.00000001
vn 0.00000000 0.86602521 -0.50000036
vn 0.00000000 0.86602521 -0.50000036
vn 0.00000000 0.49999976 -0.86602557
vn 0.00000000 0.49999976 -0.86602557
vn -1.00000000 0.00000000 0.00000000
vn 0.00000000 0.00000000 1.00000000
vn 0.00000000 0.00000000 1.00000000
vn 0.00000000 -0.50000000 0.86602539
vn 0.00000000 -0.50000000 0.86602539
vn 0.00000000 -0.86602545 0.49999997
vn 0.00000000 -0.86602545 0.49999997
vn 0.00000000 -1.00000000 -0.00000004
vn 0.00000000 -1.00000000 -0.00000004
vn 0.00000000 -0.86602539 -0.50000006
vn 0.00000000 -0.86602539 -0.50000006
vn 0.00000000 -0.49999982 -0.86602551
vn 0.00000000 -0.49999982 -0.86602551
vn -0.00000000 0.00000009 -1.00000000
vn -0.00000000 0.00000009 -1.00000000
vn -0.00000000 0.50000024 -0.86602539
vn -0.00000000 0.50000024 -0.86602539
vn -0.00000000 0.86602545 -0.49999991
vn -0.00000000 0.86602545 -0.49999991
vn 0.00000000 1.00000000 0.00000001
vn 0.00000000 1.00000000 0.00000001
vn 0.00000000 0.86602521 0.50000036
vn 0.00000000 0.86602521 0.50000036
vn 0.00000000 0.49999976 0.86602557
vn 0.00000000 0.49999976 0.86602557
vn 1.00000000 0.00000000 0.00000000
vn 0.00000000 0.00000000 -1.00000000
vn 0.00000000 0.00000000 -1.00000000
vn 0.00000000 -0.58778524 -0.80901700
vn 0.00000000 -0.58778524 -0.80901700
vn 0.00000000 -0.95105654 -0.30901697
vn 0.00000000 -0.95105654 -0.30901697
vn -0.00000000 -0.95105660 0.30901706
vn -0.00000000 -0.95105660 0.30901706
vn -0.00000000 -0.58778518 0.80901706
vn -0.00000000 -0.58778518 0.80901706
vn 0.00000000 0.00000009 1.00000000
vn 0.00000000 0.00000009 1.00000000
vn 0.00000000 0.58778536 0.80901694
vn 0.00000000 0.58778536 0.80901694
vn 0.00000000 0.95105672 0.30901667
vn 0.00000000 0.95105672 0.30901667
vn 0.00000000 0.95105648 -0.30901712
vn 0.00000000 0.95105648 -0.30901712
vn 0.00000000 0.58778530 -0.80901694
vn 0.00000000 0.58778530 -0.80901694
vn -1.00000000 0.00000000 0.00000000
vn 0.00000000 0.00000000 1.00000000
vn 0.00000000 0.00000000 1.00000000
vn 0.00000000 -0.58778524 0.80901700
vn 0.00000000 -0.58778524 0.80901700
vn 0.00000000 -0.95105654 0.30901697
vn 0.00000000 -0.95105654 0.30901697
vn 0.00000000 -0.95105660 -0.30901706
vn 0.00000000 -0.95105660 -0.30901706
vn 0.00000000 -0.58778518 -0.80901706
vn 0.00000000 -0.58778518 -0.80901706
vn -0.00000000 0.00000009 -1.00000000
vn -0.00000000 0.00000009 -1.00000000
vn -0.00000000 0.58778536 -0.80901694
vn -0.00000000 0.58778536 -0.80901694
vn -0.00000000 0.95105672 -0.30901667
vn -0.00000000 0.95105672 -0.30901667
vn 0.00000000 0.95105648 0.30901712
vn 0.00000000 0.95105648 0.30901712
vn 0.00000000 0.58778530 0.80901694
vn 0.00000000 0.58778530 0.80901694
vn 1.00000000 0.00000000 0.00000000
vn 0.00000000 0.00000000 1.00000000
vn 0.00000000 0.00000000 1.00000000
vn 0.00000000 0.00000000 1.00000000
vn 0.00000000 0.00000000 1.00000000
vn 0.00000000 0.00000000 -1.00000000
vn 0.00000000 0.00000000 -1.00000000
vn 0.00000000 0.00000000 -1.00000000
vn 0.00000000 0.00000000 -1.00000000
vn 0.00000000 1.00000000 0.00000000
vn 0.00000000 1.00000000 0.00000000
vn 0.00000000 1.00000000 0.00000000
vn 0.00000000 1.00000000 0.00000000
vn 0.00000000 -1.00000000 0.00000000
vn 0.00000000 -1.00000000 0.00000000
vn 0.00000000 -1.00000000 0.00000000
vn 0.00000000 -1.00000000 0.00000000
vn 1.00000000 0.00000000 0.00000000
vn 1.00000000 0.00000000 0.00000000
vn 1.00000000 0.00000000 0.00000000
vn 1.00000000 0.00000000 0.00000000
vn -1.00000000 0.00000000 0.00000000
vn -1.00000000 0.00000000 0.00000000
vn -1.00000000 0.00000000 0.00000000
vn -1.00000000 0.00000000 0.00000000
vn 0.00000000 0.00000000 1.00000000
vn 0.00000000 0.00000000 1.00000000
vn 0.00000000 0.00000000 1.00000000
vn 0.00000000 0.00000000 1.00000000
vn 0.00000000 0.00000000 -1.00000000
vn 0.00000000 0.00000000 -1.00000000
vn 0.00000000 0.00000000 -1.00000000
vn 0.00000000 0.00000000 -1.00000000
vn 0.00000000 1.00000000 0.00000000
vn 0.00000000 1.00000000 0.00000000
vn 0.00000000 1.00000000 0.00000000
vn 0.00000000 1.00000000 0.00000000
vn 0.00000000 -1.00000000 0.00000000
vn 0.00000000 -1.00000000 0.00000000
vn 0.00000000 -1.00000000 0.00000000
vn 0.00000000 -1.00000000 0.00000000
vn 1.00000000 0.00000000 0.00000000
vn 1.00000000 0.00000000 0.00000000
vn 1.00000000 0.00000000 0.00000000
vn 1.00000000 0.00000000 0.00000000
vn -1.00000000 0.00000000 0.00000000
vn -1.00000000 0.00000000 0.00000000
vn -1.00000000 0.00000000 0.00000000
vn -1.00000000 0.00000000 0.00000000
vn 0.00000000 0.00000000 1.00000000
vn 0.00000000 0.00000000 1.00000000
vn 0.00000000 0.00000000 1.00000000
vn 0.00000000 0.00000000 1.00000000
vn 0.00000000 0.00000000 -1.00000000
vn 0.00000000 0.00000000 -1.00000000
vn 0.00000000 0.00000000 -1.00000000
vn 0.00000000 0.00000000 -1.00000000
vn 0.00000000 1.00000000 0.00000000
vn 0.00000000 1.00000000 0.00000000
vn 0.00000000 1.00000000 0.00000000
vn 0.00000000 1.00000000 0.00000000
vn 0.00000000 -1.00000000 0.00000000
vn 0.00000000 -1.00000000 0.00000000
vn 0.00000000 -1.00000000 0.00000000
vn 0.00000000 -1.00000000 0.00000000
vn 1.00000000 0.00000000 0.00000000
vn 1.00000000 0.00000000 0.00000000
vn 1.00000000 0.00000000 0.00000000
vn 1.00000000 0.00000000 0.00000000
vn -1.00000000 0.00000000 0.00000000
vn -1.00000000 0.00000000 0.00000000
vn -1.00000000 0.00000000 0.00000000
vn -1.00000000 0.00000000 0.00000000
vn 0.00000000 0.00000000 1.00000000
vn 0.00000000 0.00000000 1.00000000
vn 0.00000000 0.00000000 1.00000000
vn 0.00000000 0.00000000 1.00000000
vn 0.00000000 0.00000000 -1.00000000
vn 0.00000000 0.00000000 -1.00000000
vn 0.00000000 0.00000000 -1.00000000
vn 0.00000000 0.00000000 -1.00000000
vn 0.00000000 1.00000000 0.00000000
vn 0.00000000 1.00000000 0.00000000
vn 0.00000000 1.00000000 0.00000000
vn 0.00000000 1.00000000 0.00000000
vn 0.00000000 -1.00000000 0.00000000
vn 0.00000000 -1.00000000 0.00000000
vn 0.00000000 -1.00000000 0.00000000
vn 0.00000000 -1.00000000 0.00000000
vn 1.00000000 0.00000000 0.00000000
vn 1.00000000 0.00000000 0.00000000
vn 1.00000000 0.00000000 0.00000000
vn 1.00000000 0.00000000 0.00000000
vn -1.00000000 0.00000000 0.00000000
vn -1.00000000 0.00000000 0.00000000
vn -1.00000000 0.00000000 0.00000000
vn -1.00000000 0.00000000 0.00000000
vn -1.00000000 0.00000000 0.00000000
vn -1.00000000 0.00000000 0.00000000
vn -0.80901700 -0.58778524 0.00000000
vn -0.80901700 -0.58778524 0.00000000
vn -0.30901697 -0.95105654 0.00000000
vn -0.30901697 -0.95105654 0.00000000
vn 0.30901706 -0.95105660 0.00000000
vn 0.30901706 -0.95105660 0.00000000
vn 0.80901706 -0.58778518 0.00000000
vn 0.80901706 -0.58778518 0.00000000
vn 1.00000000 0.00000009 -0.00000000
vn 1.00000000 0.00000009 -0.00000000
vn 0.80901694 0.58778536 -0.00000000
vn 0.80901694 0.58778536 -0.00000000
vn 0.30901667 0.95105672 -0.00000000
vn 0.30901667 0.95105672 -0.00000000
vn -0.30901712 0.95105648 0.00000000
vn -0.30901712 0.95105648 0.00000000
vn -0.80901694 0.58778530 0.00000000
vn -0.80901694 0.58778530 0.00000000
vn -0.00000000 -0.00000000 -1.00000000
vn -1.00000000 0.00000000 0.00000000
vn -1.00000000 0.00000000 0.00000000
vn -0.80901700 -0.58778524 0.00000000
vn -0.80901700 -0.58778524 0.00000000
vn -0.30901697 -0.95105654 0.00000000
vn -0.30901697 -0.95105654 0.00000000
vn 0.30901706 -0.95105660 0.00000000
vn 0.30901706 -0.95105660 0.00000000
vn 0.80901706 -0.58778518 0.00000000
vn 0.80901706 -0.58778518 0.00000000
vn 1.00000000 0.00000009 -0.00000000
vn 1.00000000 0.00000009 -0.00000000
vn 0.80901694 0.58778536 -0.00000000
vn 0.80901694 0.58778536 -0.00000000
vn 0.30901667 0.95105672 -0.00000000
vn 0.30901667 0.95105672 -0.00000000
vn -0.30901712 0.95105648 0.00000000
vn -0.30901712 0.95105648 0.00000000
vn -0.80901694 0.58778530 0.00000000
vn -0.80901694 0.58778530 0.00000000
vn -0.00000000 -0.00000000 -1.00000000
vn 0.00000000 0.00000000 1.00000000
vn 0.00000000 0.00000000 1.00000000
vn 0.00000000 0.00000000 1.00000000
vn 0.00000000 0.00000000 1.00000000
vn 0.00000000 0.00000000 -1.00000000
vn 0.00000000 0.00000000 -1.00000000
vn 0.00000000 0.00000000 -1.00000000
vn 0.00000000 0.00000000 -1.00000000
vn 0.00000000 1.00000000 0.00000000
vn 0.00000000 1.00000000 0.00000000
vn 0.00000000 1.00000000 0.00000000
vn 0.00000000 1.00000000 0.00000000
vn 0.00000000 -1.00000000 0.00000000
vn 0.00000000 -1.00000000 0.00000000
vn 0.00000000 -1.00000000 0.00000000
vn 0.00000000 -1.00000000 0.00000000
vn 1.00000000 0.00000000 0.00000000
vn 1.00000000 0.00000000 0.00000000
vn 1.00000000 0.00000000 0.00000000
vn 1.00000000 0.00000000 0.00000000
vn -1.00000000 0.00000000 0.00000000
vn -1.00000000 0.00000000 0.00000000
vn -1.00000000 0.00000000 0.00000000
vn -1.00000000 0.00000000 0.00000000
vn -1.00000000 0.00000000 0.00000000
vn -1.00000000 0.00000000 0.00000000
vn -0.90096885 -0.43388376 0.00000000
vn -0.90096885 -0.43388376 0.00000000
vn -0.62348980 -0.78183150 0.00000000
vn -0.62348980 -0.78183150 0.00000000
vn -0.22252098 -0.97492790 0.00000000
vn -0.22252098 -0.97492790 0.00000000
vn 0.22252098 -0.97492802 0.00000000
vn 0.22252098 -0.97492802 0.00000000
vn 0.62348998 -0.78183138 0.00000000
vn 0.62348998 -0.78183138 0.00000000
vn 0.90096885 -0.43388382 0.00000000
vn 0.90096885 -0.43388382 0.00000000
vn 1.00000000 0.00000009 -0.00000000
vn 1.00000000 0.00000009 -0.00000000
vn 0.90096885 0.43388376 -0.00000000
vn 0.90096885 0.43388376 -0.00000000
vn 0.62348962 0.78183162 -0.00000000
vn 0.62348962 0.78183162 -0.00000000
vn 0.22252055 0.97492802 -0.00000000
vn 0.22252055 0.97492802 -0.00000000
vn -0.22252150 0.97492778 0.00000000
vn -0.22252150 0.97492778 0.00000000
vn -0.62348968 0.78183162 0.00000000
vn -0.62348968 0.78183162 0.00000000
vn -0.90096885 0.43388376 0.00000000
vn -0.90096885 0.43388376 0.00000000
vn 0.00000000 0.00000000 1.00000000
vn 0.00000000 0.00000000 1.00000000
vn 0.00000000 0.00000000 1.00000000
vn 0.00000000 0.00000000 1.00000000
vn 0.00000000 0.00000000 1.00000000
vn 0.00000000 0.00000000 -1.00000000
vn 0.00000000 0.00000000 -1.00000000
vn 0.00000000 0.00000000 -1.00000000
vn 0.00000000 0.00000000 -1.00000000
vn 0.00000000 1.00000000 0.00000000
vn 0.00000000 1.00000000 0.00000000
vn 0.00000000 1.00000000 0.00000000
vn 0.00000000 1.00000000 0.00000000
vn 0.00000000 -1.00000000 0.00000000
vn 0.00000000 -1.00000000 0.00000000
vn 0.00000000 -1.00000000 0.00000000
vn 0.00000000 -1.00000000 0.00000000
vn 1.00000000 0.00000000 0.00000000
vn 1.00000000 0.00000000 0.00000000
vn 1.00000000 0.00000000 0.00000000
vn 1.00000000 0.00000000 0.00000000
vn -1.00000000 0.00000000 0.00000000
vn -1.00000000 0.00000000 0.00000000
vn -1.00000000 0.00000000 0.00000000
vn -1.00000000 0.00000000 0.00000000
vn 0.00000000 0.00000000 1.00000000
vn 0.00000000 0.00000000 1.00000000
vn 0.00000000 0.00000000 1.00000000
vn 0.00000000 0.00000000 1.00000000
vn 0.00000000 0.00000000 -1.00000000
vn 0.00000000 0.00000000 -1.00000000
vn 0.00000000 0.00000000 -1.00000000
vn 0.00000000 0.00000000 -1.00000000
vn 0.00000000 1.00000000 0.00000000
vn 0.00000000 1.00000000 0.00000000
vn 0.00000000 1.00000000 0.00000000
vn 0.00000000 1.00000000 0.00000000
vn 0.00000000 -1.00000000 0.00000000
vn 0.00000000 -1.00000000 0.00000000
vn 0.00000000 -1.00000000 0.00000000
vn 0.00000000 -1.00000000 0.00000000
vn 1.00000000 0.00000000 0.00000000
vn 1.00000000 0.00000000 0.00000000
vn 1.00000000 0.00000000 0.00000000
vn 1.00000000 0.00000000 0.00000000
vn -1.00000000 0.00000000 0.00000000
vn -1.00000000 0.00000000 0.00000000
vn -1.00000000 0.00000000 0.00000000
vn -1.00000000 0.00000000 0.00000000
vn 0.00000000 0.00000000 1.00000000
vn 0.00000000 0.00000000 1.00000000
vn 0.00000000 0.00000000 1.00000000
vn 0.00000000 0.00000000 1.00000000
vn 0.00000000 0.00000000 -1.00000000
vn 0.00000000 0.00000000 -1.00000000
vn 0.00000000 0.00000000 -1.00000000
vn 0.00000000 0.00000000 -1.00000000
vn 0.00000000 1.00000000 0.00000000
vn 0.00000000 1.00000000 0.00000000
vn 0.00000000 1.00000000 0.00000000
vn 0.00000000 1.00000000 0.00000000
vn 0.00000000 -1.00000000 0.00000000
vn 0.00000000 -1.00000000 0.00000000
vn 0.00000000 -1.00000000 0.00000000
vn 0.00000000 -1.00000000 0.00000000
vn 1.00000000 0.00000000 0.00000000
vn 1.00000000 0.00000000 0.00000000
vn 1.00000000 0.00000000 0.00000000
vn 1.00000000 0.00000000 0.00000000
vn -1.00000000 0.00000000 0.00000000
vn -1.00000000 0.00000000 0.00000000
vn -1.00000000 0.00000000 0.00000000
vn -1.00000000 0.00000000 0.00000000
vn -1.00000000 0.00000000 0.00000000
vn -1.00000000 0.00000000 0.00000000
vn -0.80901700 -0.58778524 0.00000000
vn -0.80901700 -0.58778524 0.00000000
vn -0.30901697 -0.95105654 0.00000000
vn -0.30901697 -0.95105654 0.00000000
vn 0.30901706 -0.95105660 0.00000000
vn 0.30901706 -0.95105660 0.00000000
vn 0.80901706 -0.58778518 0.00000000
vn 0.80901706 -0.58778518 0.00000000
vn 1.00000000 0.00000009 -0.00000000
vn 1.00000000 0.00000009 -0.00000000
vn 0.80901694 0.58778536 -0.00000000
vn 0.80901694 0.58778536 -0.00000000
vn 0.30901667 0.95105672 -0.00000000
vn 0.30901667 0.95105672 -0.00000000
vn -0.30901712 0.95105648 0.00000000
vn -0.30901712 0.95105648 0.00000000
vn -0.80901694 0.58778530 0.00000000
vn -0.80901694 0.58778530 0.00000000
vn -0.00000000 -0.00000000 -1.00000000
vn 0.00000000 0.00000000 1.00000000
vn -1.00000000 0.00000000 0.00000000
vn -1.00000000 0.00000000 0.00000000
vn -0.80901700 -0.58778524 0.00000000
vn -0.80901700 -0.58778524 0.00000000
vn -0.30901697 -0.95105654 0.00000000
vn -0.30901697 -0.95105654 0.00000000
vn 0.30901706 -0.95105660 0.00000000
vn 0.30901706 -0.95105660 0.00000000
vn 0.80901706 -0.58778518 0.00000000
vn 0.80901706 -0.58778518 0.00000000
vn 1.00000000 0.00000009 -0.00000000
vn 1.00000000 0.00000009 -0.00000000
vn 0.80901694 0.58778536 -0.00000000
vn 0.80901694 0.58778536 -0.00000000
vn 0.30901667 0.95105672 -0.00000000
vn 0.30901667 0.95105672 -0.00000000
vn -0.30901712 0.95105648 0.00000000
vn -0.30901712 0.95105648 0.00000000
vn -0.80901694 0.58778530 0.00000000
vn -0.80901694 0.58778530 0.00000000
vn -0.00000000 -0.00000000 -1.00000000
vn 0.00000000 0.00000000 1.00000000
vn -1.00000000 0.00000000 0.00000000
vn -1.00000000 0.00000000 0.00000000
vn -0.90096885 -0.43388376 0.00000000
vn -0.90096885 -0.43388376 0.00000000
vn -0.62348980 -0.78183150 0.00000000
vn -0.62348980 -0.78183150 0.00000000
vn -0.22252098 -0.97492790 0.00000000
vn -0.22252098 -0.97492790 0.00000000
vn 0.22252098 -0.97492802 0.00000000
vn 0.22252098 -0.97492802 0.00000000
vn 0.62348998 -0.78183138 0.00000000
vn 0.62348998 -0.78183138 0.00000000
vn 0.90096885 -0.43388382 0.00000000
vn 0.90096885 -0.43388382 0.00000000
vn 1.00000000 0.00000009 -0.00000000
vn 1.00000000 0.00000009 -0.00000000
vn 0.90096885 0.43388376 -0.00000000
vn 0.90096885 0.43388376 -0.00000000
vn 0.62348962 0.78183162 -0.00000000
vn 0.62348962 0.78183162 -0.00000000
vn 0.22252055 0.97492802 -0.00000000
vn 0.22252055 0.97492802 -0.00000000
vn -0.22252150 0.97492778 0.00000000
vn -0.22252150 0.97492778 0.00000000
vn -0.62348968 0.78183162 0.00000000
vn -0.62348968 0.78183162 0.00000000
vn -0.90096885 0.43388376 0.00000000
vn -0.90096885 0.43388376 0.00000000
vn -1.00000000 0.00000000 0.00000000
vn -1.00000000 0.00000000 0.00000000
vn -0.90096885 -0.43388376 0.00000000
vn -0.90096885 -0.43388376 0.00000000
vn -0.62348980 -0.78183150 0.00000000
vn -0.62348980 -0.78183150 0.00000000
vn -0.22252098 -0.97492790 0.00000000
vn -0.22252098 -0.97492790 0.00000000
vn 0.22252098 -0.97492802 0.00000000
vn 0.22252098 -0.97492802 0.00000000
vn 0.62348998 -0.78183138 0.00000000
vn 0.62348998 -0.78183138 0.00000000
vn 0.90096885 -0.43388382 0.00000000
vn 0.90096885 -0.43388382 0.00000000
vn 1.00000000 0.00000009 -0.00000000
vn 1.00000000 0.00000009 -0.00000000
vn 0.90096885 0.43388376 -0.00000000
vn 0.90096885 0.43388376 -0.00000000
vn 0.62348962 0.78183162 -0.00000000
vn 0.62348962 0.78183162 -0.00000000
vn 0.22252055 0.97492802 -0.00000000
vn 0.22252055 0.97492802 -0.00000000
vn -0.22252150 0.97492778 0.00000000
vn -0.22252150 0.97492778 0.00000000
vn -0.62348968 0.78183162 0.00000000
vn -0.62348968 0.78183162 0.00000000
vn -0.90096885 0.43388376 0.00000000
vn -0.90096885 0.43388376 0.00000000
vn -1.00000000 0.00000000 0.00000000
vn -1.00000000 0.00000000 0.00000000
vn -0.90096885 -0.43388376 0.00000000
vn -0.90096885 -0.43388376 0.00000000
vn -0.62348980 -0.78183150 0.00000000
vn -0.62348980 -0.78183150 0.00000000
vn -0.22252098 -0.97492790 0.00000000
vn -0.22252098 -0.97492790 0.00000000
vn 0.22252098 -0.97492802 0.00000000
vn 0.22252098 -0.97492802 0.00000000
vn 0.62348998 -0.78183138 0.00000000
vn 0.62348998 -0.78183138 0.00000000
vn 0.90096885 -0.43388382 0.00000000
vn 0.90096885 -0.43388382 0.00000000
vn 1.00000000 0.00000009 -0.00000000
vn 1.00000000 0.00000009 -0.00000000
vn 0.90096885 0.43388376 -0.00000000
vn 0.90096885 0.43388376 -0.00000000
vn 0.62348962 0.78183162 -0.00000000
vn 0.62348962 0.78183162 -0.00000000
vn 0.22252055 0.97492802 -0.00000000
vn 0.22252055 0.97492802 -0.00000000
vn -0.22252150 0.97492778 0.00000000
vn -0.22252150 0.97492778 0.00000000
vn -0.62348968 0.78183162 0.00000000
vn -0.62348968 0.78183162 0.00000000
vn -0.90096885 0.43388376 0.00000000
vn -0.90096885 0.43388376 0.00000000
vn 0.00000000 0.00000000 1.00000000
vn 0.00000000 0.00000000 1.00000000
vn 1.00000000 -0.00000000 -0.00000000
vn 1.00000000 -0.00000000 -0.00000000
vn 0.00000000 0.00000000 1.00000000
vn 0.00000000 0.00000000 1.00000000
vn 0.90096885 0.43388376 -0.00000000
vn 0.90096885 0.43388376 -0.00000000
vn 0.00000000 0.00000000 1.00000000
vn 0.00000000 0.00000000 1.00000000
vn 0.62348980 0.78183150 -0.00000000
vn 0.62348980 0.78183150 -0.00000000
vn 0.00000000 0.00000000 1.00000000
vn 0.00000000 0.00000000 1.00000000
vn 0.22252098 0.97492790 -0.00000000
vn 0.22252098 0.97492790 -0.00000000
vn 0.00000000 0.00000000 1.00000000
vn 0.00000000 0.00000000 1.00000000
vn -0.22252098 0.97492802 -0.00000000
vn -0.22252098 0.97492802 -0.00000000
vn 0.00000000 0.00000000 1.00000000
vn 0.00000000 0.00000000 1.00000000
vn -0.62348998 0.78183138 -0.00000000
vn -0.62348998 0.78183138 -0.00000000
vn 0.00000000 0.00000000 1.00000000
vn 0.00000000 0.00000000 1.00000000
vn -0.90096885 0.43388382 -0.00000000
vn -0.90096885 0.43388382 -0.00000000
vn 0.00000000 0.00000000 1.00000000
vn 0.00000000 0.00000000 1.00000000
vn -1.00000000 -0.00000009 0.00000000
vn -1.00000000 -0.00000009 0.00000000
vn 0.00000000 0.00000000 1.00000000
vn 0.00000000 0.00000000 1.00000000
vn -0.90096885 -0.43388376 0.00000000
vn -0.90096885 -0.43388376 0.00000000
vn 0.00000000 0.00000000 1.00000000
vn 0.00000000 0.00000000 1.00000000
vn -0.62348962 -0.78183162 0.00000000
vn -0.62348962 -0.78183162 0.00000000
vn 0.00000000 0.00000000 1.00000000
vn 0.00000000 0.00000000 1.00000000
vn -0.22252055 -0.97492802 0.00000000
vn -0.22252055 -0.97492802 0.00000000
vn 0.00000000 0.00000000 1.00000000
vn 0.00000000 0.00000000 1.00000000
vn 0.22252150 -0.97492778 -0.00000000
vn 0.22252150 -0.97492778 -0.00000000
vn 0.00000000 0.00000000 1.00000000
vn 0.00000000 0.00000000 1.00000000
vn 0.62348968 -0.78183162 -0.00000000
vn 0.62348968 -0.78183162 -0.00000000
vn 0.00000000 0.00000000 1.00000000
vn 0.00000000 0.00000000 1.00000000
vn 0.90096885 -0.43388376 -0.00000000
vn 0.90096885 -0.43388376 -0.00000000
vn 0.00000000 0.00000000 1.00000000
usemtl turret_basic_shooter
s off
f 1/1/1 16/16/16 17/17/17
f 2/2/2 17/17/17 18/18/18
f 3/3/3 18/18/18 19/19/19
f 4/4/4 19/19/19 20/20/20
f 5/5/5 20/20/20 21/21/21
f 6/6/6 21/21/21 22/22/22
f 7/7/7 22/22/22 23/23/23
f 8/8/8 23/23/23 24/24/24
f 9/9/9 24/24/24 25/25/25
f 10/10/10 25/25/25 26/26/26
f 11/11/11 26/26/26 27/27/27
f 12/12/12 27/27/27 28/28/28
f 13/13/13 28/28/28 29/29/29
f 14/14/14 29/29/29 30/30/30
f 16/16/16 31/31/31 17/17/17
f 17/17/17 31/31/31 32/32/32
f 17/17/17 32/32/32 18/18/18
f 18/18/18 32/32/32 33/33/33
f 18/18/18 33/33/33 19/19/19
f 19/19/19 33/33/33 34/34/34
f 19/19/19 34/34/34 20/20/20
f 20/20/20 34/34/34 35/35/35
f 20/20/20 35/35/35 21/21/21
f 21/21/21 35/35/35 36/36/36
f 21/21/21 36/36/36 22/22/22
f 22/22/22 36/36/36 37/37/37
f 22/22/22 37/37/37 23/23/23
f 23/23/23 37/37/37 38/38/38
f 23/23/23 38/38/38 24/24/24
f 24/24/24 38/38/38 39/39/39
f 24/24/24 39/39/39 25/25/25
f 25/25/25 39/39/39 40/40/40
f 25/25/25 40/40/40 26/26/26
f 26/26/26 40/40/40 41/41/41
f 26/26/26 41/41/41 27/27/27
f 27/27/27 41/41/41 42/42/42
f 27/27/27 42/42/42 28/28/28
f 28/28/28 42/42/42 43/43/43
f 28/28/28 43/43/43 29/29/29
f 29/29/29 43/43/43 44/44/44
f 29/29/29 44/44/44 30/30/30
f 30/30/30 44/44/44 45/45/45
f 31/31/31 46/46/46 32/32/32
f 32/32/32 46/46/46 47/47/47
f 32/32/32 47/47/47 33/33/33
f 33/33/33 47/47/47 48/48/48
f 33/33/33 48/48/48 34/34/34
f 34/34/34 48/48/48 49/49/49
f 34/34/34 49/49/49 35/35/35
f 35/35/35 49/49/49 50/50/50
f 35/35/35 50/50/50 36/36/36
f 36/36/36 50/50/50 51/51/51
f 36/36/36 51/51/51 37/37/37
f 37/37/37 51/51/51 52/52/52
f 37/37/37 52/52/52 38/38/38
f 38/38/38 52/52/52 53/53/53
f 38/38/38 53/53/53 39/39/39
f 39/39/39 53/53/53 54/54/54
f 39/39/39 54/54/54 40/40/40
f 40/40/40 54/54/54 55/55/55
f 40/40/40 55/55/55 41/41/41
f 41/41/41 55/55/55 56/56/56
f 41/41/41 56/56/56 42/42/42
f 42/42/42 56/56/56 57/57/57
f 42/42/42 57/57/57 43/43/43
f 43/43/43 57/57/57 58/58/58
f 43/43/43 58/58/58 44/44/44
f 44/44/44 58/58/58 59/59/59
f 44/44/44 59/59/59 45/45/45
f 45/45/45 59/59/59 60/60/60
f 46/46/46 61/61/61 47/47/47
f 47/47/47 61/61/61 62/62/62
f 47/47/47 62/62/62 48/48/48
f 48/48/48 62/62/62 63/63/63
f 48/48/48 63/63/63 49/49/49
f 49/49/49 63/63/63 64/64/64
f 49/49/49 64/64/64 50/50/50
f 50/50/50 64/64/64 65/65/65
f 50/50/50 65/65/65 51/51/51
f 51/51/51 65/65/65 66/66/66
f 51/51/51 66/66/66 52/52/52
f 52/52/52 66/66/66 67/67/67
f 52/52/52 67/67/67 53/53/53
f 53/53/53 67/67/67 68/68/68
f 53/53/53 68/68/68 54/54/54
f 54/54/54 68/68/68 69/69/69
f 54/54/54 69/69/69 55/55/55
f 55/55/55 69/69/69 70/70/70
f 55/55/55 70/70/70 56/56/56
f 56/56/56 70/70/70 71/71/71
f 56/56/56 71/71/71 57/57/57
f 57/57/57 71/71/71 72/72/72
f 57/57/57 72/72/72 58/58/58
f 58/58/58 72/72/72 73/73/73
f 58/58/58 73/73/73 59/59/59
f 59/59/59 73/73/73 74/74/74
f 59/59/59 74/74/74 60/60/60
f 60/60/60 74/74/74 75/75/75
f 61/61/61 76/76/76 62/62/62
f 62/62/62 76/76/76 77/77/77
f 62/62/62 77/77/77 63/63/63
f 63/63/63 77/77/77 78/78/78
f 63/63/63 78/78/78 64/64/64
f 64/64/64 78/78/78 79/79/79
f 64/64/64 79/79/79 65/65/65
f 65/65/65 79/79/79 80/80/80
f 65/65/65 80/80/80 66/66/66
f 66/66/66 80/80/80 81/81/81
f 66/66/66 81/81/81 67/67/67
f 67/67/67 81/81/81 82/82/82
f 67/67/67 82/82/82 68/68/68
f 68/68/68 82/82/82 83/83/83
f 68/68/68 83/83/83 69/69/69
f 69/69/69 83/83/83 84/84/84
f 69/69/69 84/84/84 70/70/70
f 70/70/70 84/84/84 85/85/85
f 70/70/70 85/85/85 71/71/71
f 71/71/71 85/85/85 86/86/86
f 71/71/71 86/86/86 72/72/72
f 72/72/72 86/86/86 87/87/87
f 72/72/72 87/87/87 73/73/73
f 73/73/73 87/87/87 88/88/88
f 73/73/73 88/88/88 74/74/74
f 74/74/74 88/88/88 89/89/89
f 74/74/74 89/89/89 75/75/75
f 75/75/75 89/89/89 90/90/90
f 76/76/76 91/91/91 77/77/77
f 77/77/77 91/91/91 92/92/92
f 77/77/77 92/92/92 78/78/78
f 78/78/78 92/92/92 93/93/93
f 78/78/78 93/93/93 79/79/79
f 79/79/79 93/93/93 94/94/94
f 79/79/79 94/94/94 80/80/80
f 80/80/80 94/94/94 95/95/95
f 80/80/80 95/95/95 81/81/81
f 81/81/81 95/95/95 96/96/96
f 81/81/81 96/96/96 82/82/82
f 82/82/82 96/96/96 97/97/97
f 82/82/82 97/97/97 83/83/83
f 83/83/83 97/97/97 98/98/98
f 83/83/83 98/98/98 84/84/84
f 84/84/84 98/98/98 99/99/99
f 84/84/84 99/99/99 85/85/85
f 85/85/85 99/99/99 100/100/100
f 85/85/85 100/100/100 86/86/86
f 86/86/86 100/100/100 101/101/101
f 86/86/86 101/101/101 87/87/87
f 87/87/87 101/101/101 102/102/102
f 87/87/87 102/102/102 88/88/88
f 88/88/88 102/102/102 103/103/103
f 88/88/88 103/103/103 89/89/89
f 89/89/89 103/103/103 104/104/104
f 89/89/89 104/104/104 90/90/90
f 90/90/90 104/104/104 105/105/105
f 91/91/91 106/106/106 92/92/92
f 92/92/92 106/106/106 107/107/107
f 92/92/92 107/107/107 93/93/93
f 93/93/93 107/107/107 108/108/108
f 93/93/93 108/108/108 94/94/94
f 94/94/94 108/108/108 109/109/109
f 94/94/94 109/109/109 95/95/95
f 95/95/95 109/109/109 110/110/110
f 95/95/95 110/110/110 96/96/96
f 96/96/96 110/110/110 111/111/111
f 96/96/96 111/111/111 97/97/97
f 97/97/97 111/111/111 112/112/112
f 97/97/97 112/112/112 98/98/98
f 98/98/98 112/112/112 113/113/113
f 98/98/98 113/113/113 99/99/99
f 99/99/99 113/113/113 114/114/114
f 99/99/99 114/114/114 100/100/100
f 100/100/100 114/114/114 115/115/115
f 100/100/100 115/115/115 101/101/101
f 101/101/101 115/115/115 116/116/116
f 101/101/101 116/116/116 102/102/102
f 102/102/102 116/116/116 117/117/117
f 102/102/102 117/117/117 103/103/103
f 103/103/103 117/117/117 118/118/118
f 103/103/103 118/118/118 104/104/104
f 104/104/104 118/118/118 119/119/119
f 104/104/104 119/119/119 105/105/105
f 105/105/105 119/119/119 120/120/120
f 106/106/106 121/121/121 107/107/107
f 107/107/107 121/121/121 122/122/122
f 107/107/107 122/122/122 108/108/108
f 108/108/108 122/122/122 123/123/123
f 108/108/108 123/123/123 109/109/109
f 109/109/109 123/123/123 124/124/124
f 109/109/109 124/124/124 110/110/110
f 110/110/110 124/124/124 125/125/125
f 110/110/110 125/125/125 111/111/111
f 111/111/111 125/125/125 126/126/126
f 111/111/111 126/126/126 112/112/112
f 112/112/112 126/126/126 127/127/127
f 112/112/112 127/127/127 113/113/113
f 113/113/113 127/127/127 128/128/128
f 113/113/113 128/128/128 114/114/114
f 114/114/114 128/128/128 129/129/129
f 114/114/114 129/129/129 115/115/115
f 115/115/115 129/129/129 130/130/130
f 115/115/115 130/130/130 116/116/116
f 116/116/116 130/130/130 131/131/131
f 116/116/116 131/131/131 117/117/117
f 117/117/117 131/131/131 132/132/132
f 117/117/117 132/132/132 118/118/118
f 118/118/118 132/132/132 133/133/133
f 118/118/118 133/133/133 119/119/119
f 119/119/119 133/133/133 134/134/134
f 119/119/119 134/134/134 120/120/120
f 120/120/120 134/134/134 135/135/135
f 121/121/121 136/136/136 122/122/122
f 122/122/122 136/136/136 137/137/137
f 122/122/122 137/137/137 123/123/123
f 123/123/123 137/137/137 138/138/138
f 123/123/123 138/138/138 124/124/124
f 124/124/124 138/138/138 139/139/139
f 124/124/124 139/139/139 125/125/125
f 125/125/125 139/139/139 140/140/140
f 125/125/125 140/140/140 126/126/126
f 126/126/126 140/140/140 141/141/141
f 126/126/126 141/141/141 127/127/127
f 127/127/127 141/141/141 142/142/142
f 127/127/127 142/142/142 128/128/128
f 128/128/128 142/142/142 143/143/143
f 128/128/128 143/143/143 129/129/129
f 129/129/129 143/143/143 144/144/144
f 129/129/129 144/144/144 130/130/130
f 130/130/130 144/144/144 145/145/145
f 130/130/130 145/145/145 131/131/131
f 131/131/131 145/145/145 146/146/146
f 131/131/131 146/146/146 132/132/132
f 132/132/132 146/146/146 147/147/147
f 132/132/132 147/147/147 133/133/133
f 133/133/133 147/147/147 148/148/148
f 133/133/133 148/148/148 134/134/134
f 134/134/134 148/148/148 149/149/149
f 134/134/134 149/149/149 135/135/135
f 135/135/135 149/149/149 150/150/150
f 136/136/136 151/151/151 137/137/137
f 137/137/137 152/152/152 138/138/138
f 138/138/138 153/153/153 139/139/139
f 139/139/139 154/154/154 140/140/140
f 140/140/140 155/155/155 141/141/141
f 141/141/141 156/156/156 142/142/142
f 142/142/142 157/157/157 143/143/143
f 143/143/143 158/158/158 144/144/144
f 144/144/144 159/159/159 145/145/145
f 145/145/145 160/160/160 146/146/146
f 146/146/146 161/161/161 147/147/147
f 147/147/147 162/162/162 148/148/148
f 148/148/148 163/163/163 149/149/149
f 149/149/149 164/164/164 150/150/150
f 166/166/166 167/167/167 168/168/168
f 166/166/166 168/168/168 169/169/169
f 170/170/170 171/171/171 172/172/172
f 170/170/170 172/172/172 173/173/173
f 174/174/174 175/175/175 176/176/176
f 174/174/174 176/176/176 177/177/177
f 178/178/178 179/179/179 180/180/180
f 178/178/178 180/180/180 181/181/181
f 182/182/182 183/183/183 184/184/184
f 182/182/182 184/184/184 185/185/185
f 186/186/186 187/187/187 188/188/188
f 186/186/186 188/188/188 189/189/189
f 190/190/190 191/191/191 192/192/192
f 190/190/190 192/192/192 193/193/193
f 194/194/194 195/195/195 196/196/196
f 194/194/194 196/196/196 197/197/197
f 198/198/198 199/199/199 200/200/200
f 198/198/198 200/200/200 201/201/201
f 202/202/202 203/203/203 204/204/204
f 202/202/202 204/204/204 205/205/205
f 206/206/206 207/207/207 208/208/208
f 206/206/206 208/208/208 209/209/209
f 210/210/210 211/211/211 212/212/212
f 210/210/210 212/212/212 213/213/213
f 214/214/214 216/216/216 217/217/217
f 214/214/214 217/217/217 215/215/215
f 216/216/216 218/218/218 219/219/219
f 216/216/216 219/219/219 217/217/217
f 218/218/218 220/220/220 221/221/221
f 218/218/218 221/221/221 219/219/219
f 220/220/220 222/222/222 223/223/223
f 220/220/220 223/223/223 221/221/221
f 222/222/222 224/224/224 225/225/225
f 222/222/222 225/225/225 223/223/223
f 224/224/224 226/226/226 227/227/227
f 224/224/224 227/227/227 225/225/225
f 226/226/226 228/228/228 229/229/229
f 226/226/226 229/229/229 227/227/227
f 228/228/228 230/230/230 231/231/231
f 228/228/228 231/231/231 229/229/229
f 230/230/230 232/232/232 233/233/233
f 230/230/230 233/233/233 231/231/231
f 232/232/232 234/234/234 235/235/235
f 232/232/232 235/235/235 233/233/233
f 234/234/234 236/236/236 237/237/237
f 234/234/234 237/237/237 235/235/235
f 236/236/236 214/214/214 215/215/215
f 236/236/236 215/215/215 237/237/237
f 238/238/238 215/215/215 217/217/217
f 238/238/238 217/217/217 219/219/219
f 238/238/238 219/219/219 221/221/221
f 238/238/238 221/221/221 223/223/223
f 238/238/238 223/223/223 225/225/225
f 238/238/238 225/225/225 227/227/227
f 238/238/238 227/227/227 229/229/229
f 238/238/238 229/229/229 231/231/231
f 238/238/238 231/231/231 233/233/233
f 238/238/238 233/233/233 235/235/235
f 238/238/238 235/235/235 237/237/237
f 238/238/238 237/237/237 215/215/215
f 239/239/239 241/241/241 242/242/242
f 239/239/239 242/242/242 240/240/240
f 241/241/241 243/243/243 244/244/244
f 241/241/241 244/244/244 242/242/242
f 243/243/243 245/245/245 246/246/246
f 243/243/243 246/246/246 244/244/244
f 245/245/245 247/247/247 248/248/248
f 245/245/245 248/248/248 246/246/246
f 247/247/247 249/249/249 250/250/250
f 247/247/247 250/250/250 248/248/248
f 249/249/249 251/251/251 252/252/252
f 249/249/249 252/252/252 250/250/250
f 251/251/251 253/253/253 254/254/254
f 251/251/251 254/254/254 252/252/252
f 253/253/253 255/255/255 256/256/256
f 253/253/253 256/256/256 254/254/254
f 255/255/255 257/257/257 258/258/258
f 255/255/255 258/258/258 256/256/256
f 257/257/257 259/259/259 260/260/260
f 257/257/257 260/260/260 258/258/258
f 259/259/259 261/261/261 262/262/262
f 259/259/259 262/262/262 260/260/260
f 261/261/261 239/239/239 240/240/240
f 261/261/261 240/240/240 262/262/262
f 263/263/263 240/240/240 242/242/242
f 263/263/263 242/242/242 244/244/244
f 263/263/263 244/244/244 246/246/246
f 263/263/263 246/246/246 248/248/248
f 263/263/263 248/248/248 250/250/250
f 263/263/263 250/250/250 252/252/252
f 263/263/263 252/252/252 254/254/254
f 263/263/263 254/254/254 256/256/256
f 263/263/263 256/256/256 258/258/258
f 263/263/263 258/258/258 260/260/260
f 263/263/263 260/260/260 262/262/262
f 263/263/263 262/262/262 240/240/240
f 264/264/264 266/266/266 267/267/267
f 264/264/264 267/267/267 265/265/265
f 266/266/266 268/268/268 269/269/269
f 266/266/266 269/269/269 267/267/267
f 268/268/268 270/270/270 271/271/271
f 268/268/268 271/271/271 269/269/269
f 270/270/270 272/272/272 273/273/273
f 270/270/270 273/273/273 271/271/271
f 272/272/272 274/274/274 275/275/275
f 272/272/272 275/275/275 273/273/273
f 274/274/274 276/276/276 277/277/277
f 274/274/274 277/277/277 275/275/275
f 276/276/276 278/278/278 279/279/279
f 276/276/276 279/279/279 277/277/277
f 278/278/278 280/280/280 281/281/281
f 278/278/278 281/281/281 279/279/279
f 280/280/280 282/282/282 283/283/283
f 280/280/280 283/283/283 281/281/281
f 282/282/282 264/264/264 265/265/265
f 282/282/282 265/265/265 283/283/283
f 284/284/284 265/265/265 267/267/267
f 284/284/284 267/267/267 269/269/269
f 284/284/284 269/269/269 271/271/271
f 284/284/284 271/271/271 273/273/273
f 284/284/284 273/273/273 275/275/275
f 284/284/284 275/275/275 277/277/277
f 284/284/284 277/277/277 279/279/279
f 284/284/284 279/279/279 281/281/281
f 284/284/284 281/281/281 283/283/283
f 284/284/284 283/283/283 265/265/265
f 285/285/285 287/287/287 288/288/288
f 285/285/285 288/288/288 286/286/286
f 287/287/287 289/289/289 290/290/290
f 287/287/287 290/290/290 288/288/288
f 289/289/289 291/291/291 292/292/292
f 289/289/289 292/292/292 290/290/290
f 291/291/291 293/293/293 294/294/294
f 291/291/291 294/294/294 292/292/292
f 293/293/293 295/295/295 296/296/296
f 293/293/293 296/296/296 294/294/294
f 295/295/295 297/297/297 298/298/298
f 295/295/295 298/298/298 296/296/296
f 297/297/297 299/299/299 300/300/300
f 297/297/297 300/300/300 298/298/298
f 299/299/299 301/301/301 302/302/302
f 299/299/299 302/302/302 300/300/300
f 301/301/301 303/303/303 304/304/304
f 301/301/301 304/304/304 302/302/302
f 303/303/303 285/285/285 286/286/286
f 303/303/303 286/286/286 304/304/304
f 305/305/305 286/286/286 288/288/288
f 305/305/305 288/288/288 290/290/290
f 305/305/305 290/290/290 292/292/292
f 305/305/305 292/292/292 294/294/294
f 305/305/305 294/294/294 296/296/296
f 305/305/305 296/296/296 298/298/298
f 305/305/305 298/298/298 300/300/300
f 305/305/305 300/300/300 302/302/302
f 305/305/305 302/302/302 304/304/304
f 305/305/305 304/304/304 286/286/286
f 306/306/306 307/307/307 308/308/308
f 306/306/306 308/308/308 309/309/309
f 310/310/310 311/311/311 312/312/312
f 310/310/310 312/312/312 313/313/313
f 314/314/314 315/315/315 316/316/316
f 314/314/314 316/316/316 317/317/317
f 318/318/318 319/319/319 320/320/320
f 318/318/318 320/320/320 321/321/321
f 322/322/322 323/323/323 324/324/324
f 322/322/322 324/324/324 325/325/325
f 326/326/326 327/327/327 328/328/328
f 326/326/326 328/328/328 329/329/329
f 330/330/330 331/331/331 332/332/332
f 330/330/330 332/332/332 333/333/333
f 334/334/334 335/335/335 336/336/336
f 334/334/334 336/336/336 337/337/337
f 338/338/338 339/339/339 340/340/340
f 338/338/338 340/340/340 341/341/341
f 342/342/342 343/343/343 344/344/344
f 342/342/342 344/344/344 345/345/345
f 346/346/346 347/347/347 348/348/348
f 346/346/346 348/348/348 349/349/349
f 350/350/350 351/351/351 352/352/352
f 350/350/350 352/352/352 353/353/353
f 354/354/354 355/355/355 356/356/356
f 354/354/354 356/356/356 357/357/357
f 358/358/358 359/359/359 360/360/360
f 358/358/358 360/360/360 361/361/361
f 362/362/362 363/363/363 364/364/364
f 362/362/362 364/364/364 365/365/365
f 366/366/366 367/367/367 368/368/368
f 366/366/366 368/368/368 369/369/369
f 370/370/370 371/371/371 372/372/372
f 370/370/370 372/372/372 373/373/373
f 374/374/374 375/375/375 376/376/376
f 374/374/374 376/376/376 377/377/377
f 378/378/378 379/379/379 380/380/380
f 378/378/378 380/380/380 381/381/381
f 382/382/382 383/383/383 384/384/384
f 382/382/382 384/384/384 385/385/385
f 386/386/386 387/387/387 388/388/388
f 386/386/386 388/388/388 389/389/389
f 390/390/390 391/391/391 392/392/392
f 390/390/390 392/392/392 393/393/393
f 394/394/394 395/395/395 396/396/396
f 394/394/394 396/396/396 397/397/397
f 398/398/398 399/399/399 400/400/400
f 398/398/398 400/400/400 401/401/401
f 402/402/402 404/404/404 405/405/405
f 402/402/402 405/405/405 403/403/403
f 404/404/404 406/406/406 407/407/407
f 404/404/404 407/407/407 405/405/405
f 406/406/406 408/408/408 409/409/409
f 406/406/406 409/409/409 407/407/407
f 408/408/408 410/410/410 411/411/411
f 408/408/408 411/411/411 409/409/409
f 410/410/410 412/412/412 413/413/413
f 410/410/410 413/413/413 411/411/411
f 412/412/412 414/414/414 415/415/415
f 412/412/412 415/415/415 413/413/413
f 414/414/414 416/416/416 417/417/417
f 414/414/414 417/417/417 415/415/415
f 416/416/416 418/418/418 419/419/419
f 416/416/416 419/419/419 417/417/417
f 418/418/418 420/420/420 421/421/421
f 418/418/418 421/421/421 419/419/419
f 420/420/420 402/402/402 403/403/403
f 420/420/420 403/403/403 421/421/421
f 422/422/422 404/404/404 402/402/402
f 422/422/422 406/406/406 404/404/404
f 422/422/422 408/408/408 406/406/406
f 422/422/422 410/410/410 408/408/408
f 422/422/422 412/412/412 410/410/410
f 422/422/422 414/414/414 412/412/412
f 422/422/422 416/416/416 414/414/414
f 422/422/422 418/418/418 416/416/416
f 422/422/422 420/420/420 418/418/418
f 422/422/422 402/402/402 420/420/420
f 423/423/423 425/425/425 426/426/426
f 423/423/423 426/426/426 424/424/424
f 425/425/425 427/427/427 428/428/428
f 425/425/425 428/428/428 426/426/426
f 427/427/427 429/429/429 430/430/430
f 427/427/427 430/430/430 428/428/428
f 429/429/429 431/431/431 432/432/432
f 429/429/429 432/432/432 430/430/430
f 431/431/431 433/433/433 434/434/434
f 431/431/431 434/434/434 432/432/432
f 433/433/433 435/435/435 436/436/436
f 433/433/433 436/436/436 434/434/434
f 435/435/435 437/437/437 438/438/438
f 435/435/435 438/438/438 436/436/436
f 437/437/437 439/439/439 440/440/440
f 437/437/437 440/440/440 438/438/438
f 439/439/439 441/441/441 442/442/442
f 439/439/439 442/442/442 440/440/440
f 441/441/441 423/423/423 424/424/424
f 441/441/441 424/424/424 442/442/442
f 443/443/443 425/425/425 423/423/423
f 443/443/443 427/427/427 425/425/425
f 443/443/443 429/429/429 427/427/427
f 443/443/443 431/431/431 429/429/429
f 443/443/443 433/433/433 431/431/431
f 443/443/443 435/435/435 433/433/433
f 443/443/443 437/437/437 435/435/435
f 443/443/443 439/439/439 437/437/437
f 443/443/443 441/441/441 439/439/439
f 443/443/443 423/423/423 441/441/441
f 444/444/444 445/445/445 446/446/446
f 444/444/444 446/446/446 447/447/447
f 448/448/448 449/449/449 450/450/450
f 448/448/448 450/450/450 451/451/451
f 452/452/452 453/453/453 454/454/454
f 452/452/452 454/454/454 455/455/455
f 456/456/456 457/457/457 458/458/458
f 456/456/456 458/458/458 459/459/459
f 460/460/460 461/461/461 462/462/462
f 460/460/460 462/462/462 463/463/463
f 464/464/464 465/465/465 466/466/466
f 464/464/464 466/466/466 467/467/467
f 468/468/468 470/470/470 471/471/471
f 468/468/468 471/471/471 469/469/469
f 470/470/470 472/472/472 473/473/473
f 470/470/470 473/473/473 471/471/471
f 472/472/472 474/474/474 475/475/475
f 472/472/472 475/475/475 473/473/473
f 474/474/474 476/476/476 477/477/477
f 474/474/474 477/477/477 475/475/475
f 476/476/476 478/478/478 479/479/479
f 476/476/476 479/479/479 477/477/477
f 478/478/478 480/480/480 481/481/481
f 478/478/478 481/481/481 479/479/479
f 480/480/480 482/482/482 483/483/483
f 480/480/480 483/483/483 481/481/481
f 482/482/482 484/484/484 485/485/485
f 482/482/482 485/485/485 483/483/483
f 484/484/484 486/486/486 487/487/487
f 484/484/484 487/487/487 485/485/485
f 486/486/486 488/488/488 489/489/489
f 486/486/486 489/489/489 487/487/487
f 488/488/488 490/490/490 491/491/491
f 488/488/488 491/491/491 489/489/489
f 490/490/490 492/492/492 493/493/493
f 490/490/490 493/493/493 491/491/491
f 492/492/492 494/494/494 495/495/495
f 492/492/492 495/495/495 493/493/493
f 494/494/494 468/468/468 469/469/469
f 494/494/494 469/469/469 495/495/495
f 496/496/496 469/469/469 471/471/471
f 496/496/496 471/471/471 473/473/473
f 496/496/496 473/473/473 475/475/475
f 496/496/496 475/475/475 477/477/477
f 496/496/496 477/477/477 479/479/479
f 496/496/496 479/479/479 481/481/481
f 496/496/496 481/481/481 483/483/483
f 496/496/496 483/483/483 485/485/485
f 496/496/496 485/485/485 487/487/487
f 496/496/496 487/487/487 489/489/489
f 496/496/496 489/489/489 491/491/491
f 496/496/496 491/491/491 493/493/493
f 496/496/496 493/493/493 495/495/495
f 496/496/496 495/495/495 469/469/469
f 497/497/497 498/498/498 499/499/499
f 497/497/497 499/499/499 500/500/500
f 501/501/501 502/502/502 503/503/503
f 501/501/501 503/503/503 504/504/504
f 505/505/505 506/506/506 507/507/507
f 505/505/505 507/507/507 508/508/508
f 509/509/509 510/510/510 511/511/511
f 509/509/509 511/511/511 512/512/512
f 513/513/513 514/514/514 515/515/515
f 513/513/513 515/515/515 516/516/516
f 517/517/517 518/518/518 519/519/519
f 517/517/517 519/519/519 520/520/520
f 521/521/521 522/522/522 523/523/523
f 521/521/521 523/523/523 524/524/524
f 525/525/525 526/526/526 527/527/527
f 525/525/525 527/527/527 528/528/528
f 529/529/529 530/530/530 531/531/531
f 529/529/529 531/531/531 532/532/532
f 533/533/533 534/534/534 535/535/535
f 533/533/533 535/535/535 536/536/536
f 537/537/537 538/538/538 539/539/539
f 537/537/537 539/539/539 540/540/540
f 541/541/541 542/542/542 543/543/543
f 541/541/541 543/543/543 544/544/544
f 545/545/545 546/546/546 547/547/547
f 545/545/545 547/547/547 548/548/548
f 549/549/549 550/550/550 551/551/551
f 549/549/549 551/551/551 552/552/552
f 553/553/553 554/554/554 555/555/555
f 553/553/553 555/555/555 556/556/556
f 557/557/557 558/558/558 559/559/559
f 557/557/557 559/559/559 560/560/560
f 561/561/561 562/562/562 563/563/563
f 561/561/561 563/563/563 564/564/564
f 565/565/565 566/566/566 567/567/567
f 565/565/565 567/567/567 568/568/568
f 569/569/569 571/571/571 572/572/572
f 569/569/569 572/572/572 570/570/570
f 571/571/571 573/573/573 574/574/574
f 571/571/571 574/574/574 572/572/572
f 573/573/573 575/575/575 576/576/576
f 573/573/573 576/576/576 574/574/574
f 575/575/575 577/577/577 578/578/578
f 575/575/575 578/578/578 576/576/576
f 577/577/577 579/579/579 580/580/580
f 577/577/577 580/580/580 578/578/578
f 579/579/579 581/581/581 582/582/582
f 579/579/579 582/582/582 580/580/580
f 581/581/581 583/583/583 584/584/584
f 581/581/581 584/584/584 582/582/582
f 583/583/583 585/585/585 586/586/586
f 583/583/583 586/586/586 584/584/584
f 585/585/585 587/587/587 588/588/588
f 585/585/585 588/588/588 586/586/586
f 587/587/587 569/569/569 570/570/570
f 587/587/587 570/570/570 588/588/588
f 589/589/589 571/571/571 569/569/569
f 589/589/589 573/573/573 571/571/571
f 589/589/589 575/575/575 573/573/573
f 589/589/589 577/577/577 575/575/575
f 589/589/589 579/579/579 577/577/577
f 589/589/589 581/581/581 579/579/579
f 589/589/589 583/583/583 581/581/581
f 589/589/589 585/585/585 583/583/583
f 589/589/589 587/587/587 585/585/585
f 589/589/589 569/569/569 587/587/587
f 590/590/590 570/570/570 572/572/572
f 590/590/590 572/572/572 574/574/574
f 590/590/590 574/574/574 576/576/576
f 590/590/590 576/576/576 578/578/578
f 590/590/590 578/578/578 580/580/580
f 590/590/590 580/580/580 582/582/582
f 590/590/590 582/582/582 584/584/584
f 590/590/590 584/584/584 586/586/586
f 590/590/590 586/586/586 588/588/588
f 590/590/590 588/588/588 570/570/570
f 591/591/591 593/593/593 594/594/594
f 591/591/591 594/594/594 592/592/592
f 593/593/593 595/595/595 596/596/596
f 593/593/593 596/596/596 594/594/594
f 595/595/595 597/597/597 598/598/598
f 595/595/595 598/598/598 596/596/596
f 597/597/597 599/599/599 600/600/600
f 597/597/597 600/600/600 598/598/598
f 599/599/599 601/601/601 602/602/602
f 599/599/599 602/602/602 600/600/600
f 601/601/601 603/603/603 604/604/604
f 601/601/601 604/604/604 602/602/602
f 603/603/603 605/605/605 606/606/606
f 603/603/603 606/606/606 604/604/604
f 605/605/605 607/607/607 608/608/608
f 605/605/605 608/608/608 606/606/606
f 607/607/607 609/609/609 610/610/610
f 607/607/607 610/610/610 608/608/608
f 609/609/609 591/591/591 592/592/592
f 609/609/609 592/592/592 610/610/610
f 611/611/611 593/593/593 591/591/591
f 611/611/611 595/595/595 593/593/593
f 611/611/611 597/597/597 595/595/595
f 611/611/611 599/599/599 597/597/597
f 611/611/611 601/601/601 599/599/599
f 611/611/611 603/603/603 601/601/601
f 611/611/611 605/605/605 603/603/603
f 611/611/611 607/607/607 605/605/605
f 611/611/611 609/609/609 607/607/607
f 611/611/611 591/591/591 609/609/609
f 612/612/612 592/592/592 594/594/594
f 612/612/612 594/594/594 596/596/596
f 612/612/612 596/596/596 598/598/598
f 612/612/612 598/598/598 600/600/600
f 612/612/612 600/600/600 602/602/602
f 612/612/612 602/602/602 604/604/604
f 612/612/612 604/604/604 606/606/606
f 612/612/612 606/606/606 608/608/608
f 612/612/612 608/608/608 610/610/610
f 612/612/612 610/610/610 592/592/592
f 613/613/613 615/615/615 616/616/616
f 613/613/613 616/616/616 614/614/614
f 615/615/615 617/617/617 618/618/618
f 615/615/615 618/618/618 616/616/616
f 617/617/617 619/619/619 620/620/620
f 617/617/617 620/620/620 618/618/618
f 619/619/619 621/621/621 622/622/622
f 619/619/619 622/622/622 620/620/620
f 621/621/621 623/623/623 624/624/624
f 621/621/621 624/624/624 622/622/622
f 623/623/623 625/625/625 626/626/626
f 623/623/623 626/626/626 624/624/624
f 625/625/625 627/627/627 628/628/628
f 625/625/625 628/628/628 626/626/626
f 627/627/627 629/629/629 630/630/630
f 627/627/627 630/630/630 628/628/628
f 629/629/629 631/631/631 632/632/632
f 629/629/629 632/632/632 630/630/630
f 631/631/631 633/633/633 634/634/634
f 631/631/631 634/634/634 632/632/632
f 633/633/633 635/635/635 636/636/636
f 633/633/633 636/636/636 634/634/634
f 635/635/635 637/637/637 638/638/638
f 635/635/635 638/638/638 636/636/636
f 637/637/637 639/639/639 640/640/640
f 637/637/637 640/640/640 638/638/638
f 639/639/639 613/613/613 614/614/614
f 639/639/639 614/614/614 640/640/640
f 641/641/641 643/643/643 644/644/644
f 641/641/641 644/644/644 642/642/642
f 643/643/643 645/645/645 646/646/646
f 643/643/643 646/646/646 644/644/644
f 645/645/645 647/647/647 648/648/648
f 645/645/645 648/648/648 646/646/646
f 647/647/647 649/649/649 650/650/650
f 647/647/647 650/650/650 648/648/648
f 649/649/649 651/651/651 652/652/652
f 649/649/649 652/652/652 650/650/650
f 651/651/651 653/653/653 654/654/654
f 651/651/651 654/654/654 652/652/652
f 653/653/653 655/655/655 656/656/656
f 653/653/653 656/656/656 654/654/654
f 655/655/655 657/657/657 658/658/658
f 655/655/655 658/658/658 656/656/656
f 657/657/657 659/659/659 660/660/660
f 657/657/657 660/660/660 658/658/658
f 659/659/659 661/661/661 662/662/662
f 659/659/659 662/662/662 660/660/660
f 661/661/661 663/663/663 664/664/664
f 661/661/661 664/664/664 662/662/662
f 663/663/663 665/665/665 666/666/666
f 663/663/663 666/666/666 664/664/664
f 665/665/665 667/667/667 668/668/668
f 665/665/665 668/668/668 666/666/666
f 667/667/667 641/641/641 642/642/642
f 667/667/667 642/642/642 668/668/668
f 669/669/669 671/671/671 672/672/672
f 669/669/669 672/672/672 670/670/670
f 671/671/671 673/673/673 674/674/674
f 671/671/671 674/674/674 672/672/672
f 673/673/673 675/675/675 676/676/676
f 673/673/673 676/676/676 674/674/674
f 675/675/675 677/677/677 678/678/678
f 675/675/675 678/678/678 676/676/676
f 677/677/677 679/679/679 680/680/680
f 677/677/677 680/680/680 678/678/678
f 679/679/679 681/681/681 682/682/682
f 679/679/679 682/682/682 680/680/680
f 681/681/681 683/683/683 684/684/684
f 681/681/681 684/684/684 682/682/682
f 683/683/683 685/685/685 686/686/686
f 683/683/683 686/686/686 684/684/684
f 685/685/685 687/687/687 688/688/688
f 685/685/685 688/688/688 686/686/686
f 687/687/687 689/689/689 690/690/690
f 687/687/687 690/690/690 688/688/688
f 689/689/689 691/691/691 692/692/692
f 689/689/689 692/692/692 690/690/690
f 691/691/691 693/693/693 694/694/694
f 691/691/691 694/694/694 692/692/692
f 693/693/693 695/695/695 696/696/696
f 693/693/693 696/696/696 694/694/694
f 695/695/695 669/669/669 670/670/670
f 695/695/695 670/670/670 696/696/696
f 697/697/697 701/701/701 702/702/702
f 697/697/697 702/702/702 698/698/698
f 701/701/701 705/705/705 706/706/706
f 701/701/701 706/706/706 702/702/702
f 705/705/705 709/709/709 710/710/710
f 705/705/705 710/710/710 706/706/706
f 709/709/709 713/713/713 714/714/714
f 709/709/709 714/714/714 710/710/710
f 713/713/713 717/717/717 718/718/718
f 713/713/713 718/718/718 714/714/714
f 717/717/717 721/721/721 722/722/722
f 717/717/717 722/722/722 718/718/718
f 721/721/721 725/725/725 726/726/726
f 721/721/721 726/726/726 722/722/722
f 725/725/725 729/729/729 730/730/730
f 725/725/725 730/730/730 726/726/726
f 729/729/729 733/733/733 734/734/734
f 729/729/729 734/734/734 730/730/730
f 733/733/733 737/737/737 738/738/738
f 733/733/733 738/738/738 734/734/734
f 737/737/737 741/741/741 742/742/742
f 737/737/737 742/742/742 738/738/738
f 741/741/741 745/745/745 746/746/746
f 741/741/741 746/746/746 742/742/742
f 745/745/745 749/749/749 750/750/750
f 745/745/745 750/750/750 746/746/746
f 749/749/749 697/697/697 698/698/698
f 749/749/749 698/698/698 750/750/750
f 700/700/700 703/703/703 704/704/704
f 700/700/700 699/699/699 703/703/703
f 704/704/704 707/707/707 708/708/708
f 704/704/704 703/703/703 707/707/707
f 708/708/708 711/711/711 712/712/712
f 708/708/708 707/707/707 711/711/711
f 712/712/712 715/715/715 716/716/716
f 712/712/712 711/711/711 715/715/715
f 716/716/716 719/719/719 720/720/720
f 716/716/716 715/715/715 719/719/719
f 720/720/720 723/723/723 724/724/724
f 720/720/720 719/719/719 723/723/723
f 724/724/724 727/727/727 728/728/728
f 724/724/724 723/723/723 727/727/727
f 728/728/728 731/731/731 732/732/732
f 728/728/728 727/727/727 731/731/731
f 732/732/732 735/735/735 736/736/736
f 732/732/732 731/731/731 735/735/735
f 736/736/736 739/739/739 740/740/740
f 736/736/736 735/735/735 739/739/739
f 740/740/740 743/743/743 744/744/744
f 740/740/740 739/739/739 743/743/743
f 744/744/744 747/747/747 748/748/748
f 744/744/744 743/743/743 747/747/747
f 748/748/748 751/751/751 752/752/752
f 748/748/748 747/747/747 751/751/751
f 752/752/752 699/699/699 700/700/700
f 752/752/752 751/751/751 699/699/699
f 753/753/753 700/700/700 704/704/704
f 753/753/753 704/704/704 708/708/708
f 753/753/753 708/708/708 712/712/712
f 753/753/753 712/712/712 716/716/716
f 753/753/753 716/716/716 720/720/720
f 753/753/753 720/720/720 724/724/724
f 753/753/753 724/724/724 728/728/728
f 753/753/753 728/728/728 732/732/732
f 753/753/753 732/732/732 736/736/736
f 753/753/753 736/736/736 740/740/740
f 753/753/753 740/740/740 744/744/744
f 753/753/753 744/744/744 748/748/748
f 753/753/753 748/748/748 752/752/752
f 753/753/753 752/752/752 700/700/700
