mtllib spaceship_mothership.mtl
o spaceship_mothership
v 0.00000000 0.36480001 3.79999995
v 0.03087000 0.24959999 3.79999995
v 0.38737437 0.69888002 3.11599994
v 0.00000000 0.81408006 3.11599994
v 0.05733000 0.06739201 3.79999995
v 0.71940953 0.31000325 3.11599994
v 0.07350000 0.00998400 3.79999995
v 0.92231995 0.04592640 3.11599994
v 0.06614999 -0.03456000 3.79999995
v 0.83008796 -0.13824001 3.11599994
v 0.04557000 -0.22080001 3.79999995
v 0.57183838 -0.56640005 3.11599994
v 0.01617000 -0.10828800 3.79999995
v 0.20291039 -0.43315202 3.11599994
v 0.00000000 -0.33520001 3.79999995
v 0.00000000 -0.68080002 3.11599994
v -0.01617000 -0.10828800 3.79999995
v -0.20291039 -0.43315202 3.11599994
v -0.04557000 -0.22080001 3.79999995
v -0.57183838 -0.56640005 3.11599994
v -0.06614999 -0.03456000 3.79999995
v -0.83008796 -0.13824001 3.11599994
v -0.07350000 0.00998400 3.79999995
v -0.92231995 0.04592640 3.11599994
v -0.05733000 0.06739201 3.79999995
v -0.71940953 0.31000325 3.11599994
v -0.03087000 0.24959999 3.79999995
v -0.38737437 0.69888002 3.11599994
v 0.63503999 1.07327998 2.20400000
v 0.00000000 1.18848002 2.20400000
v 1.17935991 0.51217926 2.20400000
v 1.51199996 0.07587840 2.20400000
v 1.36079991 -0.23500803 2.20400000
v 0.93743998 -0.88896006 2.20400000
v 0.33263999 -0.73635846 2.20400000
v 0.00000000 -1.00336003 2.20400000
v -0.33263999 -0.73635846 2.20400000
v -0.93743998 -0.88896006 2.20400000
v -1.36079991 -0.23500803 2.20400000
v -1.51199996 0.07587840 2.20400000
v -1.17935991 0.51217926 2.20400000
v -0.63503999 1.07327998 2.20400000
v 0.81143993 1.27296007 1.13999999
v 0.00000000 1.38816011 1.13999999
v 1.50695992 0.62000650 1.13999999
v 1.93199992 0.09185281 1.13999999
v 1.73879993 -0.30412805 1.13999999
v 1.19783998 -1.11936009 1.13999999
v 0.42503998 -0.95293450 1.13999999
v 0.00000000 -1.23376012 1.13999999
v -0.42503998 -0.95293450 1.13999999
v -1.19783998 -1.11936009 1.13999999
v -1.73879993 -0.30412805 1.13999999
v -1.93199992 0.09185281 1.13999999
v -1.50695992 0.62000650 1.13999999
v -0.81143993 1.27296007 1.13999999
v 0.88199991 1.37279999 0.00000000
v 0.00000000 1.48800004 0.00000000
v 1.63799989 0.67392004 0.00000000
v 2.09999990 0.09984000 0.00000000
v 1.88999987 -0.34560004 0.00000000
v 1.30199993 -1.25760007 0.00000000
v 0.46199998 -1.08288002 0.00000000
v 0.00000000 -1.37200010 0.00000000
v -0.46199998 -1.08288002 0.00000000
v -1.30199993 -1.25760007 0.00000000
v -1.88999987 -0.34560004 0.00000000
v -2.09999990 0.09984000 0.00000000
v -1.63799989 0.67392004 0.00000000
v -0.88199991 1.37279999 0.00000000
v 0.84671986 1.17311990 -1.29200006
v 0.00000000 1.28831995 -1.29200006
v 1.57247972 0.56609279 -1.29200006
v 2.01599979 0.08386559 -1.29200006
v 1.81439972 -0.29721603 -1.29200006
v 1.24991989 -1.09632015 -1.29200006
v 0.44351995 -0.93127686 -1.29200006
v 0.00000000 -1.21072006 -1.29200006
v -0.44351995 -0.93127686 -1.29200006
v -1.24991989 -1.09632015 -1.29200006
v -1.81439972 -0.29721603 -1.29200006
v -2.01599979 0.08386559 -1.29200006
v -1.57247972 0.56609279 -1.29200006
v -0.84671986 1.17311990 -1.29200006
v 0.77615994 0.94848001 -2.35599995
v 0.00000000 1.06368005 -2.35599995
v 1.44143987 0.44478723 -2.35599995
v 1.84799993 0.06589440 -2.35599995
v 1.66319990 -0.24192002 -2.35599995
v 1.14575994 -0.91200006 -2.35599995
v 0.40655997 -0.75801605 -2.35599995
v 0.00000000 -1.02640009 -2.35599995
v -0.40655997 -0.75801605 -2.35599995
v -1.14575994 -0.91200006 -2.35599995
v -1.66319990 -0.24192002 -2.35599995
v -1.84799993 0.06589440 -2.35599995
v -1.44143987 0.44478723 -2.35599995
v -0.77615994 0.94848001 -2.35599995
v 0.63503999 0.67391998 -3.19199991
v 0.00000000 0.78912002 -3.19199991
v 1.17935991 0.29652482 -3.19199991
v 1.51199996 0.04392960 -3.19199991
v 1.36079991 -0.16588801 -3.19199991
v 0.93743998 -0.65856004 -3.19199991
v 0.33263999 -0.51978242 -3.19199991
v 0.00000000 -0.77296007 -3.19199991
v -0.33263999 -0.51978242 -3.19199991
v -0.93743998 -0.65856004 -3.19199991
v -1.36079991 -0.16588801 -3.19199991
v -1.51199996 0.04392960 -3.19199991
v -1.17935991 0.29652482 -3.19199991
v -0.63503999 0.67391998 -3.19199991
v 0.79379994 0.37439999 -3.79999995
v 0.00000000 0.48960000 -3.79999995
v 1.47419989 0.13478401 -3.79999995
v 1.88999987 0.01996800 -3.79999995
v 1.70099986 -0.08294401 -3.79999995
v 1.17179990 -0.38208002 -3.79999995
v 0.41579998 -0.25989121 -3.79999995
v 0.00000000 -0.49648002 -3.79999995
v -0.41579998 -0.25989121 -3.79999995
v -1.17179990 -0.38208002 -3.79999995
v -1.70099986 -0.08294401 -3.79999995
v -1.88999987 0.01996800 -3.79999995
v -1.47419989 0.13478401 -3.79999995
v -0.79379994 0.37439999 -3.79999995
v -0.00000000 -0.00312458 3.79999971
v 0.00000006 -0.02845761 -3.79999971
v 2.00000000 -0.02455202 1.60000002
v 2.60800004 -0.07398053 1.54854405
v 2.60800004 0.48351324 1.01554203
v 2.00000000 0.56480002 1.06000006
v 2.60800004 0.53864336 0.21603906
v 2.00000000 0.62240005 0.25000000
v 2.60800004 0.56008285 -0.67229760
v 2.00000000 0.64480001 -0.64999998
v 2.60800004 0.51414108 -1.56063426
v 2.00000000 0.59680003 -1.54999983
v 2.60800004 -0.07398053 -2.89313936
v 2.00000000 -0.02455202 -2.90000010
v 2.60800004 -0.37772208 -2.89313936
v 2.00000000 -0.34624803 -2.90000010
v 2.60800004 -0.83108121 -1.56063426
v 2.00000000 -0.82680005 -1.54999983
v 2.60800004 -0.81270450 -0.67229760
v 2.00000000 -0.80760008 -0.64999998
v 2.60800004 -0.82495564 0.21603906
v 2.00000000 -0.82040006 0.25000000
v 2.60800004 -0.84333235 1.01554203
v 2.00000000 -0.83960009 1.06000006
v 2.60800004 -0.37772208 1.54854405
v 2.00000000 -0.34624803 1.60000002
v 3.21600008 -0.19865833 1.41875196
v 3.21600008 0.27847648 0.90340167
v 3.21600008 0.32737660 0.13037622
v 3.21600008 0.34639329 -0.72854090
v 3.21600008 0.30564320 -1.58745790
v 3.21600008 -0.19865833 -2.87583375
v 3.21600008 -0.45711184 -2.87583375
v 3.21600008 -0.84187984 -1.58745790
v 3.21600008 -0.82557982 -0.72854090
v 3.21600008 -0.83644652 0.13037622
v 3.21600008 -0.85274655 0.90340167
v 3.21600008 -0.45711184 1.41875196
v 3.90000010 -0.38477600 1.22500002
v 3.90000010 -0.02759997 0.73600006
v 3.90000010 0.01200003 0.00250006
v 3.90000010 0.02740003 -0.81249988
v 3.90000010 -0.00559997 -1.62749970
v 3.90000010 -0.38477600 -2.84999990
v 3.90000010 -0.57562399 -2.84999990
v 3.90000010 -0.85800004 -1.62749970
v 3.90000010 -0.84480006 -0.81249988
v 3.90000010 -0.85360003 0.00250006
v 3.90000010 -0.86680007 0.73600006
v 3.90000010 -0.57562399 1.22500002
v 4.58400011 -0.57089365 1.03124809
v 4.58400011 -0.33367643 0.56859839
v 4.58400011 -0.30337653 -0.12537622
v 4.58400011 -0.29159322 -0.89645910
v 4.58400011 -0.31684315 -1.66754198
v 4.58400011 -0.57089365 -2.82416630
v 4.58400011 -0.69413614 -2.82416630
v 4.58400011 -0.87412024 -1.66754198
v 4.58400011 -0.86402029 -0.89645910
v 4.58400011 -0.87075359 -0.12537622
v 4.58400011 -0.88085353 0.56859839
v 4.58400011 -0.69413614 1.03124809
v 5.19200039 -0.69557154 0.90145600
v 5.19200039 -0.53871328 0.45645800
v 5.19200039 -0.51464337 -0.21103907
v 5.19200039 -0.50528288 -0.95270240
v 5.19200039 -0.52534109 -1.69436562
v 5.19200039 -0.69557154 -2.80686069
v 5.19200039 -0.77352595 -2.80686069
v 5.19200039 -0.88491887 -1.69436562
v 5.19200039 -0.87689561 -0.95270240
v 5.19200039 -0.88224447 -0.21103907
v 5.19200039 -0.89026773 0.45645800
v 5.19200039 -0.77352595 0.90145600
v 5.80000019 -0.74499995 0.85000002
v 5.80000019 -0.62000000 0.41200003
v 5.80000019 -0.59840000 -0.24500000
v 5.80000019 -0.58999997 -0.97500002
v 5.80000019 -0.60799998 -1.70500004
v 5.80000019 -0.74499995 -2.79999995
v 5.80000019 -0.80500001 -2.79999995
v 5.80000019 -0.88920003 -1.70500004
v 5.80000019 -0.88200003 -0.97500002
v 5.80000019 -0.88680005 -0.24500000
v 5.80000019 -0.89400005 0.41200003
v 5.80000019 -0.80500001 0.85000002
v 2.00000000 -0.13393335 -0.36499998
v 5.80000019 -0.75570005 -0.74383330
v -2.00000000 -0.02455202 1.60000002
v -2.00000000 0.56480002 1.06000006
v -2.60800004 0.48351324 1.01554203
v -2.60800004 -0.07398053 1.54854405
v -2.00000000 0.62240005 0.25000000
v -2.60800004 0.53864336 0.21603906
v -2.00000000 0.64480001 -0.64999998
v -2.60800004 0.56008285 -0.67229760
v -2.00000000 0.59680003 -1.54999983
v -2.60800004 0.51414108 -1.56063426
v -2.00000000 -0.02455202 -2.90000010
v -2.60800004 -0.07398053 -2.89313936
v -2.00000000 -0.34624803 -2.90000010
v -2.60800004 -0.37772208 -2.89313936
v -2.00000000 -0.82680005 -1.54999983
v -2.60800004 -0.83108121 -1.56063426
v -2.00000000 -0.80760008 -0.64999998
v -2.60800004 -0.81270450 -0.67229760
v -2.00000000 -0.82040006 0.25000000
v -2.60800004 -0.82495564 0.21603906
v -2.00000000 -0.83960009 1.06000006
v -2.60800004 -0.84333235 1.01554203
v -2.00000000 -0.34624803 1.60000002
v -2.60800004 -0.37772208 1.54854405
v -3.21600008 0.27847648 0.90340167
v -3.21600008 -0.19865833 1.41875196
v -3.21600008 0.32737660 0.13037622
v -3.21600008 0.34639329 -0.72854090
v -3.21600008 0.30564320 -1.58745790
v -3.21600008 -0.19865833 -2.87583375
v -3.21600008 -0.45711184 -2.87583375
v -3.21600008 -0.84187984 -1.58745790
v -3.21600008 -0.82557982 -0.72854090
v -3.21600008 -0.83644652 0.13037622
v -3.21600008 -0.85274655 0.90340167
v -3.21600008 -0.45711184 1.41875196
v -3.90000010 -0.02759997 0.73600006
v -3.90000010 -0.38477600 1.22500002
v -3.90000010 0.01200003 0.00250006
v -3.90000010 0.02740003 -0.81249988
v -3.90000010 -0.00559997 -1.62749970
v -3.90000010 -0.38477600 -2.84999990
v -3.90000010 -0.57562399 -2.84999990
v -3.90000010 -0.85800004 -1.62749970
v -3.90000010 -0.84480006 -0.81249988
v -3.90000010 -0.85360003 0.00250006
v -3.90000010 -0.86680007 0.73600006
v -3.90000010 -0.57562399 1.22500002
v -4.58400011 -0.33367643 0.56859839
v -4.58400011 -0.57089365 1.03124809
v -4.58400011 -0.30337653 -0.12537622
v -4.58400011 -0.29159322 -0.89645910
v -4.58400011 -0.31684315 -1.66754198
v -4.58400011 -0.57089365 -2.82416630
v -4.58400011 -0.69413614 -2.82416630
v -4.58400011 -0.87412024 -1.66754198
v -4.58400011 -0.86402029 -0.89645910
v -4.58400011 -0.87075359 -0.12537622
v -4.58400011 -0.88085353 0.56859839
v -4.58400011 -0.69413614 1.03124809
v -5.19200039 -0.53871328 0.45645800
v -5.19200039 -0.69557154 0.90145600
v -5.19200039 -0.51464337 -0.21103907
v -5.19200039 -0.50528288 -0.95270240
v -5.19200039 -0.52534109 -1.69436562
v -5.19200039 -0.69557154 -2.80686069
v -5.19200039 -0.77352595 -2.80686069
v -5.19200039 -0.88491887 -1.69436562
v -5.19200039 -0.87689561 -0.95270240
v -5.19200039 -0.88224447 -0.21103907
v -5.19200039 -0.89026773 0.45645800
v -5.19200039 -0.77352595 0.90145600
v -5.80000019 -0.62000000 0.41200003
v -5.80000019 -0.74499995 0.85000002
v -5.80000019 -0.59840000 -0.24500000
v -5.80000019 -0.58999997 -0.97500002
v -5.80000019 -0.60799998 -1.70500004
v -5.80000019 -0.74499995 -2.79999995
v -5.80000019 -0.80500001 -2.79999995
v -5.80000019 -0.88920003 -1.70500004
v -5.80000019 -0.88200003 -0.97500002
v -5.80000019 -0.88680005 -0.24500000
v -5.80000019 -0.89400005 0.41200003
v -5.80000019 -0.80500001 0.85000002
v -2.00000000 -0.13393335 -0.36499998
v -5.80000019 -0.75570005 -0.74383330
v -0.75999999 1.22600007 0.70000005
v -1.00000000 1.11400008 1.42000008
v -0.83999997 1.56040013 1.42000008
v -0.63839996 1.49383998 0.70000005
v -0.34000000 1.83400011 1.42000008
v -0.25839999 1.65799999 0.70000005
v 0.34000000 1.83400011 1.42000008
v 0.25839999 1.65799999 0.70000005
v 0.83999997 1.56040013 1.42000008
v 0.63839996 1.49383998 0.70000005
v 1.00000000 1.11400008 1.42000008
v 0.75999999 1.22600007 0.70000005
v -0.72000003 1.21000004 2.25999999
v -0.60479999 1.55720007 2.25999999
v -0.24480002 1.77000010 2.25999999
v 0.24480002 1.77000010 2.25999999
v 0.60479999 1.55720007 2.25999999
v 0.72000003 1.21000004 2.25999999
v -0.25999999 1.37000000 2.70000005
v -0.21839999 1.52872002 2.70000005
v -0.08840000 1.62600005 2.70000005
v 0.08840000 1.62600005 2.70000005
v 0.21839999 1.52872002 2.70000005
v 0.25999999 1.37000000 2.70000005
v 0.00000000 1.45928001 0.70000005
v 0.00000000 1.50824010 2.70000029
v -0.37611756 -0.56000000 -3.47910404
v -1.47589397 -0.35480958 -3.64511919
v -1.62513852 -0.28975862 -3.21795368
v -0.55797845 -0.47952402 -2.95858455
v -1.78682005 -0.24988866 -2.75519133
v -0.75499439 -0.43020001 -2.39468861
v -1.94850159 -0.28975862 -2.29242897
v -0.95201033 -0.47952402 -1.83079267
v -2.09774613 -0.35480958 -1.86526346
v -1.13387120 -0.56000000 -1.31027329
v -2.09774613 -0.88767356 -1.86526346
v -1.13387120 -1.14999998 -1.31027329
v -1.94850159 -0.91075617 -2.29242897
v -0.95201033 -1.17855597 -1.83079267
v -1.78682005 -0.91914982 -2.75519133
v -0.75499439 -1.18893993 -2.39468861
v -1.62513852 -0.91075617 -3.21795368
v -0.55797845 -1.17855597 -2.95858455
v -1.47589397 -0.88767356 -3.64511919
v -0.37611756 -1.14999998 -3.47910404
v -2.86894393 -0.09490171 -3.85540533
v -2.97687435 -0.04703968 -3.54648852
v -3.09379911 -0.01770488 -3.21182847
v -3.21072388 -0.04703968 -2.87716842
v -3.31865430 -0.09490171 -2.56825161
v -3.31865430 -0.55539346 -2.56825161
v -3.21072388 -0.57237679 -2.87716842
v -3.09379911 -0.57855248 -3.21182847
v -2.97687435 -0.57237679 -3.54648852
v -2.86894393 -0.55539346 -3.85540533
v -4.04203892 0.12396806 -4.03248835
v -4.11517859 0.15939188 -3.82314897
v -4.19441319 0.18110323 -3.59636474
v -4.27364779 0.15939188 -3.36958051
v -4.34678745 0.12396806 -3.16024113
v -4.34678745 -0.27557862 -3.16024113
v -4.27364779 -0.28814834 -3.36958051
v -4.19441319 -0.29271919 -3.59636474
v -4.11517859 -0.28814834 -3.82314897
v -4.04203892 -0.27557862 -4.03248835
v -0.75499439 -0.83552998 -2.39468837
v -4.19441271 -0.06723500 -3.59636474
v -3.88476443 -0.02586198 -4.17841673
v -3.92624950 0.08561155 -4.17841673
v -3.78784251 0.14314628 -3.81889725
v -3.72494578 -0.02586198 -3.81889725
v -4.03958893 0.16721585 -4.17841673
v -3.95967960 0.26686892 -3.81889725
v -4.19441319 0.19708508 -4.17841673
v -4.19441319 0.31215453 -3.81889725
v -4.34923744 0.16721584 -4.17841673
v -4.42914677 0.26686889 -3.81889725
v -4.46257687 0.08561151 -4.17841673
v -4.60098410 0.14314622 -3.81889725
v -4.50406170 -0.02586200 -4.17841673
v -4.66388035 -0.02586201 -3.81889725
v -4.46257687 -0.13733555 -4.17841673
v -4.60098362 -0.19487029 -3.81889725
v -4.34923744 -0.21893981 -4.17841673
v -4.42914677 -0.31859288 -3.81889725
v -4.19441319 -0.24880904 -4.17841673
v -4.19441319 -0.36387849 -3.81889725
v -4.03958893 -0.21893975 -4.17841673
v -3.95967937 -0.31859279 -3.81889725
v -3.92624950 -0.13733545 -4.17841673
v -3.78784251 -0.19487016 -3.81889725
v -3.76189113 0.15393405 -2.97327352
v -3.69497991 -0.02586198 -2.97327352
v -3.94469643 0.28555387 -2.97327352
v -4.19441319 0.33373007 -2.97327352
v -4.44412994 0.28555384 -2.97327352
v -4.62693501 0.15393397 -2.97327352
v -4.69384670 -0.02586201 -2.97327352
v -4.62693501 -0.20565806 -2.97327352
v -4.44412994 -0.33727783 -2.97327352
v -4.19441319 -0.38545403 -2.97327352
v -3.94469643 -0.33727774 -2.97327352
v -3.76189113 -0.20565791 -2.97327352
v -3.81379390 0.13235852 -2.26116920
v -3.75491190 -0.02586198 -2.26116920
v -3.97466254 0.24818397 -2.26116920
v -4.19441319 0.29057902 -2.26116920
v -4.41416407 0.24818394 -2.26116920
v -4.57503271 0.13235846 -2.26116920
v -4.63391447 -0.02586200 -2.26116920
v -4.57503223 -0.18408254 -2.26116920
v -4.41416359 -0.29990792 -2.26116920
v -4.19441319 -0.34230298 -2.26116920
v -3.97466230 -0.29990786 -2.26116920
v -3.81379366 -0.18408240 -2.26116920
v -3.96950173 0.06763195 -2.08314300
v -3.93470788 -0.02586198 -2.08314300
v -4.06456041 0.13607426 -2.08314300
v -4.19441319 0.16112587 -2.08314300
v -4.32426596 0.13607424 -2.08314300
v -4.41932487 0.06763192 -2.08314300
v -4.45411873 -0.02586199 -2.08314300
v -4.41932440 -0.11935593 -2.08314300
v -4.32426596 -0.18779822 -2.08314300
v -4.19441319 -0.21284983 -2.08314300
v -4.06456041 -0.18779817 -2.08314300
v -3.96950173 -0.11935586 -2.08314300
v -4.19441319 -0.02586198 -4.17841721
v -4.19441319 -0.02586197 -2.08314323
v -4.21938467 -0.02586198 -4.61811733
v -4.24213457 0.05904169 -4.61811733
v -4.24213457 0.05904169 -4.30846882
v -4.21938467 -0.02586198 -4.30846882
v -4.38919210 -0.02586198 -4.30846882
v -4.38919210 -0.02586198 -4.61811733
v -4.30428839 0.12119551 -4.61811733
v -4.30428839 0.12119551 -4.30846882
v -4.38919210 0.14394537 -4.61811733
v -4.38919210 0.14394537 -4.30846882
v -4.47409582 0.12119550 -4.61811733
v -4.47409582 0.12119550 -4.30846882
v -4.53624964 0.05904166 -4.61811733
v -4.53624964 0.05904166 -4.30846882
v -4.55899954 -0.02586199 -4.61811733
v -4.55899954 -0.02586199 -4.30846882
v -4.53624964 -0.11076568 -4.61811733
v -4.53624964 -0.11076568 -4.30846882
v -4.47409582 -0.17291947 -4.61811733
v -4.47409582 -0.17291947 -4.30846882
v -4.38919210 -0.19566932 -4.61811733
v -4.38919210 -0.19566932 -4.30846882
v -4.30428839 -0.17291942 -4.61811733
v -4.30428839 -0.17291942 -4.30846882
v -4.24213457 -0.11076561 -4.61811733
v -4.24213457 -0.11076561 -4.30846882
v -3.82982683 -0.02586198 -4.61811733
v -3.85257673 0.05904169 -4.61811733
v -3.85257673 0.05904169 -4.30846882
v -3.82982683 -0.02586198 -4.30846882
v -3.99963427 -0.02586198 -4.30846882
v -3.99963427 -0.02586198 -4.61811733
v -3.91473055 0.12119551 -4.61811733
v -3.91473055 0.12119551 -4.30846882
v -3.99963427 0.14394537 -4.61811733
v -3.99963427 0.14394537 -4.30846882
v -4.08453798 0.12119550 -4.61811733
v -4.08453798 0.12119550 -4.30846882
v -4.14669180 0.05904166 -4.61811733
v -4.14669180 0.05904166 -4.30846882
v -4.16944170 -0.02586199 -4.61811733
v -4.16944170 -0.02586199 -4.30846882
v -4.14669180 -0.11076568 -4.61811733
v -4.14669180 -0.11076568 -4.30846882
v -4.08453798 -0.17291947 -4.61811733
v -4.08453798 -0.17291947 -4.30846882
v -3.99963427 -0.19566932 -4.61811733
v -3.99963427 -0.19566932 -4.30846882
v -3.91473055 -0.17291942 -4.61811733
v -3.91473055 -0.17291942 -4.30846882
v -3.85257673 -0.11076561 -4.61811733
v -3.85257673 -0.11076561 -4.30846882
v -3.51518393 -0.02586198 -4.71565676
v -3.71412539 0.45442572 -4.71565676
v -3.71412539 0.45442572 -4.62276220
v -3.51518393 -0.02586198 -4.62276220
v -3.82939458 0.33915666 -4.71565676
v -3.67819881 -0.02586198 -4.71565676
v -3.67819881 -0.02586198 -4.62276220
v -3.82939458 0.33915666 -4.62276220
v -4.19441319 0.65336740 -4.71565676
v -4.19441319 0.65336740 -4.62276220
v -4.19441319 0.49035233 -4.71565676
v -4.19441319 0.49035233 -4.62276220
v -4.67470074 0.45442572 -4.71565676
v -4.67470074 0.45442572 -4.62276220
v -4.55943203 0.33915666 -4.71565676
v -4.55943203 0.33915666 -4.62276220
v -4.87364244 -0.02586204 -4.71565676
v -4.87364244 -0.02586204 -4.62276220
v -4.71062756 -0.02586202 -4.71565676
v -4.71062756 -0.02586202 -4.62276220
v -4.67470074 -0.50614971 -4.71565676
v -4.67470074 -0.50614971 -4.62276220
v -4.55943155 -0.39088067 -4.71565676
v -4.55943155 -0.39088067 -4.62276220
v -4.19441319 -0.70509136 -4.71565676
v -4.19441319 -0.70509136 -4.62276220
v -4.19441319 -0.54207629 -4.71565676
v -4.19441319 -0.54207629 -4.62276220
v -3.71412539 -0.50614947 -4.71565676
v -3.71412539 -0.50614947 -4.62276220
v -3.82939434 -0.39088050 -4.71565676
v -3.82939434 -0.39088050 -4.62276220
v -3.78238058 0.57345808 -4.69802666
v -3.78238058 0.72328806 -4.69802666
v -3.78238058 0.72328806 -4.43832111
v -3.78238058 0.57345808 -4.43832111
v -4.60644579 0.57345808 -4.43832111
v -4.60644579 0.72328806 -4.43832111
v -4.60644579 0.72328806 -4.69802666
v -4.60644579 0.57345808 -4.69802666
v -3.73493457 -0.02586198 -4.83462191
v -3.86951256 0.29903853 -4.83462191
v -3.86951256 0.29903853 -4.79966116
v -3.73493457 -0.02586198 -4.79966116
v -3.89831519 0.27023607 -4.83462191
v -3.77566719 -0.02586198 -4.83462191
v -3.77566719 -0.02586198 -4.79966116
v -3.89831519 0.27023607 -4.79966116
v -4.19441319 0.43361673 -4.83462191
v -4.19441319 0.43361673 -4.79966116
v -4.19441319 0.39288393 -4.83462191
v -4.19441319 0.39288393 -4.79966116
v -4.51931381 0.29903853 -4.83462191
v -4.51931381 0.29903853 -4.79966116
v -4.49051142 0.27023607 -4.83462191
v -4.49051142 0.27023607 -4.79966116
v -4.65389204 -0.02586202 -4.83462191
v -4.65389204 -0.02586202 -4.79966116
v -4.61315918 -0.02586201 -4.83462191
v -4.61315918 -0.02586201 -4.79966116
v -4.51931381 -0.35076255 -4.83462191
v -4.51931381 -0.35076255 -4.79966116
v -4.49051142 -0.32196009 -4.83462191
v -4.49051142 -0.32196009 -4.79966116
v -4.19441319 -0.48534068 -4.83462191
v -4.19441319 -0.48534068 -4.79966116
v -4.19441319 -0.44460788 -4.83462191
v -4.19441319 -0.44460788 -4.79966116
v -3.86951256 -0.35076237 -4.83462191
v -3.86951256 -0.35076237 -4.79966116
v -3.89831495 -0.32195994 -4.83462191
v -3.89831495 -0.32195994 -4.79966116
v 0.15366569 -0.56000000 -2.87956595
v -0.55179036 -0.32184696 -3.06353450
v -0.78504419 -0.25679600 -2.67580175
v -0.13056427 -0.47952402 -2.40709662
v -1.03773594 -0.21692604 -2.25575781
v -0.43847999 -0.43020001 -1.89525509
v -1.29042768 -0.25679600 -1.83571386
v -0.74639571 -0.47952402 -1.38341355
v -1.52368152 -0.32184696 -1.44798112
v -1.03062570 -0.56000000 -0.91094428
v -1.52368152 -0.85471094 -1.44798112
v -1.03062570 -1.14999998 -0.91094428
v -1.29042768 -0.87779355 -1.83571386
v -0.74639571 -1.17855597 -1.38341355
v -1.03773594 -0.88618720 -2.25575781
v -0.43847999 -1.18893993 -1.89525509
v -0.78504419 -0.87779355 -2.67580175
v -0.13056427 -1.17855597 -2.40709662
v -0.55179036 -0.85471094 -3.06353450
v 0.15366569 -1.14999998 -2.87956595
v -1.44536805 -0.02018648 -3.29656196
v -1.61405230 0.02767555 -3.01616192
v -1.79679358 0.05701035 -2.71239495
v -1.97953486 0.02767555 -2.40862799
v -2.14821911 -0.02018648 -2.12822795
v -2.14821911 -0.48067820 -2.12822795
v -1.97953486 -0.49766150 -2.40862799
v -1.79679358 -0.50383723 -2.71239495
v -1.61405230 -0.49766150 -3.01616192
v -1.44536805 -0.48067820 -3.29656196
v -2.19785428 0.23384339 -3.49279523
v -2.31216431 0.26926720 -3.30278063
v -2.43599987 0.29097855 -3.09693122
v -2.55983543 0.26926720 -2.89108181
v -2.67414546 0.23384339 -2.70106721
v -2.67414546 -0.16570330 -2.70106721
v -2.55983543 -0.17827304 -2.89108181
v -2.43599987 -0.18284385 -3.09693122
v -2.31216431 -0.17827304 -3.30278063
v -2.19785428 -0.16570330 -3.49279523
v -0.43847999 -0.83552998 -1.89525509
v -2.43599987 0.04264032 -3.09693122
v -2.46097136 0.08401337 -4.11868429
v -2.48372126 0.16891704 -4.11868429
v -2.48372126 0.16891704 -3.80903554
v -2.46097136 0.08401337 -3.80903554
v -2.63077879 0.08401337 -3.80903554
v -2.63077879 0.08401337 -4.11868429
v -2.54587507 0.23107086 -4.11868429
v -2.54587507 0.23107086 -3.80903554
v -2.63077879 0.25382072 -4.11868429
v -2.63077879 0.25382072 -3.80903554
v -2.71568251 0.23107085 -4.11868429
v -2.71568251 0.23107085 -3.80903554
v -2.77783632 0.16891702 -4.11868429
v -2.77783632 0.16891702 -3.80903554
v -2.80058622 0.08401336 -4.11868429
v -2.80058622 0.08401336 -3.80903554
v -2.77783632 -0.00089033 -4.11868429
v -2.77783632 -0.00089033 -3.80903554
v -2.71568251 -0.06304412 -4.11868429
v -2.71568251 -0.06304412 -3.80903554
v -2.63077879 -0.08579397 -4.11868429
v -2.63077879 -0.08579397 -3.80903554
v -2.54587507 -0.06304407 -4.11868429
v -2.54587507 -0.06304407 -3.80903554
v -2.48372126 -0.00089026 -4.11868429
v -2.48372126 -0.00089026 -3.80903554
v -2.07141352 0.08401337 -4.11868429
v -2.09416342 0.16891704 -4.11868429
v -2.09416342 0.16891704 -3.80903554
v -2.07141352 0.08401337 -3.80903554
v -2.24122095 0.08401337 -3.80903554
v -2.24122095 0.08401337 -4.11868429
v -2.15631723 0.23107086 -4.11868429
v -2.15631723 0.23107086 -3.80903554
v -2.24122095 0.25382072 -4.11868429
v -2.24122095 0.25382072 -3.80903554
v -2.32612467 0.23107085 -4.11868429
v -2.32612467 0.23107085 -3.80903554
v -2.38827848 0.16891702 -4.11868429
v -2.38827848 0.16891702 -3.80903554
v -2.41102839 0.08401336 -4.11868429
v -2.41102839 0.08401336 -3.80903554
v -2.38827848 -0.00089033 -4.11868429
v -2.38827848 -0.00089033 -3.80903554
v -2.32612467 -0.06304412 -4.11868429
v -2.32612467 -0.06304412 -3.80903554
v -2.24122095 -0.08579397 -4.11868429
v -2.24122095 -0.08579397 -3.80903554
v -2.15631723 -0.06304407 -4.11868429
v -2.15631723 -0.06304407 -3.80903554
v -2.09416342 -0.00089026 -4.11868429
v -2.09416342 -0.00089026 -3.80903554
v -1.75677049 0.08401337 -4.21622372
v -1.95571220 0.56430107 -4.21622372
v -1.95571220 0.56430107 -4.12332916
v -1.75677049 0.08401337 -4.12332916
v -2.07098126 0.44903201 -4.21622372
v -1.91978550 0.08401337 -4.21622372
v -1.91978550 0.08401337 -4.12332916
v -2.07098126 0.44903201 -4.12332916
v -2.43599987 0.76324272 -4.21622372
v -2.43599987 0.76324272 -4.12332916
v -2.43599987 0.60022771 -4.21622372
v -2.43599987 0.60022771 -4.12332916
v -2.91628766 0.56430107 -4.21622372
v -2.91628766 0.56430107 -4.12332916
v -2.80101848 0.44903201 -4.21622372
v -2.80101848 0.44903201 -4.12332916
v -3.11522913 0.08401331 -4.21622372
v -3.11522913 0.08401331 -4.12332916
v -2.95221424 0.08401333 -4.21622372
v -2.95221424 0.08401333 -4.12332916
v -2.91628742 -0.39627439 -4.21622372
v -2.91628742 -0.39627439 -4.12332916
v -2.80101848 -0.28100532 -4.21622372
v -2.80101848 -0.28100532 -4.12332916
v -2.43599987 -0.59521604 -4.21622372
v -2.43599987 -0.59521604 -4.12332916
v -2.43599987 -0.43220094 -4.21622372
v -2.43599987 -0.43220094 -4.12332916
v -1.95571208 -0.39627415 -4.21622372
v -1.95571208 -0.39627415 -4.12332916
v -2.07098103 -0.28100514 -4.21622372
v -2.07098103 -0.28100514 -4.12332916
v -2.02396727 0.68333346 -4.19859362
v -2.02396727 0.83316344 -4.19859362
v -2.02396727 0.83316344 -3.93888807
v -2.02396727 0.68333346 -3.93888807
v -2.84803247 0.68333346 -3.93888807
v -2.84803247 0.83316344 -3.93888807
v -2.84803247 0.83316344 -4.19859362
v -2.84803247 0.68333346 -4.19859362
v -1.97652113 0.08401337 -4.33518887
v -2.11109924 0.40891388 -4.33518887
v -2.11109924 0.40891388 -4.30022812
v -1.97652113 0.08401337 -4.30022812
v -2.13990188 0.38011143 -4.33518887
v -2.01725388 0.08401337 -4.33518887
v -2.01725388 0.08401337 -4.30022812
v -2.13990188 0.38011143 -4.30022812
v -2.43599987 0.54349208 -4.33518887
v -2.43599987 0.54349208 -4.30022812
v -2.43599987 0.50275928 -4.33518887
v -2.43599987 0.50275928 -4.30022812
v -2.76090050 0.40891388 -4.33518887
v -2.76090050 0.40891388 -4.30022812
v -2.73209786 0.38011143 -4.33518887
v -2.73209786 0.38011143 -4.30022812
v -2.89547849 0.08401334 -4.33518887
v -2.89547849 0.08401334 -4.30022812
v -2.85474586 0.08401334 -4.33518887
v -2.85474586 0.08401334 -4.30022812
v -2.76090026 -0.24088719 -4.33518887
v -2.76090026 -0.24088719 -4.30022812
v -2.73209786 -0.21208474 -4.33518887
v -2.73209786 -0.21208474 -4.30022812
v -2.43599987 -0.37546533 -4.33518887
v -2.43599987 -0.37546533 -4.30022812
v -2.43599987 -0.33473253 -4.33518887
v -2.43599987 -0.33473253 -4.30022812
v -2.11109924 -0.24088702 -4.33518887
v -2.11109924 -0.24088702 -4.30022812
v -2.13990164 -0.21208459 -4.33518887
v -2.13990164 -0.21208459 -4.30022812
v -0.15366569 -0.56000000 -2.87956595
v 0.13056427 -0.47952402 -2.40709662
v 0.78504419 -0.25679600 -2.67580175
v 0.55179036 -0.32184696 -3.06353450
v 0.43847999 -0.43020001 -1.89525509
v 1.03773594 -0.21692604 -2.25575781
v 0.74639571 -0.47952402 -1.38341355
v 1.29042768 -0.25679600 -1.83571386
v 1.03062570 -0.56000000 -0.91094428
v 1.52368152 -0.32184696 -1.44798112
v 1.03062570 -1.14999998 -0.91094428
v 1.52368152 -0.85471094 -1.44798112
v 0.74639571 -1.17855597 -1.38341355
v 1.29042768 -0.87779355 -1.83571386
v 0.43847999 -1.18893993 -1.89525509
v 1.03773594 -0.88618720 -2.25575781
v 0.13056427 -1.17855597 -2.40709662
v 0.78504419 -0.87779355 -2.67580175
v -0.15366569 -1.14999998 -2.87956595
v 0.55179036 -0.85471094 -3.06353450
v 1.61405230 0.02767555 -3.01616192
v 1.44536805 -0.02018648 -3.29656196
v 1.79679358 0.05701035 -2.71239495
v 1.97953486 0.02767555 -2.40862799
v 2.14821911 -0.02018648 -2.12822795
v 2.14821911 -0.48067820 -2.12822795
v 1.97953486 -0.49766150 -2.40862799
v 1.79679358 -0.50383723 -2.71239495
v 1.61405230 -0.49766150 -3.01616192
v 1.44536805 -0.48067820 -3.29656196
v 2.31216431 0.26926720 -3.30278063
v 2.19785428 0.23384339 -3.49279523
v 2.43599987 0.29097855 -3.09693122
v 2.55983543 0.26926720 -2.89108181
v 2.67414546 0.23384339 -2.70106721
v 2.67414546 -0.16570330 -2.70106721
v 2.55983543 -0.17827304 -2.89108181
v 2.43599987 -0.18284385 -3.09693122
v 2.31216431 -0.17827304 -3.30278063
v 2.19785428 -0.16570330 -3.49279523
v 0.43847999 -0.83552998 -1.89525509
v 2.43599987 0.04264032 -3.09693122
v 2.41102839 0.08401337 -4.11868429
v 2.38827848 0.16891704 -4.11868429
v 2.38827848 0.16891704 -3.80903554
v 2.41102839 0.08401337 -3.80903554
v 2.24122095 0.08401337 -3.80903554
v 2.24122095 0.08401337 -4.11868429
v 2.32612467 0.23107086 -4.11868429
v 2.32612467 0.23107086 -3.80903554
v 2.24122095 0.25382072 -4.11868429
v 2.24122095 0.25382072 -3.80903554
v 2.15631723 0.23107085 -4.11868429
v 2.15631723 0.23107085 -3.80903554
v 2.09416342 0.16891702 -4.11868429
v 2.09416342 0.16891702 -3.80903554
v 2.07141352 0.08401336 -4.11868429
v 2.07141352 0.08401336 -3.80903554
v 2.09416342 -0.00089033 -4.11868429
v 2.09416342 -0.00089033 -3.80903554
v 2.15631723 -0.06304412 -4.11868429
v 2.15631723 -0.06304412 -3.80903554
v 2.24122095 -0.08579397 -4.11868429
v 2.24122095 -0.08579397 -3.80903554
v 2.32612467 -0.06304407 -4.11868429
v 2.32612467 -0.06304407 -3.80903554
v 2.38827848 -0.00089026 -4.11868429
v 2.38827848 -0.00089026 -3.80903554
v 2.80058622 0.08401337 -4.11868429
v 2.77783632 0.16891704 -4.11868429
v 2.77783632 0.16891704 -3.80903554
v 2.80058622 0.08401337 -3.80903554
v 2.63077879 0.08401337 -3.80903554
v 2.63077879 0.08401337 -4.11868429
v 2.71568251 0.23107086 -4.11868429
v 2.71568251 0.23107086 -3.80903554
v 2.63077879 0.25382072 -4.11868429
v 2.63077879 0.25382072 -3.80903554
v 2.54587507 0.23107085 -4.11868429
v 2.54587507 0.23107085 -3.80903554
v 2.48372126 0.16891702 -4.11868429
v 2.48372126 0.16891702 -3.80903554
v 2.46097136 0.08401336 -4.11868429
v 2.46097136 0.08401336 -3.80903554
v 2.48372126 -0.00089033 -4.11868429
v 2.48372126 -0.00089033 -3.80903554
v 2.54587507 -0.06304412 -4.11868429
v 2.54587507 -0.06304412 -3.80903554
v 2.63077879 -0.08579397 -4.11868429
v 2.63077879 -0.08579397 -3.80903554
v 2.71568251 -0.06304407 -4.11868429
v 2.71568251 -0.06304407 -3.80903554
v 2.77783632 -0.00089026 -4.11868429
v 2.77783632 -0.00089026 -3.80903554
v 3.11522913 0.08401337 -4.21622372
v 2.91628766 0.56430107 -4.21622372
v 2.91628766 0.56430107 -4.12332916
v 3.11522913 0.08401337 -4.12332916
v 2.80101848 0.44903201 -4.21622372
v 2.95221424 0.08401337 -4.21622372
v 2.95221424 0.08401337 -4.12332916
v 2.80101848 0.44903201 -4.12332916
v 2.43599987 0.76324272 -4.21622372
v 2.43599987 0.76324272 -4.12332916
v 2.43599987 0.60022771 -4.21622372
v 2.43599987 0.60022771 -4.12332916
v 1.95571220 0.56430107 -4.21622372
v 1.95571220 0.56430107 -4.12332916
v 2.07098126 0.44903201 -4.21622372
v 2.07098126 0.44903201 -4.12332916
v 1.75677049 0.08401331 -4.21622372
v 1.75677049 0.08401331 -4.12332916
v 1.91978550 0.08401333 -4.21622372
v 1.91978550 0.08401333 -4.12332916
v 1.95571232 -0.39627439 -4.21622372
v 1.95571232 -0.39627439 -4.12332916
v 2.07098126 -0.28100532 -4.21622372
v 2.07098126 -0.28100532 -4.12332916
v 2.43599987 -0.59521604 -4.21622372
v 2.43599987 -0.59521604 -4.12332916
v 2.43599987 -0.43220094 -4.21622372
v 2.43599987 -0.43220094 -4.12332916
v 2.91628766 -0.39627415 -4.21622372
v 2.91628766 -0.39627415 -4.12332916
v 2.80101871 -0.28100514 -4.21622372
v 2.80101871 -0.28100514 -4.12332916
v 2.84803247 0.68333346 -4.19859362
v 2.84803247 0.83316344 -4.19859362
v 2.84803247 0.83316344 -3.93888807
v 2.84803247 0.68333346 -3.93888807
v 2.02396727 0.68333346 -3.93888807
v 2.02396727 0.83316344 -3.93888807
v 2.02396727 0.83316344 -4.19859362
v 2.02396727 0.68333346 -4.19859362
v 2.89547849 0.08401337 -4.33518887
v 2.76090050 0.40891388 -4.33518887
v 2.76090050 0.40891388 -4.30022812
v 2.89547849 0.08401337 -4.30022812
v 2.73209786 0.38011143 -4.33518887
v 2.85474586 0.08401337 -4.33518887
v 2.85474586 0.08401337 -4.30022812
v 2.73209786 0.38011143 -4.30022812
v 2.43599987 0.54349208 -4.33518887
v 2.43599987 0.54349208 -4.30022812
v 2.43599987 0.50275928 -4.33518887
v 2.43599987 0.50275928 -4.30022812
v 2.11109924 0.40891388 -4.33518887
v 2.11109924 0.40891388 -4.30022812
v 2.13990188 0.38011143 -4.33518887
v 2.13990188 0.38011143 -4.30022812
v 1.97652113 0.08401334 -4.33518887
v 1.97652113 0.08401334 -4.30022812
v 2.01725388 0.08401334 -4.33518887
v 2.01725388 0.08401334 -4.30022812
v 2.11109948 -0.24088719 -4.33518887
v 2.11109948 -0.24088719 -4.30022812
v 2.13990188 -0.21208474 -4.33518887
v 2.13990188 -0.21208474 -4.30022812
v 2.43599987 -0.37546533 -4.33518887
v 2.43599987 -0.37546533 -4.30022812
v 2.43599987 -0.33473253 -4.33518887
v 2.43599987 -0.33473253 -4.30022812
v 2.76090050 -0.24088702 -4.33518887
v 2.76090050 -0.24088702 -4.30022812
v 2.73209810 -0.21208459 -4.33518887
v 2.73209810 -0.21208459 -4.30022812
v 0.37611756 -0.56000000 -3.47910404
v 0.55797845 -0.47952402 -2.95858455
v 1.62513852 -0.28975862 -3.21795368
v 1.47589397 -0.35480958 -3.64511919
v 0.75499439 -0.43020001 -2.39468861
v 1.78682005 -0.24988866 -2.75519133
v 0.95201033 -0.47952402 -1.83079267
v 1.94850159 -0.28975862 -2.29242897
v 1.13387120 -0.56000000 -1.31027329
v 2.09774613 -0.35480958 -1.86526346
v 1.13387120 -1.14999998 -1.31027329
v 2.09774613 -0.88767356 -1.86526346
v 0.95201033 -1.17855597 -1.83079267
v 1.94850159 -0.91075617 -2.29242897
v 0.75499439 -1.18893993 -2.39468861
v 1.78682005 -0.91914982 -2.75519133
v 0.55797845 -1.17855597 -2.95858455
v 1.62513852 -0.91075617 -3.21795368
v 0.37611756 -1.14999998 -3.47910404
v 1.47589397 -0.88767356 -3.64511919
v 2.97687435 -0.04703968 -3.54648852
v 2.86894393 -0.09490171 -3.85540533
v 3.09379911 -0.01770488 -3.21182847
v 3.21072388 -0.04703968 -2.87716842
v 3.31865430 -0.09490171 -2.56825161
v 3.31865430 -0.55539346 -2.56825161
v 3.21072388 -0.57237679 -2.87716842
v 3.09379911 -0.57855248 -3.21182847
v 2.97687435 -0.57237679 -3.54648852
v 2.86894393 -0.55539346 -3.85540533
v 4.11517859 0.15939188 -3.82314897
v 4.04203892 0.12396806 -4.03248835
v 4.19441319 0.18110323 -3.59636474
v 4.27364779 0.15939188 -3.36958051
v 4.34678745 0.12396806 -3.16024113
v 4.34678745 -0.27557862 -3.16024113
v 4.27364779 -0.28814834 -3.36958051
v 4.19441319 -0.29271919 -3.59636474
v 4.11517859 -0.28814834 -3.82314897
v 4.04203892 -0.27557862 -4.03248835
v 0.75499439 -0.83552998 -2.39468837
v 4.19441271 -0.06723500 -3.59636474
v 4.50406170 -0.02586198 -4.17841673
v 4.46257687 0.08561155 -4.17841673
v 4.60098362 0.14314628 -3.81889725
v 4.66388035 -0.02586198 -3.81889725
v 4.34923744 0.16721585 -4.17841673
v 4.42914677 0.26686892 -3.81889725
v 4.19441319 0.19708508 -4.17841673
v 4.19441319 0.31215453 -3.81889725
v 4.03958893 0.16721584 -4.17841673
v 3.95967937 0.26686889 -3.81889725
v 3.92624950 0.08561151 -4.17841673
v 3.78784251 0.14314622 -3.81889725
v 3.88476443 -0.02586200 -4.17841673
v 3.72494578 -0.02586201 -3.81889725
v 3.92624950 -0.13733555 -4.17841673
v 3.78784251 -0.19487029 -3.81889725
v 4.03958893 -0.21893981 -4.17841673
v 3.95967960 -0.31859288 -3.81889725
v 4.19441319 -0.24880904 -4.17841673
v 4.19441319 -0.36387849 -3.81889725
v 4.34923744 -0.21893975 -4.17841673
v 4.42914724 -0.31859279 -3.81889725
v 4.46257687 -0.13733545 -4.17841673
v 4.60098410 -0.19487016 -3.81889725
v 4.62693501 0.15393405 -2.97327352
v 4.69384670 -0.02586198 -2.97327352
v 4.44412994 0.28555387 -2.97327352
v 4.19441319 0.33373007 -2.97327352
v 3.94469643 0.28555384 -2.97327352
v 3.76189113 0.15393397 -2.97327352
v 3.69497991 -0.02586201 -2.97327352
v 3.76189137 -0.20565806 -2.97327352
v 3.94469643 -0.33727783 -2.97327352
v 4.19441319 -0.38545403 -2.97327352
v 4.44412994 -0.33727774 -2.97327352
v 4.62693501 -0.20565791 -2.97327352
v 4.57503271 0.13235852 -2.26116920
v 4.63391447 -0.02586198 -2.26116920
v 4.41416407 0.24818397 -2.26116920
v 4.19441319 0.29057902 -2.26116920
v 3.97466254 0.24818394 -2.26116920
v 3.81379390 0.13235846 -2.26116920
v 3.75491190 -0.02586200 -2.26116920
v 3.81379390 -0.18408254 -2.26116920
v 3.97466254 -0.29990792 -2.26116920
v 4.19441319 -0.34230298 -2.26116920
v 4.41416407 -0.29990786 -2.26116920
v 4.57503271 -0.18408240 -2.26116920
v 4.41932440 0.06763195 -2.08314300
v 4.45411873 -0.02586198 -2.08314300
v 4.32426596 0.13607426 -2.08314300
v 4.19441319 0.16112587 -2.08314300
v 4.06456041 0.13607424 -2.08314300
v 3.96950173 0.06763192 -2.08314300
v 3.93470788 -0.02586199 -2.08314300
v 3.96950173 -0.11935593 -2.08314300
v 4.06456041 -0.18779822 -2.08314300
v 4.19441319 -0.21284983 -2.08314300
v 4.32426596 -0.18779817 -2.08314300
v 4.41932487 -0.11935586 -2.08314300
v 4.19441319 -0.02586198 -4.17841721
v 4.19441319 -0.02586197 -2.08314323
v 4.16944170 -0.02586198 -4.61811733
v 4.14669180 0.05904169 -4.61811733
v 4.14669180 0.05904169 -4.30846882
v 4.16944170 -0.02586198 -4.30846882
v 3.99963427 -0.02586198 -4.30846882
v 3.99963427 -0.02586198 -4.61811733
v 4.08453798 0.12119551 -4.61811733
v 4.08453798 0.12119551 -4.30846882
v 3.99963427 0.14394537 -4.61811733
v 3.99963427 0.14394537 -4.30846882
v 3.91473055 0.12119550 -4.61811733
v 3.91473055 0.12119550 -4.30846882
v 3.85257673 0.05904166 -4.61811733
v 3.85257673 0.05904166 -4.30846882
v 3.82982683 -0.02586199 -4.61811733
v 3.82982683 -0.02586199 -4.30846882
v 3.85257673 -0.11076568 -4.61811733
v 3.85257673 -0.11076568 -4.30846882
v 3.91473055 -0.17291947 -4.61811733
v 3.91473055 -0.17291947 -4.30846882
v 3.99963427 -0.19566932 -4.61811733
v 3.99963427 -0.19566932 -4.30846882
v 4.08453798 -0.17291942 -4.61811733
v 4.08453798 -0.17291942 -4.30846882
v 4.14669180 -0.11076561 -4.61811733
v 4.14669180 -0.11076561 -4.30846882
v 4.55899954 -0.02586198 -4.61811733
v 4.53624964 0.05904169 -4.61811733
v 4.53624964 0.05904169 -4.30846882
v 4.55899954 -0.02586198 -4.30846882
v 4.38919210 -0.02586198 -4.30846882
v 4.38919210 -0.02586198 -4.61811733
v 4.47409582 0.12119551 -4.61811733
v 4.47409582 0.12119551 -4.30846882
v 4.38919210 0.14394537 -4.61811733
v 4.38919210 0.14394537 -4.30846882
v 4.30428839 0.12119550 -4.61811733
v 4.30428839 0.12119550 -4.30846882
v 4.24213457 0.05904166 -4.61811733
v 4.24213457 0.05904166 -4.30846882
v 4.21938467 -0.02586199 -4.61811733
v 4.21938467 -0.02586199 -4.30846882
v 4.24213457 -0.11076568 -4.61811733
v 4.24213457 -0.11076568 -4.30846882
v 4.30428839 -0.17291947 -4.61811733
v 4.30428839 -0.17291947 -4.30846882
v 4.38919210 -0.19566932 -4.61811733
v 4.38919210 -0.19566932 -4.30846882
v 4.47409582 -0.17291942 -4.61811733
v 4.47409582 -0.17291942 -4.30846882
v 4.53624964 -0.11076561 -4.61811733
v 4.53624964 -0.11076561 -4.30846882
v 4.87364244 -0.02586198 -4.71565676
v 4.67470074 0.45442572 -4.71565676
v 4.67470074 0.45442572 -4.62276220
v 4.87364244 -0.02586198 -4.62276220
v 4.55943203 0.33915666 -4.71565676
v 4.71062756 -0.02586198 -4.71565676
v 4.71062756 -0.02586198 -4.62276220
v 4.55943203 0.33915666 -4.62276220
v 4.19441319 0.65336740 -4.71565676
v 4.19441319 0.65336740 -4.62276220
v 4.19441319 0.49035233 -4.71565676
v 4.19441319 0.49035233 -4.62276220
v 3.71412539 0.45442572 -4.71565676
v 3.71412539 0.45442572 -4.62276220
v 3.82939458 0.33915666 -4.71565676
v 3.82939458 0.33915666 -4.62276220
v 3.51518393 -0.02586204 -4.71565676
v 3.51518393 -0.02586204 -4.62276220
v 3.67819881 -0.02586202 -4.71565676
v 3.67819881 -0.02586202 -4.62276220
v 3.71412563 -0.50614971 -4.71565676
v 3.71412563 -0.50614971 -4.62276220
v 3.82939458 -0.39088067 -4.71565676
v 3.82939458 -0.39088067 -4.62276220
v 4.19441319 -0.70509136 -4.71565676
v 4.19441319 -0.70509136 -4.62276220
v 4.19441319 -0.54207629 -4.71565676
v 4.19441319 -0.54207629 -4.62276220
v 4.67470121 -0.50614947 -4.71565676
v 4.67470121 -0.50614947 -4.62276220
v 4.55943203 -0.39088050 -4.71565676
v 4.55943203 -0.39088050 -4.62276220
v 4.60644579 0.57345808 -4.69802666
v 4.60644579 0.72328806 -4.69802666
v 4.60644579 0.72328806 -4.43832111
v 4.60644579 0.57345808 -4.43832111
v 3.78238058 0.57345808 -4.43832111
v 3.78238058 0.72328806 -4.43832111
v 3.78238058 0.72328806 -4.69802666
v 3.78238058 0.57345808 -4.69802666
v 4.65389204 -0.02586198 -4.83462191
v 4.51931381 0.29903853 -4.83462191
v 4.51931381 0.29903853 -4.79966116
v 4.65389204 -0.02586198 -4.79966116
v 4.49051142 0.27023607 -4.83462191
v 4.61315918 -0.02586198 -4.83462191
v 4.61315918 -0.02586198 -4.79966116
v 4.49051142 0.27023607 -4.79966116
v 4.19441319 0.43361673 -4.83462191
v 4.19441319 0.43361673 -4.79966116
v 4.19441319 0.39288393 -4.83462191
v 4.19441319 0.39288393 -4.79966116
v 3.86951256 0.29903853 -4.83462191
v 3.86951256 0.29903853 -4.79966116
v 3.89831519 0.27023607 -4.83462191
v 3.89831519 0.27023607 -4.79966116
v 3.73493457 -0.02586202 -4.83462191
v 3.73493457 -0.02586202 -4.79966116
v 3.77566719 -0.02586201 -4.83462191
v 3.77566719 -0.02586201 -4.79966116
v 3.86951280 -0.35076255 -4.83462191
v 3.86951280 -0.35076255 -4.79966116
v 3.89831519 -0.32196009 -4.83462191
v 3.89831519 -0.32196009 -4.79966116
v 4.19441319 -0.48534068 -4.83462191
v 4.19441319 -0.48534068 -4.79966116
v 4.19441319 -0.44460788 -4.83462191
v 4.19441319 -0.44460788 -4.79966116
v 4.51931381 -0.35076237 -4.83462191
v 4.51931381 -0.35076237 -4.79966116
v 4.49051142 -0.32195994 -4.83462191
v 4.49051142 -0.32195994 -4.79966116
v -4.76800013 0.81600004 -2.43199968
v -4.79949999 0.74400002 -3.11599970
v -4.94566011 0.92565209 -3.11599970
v -4.92928028 1.03860486 -2.43199968
v -5.10400009 1.03698719 -3.11599970
v -5.10400009 1.17504001 -2.43199968
v -5.26234007 0.92565209 -3.11599970
v -5.27871990 1.03860486 -2.43199968
v -5.40850019 0.74400002 -3.11599970
v -5.44000006 0.81600004 -2.43199968
v -5.40850019 -0.74400002 -3.11599970
v -5.44000006 -0.81600004 -2.43199968
v -5.26234007 -0.80845720 -3.11599970
v -5.27871990 -0.89498883 -2.43199968
v -5.10400009 -0.83189619 -3.11599970
v -5.10400009 -0.92371207 -2.43199968
v -4.94566011 -0.80845720 -3.11599970
v -4.92928028 -0.89498883 -2.43199968
v -4.79949999 -0.74400002 -3.11599970
v -4.76800013 -0.81600004 -2.43199968
v -4.83940029 0.65280002 -3.98239994
v -4.96640825 0.78849989 -3.98239994
v -5.10400009 0.87167084 -3.98239994
v -5.24159193 0.78849989 -3.98239994
v -5.36859989 0.65280002 -3.98239994
v -5.36859989 -0.65280002 -3.98239994
v -5.24159193 -0.70095158 -3.98239994
v -5.10400009 -0.71846128 -3.98239994
v -4.96640825 -0.70095158 -3.98239994
v -4.83940029 -0.65280002 -3.98239994
v -4.87300014 0.57600003 -4.71199989
v -4.98388004 0.67813635 -4.71199989
v -5.10400009 0.74073601 -4.71199989
v -5.22412014 0.67813635 -4.71199989
v -5.33500004 0.57600003 -4.71199989
v -5.33500004 -0.57600003 -4.71199989
v -5.22412014 -0.61224198 -4.71199989
v -5.10400009 -0.62542081 -4.71199989
v -4.98388004 -0.61224198 -4.71199989
v -4.87300014 -0.57600003 -4.71199989
v -5.10400057 0.05385601 -2.43199944
v -5.10400009 0.02471039 -4.71199942
v 4.76800013 0.81600004 -2.43199968
v 4.92928028 1.03860486 -2.43199968
v 4.94566011 0.92565209 -3.11599970
v 4.79949999 0.74400002 -3.11599970
v 5.10400009 1.17504001 -2.43199968
v 5.10400009 1.03698719 -3.11599970
v 5.27871990 1.03860486 -2.43199968
v 5.26234007 0.92565209 -3.11599970
v 5.44000006 0.81600004 -2.43199968
v 5.40850019 0.74400002 -3.11599970
v 5.44000006 -0.81600004 -2.43199968
v 5.40850019 -0.74400002 -3.11599970
v 5.27871990 -0.89498883 -2.43199968
v 5.26234007 -0.80845720 -3.11599970
v 5.10400009 -0.92371207 -2.43199968
v 5.10400009 -0.83189619 -3.11599970
v 4.92928028 -0.89498883 -2.43199968
v 4.94566011 -0.80845720 -3.11599970
v 4.76800013 -0.81600004 -2.43199968
v 4.79949999 -0.74400002 -3.11599970
v 4.96640825 0.78849989 -3.98239994
v 4.83940029 0.65280002 -3.98239994
v 5.10400009 0.87167084 -3.98239994
v 5.24159193 0.78849989 -3.98239994
v 5.36859989 0.65280002 -3.98239994
v 5.36859989 -0.65280002 -3.98239994
v 5.24159193 -0.70095158 -3.98239994
v 5.10400009 -0.71846128 -3.98239994
v 4.96640825 -0.70095158 -3.98239994
v 4.83940029 -0.65280002 -3.98239994
v 4.98388004 0.67813635 -4.71199989
v 4.87300014 0.57600003 -4.71199989
v 5.10400009 0.74073601 -4.71199989
v 5.22412014 0.67813635 -4.71199989
v 5.33500004 0.57600003 -4.71199989
v 5.33500004 -0.57600003 -4.71199989
v 5.22412014 -0.61224198 -4.71199989
v 5.10400009 -0.62542081 -4.71199989
v 4.98388004 -0.61224198 -4.71199989
v 4.87300014 -0.57600003 -4.71199989
v 5.10400057 0.05385601 -2.43199944
v 5.10400009 0.02471039 -4.71199942
v -3.81963849 -1.12582362 -3.55625129
v -1.88854814 -1.12582362 -3.61553931
v -1.97242916 -0.74182361 1.86419368
v -3.39975691 -0.74182361 1.90801525
v -1.89236164 0.64582360 -3.73974824
v -1.97624266 1.02982366 1.73998451
v -3.82345176 0.64582360 -3.68046021
v -3.40357018 1.02982366 1.78380609
v 1.88854814 -1.12582362 -3.61553931
v 3.81963849 -1.12582362 -3.55625129
v 3.39975691 -0.74182361 1.90801525
v 1.97242916 -0.74182361 1.86419368
v 3.82345176 0.64582360 -3.68046021
v 3.40357018 1.02982366 1.78380609
v 1.89236164 0.64582360 -3.73974824
v 1.97624266 1.02982366 1.73998451
v -1.71915853 -0.41376671 -3.61826921
v -1.55267251 -0.41376671 -1.70550084
v -4.13630962 -0.42540461 -1.79253435
v -4.24890709 -0.42540461 -3.08617020
v -1.55628264 0.38531855 -1.70518661
v -4.13991928 0.37368065 -1.79222012
v -1.72276866 0.38531855 -3.61795497
v -4.25251675 0.37368065 -3.08585596
v -1.79962611 -0.35299778 -3.08936477
v -1.33201432 -0.35299778 -1.22717822
v -2.29389358 -0.31519178 -1.30602551
v -2.61014676 -0.31519178 -2.56545210
v -1.29997373 0.44541252 -1.23522389
v -2.26185298 0.48321852 -1.31407118
v -1.76758552 0.44541252 -3.09741044
v -2.57810616 0.48321852 -2.57349777
v 1.33201432 -0.35299778 -1.22717822
v 1.79962611 -0.35299778 -3.08936477
v 2.61014676 -0.31519178 -2.56545210
v 2.29389358 -0.31519178 -1.30602551
v 1.76758552 0.44541252 -3.09741044
v 2.57810616 0.48321852 -2.57349777
v 1.29997373 0.44541252 -1.23522389
v 2.26185298 0.48321852 -1.31407118
v 1.55267251 -0.41376671 -1.70550084
v 1.71915853 -0.41376671 -3.61826921
v 4.24890709 -0.42540461 -3.08617020
v 4.13630962 -0.42540461 -1.79253435
v 1.72276866 0.38531855 -3.61795497
v 4.25251675 0.37368065 -3.08585596
v 1.55628264 0.38531855 -1.70518661
v 4.13991928 0.37368065 -1.79222012
v 6.52071333 2.25200033 1.66000009
v 7.10571337 2.25200033 1.66000009
v 7.08816338 2.25200033 1.97850001
v 6.53826332 2.25200033 1.97850001
v 7.10571337 2.70800018 1.66000009
v 7.08816338 2.70800018 1.97850001
v 6.52071333 2.70800018 1.66000009
v 6.53826332 2.70800018 1.97850001
v -7.10571337 2.25200033 1.66000009
v -6.52071333 2.25200033 1.66000009
v -6.53826332 2.25200033 1.97850001
v -7.08816338 2.25200033 1.97850001
v -6.52071333 2.70800018 1.66000009
v -6.53826332 2.70800018 1.97850001
v -7.10571337 2.70800018 1.66000009
v -7.08816338 2.70800018 1.97850001
v 7.32071352 2.25200033 1.66000009
v 7.90571356 2.25200033 1.66000009
v 7.88816357 2.25200033 1.97850001
v 7.33826351 2.25200033 1.97850001
v 7.90571356 2.70800018 1.66000009
v 7.88816357 2.70800018 1.97850001
v 7.32071352 2.70800018 1.66000009
v 7.33826351 2.70800018 1.97850001
v -7.90571356 2.25200033 1.66000009
v -7.32071352 2.25200033 1.66000009
v -7.33826351 2.25200033 1.97850001
v -7.88816357 2.25200033 1.97850001
v -7.32071352 2.70800018 1.66000009
v -7.33826351 2.70800018 1.97850001
v -7.90571356 2.70800018 1.66000009
v -7.88816357 2.70800018 1.97850001
v 6.52071333 -2.70800018 1.66000009
v 7.10571337 -2.70800018 1.66000009
v 7.08816338 -2.70800018 1.97850001
v 6.53826332 -2.70800018 1.97850001
v 7.10571337 -2.25200033 1.66000009
v 7.08816338 -2.25200033 1.97850001
v 6.52071333 -2.25200033 1.66000009
v 6.53826332 -2.25200033 1.97850001
v -7.10571337 -2.70800018 1.66000009
v -6.52071333 -2.70800018 1.66000009
v -6.53826332 -2.70800018 1.97850001
v -7.08816338 -2.70800018 1.97850001
v -6.52071333 -2.25200033 1.66000009
v -6.53826332 -2.25200033 1.97850001
v -7.10571337 -2.25200033 1.66000009
v -7.08816338 -2.25200033 1.97850001
v 7.32071352 -2.70800018 1.66000009
v 7.90571356 -2.70800018 1.66000009
v 7.88816357 -2.70800018 1.97850001
v 7.33826351 -2.70800018 1.97850001
v 7.90571356 -2.25200033 1.66000009
v 7.88816357 -2.25200033 1.97850001
v 7.32071352 -2.25200033 1.66000009
v 7.33826351 -2.25200033 1.97850001
v -7.90571356 -2.70800018 1.66000009
v -7.32071352 -2.70800018 1.66000009
v -7.33826351 -2.70800018 1.97850001
v -7.88816357 -2.70800018 1.97850001
v -7.32071352 -2.25200033 1.66000009
v -7.33826351 -2.25200033 1.97850001
v -7.90571356 -2.25200033 1.66000009
v -7.88816357 -2.25200033 1.97850001
v 2.40301442 1.48800004 -1.47040677
v 2.20956755 1.64870405 -0.65397149
v 3.84569573 1.99674058 -0.05308121
v 3.99498630 1.87860012 -0.68315625
v 2.00000000 1.74720001 0.23049998
v 3.68396425 2.06914926 0.62950003
v 1.79043245 1.64870405 1.11497140
v 3.52223277 1.99674058 1.31208134
v 1.59698558 1.48800004 1.93140674
v 3.37294221 1.87860012 1.94215631
v 1.59698558 0.19200000 1.93140674
v 3.37294221 0.81408012 1.94215631
v 1.79043245 0.13497600 1.11497140
v 3.52223277 0.77215934 1.31208134
v 2.00000000 0.11424000 0.23049998
v 3.68396425 0.75691539 0.62950003
v 2.20956755 0.13497600 -0.65397149
v 3.84569573 0.77215934 -0.05308121
v 2.40301442 0.19200000 -1.47040677
v 3.99498630 0.81408012 -0.68315625
v 5.91812420 2.44623995 0.70804650
v 6.01148319 2.37336016 0.31402773
v 5.81698513 2.49090815 1.13490009
v 5.71584606 2.44623995 1.56175375
v 5.62248707 2.37336016 1.95577240
v 5.62248707 1.60204828 1.95577240
v 5.71584606 1.57618773 1.56175375
v 5.81698513 1.56678391 1.13490009
v 5.91812420 1.57618773 0.70804650
v 6.01148319 1.60204828 0.31402773
v 7.66332769 2.83226681 1.34899592
v 7.70958662 2.79000020 1.15376151
v 7.61321354 2.85817218 1.56050003
v 7.56309938 2.83226681 1.77200413
v 7.51684046 2.79000020 1.96723855
v 7.51684046 2.26560020 1.96723855
v 7.56309938 2.25060248 1.77200413
v 7.61321354 2.24514866 1.56050003
v 7.66332769 2.25060248 1.34899592
v 7.70958662 2.26560020 1.15376151
v 2.00000024 0.87888014 0.23050003
v 7.61321354 2.53802586 1.56050014
v -2.40301442 1.48800004 -1.47040677
v -3.99498630 1.87860012 -0.68315625
v -3.84569573 1.99674058 -0.05308121
v -2.20956755 1.64870405 -0.65397149
v -3.68396425 2.06914926 0.62950003
v -2.00000000 1.74720001 0.23049998
v -3.52223277 1.99674058 1.31208134
v -1.79043245 1.64870405 1.11497140
v -3.37294221 1.87860012 1.94215631
v -1.59698558 1.48800004 1.93140674
v -3.37294221 0.81408012 1.94215631
v -1.59698558 0.19200000 1.93140674
v -3.52223277 0.77215934 1.31208134
v -1.79043245 0.13497600 1.11497140
v -3.68396425 0.75691539 0.62950003
v -2.00000000 0.11424000 0.23049998
v -3.84569573 0.77215934 -0.05308121
v -2.20956755 0.13497600 -0.65397149
v -3.99498630 0.81408012 -0.68315625
v -2.40301442 0.19200000 -1.47040677
v -6.01148319 2.37336016 0.31402773
v -5.91812420 2.44623995 0.70804650
v -5.81698513 2.49090815 1.13490009
v -5.71584606 2.44623995 1.56175375
v -5.62248707 2.37336016 1.95577240
v -5.62248707 1.60204828 1.95577240
v -5.71584606 1.57618773 1.56175375
v -5.81698513 1.56678391 1.13490009
v -5.91812420 1.57618773 0.70804650
v -6.01148319 1.60204828 0.31402773
v -7.70958662 2.79000020 1.15376151
v -7.66332769 2.83226681 1.34899592
v -7.61321354 2.85817218 1.56050003
v -7.56309938 2.83226681 1.77200413
v -7.51684046 2.79000020 1.96723855
v -7.51684046 2.26560020 1.96723855
v -7.56309938 2.25060248 1.77200413
v -7.61321354 2.24514866 1.56050003
v -7.66332769 2.25060248 1.34899592
v -7.70958662 2.26560020 1.15376151
v -2.00000024 0.87888014 0.23050003
v -7.61321354 2.53802586 1.56050014
v 2.40301442 -0.19200000 -1.47040677
v 2.20956755 -0.03129600 -0.65397149
v 3.84569573 -0.85325968 -0.05308121
v 3.99498630 -0.97140014 -0.68315625
v 2.00000000 0.06720001 0.23049998
v 3.68396425 -0.78085107 0.62950003
v 1.79043245 -0.03129600 1.11497140
v 3.52223277 -0.85325968 1.31208134
v 1.59698558 -0.19200000 1.93140674
v 3.37294221 -0.97140014 1.94215631
v 1.59698558 -1.48800004 1.93140674
v 3.37294221 -2.03592014 1.94215631
v 1.79043245 -1.54502404 1.11497140
v 3.52223277 -2.07784104 1.31208134
v 2.00000000 -1.56576002 0.23049998
v 3.68396425 -2.09308481 0.62950003
v 2.20956755 -1.54502404 -0.65397149
v 3.84569573 -2.07784104 -0.05308121
v 2.40301442 -1.48800004 -1.47040677
v 3.99498630 -2.03592014 -0.68315625
v 5.91812420 -1.88576055 0.70804650
v 6.01148319 -1.95864022 0.31402773
v 5.81698513 -1.84109223 1.13490009
v 5.71584606 -1.88576055 1.56175375
v 5.62248707 -1.95864022 1.95577240
v 5.62248707 -2.72995234 1.95577240
v 5.71584606 -2.75581288 1.56175375
v 5.81698513 -2.76521683 1.13490009
v 5.91812420 -2.75581288 0.70804650
v 6.01148319 -2.72995234 0.31402773
v 7.66332769 -2.74773359 1.34899592
v 7.70958662 -2.79000020 1.15376151
v 7.61321354 -2.72182822 1.56050003
v 7.56309938 -2.74773359 1.77200413
v 7.51684046 -2.79000020 1.96723855
v 7.51684046 -3.31440020 1.96723855
v 7.56309938 -3.32939792 1.77200413
v 7.61321354 -3.33485174 1.56050003
v 7.66332769 -3.32939792 1.34899592
v 7.70958662 -3.31440020 1.15376151
v 2.00000024 -0.80111998 0.23050003
v 7.61321354 -3.04197431 1.56050014
v -2.40301442 -0.19200000 -1.47040677
v -3.99498630 -0.97140014 -0.68315625
v -3.84569573 -0.85325968 -0.05308121
v -2.20956755 -0.03129600 -0.65397149
v -3.68396425 -0.78085107 0.62950003
v -2.00000000 0.06720001 0.23049998
v -3.52223277 -0.85325968 1.31208134
v -1.79043245 -0.03129600 1.11497140
v -3.37294221 -0.97140014 1.94215631
v -1.59698558 -0.19200000 1.93140674
v -3.37294221 -2.03592014 1.94215631
v -1.59698558 -1.48800004 1.93140674
v -3.52223277 -2.07784104 1.31208134
v -1.79043245 -1.54502404 1.11497140
v -3.68396425 -2.09308481 0.62950003
v -2.00000000 -1.56576002 0.23049998
v -3.84569573 -2.07784104 -0.05308121
v -2.20956755 -1.54502404 -0.65397149
v -3.99498630 -2.03592014 -0.68315625
v -2.40301442 -1.48800004 -1.47040677
v -6.01148319 -1.95864022 0.31402773
v -5.91812420 -1.88576055 0.70804650
v -5.81698513 -1.84109223 1.13490009
v -5.71584606 -1.88576055 1.56175375
v -5.62248707 -1.95864022 1.95577240
v -5.62248707 -2.72995234 1.95577240
v -5.71584606 -2.75581288 1.56175375
v -5.81698513 -2.76521683 1.13490009
v -5.91812420 -2.75581288 0.70804650
v -6.01148319 -2.72995234 0.31402773
v -7.70958662 -2.79000020 1.15376151
v -7.66332769 -2.74773359 1.34899592
v -7.61321354 -2.72182822 1.56050003
v -7.56309938 -2.74773359 1.77200413
v -7.51684046 -2.79000020 1.96723855
v -7.51684046 -3.31440020 1.96723855
v -7.56309938 -3.32939792 1.77200413
v -7.61321354 -3.33485174 1.56050003
v -7.66332769 -3.32939792 1.34899592
v -7.70958662 -3.31440020 1.15376151
v -2.00000024 -0.80111998 0.23050003
v -7.61321354 -3.04197431 1.56050014
v 0.65617365 1.31502962 -1.86566615
v 0.53085566 1.39463592 -1.86566615
v 1.01747334 1.46760821 -1.31229305
v 1.25766623 1.31502962 -1.31229305
v 0.20276880 1.44383526 -1.86566615
v 0.38864022 1.56190705 -1.31229305
v -0.20276883 1.44383526 -1.86566615
v -0.38864028 1.56190705 -1.31229305
v -0.53085572 1.39463592 -1.86566615
v -1.01747346 1.46760821 -1.31229305
v -0.65617365 1.31502962 -1.86566615
v -1.25766623 1.31502962 -1.31229305
v -0.53085560 1.23542333 -1.86566615
v -1.01747322 1.16245091 -1.31229305
v -0.20276858 1.18622398 -1.86566615
v -0.38863978 1.06815219 -1.31229305
v 0.20276889 1.18622398 -1.86566615
v 0.38864037 1.06815219 -1.31229305
v 0.53085560 1.23542333 -1.86566615
v 1.01747322 1.16245091 -1.31229305
v 1.19442523 1.49414372 -0.60799998
v 1.47639084 1.31502962 -0.60799998
v 0.45622984 1.60484231 -0.60799998
v -0.45622990 1.60484231 -0.60799998
v -1.19442534 1.49414372 -0.60799998
v -1.47639084 1.31502962 -0.60799998
v -1.19442511 1.13591552 -0.60799998
v -0.45622933 1.02521694 -0.60799998
v 0.45623001 1.02521694 -0.60799998
v 1.19442511 1.13591552 -0.60799998
v 0.99535435 1.46429133 0.09629303
v 1.23032558 1.31502962 0.09629303
v 0.38019150 1.55654013 0.09629303
v -0.38019156 1.55654013 0.09629303
v -0.99535441 1.46429133 0.09629303
v -1.23032558 1.31502962 0.09629303
v -0.99535424 1.16576791 0.09629303
v -0.38019109 1.07351911 0.09629303
v 0.38019165 1.07351911 0.09629303
v 0.99535424 1.16576791 0.09629303
v 0.50873667 1.39131892 0.64966625
v 0.62883312 1.31502962 0.64966625
v 0.19432011 1.43846834 0.64966625
v -0.19432014 1.43846834 0.64966625
v -0.50873673 1.39131892 0.64966625
v -0.62883312 1.31502962 0.64966625
v -0.50873661 1.23874032 0.64966625
v -0.19431989 1.19159091 0.64966625
v 0.19432019 1.19159091 0.64966625
v 0.50873661 1.23874032 0.64966625
v 0.00000003 1.31502950 -1.86566627
v 0.00000001 1.31502962 0.64966625
v -1.31750000 1.46208799 -1.18099999
v 1.31750000 1.46208799 -1.18099999
v 0.94550002 1.46208799 1.48499990
v -0.94550002 1.46208799 1.48499990
v 1.31750000 1.50408804 -1.18099999
v 0.94550002 1.50408804 1.48499990
v -1.31750000 1.50408804 -1.18099999
v -0.94550002 1.50408804 1.48499990
v -3.45805931 -0.02586198 -3.32062197
v -3.59869051 0.28576690 -3.32062197
v -3.22893143 0.47919172 -2.67821693
v -3.00101233 -0.02586198 -2.67821693
v -3.96686745 0.47836417 -3.32062197
v -3.82563210 0.79133213 -2.67821693
v -4.42195892 0.47836411 -3.32062197
v -4.56319427 0.79133207 -2.67821693
v -4.79013586 0.28576687 -3.32062197
v -5.15989494 0.47919166 -2.67821693
v -4.93076706 -0.02586202 -3.32062197
v -5.38781404 -0.02586205 -2.67821693
v -4.79013586 -0.33749092 -3.32062197
v -5.15989494 -0.53091580 -2.67821693
v -4.42195892 -0.53008819 -3.32062197
v -4.56319380 -0.84305614 -2.67821693
v -3.96686721 -0.53008807 -3.32062197
v -3.82563186 -0.84305602 -2.67821693
v -3.59869051 -0.33749089 -3.32062197
v -3.22893143 -0.53091574 -2.67821693
v -3.10567856 0.54366666 -1.86061037
v -2.84866333 -0.02586198 -1.86061037
v -3.77855349 0.89565474 -1.86061037
v -4.61027288 0.89565468 -1.86061037
v -5.28314781 0.54366660 -1.86061037
v -5.54016304 -0.02586206 -1.86061037
v -5.28314781 -0.59539074 -1.86061037
v -4.61027241 -0.94737875 -1.86061037
v -3.77855349 -0.94737864 -1.86061037
v -3.10567856 -0.59539068 -1.86061037
v -3.27001572 0.45770010 -1.04300380
v -3.05179524 -0.02586198 -1.04300380
v -3.84132481 0.75655794 -1.04300380
v -4.54750156 0.75655788 -1.04300380
v -5.11881065 0.45770004 -1.04300380
v -5.33703136 -0.02586205 -1.04300380
v -5.11881065 -0.50942415 -1.04300380
v -4.54750109 -0.80828190 -1.04300380
v -3.84132481 -0.80828184 -1.04300380
v -3.27001595 -0.50942409 -1.04300380
v -3.61923265 0.27502108 -0.40059865
v -3.48345089 -0.02586198 -0.40059865
v -3.97471380 0.46097708 -0.40059865
v -4.41411257 0.46097705 -0.40059865
v -4.76959372 0.27502105 -0.40059865
v -4.90537548 -0.02586202 -0.40059865
v -4.76959372 -0.32674509 -0.40059865
v -4.41411257 -0.51270103 -0.40059865
v -3.97471356 -0.51270097 -0.40059865
v -3.61923265 -0.32674506 -0.40059865
v -4.19441319 -0.02586200 -3.32062197
v -4.19441366 -0.02586198 -0.40059859
v -1.69964612 0.08401337 -2.82118845
v -1.84027719 0.39564225 -2.82118845
v -1.47051811 0.58906710 -2.17878342
v -1.24259889 0.08401337 -2.17878342
v -2.20845413 0.58823955 -2.82118845
v -2.06721878 0.90120745 -2.17878342
v -2.66354561 0.58823943 -2.82118845
v -2.80478120 0.90120745 -2.17878342
v -3.03172255 0.39564222 -2.82118845
v -3.40148163 0.58906698 -2.17878342
v -3.17235374 0.08401333 -2.82118845
v -3.62940073 0.08401330 -2.17878342
v -3.03172255 -0.22761557 -2.82118845
v -3.40148163 -0.42104045 -2.17878342
v -2.66354537 -0.42021284 -2.82118845
v -2.80478072 -0.73318076 -2.17878342
v -2.20845389 -0.42021272 -2.82118845
v -2.06721854 -0.73318064 -2.17878342
v -1.84027719 -0.22761554 -2.82118845
v -1.47051823 -0.42104039 -2.17878342
v -1.34726524 0.65354204 -1.36117685
v -1.09024990 0.08401337 -1.36117685
v -2.02014017 1.00553012 -1.36117685
v -2.85185957 1.00553000 -1.36117685
v -3.52473450 0.65354192 -1.36117685
v -3.78174973 0.08401329 -1.36117685
v -3.52473450 -0.48551539 -1.36117685
v -2.85185909 -0.83750343 -1.36117685
v -2.02014017 -0.83750331 -1.36117685
v -1.34726536 -0.48551533 -1.36117685
v -1.51160252 0.56757545 -0.54357034
v -1.29338193 0.08401337 -0.54357034
v -2.08291149 0.86643326 -0.54357034
v -2.78908825 0.86643326 -0.54357034
v -3.36039734 0.56757540 -0.54357034
v -3.57861781 0.08401330 -0.54357034
v -3.36039710 -0.39954880 -0.54357034
v -2.78908777 -0.69840658 -0.54357034
v -2.08291149 -0.69840646 -0.54357034
v -1.51160264 -0.39954874 -0.54357034
v -1.86081934 0.38489643 0.09883487
v -1.72503757 0.08401337 0.09883487
v -2.21630049 0.57085240 0.09883487
v -2.65569925 0.57085240 0.09883487
v -3.01118040 0.38489640 0.09883487
v -3.14696217 0.08401333 0.09883487
v -3.01118040 -0.21686974 0.09883487
v -2.65569901 -0.40282571 0.09883487
v -2.21630025 -0.40282565 0.09883487
v -1.86081934 -0.21686971 0.09883487
v -2.43599987 0.08401334 -2.82118821
v -2.43599987 0.08401336 0.09883487
v 3.17235374 0.08401337 -2.82118845
v 3.03172255 0.39564225 -2.82118845
v 3.40148163 0.58906710 -2.17878342
v 3.62940073 0.08401337 -2.17878342
v 2.66354561 0.58823955 -2.82118845
v 2.80478096 0.90120745 -2.17878342
v 2.20845413 0.58823943 -2.82118845
v 2.06721854 0.90120745 -2.17878342
v 1.84027719 0.39564222 -2.82118845
v 1.47051811 0.58906698 -2.17878342
v 1.69964612 0.08401333 -2.82118845
v 1.24259889 0.08401330 -2.17878342
v 1.84027719 -0.22761557 -2.82118845
v 1.47051823 -0.42104045 -2.17878342
v 2.20845437 -0.42021284 -2.82118845
v 2.06721902 -0.73318076 -2.17878342
v 2.66354585 -0.42021272 -2.82118845
v 2.80478120 -0.73318064 -2.17878342
v 3.03172255 -0.22761554 -2.82118845
v 3.40148163 -0.42104039 -2.17878342
v 3.52473450 0.65354204 -1.36117685
v 3.78174973 0.08401337 -1.36117685
v 2.85185957 1.00553012 -1.36117685
v 2.02014017 1.00553000 -1.36117685
v 1.34726512 0.65354192 -1.36117685
v 1.09024990 0.08401329 -1.36117685
v 1.34726536 -0.48551539 -1.36117685
v 2.02014065 -0.83750343 -1.36117685
v 2.85185957 -0.83750331 -1.36117685
v 3.52473450 -0.48551533 -1.36117685
v 3.36039734 0.56757545 -0.54357034
v 3.57861781 0.08401337 -0.54357034
v 2.78908825 0.86643326 -0.54357034
v 2.08291149 0.86643326 -0.54357034
v 1.51160240 0.56757540 -0.54357034
v 1.29338193 0.08401330 -0.54357034
v 1.51160264 -0.39954880 -0.54357034
v 2.08291197 -0.69840658 -0.54357034
v 2.78908825 -0.69840646 -0.54357034
v 3.36039710 -0.39954874 -0.54357034
v 3.01118040 0.38489643 0.09883487
v 3.14696217 0.08401337 0.09883487
v 2.65569925 0.57085240 0.09883487
v 2.21630049 0.57085240 0.09883487
v 1.86081922 0.38489640 0.09883487
v 1.72503757 0.08401333 0.09883487
v 1.86081934 -0.21686974 0.09883487
v 2.21630073 -0.40282571 0.09883487
v 2.65569949 -0.40282565 0.09883487
v 3.01118040 -0.21686971 0.09883487
v 2.43599987 0.08401334 -2.82118821
v 2.43599987 0.08401336 0.09883487
v 4.93076706 -0.02586198 -3.32062197
v 4.79013586 0.28576690 -3.32062197
v 5.15989494 0.47919172 -2.67821693
v 5.38781404 -0.02586198 -2.67821693
v 4.42195892 0.47836417 -3.32062197
v 4.56319427 0.79133213 -2.67821693
v 3.96686745 0.47836411 -3.32062197
v 3.82563186 0.79133207 -2.67821693
v 3.59869051 0.28576687 -3.32062197
v 3.22893143 0.47919166 -2.67821693
v 3.45805931 -0.02586202 -3.32062197
v 3.00101233 -0.02586205 -2.67821693
v 3.59869051 -0.33749092 -3.32062197
v 3.22893143 -0.53091580 -2.67821693
v 3.96686769 -0.53008819 -3.32062197
v 3.82563233 -0.84305614 -2.67821693
v 4.42195892 -0.53008807 -3.32062197
v 4.56319427 -0.84305602 -2.67821693
v 4.79013586 -0.33749089 -3.32062197
v 5.15989494 -0.53091574 -2.67821693
v 5.28314781 0.54366666 -1.86061037
v 5.54016304 -0.02586198 -1.86061037
v 4.61027288 0.89565474 -1.86061037
v 3.77855349 0.89565468 -1.86061037
v 3.10567856 0.54366660 -1.86061037
v 2.84866333 -0.02586206 -1.86061037
v 3.10567856 -0.59539074 -1.86061037
v 3.77855396 -0.94737875 -1.86061037
v 4.61027288 -0.94737864 -1.86061037
v 5.28314781 -0.59539068 -1.86061037
v 5.11881065 0.45770010 -1.04300380
v 5.33703136 -0.02586198 -1.04300380
v 4.54750156 0.75655794 -1.04300380
v 3.84132481 0.75655788 -1.04300380
v 3.27001572 0.45770004 -1.04300380
v 3.05179524 -0.02586205 -1.04300380
v 3.27001595 -0.50942415 -1.04300380
v 3.84132528 -0.80828190 -1.04300380
v 4.54750156 -0.80828184 -1.04300380
v 5.11881065 -0.50942409 -1.04300380
v 4.76959372 0.27502108 -0.40059865
v 4.90537548 -0.02586198 -0.40059865
v 4.41411257 0.46097708 -0.40059865
v 3.97471380 0.46097705 -0.40059865
v 3.61923265 0.27502105 -0.40059865
v 3.48345089 -0.02586202 -0.40059865
v 3.61923265 -0.32674509 -0.40059865
v 3.97471404 -0.51270103 -0.40059865
v 4.41411257 -0.51270097 -0.40059865
v 4.76959372 -0.32674506 -0.40059865
v 4.19441319 -0.02586200 -3.32062197
v 4.19441271 -0.02586198 -0.40059859
v 0.96599996 1.54600012 -3.34399986
v 0.50231993 1.55716014 -3.34399986
v 0.44990396 1.55418825 -2.24959993
v 0.86519998 1.54420006 -2.24959993
v 0.00000000 1.56400013 -3.34399986
v 0.00000000 1.56031001 -2.24959993
v -0.50231993 1.55716014 -3.34399986
v -0.44990396 1.55418825 -2.24959993
v -0.96599996 1.54600012 -3.34399986
v -0.86519998 1.54420006 -2.24959993
v -0.96599996 1.50200009 -3.34399986
v -0.86519998 1.50320005 -2.24959993
v -0.50231993 1.49804008 -3.34399986
v -0.44990396 1.49965584 -2.24959993
v 0.00000000 1.49660015 -3.34399986
v 0.00000000 1.49836707 -2.24959993
v 0.50231993 1.49804008 -3.34399986
v 0.44990396 1.49965584 -2.24959993
v 0.96599996 1.50200009 -3.34399986
v 0.86519998 1.50320005 -2.24959993
v 0.38351038 1.55042398 -0.86335993
v 0.73751998 1.54192007 -0.86335993
v 0.00000000 1.55563605 -0.86335993
v -0.38351038 1.55042398 -0.86335993
v -0.73751998 1.54192007 -0.86335993
v -0.73751998 1.50472009 -0.86335993
v -0.38351038 1.50170255 -0.86335993
v 0.00000000 1.50060534 -0.86335993
v 0.38351038 1.50170255 -0.86335993
v 0.73751998 1.50472009 -0.86335993
v 0.32759997 1.54725409 0.30399990
v 0.63000000 1.54000008 0.30399990
v 0.00000000 1.55170012 0.30399990
v -0.32759997 1.54725409 0.30399990
v -0.63000000 1.54000008 0.30399990
v -0.63000000 1.50600004 0.30399990
v -0.32759997 1.50342607 0.30399990
v 0.00000000 1.50249004 0.30399990
v 0.32759997 1.50342607 0.30399990
v 0.63000000 1.50600004 0.30399990
v 0.00000000 1.52670014 -3.34399986
v 0.00000000 1.52475512 0.30399990
v 7.18100023 2.45499992 2.12800002
v 7.13199997 2.45499992 1.97300005
v 7.06199980 2.47499990 2.00699997
v 7.09999990 2.47499990 2.12800002
v 6.99700022 2.45499992 1.86000001
v 6.95699978 2.47499990 1.91900003
v 6.81300020 2.45499992 1.81900001
v 6.81300020 2.47499990 1.88699996
v 6.62900019 2.45499992 1.86000001
v 6.66900015 2.47499990 1.91900003
v 6.49399996 2.45499992 1.97300005
v 6.56400013 2.47499990 2.00699997
v 6.44500017 2.45499992 2.12800002
v 6.52600002 2.47499990 2.12800002
v 6.49399996 2.45499992 2.28299999
v 6.56400013 2.47499990 2.24900007
v 6.62900019 2.45499992 2.39599991
v 6.66900015 2.47499990 2.33699989
v 6.81300020 2.45499992 2.43700004
v 6.81300020 2.47499990 2.36899996
v 6.99700022 2.45499992 2.39599991
v 6.95699978 2.47499990 2.33699989
v 7.13199997 2.45499992 2.28299999
v 7.06199980 2.47499990 2.24900007
v 6.97900009 2.58500004 2.04800010
v 7.00400019 2.58500004 2.12800002
v 6.90899992 2.58500004 1.98899996
v 6.81300020 2.58500004 1.96700001
v 6.71700001 2.58500004 1.98899996
v 6.64699984 2.58500004 2.04800010
v 6.62200022 2.58500004 2.12800002
v 6.64699984 2.58500004 2.20799994
v 6.71700001 2.58500004 2.26699996
v 6.81300020 2.58500004 2.28900003
v 6.90899992 2.58500004 2.26699996
v 6.97900009 2.58500004 2.20799994
v 6.89900017 2.72199988 2.08599997
v 6.91200018 2.72199988 2.12800002
v 6.86299992 2.72199988 2.05599999
v 6.81300020 2.72199988 2.04500008
v 6.76300001 2.72199988 2.05599999
v 6.72700024 2.72199988 2.08599997
v 6.71400023 2.72199988 2.12800002
v 6.72700024 2.72199988 2.17000008
v 6.76300001 2.72199988 2.20000005
v 6.81300020 2.72199988 2.21099997
v 6.86299992 2.72199988 2.20000005
v 6.89900017 2.72199988 2.17000008
v 6.81299973 2.45499992 2.12800002
v 6.81300020 2.78999996 2.12800002
v -7.18100023 2.45499992 2.12800002
v -7.09999990 2.47499990 2.12800002
v -7.06199980 2.47499990 2.00699997
v -7.13199997 2.45499992 1.97300005
v -6.95699978 2.47499990 1.91900003
v -6.99700022 2.45499992 1.86000001
v -6.81300020 2.47499990 1.88699996
v -6.81300020 2.45499992 1.81900001
v -6.66900015 2.47499990 1.91900003
v -6.62900019 2.45499992 1.86000001
v -6.56400013 2.47499990 2.00699997
v -6.49399996 2.45499992 1.97300005
v -6.52600002 2.47499990 2.12800002
v -6.44500017 2.45499992 2.12800002
v -6.56400013 2.47499990 2.24900007
v -6.49399996 2.45499992 2.28299999
v -6.66900015 2.47499990 2.33699989
v -6.62900019 2.45499992 2.39599991
v -6.81300020 2.47499990 2.36899996
v -6.81300020 2.45499992 2.43700004
v -6.95699978 2.47499990 2.33699989
v -6.99700022 2.45499992 2.39599991
v -7.06199980 2.47499990 2.24900007
v -7.13199997 2.45499992 2.28299999
v -7.00400019 2.58500004 2.12800002
v -6.97900009 2.58500004 2.04800010
v -6.90899992 2.58500004 1.98899996
v -6.81300020 2.58500004 1.96700001
v -6.71700001 2.58500004 1.98899996
v -6.64699984 2.58500004 2.04800010
v -6.62200022 2.58500004 2.12800002
v -6.64699984 2.58500004 2.20799994
v -6.71700001 2.58500004 2.26699996
v -6.81300020 2.58500004 2.28900003
v -6.90899992 2.58500004 2.26699996
v -6.97900009 2.58500004 2.20799994
v -6.91200018 2.72199988 2.12800002
v -6.89900017 2.72199988 2.08599997
v -6.86299992 2.72199988 2.05599999
v -6.81300020 2.72199988 2.04500008
v -6.76300001 2.72199988 2.05599999
v -6.72700024 2.72199988 2.08599997
v -6.71400023 2.72199988 2.12800002
v -6.72700024 2.72199988 2.17000008
v -6.76300001 2.72199988 2.20000005
v -6.81300020 2.72199988 2.21099997
v -6.86299992 2.72199988 2.20000005
v -6.89900017 2.72199988 2.17000008
v -6.81299973 2.45499992 2.12800002
v -6.81300020 2.78999996 2.12800002
v 7.98099995 2.45499992 2.12800002
v 7.93200016 2.45499992 1.97300005
v 7.86199999 2.47499990 2.00699997
v 7.90000010 2.47499990 2.12800002
v 7.79699993 2.45499992 1.86000001
v 7.75699997 2.47499990 1.91900003
v 7.61299992 2.45499992 1.81900001
v 7.61299992 2.47499990 1.88699996
v 7.42899990 2.45499992 1.86000001
v 7.46899986 2.47499990 1.91900003
v 7.29400015 2.45499992 1.97300005
v 7.36399984 2.47499990 2.00699997
v 7.24499989 2.45499992 2.12800002
v 7.32600021 2.47499990 2.12800002
v 7.29400015 2.45499992 2.28299999
v 7.36399984 2.47499990 2.24900007
v 7.42899990 2.45499992 2.39599991
v 7.46899986 2.47499990 2.33699989
v 7.61299992 2.45499992 2.43700004
v 7.61299992 2.47499990 2.36899996
v 7.79699993 2.45499992 2.39599991
v 7.75699997 2.47499990 2.33699989
v 7.93200016 2.45499992 2.28299999
v 7.86199999 2.47499990 2.24900007
v 7.77899981 2.58500004 2.04800010
v 7.80399990 2.58500004 2.12800002
v 7.70900011 2.58500004 1.98899996
v 7.61299992 2.58500004 1.96700001
v 7.51700020 2.58500004 1.98899996
v 7.44700003 2.58500004 2.04800010
v 7.42199993 2.58500004 2.12800002
v 7.44700003 2.58500004 2.20799994
v 7.51700020 2.58500004 2.26699996
v 7.61299992 2.58500004 2.28900003
v 7.70900011 2.58500004 2.26699996
v 7.77899981 2.58500004 2.20799994
v 7.69899988 2.72199988 2.08599997
v 7.71199989 2.72199988 2.12800002
v 7.66300011 2.72199988 2.05599999
v 7.61299992 2.72199988 2.04500008
v 7.56300020 2.72199988 2.05599999
v 7.52699995 2.72199988 2.08599997
v 7.51399994 2.72199988 2.12800002
v 7.52699995 2.72199988 2.17000008
v 7.56300020 2.72199988 2.20000005
v 7.61299992 2.72199988 2.21099997
v 7.66300011 2.72199988 2.20000005
v 7.69899988 2.72199988 2.17000008
v 7.61299896 2.45499992 2.12800002
v 7.61299992 2.78999996 2.12800002
v -7.98099995 2.45499992 2.12800002
v -7.90000010 2.47499990 2.12800002
v -7.86199999 2.47499990 2.00699997
v -7.93200016 2.45499992 1.97300005
v -7.75699997 2.47499990 1.91900003
v -7.79699993 2.45499992 1.86000001
v -7.61299992 2.47499990 1.88699996
v -7.61299992 2.45499992 1.81900001
v -7.46899986 2.47499990 1.91900003
v -7.42899990 2.45499992 1.86000001
v -7.36399984 2.47499990 2.00699997
v -7.29400015 2.45499992 1.97300005
v -7.32600021 2.47499990 2.12800002
v -7.24499989 2.45499992 2.12800002
v -7.36399984 2.47499990 2.24900007
v -7.29400015 2.45499992 2.28299999
v -7.46899986 2.47499990 2.33699989
v -7.42899990 2.45499992 2.39599991
v -7.61299992 2.47499990 2.36899996
v -7.61299992 2.45499992 2.43700004
v -7.75699997 2.47499990 2.33699989
v -7.79699993 2.45499992 2.39599991
v -7.86199999 2.47499990 2.24900007
v -7.93200016 2.45499992 2.28299999
v -7.80399990 2.58500004 2.12800002
v -7.77899981 2.58500004 2.04800010
v -7.70900011 2.58500004 1.98899996
v -7.61299992 2.58500004 1.96700001
v -7.51700020 2.58500004 1.98899996
v -7.44700003 2.58500004 2.04800010
v -7.42199993 2.58500004 2.12800002
v -7.44700003 2.58500004 2.20799994
v -7.51700020 2.58500004 2.26699996
v -7.61299992 2.58500004 2.28900003
v -7.70900011 2.58500004 2.26699996
v -7.77899981 2.58500004 2.20799994
v -7.71199989 2.72199988 2.12800002
v -7.69899988 2.72199988 2.08599997
v -7.66300011 2.72199988 2.05599999
v -7.61299992 2.72199988 2.04500008
v -7.56300020 2.72199988 2.05599999
v -7.52699995 2.72199988 2.08599997
v -7.51399994 2.72199988 2.12800002
v -7.52699995 2.72199988 2.17000008
v -7.56300020 2.72199988 2.20000005
v -7.61299992 2.72199988 2.21099997
v -7.66300011 2.72199988 2.20000005
v -7.69899988 2.72199988 2.17000008
v -7.61299896 2.45499992 2.12800002
v -7.61299992 2.78999996 2.12800002
v 6.44500017 -2.45499992 2.12800002
v 6.49399996 -2.45499992 1.97300005
v 6.56400013 -2.47499990 2.00699997
v 6.52600002 -2.47499990 2.12800002
v 6.62900019 -2.45499992 1.86000001
v 6.66900015 -2.47499990 1.91900003
v 6.81300020 -2.45499992 1.81900001
v 6.81300020 -2.47499990 1.88699996
v 6.99700022 -2.45499992 1.86000001
v 6.95699978 -2.47499990 1.91900003
v 7.13199997 -2.45499992 1.97300005
v 7.06199980 -2.47499990 2.00699997
v 7.18100023 -2.45499992 2.12800002
v 7.09999990 -2.47499990 2.12800002
v 7.13199997 -2.45499992 2.28299999
v 7.06199980 -2.47499990 2.24900007
v 6.99700022 -2.45499992 2.39599991
v 6.95699978 -2.47499990 2.33699989
v 6.81300020 -2.45499992 2.43700004
v 6.81300020 -2.47499990 2.36899996
v 6.62900019 -2.45499992 2.39599991
v 6.66900015 -2.47499990 2.33699989
v 6.49399996 -2.45499992 2.28299999
v 6.56400013 -2.47499990 2.24900007
v 6.64699984 -2.58500004 2.04800010
v 6.62200022 -2.58500004 2.12800002
v 6.71700001 -2.58500004 1.98899996
v 6.81300020 -2.58500004 1.96700001
v 6.90899992 -2.58500004 1.98899996
v 6.97900009 -2.58500004 2.04800010
v 7.00400019 -2.58500004 2.12800002
v 6.97900009 -2.58500004 2.20799994
v 6.90899992 -2.58500004 2.26699996
v 6.81300020 -2.58500004 2.28900003
v 6.71700001 -2.58500004 2.26699996
v 6.64699984 -2.58500004 2.20799994
v 6.72700024 -2.72199988 2.08599997
v 6.71400023 -2.72199988 2.12800002
v 6.76300001 -2.72199988 2.05599999
v 6.81300020 -2.72199988 2.04500008
v 6.86299992 -2.72199988 2.05599999
v 6.89900017 -2.72199988 2.08599997
v 6.91200018 -2.72199988 2.12800002
v 6.89900017 -2.72199988 2.17000008
v 6.86299992 -2.72199988 2.20000005
v 6.81300020 -2.72199988 2.21099997
v 6.76300001 -2.72199988 2.20000005
v 6.72700024 -2.72199988 2.17000008
v 6.81300068 -2.45499992 2.12800002
v 6.81300020 -2.78999996 2.12800002
v -6.44500017 -2.45499992 2.12800002
v -6.52600002 -2.47499990 2.12800002
v -6.56400013 -2.47499990 2.00699997
v -6.49399996 -2.45499992 1.97300005
v -6.66900015 -2.47499990 1.91900003
v -6.62900019 -2.45499992 1.86000001
v -6.81300020 -2.47499990 1.88699996
v -6.81300020 -2.45499992 1.81900001
v -6.95699978 -2.47499990 1.91900003
v -6.99700022 -2.45499992 1.86000001
v -7.06199980 -2.47499990 2.00699997
v -7.13199997 -2.45499992 1.97300005
v -7.09999990 -2.47499990 2.12800002
v -7.18100023 -2.45499992 2.12800002
v -7.06199980 -2.47499990 2.24900007
v -7.13199997 -2.45499992 2.28299999
v -6.95699978 -2.47499990 2.33699989
v -6.99700022 -2.45499992 2.39599991
v -6.81300020 -2.47499990 2.36899996
v -6.81300020 -2.45499992 2.43700004
v -6.66900015 -2.47499990 2.33699989
v -6.62900019 -2.45499992 2.39599991
v -6.56400013 -2.47499990 2.24900007
v -6.49399996 -2.45499992 2.28299999
v -6.62200022 -2.58500004 2.12800002
v -6.64699984 -2.58500004 2.04800010
v -6.71700001 -2.58500004 1.98899996
v -6.81300020 -2.58500004 1.96700001
v -6.90899992 -2.58500004 1.98899996
v -6.97900009 -2.58500004 2.04800010
v -7.00400019 -2.58500004 2.12800002
v -6.97900009 -2.58500004 2.20799994
v -6.90899992 -2.58500004 2.26699996
v -6.81300020 -2.58500004 2.28900003
v -6.71700001 -2.58500004 2.26699996
v -6.64699984 -2.58500004 2.20799994
v -6.71400023 -2.72199988 2.12800002
v -6.72700024 -2.72199988 2.08599997
v -6.76300001 -2.72199988 2.05599999
v -6.81300020 -2.72199988 2.04500008
v -6.86299992 -2.72199988 2.05599999
v -6.89900017 -2.72199988 2.08599997
v -6.91200018 -2.72199988 2.12800002
v -6.89900017 -2.72199988 2.17000008
v -6.86299992 -2.72199988 2.20000005
v -6.81300020 -2.72199988 2.21099997
v -6.76300001 -2.72199988 2.20000005
v -6.72700024 -2.72199988 2.17000008
v -6.81300068 -2.45499992 2.12800002
v -6.81300020 -2.78999996 2.12800002
v 7.24499989 -2.45499992 2.12800002
v 7.29400015 -2.45499992 1.97300005
v 7.36399984 -2.47499990 2.00699997
v 7.32600021 -2.47499990 2.12800002
v 7.42899990 -2.45499992 1.86000001
v 7.46899986 -2.47499990 1.91900003
v 7.61299992 -2.45499992 1.81900001
v 7.61299992 -2.47499990 1.88699996
v 7.79699993 -2.45499992 1.86000001
v 7.75699997 -2.47499990 1.91900003
v 7.93200016 -2.45499992 1.97300005
v 7.86199999 -2.47499990 2.00699997
v 7.98099995 -2.45499992 2.12800002
v 7.90000010 -2.47499990 2.12800002
v 7.93200016 -2.45499992 2.28299999
v 7.86199999 -2.47499990 2.24900007
v 7.79699993 -2.45499992 2.39599991
v 7.75699997 -2.47499990 2.33699989
v 7.61299992 -2.45499992 2.43700004
v 7.61299992 -2.47499990 2.36899996
v 7.42899990 -2.45499992 2.39599991
v 7.46899986 -2.47499990 2.33699989
v 7.29400015 -2.45499992 2.28299999
v 7.36399984 -2.47499990 2.24900007
v 7.44700003 -2.58500004 2.04800010
v 7.42199993 -2.58500004 2.12800002
v 7.51700020 -2.58500004 1.98899996
v 7.61299992 -2.58500004 1.96700001
v 7.70900011 -2.58500004 1.98899996
v 7.77899981 -2.58500004 2.04800010
v 7.80399990 -2.58500004 2.12800002
v 7.77899981 -2.58500004 2.20799994
v 7.70900011 -2.58500004 2.26699996
v 7.61299992 -2.58500004 2.28900003
v 7.51700020 -2.58500004 2.26699996
v 7.44700003 -2.58500004 2.20799994
v 7.52699995 -2.72199988 2.08599997
v 7.51399994 -2.72199988 2.12800002
v 7.56300020 -2.72199988 2.05599999
v 7.61299992 -2.72199988 2.04500008
v 7.66300011 -2.72199988 2.05599999
v 7.69899988 -2.72199988 2.08599997
v 7.71199989 -2.72199988 2.12800002
v 7.69899988 -2.72199988 2.17000008
v 7.66300011 -2.72199988 2.20000005
v 7.61299992 -2.72199988 2.21099997
v 7.56300020 -2.72199988 2.20000005
v 7.52699995 -2.72199988 2.17000008
v 7.61299992 -2.45499992 2.12800002
v 7.61299992 -2.78999996 2.12800002
v -7.24499989 -2.45499992 2.12800002
v -7.32600021 -2.47499990 2.12800002
v -7.36399984 -2.47499990 2.00699997
v -7.29400015 -2.45499992 1.97300005
v -7.46899986 -2.47499990 1.91900003
v -7.42899990 -2.45499992 1.86000001
v -7.61299992 -2.47499990 1.88699996
v -7.61299992 -2.45499992 1.81900001
v -7.75699997 -2.47499990 1.91900003
v -7.79699993 -2.45499992 1.86000001
v -7.86199999 -2.47499990 2.00699997
v -7.93200016 -2.45499992 1.97300005
v -7.90000010 -2.47499990 2.12800002
v -7.98099995 -2.45499992 2.12800002
v -7.86199999 -2.47499990 2.24900007
v -7.93200016 -2.45499992 2.28299999
v -7.75699997 -2.47499990 2.33699989
v -7.79699993 -2.45499992 2.39599991
v -7.61299992 -2.47499990 2.36899996
v -7.61299992 -2.45499992 2.43700004
v -7.46899986 -2.47499990 2.33699989
v -7.42899990 -2.45499992 2.39599991
v -7.36399984 -2.47499990 2.24900007
v -7.29400015 -2.45499992 2.28299999
v -7.42199993 -2.58500004 2.12800002
v -7.44700003 -2.58500004 2.04800010
v -7.51700020 -2.58500004 1.98899996
v -7.61299992 -2.58500004 1.96700001
v -7.70900011 -2.58500004 1.98899996
v -7.77899981 -2.58500004 2.04800010
v -7.80399990 -2.58500004 2.12800002
v -7.77899981 -2.58500004 2.20799994
v -7.70900011 -2.58500004 2.26699996
v -7.61299992 -2.58500004 2.28900003
v -7.51700020 -2.58500004 2.26699996
v -7.44700003 -2.58500004 2.20799994
v -7.51399994 -2.72199988 2.12800002
v -7.52699995 -2.72199988 2.08599997
v -7.56300020 -2.72199988 2.05599999
v -7.61299992 -2.72199988 2.04500008
v -7.66300011 -2.72199988 2.05599999
v -7.69899988 -2.72199988 2.08599997
v -7.71199989 -2.72199988 2.12800002
v -7.69899988 -2.72199988 2.17000008
v -7.66300011 -2.72199988 2.20000005
v -7.61299992 -2.72199988 2.21099997
v -7.56300020 -2.72199988 2.20000005
v -7.52699995 -2.72199988 2.17000008
v -7.61299992 -2.45499992 2.12800002
v -7.61299992 -2.78999996 2.12800002
vt 0.24999999 0.59546667
vt 0.25125536 0.59546667
vt 0.26575324 0.62328267
vt 0.24999999 0.62328267
vt 0.25125536 0.59546667
vt 0.25233141 0.59546667
vt 0.27925599 0.62328267
vt 0.26575324 0.62328267
vt 0.25233141 0.59546667
vt 0.25298899 0.59546667
vt 0.28750768 0.62328267
vt 0.27925599 0.62328267
vt 0.25298899 0.59546667
vt 0.25269008 0.59546667
vt 0.28375691 0.62328267
vt 0.28750768 0.62328267
vt 0.25269008 0.59546667
vt 0.25185317 0.59546667
vt 0.27325475 0.62328267
vt 0.28375691 0.62328267
vt 0.25185317 0.59546667
vt 0.25065756 0.59546667
vt 0.25825167 0.62328267
vt 0.27325475 0.62328267
vt 0.25065756 0.59546667
vt 0.24999999 0.59546667
vt 0.24999999 0.62328267
vt 0.25825167 0.62328267
vt 0.24999999 0.59546667
vt 0.24934240 0.59546667
vt 0.24174829 0.62328267
vt 0.24999999 0.62328267
vt 0.24934240 0.59546667
vt 0.24814680 0.59546667
vt 0.22674523 0.62328267
vt 0.24174829 0.62328267
vt 0.24814680 0.59546667
vt 0.24730988 0.59546667
vt 0.21624307 0.62328267
vt 0.22674523 0.62328267
vt 0.24730988 0.59546667
vt 0.24701099 0.59546667
vt 0.21249230 0.62328267
vt 0.21624307 0.62328267
vt 0.24701099 0.59546667
vt 0.24766856 0.59546667
vt 0.22074400 0.62328267
vt 0.21249230 0.62328267
vt 0.24766856 0.59546667
vt 0.24874461 0.59546667
vt 0.23424676 0.62328267
vt 0.22074400 0.62328267
vt 0.24874461 0.59546667
vt 0.24999999 0.59546667
vt 0.24999999 0.62328267
vt 0.23424676 0.62328267
vt 0.24999999 0.62328267
vt 0.26575324 0.62328267
vt 0.27582496 0.66037071
vt 0.24999999 0.66037071
vt 0.26575324 0.62328267
vt 0.27925599 0.62328267
vt 0.29796064 0.66037071
vt 0.27582496 0.66037071
vt 0.27925599 0.62328267
vt 0.28750768 0.62328267
vt 0.31148800 0.66037071
vt 0.29796064 0.66037071
vt 0.28750768 0.62328267
vt 0.28375691 0.62328267
vt 0.30533919 0.66037071
vt 0.31148800 0.66037071
vt 0.28375691 0.62328267
vt 0.27325475 0.62328267
vt 0.28812256 0.66037071
vt 0.30533919 0.66037071
vt 0.27325475 0.62328267
vt 0.25825167 0.62328267
vt 0.26352733 0.66037071
vt 0.28812256 0.66037071
vt 0.25825167 0.62328267
vt 0.24999999 0.62328267
vt 0.24999999 0.66037071
vt 0.26352733 0.66037071
vt 0.24999999 0.62328267
vt 0.24174829 0.62328267
vt 0.23647262 0.66037071
vt 0.24999999 0.66037071
vt 0.24174829 0.62328267
vt 0.22674523 0.62328267
vt 0.21187744 0.66037071
vt 0.23647262 0.66037071
vt 0.22674523 0.62328267
vt 0.21624307 0.62328267
vt 0.19466080 0.66037071
vt 0.21187744 0.66037071
vt 0.21624307 0.62328267
vt 0.21249230 0.62328267
vt 0.18851200 0.66037071
vt 0.19466080 0.66037071
vt 0.21249230 0.62328267
vt 0.22074400 0.62328267
vt 0.20203936 0.66037071
vt 0.18851200 0.66037071
vt 0.22074400 0.62328267
vt 0.23424676 0.62328267
vt 0.22417504 0.66037071
vt 0.20203936 0.66037071
vt 0.23424676 0.62328267
vt 0.24999999 0.62328267
vt 0.24999999 0.66037071
vt 0.22417504 0.66037071
vt 0.24999999 0.66037071
vt 0.27582496 0.66037071
vt 0.28299856 0.70363998
vt 0.24999999 0.70363998
vt 0.27582496 0.66037071
vt 0.29796064 0.66037071
vt 0.31128305 0.70363998
vt 0.28299856 0.70363998
vt 0.29796064 0.66037071
vt 0.31148800 0.66037071
vt 0.32856801 0.70363998
vt 0.31128305 0.70363998
vt 0.31148800 0.66037071
vt 0.30533919 0.66037071
vt 0.32071117 0.70363998
vt 0.32856801 0.70363998
vt 0.30533919 0.66037071
vt 0.28812256 0.66037071
vt 0.29871216 0.70363998
vt 0.32071117 0.70363998
vt 0.28812256 0.66037071
vt 0.26352733 0.66037071
vt 0.26728496 0.70363998
vt 0.29871216 0.70363998
vt 0.26352733 0.66037071
vt 0.24999999 0.66037071
vt 0.24999999 0.70363998
vt 0.26728496 0.70363998
vt 0.24999999 0.66037071
vt 0.23647262 0.66037071
vt 0.23271503 0.70363998
vt 0.24999999 0.70363998
vt 0.23647262 0.66037071
vt 0.21187744 0.66037071
vt 0.20128784 0.70363998
vt 0.23271503 0.70363998
vt 0.21187744 0.66037071
vt 0.19466080 0.66037071
vt 0.17928879 0.70363998
vt 0.20128784 0.70363998
vt 0.19466080 0.66037071
vt 0.18851200 0.66037071
vt 0.17143199 0.70363998
vt 0.17928879 0.70363998
vt 0.18851200 0.66037071
vt 0.20203936 0.66037071
vt 0.18871695 0.70363998
vt 0.17143199 0.70363998
vt 0.20203936 0.66037071
vt 0.22417504 0.66037071
vt 0.21700144 0.70363998
vt 0.18871695 0.70363998
vt 0.22417504 0.66037071
vt 0.24999999 0.66037071
vt 0.24999999 0.70363998
vt 0.21700144 0.70363998
vt 0.24999999 0.70363998
vt 0.28299856 0.70363998
vt 0.28586799 0.75000000
vt 0.24999999 0.75000000
vt 0.28299856 0.70363998
vt 0.31128305 0.70363998
vt 0.31661201 0.75000000
vt 0.28586799 0.75000000
vt 0.31128305 0.70363998
vt 0.32856801 0.70363998
vt 0.33540002 0.75000000
vt 0.31661201 0.75000000
vt 0.32856801 0.70363998
vt 0.32071117 0.70363998
vt 0.32685998 0.75000000
vt 0.33540002 0.75000000
vt 0.32071117 0.70363998
vt 0.29871216 0.70363998
vt 0.30294800 0.75000000
vt 0.32685998 0.75000000
vt 0.29871216 0.70363998
vt 0.26728496 0.70363998
vt 0.26878801 0.75000000
vt 0.30294800 0.75000000
vt 0.26728496 0.70363998
vt 0.24999999 0.70363998
vt 0.24999999 0.75000000
vt 0.26878801 0.75000000
vt 0.24999999 0.70363998
vt 0.23271503 0.70363998
vt 0.23121198 0.75000000
vt 0.24999999 0.75000000
vt 0.23271503 0.70363998
vt 0.20128784 0.70363998
vt 0.19705199 0.75000000
vt 0.23121198 0.75000000
vt 0.20128784 0.70363998
vt 0.17928879 0.70363998
vt 0.17314000 0.75000000
vt 0.19705199 0.75000000
vt 0.17928879 0.70363998
vt 0.17143199 0.70363998
vt 0.16459998 0.75000000
vt 0.17314000 0.75000000
vt 0.17143199 0.70363998
vt 0.18871695 0.70363998
vt 0.18338799 0.75000000
vt 0.16459998 0.75000000
vt 0.18871695 0.70363998
vt 0.21700144 0.70363998
vt 0.21413200 0.75000000
vt 0.18338799 0.75000000
vt 0.21700144 0.70363998
vt 0.24999999 0.70363998
vt 0.24999999 0.75000000
vt 0.21413200 0.75000000
vt 0.24999999 0.75000000
vt 0.28586799 0.75000000
vt 0.28443328 0.80254138
vt 0.24999999 0.80254138
vt 0.28586799 0.75000000
vt 0.31661201 0.75000000
vt 0.31394750 0.80254138
vt 0.28443328 0.80254138
vt 0.31661201 0.75000000
vt 0.33540002 0.75000000
vt 0.33198398 0.80254138
vt 0.31394750 0.80254138
vt 0.33540002 0.75000000
vt 0.32685998 0.75000000
vt 0.32378560 0.80254138
vt 0.33198398 0.80254138
vt 0.32685998 0.75000000
vt 0.30294800 0.75000000
vt 0.30083010 0.80254138
vt 0.32378560 0.80254138
vt 0.30294800 0.75000000
vt 0.26878801 0.75000000
vt 0.26803648 0.80254138
vt 0.30083010 0.80254138
vt 0.26878801 0.75000000
vt 0.24999999 0.75000000
vt 0.24999999 0.80254138
vt 0.26803648 0.80254138
vt 0.24999999 0.75000000
vt 0.23121198 0.75000000
vt 0.23196350 0.80254138
vt 0.24999999 0.80254138
vt 0.23121198 0.75000000
vt 0.19705199 0.75000000
vt 0.19916992 0.80254138
vt 0.23196350 0.80254138
vt 0.19705199 0.75000000
vt 0.17314000 0.75000000
vt 0.17621440 0.80254138
vt 0.19916992 0.80254138
vt 0.17314000 0.75000000
vt 0.16459998 0.75000000
vt 0.16801600 0.80254138
vt 0.17621440 0.80254138
vt 0.16459998 0.75000000
vt 0.18338799 0.75000000
vt 0.18605249 0.80254138
vt 0.16801600 0.80254138
vt 0.18338799 0.75000000
vt 0.21413200 0.75000000
vt 0.21556672 0.80254138
vt 0.18605249 0.80254138
vt 0.21413200 0.75000000
vt 0.24999999 0.75000000
vt 0.24999999 0.80254138
vt 0.21556672 0.80254138
vt 0.24999999 0.80254138
vt 0.28443328 0.80254138
vt 0.28156382 0.84581065
vt 0.24999999 0.84581065
vt 0.28443328 0.80254138
vt 0.31394750 0.80254138
vt 0.30861855 0.84581065
vt 0.28156382 0.84581065
vt 0.31394750 0.80254138
vt 0.33198398 0.80254138
vt 0.32515198 0.84581065
vt 0.30861855 0.84581065
vt 0.33198398 0.80254138
vt 0.32378560 0.80254138
vt 0.31763679 0.84581065
vt 0.32515198 0.84581065
vt 0.32378560 0.80254138
vt 0.30083010 0.80254138
vt 0.29659423 0.84581065
vt 0.31763679 0.84581065
vt 0.30083010 0.80254138
vt 0.26803648 0.80254138
vt 0.26653343 0.84581065
vt 0.29659423 0.84581065
vt 0.26803648 0.80254138
vt 0.24999999 0.80254138
vt 0.24999999 0.84581065
vt 0.26653343 0.84581065
vt 0.24999999 0.80254138
vt 0.23196350 0.80254138
vt 0.23346655 0.84581065
vt 0.24999999 0.84581065
vt 0.23196350 0.80254138
vt 0.19916992 0.80254138
vt 0.20340575 0.84581065
vt 0.23346655 0.84581065
vt 0.19916992 0.80254138
vt 0.17621440 0.80254138
vt 0.18236320 0.84581065
vt 0.20340575 0.84581065
vt 0.17621440 0.80254138
vt 0.16801600 0.80254138
vt 0.17484799 0.84581065
vt 0.18236320 0.84581065
vt 0.16801600 0.80254138
vt 0.18605249 0.80254138
vt 0.19138144 0.84581065
vt 0.17484799 0.84581065
vt 0.18605249 0.80254138
vt 0.21556672 0.80254138
vt 0.21843615 0.84581065
vt 0.19138144 0.84581065
vt 0.21556672 0.80254138
vt 0.24999999 0.80254138
vt 0.24999999 0.84581065
vt 0.21843615 0.84581065
vt 0.24999999 0.84581065
vt 0.28156382 0.84581065
vt 0.27582496 0.87980801
vt 0.24999999 0.87980801
vt 0.28156382 0.84581065
vt 0.30861855 0.84581065
vt 0.29796064 0.87980801
vt 0.27582496 0.87980801
vt 0.30861855 0.84581065
vt 0.32515198 0.84581065
vt 0.31148800 0.87980801
vt 0.29796064 0.87980801
vt 0.32515198 0.84581065
vt 0.31763679 0.84581065
vt 0.30533919 0.87980801
vt 0.31148800 0.87980801
vt 0.31763679 0.84581065
vt 0.29659423 0.84581065
vt 0.28812256 0.87980801
vt 0.30533919 0.87980801
vt 0.29659423 0.84581065
vt 0.26653343 0.84581065
vt 0.26352733 0.87980801
vt 0.28812256 0.87980801
vt 0.26653343 0.84581065
vt 0.24999999 0.84581065
vt 0.24999999 0.87980801
vt 0.26352733 0.87980801
vt 0.24999999 0.84581065
vt 0.23346655 0.84581065
vt 0.23647262 0.87980801
vt 0.24999999 0.87980801
vt 0.23346655 0.84581065
vt 0.20340575 0.84581065
vt 0.21187744 0.87980801
vt 0.23647262 0.87980801
vt 0.20340575 0.84581065
vt 0.18236320 0.84581065
vt 0.19466080 0.87980801
vt 0.21187744 0.87980801
vt 0.18236320 0.84581065
vt 0.17484799 0.84581065
vt 0.18851200 0.87980801
vt 0.19466080 0.87980801
vt 0.17484799 0.84581065
vt 0.19138144 0.84581065
vt 0.20203936 0.87980801
vt 0.18851200 0.87980801
vt 0.19138144 0.84581065
vt 0.21843615 0.84581065
vt 0.22417504 0.87980801
vt 0.20203936 0.87980801
vt 0.21843615 0.84581065
vt 0.24999999 0.84581065
vt 0.24999999 0.87980801
vt 0.22417504 0.87980801
vt 0.24999999 0.87980801
vt 0.27582496 0.87980801
vt 0.28228119 0.90453333
vt 0.24999999 0.90453333
vt 0.27582496 0.87980801
vt 0.29796064 0.87980801
vt 0.30995080 0.90453333
vt 0.28228119 0.90453333
vt 0.29796064 0.87980801
vt 0.31148800 0.87980801
vt 0.32685998 0.90453333
vt 0.30995080 0.90453333
vt 0.31148800 0.87980801
vt 0.30533919 0.87980801
vt 0.31917399 0.90453333
vt 0.32685998 0.90453333
vt 0.30533919 0.87980801
vt 0.28812256 0.87980801
vt 0.29765320 0.90453333
vt 0.31917399 0.90453333
vt 0.28812256 0.87980801
vt 0.26352733 0.87980801
vt 0.26690918 0.90453333
vt 0.29765320 0.90453333
vt 0.26352733 0.87980801
vt 0.24999999 0.87980801
vt 0.24999999 0.90453333
vt 0.26690918 0.90453333
vt 0.24999999 0.87980801
vt 0.23647262 0.87980801
vt 0.23309079 0.90453333
vt 0.24999999 0.90453333
vt 0.23647262 0.87980801
vt 0.21187744 0.87980801
vt 0.20234679 0.90453333
vt 0.23309079 0.90453333
vt 0.21187744 0.87980801
vt 0.19466080 0.87980801
vt 0.18082599 0.90453333
vt 0.20234679 0.90453333
vt 0.19466080 0.87980801
vt 0.18851200 0.87980801
vt 0.17314000 0.90453333
vt 0.18082599 0.90453333
vt 0.18851200 0.87980801
vt 0.20203936 0.87980801
vt 0.19004919 0.90453333
vt 0.17314000 0.90453333
vt 0.20203936 0.87980801
vt 0.22417504 0.87980801
vt 0.21771878 0.90453333
vt 0.19004919 0.90453333
vt 0.22417504 0.87980801
vt 0.24999999 0.87980801
vt 0.24999999 0.90453333
vt 0.21771878 0.90453333
vt 0.24999999 0.59546673
vt 0.25125536 0.59546667
vt 0.24999999 0.59546667
vt 0.24999999 0.59546673
vt 0.25233141 0.59546667
vt 0.25125536 0.59546667
vt 0.24999999 0.59546673
vt 0.25298899 0.59546667
vt 0.25233141 0.59546667
vt 0.24999999 0.59546673
vt 0.25269008 0.59546667
vt 0.25298899 0.59546667
vt 0.24999999 0.59546673
vt 0.25185317 0.59546667
vt 0.25269008 0.59546667
vt 0.24999999 0.59546673
vt 0.25065756 0.59546667
vt 0.25185317 0.59546667
vt 0.24999999 0.59546673
vt 0.24999999 0.59546667
vt 0.25065756 0.59546667
vt 0.24999999 0.59546673
vt 0.24934240 0.59546667
vt 0.24999999 0.59546667
vt 0.24999999 0.59546673
vt 0.24814680 0.59546667
vt 0.24934240 0.59546667
vt 0.24999999 0.59546673
vt 0.24730988 0.59546667
vt 0.24814680 0.59546667
vt 0.24999999 0.59546673
vt 0.24701099 0.59546667
vt 0.24730988 0.59546667
vt 0.24999999 0.59546673
vt 0.24766856 0.59546667
vt 0.24701099 0.59546667
vt 0.24999999 0.59546673
vt 0.24874461 0.59546667
vt 0.24766856 0.59546667
vt 0.24999999 0.59546673
vt 0.24999999 0.59546667
vt 0.24874461 0.59546667
vt 0.50599998 0.99400002
vt 0.99400002 0.99400002
vt 0.99400002 0.50600004
vt 0.50599998 0.99400002
vt 0.99400002 0.99400002
vt 0.99400002 0.50600004
vt 0.50599998 0.99400002
vt 0.99400002 0.99400002
vt 0.99400002 0.50600004
vt 0.50599998 0.99400002
vt 0.99400002 0.99400002
vt 0.99400002 0.50600004
vt 0.50599998 0.99400002
vt 0.99400002 0.99400002
vt 0.99400002 0.50600004
vt 0.50599998 0.99400002
vt 0.99400002 0.99400002
vt 0.99400002 0.50600004
vt 0.50599998 0.99400002
vt 0.99400002 0.99400002
vt 0.99400002 0.50600004
vt 0.50599998 0.99400002
vt 0.99400002 0.99400002
vt 0.99400002 0.50600004
vt 0.50599998 0.99400002
vt 0.99400002 0.99400002
vt 0.99400002 0.50600004
vt 0.50599998 0.99400002
vt 0.99400002 0.99400002
vt 0.99400002 0.50600004
vt 0.50599998 0.99400002
vt 0.99400002 0.99400002
vt 0.99400002 0.50600004
vt 0.50599998 0.99400002
vt 0.99400002 0.99400002
vt 0.99400002 0.50600004
vt 0.50599998 0.99400002
vt 0.99400002 0.99400002
vt 0.99400002 0.50600004
vt 0.50599998 0.99400002
vt 0.99400002 0.99400002
vt 0.99400002 0.50600004
vt 0.33133334 0.68493330
vt 0.35605866 0.68702590
vt 0.35605866 0.70870125
vt 0.33133334 0.70689332
vt 0.33133334 0.70689332
vt 0.35605866 0.70870125
vt 0.35605866 0.74121439
vt 0.33133334 0.73983335
vt 0.33133334 0.73983335
vt 0.35605866 0.74121439
vt 0.35605866 0.77734011
vt 0.33133334 0.77643335
vt 0.33133334 0.77643335
vt 0.35605866 0.77734011
vt 0.35605866 0.81346583
vt 0.33133334 0.81303334
vt 0.33133334 0.81303334
vt 0.35605866 0.81346583
vt 0.35605866 0.86765432
vt 0.33133334 0.86793333
vt 0.33133334 0.86793333
vt 0.35605866 0.86765432
vt 0.35605866 0.86765432
vt 0.33133334 0.86793333
vt 0.33133334 0.86793333
vt 0.35605866 0.86765432
vt 0.35605866 0.81346583
vt 0.33133334 0.81303334
vt 0.33133334 0.81303334
vt 0.35605866 0.81346583
vt 0.35605866 0.77734011
vt 0.33133334 0.77643335
vt 0.33133334 0.77643335
vt 0.35605866 0.77734011
vt 0.35605866 0.74121439
vt 0.33133334 0.73983335
vt 0.33133334 0.73983335
vt 0.35605866 0.74121439
vt 0.35605866 0.70870125
vt 0.33133334 0.70689332
vt 0.33133334 0.70689332
vt 0.35605866 0.70870125
vt 0.35605866 0.68702590
vt 0.33133334 0.68493330
vt 0.33133334 0.68493330
vt 0.35605866 0.68702590
vt 0.35605866 0.68702590
vt 0.33133334 0.68493330
vt 0.35605866 0.68702590
vt 0.38078400 0.69230413
vt 0.38078400 0.71326166
vt 0.35605866 0.70870125
vt 0.35605866 0.70870125
vt 0.38078400 0.71326166
vt 0.38078400 0.74469805
vt 0.35605866 0.74121439
vt 0.35605866 0.74121439
vt 0.38078400 0.74469805
vt 0.38078400 0.77962732
vt 0.35605866 0.77734011
vt 0.35605866 0.77734011
vt 0.38078400 0.77962732
vt 0.38078400 0.81455660
vt 0.35605866 0.81346583
vt 0.35605866 0.81346583
vt 0.38078400 0.81455660
vt 0.38078400 0.86695057
vt 0.35605866 0.86765432
vt 0.35605866 0.86765432
vt 0.38078400 0.86695057
vt 0.38078400 0.86695057
vt 0.35605866 0.86765432
vt 0.35605866 0.86765432
vt 0.38078400 0.86695057
vt 0.38078400 0.81455660
vt 0.35605866 0.81346583
vt 0.35605866 0.81346583
vt 0.38078400 0.81455660
vt 0.38078400 0.77962732
vt 0.35605866 0.77734011
vt 0.35605866 0.77734011
vt 0.38078400 0.77962732
vt 0.38078400 0.74469805
vt 0.35605866 0.74121439
vt 0.35605866 0.74121439
vt 0.38078400 0.74469805
vt 0.38078400 0.71326166
vt 0.35605866 0.70870125
vt 0.35605866 0.70870125
vt 0.38078400 0.71326166
vt 0.38078400 0.69230413
vt 0.35605866 0.68702590
vt 0.35605866 0.68702590
vt 0.38078400 0.69230413
vt 0.38078400 0.69230413
vt 0.35605866 0.68702590
vt 0.38078400 0.69230413
vt 0.40860000 0.70018333
vt 0.40860000 0.72006929
vt 0.38078400 0.71326166
vt 0.38078400 0.71326166
vt 0.40860000 0.72006929
vt 0.40860000 0.74989831
vt 0.38078400 0.74469805
vt 0.38078400 0.74469805
vt 0.40860000 0.74989831
vt 0.40860000 0.78304166
vt 0.38078400 0.77962732
vt 0.38078400 0.77962732
vt 0.40860000 0.78304166
vt 0.40860000 0.81618500
vt 0.38078400 0.81455660
vt 0.38078400 0.81455660
vt 0.40860000 0.81618500
vt 0.40860000 0.86590004
vt 0.38078400 0.86695057
vt 0.38078400 0.86695057
vt 0.40860000 0.86590004
vt 0.40860000 0.86590004
vt 0.38078400 0.86695057
vt 0.38078400 0.86695057
vt 0.40860000 0.86590004
vt 0.40860000 0.81618500
vt 0.38078400 0.81455660
vt 0.38078400 0.81455660
vt 0.40860000 0.81618500
vt 0.40860000 0.78304166
vt 0.38078400 0.77962732
vt 0.38078400 0.77962732
vt 0.40860000 0.78304166
vt 0.40860000 0.74989831
vt 0.38078400 0.74469805
vt 0.38078400 0.74469805
vt 0.40860000 0.74989831
vt 0.40860000 0.72006929
vt 0.38078400 0.71326166
vt 0.38078400 0.71326166
vt 0.40860000 0.72006929
vt 0.40860000 0.70018333
vt 0.38078400 0.69230413
vt 0.38078400 0.69230413
vt 0.40860000 0.70018333
vt 0.40860000 0.70018333
vt 0.38078400 0.69230413
vt 0.40860000 0.70018333
vt 0.43641597 0.70806259
vt 0.43641597 0.72687697
vt 0.40860000 0.72006929
vt 0.40860000 0.72006929
vt 0.43641597 0.72687697
vt 0.43641597 0.75509864
vt 0.40860000 0.74989831
vt 0.40860000 0.74989831
vt 0.43641597 0.75509864
vt 0.43641597 0.78645599
vt 0.40860000 0.78304166
vt 0.40860000 0.78304166
vt 0.43641597 0.78645599
vt 0.43641597 0.81781340
vt 0.40860000 0.81618500
vt 0.40860000 0.81618500
vt 0.43641597 0.81781340
vt 0.43641597 0.86484945
vt 0.40860000 0.86590004
vt 0.40860000 0.86590004
vt 0.43641597 0.86484945
vt 0.43641597 0.86484945
vt 0.40860000 0.86590004
vt 0.40860000 0.86590004
vt 0.43641597 0.86484945
vt 0.43641597 0.81781340
vt 0.40860000 0.81618500
vt 0.40860000 0.81618500
vt 0.43641597 0.81781340
vt 0.43641597 0.78645599
vt 0.40860000 0.78304166
vt 0.40860000 0.78304166
vt 0.43641597 0.78645599
vt 0.43641597 0.75509864
vt 0.40860000 0.74989831
vt 0.40860000 0.74989831
vt 0.43641597 0.75509864
vt 0.43641597 0.72687697
vt 0.40860000 0.72006929
vt 0.40860000 0.72006929
vt 0.43641597 0.72687697
vt 0.43641597 0.70806259
vt 0.40860000 0.70018333
vt 0.40860000 0.70018333
vt 0.43641597 0.70806259
vt 0.43641597 0.70806259
vt 0.40860000 0.70018333
vt 0.43641597 0.70806259
vt 0.46114132 0.71334076
vt 0.46114132 0.73143733
vt 0.43641597 0.72687697
vt 0.43641597 0.72687697
vt 0.46114132 0.73143733
vt 0.46114132 0.75858223
vt 0.43641597 0.75509864
vt 0.43641597 0.75509864
vt 0.46114132 0.75858223
vt 0.46114132 0.78874326
vt 0.43641597 0.78645599
vt 0.43641597 0.78645599
vt 0.46114132 0.78874326
vt 0.46114132 0.81890422
vt 0.43641597 0.81781340
vt 0.43641597 0.81781340
vt 0.46114132 0.81890422
vt 0.46114132 0.86414570
vt 0.43641597 0.86484945
vt 0.43641597 0.86484945
vt 0.46114132 0.86414570
vt 0.46114132 0.86414570
vt 0.43641597 0.86484945
vt 0.43641597 0.86484945
vt 0.46114132 0.86414570
vt 0.46114132 0.81890422
vt 0.43641597 0.81781340
vt 0.43641597 0.81781340
vt 0.46114132 0.81890422
vt 0.46114132 0.78874326
vt 0.43641597 0.78645599
vt 0.43641597 0.78645599
vt 0.46114132 0.78874326
vt 0.46114132 0.75858223
vt 0.43641597 0.75509864
vt 0.43641597 0.75509864
vt 0.46114132 0.75858223
vt 0.46114132 0.73143733
vt 0.43641597 0.72687697
vt 0.43641597 0.72687697
vt 0.46114132 0.73143733
vt 0.46114132 0.71334076
vt 0.43641597 0.70806259
vt 0.43641597 0.70806259
vt 0.46114132 0.71334076
vt 0.46114132 0.71334076
vt 0.43641597 0.70806259
vt 0.46114132 0.71334076
vt 0.48586667 0.71543336
vt 0.48586667 0.73324531
vt 0.46114132 0.73143733
vt 0.46114132 0.73143733
vt 0.48586667 0.73324531
vt 0.48586667 0.75996333
vt 0.46114132 0.75858223
vt 0.46114132 0.75858223
vt 0.48586667 0.75996333
vt 0.48586667 0.78965002
vt 0.46114132 0.78874326
vt 0.46114132 0.78874326
vt 0.48586667 0.78965002
vt 0.48586667 0.81933665
vt 0.46114132 0.81890422
vt 0.46114132 0.81890422
vt 0.48586667 0.81933665
vt 0.48586667 0.86386669
vt 0.46114132 0.86414570
vt 0.46114132 0.86414570
vt 0.48586667 0.86386669
vt 0.48586667 0.86386669
vt 0.46114132 0.86414570
vt 0.46114132 0.86414570
vt 0.48586667 0.86386669
vt 0.48586667 0.81933665
vt 0.46114132 0.81890422
vt 0.46114132 0.81890422
vt 0.48586667 0.81933665
vt 0.48586667 0.78965002
vt 0.46114132 0.78874326
vt 0.46114132 0.78874326
vt 0.48586667 0.78965002
vt 0.48586667 0.75996333
vt 0.46114132 0.75858223
vt 0.46114132 0.75858223
vt 0.48586667 0.75996333
vt 0.48586667 0.73324531
vt 0.46114132 0.73143733
vt 0.46114132 0.73143733
vt 0.48586667 0.73324531
vt 0.48586667 0.71543336
vt 0.46114132 0.71334076
vt 0.46114132 0.71334076
vt 0.48586667 0.71543336
vt 0.48586667 0.71543336
vt 0.46114132 0.71334076
vt 0.33133334 0.76484334
vt 0.33133334 0.68493330
vt 0.33133334 0.70689332
vt 0.33133334 0.76484334
vt 0.33133334 0.70689332
vt 0.33133334 0.73983335
vt 0.33133334 0.76484334
vt 0.33133334 0.73983335
vt 0.33133334 0.77643335
vt 0.33133334 0.76484334
vt 0.33133334 0.77643335
vt 0.33133334 0.81303334
vt 0.33133334 0.76484334
vt 0.33133334 0.81303334
vt 0.33133334 0.86793333
vt 0.33133334 0.76484334
vt 0.33133334 0.86793333
vt 0.33133334 0.86793333
vt 0.33133334 0.76484334
vt 0.33133334 0.86793333
vt 0.33133334 0.81303334
vt 0.33133334 0.76484334
vt 0.33133334 0.81303334
vt 0.33133334 0.77643335
vt 0.33133334 0.76484334
vt 0.33133334 0.77643335
vt 0.33133334 0.73983335
vt 0.33133334 0.76484334
vt 0.33133334 0.73983335
vt 0.33133334 0.70689332
vt 0.33133334 0.76484334
vt 0.33133334 0.70689332
vt 0.33133334 0.68493330
vt 0.33133334 0.76484334
vt 0.33133334 0.68493330
vt 0.33133334 0.68493330
vt 0.48586667 0.78024924
vt 0.48586667 0.73324531
vt 0.48586667 0.71543336
vt 0.48586667 0.78024924
vt 0.48586667 0.75996333
vt 0.48586667 0.73324531
vt 0.48586667 0.78024924
vt 0.48586667 0.78965002
vt 0.48586667 0.75996333
vt 0.48586667 0.78024924
vt 0.48586667 0.81933665
vt 0.48586667 0.78965002
vt 0.48586667 0.78024924
vt 0.48586667 0.86386669
vt 0.48586667 0.81933665
vt 0.48586667 0.78024924
vt 0.48586667 0.86386669
vt 0.48586667 0.86386669
vt 0.48586667 0.78024924
vt 0.48586667 0.81933665
vt 0.48586667 0.86386669
vt 0.48586667 0.78024924
vt 0.48586667 0.78965002
vt 0.48586667 0.81933665
vt 0.48586667 0.78024924
vt 0.48586667 0.75996333
vt 0.48586667 0.78965002
vt 0.48586667 0.78024924
vt 0.48586667 0.73324531
vt 0.48586667 0.75996333
vt 0.48586667 0.78024924
vt 0.48586667 0.71543336
vt 0.48586667 0.73324531
vt 0.48586667 0.78024924
vt 0.48586667 0.71543336
vt 0.48586667 0.71543336
vt 0.16866665 0.68493330
vt 0.16866665 0.70689332
vt 0.14394133 0.70870125
vt 0.14394133 0.68702590
vt 0.16866665 0.70689332
vt 0.16866665 0.73983335
vt 0.14394133 0.74121439
vt 0.14394133 0.70870125
vt 0.16866665 0.73983335
vt 0.16866665 0.77643335
vt 0.14394133 0.77734011
vt 0.14394133 0.74121439
vt 0.16866665 0.77643335
vt 0.16866665 0.81303334
vt 0.14394133 0.81346583
vt 0.14394133 0.77734011
vt 0.16866665 0.81303334
vt 0.16866665 0.86793333
vt 0.14394133 0.86765432
vt 0.14394133 0.81346583
vt 0.16866665 0.86793333
vt 0.16866665 0.86793333
vt 0.14394133 0.86765432
vt 0.14394133 0.86765432
vt 0.16866665 0.86793333
vt 0.16866665 0.81303334
vt 0.14394133 0.81346583
vt 0.14394133 0.86765432
vt 0.16866665 0.81303334
vt 0.16866665 0.77643335
vt 0.14394133 0.77734011
vt 0.14394133 0.81346583
vt 0.16866665 0.77643335
vt 0.16866665 0.73983335
vt 0.14394133 0.74121439
vt 0.14394133 0.77734011
vt 0.16866665 0.73983335
vt 0.16866665 0.70689332
vt 0.14394133 0.70870125
vt 0.14394133 0.74121439
vt 0.16866665 0.70689332
vt 0.16866665 0.68493330
vt 0.14394133 0.68702590
vt 0.14394133 0.70870125
vt 0.16866665 0.68493330
vt 0.16866665 0.68493330
vt 0.14394133 0.68702590
vt 0.14394133 0.68702590
vt 0.14394133 0.68702590
vt 0.14394133 0.70870125
vt 0.11921599 0.71326166
vt 0.11921599 0.69230413
vt 0.14394133 0.70870125
vt 0.14394133 0.74121439
vt 0.11921599 0.74469805
vt 0.11921599 0.71326166
vt 0.14394133 0.74121439
vt 0.14394133 0.77734011
vt 0.11921599 0.77962732
vt 0.11921599 0.74469805
vt 0.14394133 0.77734011
vt 0.14394133 0.81346583
vt 0.11921599 0.81455660
vt 0.11921599 0.77962732
vt 0.14394133 0.81346583
vt 0.14394133 0.86765432
vt 0.11921599 0.86695057
vt 0.11921599 0.81455660
vt 0.14394133 0.86765432
vt 0.14394133 0.86765432
vt 0.11921599 0.86695057
vt 0.11921599 0.86695057
vt 0.14394133 0.86765432
vt 0.14394133 0.81346583
vt 0.11921599 0.81455660
vt 0.11921599 0.86695057
vt 0.14394133 0.81346583
vt 0.14394133 0.77734011
vt 0.11921599 0.77962732
vt 0.11921599 0.81455660
vt 0.14394133 0.77734011
vt 0.14394133 0.74121439
vt 0.11921599 0.74469805
vt 0.11921599 0.77962732
vt 0.14394133 0.74121439
vt 0.14394133 0.70870125
vt 0.11921599 0.71326166
vt 0.11921599 0.74469805
vt 0.14394133 0.70870125
vt 0.14394133 0.68702590
vt 0.11921599 0.69230413
vt 0.11921599 0.71326166
vt 0.14394133 0.68702590
vt 0.14394133 0.68702590
vt 0.11921599 0.69230413
vt 0.11921599 0.69230413
vt 0.11921599 0.69230413
vt 0.11921599 0.71326166
vt 0.09139998 0.72006929
vt 0.09139998 0.70018333
vt 0.11921599 0.71326166
vt 0.11921599 0.74469805
vt 0.09139998 0.74989831
vt 0.09139998 0.72006929
vt 0.11921599 0.74469805
vt 0.11921599 0.77962732
vt 0.09139998 0.78304166
vt 0.09139998 0.74989831
vt 0.11921599 0.77962732
vt 0.11921599 0.81455660
vt 0.09139998 0.81618500
vt 0.09139998 0.78304166
vt 0.11921599 0.81455660
vt 0.11921599 0.86695057
vt 0.09139998 0.86590004
vt 0.09139998 0.81618500
vt 0.11921599 0.86695057
vt 0.11921599 0.86695057
vt 0.09139998 0.86590004
vt 0.09139998 0.86590004
vt 0.11921599 0.86695057
vt 0.11921599 0.81455660
vt 0.09139998 0.81618500
vt 0.09139998 0.86590004
vt 0.11921599 0.81455660
vt 0.11921599 0.77962732
vt 0.09139998 0.78304166
vt 0.09139998 0.81618500
vt 0.11921599 0.77962732
vt 0.11921599 0.74469805
vt 0.09139998 0.74989831
vt 0.09139998 0.78304166
vt 0.11921599 0.74469805
vt 0.11921599 0.71326166
vt 0.09139998 0.72006929
vt 0.09139998 0.74989831
vt 0.11921599 0.71326166
vt 0.11921599 0.69230413
vt 0.09139998 0.70018333
vt 0.09139998 0.72006929
vt 0.11921599 0.69230413
vt 0.11921599 0.69230413
vt 0.09139998 0.70018333
vt 0.09139998 0.70018333
vt 0.09139998 0.70018333
vt 0.09139998 0.72006929
vt 0.06358400 0.72687697
vt 0.06358400 0.70806259
vt 0.09139998 0.72006929
vt 0.09139998 0.74989831
vt 0.06358400 0.75509864
vt 0.06358400 0.72687697
vt 0.09139998 0.74989831
vt 0.09139998 0.78304166
vt 0.06358400 0.78645599
vt 0.06358400 0.75509864
vt 0.09139998 0.78304166
vt 0.09139998 0.81618500
vt 0.06358400 0.81781340
vt 0.06358400 0.78645599
vt 0.09139998 0.81618500
vt 0.09139998 0.86590004
vt 0.06358400 0.86484945
vt 0.06358400 0.81781340
vt 0.09139998 0.86590004
vt 0.09139998 0.86590004
vt 0.06358400 0.86484945
vt 0.06358400 0.86484945
vt 0.09139998 0.86590004
vt 0.09139998 0.81618500
vt 0.06358400 0.81781340
vt 0.06358400 0.86484945
vt 0.09139998 0.81618500
vt 0.09139998 0.78304166
vt 0.06358400 0.78645599
vt 0.06358400 0.81781340
vt 0.09139998 0.78304166
vt 0.09139998 0.74989831
vt 0.06358400 0.75509864
vt 0.06358400 0.78645599
vt 0.09139998 0.74989831
vt 0.09139998 0.72006929
vt 0.06358400 0.72687697
vt 0.06358400 0.75509864
vt 0.09139998 0.72006929
vt 0.09139998 0.70018333
vt 0.06358400 0.70806259
vt 0.06358400 0.72687697
vt 0.09139998 0.70018333
vt 0.09139998 0.70018333
vt 0.06358400 0.70806259
vt 0.06358400 0.70806259
vt 0.06358400 0.70806259
vt 0.06358400 0.72687697
vt 0.03885866 0.73143733
vt 0.03885866 0.71334076
vt 0.06358400 0.72687697
vt 0.06358400 0.75509864
vt 0.03885866 0.75858223
vt 0.03885866 0.73143733
vt 0.06358400 0.75509864
vt 0.06358400 0.78645599
vt 0.03885866 0.78874326
vt 0.03885866 0.75858223
vt 0.06358400 0.78645599
vt 0.06358400 0.81781340
vt 0.03885866 0.81890422
vt 0.03885866 0.78874326
vt 0.06358400 0.81781340
vt 0.06358400 0.86484945
vt 0.03885866 0.86414570
vt 0.03885866 0.81890422
vt 0.06358400 0.86484945
vt 0.06358400 0.86484945
vt 0.03885866 0.86414570
vt 0.03885866 0.86414570
vt 0.06358400 0.86484945
vt 0.06358400 0.81781340
vt 0.03885866 0.81890422
vt 0.03885866 0.86414570
vt 0.06358400 0.81781340
vt 0.06358400 0.78645599
vt 0.03885866 0.78874326
vt 0.03885866 0.81890422
vt 0.06358400 0.78645599
vt 0.06358400 0.75509864
vt 0.03885866 0.75858223
vt 0.03885866 0.78874326
vt 0.06358400 0.75509864
vt 0.06358400 0.72687697
vt 0.03885866 0.73143733
vt 0.03885866 0.75858223
vt 0.06358400 0.72687697
vt 0.06358400 0.70806259
vt 0.03885866 0.71334076
vt 0.03885866 0.73143733
vt 0.06358400 0.70806259
vt 0.06358400 0.70806259
vt 0.03885866 0.71334076
vt 0.03885866 0.71334076
vt 0.03885866 0.71334076
vt 0.03885866 0.73143733
vt 0.01413332 0.73324531
vt 0.01413332 0.71543336
vt 0.03885866 0.73143733
vt 0.03885866 0.75858223
vt 0.01413332 0.75996333
vt 0.01413332 0.73324531
vt 0.03885866 0.75858223
vt 0.03885866 0.78874326
vt 0.01413332 0.78965002
vt 0.01413332 0.75996333
vt 0.03885866 0.78874326
vt 0.03885866 0.81890422
vt 0.01413332 0.81933665
vt 0.01413332 0.78965002
vt 0.03885866 0.81890422
vt 0.03885866 0.86414570
vt 0.01413332 0.86386669
vt 0.01413332 0.81933665
vt 0.03885866 0.86414570
vt 0.03885866 0.86414570
vt 0.01413332 0.86386669
vt 0.01413332 0.86386669
vt 0.03885866 0.86414570
vt 0.03885866 0.81890422
vt 0.01413332 0.81933665
vt 0.01413332 0.86386669
vt 0.03885866 0.81890422
vt 0.03885866 0.78874326
vt 0.01413332 0.78965002
vt 0.01413332 0.81933665
vt 0.03885866 0.78874326
vt 0.03885866 0.75858223
vt 0.01413332 0.75996333
vt 0.01413332 0.78965002
vt 0.03885866 0.75858223
vt 0.03885866 0.73143733
vt 0.01413332 0.73324531
vt 0.01413332 0.75996333
vt 0.03885866 0.73143733
vt 0.03885866 0.71334076
vt 0.01413332 0.71543336
vt 0.01413332 0.73324531
vt 0.03885866 0.71334076
vt 0.03885866 0.71334076
vt 0.01413332 0.71543336
vt 0.01413332 0.71543336
vt 0.16866665 0.76484334
vt 0.16866665 0.70689332
vt 0.16866665 0.68493330
vt 0.16866665 0.76484334
vt 0.16866665 0.73983335
vt 0.16866665 0.70689332
vt 0.16866665 0.76484334
vt 0.16866665 0.77643335
vt 0.16866665 0.73983335
vt 0.16866665 0.76484334
vt 0.16866665 0.81303334
vt 0.16866665 0.77643335
vt 0.16866665 0.76484334
vt 0.16866665 0.86793333
vt 0.16866665 0.81303334
vt 0.16866665 0.76484334
vt 0.16866665 0.86793333
vt 0.16866665 0.86793333
vt 0.16866665 0.76484334
vt 0.16866665 0.81303334
vt 0.16866665 0.86793333
vt 0.16866665 0.76484334
vt 0.16866665 0.77643335
vt 0.16866665 0.81303334
vt 0.16866665 0.76484334
vt 0.16866665 0.73983335
vt 0.16866665 0.77643335
vt 0.16866665 0.76484334
vt 0.16866665 0.70689332
vt 0.16866665 0.73983335
vt 0.16866665 0.76484334
vt 0.16866665 0.68493330
vt 0.16866665 0.70689332
vt 0.16866665 0.76484334
vt 0.16866665 0.68493330
vt 0.16866665 0.68493330
vt 0.01413332 0.78024924
vt 0.01413332 0.71543336
vt 0.01413332 0.73324531
vt 0.01413332 0.78024924
vt 0.01413332 0.73324531
vt 0.01413332 0.75996333
vt 0.01413332 0.78024924
vt 0.01413332 0.75996333
vt 0.01413332 0.78965002
vt 0.01413332 0.78024924
vt 0.01413332 0.78965002
vt 0.01413332 0.81933665
vt 0.01413332 0.78024924
vt 0.01413332 0.81933665
vt 0.01413332 0.86386669
vt 0.01413332 0.78024924
vt 0.01413332 0.86386669
vt 0.01413332 0.86386669
vt 0.01413332 0.78024924
vt 0.01413332 0.86386669
vt 0.01413332 0.81933665
vt 0.01413332 0.78024924
vt 0.01413332 0.81933665
vt 0.01413332 0.78965002
vt 0.01413332 0.78024924
vt 0.01413332 0.78965002
vt 0.01413332 0.75996333
vt 0.01413332 0.78024924
vt 0.01413332 0.75996333
vt 0.01413332 0.73324531
vt 0.01413332 0.78024924
vt 0.01413332 0.73324531
vt 0.01413332 0.71543336
vt 0.01413332 0.78024924
vt 0.01413332 0.71543336
vt 0.01413332 0.71543336
vt 0.00600000 0.49400002
vt 0.49399999 0.49400002
vt 0.49399999 0.00599998
vt 0.00600000 0.00599998
vt 0.00600000 0.49400002
vt 0.49399999 0.49400002
vt 0.49399999 0.00599998
vt 0.00600000 0.00599998
vt 0.00600000 0.49400002
vt 0.49399999 0.49400002
vt 0.49399999 0.00599998
vt 0.00600000 0.00599998
vt 0.00600000 0.49400002
vt 0.49399999 0.49400002
vt 0.49399999 0.00599998
vt 0.00600000 0.00599998
vt 0.00600000 0.49400002
vt 0.49399999 0.49400002
vt 0.49399999 0.00599998
vt 0.00600000 0.00599998
vt 0.00600000 0.49400002
vt 0.49399999 0.49400002
vt 0.49399999 0.00599998
vt 0.00600000 0.00599998
vt 0.00600000 0.49400002
vt 0.49399999 0.49400002
vt 0.49399999 0.00599998
vt 0.00600000 0.00599998
vt 0.00600000 0.49400002
vt 0.49399999 0.49400002
vt 0.49399999 0.00599998
vt 0.00600000 0.00599998
vt 0.00600000 0.49400002
vt 0.49399999 0.49400002
vt 0.49399999 0.00599998
vt 0.00600000 0.00599998
vt 0.00600000 0.49400002
vt 0.49399999 0.49400002
vt 0.49399999 0.00599998
vt 0.00600000 0.00599998
vt 0.00600000 0.49400002
vt 0.49399999 0.49400002
vt 0.49399999 0.00599998
vt 0.00600000 0.00599998
vt 0.00600000 0.49400002
vt 0.49399999 0.49400002
vt 0.49399999 0.00599998
vt 0.00600000 0.00599998
vt 0.00600000 0.49400002
vt 0.49399999 0.49400002
vt 0.49399999 0.00599998
vt 0.00600000 0.00599998
vt 0.00600000 0.49400002
vt 0.49399999 0.49400002
vt 0.49399999 0.00599998
vt 0.00600000 0.00599998
vt 0.00600000 0.49400002
vt 0.49399999 0.49400002
vt 0.49399999 0.00599998
vt 0.00600000 0.00599998
vt 0.00600000 0.49400002
vt 0.49399999 0.49400002
vt 0.49399999 0.00599998
vt 0.00600000 0.00599998
vt 0.00600000 0.49400002
vt 0.49399999 0.49400002
vt 0.49399999 0.00599998
vt 0.00600000 0.00599998
vt 0.00600000 0.49400002
vt 0.49399999 0.49400002
vt 0.49399999 0.00599998
vt 0.00600000 0.00599998
vt 0.00600000 0.49400002
vt 0.49399999 0.49400002
vt 0.49399999 0.00599998
vt 0.00600000 0.49400002
vt 0.49399999 0.49400002
vt 0.49399999 0.00599998
vt 0.00600000 0.49400002
vt 0.49399999 0.49400002
vt 0.49399999 0.00599998
vt 0.00600000 0.49400002
vt 0.49399999 0.49400002
vt 0.49399999 0.00599998
vt 0.00600000 0.49400002
vt 0.49399999 0.49400002
vt 0.49399999 0.00599998
vt 0.00600000 0.49400002
vt 0.49399999 0.49400002
vt 0.49399999 0.00599998
vt 0.00600000 0.49400002
vt 0.49399999 0.49400002
vt 0.49399999 0.00599998
vt 0.00600000 0.49400002
vt 0.49399999 0.49400002
vt 0.49399999 0.00599998
vt 0.00600000 0.49400002
vt 0.49399999 0.49400002
vt 0.49399999 0.00599998
vt 0.00600000 0.49400002
vt 0.49399999 0.49400002
vt 0.49399999 0.00599998
vt 0.00600000 0.49400002
vt 0.49399999 0.49400002
vt 0.49399999 0.00599998
vt 0.00600000 0.49400002
vt 0.49399999 0.49400002
vt 0.49399999 0.00599998
vt 0.50599998 0.99400002
vt 0.99400002 0.99400002
vt 0.99400002 0.50600004
vt 0.50599998 0.50600004
vt 0.50599998 0.99400002
vt 0.99400002 0.99400002
vt 0.99400002 0.50600004
vt 0.50599998 0.50600004
vt 0.50599998 0.99400002
vt 0.99400002 0.99400002
vt 0.99400002 0.50600004
vt 0.50599998 0.50600004
vt 0.50599998 0.99400002
vt 0.99400002 0.99400002
vt 0.99400002 0.50600004
vt 0.50599998 0.50600004
vt 0.50599998 0.99400002
vt 0.99400002 0.99400002
vt 0.99400002 0.50600004
vt 0.50599998 0.50600004
vt 0.50599998 0.99400002
vt 0.99400002 0.99400002
vt 0.99400002 0.50600004
vt 0.50599998 0.50600004
vt 0.50599998 0.99400002
vt 0.99400002 0.99400002
vt 0.99400002 0.50600004
vt 0.50599998 0.50600004
vt 0.50599998 0.99400002
vt 0.99400002 0.99400002
vt 0.99400002 0.50600004
vt 0.50599998 0.50600004
vt 0.50599998 0.99400002
vt 0.99400002 0.99400002
vt 0.99400002 0.50600004
vt 0.50599998 0.50600004
vt 0.50599998 0.99400002
vt 0.99400002 0.99400002
vt 0.99400002 0.50600004
vt 0.50599998 0.50600004
vt 0.50599998 0.99400002
vt 0.99400002 0.99400002
vt 0.99400002 0.50600004
vt 0.50599998 0.50600004
vt 0.50599998 0.99400002
vt 0.99400002 0.99400002
vt 0.99400002 0.50600004
vt 0.50599998 0.50600004
vt 0.50599998 0.99400002
vt 0.99400002 0.99400002
vt 0.99400002 0.50600004
vt 0.50599998 0.50600004
vt 0.50599998 0.99400002
vt 0.99400002 0.99400002
vt 0.99400002 0.50600004
vt 0.50599998 0.50600004
vt 0.50599998 0.99400002
vt 0.99400002 0.99400002
vt 0.99400002 0.50600004
vt 0.50599998 0.50600004
vt 0.50599998 0.99400002
vt 0.99400002 0.99400002
vt 0.99400002 0.50600004
vt 0.50599998 0.50600004
vt 0.50599998 0.99400002
vt 0.99400002 0.99400002
vt 0.99400002 0.50600004
vt 0.50599998 0.50600004
vt 0.50599998 0.99400002
vt 0.99400002 0.99400002
vt 0.99400002 0.50600004
vt 0.50599998 0.50600004
vt 0.50599998 0.99400002
vt 0.99400002 0.99400002
vt 0.99400002 0.50600004
vt 0.50599998 0.50600004
vt 0.50599998 0.99400002
vt 0.99400002 0.99400002
vt 0.99400002 0.50600004
vt 0.50599998 0.50600004
vt 0.50599998 0.99400002
vt 0.99400002 0.99400002
vt 0.99400002 0.50600004
vt 0.50599998 0.50600004
vt 0.50599998 0.99400002
vt 0.99400002 0.99400002
vt 0.99400002 0.50600004
vt 0.50599998 0.50600004
vt 0.50599998 0.99400002
vt 0.99400002 0.99400002
vt 0.99400002 0.50600004
vt 0.50599998 0.50600004
vt 0.50599998 0.99400002
vt 0.99400002 0.99400002
vt 0.99400002 0.50600004
vt 0.50599998 0.50600004
vt 0.50599998 0.99400002
vt 0.99400002 0.99400002
vt 0.99400002 0.50600004
vt 0.50599998 0.50600004
vt 0.50599998 0.99400002
vt 0.99400002 0.99400002
vt 0.99400002 0.50600004
vt 0.50599998 0.50600004
vt 0.50599998 0.99400002
vt 0.99400002 0.99400002
vt 0.99400002 0.50600004
vt 0.50599998 0.50600004
vt 0.50599998 0.99400002
vt 0.99400002 0.99400002
vt 0.99400002 0.50600004
vt 0.50599998 0.50600004
vt 0.50599998 0.99400002
vt 0.99400002 0.99400002
vt 0.99400002 0.50600004
vt 0.50599998 0.50600004
vt 0.50599998 0.99400002
vt 0.99400002 0.99400002
vt 0.99400002 0.50600004
vt 0.50599998 0.50600004
vt 0.50599998 0.99400002
vt 0.99400002 0.99400002
vt 0.99400002 0.50600004
vt 0.50599998 0.99400002
vt 0.99400002 0.99400002
vt 0.99400002 0.50600004
vt 0.50599998 0.99400002
vt 0.99400002 0.99400002
vt 0.99400002 0.50600004
vt 0.50599998 0.99400002
vt 0.99400002 0.99400002
vt 0.99400002 0.50600004
vt 0.50599998 0.99400002
vt 0.99400002 0.99400002
vt 0.99400002 0.50600004
vt 0.50599998 0.99400002
vt 0.99400002 0.99400002
vt 0.99400002 0.50600004
vt 0.50599998 0.99400002
vt 0.99400002 0.99400002
vt 0.99400002 0.50600004
vt 0.50599998 0.99400002
vt 0.99400002 0.99400002
vt 0.99400002 0.50600004
vt 0.50599998 0.99400002
vt 0.99400002 0.99400002
vt 0.99400002 0.50600004
vt 0.50599998 0.99400002
vt 0.99400002 0.99400002
vt 0.99400002 0.50600004
vt 0.50599998 0.99400002
vt 0.99400002 0.99400002
vt 0.99400002 0.50600004
vt 0.50599998 0.99400002
vt 0.99400002 0.99400002
vt 0.99400002 0.50600004
vt 0.50599998 0.99400002
vt 0.99400002 0.99400002
vt 0.99400002 0.50600004
vt 0.50599998 0.99400002
vt 0.99400002 0.99400002
vt 0.99400002 0.50600004
vt 0.50599998 0.99400002
vt 0.99400002 0.99400002
vt 0.99400002 0.50600004
vt 0.50599998 0.99400002
vt 0.99400002 0.99400002
vt 0.99400002 0.50600004
vt 0.50599998 0.99400002
vt 0.99400002 0.99400002
vt 0.99400002 0.50600004
vt 0.50599998 0.99400002
vt 0.99400002 0.99400002
vt 0.99400002 0.50600004
vt 0.50599998 0.99400002
vt 0.99400002 0.99400002
vt 0.99400002 0.50600004
vt 0.50599998 0.99400002
vt 0.99400002 0.99400002
vt 0.99400002 0.50600004
vt 0.50599998 0.99400002
vt 0.99400002 0.99400002
vt 0.99400002 0.50600004
vt 0.50599998 0.50600004
vt 0.50599998 0.99400002
vt 0.99400002 0.99400002
vt 0.99400002 0.50600004
vt 0.50599998 0.50600004
vt 0.50599998 0.99400002
vt 0.99400002 0.99400002
vt 0.99400002 0.50600004
vt 0.50599998 0.50600004
vt 0.50599998 0.99400002
vt 0.99400002 0.99400002
vt 0.99400002 0.50600004
vt 0.50599998 0.50600004
vt 0.50599998 0.99400002
vt 0.99400002 0.99400002
vt 0.99400002 0.50600004
vt 0.50599998 0.50600004
vt 0.50599998 0.99400002
vt 0.99400002 0.99400002
vt 0.99400002 0.50600004
vt 0.50599998 0.50600004
vt 0.50599998 0.99400002
vt 0.99400002 0.99400002
vt 0.99400002 0.50600004
vt 0.50599998 0.50600004
vt 0.50599998 0.99400002
vt 0.99400002 0.99400002
vt 0.99400002 0.50600004
vt 0.50599998 0.50600004
vt 0.50599998 0.99400002
vt 0.99400002 0.99400002
vt 0.99400002 0.50600004
vt 0.50599998 0.50600004
vt 0.50599998 0.99400002
vt 0.99400002 0.99400002
vt 0.99400002 0.50600004
vt 0.50599998 0.50600004
vt 0.50599998 0.99400002
vt 0.99400002 0.99400002
vt 0.99400002 0.50600004
vt 0.50599998 0.50600004
vt 0.50599998 0.99400002
vt 0.99400002 0.99400002
vt 0.99400002 0.50600004
vt 0.50599998 0.50600004
vt 0.50599998 0.99400002
vt 0.99400002 0.99400002
vt 0.99400002 0.50600004
vt 0.50599998 0.50600004
vt 0.50599998 0.99400002
vt 0.99400002 0.99400002
vt 0.99400002 0.50600004
vt 0.50599998 0.50600004
vt 0.50599998 0.99400002
vt 0.99400002 0.99400002
vt 0.99400002 0.50600004
vt 0.50599998 0.50600004
vt 0.50599998 0.99400002
vt 0.99400002 0.99400002
vt 0.99400002 0.50600004
vt 0.50599998 0.50600004
vt 0.50599998 0.99400002
vt 0.99400002 0.99400002
vt 0.99400002 0.50600004
vt 0.50599998 0.50600004
vt 0.50599998 0.99400002
vt 0.99400002 0.99400002
vt 0.99400002 0.50600004
vt 0.50599998 0.50600004
vt 0.50599998 0.99400002
vt 0.99400002 0.99400002
vt 0.99400002 0.50600004
vt 0.50599998 0.50600004
vt 0.50599998 0.99400002
vt 0.99400002 0.99400002
vt 0.99400002 0.50600004
vt 0.50599998 0.50600004
vt 0.50599998 0.99400002
vt 0.99400002 0.99400002
vt 0.99400002 0.50600004
vt 0.50599998 0.50600004
vt 0.50599998 0.99400002
vt 0.99400002 0.99400002
vt 0.99400002 0.50600004
vt 0.50599998 0.50600004
vt 0.50599998 0.99400002
vt 0.99400002 0.99400002
vt 0.99400002 0.50600004
vt 0.50599998 0.50600004
vt 0.50599998 0.99400002
vt 0.99400002 0.99400002
vt 0.99400002 0.50600004
vt 0.50599998 0.50600004
vt 0.50599998 0.99400002
vt 0.99400002 0.99400002
vt 0.99400002 0.50600004
vt 0.50599998 0.50600004
vt 0.50599998 0.99400002
vt 0.99400002 0.99400002
vt 0.99400002 0.50600004
vt 0.50599998 0.50600004
vt 0.50599998 0.99400002
vt 0.99400002 0.99400002
vt 0.99400002 0.50600004
vt 0.50599998 0.50600004
vt 0.50599998 0.99400002
vt 0.99400002 0.99400002
vt 0.99400002 0.50600004
vt 0.50599998 0.50600004
vt 0.50599998 0.99400002
vt 0.99400002 0.99400002
vt 0.99400002 0.50600004
vt 0.50599998 0.50600004
vt 0.50599998 0.99400002
vt 0.99400002 0.99400002
vt 0.99400002 0.50600004
vt 0.50599998 0.50600004
vt 0.50599998 0.99400002
vt 0.99400002 0.99400002
vt 0.99400002 0.50600004
vt 0.50599998 0.50600004
vt 0.50599998 0.99400002
vt 0.99400002 0.99400002
vt 0.99400002 0.50600004
vt 0.50599998 0.50600004
vt 0.50599998 0.99400002
vt 0.99400002 0.99400002
vt 0.99400002 0.50600004
vt 0.50599998 0.50600004
vt 0.50599998 0.99400002
vt 0.99400002 0.99400002
vt 0.99400002 0.50600004
vt 0.50599998 0.50600004
vt 0.50599998 0.99400002
vt 0.99400002 0.99400002
vt 0.99400002 0.50600004
vt 0.50599998 0.50600004
vt 0.50599998 0.99400002
vt 0.99400002 0.99400002
vt 0.99400002 0.50600004
vt 0.50599998 0.50600004
vt 0.50599998 0.99400002
vt 0.99400002 0.99400002
vt 0.99400002 0.50600004
vt 0.50599998 0.50600004
vt 0.50599998 0.99400002
vt 0.99400002 0.99400002
vt 0.99400002 0.50600004
vt 0.50599998 0.50600004
vt 0.50599998 0.99400002
vt 0.99400002 0.99400002
vt 0.99400002 0.50600004
vt 0.50599998 0.50600004
vt 0.50599998 0.99400002
vt 0.99400002 0.99400002
vt 0.99400002 0.50600004
vt 0.50599998 0.50600004
vt 0.50599998 0.99400002
vt 0.99400002 0.99400002
vt 0.99400002 0.50600004
vt 0.50599998 0.50600004
vt 0.50599998 0.99400002
vt 0.99400002 0.99400002
vt 0.99400002 0.50600004
vt 0.50599998 0.50600004
vt 0.50599998 0.99400002
vt 0.99400002 0.99400002
vt 0.99400002 0.50600004
vt 0.50599998 0.50600004
vt 0.50599998 0.99400002
vt 0.99400002 0.99400002
vt 0.99400002 0.50600004
vt 0.50599998 0.50600004
vt 0.50599998 0.99400002
vt 0.99400002 0.99400002
vt 0.99400002 0.50600004
vt 0.50599998 0.50600004
vt 0.50599998 0.99400002
vt 0.99400002 0.99400002
vt 0.99400002 0.50600004
vt 0.50599998 0.50600004
vt 0.50599998 0.99400002
vt 0.99400002 0.99400002
vt 0.99400002 0.50600004
vt 0.50599998 0.50600004
vt 0.50599998 0.99400002
vt 0.99400002 0.99400002
vt 0.99400002 0.50600004
vt 0.50599998 0.50600004
vt 0.50599998 0.99400002
vt 0.99400002 0.99400002
vt 0.99400002 0.50600004
vt 0.50599998 0.99400002
vt 0.99400002 0.99400002
vt 0.99400002 0.50600004
vt 0.50599998 0.99400002
vt 0.99400002 0.99400002
vt 0.99400002 0.50600004
vt 0.50599998 0.99400002
vt 0.99400002 0.99400002
vt 0.99400002 0.50600004
vt 0.50599998 0.99400002
vt 0.99400002 0.99400002
vt 0.99400002 0.50600004
vt 0.50599998 0.99400002
vt 0.99400002 0.99400002
vt 0.99400002 0.50600004
vt 0.50599998 0.99400002
vt 0.99400002 0.99400002
vt 0.99400002 0.50600004
vt 0.50599998 0.99400002
vt 0.99400002 0.99400002
vt 0.99400002 0.50600004
vt 0.50599998 0.99400002
vt 0.99400002 0.99400002
vt 0.99400002 0.50600004
vt 0.50599998 0.99400002
vt 0.99400002 0.99400002
vt 0.99400002 0.50600004
vt 0.50599998 0.99400002
vt 0.99400002 0.99400002
vt 0.99400002 0.50600004
vt 0.50599998 0.99400002
vt 0.99400002 0.99400002
vt 0.99400002 0.50600004
vt 0.50599998 0.99400002
vt 0.99400002 0.99400002
vt 0.99400002 0.50600004
vt 0.50599998 0.99400002
vt 0.99400002 0.99400002
vt 0.99400002 0.50600004
vt 0.50599998 0.99400002
vt 0.99400002 0.99400002
vt 0.99400002 0.50600004
vt 0.50599998 0.99400002
vt 0.99400002 0.99400002
vt 0.99400002 0.50600004
vt 0.50599998 0.99400002
vt 0.99400002 0.99400002
vt 0.99400002 0.50600004
vt 0.50599998 0.99400002
vt 0.99400002 0.99400002
vt 0.99400002 0.50600004
vt 0.50599998 0.99400002
vt 0.99400002 0.99400002
vt 0.99400002 0.50600004
vt 0.50599998 0.99400002
vt 0.99400002 0.99400002
vt 0.99400002 0.50600004
vt 0.50599998 0.99400002
vt 0.99400002 0.99400002
vt 0.99400002 0.50600004
vt 0.50599998 0.99400002
vt 0.99400002 0.99400002
vt 0.99400002 0.50600004
vt 0.50599998 0.99400002
vt 0.99400002 0.99400002
vt 0.99400002 0.50600004
vt 0.50599998 0.99400002
vt 0.99400002 0.99400002
vt 0.99400002 0.50600004
vt 0.50599998 0.49400002
vt 0.99400002 0.49400002
vt 0.99400002 0.00599998
vt 0.50599998 0.00599998
vt 0.50599998 0.49400002
vt 0.99400002 0.49400002
vt 0.99400002 0.00599998
vt 0.50599998 0.49400002
vt 0.99400002 0.49400002
vt 0.99400002 0.00599998
vt 0.50599998 0.49400002
vt 0.99400002 0.49400002
vt 0.99400002 0.00599998
vt 0.50599998 0.00599998
vt 0.50599998 0.49400002
vt 0.99400002 0.49400002
vt 0.99400002 0.00599998
vt 0.50599998 0.49400002
vt 0.99400002 0.49400002
vt 0.99400002 0.00599998
vt 0.50599998 0.49400002
vt 0.99400002 0.49400002
vt 0.99400002 0.00599998
vt 0.50599998 0.00599998
vt 0.50599998 0.49400002
vt 0.99400002 0.49400002
vt 0.99400002 0.00599998
vt 0.50599998 0.49400002
vt 0.99400002 0.49400002
vt 0.99400002 0.00599998
vt 0.50599998 0.49400002
vt 0.99400002 0.49400002
vt 0.99400002 0.00599998
vt 0.50599998 0.00599998
vt 0.50599998 0.49400002
vt 0.99400002 0.49400002
vt 0.99400002 0.00599998
vt 0.50599998 0.49400002
vt 0.99400002 0.49400002
vt 0.99400002 0.00599998
vt 0.50599998 0.49400002
vt 0.99400002 0.49400002
vt 0.99400002 0.00599998
vt 0.50599998 0.00599998
vt 0.50599998 0.49400002
vt 0.99400002 0.49400002
vt 0.99400002 0.00599998
vt 0.50599998 0.49400002
vt 0.99400002 0.49400002
vt 0.99400002 0.00599998
vt 0.50599998 0.49400002
vt 0.99400002 0.49400002
vt 0.99400002 0.00599998
vt 0.50599998 0.00599998
vt 0.50599998 0.49400002
vt 0.99400002 0.49400002
vt 0.99400002 0.00599998
vt 0.50599998 0.49400002
vt 0.99400002 0.49400002
vt 0.99400002 0.00599998
vt 0.50599998 0.49400002
vt 0.99400002 0.49400002
vt 0.99400002 0.00599998
vt 0.50599998 0.00599998
vt 0.50599998 0.49400002
vt 0.99400002 0.49400002
vt 0.99400002 0.00599998
vt 0.50599998 0.49400002
vt 0.99400002 0.49400002
vt 0.99400002 0.00599998
vt 0.50599998 0.49400002
vt 0.99400002 0.49400002
vt 0.99400002 0.00599998
vt 0.50599998 0.00599998
vt 0.50599998 0.49400002
vt 0.99400002 0.49400002
vt 0.99400002 0.00599998
vt 0.50599998 0.49400002
vt 0.99400002 0.49400002
vt 0.99400002 0.00599998
vt 0.50599998 0.49400002
vt 0.99400002 0.49400002
vt 0.99400002 0.00599998
vt 0.50599998 0.00599998
vt 0.50599998 0.49400002
vt 0.99400002 0.49400002
vt 0.99400002 0.00599998
vt 0.50599998 0.49400002
vt 0.99400002 0.49400002
vt 0.99400002 0.00599998
vt 0.50599998 0.49400002
vt 0.99400002 0.49400002
vt 0.99400002 0.00599998
vt 0.50599998 0.00599998
vt 0.50599998 0.49400002
vt 0.99400002 0.49400002
vt 0.99400002 0.00599998
vt 0.50599998 0.49400002
vt 0.99400002 0.49400002
vt 0.99400002 0.00599998
vt 0.50599998 0.49400002
vt 0.99400002 0.49400002
vt 0.99400002 0.00599998
vt 0.50599998 0.00599998
vt 0.50599998 0.49400002
vt 0.99400002 0.49400002
vt 0.99400002 0.00599998
vt 0.50599998 0.49400002
vt 0.99400002 0.49400002
vt 0.99400002 0.00599998
vt 0.50599998 0.49400002
vt 0.99400002 0.49400002
vt 0.99400002 0.00599998
vt 0.50599998 0.00599998
vt 0.50599998 0.49400002
vt 0.99400002 0.49400002
vt 0.99400002 0.00599998
vt 0.50599998 0.49400002
vt 0.99400002 0.49400002
vt 0.99400002 0.00599998
vt 0.50599998 0.49400002
vt 0.99400002 0.49400002
vt 0.99400002 0.00599998
vt 0.50599998 0.00599998
vt 0.50599998 0.49400002
vt 0.99400002 0.49400002
vt 0.99400002 0.00599998
vt 0.50599998 0.49400002
vt 0.99400002 0.49400002
vt 0.99400002 0.00599998
vt 0.50599998 0.49400002
vt 0.99400002 0.49400002
vt 0.99400002 0.00599998
vt 0.50599998 0.00599998
vt 0.50599998 0.49400002
vt 0.99400002 0.49400002
vt 0.99400002 0.00599998
vt 0.50599998 0.49400002
vt 0.99400002 0.49400002
vt 0.99400002 0.00599998
vt 0.50599998 0.49400002
vt 0.99400002 0.49400002
vt 0.99400002 0.00599998
vt 0.50599998 0.00599998
vt 0.50599998 0.49400002
vt 0.99400002 0.49400002
vt 0.99400002 0.00599998
vt 0.50599998 0.49400002
vt 0.99400002 0.49400002
vt 0.99400002 0.00599998
vt 0.50599998 0.49400002
vt 0.99400002 0.49400002
vt 0.99400002 0.00599998
vt 0.50599998 0.00599998
vt 0.50599998 0.49400002
vt 0.99400002 0.49400002
vt 0.99400002 0.00599998
vt 0.50599998 0.49400002
vt 0.99400002 0.49400002
vt 0.99400002 0.00599998
vt 0.50599998 0.49400002
vt 0.99400002 0.49400002
vt 0.99400002 0.00599998
vt 0.50599998 0.00599998
vt 0.50599998 0.49400002
vt 0.99400002 0.49400002
vt 0.99400002 0.00599998
vt 0.50599998 0.49400002
vt 0.99400002 0.49400002
vt 0.99400002 0.00599998
vt 0.50599998 0.49400002
vt 0.99400002 0.49400002
vt 0.99400002 0.00599998
vt 0.50599998 0.00599998
vt 0.50599998 0.49400002
vt 0.99400002 0.49400002
vt 0.99400002 0.00599998
vt 0.50599998 0.49400002
vt 0.99400002 0.49400002
vt 0.99400002 0.00599998
vt 0.50599998 0.49400002
vt 0.99400002 0.49400002
vt 0.99400002 0.00599998
vt 0.50599998 0.00599998
vt 0.50599998 0.49400002
vt 0.99400002 0.49400002
vt 0.99400002 0.00599998
vt 0.50599998 0.49400002
vt 0.99400002 0.49400002
vt 0.99400002 0.00599998
vt 0.50599998 0.49400002
vt 0.99400002 0.49400002
vt 0.99400002 0.00599998
vt 0.50599998 0.00599998
vt 0.50599998 0.49400002
vt 0.99400002 0.49400002
vt 0.99400002 0.00599998
vt 0.50599998 0.49400002
vt 0.99400002 0.49400002
vt 0.99400002 0.00599998
vt 0.50599998 0.49400002
vt 0.99400002 0.49400002
vt 0.99400002 0.00599998
vt 0.50599998 0.00599998
vt 0.50599998 0.49400002
vt 0.99400002 0.49400002
vt 0.99400002 0.00599998
vt 0.50599998 0.49400002
vt 0.99400002 0.49400002
vt 0.99400002 0.00599998
vt 0.50599998 0.49400002
vt 0.99400002 0.49400002
vt 0.99400002 0.00599998
vt 0.50599998 0.00599998
vt 0.50599998 0.49400002
vt 0.99400002 0.49400002
vt 0.99400002 0.00599998
vt 0.50599998 0.49400002
vt 0.99400002 0.49400002
vt 0.99400002 0.00599998
vt 0.50599998 0.49400002
vt 0.99400002 0.49400002
vt 0.99400002 0.00599998
vt 0.50599998 0.00599998
vt 0.50599998 0.49400002
vt 0.99400002 0.49400002
vt 0.99400002 0.00599998
vt 0.50599998 0.49400002
vt 0.99400002 0.49400002
vt 0.99400002 0.00599998
vt 0.50599998 0.49400002
vt 0.99400002 0.49400002
vt 0.99400002 0.00599998
vt 0.50599998 0.00599998
vt 0.50599998 0.49400002
vt 0.99400002 0.49400002
vt 0.99400002 0.00599998
vt 0.50599998 0.49400002
vt 0.99400002 0.49400002
vt 0.99400002 0.00599998
vt 0.50599998 0.99400002
vt 0.99400002 0.99400002
vt 0.99400002 0.50600004
vt 0.50599998 0.50600004
vt 0.50599998 0.99400002
vt 0.99400002 0.99400002
vt 0.99400002 0.50600004
vt 0.50599998 0.50600004
vt 0.50599998 0.99400002
vt 0.99400002 0.99400002
vt 0.99400002 0.50600004
vt 0.50599998 0.50600004
vt 0.50599998 0.99400002
vt 0.99400002 0.99400002
vt 0.99400002 0.50600004
vt 0.50599998 0.50600004
vt 0.50599998 0.99400002
vt 0.99400002 0.99400002
vt 0.99400002 0.50600004
vt 0.50599998 0.50600004
vt 0.50599998 0.99400002
vt 0.99400002 0.99400002
vt 0.99400002 0.50600004
vt 0.50599998 0.50600004
vt 0.50599998 0.99400002
vt 0.99400002 0.99400002
vt 0.99400002 0.50600004
vt 0.50599998 0.50600004
vt 0.50599998 0.99400002
vt 0.99400002 0.99400002
vt 0.99400002 0.50600004
vt 0.50599998 0.50600004
vt 0.50599998 0.99400002
vt 0.99400002 0.99400002
vt 0.99400002 0.50600004
vt 0.50599998 0.50600004
vt 0.50599998 0.99400002
vt 0.99400002 0.99400002
vt 0.99400002 0.50600004
vt 0.50599998 0.50600004
vt 0.50599998 0.99400002
vt 0.99400002 0.99400002
vt 0.99400002 0.50600004
vt 0.50599998 0.50600004
vt 0.50599998 0.99400002
vt 0.99400002 0.99400002
vt 0.99400002 0.50600004
vt 0.50599998 0.50600004
vt 0.50599998 0.99400002
vt 0.99400002 0.99400002
vt 0.99400002 0.50600004
vt 0.50599998 0.50600004
vt 0.50599998 0.99400002
vt 0.99400002 0.99400002
vt 0.99400002 0.50600004
vt 0.50599998 0.50600004
vt 0.50599998 0.99400002
vt 0.99400002 0.99400002
vt 0.99400002 0.50600004
vt 0.50599998 0.50600004
vt 0.50599998 0.99400002
vt 0.99400002 0.99400002
vt 0.99400002 0.50600004
vt 0.50599998 0.50600004
vt 0.50599998 0.99400002
vt 0.99400002 0.99400002
vt 0.99400002 0.50600004
vt 0.50599998 0.50600004
vt 0.50599998 0.99400002
vt 0.99400002 0.99400002
vt 0.99400002 0.50600004
vt 0.50599998 0.50600004
vt 0.50599998 0.99400002
vt 0.99400002 0.99400002
vt 0.99400002 0.50600004
vt 0.50599998 0.50600004
vt 0.50599998 0.99400002
vt 0.99400002 0.99400002
vt 0.99400002 0.50600004
vt 0.50599998 0.50600004
vt 0.50599998 0.99400002
vt 0.99400002 0.99400002
vt 0.99400002 0.50600004
vt 0.50599998 0.50600004
vt 0.50599998 0.99400002
vt 0.99400002 0.99400002
vt 0.99400002 0.50600004
vt 0.50599998 0.50600004
vt 0.50599998 0.99400002
vt 0.99400002 0.99400002
vt 0.99400002 0.50600004
vt 0.50599998 0.50600004
vt 0.50599998 0.99400002
vt 0.99400002 0.99400002
vt 0.99400002 0.50600004
vt 0.50599998 0.50600004
vt 0.50599998 0.99400002
vt 0.99400002 0.99400002
vt 0.99400002 0.50600004
vt 0.50599998 0.50600004
vt 0.50599998 0.99400002
vt 0.99400002 0.99400002
vt 0.99400002 0.50600004
vt 0.50599998 0.50600004
vt 0.50599998 0.99400002
vt 0.99400002 0.99400002
vt 0.99400002 0.50600004
vt 0.50599998 0.50600004
vt 0.50599998 0.99400002
vt 0.99400002 0.99400002
vt 0.99400002 0.50600004
vt 0.50599998 0.50600004
vt 0.50599998 0.99400002
vt 0.99400002 0.99400002
vt 0.99400002 0.50600004
vt 0.50599998 0.50600004
vt 0.50599998 0.99400002
vt 0.99400002 0.99400002
vt 0.99400002 0.50600004
vt 0.50599998 0.50600004
vt 0.50599998 0.99400002
vt 0.99400002 0.99400002
vt 0.99400002 0.50600004
vt 0.50599998 0.50600004
vt 0.50599998 0.99400002
vt 0.99400002 0.99400002
vt 0.99400002 0.50600004
vt 0.50599998 0.50600004
vt 0.50599998 0.99400002
vt 0.99400002 0.99400002
vt 0.99400002 0.50600004
vt 0.50599998 0.50600004
vt 0.50599998 0.99400002
vt 0.99400002 0.99400002
vt 0.99400002 0.50600004
vt 0.50599998 0.50600004
vt 0.50599998 0.99400002
vt 0.99400002 0.99400002
vt 0.99400002 0.50600004
vt 0.50599998 0.50600004
vt 0.50599998 0.99400002
vt 0.99400002 0.99400002
vt 0.99400002 0.50600004
vt 0.50599998 0.50600004
vt 0.50599998 0.99400002
vt 0.99400002 0.99400002
vt 0.99400002 0.50600004
vt 0.50599998 0.50600004
vt 0.50599998 0.99400002
vt 0.99400002 0.99400002
vt 0.99400002 0.50600004
vt 0.50599998 0.50600004
vt 0.50599998 0.99400002
vt 0.99400002 0.99400002
vt 0.99400002 0.50600004
vt 0.50599998 0.50600004
vt 0.50599998 0.99400002
vt 0.99400002 0.99400002
vt 0.99400002 0.50600004
vt 0.50599998 0.50600004
vt 0.50599998 0.99400002
vt 0.99400002 0.99400002
vt 0.99400002 0.50600004
vt 0.50599998 0.50600004
vt 0.50599998 0.99400002
vt 0.99400002 0.99400002
vt 0.99400002 0.50600004
vt 0.50599998 0.50600004
vt 0.50599998 0.99400002
vt 0.99400002 0.99400002
vt 0.99400002 0.50600004
vt 0.50599998 0.50600004
vt 0.50599998 0.99400002
vt 0.99400002 0.99400002
vt 0.99400002 0.50600004
vt 0.50599998 0.50600004
vt 0.50599998 0.99400002
vt 0.99400002 0.99400002
vt 0.99400002 0.50600004
vt 0.50599998 0.50600004
vt 0.50599998 0.99400002
vt 0.99400002 0.99400002
vt 0.99400002 0.50600004
vt 0.50599998 0.50600004
vt 0.50599998 0.99400002
vt 0.99400002 0.99400002
vt 0.99400002 0.50600004
vt 0.50599998 0.50600004
vt 0.50599998 0.99400002
vt 0.99400002 0.99400002
vt 0.99400002 0.50600004
vt 0.50599998 0.50600004
vt 0.50599998 0.99400002
vt 0.99400002 0.99400002
vt 0.99400002 0.50600004
vt 0.50599998 0.50600004
vt 0.50599998 0.99400002
vt 0.99400002 0.99400002
vt 0.99400002 0.50600004
vt 0.50599998 0.50600004
vt 0.50599998 0.99400002
vt 0.99400002 0.99400002
vt 0.99400002 0.50600004
vt 0.50599998 0.50600004
vt 0.50599998 0.99400002
vt 0.99400002 0.99400002
vt 0.99400002 0.50600004
vt 0.50599998 0.50600004
vt 0.50599998 0.99400002
vt 0.99400002 0.99400002
vt 0.99400002 0.50600004
vt 0.50599998 0.50600004
vt 0.50599998 0.99400002
vt 0.99400002 0.99400002
vt 0.99400002 0.50600004
vt 0.50599998 0.50600004
vt 0.50599998 0.99400002
vt 0.99400002 0.99400002
vt 0.99400002 0.50600004
vt 0.50599998 0.50600004
vt 0.50599998 0.99400002
vt 0.99400002 0.99400002
vt 0.99400002 0.50600004
vt 0.50599998 0.50600004
vt 0.50599998 0.99400002
vt 0.99400002 0.99400002
vt 0.99400002 0.50600004
vt 0.50599998 0.50600004
vt 0.50599998 0.99400002
vt 0.99400002 0.99400002
vt 0.99400002 0.50600004
vt 0.50599998 0.50600004
vt 0.50599998 0.99400002
vt 0.99400002 0.99400002
vt 0.99400002 0.50600004
vt 0.50599998 0.50600004
vt 0.50599998 0.99400002
vt 0.99400002 0.99400002
vt 0.99400002 0.50600004
vt 0.50599998 0.50600004
vt 0.50599998 0.99400002
vt 0.99400002 0.99400002
vt 0.99400002 0.50600004
vt 0.50599998 0.50600004
vt 0.50599998 0.99400002
vt 0.99400002 0.99400002
vt 0.99400002 0.50600004
vt 0.50599998 0.50600004
vt 0.50599998 0.99400002
vt 0.99400002 0.99400002
vt 0.99400002 0.50600004
vt 0.50599998 0.50600004
vt 0.50599998 0.99400002
vt 0.99400002 0.99400002
vt 0.99400002 0.50600004
vt 0.50599998 0.50600004
vt 0.50599998 0.99400002
vt 0.99400002 0.99400002
vt 0.99400002 0.50600004
vt 0.50599998 0.50600004
vt 0.50599998 0.99400002
vt 0.99400002 0.99400002
vt 0.99400002 0.50600004
vt 0.50599998 0.50600004
vt 0.50599998 0.99400002
vt 0.99400002 0.99400002
vt 0.99400002 0.50600004
vt 0.50599998 0.50600004
vt 0.50599998 0.99400002
vt 0.99400002 0.99400002
vt 0.99400002 0.50600004
vt 0.50599998 0.50600004
vt 0.50599998 0.99400002
vt 0.99400002 0.99400002
vt 0.99400002 0.50600004
vt 0.50599998 0.50600004
vt 0.50599998 0.99400002
vt 0.99400002 0.99400002
vt 0.99400002 0.50600004
vt 0.50599998 0.50600004
vt 0.50599998 0.99400002
vt 0.99400002 0.99400002
vt 0.99400002 0.50600004
vt 0.50599998 0.50600004
vt 0.50599998 0.99400002
vt 0.99400002 0.99400002
vt 0.99400002 0.50600004
vt 0.50599998 0.50600004
vt 0.50599998 0.99400002
vt 0.99400002 0.99400002
vt 0.99400002 0.50600004
vt 0.50599998 0.50600004
vt 0.50599998 0.99400002
vt 0.99400002 0.99400002
vt 0.99400002 0.50600004
vt 0.50599998 0.50600004
vt 0.50599998 0.99400002
vt 0.99400002 0.99400002
vt 0.99400002 0.50600004
vt 0.50599998 0.50600004
vt 0.50599998 0.99400002
vt 0.99400002 0.99400002
vt 0.99400002 0.50600004
vt 0.50599998 0.50600004
vt 0.50599998 0.99400002
vt 0.99400002 0.99400002
vt 0.99400002 0.50600004
vt 0.50599998 0.50600004
vt 0.50599998 0.99400002
vt 0.99400002 0.99400002
vt 0.99400002 0.50600004
vt 0.50599998 0.50600004
vt 0.50599998 0.99400002
vt 0.99400002 0.99400002
vt 0.99400002 0.50600004
vt 0.50599998 0.50600004
vt 0.50599998 0.99400002
vt 0.99400002 0.99400002
vt 0.99400002 0.50600004
vt 0.50599998 0.50600004
vt 0.50599998 0.99400002
vt 0.99400002 0.99400002
vt 0.99400002 0.50600004
vt 0.50599998 0.50600004
vt 0.50599998 0.99400002
vt 0.99400002 0.99400002
vt 0.99400002 0.50600004
vt 0.50599998 0.50600004
vt 0.50599998 0.99400002
vt 0.99400002 0.99400002
vt 0.99400002 0.50600004
vt 0.50599998 0.50600004
vt 0.50599998 0.99400002
vt 0.99400002 0.99400002
vt 0.99400002 0.50600004
vt 0.50599998 0.50600004
vt 0.50599998 0.99400002
vt 0.99400002 0.99400002
vt 0.99400002 0.50600004
vt 0.50599998 0.50600004
vt 0.50599998 0.99400002
vt 0.99400002 0.99400002
vt 0.99400002 0.50600004
vt 0.50599998 0.50600004
vt 0.50599998 0.99400002
vt 0.99400002 0.99400002
vt 0.99400002 0.50600004
vt 0.50599998 0.50600004
vt 0.50599998 0.99400002
vt 0.99400002 0.99400002
vt 0.99400002 0.50600004
vt 0.50599998 0.50600004
vt 0.50599998 0.99400002
vt 0.99400002 0.99400002
vt 0.99400002 0.50600004
vt 0.50599998 0.50600004
vt 0.50599998 0.99400002
vt 0.99400002 0.99400002
vt 0.99400002 0.50600004
vt 0.50599998 0.50600004
vt 0.50599998 0.99400002
vt 0.99400002 0.99400002
vt 0.99400002 0.50600004
vt 0.50599998 0.50600004
vt 0.50599998 0.99400002
vt 0.99400002 0.99400002
vt 0.99400002 0.50600004
vt 0.50599998 0.50600004
vt 0.50599998 0.99400002
vt 0.99400002 0.99400002
vt 0.99400002 0.50600004
vt 0.50599998 0.50600004
vt 0.50599998 0.99400002
vt 0.99400002 0.99400002
vt 0.99400002 0.50600004
vt 0.50599998 0.50600004
vt 0.50599998 0.99400002
vt 0.99400002 0.99400002
vt 0.99400002 0.50600004
vt 0.50599998 0.50600004
vt 0.50599998 0.99400002
vt 0.99400002 0.99400002
vt 0.99400002 0.50600004
vt 0.50599998 0.50600004
vt 0.50599998 0.99400002
vt 0.99400002 0.99400002
vt 0.99400002 0.50600004
vt 0.50599998 0.50600004
vt 0.50599998 0.99400002
vt 0.99400002 0.99400002
vt 0.99400002 0.50600004
vt 0.50599998 0.50600004
vt 0.50599998 0.99400002
vt 0.99400002 0.99400002
vt 0.99400002 0.50600004
vt 0.50599998 0.50600004
vt 0.50599998 0.99400002
vt 0.99400002 0.99400002
vt 0.99400002 0.50600004
vt 0.50599998 0.50600004
vt 0.50599998 0.99400002
vt 0.99400002 0.99400002
vt 0.99400002 0.50600004
vt 0.50599998 0.99400002
vt 0.99400002 0.99400002
vt 0.99400002 0.50600004
vt 0.50599998 0.99400002
vt 0.99400002 0.99400002
vt 0.99400002 0.50600004
vt 0.50599998 0.99400002
vt 0.99400002 0.99400002
vt 0.99400002 0.50600004
vt 0.50599998 0.99400002
vt 0.99400002 0.99400002
vt 0.99400002 0.50600004
vt 0.50599998 0.99400002
vt 0.99400002 0.99400002
vt 0.99400002 0.50600004
vt 0.50599998 0.99400002
vt 0.99400002 0.99400002
vt 0.99400002 0.50600004
vt 0.50599998 0.99400002
vt 0.99400002 0.99400002
vt 0.99400002 0.50600004
vt 0.50599998 0.99400002
vt 0.99400002 0.99400002
vt 0.99400002 0.50600004
vt 0.50599998 0.99400002
vt 0.99400002 0.99400002
vt 0.99400002 0.50600004
vt 0.50599998 0.99400002
vt 0.99400002 0.99400002
vt 0.99400002 0.50600004
vt 0.50599998 0.99400002
vt 0.99400002 0.99400002
vt 0.99400002 0.50600004
vt 0.50599998 0.99400002
vt 0.99400002 0.99400002
vt 0.99400002 0.50600004
vt 0.50599998 0.99400002
vt 0.99400002 0.99400002
vt 0.99400002 0.50600004
vt 0.50599998 0.99400002
vt 0.99400002 0.99400002
vt 0.99400002 0.50600004
vt 0.50599998 0.99400002
vt 0.99400002 0.99400002
vt 0.99400002 0.50600004
vt 0.50599998 0.99400002
vt 0.99400002 0.99400002
vt 0.99400002 0.50600004
vt 0.50599998 0.99400002
vt 0.99400002 0.99400002
vt 0.99400002 0.50600004
vt 0.50599998 0.99400002
vt 0.99400002 0.99400002
vt 0.99400002 0.50600004
vt 0.50599998 0.99400002
vt 0.99400002 0.99400002
vt 0.99400002 0.50600004
vt 0.50599998 0.49400002
vt 0.99400002 0.49400002
vt 0.99400002 0.00599998
vt 0.50599998 0.00599998
vt 0.50599998 0.49400002
vt 0.99400002 0.49400002
vt 0.99400002 0.00599998
vt 0.50599998 0.49400002
vt 0.99400002 0.49400002
vt 0.99400002 0.00599998
vt 0.50599998 0.49400002
vt 0.99400002 0.49400002
vt 0.99400002 0.00599998
vt 0.50599998 0.00599998
vt 0.50599998 0.49400002
vt 0.99400002 0.49400002
vt 0.99400002 0.00599998
vt 0.50599998 0.49400002
vt 0.99400002 0.49400002
vt 0.99400002 0.00599998
vt 0.50599998 0.49400002
vt 0.99400002 0.49400002
vt 0.99400002 0.00599998
vt 0.50599998 0.00599998
vt 0.50599998 0.49400002
vt 0.99400002 0.49400002
vt 0.99400002 0.00599998
vt 0.50599998 0.49400002
vt 0.99400002 0.49400002
vt 0.99400002 0.00599998
vt 0.50599998 0.49400002
vt 0.99400002 0.49400002
vt 0.99400002 0.00599998
vt 0.50599998 0.00599998
vt 0.50599998 0.49400002
vt 0.99400002 0.49400002
vt 0.99400002 0.00599998
vt 0.50599998 0.49400002
vt 0.99400002 0.49400002
vt 0.99400002 0.00599998
vt 0.50599998 0.49400002
vt 0.99400002 0.49400002
vt 0.99400002 0.00599998
vt 0.50599998 0.00599998
vt 0.50599998 0.49400002
vt 0.99400002 0.49400002
vt 0.99400002 0.00599998
vt 0.50599998 0.49400002
vt 0.99400002 0.49400002
vt 0.99400002 0.00599998
vt 0.50599998 0.49400002
vt 0.99400002 0.49400002
vt 0.99400002 0.00599998
vt 0.50599998 0.00599998
vt 0.50599998 0.49400002
vt 0.99400002 0.49400002
vt 0.99400002 0.00599998
vt 0.50599998 0.49400002
vt 0.99400002 0.49400002
vt 0.99400002 0.00599998
vt 0.50599998 0.49400002
vt 0.99400002 0.49400002
vt 0.99400002 0.00599998
vt 0.50599998 0.00599998
vt 0.50599998 0.49400002
vt 0.99400002 0.49400002
vt 0.99400002 0.00599998
vt 0.50599998 0.49400002
vt 0.99400002 0.49400002
vt 0.99400002 0.00599998
vt 0.50599998 0.49400002
vt 0.99400002 0.49400002
vt 0.99400002 0.00599998
vt 0.50599998 0.00599998
vt 0.50599998 0.49400002
vt 0.99400002 0.49400002
vt 0.99400002 0.00599998
vt 0.50599998 0.49400002
vt 0.99400002 0.49400002
vt 0.99400002 0.00599998
vt 0.50599998 0.49400002
vt 0.99400002 0.49400002
vt 0.99400002 0.00599998
vt 0.50599998 0.00599998
vt 0.50599998 0.49400002
vt 0.99400002 0.49400002
vt 0.99400002 0.00599998
vt 0.50599998 0.49400002
vt 0.99400002 0.49400002
vt 0.99400002 0.00599998
vt 0.50599998 0.49400002
vt 0.99400002 0.49400002
vt 0.99400002 0.00599998
vt 0.50599998 0.00599998
vt 0.50599998 0.49400002
vt 0.99400002 0.49400002
vt 0.99400002 0.00599998
vt 0.50599998 0.49400002
vt 0.99400002 0.49400002
vt 0.99400002 0.00599998
vt 0.50599998 0.49400002
vt 0.99400002 0.49400002
vt 0.99400002 0.00599998
vt 0.50599998 0.00599998
vt 0.50599998 0.49400002
vt 0.99400002 0.49400002
vt 0.99400002 0.00599998
vt 0.50599998 0.49400002
vt 0.99400002 0.49400002
vt 0.99400002 0.00599998
vt 0.50599998 0.49400002
vt 0.99400002 0.49400002
vt 0.99400002 0.00599998
vt 0.50599998 0.00599998
vt 0.50599998 0.49400002
vt 0.99400002 0.49400002
vt 0.99400002 0.00599998
vt 0.50599998 0.49400002
vt 0.99400002 0.49400002
vt 0.99400002 0.00599998
vt 0.50599998 0.49400002
vt 0.99400002 0.49400002
vt 0.99400002 0.00599998
vt 0.50599998 0.00599998
vt 0.50599998 0.49400002
vt 0.99400002 0.49400002
vt 0.99400002 0.00599998
vt 0.50599998 0.49400002
vt 0.99400002 0.49400002
vt 0.99400002 0.00599998
vt 0.50599998 0.49400002
vt 0.99400002 0.49400002
vt 0.99400002 0.00599998
vt 0.50599998 0.00599998
vt 0.50599998 0.49400002
vt 0.99400002 0.49400002
vt 0.99400002 0.00599998
vt 0.50599998 0.49400002
vt 0.99400002 0.49400002
vt 0.99400002 0.00599998
vt 0.50599998 0.49400002
vt 0.99400002 0.49400002
vt 0.99400002 0.00599998
vt 0.50599998 0.00599998
vt 0.50599998 0.49400002
vt 0.99400002 0.49400002
vt 0.99400002 0.00599998
vt 0.50599998 0.49400002
vt 0.99400002 0.49400002
vt 0.99400002 0.00599998
vt 0.50599998 0.49400002
vt 0.99400002 0.49400002
vt 0.99400002 0.00599998
vt 0.50599998 0.00599998
vt 0.50599998 0.49400002
vt 0.99400002 0.49400002
vt 0.99400002 0.00599998
vt 0.50599998 0.49400002
vt 0.99400002 0.49400002
vt 0.99400002 0.00599998
vt 0.50599998 0.49400002
vt 0.99400002 0.49400002
vt 0.99400002 0.00599998
vt 0.50599998 0.00599998
vt 0.50599998 0.49400002
vt 0.99400002 0.49400002
vt 0.99400002 0.00599998
vt 0.50599998 0.49400002
vt 0.99400002 0.49400002
vt 0.99400002 0.00599998
vt 0.50599998 0.49400002
vt 0.99400002 0.49400002
vt 0.99400002 0.00599998
vt 0.50599998 0.00599998
vt 0.50599998 0.49400002
vt 0.99400002 0.49400002
vt 0.99400002 0.00599998
vt 0.50599998 0.49400002
vt 0.99400002 0.49400002
vt 0.99400002 0.00599998
vt 0.50599998 0.49400002
vt 0.99400002 0.49400002
vt 0.99400002 0.00599998
vt 0.50599998 0.00599998
vt 0.50599998 0.49400002
vt 0.99400002 0.49400002
vt 0.99400002 0.00599998
vt 0.50599998 0.49400002
vt 0.99400002 0.49400002
vt 0.99400002 0.00599998
vt 0.50599998 0.49400002
vt 0.99400002 0.49400002
vt 0.99400002 0.00599998
vt 0.50599998 0.00599998
vt 0.50599998 0.49400002
vt 0.99400002 0.49400002
vt 0.99400002 0.00599998
vt 0.50599998 0.49400002
vt 0.99400002 0.49400002
vt 0.99400002 0.00599998
vt 0.50599998 0.49400002
vt 0.99400002 0.49400002
vt 0.99400002 0.00599998
vt 0.50599998 0.00599998
vt 0.50599998 0.49400002
vt 0.99400002 0.49400002
vt 0.99400002 0.00599998
vt 0.50599998 0.49400002
vt 0.99400002 0.49400002
vt 0.99400002 0.00599998
vt 0.50599998 0.49400002
vt 0.99400002 0.49400002
vt 0.99400002 0.00599998
vt 0.50599998 0.00599998
vt 0.50599998 0.49400002
vt 0.99400002 0.49400002
vt 0.99400002 0.00599998
vt 0.50599998 0.49400002
vt 0.99400002 0.49400002
vt 0.99400002 0.00599998
vt 0.50599998 0.49400002
vt 0.99400002 0.49400002
vt 0.99400002 0.00599998
vt 0.50599998 0.00599998
vt 0.50599998 0.49400002
vt 0.99400002 0.49400002
vt 0.99400002 0.00599998
vt 0.50599998 0.49400002
vt 0.99400002 0.49400002
vt 0.99400002 0.00599998
vt 0.50599998 0.49400002
vt 0.99400002 0.49400002
vt 0.99400002 0.00599998
vt 0.50599998 0.00599998
vt 0.50599998 0.49400002
vt 0.99400002 0.49400002
vt 0.99400002 0.00599998
vt 0.50599998 0.49400002
vt 0.99400002 0.49400002
vt 0.99400002 0.00599998
vt 0.50599998 0.99400002
vt 0.99400002 0.99400002
vt 0.99400002 0.50600004
vt 0.50599998 0.50600004
vt 0.50599998 0.99400002
vt 0.99400002 0.99400002
vt 0.99400002 0.50600004
vt 0.50599998 0.50600004
vt 0.50599998 0.99400002
vt 0.99400002 0.99400002
vt 0.99400002 0.50600004
vt 0.50599998 0.50600004
vt 0.50599998 0.99400002
vt 0.99400002 0.99400002
vt 0.99400002 0.50600004
vt 0.50599998 0.50600004
vt 0.50599998 0.99400002
vt 0.99400002 0.99400002
vt 0.99400002 0.50600004
vt 0.50599998 0.50600004
vt 0.50599998 0.99400002
vt 0.99400002 0.99400002
vt 0.99400002 0.50600004
vt 0.50599998 0.50600004
vt 0.50599998 0.99400002
vt 0.99400002 0.99400002
vt 0.99400002 0.50600004
vt 0.50599998 0.50600004
vt 0.50599998 0.99400002
vt 0.99400002 0.99400002
vt 0.99400002 0.50600004
vt 0.50599998 0.50600004
vt 0.50599998 0.99400002
vt 0.99400002 0.99400002
vt 0.99400002 0.50600004
vt 0.50599998 0.50600004
vt 0.50599998 0.99400002
vt 0.99400002 0.99400002
vt 0.99400002 0.50600004
vt 0.50599998 0.50600004
vt 0.50599998 0.99400002
vt 0.99400002 0.99400002
vt 0.99400002 0.50600004
vt 0.50599998 0.50600004
vt 0.50599998 0.99400002
vt 0.99400002 0.99400002
vt 0.99400002 0.50600004
vt 0.50599998 0.50600004
vt 0.50599998 0.99400002
vt 0.99400002 0.99400002
vt 0.99400002 0.50600004
vt 0.50599998 0.50600004
vt 0.50599998 0.99400002
vt 0.99400002 0.99400002
vt 0.99400002 0.50600004
vt 0.50599998 0.50600004
vt 0.50599998 0.99400002
vt 0.99400002 0.99400002
vt 0.99400002 0.50600004
vt 0.50599998 0.50600004
vt 0.50599998 0.99400002
vt 0.99400002 0.99400002
vt 0.99400002 0.50600004
vt 0.50599998 0.50600004
vt 0.50599998 0.99400002
vt 0.99400002 0.99400002
vt 0.99400002 0.50600004
vt 0.50599998 0.50600004
vt 0.50599998 0.99400002
vt 0.99400002 0.99400002
vt 0.99400002 0.50600004
vt 0.50599998 0.50600004
vt 0.50599998 0.99400002
vt 0.99400002 0.99400002
vt 0.99400002 0.50600004
vt 0.50599998 0.50600004
vt 0.50599998 0.99400002
vt 0.99400002 0.99400002
vt 0.99400002 0.50600004
vt 0.50599998 0.50600004
vt 0.50599998 0.99400002
vt 0.99400002 0.99400002
vt 0.99400002 0.50600004
vt 0.50599998 0.50600004
vt 0.50599998 0.99400002
vt 0.99400002 0.99400002
vt 0.99400002 0.50600004
vt 0.50599998 0.50600004
vt 0.50599998 0.99400002
vt 0.99400002 0.99400002
vt 0.99400002 0.50600004
vt 0.50599998 0.50600004
vt 0.50599998 0.99400002
vt 0.99400002 0.99400002
vt 0.99400002 0.50600004
vt 0.50599998 0.50600004
vt 0.50599998 0.99400002
vt 0.99400002 0.99400002
vt 0.99400002 0.50600004
vt 0.50599998 0.50600004
vt 0.50599998 0.99400002
vt 0.99400002 0.99400002
vt 0.99400002 0.50600004
vt 0.50599998 0.50600004
vt 0.50599998 0.99400002
vt 0.99400002 0.99400002
vt 0.99400002 0.50600004
vt 0.50599998 0.50600004
vt 0.50599998 0.99400002
vt 0.99400002 0.99400002
vt 0.99400002 0.50600004
vt 0.50599998 0.50600004
vt 0.50599998 0.99400002
vt 0.99400002 0.99400002
vt 0.99400002 0.50600004
vt 0.50599998 0.50600004
vt 0.50599998 0.99400002
vt 0.99400002 0.99400002
vt 0.99400002 0.50600004
vt 0.50599998 0.50600004
vt 0.50599998 0.99400002
vt 0.99400002 0.99400002
vt 0.99400002 0.50600004
vt 0.50599998 0.50600004
vt 0.50599998 0.99400002
vt 0.99400002 0.99400002
vt 0.99400002 0.50600004
vt 0.50599998 0.50600004
vt 0.50599998 0.99400002
vt 0.99400002 0.99400002
vt 0.99400002 0.50600004
vt 0.50599998 0.50600004
vt 0.50599998 0.99400002
vt 0.99400002 0.99400002
vt 0.99400002 0.50600004
vt 0.50599998 0.50600004
vt 0.50599998 0.99400002
vt 0.99400002 0.99400002
vt 0.99400002 0.50600004
vt 0.50599998 0.50600004
vt 0.50599998 0.99400002
vt 0.99400002 0.99400002
vt 0.99400002 0.50600004
vt 0.50599998 0.50600004
vt 0.50599998 0.99400002
vt 0.99400002 0.99400002
vt 0.99400002 0.50600004
vt 0.50599998 0.50600004
vt 0.50599998 0.99400002
vt 0.99400002 0.99400002
vt 0.99400002 0.50600004
vt 0.50599998 0.50600004
vt 0.50599998 0.99400002
vt 0.99400002 0.99400002
vt 0.99400002 0.50600004
vt 0.50599998 0.50600004
vt 0.50599998 0.99400002
vt 0.99400002 0.99400002
vt 0.99400002 0.50600004
vt 0.50599998 0.50600004
vt 0.50599998 0.99400002
vt 0.99400002 0.99400002
vt 0.99400002 0.50600004
vt 0.50599998 0.50600004
vt 0.50599998 0.99400002
vt 0.99400002 0.99400002
vt 0.99400002 0.50600004
vt 0.50599998 0.50600004
vt 0.50599998 0.99400002
vt 0.99400002 0.99400002
vt 0.99400002 0.50600004
vt 0.50599998 0.50600004
vt 0.50599998 0.99400002
vt 0.99400002 0.99400002
vt 0.99400002 0.50600004
vt 0.50599998 0.50600004
vt 0.50599998 0.99400002
vt 0.99400002 0.99400002
vt 0.99400002 0.50600004
vt 0.50599998 0.50600004
vt 0.50599998 0.99400002
vt 0.99400002 0.99400002
vt 0.99400002 0.50600004
vt 0.50599998 0.50600004
vt 0.50599998 0.99400002
vt 0.99400002 0.99400002
vt 0.99400002 0.50600004
vt 0.50599998 0.50600004
vt 0.50599998 0.99400002
vt 0.99400002 0.99400002
vt 0.99400002 0.50600004
vt 0.50599998 0.50600004
vt 0.50599998 0.99400002
vt 0.99400002 0.99400002
vt 0.99400002 0.50600004
vt 0.50599998 0.50600004
vt 0.50599998 0.99400002
vt 0.99400002 0.99400002
vt 0.99400002 0.50600004
vt 0.50599998 0.50600004
vt 0.50599998 0.99400002
vt 0.99400002 0.99400002
vt 0.99400002 0.50600004
vt 0.50599998 0.50600004
vt 0.50599998 0.99400002
vt 0.99400002 0.99400002
vt 0.99400002 0.50600004
vt 0.50599998 0.50600004
vt 0.50599998 0.99400002
vt 0.99400002 0.99400002
vt 0.99400002 0.50600004
vt 0.50599998 0.50600004
vt 0.50599998 0.99400002
vt 0.99400002 0.99400002
vt 0.99400002 0.50600004
vt 0.50599998 0.50600004
vt 0.50599998 0.99400002
vt 0.99400002 0.99400002
vt 0.99400002 0.50600004
vt 0.50599998 0.50600004
vt 0.50599998 0.99400002
vt 0.99400002 0.99400002
vt 0.99400002 0.50600004
vt 0.50599998 0.50600004
vt 0.50599998 0.99400002
vt 0.99400002 0.99400002
vt 0.99400002 0.50600004
vt 0.50599998 0.50600004
vt 0.50599998 0.99400002
vt 0.99400002 0.99400002
vt 0.99400002 0.50600004
vt 0.50599998 0.50600004
vt 0.50599998 0.99400002
vt 0.99400002 0.99400002
vt 0.99400002 0.50600004
vt 0.50599998 0.50600004
vt 0.50599998 0.99400002
vt 0.99400002 0.99400002
vt 0.99400002 0.50600004
vt 0.50599998 0.50600004
vt 0.50599998 0.99400002
vt 0.99400002 0.99400002
vt 0.99400002 0.50600004
vt 0.50599998 0.50600004
vt 0.50599998 0.99400002
vt 0.99400002 0.99400002
vt 0.99400002 0.50600004
vt 0.50599998 0.50600004
vt 0.50599998 0.99400002
vt 0.99400002 0.99400002
vt 0.99400002 0.50600004
vt 0.50599998 0.50600004
vt 0.50599998 0.99400002
vt 0.99400002 0.99400002
vt 0.99400002 0.50600004
vt 0.50599998 0.50600004
vt 0.50599998 0.99400002
vt 0.99400002 0.99400002
vt 0.99400002 0.50600004
vt 0.50599998 0.50600004
vt 0.50599998 0.99400002
vt 0.99400002 0.99400002
vt 0.99400002 0.50600004
vt 0.50599998 0.50600004
vt 0.50599998 0.99400002
vt 0.99400002 0.99400002
vt 0.99400002 0.50600004
vt 0.50599998 0.50600004
vt 0.50599998 0.99400002
vt 0.99400002 0.99400002
vt 0.99400002 0.50600004
vt 0.50599998 0.50600004
vt 0.50599998 0.99400002
vt 0.99400002 0.99400002
vt 0.99400002 0.50600004
vt 0.50599998 0.50600004
vt 0.50599998 0.99400002
vt 0.99400002 0.99400002
vt 0.99400002 0.50600004
vt 0.50599998 0.50600004
vt 0.50599998 0.99400002
vt 0.99400002 0.99400002
vt 0.99400002 0.50600004
vt 0.50599998 0.50600004
vt 0.50599998 0.99400002
vt 0.99400002 0.99400002
vt 0.99400002 0.50600004
vt 0.50599998 0.50600004
vt 0.50599998 0.99400002
vt 0.99400002 0.99400002
vt 0.99400002 0.50600004
vt 0.50599998 0.50600004
vt 0.50599998 0.99400002
vt 0.99400002 0.99400002
vt 0.99400002 0.50600004
vt 0.50599998 0.50600004
vt 0.50599998 0.99400002
vt 0.99400002 0.99400002
vt 0.99400002 0.50600004
vt 0.50599998 0.50600004
vt 0.50599998 0.99400002
vt 0.99400002 0.99400002
vt 0.99400002 0.50600004
vt 0.50599998 0.50600004
vt 0.50599998 0.99400002
vt 0.99400002 0.99400002
vt 0.99400002 0.50600004
vt 0.50599998 0.50600004
vt 0.50599998 0.99400002
vt 0.99400002 0.99400002
vt 0.99400002 0.50600004
vt 0.50599998 0.50600004
vt 0.50599998 0.99400002
vt 0.99400002 0.99400002
vt 0.99400002 0.50600004
vt 0.50599998 0.50600004
vt 0.50599998 0.99400002
vt 0.99400002 0.99400002
vt 0.99400002 0.50600004
vt 0.50599998 0.50600004
vt 0.50599998 0.99400002
vt 0.99400002 0.99400002
vt 0.99400002 0.50600004
vt 0.50599998 0.50600004
vt 0.50599998 0.99400002
vt 0.99400002 0.99400002
vt 0.99400002 0.50600004
vt 0.50599998 0.50600004
vt 0.50599998 0.99400002
vt 0.99400002 0.99400002
vt 0.99400002 0.50600004
vt 0.50599998 0.50600004
vt 0.50599998 0.99400002
vt 0.99400002 0.99400002
vt 0.99400002 0.50600004
vt 0.50599998 0.50600004
vt 0.50599998 0.99400002
vt 0.99400002 0.99400002
vt 0.99400002 0.50600004
vt 0.50599998 0.50600004
vt 0.50599998 0.99400002
vt 0.99400002 0.99400002
vt 0.99400002 0.50600004
vt 0.50599998 0.50600004
vt 0.50599998 0.99400002
vt 0.99400002 0.99400002
vt 0.99400002 0.50600004
vt 0.50599998 0.50600004
vt 0.50599998 0.99400002
vt 0.99400002 0.99400002
vt 0.99400002 0.50600004
vt 0.50599998 0.50600004
vt 0.50599998 0.99400002
vt 0.99400002 0.99400002
vt 0.99400002 0.50600004
vt 0.50599998 0.50600004
vt 0.50599998 0.99400002
vt 0.99400002 0.99400002
vt 0.99400002 0.50600004
vt 0.50599998 0.50600004
vt 0.50599998 0.99400002
vt 0.99400002 0.99400002
vt 0.99400002 0.50600004
vt 0.50599998 0.50600004
vt 0.50599998 0.99400002
vt 0.99400002 0.99400002
vt 0.99400002 0.50600004
vt 0.50599998 0.50600004
vt 0.50599998 0.99400002
vt 0.99400002 0.99400002
vt 0.99400002 0.50600004
vt 0.50599998 0.50600004
vt 0.50599998 0.99400002
vt 0.99400002 0.99400002
vt 0.99400002 0.50600004
vt 0.50599998 0.50600004
vt 0.50599998 0.99400002
vt 0.99400002 0.99400002
vt 0.99400002 0.50600004
vt 0.50599998 0.50600004
vt 0.50599998 0.99400002
vt 0.99400002 0.99400002
vt 0.99400002 0.50600004
vt 0.50599998 0.50600004
vt 0.50599998 0.99400002
vt 0.99400002 0.99400002
vt 0.99400002 0.50600004
vt 0.50599998 0.50600004
vt 0.50599998 0.99400002
vt 0.99400002 0.99400002
vt 0.99400002 0.50600004
vt 0.50599998 0.50600004
vt 0.50599998 0.99400002
vt 0.99400002 0.99400002
vt 0.99400002 0.50600004
vt 0.50599998 0.50600004
vt 0.50599998 0.99400002
vt 0.99400002 0.99400002
vt 0.99400002 0.50600004
vt 0.50599998 0.50600004
vt 0.50599998 0.99400002
vt 0.99400002 0.99400002
vt 0.99400002 0.50600004
vt 0.50599998 0.99400002
vt 0.99400002 0.99400002
vt 0.99400002 0.50600004
vt 0.50599998 0.99400002
vt 0.99400002 0.99400002
vt 0.99400002 0.50600004
vt 0.50599998 0.99400002
vt 0.99400002 0.99400002
vt 0.99400002 0.50600004
vt 0.50599998 0.99400002
vt 0.99400002 0.99400002
vt 0.99400002 0.50600004
vt 0.50599998 0.99400002
vt 0.99400002 0.99400002
vt 0.99400002 0.50600004
vt 0.50599998 0.99400002
vt 0.99400002 0.99400002
vt 0.99400002 0.50600004
vt 0.50599998 0.99400002
vt 0.99400002 0.99400002
vt 0.99400002 0.50600004
vt 0.50599998 0.99400002
vt 0.99400002 0.99400002
vt 0.99400002 0.50600004
vt 0.50599998 0.99400002
vt 0.99400002 0.99400002
vt 0.99400002 0.50600004
vt 0.50599998 0.99400002
vt 0.99400002 0.99400002
vt 0.99400002 0.50600004
vt 0.50599998 0.99400002
vt 0.99400002 0.99400002
vt 0.99400002 0.50600004
vt 0.50599998 0.99400002
vt 0.99400002 0.99400002
vt 0.99400002 0.50600004
vt 0.50599998 0.99400002
vt 0.99400002 0.99400002
vt 0.99400002 0.50600004
vt 0.50599998 0.99400002
vt 0.99400002 0.99400002
vt 0.99400002 0.50600004
vt 0.50599998 0.99400002
vt 0.99400002 0.99400002
vt 0.99400002 0.50600004
vt 0.50599998 0.99400002
vt 0.99400002 0.99400002
vt 0.99400002 0.50600004
vt 0.50599998 0.99400002
vt 0.99400002 0.99400002
vt 0.99400002 0.50600004
vt 0.50599998 0.99400002
vt 0.99400002 0.99400002
vt 0.99400002 0.50600004
vt 0.50599998 0.99400002
vt 0.99400002 0.99400002
vt 0.99400002 0.50600004
vt 0.50599998 0.49400002
vt 0.99400002 0.49400002
vt 0.99400002 0.00599998
vt 0.50599998 0.00599998
vt 0.50599998 0.49400002
vt 0.99400002 0.49400002
vt 0.99400002 0.00599998
vt 0.50599998 0.49400002
vt 0.99400002 0.49400002
vt 0.99400002 0.00599998
vt 0.50599998 0.49400002
vt 0.99400002 0.49400002
vt 0.99400002 0.00599998
vt 0.50599998 0.00599998
vt 0.50599998 0.49400002
vt 0.99400002 0.49400002
vt 0.99400002 0.00599998
vt 0.50599998 0.49400002
vt 0.99400002 0.49400002
vt 0.99400002 0.00599998
vt 0.50599998 0.49400002
vt 0.99400002 0.49400002
vt 0.99400002 0.00599998
vt 0.50599998 0.00599998
vt 0.50599998 0.49400002
vt 0.99400002 0.49400002
vt 0.99400002 0.00599998
vt 0.50599998 0.49400002
vt 0.99400002 0.49400002
vt 0.99400002 0.00599998
vt 0.50599998 0.49400002
vt 0.99400002 0.49400002
vt 0.99400002 0.00599998
vt 0.50599998 0.00599998
vt 0.50599998 0.49400002
vt 0.99400002 0.49400002
vt 0.99400002 0.00599998
vt 0.50599998 0.49400002
vt 0.99400002 0.49400002
vt 0.99400002 0.00599998
vt 0.50599998 0.49400002
vt 0.99400002 0.49400002
vt 0.99400002 0.00599998
vt 0.50599998 0.00599998
vt 0.50599998 0.49400002
vt 0.99400002 0.49400002
vt 0.99400002 0.00599998
vt 0.50599998 0.49400002
vt 0.99400002 0.49400002
vt 0.99400002 0.00599998
vt 0.50599998 0.49400002
vt 0.99400002 0.49400002
vt 0.99400002 0.00599998
vt 0.50599998 0.00599998
vt 0.50599998 0.49400002
vt 0.99400002 0.49400002
vt 0.99400002 0.00599998
vt 0.50599998 0.49400002
vt 0.99400002 0.49400002
vt 0.99400002 0.00599998
vt 0.50599998 0.49400002
vt 0.99400002 0.49400002
vt 0.99400002 0.00599998
vt 0.50599998 0.00599998
vt 0.50599998 0.49400002
vt 0.99400002 0.49400002
vt 0.99400002 0.00599998
vt 0.50599998 0.49400002
vt 0.99400002 0.49400002
vt 0.99400002 0.00599998
vt 0.50599998 0.49400002
vt 0.99400002 0.49400002
vt 0.99400002 0.00599998
vt 0.50599998 0.00599998
vt 0.50599998 0.49400002
vt 0.99400002 0.49400002
vt 0.99400002 0.00599998
vt 0.50599998 0.49400002
vt 0.99400002 0.49400002
vt 0.99400002 0.00599998
vt 0.50599998 0.49400002
vt 0.99400002 0.49400002
vt 0.99400002 0.00599998
vt 0.50599998 0.00599998
vt 0.50599998 0.49400002
vt 0.99400002 0.49400002
vt 0.99400002 0.00599998
vt 0.50599998 0.49400002
vt 0.99400002 0.49400002
vt 0.99400002 0.00599998
vt 0.50599998 0.49400002
vt 0.99400002 0.49400002
vt 0.99400002 0.00599998
vt 0.50599998 0.00599998
vt 0.50599998 0.49400002
vt 0.99400002 0.49400002
vt 0.99400002 0.00599998
vt 0.50599998 0.49400002
vt 0.99400002 0.49400002
vt 0.99400002 0.00599998
vt 0.50599998 0.49400002
vt 0.99400002 0.49400002
vt 0.99400002 0.00599998
vt 0.50599998 0.00599998
vt 0.50599998 0.49400002
vt 0.99400002 0.49400002
vt 0.99400002 0.00599998
vt 0.50599998 0.49400002
vt 0.99400002 0.49400002
vt 0.99400002 0.00599998
vt 0.50599998 0.49400002
vt 0.99400002 0.49400002
vt 0.99400002 0.00599998
vt 0.50599998 0.00599998
vt 0.50599998 0.49400002
vt 0.99400002 0.49400002
vt 0.99400002 0.00599998
vt 0.50599998 0.49400002
vt 0.99400002 0.49400002
vt 0.99400002 0.00599998
vt 0.50599998 0.49400002
vt 0.99400002 0.49400002
vt 0.99400002 0.00599998
vt 0.50599998 0.00599998
vt 0.50599998 0.49400002
vt 0.99400002 0.49400002
vt 0.99400002 0.00599998
vt 0.50599998 0.49400002
vt 0.99400002 0.49400002
vt 0.99400002 0.00599998
vt 0.50599998 0.49400002
vt 0.99400002 0.49400002
vt 0.99400002 0.00599998
vt 0.50599998 0.00599998
vt 0.50599998 0.49400002
vt 0.99400002 0.49400002
vt 0.99400002 0.00599998
vt 0.50599998 0.49400002
vt 0.99400002 0.49400002
vt 0.99400002 0.00599998
vt 0.50599998 0.49400002
vt 0.99400002 0.49400002
vt 0.99400002 0.00599998
vt 0.50599998 0.00599998
vt 0.50599998 0.49400002
vt 0.99400002 0.49400002
vt 0.99400002 0.00599998
vt 0.50599998 0.49400002
vt 0.99400002 0.49400002
vt 0.99400002 0.00599998
vt 0.50599998 0.49400002
vt 0.99400002 0.49400002
vt 0.99400002 0.00599998
vt 0.50599998 0.00599998
vt 0.50599998 0.49400002
vt 0.99400002 0.49400002
vt 0.99400002 0.00599998
vt 0.50599998 0.49400002
vt 0.99400002 0.49400002
vt 0.99400002 0.00599998
vt 0.50599998 0.49400002
vt 0.99400002 0.49400002
vt 0.99400002 0.00599998
vt 0.50599998 0.00599998
vt 0.50599998 0.49400002
vt 0.99400002 0.49400002
vt 0.99400002 0.00599998
vt 0.50599998 0.49400002
vt 0.99400002 0.49400002
vt 0.99400002 0.00599998
vt 0.50599998 0.49400002
vt 0.99400002 0.49400002
vt 0.99400002 0.00599998
vt 0.50599998 0.00599998
vt 0.50599998 0.49400002
vt 0.99400002 0.49400002
vt 0.99400002 0.00599998
vt 0.50599998 0.49400002
vt 0.99400002 0.49400002
vt 0.99400002 0.00599998
vt 0.50599998 0.49400002
vt 0.99400002 0.49400002
vt 0.99400002 0.00599998
vt 0.50599998 0.00599998
vt 0.50599998 0.49400002
vt 0.99400002 0.49400002
vt 0.99400002 0.00599998
vt 0.50599998 0.49400002
vt 0.99400002 0.49400002
vt 0.99400002 0.00599998
vt 0.50599998 0.49400002
vt 0.99400002 0.49400002
vt 0.99400002 0.00599998
vt 0.50599998 0.00599998
vt 0.50599998 0.49400002
vt 0.99400002 0.49400002
vt 0.99400002 0.00599998
vt 0.50599998 0.49400002
vt 0.99400002 0.49400002
vt 0.99400002 0.00599998
vt 0.50599998 0.49400002
vt 0.99400002 0.49400002
vt 0.99400002 0.00599998
vt 0.50599998 0.00599998
vt 0.50599998 0.49400002
vt 0.99400002 0.49400002
vt 0.99400002 0.00599998
vt 0.50599998 0.49400002
vt 0.99400002 0.49400002
vt 0.99400002 0.00599998
vt 0.50599998 0.49400002
vt 0.99400002 0.49400002
vt 0.99400002 0.00599998
vt 0.50599998 0.00599998
vt 0.50599998 0.49400002
vt 0.99400002 0.49400002
vt 0.99400002 0.00599998
vt 0.50599998 0.49400002
vt 0.99400002 0.49400002
vt 0.99400002 0.00599998
vt 0.50599998 0.49400002
vt 0.99400002 0.49400002
vt 0.99400002 0.00599998
vt 0.50599998 0.00599998
vt 0.50599998 0.49400002
vt 0.99400002 0.49400002
vt 0.99400002 0.00599998
vt 0.50599998 0.49400002
vt 0.99400002 0.49400002
vt 0.99400002 0.00599998
vt 0.50599998 0.49400002
vt 0.99400002 0.49400002
vt 0.99400002 0.00599998
vt 0.50599998 0.00599998
vt 0.50599998 0.49400002
vt 0.99400002 0.49400002
vt 0.99400002 0.00599998
vt 0.50599998 0.49400002
vt 0.99400002 0.49400002
vt 0.99400002 0.00599998
vt 0.50599998 0.99400002
vt 0.99400002 0.99400002
vt 0.99400002 0.50600004
vt 0.50599998 0.50600004
vt 0.50599998 0.99400002
vt 0.99400002 0.99400002
vt 0.99400002 0.50600004
vt 0.50599998 0.50600004
vt 0.50599998 0.99400002
vt 0.99400002 0.99400002
vt 0.99400002 0.50600004
vt 0.50599998 0.50600004
vt 0.50599998 0.99400002
vt 0.99400002 0.99400002
vt 0.99400002 0.50600004
vt 0.50599998 0.50600004
vt 0.50599998 0.99400002
vt 0.99400002 0.99400002
vt 0.99400002 0.50600004
vt 0.50599998 0.50600004
vt 0.50599998 0.99400002
vt 0.99400002 0.99400002
vt 0.99400002 0.50600004
vt 0.50599998 0.50600004
vt 0.50599998 0.99400002
vt 0.99400002 0.99400002
vt 0.99400002 0.50600004
vt 0.50599998 0.50600004
vt 0.50599998 0.99400002
vt 0.99400002 0.99400002
vt 0.99400002 0.50600004
vt 0.50599998 0.50600004
vt 0.50599998 0.99400002
vt 0.99400002 0.99400002
vt 0.99400002 0.50600004
vt 0.50599998 0.50600004
vt 0.50599998 0.99400002
vt 0.99400002 0.99400002
vt 0.99400002 0.50600004
vt 0.50599998 0.50600004
vt 0.50599998 0.99400002
vt 0.99400002 0.99400002
vt 0.99400002 0.50600004
vt 0.50599998 0.50600004
vt 0.50599998 0.99400002
vt 0.99400002 0.99400002
vt 0.99400002 0.50600004
vt 0.50599998 0.50600004
vt 0.50599998 0.99400002
vt 0.99400002 0.99400002
vt 0.99400002 0.50600004
vt 0.50599998 0.50600004
vt 0.50599998 0.99400002
vt 0.99400002 0.99400002
vt 0.99400002 0.50600004
vt 0.50599998 0.50600004
vt 0.50599998 0.99400002
vt 0.99400002 0.99400002
vt 0.99400002 0.50600004
vt 0.50599998 0.50600004
vt 0.50599998 0.99400002
vt 0.99400002 0.99400002
vt 0.99400002 0.50600004
vt 0.50599998 0.50600004
vt 0.50599998 0.99400002
vt 0.99400002 0.99400002
vt 0.99400002 0.50600004
vt 0.50599998 0.50600004
vt 0.50599998 0.99400002
vt 0.99400002 0.99400002
vt 0.99400002 0.50600004
vt 0.50599998 0.50600004
vt 0.50599998 0.99400002
vt 0.99400002 0.99400002
vt 0.99400002 0.50600004
vt 0.50599998 0.50600004
vt 0.50599998 0.99400002
vt 0.99400002 0.99400002
vt 0.99400002 0.50600004
vt 0.50599998 0.50600004
vt 0.50599998 0.99400002
vt 0.99400002 0.99400002
vt 0.99400002 0.50600004
vt 0.50599998 0.50600004
vt 0.50599998 0.99400002
vt 0.99400002 0.99400002
vt 0.99400002 0.50600004
vt 0.50599998 0.50600004
vt 0.50599998 0.99400002
vt 0.99400002 0.99400002
vt 0.99400002 0.50600004
vt 0.50599998 0.50600004
vt 0.50599998 0.99400002
vt 0.99400002 0.99400002
vt 0.99400002 0.50600004
vt 0.50599998 0.50600004
vt 0.50599998 0.99400002
vt 0.99400002 0.99400002
vt 0.99400002 0.50600004
vt 0.50599998 0.50600004
vt 0.50599998 0.99400002
vt 0.99400002 0.99400002
vt 0.99400002 0.50600004
vt 0.50599998 0.50600004
vt 0.50599998 0.99400002
vt 0.99400002 0.99400002
vt 0.99400002 0.50600004
vt 0.50599998 0.50600004
vt 0.50599998 0.99400002
vt 0.99400002 0.99400002
vt 0.99400002 0.50600004
vt 0.50599998 0.50600004
vt 0.50599998 0.99400002
vt 0.99400002 0.99400002
vt 0.99400002 0.50600004
vt 0.50599998 0.50600004
vt 0.50599998 0.99400002
vt 0.99400002 0.99400002
vt 0.99400002 0.50600004
vt 0.50599998 0.50600004
vt 0.50599998 0.99400002
vt 0.99400002 0.99400002
vt 0.99400002 0.50600004
vt 0.50599998 0.50600004
vt 0.50599998 0.99400002
vt 0.99400002 0.99400002
vt 0.99400002 0.50600004
vt 0.50599998 0.50600004
vt 0.50599998 0.99400002
vt 0.99400002 0.99400002
vt 0.99400002 0.50600004
vt 0.50599998 0.50600004
vt 0.50599998 0.99400002
vt 0.99400002 0.99400002
vt 0.99400002 0.50600004
vt 0.50599998 0.50600004
vt 0.50599998 0.99400002
vt 0.99400002 0.99400002
vt 0.99400002 0.50600004
vt 0.50599998 0.50600004
vt 0.50599998 0.99400002
vt 0.99400002 0.99400002
vt 0.99400002 0.50600004
vt 0.50599998 0.50600004
vt 0.50599998 0.99400002
vt 0.99400002 0.99400002
vt 0.99400002 0.50600004
vt 0.50599998 0.50600004
vt 0.50599998 0.99400002
vt 0.99400002 0.99400002
vt 0.99400002 0.50600004
vt 0.50599998 0.50600004
vt 0.50599998 0.99400002
vt 0.99400002 0.99400002
vt 0.99400002 0.50600004
vt 0.50599998 0.50600004
vt 0.50599998 0.99400002
vt 0.99400002 0.99400002
vt 0.99400002 0.50600004
vt 0.50599998 0.50600004
vt 0.50599998 0.99400002
vt 0.99400002 0.99400002
vt 0.99400002 0.50600004
vt 0.50599998 0.50600004
vt 0.50599998 0.99400002
vt 0.99400002 0.99400002
vt 0.99400002 0.50600004
vt 0.50599998 0.50600004
vt 0.50599998 0.99400002
vt 0.99400002 0.99400002
vt 0.99400002 0.50600004
vt 0.50599998 0.50600004
vt 0.50599998 0.99400002
vt 0.99400002 0.99400002
vt 0.99400002 0.50600004
vt 0.50599998 0.50600004
vt 0.50599998 0.99400002
vt 0.99400002 0.99400002
vt 0.99400002 0.50600004
vt 0.50599998 0.50600004
vt 0.50599998 0.99400002
vt 0.99400002 0.99400002
vt 0.99400002 0.50600004
vt 0.50599998 0.50600004
vt 0.50599998 0.99400002
vt 0.99400002 0.99400002
vt 0.99400002 0.50600004
vt 0.50599998 0.50600004
vt 0.50599998 0.99400002
vt 0.99400002 0.99400002
vt 0.99400002 0.50600004
vt 0.50599998 0.50600004
vt 0.50599998 0.99400002
vt 0.99400002 0.99400002
vt 0.99400002 0.50600004
vt 0.50599998 0.50600004
vt 0.50599998 0.99400002
vt 0.99400002 0.99400002
vt 0.99400002 0.50600004
vt 0.50599998 0.50600004
vt 0.50599998 0.99400002
vt 0.99400002 0.99400002
vt 0.99400002 0.50600004
vt 0.50599998 0.50600004
vt 0.50599998 0.99400002
vt 0.99400002 0.99400002
vt 0.99400002 0.50600004
vt 0.50599998 0.50600004
vt 0.50599998 0.99400002
vt 0.99400002 0.99400002
vt 0.99400002 0.50600004
vt 0.50599998 0.50600004
vt 0.50599998 0.99400002
vt 0.99400002 0.99400002
vt 0.99400002 0.50600004
vt 0.50599998 0.50600004
vt 0.50599998 0.99400002
vt 0.99400002 0.99400002
vt 0.99400002 0.50600004
vt 0.50599998 0.50600004
vt 0.50599998 0.99400002
vt 0.99400002 0.99400002
vt 0.99400002 0.50600004
vt 0.50599998 0.50600004
vt 0.50599998 0.99400002
vt 0.99400002 0.99400002
vt 0.99400002 0.50600004
vt 0.50599998 0.50600004
vt 0.50599998 0.99400002
vt 0.99400002 0.99400002
vt 0.99400002 0.50600004
vt 0.50599998 0.50600004
vt 0.50599998 0.99400002
vt 0.99400002 0.99400002
vt 0.99400002 0.50600004
vt 0.50599998 0.50600004
vt 0.50599998 0.99400002
vt 0.99400002 0.99400002
vt 0.99400002 0.50600004
vt 0.50599998 0.50600004
vt 0.50599998 0.99400002
vt 0.99400002 0.99400002
vt 0.99400002 0.50600004
vt 0.50599998 0.50600004
vt 0.50599998 0.99400002
vt 0.99400002 0.99400002
vt 0.99400002 0.50600004
vt 0.50599998 0.50600004
vt 0.50599998 0.99400002
vt 0.99400002 0.99400002
vt 0.99400002 0.50600004
vt 0.50599998 0.50600004
vt 0.50599998 0.99400002
vt 0.99400002 0.99400002
vt 0.99400002 0.50600004
vt 0.50599998 0.50600004
vt 0.50599998 0.99400002
vt 0.99400002 0.99400002
vt 0.99400002 0.50600004
vt 0.50599998 0.50600004
vt 0.50599998 0.99400002
vt 0.99400002 0.99400002
vt 0.99400002 0.50600004
vt 0.50599998 0.50600004
vt 0.50599998 0.99400002
vt 0.99400002 0.99400002
vt 0.99400002 0.50600004
vt 0.50599998 0.50600004
vt 0.50599998 0.99400002
vt 0.99400002 0.99400002
vt 0.99400002 0.50600004
vt 0.50599998 0.50600004
vt 0.50599998 0.99400002
vt 0.99400002 0.99400002
vt 0.99400002 0.50600004
vt 0.50599998 0.50600004
vt 0.50599998 0.99400002
vt 0.99400002 0.99400002
vt 0.99400002 0.50600004
vt 0.50599998 0.50600004
vt 0.50599998 0.99400002
vt 0.99400002 0.99400002
vt 0.99400002 0.50600004
vt 0.50599998 0.50600004
vt 0.50599998 0.99400002
vt 0.99400002 0.99400002
vt 0.99400002 0.50600004
vt 0.50599998 0.50600004
vt 0.50599998 0.99400002
vt 0.99400002 0.99400002
vt 0.99400002 0.50600004
vt 0.50599998 0.50600004
vt 0.50599998 0.99400002
vt 0.99400002 0.99400002
vt 0.99400002 0.50600004
vt 0.50599998 0.50600004
vt 0.50599998 0.99400002
vt 0.99400002 0.99400002
vt 0.99400002 0.50600004
vt 0.50599998 0.50600004
vt 0.50599998 0.99400002
vt 0.99400002 0.99400002
vt 0.99400002 0.50600004
vt 0.50599998 0.50600004
vt 0.50599998 0.99400002
vt 0.99400002 0.99400002
vt 0.99400002 0.50600004
vt 0.50599998 0.50600004
vt 0.50599998 0.99400002
vt 0.99400002 0.99400002
vt 0.99400002 0.50600004
vt 0.50599998 0.50600004
vt 0.50599998 0.99400002
vt 0.99400002 0.99400002
vt 0.99400002 0.50600004
vt 0.50599998 0.50600004
vt 0.50599998 0.99400002
vt 0.99400002 0.99400002
vt 0.99400002 0.50600004
vt 0.50599998 0.50600004
vt 0.50599998 0.99400002
vt 0.99400002 0.99400002
vt 0.99400002 0.50600004
vt 0.50599998 0.50600004
vt 0.50599998 0.99400002
vt 0.99400002 0.99400002
vt 0.99400002 0.50600004
vt 0.50599998 0.50600004
vt 0.50599998 0.99400002
vt 0.99400002 0.99400002
vt 0.99400002 0.50600004
vt 0.50599998 0.50600004
vt 0.50599998 0.99400002
vt 0.99400002 0.99400002
vt 0.99400002 0.50600004
vt 0.50599998 0.50600004
vt 0.50599998 0.99400002
vt 0.99400002 0.99400002
vt 0.99400002 0.50600004
vt 0.50599998 0.50600004
vt 0.50599998 0.99400002
vt 0.99400002 0.99400002
vt 0.99400002 0.50600004
vt 0.50599998 0.50600004
vt 0.50599998 0.99400002
vt 0.99400002 0.99400002
vt 0.99400002 0.50600004
vt 0.50599998 0.50600004
vt 0.50599998 0.99400002
vt 0.99400002 0.99400002
vt 0.99400002 0.50600004
vt 0.50599998 0.50600004
vt 0.50599998 0.99400002
vt 0.99400002 0.99400002
vt 0.99400002 0.50600004
vt 0.50599998 0.50600004
vt 0.50599998 0.99400002
vt 0.99400002 0.99400002
vt 0.99400002 0.50600004
vt 0.50599998 0.50600004
vt 0.50599998 0.99400002
vt 0.99400002 0.99400002
vt 0.99400002 0.50600004
vt 0.50599998 0.50600004
vt 0.50599998 0.99400002
vt 0.99400002 0.99400002
vt 0.99400002 0.50600004
vt 0.50599998 0.50600004
vt 0.50599998 0.99400002
vt 0.99400002 0.99400002
vt 0.99400002 0.50600004
vt 0.50599998 0.50600004
vt 0.50599998 0.99400002
vt 0.99400002 0.99400002
vt 0.99400002 0.50600004
vt 0.50599998 0.50600004
vt 0.50599998 0.99400002
vt 0.99400002 0.99400002
vt 0.99400002 0.50600004
vt 0.50599998 0.50600004
vt 0.50599998 0.99400002
vt 0.99400002 0.99400002
vt 0.99400002 0.50600004
vt 0.50599998 0.50600004
vt 0.50599998 0.99400002
vt 0.99400002 0.99400002
vt 0.99400002 0.50600004
vt 0.50599998 0.50600004
vt 0.50599998 0.99400002
vt 0.99400002 0.99400002
vt 0.99400002 0.50600004
vt 0.50599998 0.50600004
vt 0.50599998 0.99400002
vt 0.99400002 0.99400002
vt 0.99400002 0.50600004
vt 0.50599998 0.50600004
vt 0.50599998 0.99400002
vt 0.99400002 0.99400002
vt 0.99400002 0.50600004
vt 0.50599998 0.50600004
vt 0.50599998 0.99400002
vt 0.99400002 0.99400002
vt 0.99400002 0.50600004
vt 0.50599998 0.99400002
vt 0.99400002 0.99400002
vt 0.99400002 0.50600004
vt 0.50599998 0.99400002
vt 0.99400002 0.99400002
vt 0.99400002 0.50600004
vt 0.50599998 0.99400002
vt 0.99400002 0.99400002
vt 0.99400002 0.50600004
vt 0.50599998 0.99400002
vt 0.99400002 0.99400002
vt 0.99400002 0.50600004
vt 0.50599998 0.99400002
vt 0.99400002 0.99400002
vt 0.99400002 0.50600004
vt 0.50599998 0.99400002
vt 0.99400002 0.99400002
vt 0.99400002 0.50600004
vt 0.50599998 0.99400002
vt 0.99400002 0.99400002
vt 0.99400002 0.50600004
vt 0.50599998 0.99400002
vt 0.99400002 0.99400002
vt 0.99400002 0.50600004
vt 0.50599998 0.99400002
vt 0.99400002 0.99400002
vt 0.99400002 0.50600004
vt 0.50599998 0.99400002
vt 0.99400002 0.99400002
vt 0.99400002 0.50600004
vt 0.50599998 0.99400002
vt 0.99400002 0.99400002
vt 0.99400002 0.50600004
vt 0.50599998 0.99400002
vt 0.99400002 0.99400002
vt 0.99400002 0.50600004
vt 0.50599998 0.99400002
vt 0.99400002 0.99400002
vt 0.99400002 0.50600004
vt 0.50599998 0.99400002
vt 0.99400002 0.99400002
vt 0.99400002 0.50600004
vt 0.50599998 0.99400002
vt 0.99400002 0.99400002
vt 0.99400002 0.50600004
vt 0.50599998 0.99400002
vt 0.99400002 0.99400002
vt 0.99400002 0.50600004
vt 0.50599998 0.99400002
vt 0.99400002 0.99400002
vt 0.99400002 0.50600004
vt 0.50599998 0.99400002
vt 0.99400002 0.99400002
vt 0.99400002 0.50600004
vt 0.50599998 0.99400002
vt 0.99400002 0.99400002
vt 0.99400002 0.50600004
vt 0.50599998 0.99400002
vt 0.99400002 0.99400002
vt 0.99400002 0.50600004
vt 0.50599998 0.50600004
vt 0.50599998 0.99400002
vt 0.99400002 0.99400002
vt 0.99400002 0.50600004
vt 0.50599998 0.50600004
vt 0.50599998 0.99400002
vt 0.99400002 0.99400002
vt 0.99400002 0.50600004
vt 0.50599998 0.50600004
vt 0.50599998 0.99400002
vt 0.99400002 0.99400002
vt 0.99400002 0.50600004
vt 0.50599998 0.50600004
vt 0.50599998 0.99400002
vt 0.99400002 0.99400002
vt 0.99400002 0.50600004
vt 0.50599998 0.50600004
vt 0.50599998 0.99400002
vt 0.99400002 0.99400002
vt 0.99400002 0.50600004
vt 0.50599998 0.50600004
vt 0.50599998 0.99400002
vt 0.99400002 0.99400002
vt 0.99400002 0.50600004
vt 0.50599998 0.50600004
vt 0.50599998 0.99400002
vt 0.99400002 0.99400002
vt 0.99400002 0.50600004
vt 0.50599998 0.50600004
vt 0.50599998 0.99400002
vt 0.99400002 0.99400002
vt 0.99400002 0.50600004
vt 0.50599998 0.50600004
vt 0.50599998 0.99400002
vt 0.99400002 0.99400002
vt 0.99400002 0.50600004
vt 0.50599998 0.50600004
vt 0.50599998 0.99400002
vt 0.99400002 0.99400002
vt 0.99400002 0.50600004
vt 0.50599998 0.50600004
vt 0.50599998 0.99400002
vt 0.99400002 0.99400002
vt 0.99400002 0.50600004
vt 0.50599998 0.50600004
vt 0.50599998 0.99400002
vt 0.99400002 0.99400002
vt 0.99400002 0.50600004
vt 0.50599998 0.50600004
vt 0.50599998 0.99400002
vt 0.99400002 0.99400002
vt 0.99400002 0.50600004
vt 0.50599998 0.50600004
vt 0.50599998 0.99400002
vt 0.99400002 0.99400002
vt 0.99400002 0.50600004
vt 0.50599998 0.50600004
vt 0.50599998 0.99400002
vt 0.99400002 0.99400002
vt 0.99400002 0.50600004
vt 0.50599998 0.50600004
vt 0.50599998 0.99400002
vt 0.99400002 0.99400002
vt 0.99400002 0.50600004
vt 0.50599998 0.50600004
vt 0.50599998 0.99400002
vt 0.99400002 0.99400002
vt 0.99400002 0.50600004
vt 0.50599998 0.50600004
vt 0.50599998 0.99400002
vt 0.99400002 0.99400002
vt 0.99400002 0.50600004
vt 0.50599998 0.50600004
vt 0.50599998 0.99400002
vt 0.99400002 0.99400002
vt 0.99400002 0.50600004
vt 0.50599998 0.50600004
vt 0.50599998 0.99400002
vt 0.99400002 0.99400002
vt 0.99400002 0.50600004
vt 0.50599998 0.50600004
vt 0.50599998 0.99400002
vt 0.99400002 0.99400002
vt 0.99400002 0.50600004
vt 0.50599998 0.50600004
vt 0.50599998 0.99400002
vt 0.99400002 0.99400002
vt 0.99400002 0.50600004
vt 0.50599998 0.50600004
vt 0.50599998 0.99400002
vt 0.99400002 0.99400002
vt 0.99400002 0.50600004
vt 0.50599998 0.50600004
vt 0.50599998 0.99400002
vt 0.99400002 0.99400002
vt 0.99400002 0.50600004
vt 0.50599998 0.50600004
vt 0.50599998 0.99400002
vt 0.99400002 0.99400002
vt 0.99400002 0.50600004
vt 0.50599998 0.50600004
vt 0.50599998 0.99400002
vt 0.99400002 0.99400002
vt 0.99400002 0.50600004
vt 0.50599998 0.50600004
vt 0.50599998 0.99400002
vt 0.99400002 0.99400002
vt 0.99400002 0.50600004
vt 0.50599998 0.50600004
vt 0.50599998 0.99400002
vt 0.99400002 0.99400002
vt 0.99400002 0.50600004
vt 0.50599998 0.50600004
vt 0.50599998 0.99400002
vt 0.99400002 0.99400002
vt 0.99400002 0.50600004
vt 0.50599998 0.50600004
vt 0.50599998 0.99400002
vt 0.99400002 0.99400002
vt 0.99400002 0.50600004
vt 0.50599998 0.50600004
vt 0.50599998 0.99400002
vt 0.99400002 0.99400002
vt 0.99400002 0.50600004
vt 0.50599998 0.50600004
vt 0.50599998 0.99400002
vt 0.99400002 0.99400002
vt 0.99400002 0.50600004
vt 0.50599998 0.50600004
vt 0.50599998 0.99400002
vt 0.99400002 0.99400002
vt 0.99400002 0.50600004
vt 0.50599998 0.50600004
vt 0.50599998 0.99400002
vt 0.99400002 0.99400002
vt 0.99400002 0.50600004
vt 0.50599998 0.50600004
vt 0.50599998 0.99400002
vt 0.99400002 0.99400002
vt 0.99400002 0.50600004
vt 0.50599998 0.50600004
vt 0.50599998 0.99400002
vt 0.99400002 0.99400002
vt 0.99400002 0.50600004
vt 0.50599998 0.50600004
vt 0.50599998 0.99400002
vt 0.99400002 0.99400002
vt 0.99400002 0.50600004
vt 0.50599998 0.50600004
vt 0.50599998 0.99400002
vt 0.99400002 0.99400002
vt 0.99400002 0.50600004
vt 0.50599998 0.50600004
vt 0.50599998 0.99400002
vt 0.99400002 0.99400002
vt 0.99400002 0.50600004
vt 0.50599998 0.50600004
vt 0.50599998 0.99400002
vt 0.99400002 0.99400002
vt 0.99400002 0.50600004
vt 0.50599998 0.50600004
vt 0.50599998 0.99400002
vt 0.99400002 0.99400002
vt 0.99400002 0.50600004
vt 0.50599998 0.50600004
vt 0.50599998 0.99400002
vt 0.99400002 0.99400002
vt 0.99400002 0.50600004
vt 0.50599998 0.50600004
vt 0.50599998 0.99400002
vt 0.99400002 0.99400002
vt 0.99400002 0.50600004
vt 0.50599998 0.50600004
vt 0.50599998 0.99400002
vt 0.99400002 0.99400002
vt 0.99400002 0.50600004
vt 0.50599998 0.50600004
vt 0.50599998 0.99400002
vt 0.99400002 0.99400002
vt 0.99400002 0.50600004
vt 0.50599998 0.50600004
vt 0.50599998 0.99400002
vt 0.99400002 0.99400002
vt 0.99400002 0.50600004
vt 0.50599998 0.50600004
vt 0.50599998 0.99400002
vt 0.99400002 0.99400002
vt 0.99400002 0.50600004
vt 0.50599998 0.50600004
vt 0.50599998 0.99400002
vt 0.99400002 0.99400002
vt 0.99400002 0.50600004
vt 0.50599998 0.99400002
vt 0.99400002 0.99400002
vt 0.99400002 0.50600004
vt 0.50599998 0.99400002
vt 0.99400002 0.99400002
vt 0.99400002 0.50600004
vt 0.50599998 0.99400002
vt 0.99400002 0.99400002
vt 0.99400002 0.50600004
vt 0.50599998 0.99400002
vt 0.99400002 0.99400002
vt 0.99400002 0.50600004
vt 0.50599998 0.99400002
vt 0.99400002 0.99400002
vt 0.99400002 0.50600004
vt 0.50599998 0.99400002
vt 0.99400002 0.99400002
vt 0.99400002 0.50600004
vt 0.50599998 0.99400002
vt 0.99400002 0.99400002
vt 0.99400002 0.50600004
vt 0.50599998 0.99400002
vt 0.99400002 0.99400002
vt 0.99400002 0.50600004
vt 0.50599998 0.99400002
vt 0.99400002 0.99400002
vt 0.99400002 0.50600004
vt 0.50599998 0.99400002
vt 0.99400002 0.99400002
vt 0.99400002 0.50600004
vt 0.50599998 0.99400002
vt 0.99400002 0.99400002
vt 0.99400002 0.50600004
vt 0.50599998 0.99400002
vt 0.99400002 0.99400002
vt 0.99400002 0.50600004
vt 0.50599998 0.99400002
vt 0.99400002 0.99400002
vt 0.99400002 0.50600004
vt 0.50599998 0.99400002
vt 0.99400002 0.99400002
vt 0.99400002 0.50600004
vt 0.50599998 0.99400002
vt 0.99400002 0.99400002
vt 0.99400002 0.50600004
vt 0.50599998 0.99400002
vt 0.99400002 0.99400002
vt 0.99400002 0.50600004
vt 0.50599998 0.99400002
vt 0.99400002 0.99400002
vt 0.99400002 0.50600004
vt 0.50599998 0.99400002
vt 0.99400002 0.99400002
vt 0.99400002 0.50600004
vt 0.50599998 0.99400002
vt 0.99400002 0.99400002
vt 0.99400002 0.50600004
vt 0.50599998 0.99400002
vt 0.99400002 0.99400002
vt 0.99400002 0.50600004
vt 0.50599998 0.99400002
vt 0.99400002 0.99400002
vt 0.99400002 0.50600004
vt 0.50599998 0.99400002
vt 0.99400002 0.99400002
vt 0.99400002 0.50600004
vt 0.50599998 0.99400002
vt 0.99400002 0.99400002
vt 0.99400002 0.50600004
vt 0.50599998 0.49400002
vt 0.99400002 0.49400002
vt 0.99400002 0.00599998
vt 0.50599998 0.00599998
vt 0.50599998 0.49400002
vt 0.99400002 0.49400002
vt 0.99400002 0.00599998
vt 0.50599998 0.49400002
vt 0.99400002 0.49400002
vt 0.99400002 0.00599998
vt 0.50599998 0.49400002
vt 0.99400002 0.49400002
vt 0.99400002 0.00599998
vt 0.50599998 0.00599998
vt 0.50599998 0.49400002
vt 0.99400002 0.49400002
vt 0.99400002 0.00599998
vt 0.50599998 0.49400002
vt 0.99400002 0.49400002
vt 0.99400002 0.00599998
vt 0.50599998 0.49400002
vt 0.99400002 0.49400002
vt 0.99400002 0.00599998
vt 0.50599998 0.00599998
vt 0.50599998 0.49400002
vt 0.99400002 0.49400002
vt 0.99400002 0.00599998
vt 0.50599998 0.49400002
vt 0.99400002 0.49400002
vt 0.99400002 0.00599998
vt 0.50599998 0.49400002
vt 0.99400002 0.49400002
vt 0.99400002 0.00599998
vt 0.50599998 0.00599998
vt 0.50599998 0.49400002
vt 0.99400002 0.49400002
vt 0.99400002 0.00599998
vt 0.50599998 0.49400002
vt 0.99400002 0.49400002
vt 0.99400002 0.00599998
vt 0.50599998 0.49400002
vt 0.99400002 0.49400002
vt 0.99400002 0.00599998
vt 0.50599998 0.00599998
vt 0.50599998 0.49400002
vt 0.99400002 0.49400002
vt 0.99400002 0.00599998
vt 0.50599998 0.49400002
vt 0.99400002 0.49400002
vt 0.99400002 0.00599998
vt 0.50599998 0.49400002
vt 0.99400002 0.49400002
vt 0.99400002 0.00599998
vt 0.50599998 0.00599998
vt 0.50599998 0.49400002
vt 0.99400002 0.49400002
vt 0.99400002 0.00599998
vt 0.50599998 0.49400002
vt 0.99400002 0.49400002
vt 0.99400002 0.00599998
vt 0.50599998 0.49400002
vt 0.99400002 0.49400002
vt 0.99400002 0.00599998
vt 0.50599998 0.00599998
vt 0.50599998 0.49400002
vt 0.99400002 0.49400002
vt 0.99400002 0.00599998
vt 0.50599998 0.49400002
vt 0.99400002 0.49400002
vt 0.99400002 0.00599998
vt 0.50599998 0.49400002
vt 0.99400002 0.49400002
vt 0.99400002 0.00599998
vt 0.50599998 0.00599998
vt 0.50599998 0.49400002
vt 0.99400002 0.49400002
vt 0.99400002 0.00599998
vt 0.50599998 0.49400002
vt 0.99400002 0.49400002
vt 0.99400002 0.00599998
vt 0.50599998 0.49400002
vt 0.99400002 0.49400002
vt 0.99400002 0.00599998
vt 0.50599998 0.00599998
vt 0.50599998 0.49400002
vt 0.99400002 0.49400002
vt 0.99400002 0.00599998
vt 0.50599998 0.49400002
vt 0.99400002 0.49400002
vt 0.99400002 0.00599998
vt 0.50599998 0.49400002
vt 0.99400002 0.49400002
vt 0.99400002 0.00599998
vt 0.50599998 0.00599998
vt 0.50599998 0.49400002
vt 0.99400002 0.49400002
vt 0.99400002 0.00599998
vt 0.50599998 0.49400002
vt 0.99400002 0.49400002
vt 0.99400002 0.00599998
vt 0.50599998 0.49400002
vt 0.99400002 0.49400002
vt 0.99400002 0.00599998
vt 0.50599998 0.00599998
vt 0.50599998 0.49400002
vt 0.99400002 0.49400002
vt 0.99400002 0.00599998
vt 0.50599998 0.49400002
vt 0.99400002 0.49400002
vt 0.99400002 0.00599998
vt 0.50599998 0.49400002
vt 0.99400002 0.49400002
vt 0.99400002 0.00599998
vt 0.50599998 0.00599998
vt 0.50599998 0.49400002
vt 0.99400002 0.49400002
vt 0.99400002 0.00599998
vt 0.50599998 0.49400002
vt 0.99400002 0.49400002
vt 0.99400002 0.00599998
vt 0.50599998 0.49400002
vt 0.99400002 0.49400002
vt 0.99400002 0.00599998
vt 0.50599998 0.00599998
vt 0.50599998 0.49400002
vt 0.99400002 0.49400002
vt 0.99400002 0.00599998
vt 0.50599998 0.49400002
vt 0.99400002 0.49400002
vt 0.99400002 0.00599998
vt 0.50599998 0.49400002
vt 0.99400002 0.49400002
vt 0.99400002 0.00599998
vt 0.50599998 0.00599998
vt 0.50599998 0.49400002
vt 0.99400002 0.49400002
vt 0.99400002 0.00599998
vt 0.50599998 0.49400002
vt 0.99400002 0.49400002
vt 0.99400002 0.00599998
vt 0.50599998 0.49400002
vt 0.99400002 0.49400002
vt 0.99400002 0.00599998
vt 0.50599998 0.00599998
vt 0.50599998 0.49400002
vt 0.99400002 0.49400002
vt 0.99400002 0.00599998
vt 0.50599998 0.49400002
vt 0.99400002 0.49400002
vt 0.99400002 0.00599998
vt 0.50599998 0.49400002
vt 0.99400002 0.49400002
vt 0.99400002 0.00599998
vt 0.50599998 0.00599998
vt 0.50599998 0.49400002
vt 0.99400002 0.49400002
vt 0.99400002 0.00599998
vt 0.50599998 0.49400002
vt 0.99400002 0.49400002
vt 0.99400002 0.00599998
vt 0.50599998 0.49400002
vt 0.99400002 0.49400002
vt 0.99400002 0.00599998
vt 0.50599998 0.00599998
vt 0.50599998 0.49400002
vt 0.99400002 0.49400002
vt 0.99400002 0.00599998
vt 0.50599998 0.49400002
vt 0.99400002 0.49400002
vt 0.99400002 0.00599998
vt 0.50599998 0.49400002
vt 0.99400002 0.49400002
vt 0.99400002 0.00599998
vt 0.50599998 0.00599998
vt 0.50599998 0.49400002
vt 0.99400002 0.49400002
vt 0.99400002 0.00599998
vt 0.50599998 0.49400002
vt 0.99400002 0.49400002
vt 0.99400002 0.00599998
vt 0.50599998 0.49400002
vt 0.99400002 0.49400002
vt 0.99400002 0.00599998
vt 0.50599998 0.00599998
vt 0.50599998 0.49400002
vt 0.99400002 0.49400002
vt 0.99400002 0.00599998
vt 0.50599998 0.49400002
vt 0.99400002 0.49400002
vt 0.99400002 0.00599998
vt 0.50599998 0.49400002
vt 0.99400002 0.49400002
vt 0.99400002 0.00599998
vt 0.50599998 0.00599998
vt 0.50599998 0.49400002
vt 0.99400002 0.49400002
vt 0.99400002 0.00599998
vt 0.50599998 0.49400002
vt 0.99400002 0.49400002
vt 0.99400002 0.00599998
vt 0.50599998 0.49400002
vt 0.99400002 0.49400002
vt 0.99400002 0.00599998
vt 0.50599998 0.00599998
vt 0.50599998 0.49400002
vt 0.99400002 0.49400002
vt 0.99400002 0.00599998
vt 0.50599998 0.49400002
vt 0.99400002 0.49400002
vt 0.99400002 0.00599998
vt 0.50599998 0.49400002
vt 0.99400002 0.49400002
vt 0.99400002 0.00599998
vt 0.50599998 0.00599998
vt 0.50599998 0.49400002
vt 0.99400002 0.49400002
vt 0.99400002 0.00599998
vt 0.50599998 0.49400002
vt 0.99400002 0.49400002
vt 0.99400002 0.00599998
vt 0.50599998 0.49400002
vt 0.99400002 0.49400002
vt 0.99400002 0.00599998
vt 0.50599998 0.00599998
vt 0.50599998 0.49400002
vt 0.99400002 0.49400002
vt 0.99400002 0.00599998
vt 0.50599998 0.49400002
vt 0.99400002 0.49400002
vt 0.99400002 0.00599998
vt 0.50599998 0.49400002
vt 0.99400002 0.49400002
vt 0.99400002 0.00599998
vt 0.50599998 0.00599998
vt 0.50599998 0.49400002
vt 0.99400002 0.49400002
vt 0.99400002 0.00599998
vt 0.50599998 0.49400002
vt 0.99400002 0.49400002
vt 0.99400002 0.00599998
vt 0.50599998 0.99400002
vt 0.99400002 0.99400002
vt 0.99400002 0.50600004
vt 0.50599998 0.50600004
vt 0.50599998 0.99400002
vt 0.99400002 0.99400002
vt 0.99400002 0.50600004
vt 0.50599998 0.50600004
vt 0.50599998 0.99400002
vt 0.99400002 0.99400002
vt 0.99400002 0.50600004
vt 0.50599998 0.50600004
vt 0.50599998 0.99400002
vt 0.99400002 0.99400002
vt 0.99400002 0.50600004
vt 0.50599998 0.50600004
vt 0.50599998 0.99400002
vt 0.99400002 0.99400002
vt 0.99400002 0.50600004
vt 0.50599998 0.50600004
vt 0.50599998 0.99400002
vt 0.99400002 0.99400002
vt 0.99400002 0.50600004
vt 0.50599998 0.50600004
vt 0.50599998 0.99400002
vt 0.99400002 0.99400002
vt 0.99400002 0.50600004
vt 0.50599998 0.50600004
vt 0.50599998 0.99400002
vt 0.99400002 0.99400002
vt 0.99400002 0.50600004
vt 0.50599998 0.50600004
vt 0.50599998 0.99400002
vt 0.99400002 0.99400002
vt 0.99400002 0.50600004
vt 0.50599998 0.50600004
vt 0.50599998 0.99400002
vt 0.99400002 0.99400002
vt 0.99400002 0.50600004
vt 0.50599998 0.50600004
vt 0.50599998 0.99400002
vt 0.99400002 0.99400002
vt 0.99400002 0.50600004
vt 0.50599998 0.50600004
vt 0.50599998 0.99400002
vt 0.99400002 0.99400002
vt 0.99400002 0.50600004
vt 0.50599998 0.50600004
vt 0.50599998 0.99400002
vt 0.99400002 0.99400002
vt 0.99400002 0.50600004
vt 0.50599998 0.50600004
vt 0.50599998 0.99400002
vt 0.99400002 0.99400002
vt 0.99400002 0.50600004
vt 0.50599998 0.50600004
vt 0.50599998 0.99400002
vt 0.99400002 0.99400002
vt 0.99400002 0.50600004
vt 0.50599998 0.50600004
vt 0.50599998 0.99400002
vt 0.99400002 0.99400002
vt 0.99400002 0.50600004
vt 0.50599998 0.50600004
vt 0.50599998 0.99400002
vt 0.99400002 0.99400002
vt 0.99400002 0.50600004
vt 0.50599998 0.50600004
vt 0.50599998 0.99400002
vt 0.99400002 0.99400002
vt 0.99400002 0.50600004
vt 0.50599998 0.50600004
vt 0.50599998 0.99400002
vt 0.99400002 0.99400002
vt 0.99400002 0.50600004
vt 0.50599998 0.50600004
vt 0.50599998 0.99400002
vt 0.99400002 0.99400002
vt 0.99400002 0.50600004
vt 0.50599998 0.50600004
vt 0.50599998 0.99400002
vt 0.99400002 0.99400002
vt 0.99400002 0.50600004
vt 0.50599998 0.50600004
vt 0.50599998 0.99400002
vt 0.99400002 0.99400002
vt 0.99400002 0.50600004
vt 0.50599998 0.50600004
vt 0.50599998 0.99400002
vt 0.99400002 0.99400002
vt 0.99400002 0.50600004
vt 0.50599998 0.50600004
vt 0.50599998 0.99400002
vt 0.99400002 0.99400002
vt 0.99400002 0.50600004
vt 0.50599998 0.50600004
vt 0.50599998 0.99400002
vt 0.99400002 0.99400002
vt 0.99400002 0.50600004
vt 0.50599998 0.50600004
vt 0.50599998 0.99400002
vt 0.99400002 0.99400002
vt 0.99400002 0.50600004
vt 0.50599998 0.50600004
vt 0.50599998 0.99400002
vt 0.99400002 0.99400002
vt 0.99400002 0.50600004
vt 0.50599998 0.50600004
vt 0.50599998 0.99400002
vt 0.99400002 0.99400002
vt 0.99400002 0.50600004
vt 0.50599998 0.50600004
vt 0.50599998 0.99400002
vt 0.99400002 0.99400002
vt 0.99400002 0.50600004
vt 0.50599998 0.50600004
vt 0.50599998 0.99400002
vt 0.99400002 0.99400002
vt 0.99400002 0.50600004
vt 0.50599998 0.50600004
vt 0.50599998 0.99400002
vt 0.99400002 0.99400002
vt 0.99400002 0.50600004
vt 0.50599998 0.50600004
vt 0.50599998 0.99400002
vt 0.99400002 0.99400002
vt 0.99400002 0.50600004
vt 0.50599998 0.50600004
vt 0.50599998 0.99400002
vt 0.99400002 0.99400002
vt 0.99400002 0.50600004
vt 0.50599998 0.50600004
vt 0.50599998 0.99400002
vt 0.99400002 0.99400002
vt 0.99400002 0.50600004
vt 0.50599998 0.50600004
vt 0.50599998 0.99400002
vt 0.99400002 0.99400002
vt 0.99400002 0.50600004
vt 0.50599998 0.50600004
vt 0.50599998 0.99400002
vt 0.99400002 0.99400002
vt 0.99400002 0.50600004
vt 0.50599998 0.50600004
vt 0.50599998 0.99400002
vt 0.99400002 0.99400002
vt 0.99400002 0.50600004
vt 0.50599998 0.50600004
vt 0.50599998 0.99400002
vt 0.99400002 0.99400002
vt 0.99400002 0.50600004
vt 0.50599998 0.50600004
vt 0.50599998 0.99400002
vt 0.99400002 0.99400002
vt 0.99400002 0.50600004
vt 0.50599998 0.50600004
vt 0.50599998 0.99400002
vt 0.99400002 0.99400002
vt 0.99400002 0.50600004
vt 0.50599998 0.50600004
vt 0.50599998 0.99400002
vt 0.99400002 0.99400002
vt 0.99400002 0.50600004
vt 0.50599998 0.50600004
vt 0.50599998 0.99400002
vt 0.99400002 0.99400002
vt 0.99400002 0.50600004
vt 0.50599998 0.50600004
vt 0.50599998 0.99400002
vt 0.99400002 0.99400002
vt 0.99400002 0.50600004
vt 0.50599998 0.50600004
vt 0.50599998 0.99400002
vt 0.99400002 0.99400002
vt 0.99400002 0.50600004
vt 0.50599998 0.50600004
vt 0.50599998 0.99400002
vt 0.99400002 0.99400002
vt 0.99400002 0.50600004
vt 0.50599998 0.50600004
vt 0.50599998 0.99400002
vt 0.99400002 0.99400002
vt 0.99400002 0.50600004
vt 0.50599998 0.50600004
vt 0.50599998 0.99400002
vt 0.99400002 0.99400002
vt 0.99400002 0.50600004
vt 0.50599998 0.50600004
vt 0.50599998 0.99400002
vt 0.99400002 0.99400002
vt 0.99400002 0.50600004
vt 0.50599998 0.50600004
vt 0.50599998 0.99400002
vt 0.99400002 0.99400002
vt 0.99400002 0.50600004
vt 0.50599998 0.50600004
vt 0.50599998 0.99400002
vt 0.99400002 0.99400002
vt 0.99400002 0.50600004
vt 0.50599998 0.50600004
vt 0.50599998 0.99400002
vt 0.99400002 0.99400002
vt 0.99400002 0.50600004
vt 0.50599998 0.50600004
vt 0.50599998 0.99400002
vt 0.99400002 0.99400002
vt 0.99400002 0.50600004
vt 0.50599998 0.50600004
vt 0.50599998 0.99400002
vt 0.99400002 0.99400002
vt 0.99400002 0.50600004
vt 0.50599998 0.50600004
vt 0.50599998 0.99400002
vt 0.99400002 0.99400002
vt 0.99400002 0.50600004
vt 0.50599998 0.50600004
vt 0.50599998 0.99400002
vt 0.99400002 0.99400002
vt 0.99400002 0.50600004
vt 0.50599998 0.50600004
vt 0.50599998 0.99400002
vt 0.99400002 0.99400002
vt 0.99400002 0.50600004
vt 0.50599998 0.50600004
vt 0.50599998 0.99400002
vt 0.99400002 0.99400002
vt 0.99400002 0.50600004
vt 0.50599998 0.50600004
vt 0.50599998 0.99400002
vt 0.99400002 0.99400002
vt 0.99400002 0.50600004
vt 0.50599998 0.50600004
vt 0.50599998 0.99400002
vt 0.99400002 0.99400002
vt 0.99400002 0.50600004
vt 0.50599998 0.50600004
vt 0.50599998 0.99400002
vt 0.99400002 0.99400002
vt 0.99400002 0.50600004
vt 0.50599998 0.50600004
vt 0.50599998 0.99400002
vt 0.99400002 0.99400002
vt 0.99400002 0.50600004
vt 0.50599998 0.50600004
vt 0.50599998 0.99400002
vt 0.99400002 0.99400002
vt 0.99400002 0.50600004
vt 0.50599998 0.50600004
vt 0.50599998 0.99400002
vt 0.99400002 0.99400002
vt 0.99400002 0.50600004
vt 0.50599998 0.50600004
vt 0.50599998 0.99400002
vt 0.99400002 0.99400002
vt 0.99400002 0.50600004
vt 0.50599998 0.50600004
vt 0.50599998 0.99400002
vt 0.99400002 0.99400002
vt 0.99400002 0.50600004
vt 0.50599998 0.50600004
vt 0.50599998 0.99400002
vt 0.99400002 0.99400002
vt 0.99400002 0.50600004
vt 0.50599998 0.50600004
vt 0.50599998 0.99400002
vt 0.99400002 0.99400002
vt 0.99400002 0.50600004
vt 0.50599998 0.50600004
vt 0.50599998 0.99400002
vt 0.99400002 0.99400002
vt 0.99400002 0.50600004
vt 0.50599998 0.50600004
vt 0.50599998 0.99400002
vt 0.99400002 0.99400002
vt 0.99400002 0.50600004
vt 0.50599998 0.50600004
vt 0.50599998 0.99400002
vt 0.99400002 0.99400002
vt 0.99400002 0.50600004
vt 0.50599998 0.50600004
vt 0.50599998 0.99400002
vt 0.99400002 0.99400002
vt 0.99400002 0.50600004
vt 0.50599998 0.50600004
vt 0.50599998 0.99400002
vt 0.99400002 0.99400002
vt 0.99400002 0.50600004
vt 0.50599998 0.50600004
vt 0.50599998 0.99400002
vt 0.99400002 0.99400002
vt 0.99400002 0.50600004
vt 0.50599998 0.50600004
vt 0.50599998 0.99400002
vt 0.99400002 0.99400002
vt 0.99400002 0.50600004
vt 0.50599998 0.50600004
vt 0.50599998 0.99400002
vt 0.99400002 0.99400002
vt 0.99400002 0.50600004
vt 0.50599998 0.50600004
vt 0.50599998 0.99400002
vt 0.99400002 0.99400002
vt 0.99400002 0.50600004
vt 0.50599998 0.50600004
vt 0.50599998 0.99400002
vt 0.99400002 0.99400002
vt 0.99400002 0.50600004
vt 0.50599998 0.50600004
vt 0.50599998 0.99400002
vt 0.99400002 0.99400002
vt 0.99400002 0.50600004
vt 0.50599998 0.50600004
vt 0.50599998 0.99400002
vt 0.99400002 0.99400002
vt 0.99400002 0.50600004
vt 0.50599998 0.50600004
vt 0.50599998 0.99400002
vt 0.99400002 0.99400002
vt 0.99400002 0.50600004
vt 0.50599998 0.50600004
vt 0.50599998 0.99400002
vt 0.99400002 0.99400002
vt 0.99400002 0.50600004
vt 0.50599998 0.50600004
vt 0.50599998 0.99400002
vt 0.99400002 0.99400002
vt 0.99400002 0.50600004
vt 0.50599998 0.50600004
vt 0.50599998 0.99400002
vt 0.99400002 0.99400002
vt 0.99400002 0.50600004
vt 0.50599998 0.50600004
vt 0.50599998 0.99400002
vt 0.99400002 0.99400002
vt 0.99400002 0.50600004
vt 0.50599998 0.50600004
vt 0.50599998 0.99400002
vt 0.99400002 0.99400002
vt 0.99400002 0.50600004
vt 0.50599998 0.50600004
vt 0.50599998 0.99400002
vt 0.99400002 0.99400002
vt 0.99400002 0.50600004
vt 0.50599998 0.50600004
vt 0.50599998 0.99400002
vt 0.99400002 0.99400002
vt 0.99400002 0.50600004
vt 0.50599998 0.50600004
vt 0.50599998 0.99400002
vt 0.99400002 0.99400002
vt 0.99400002 0.50600004
vt 0.50599998 0.50600004
vt 0.50599998 0.99400002
vt 0.99400002 0.99400002
vt 0.99400002 0.50600004
vt 0.50599998 0.50600004
vt 0.50599998 0.99400002
vt 0.99400002 0.99400002
vt 0.99400002 0.50600004
vt 0.50599998 0.50600004
vt 0.50599998 0.99400002
vt 0.99400002 0.99400002
vt 0.99400002 0.50600004
vt 0.50599998 0.50600004
vt 0.50599998 0.99400002
vt 0.99400002 0.99400002
vt 0.99400002 0.50600004
vt 0.50599998 0.50600004
vt 0.50599998 0.99400002
vt 0.99400002 0.99400002
vt 0.99400002 0.50600004
vt 0.50599998 0.50600004
vt 0.50599998 0.99400002
vt 0.99400002 0.99400002
vt 0.99400002 0.50600004
vt 0.50599998 0.50600004
vt 0.50599998 0.99400002
vt 0.99400002 0.99400002
vt 0.99400002 0.50600004
vt 0.50599998 0.50600004
vt 0.50599998 0.99400002
vt 0.99400002 0.99400002
vt 0.99400002 0.50600004
vt 0.50599998 0.50600004
vt 0.50599998 0.99400002
vt 0.99400002 0.99400002
vt 0.99400002 0.50600004
vt 0.50599998 0.50600004
vt 0.50599998 0.99400002
vt 0.99400002 0.99400002
vt 0.99400002 0.50600004
vt 0.50599998 0.50600004
vt 0.50599998 0.99400002
vt 0.99400002 0.99400002
vt 0.99400002 0.50600004
vt 0.50599998 0.50600004
vt 0.50599998 0.99400002
vt 0.99400002 0.99400002
vt 0.99400002 0.50600004
vt 0.50599998 0.50600004
vt 0.50599998 0.99400002
vt 0.99400002 0.99400002
vt 0.99400002 0.50600004
vt 0.50599998 0.99400002
vt 0.99400002 0.99400002
vt 0.99400002 0.50600004
vt 0.50599998 0.99400002
vt 0.99400002 0.99400002
vt 0.99400002 0.50600004
vt 0.50599998 0.99400002
vt 0.99400002 0.99400002
vt 0.99400002 0.50600004
vt 0.50599998 0.99400002
vt 0.99400002 0.99400002
vt 0.99400002 0.50600004
vt 0.50599998 0.99400002
vt 0.99400002 0.99400002
vt 0.99400002 0.50600004
vt 0.50599998 0.99400002
vt 0.99400002 0.99400002
vt 0.99400002 0.50600004
vt 0.50599998 0.99400002
vt 0.99400002 0.99400002
vt 0.99400002 0.50600004
vt 0.50599998 0.99400002
vt 0.99400002 0.99400002
vt 0.99400002 0.50600004
vt 0.50599998 0.99400002
vt 0.99400002 0.99400002
vt 0.99400002 0.50600004
vt 0.50599998 0.99400002
vt 0.99400002 0.99400002
vt 0.99400002 0.50600004
vt 0.50599998 0.99400002
vt 0.99400002 0.99400002
vt 0.99400002 0.50600004
vt 0.50599998 0.99400002
vt 0.99400002 0.99400002
vt 0.99400002 0.50600004
vt 0.50599998 0.99400002
vt 0.99400002 0.99400002
vt 0.99400002 0.50600004
vt 0.50599998 0.99400002
vt 0.99400002 0.99400002
vt 0.99400002 0.50600004
vt 0.50599998 0.99400002
vt 0.99400002 0.99400002
vt 0.99400002 0.50600004
vt 0.50599998 0.99400002
vt 0.99400002 0.99400002
vt 0.99400002 0.50600004
vt 0.50599998 0.99400002
vt 0.99400002 0.99400002
vt 0.99400002 0.50600004
vt 0.50599998 0.99400002
vt 0.99400002 0.99400002
vt 0.99400002 0.50600004
vt 0.50599998 0.99400002
vt 0.99400002 0.99400002
vt 0.99400002 0.50600004
vt 0.50599998 0.99400002
vt 0.99400002 0.99400002
vt 0.99400002 0.50600004
vt 0.50599998 0.50600004
vt 0.50599998 0.99400002
vt 0.99400002 0.99400002
vt 0.99400002 0.50600004
vt 0.50599998 0.50600004
vt 0.50599998 0.99400002
vt 0.99400002 0.99400002
vt 0.99400002 0.50600004
vt 0.50599998 0.50600004
vt 0.50599998 0.99400002
vt 0.99400002 0.99400002
vt 0.99400002 0.50600004
vt 0.50599998 0.50600004
vt 0.50599998 0.99400002
vt 0.99400002 0.99400002
vt 0.99400002 0.50600004
vt 0.50599998 0.50600004
vt 0.50599998 0.99400002
vt 0.99400002 0.99400002
vt 0.99400002 0.50600004
vt 0.50599998 0.50600004
vt 0.50599998 0.99400002
vt 0.99400002 0.99400002
vt 0.99400002 0.50600004
vt 0.50599998 0.50600004
vt 0.50599998 0.99400002
vt 0.99400002 0.99400002
vt 0.99400002 0.50600004
vt 0.50599998 0.50600004
vt 0.50599998 0.99400002
vt 0.99400002 0.99400002
vt 0.99400002 0.50600004
vt 0.50599998 0.50600004
vt 0.50599998 0.99400002
vt 0.99400002 0.99400002
vt 0.99400002 0.50600004
vt 0.50599998 0.50600004
vt 0.50599998 0.99400002
vt 0.99400002 0.99400002
vt 0.99400002 0.50600004
vt 0.50599998 0.50600004
vt 0.50599998 0.99400002
vt 0.99400002 0.99400002
vt 0.99400002 0.50600004
vt 0.50599998 0.50600004
vt 0.50599998 0.99400002
vt 0.99400002 0.99400002
vt 0.99400002 0.50600004
vt 0.50599998 0.50600004
vt 0.50599998 0.99400002
vt 0.99400002 0.99400002
vt 0.99400002 0.50600004
vt 0.50599998 0.50600004
vt 0.50599998 0.99400002
vt 0.99400002 0.99400002
vt 0.99400002 0.50600004
vt 0.50599998 0.50600004
vt 0.50599998 0.99400002
vt 0.99400002 0.99400002
vt 0.99400002 0.50600004
vt 0.50599998 0.50600004
vt 0.50599998 0.99400002
vt 0.99400002 0.99400002
vt 0.99400002 0.50600004
vt 0.50599998 0.50600004
vt 0.50599998 0.99400002
vt 0.99400002 0.99400002
vt 0.99400002 0.50600004
vt 0.50599998 0.50600004
vt 0.50599998 0.99400002
vt 0.99400002 0.99400002
vt 0.99400002 0.50600004
vt 0.50599998 0.50600004
vt 0.50599998 0.99400002
vt 0.99400002 0.99400002
vt 0.99400002 0.50600004
vt 0.50599998 0.50600004
vt 0.50599998 0.99400002
vt 0.99400002 0.99400002
vt 0.99400002 0.50600004
vt 0.50599998 0.50600004
vt 0.50599998 0.99400002
vt 0.99400002 0.99400002
vt 0.99400002 0.50600004
vt 0.50599998 0.50600004
vt 0.50599998 0.99400002
vt 0.99400002 0.99400002
vt 0.99400002 0.50600004
vt 0.50599998 0.50600004
vt 0.50599998 0.99400002
vt 0.99400002 0.99400002
vt 0.99400002 0.50600004
vt 0.50599998 0.50600004
vt 0.50599998 0.99400002
vt 0.99400002 0.99400002
vt 0.99400002 0.50600004
vt 0.50599998 0.50600004
vt 0.50599998 0.99400002
vt 0.99400002 0.99400002
vt 0.99400002 0.50600004
vt 0.50599998 0.50600004
vt 0.50599998 0.99400002
vt 0.99400002 0.99400002
vt 0.99400002 0.50600004
vt 0.50599998 0.50600004
vt 0.50599998 0.99400002
vt 0.99400002 0.99400002
vt 0.99400002 0.50600004
vt 0.50599998 0.50600004
vt 0.50599998 0.99400002
vt 0.99400002 0.99400002
vt 0.99400002 0.50600004
vt 0.50599998 0.50600004
vt 0.50599998 0.99400002
vt 0.99400002 0.99400002
vt 0.99400002 0.50600004
vt 0.50599998 0.50600004
vt 0.50599998 0.99400002
vt 0.99400002 0.99400002
vt 0.99400002 0.50600004
vt 0.50599998 0.99400002
vt 0.99400002 0.99400002
vt 0.99400002 0.50600004
vt 0.50599998 0.99400002
vt 0.99400002 0.99400002
vt 0.99400002 0.50600004
vt 0.50599998 0.99400002
vt 0.99400002 0.99400002
vt 0.99400002 0.50600004
vt 0.50599998 0.99400002
vt 0.99400002 0.99400002
vt 0.99400002 0.50600004
vt 0.50599998 0.99400002
vt 0.99400002 0.99400002
vt 0.99400002 0.50600004
vt 0.50599998 0.99400002
vt 0.99400002 0.99400002
vt 0.99400002 0.50600004
vt 0.50599998 0.99400002
vt 0.99400002 0.99400002
vt 0.99400002 0.50600004
vt 0.50599998 0.99400002
vt 0.99400002 0.99400002
vt 0.99400002 0.50600004
vt 0.50599998 0.99400002
vt 0.99400002 0.99400002
vt 0.99400002 0.50600004
vt 0.50599998 0.99400002
vt 0.99400002 0.99400002
vt 0.99400002 0.50600004
vt 0.50599998 0.99400002
vt 0.99400002 0.99400002
vt 0.99400002 0.50600004
vt 0.50599998 0.99400002
vt 0.99400002 0.99400002
vt 0.99400002 0.50600004
vt 0.50599998 0.99400002
vt 0.99400002 0.99400002
vt 0.99400002 0.50600004
vt 0.50599998 0.99400002
vt 0.99400002 0.99400002
vt 0.99400002 0.50600004
vt 0.50599998 0.99400002
vt 0.99400002 0.99400002
vt 0.99400002 0.50600004
vt 0.50599998 0.99400002
vt 0.99400002 0.99400002
vt 0.99400002 0.50600004
vt 0.50599998 0.99400002
vt 0.99400002 0.99400002
vt 0.99400002 0.50600004
vt 0.50599998 0.99400002
vt 0.99400002 0.99400002
vt 0.99400002 0.50600004
vt 0.50599998 0.99400002
vt 0.99400002 0.99400002
vt 0.99400002 0.50600004
vt 0.50599998 0.99400002
vt 0.99400002 0.99400002
vt 0.99400002 0.50600004
vt 0.50599998 0.50600004
vt 0.50599998 0.99400002
vt 0.99400002 0.99400002
vt 0.99400002 0.50600004
vt 0.50599998 0.50600004
vt 0.50599998 0.99400002
vt 0.99400002 0.99400002
vt 0.99400002 0.50600004
vt 0.50599998 0.50600004
vt 0.50599998 0.99400002
vt 0.99400002 0.99400002
vt 0.99400002 0.50600004
vt 0.50599998 0.50600004
vt 0.50599998 0.99400002
vt 0.99400002 0.99400002
vt 0.99400002 0.50600004
vt 0.50599998 0.50600004
vt 0.50599998 0.99400002
vt 0.99400002 0.99400002
vt 0.99400002 0.50600004
vt 0.50599998 0.50600004
vt 0.50599998 0.99400002
vt 0.99400002 0.99400002
vt 0.99400002 0.50600004
vt 0.50599998 0.50600004
vt 0.50599998 0.99400002
vt 0.99400002 0.99400002
vt 0.99400002 0.50600004
vt 0.50599998 0.50600004
vt 0.50599998 0.99400002
vt 0.99400002 0.99400002
vt 0.99400002 0.50600004
vt 0.50599998 0.50600004
vt 0.50599998 0.99400002
vt 0.99400002 0.99400002
vt 0.99400002 0.50600004
vt 0.50599998 0.50600004
vt 0.50599998 0.99400002
vt 0.99400002 0.99400002
vt 0.99400002 0.50600004
vt 0.50599998 0.50600004
vt 0.50599998 0.99400002
vt 0.99400002 0.99400002
vt 0.99400002 0.50600004
vt 0.50599998 0.50600004
vt 0.50599998 0.99400002
vt 0.99400002 0.99400002
vt 0.99400002 0.50600004
vt 0.50599998 0.50600004
vt 0.50599998 0.99400002
vt 0.99400002 0.99400002
vt 0.99400002 0.50600004
vt 0.50599998 0.50600004
vt 0.50599998 0.99400002
vt 0.99400002 0.99400002
vt 0.99400002 0.50600004
vt 0.50599998 0.50600004
vt 0.50599998 0.99400002
vt 0.99400002 0.99400002
vt 0.99400002 0.50600004
vt 0.50599998 0.50600004
vt 0.50599998 0.99400002
vt 0.99400002 0.99400002
vt 0.99400002 0.50600004
vt 0.50599998 0.50600004
vt 0.50599998 0.99400002
vt 0.99400002 0.99400002
vt 0.99400002 0.50600004
vt 0.50599998 0.50600004
vt 0.50599998 0.99400002
vt 0.99400002 0.99400002
vt 0.99400002 0.50600004
vt 0.50599998 0.50600004
vt 0.50599998 0.99400002
vt 0.99400002 0.99400002
vt 0.99400002 0.50600004
vt 0.50599998 0.50600004
vt 0.50599998 0.99400002
vt 0.99400002 0.99400002
vt 0.99400002 0.50600004
vt 0.50599998 0.50600004
vt 0.50599998 0.99400002
vt 0.99400002 0.99400002
vt 0.99400002 0.50600004
vt 0.50599998 0.50600004
vt 0.50599998 0.99400002
vt 0.99400002 0.99400002
vt 0.99400002 0.50600004
vt 0.50599998 0.50600004
vt 0.50599998 0.99400002
vt 0.99400002 0.99400002
vt 0.99400002 0.50600004
vt 0.50599998 0.50600004
vt 0.50599998 0.99400002
vt 0.99400002 0.99400002
vt 0.99400002 0.50600004
vt 0.50599998 0.50600004
vt 0.50599998 0.99400002
vt 0.99400002 0.99400002
vt 0.99400002 0.50600004
vt 0.50599998 0.50600004
vt 0.50599998 0.99400002
vt 0.99400002 0.99400002
vt 0.99400002 0.50600004
vt 0.50599998 0.50600004
vt 0.50599998 0.99400002
vt 0.99400002 0.99400002
vt 0.99400002 0.50600004
vt 0.50599998 0.50600004
vt 0.50599998 0.99400002
vt 0.99400002 0.99400002
vt 0.99400002 0.50600004
vt 0.50599998 0.50600004
vt 0.50599998 0.99400002
vt 0.99400002 0.99400002
vt 0.99400002 0.50600004
vt 0.50599998 0.50600004
vt 0.50599998 0.99400002
vt 0.99400002 0.99400002
vt 0.99400002 0.50600004
vt 0.50599998 0.50600004
vt 0.50599998 0.99400002
vt 0.99400002 0.99400002
vt 0.99400002 0.50600004
vt 0.50599998 0.50600004
vt 0.50599998 0.99400002
vt 0.99400002 0.99400002
vt 0.99400002 0.50600004
vt 0.50599998 0.50600004
vt 0.50599998 0.99400002
vt 0.99400002 0.99400002
vt 0.99400002 0.50600004
vt 0.50599998 0.50600004
vt 0.50599998 0.99400002
vt 0.99400002 0.99400002
vt 0.99400002 0.50600004
vt 0.50599998 0.50600004
vt 0.50599998 0.99400002
vt 0.99400002 0.99400002
vt 0.99400002 0.50600004
vt 0.50599998 0.50600004
vt 0.50599998 0.99400002
vt 0.99400002 0.99400002
vt 0.99400002 0.50600004
vt 0.50599998 0.50600004
vt 0.50599998 0.99400002
vt 0.99400002 0.99400002
vt 0.99400002 0.50600004
vt 0.50599998 0.50600004
vt 0.50599998 0.99400002
vt 0.99400002 0.99400002
vt 0.99400002 0.50600004
vt 0.50599998 0.50600004
vt 0.50599998 0.99400002
vt 0.99400002 0.99400002
vt 0.99400002 0.50600004
vt 0.50599998 0.50600004
vt 0.50599998 0.99400002
vt 0.99400002 0.99400002
vt 0.99400002 0.50600004
vt 0.50599998 0.50600004
vt 0.50599998 0.99400002
vt 0.99400002 0.99400002
vt 0.99400002 0.50600004
vt 0.50599998 0.50600004
vt 0.50599998 0.99400002
vt 0.99400002 0.99400002
vt 0.99400002 0.50600004
vt 0.50599998 0.50600004
vt 0.50599998 0.99400002
vt 0.99400002 0.99400002
vt 0.99400002 0.50600004
vt 0.50599998 0.50600004
vt 0.50599998 0.99400002
vt 0.99400002 0.99400002
vt 0.99400002 0.50600004
vt 0.50599998 0.50600004
vt 0.50599998 0.99400002
vt 0.99400002 0.99400002
vt 0.99400002 0.50600004
vt 0.50599998 0.50600004
vt 0.50599998 0.99400002
vt 0.99400002 0.99400002
vt 0.99400002 0.50600004
vt 0.50599998 0.50600004
vt 0.50599998 0.99400002
vt 0.99400002 0.99400002
vt 0.99400002 0.50600004
vt 0.50599998 0.50600004
vt 0.50599998 0.99400002
vt 0.99400002 0.99400002
vt 0.99400002 0.50600004
vt 0.50599998 0.50600004
vt 0.50599998 0.99400002
vt 0.99400002 0.99400002
vt 0.99400002 0.50600004
vt 0.50599998 0.50600004
vt 0.50599998 0.99400002
vt 0.99400002 0.99400002
vt 0.99400002 0.50600004
vt 0.50599998 0.50600004
vt 0.50599998 0.99400002
vt 0.99400002 0.99400002
vt 0.99400002 0.50600004
vt 0.50599998 0.50600004
vt 0.50599998 0.99400002
vt 0.99400002 0.99400002
vt 0.99400002 0.50600004
vt 0.50599998 0.50600004
vt 0.50599998 0.99400002
vt 0.99400002 0.99400002
vt 0.99400002 0.50600004
vt 0.50599998 0.50600004
vt 0.50599998 0.99400002
vt 0.99400002 0.99400002
vt 0.99400002 0.50600004
vt 0.50599998 0.50600004
vt 0.50599998 0.99400002
vt 0.99400002 0.99400002
vt 0.99400002 0.50600004
vt 0.50599998 0.50600004
vt 0.50599998 0.99400002
vt 0.99400002 0.99400002
vt 0.99400002 0.50600004
vt 0.50599998 0.50600004
vt 0.50599998 0.99400002
vt 0.99400002 0.99400002
vt 0.99400002 0.50600004
vt 0.50599998 0.50600004
vt 0.50599998 0.99400002
vt 0.99400002 0.99400002
vt 0.99400002 0.50600004
vt 0.50599998 0.50600004
vt 0.50599998 0.99400002
vt 0.99400002 0.99400002
vt 0.99400002 0.50600004
vt 0.50599998 0.50600004
vt 0.50599998 0.99400002
vt 0.99400002 0.99400002
vt 0.99400002 0.50600004
vt 0.50599998 0.50600004
vt 0.50599998 0.99400002
vt 0.99400002 0.99400002
vt 0.99400002 0.50600004
vt 0.50599998 0.50600004
vt 0.50599998 0.99400002
vt 0.99400002 0.99400002
vt 0.99400002 0.50600004
vt 0.50599998 0.50600004
vt 0.50599998 0.99400002
vt 0.99400002 0.99400002
vt 0.99400002 0.50600004
vt 0.50599998 0.50600004
vt 0.50599998 0.99400002
vt 0.99400002 0.99400002
vt 0.99400002 0.50600004
vt 0.50599998 0.50600004
vt 0.50599998 0.99400002
vt 0.99400002 0.99400002
vt 0.99400002 0.50600004
vt 0.50599998 0.50600004
vt 0.50599998 0.99400002
vt 0.99400002 0.99400002
vt 0.99400002 0.50600004
vt 0.50599998 0.50600004
vt 0.50599998 0.99400002
vt 0.99400002 0.99400002
vt 0.99400002 0.50600004
vt 0.50599998 0.50600004
vt 0.50599998 0.99400002
vt 0.99400002 0.99400002
vt 0.99400002 0.50600004
vt 0.50599998 0.50600004
vt 0.50599998 0.99400002
vt 0.99400002 0.99400002
vt 0.99400002 0.50600004
vt 0.50599998 0.50600004
vt 0.50599998 0.99400002
vt 0.99400002 0.99400002
vt 0.99400002 0.50600004
vt 0.50599998 0.50600004
vt 0.50599998 0.99400002
vt 0.99400002 0.99400002
vt 0.99400002 0.50600004
vt 0.50599998 0.50600004
vt 0.50599998 0.99400002
vt 0.99400002 0.99400002
vt 0.99400002 0.50600004
vt 0.50599998 0.50600004
vt 0.50599998 0.99400002
vt 0.99400002 0.99400002
vt 0.99400002 0.50600004
vt 0.50599998 0.50600004
vt 0.50599998 0.99400002
vt 0.99400002 0.99400002
vt 0.99400002 0.50600004
vt 0.50599998 0.50600004
vt 0.50599998 0.99400002
vt 0.99400002 0.99400002
vt 0.99400002 0.50600004
vt 0.50599998 0.50600004
vt 0.50599998 0.99400002
vt 0.99400002 0.99400002
vt 0.99400002 0.50600004
vt 0.50599998 0.50600004
vt 0.50599998 0.99400002
vt 0.99400002 0.99400002
vt 0.99400002 0.50600004
vt 0.50599998 0.50600004
vt 0.50599998 0.99400002
vt 0.99400002 0.99400002
vt 0.99400002 0.50600004
vt 0.50599998 0.50600004
vt 0.50599998 0.99400002
vt 0.99400002 0.99400002
vt 0.99400002 0.50600004
vt 0.50599998 0.50600004
vt 0.50599998 0.99400002
vt 0.99400002 0.99400002
vt 0.99400002 0.50600004
vt 0.50599998 0.50600004
vt 0.50599998 0.99400002
vt 0.99400002 0.99400002
vt 0.99400002 0.50600004
vt 0.50599998 0.50600004
vt 0.50599998 0.99400002
vt 0.99400002 0.99400002
vt 0.99400002 0.50600004
vt 0.50599998 0.50600004
vt 0.50599998 0.99400002
vt 0.99400002 0.99400002
vt 0.99400002 0.50600004
vt 0.50599998 0.50600004
vt 0.50599998 0.99400002
vt 0.99400002 0.99400002
vt 0.99400002 0.50600004
vt 0.50599998 0.50600004
vt 0.50599998 0.99400002
vt 0.99400002 0.99400002
vt 0.99400002 0.50600004
vt 0.50599998 0.50600004
vt 0.50599998 0.99400002
vt 0.99400002 0.99400002
vt 0.99400002 0.50600004
vt 0.50599998 0.50600004
vt 0.50599998 0.99400002
vt 0.99400002 0.99400002
vt 0.99400002 0.50600004
vt 0.50599998 0.50600004
vt 0.50599998 0.99400002
vt 0.99400002 0.99400002
vt 0.99400002 0.50600004
vt 0.50599998 0.50600004
vt 0.50599998 0.99400002
vt 0.99400002 0.99400002
vt 0.99400002 0.50600004
vt 0.50599998 0.50600004
vt 0.50599998 0.99400002
vt 0.99400002 0.99400002
vt 0.99400002 0.50600004
vt 0.50599998 0.50600004
vt 0.50599998 0.99400002
vt 0.99400002 0.99400002
vt 0.99400002 0.50600004
vt 0.50599998 0.50600004
vt 0.50599998 0.99400002
vt 0.99400002 0.99400002
vt 0.99400002 0.50600004
vt 0.50599998 0.50600004
vt 0.50599998 0.99400002
vt 0.99400002 0.99400002
vt 0.99400002 0.50600004
vt 0.50599998 0.50600004
vt 0.50599998 0.99400002
vt 0.99400002 0.99400002
vt 0.99400002 0.50600004
vt 0.50599998 0.50600004
vt 0.50599998 0.99400002
vt 0.99400002 0.99400002
vt 0.99400002 0.50600004
vt 0.50599998 0.50600004
vt 0.50599998 0.99400002
vt 0.99400002 0.99400002
vt 0.99400002 0.50600004
vt 0.50599998 0.50600004
vt 0.50599998 0.99400002
vt 0.99400002 0.99400002
vt 0.99400002 0.50600004
vt 0.50599998 0.50600004
vt 0.50599998 0.99400002
vt 0.99400002 0.99400002
vt 0.99400002 0.50600004
vt 0.50599998 0.50600004
vt 0.50599998 0.99400002
vt 0.99400002 0.99400002
vt 0.99400002 0.50600004
vt 0.50599998 0.50600004
vt 0.50599998 0.99400002
vt 0.99400002 0.99400002
vt 0.99400002 0.50600004
vt 0.50599998 0.50600004
vt 0.50599998 0.99400002
vt 0.99400002 0.99400002
vt 0.99400002 0.50600004
vt 0.50599998 0.50600004
vt 0.50599998 0.99400002
vt 0.99400002 0.99400002
vt 0.99400002 0.50600004
vt 0.50599998 0.50600004
vt 0.50599998 0.99400002
vt 0.99400002 0.99400002
vt 0.99400002 0.50600004
vt 0.50599998 0.50600004
vt 0.50599998 0.99400002
vt 0.99400002 0.99400002
vt 0.99400002 0.50600004
vt 0.50599998 0.50600004
vt 0.50599998 0.99400002
vt 0.99400002 0.99400002
vt 0.99400002 0.50600004
vt 0.50599998 0.50600004
vt 0.50599998 0.99400002
vt 0.99400002 0.99400002
vt 0.99400002 0.50600004
vt 0.50599998 0.50600004
vt 0.50599998 0.99400002
vt 0.99400002 0.99400002
vt 0.99400002 0.50600004
vt 0.50599998 0.50600004
vt 0.50599998 0.99400002
vt 0.99400002 0.99400002
vt 0.99400002 0.50600004
vt 0.50599998 0.50600004
vt 0.50599998 0.99400002
vt 0.99400002 0.99400002
vt 0.99400002 0.50600004
vt 0.50599998 0.50600004
vt 0.50599998 0.99400002
vt 0.99400002 0.99400002
vt 0.99400002 0.50600004
vt 0.50599998 0.50600004
vt 0.50599998 0.99400002
vt 0.99400002 0.99400002
vt 0.99400002 0.50600004
vt 0.50599998 0.50600004
vt 0.50599998 0.99400002
vt 0.99400002 0.99400002
vt 0.99400002 0.50600004
vt 0.50599998 0.50600004
vt 0.50599998 0.99400002
vt 0.99400002 0.99400002
vt 0.99400002 0.50600004
vt 0.50599998 0.50600004
vt 0.50599998 0.99400002
vt 0.99400002 0.99400002
vt 0.99400002 0.50600004
vt 0.50599998 0.99400002
vt 0.99400002 0.99400002
vt 0.99400002 0.50600004
vt 0.50599998 0.99400002
vt 0.99400002 0.99400002
vt 0.99400002 0.50600004
vt 0.50599998 0.99400002
vt 0.99400002 0.99400002
vt 0.99400002 0.50600004
vt 0.50599998 0.99400002
vt 0.99400002 0.99400002
vt 0.99400002 0.50600004
vt 0.50599998 0.99400002
vt 0.99400002 0.99400002
vt 0.99400002 0.50600004
vt 0.50599998 0.99400002
vt 0.99400002 0.99400002
vt 0.99400002 0.50600004
vt 0.50599998 0.99400002
vt 0.99400002 0.99400002
vt 0.99400002 0.50600004
vt 0.50599998 0.99400002
vt 0.99400002 0.99400002
vt 0.99400002 0.50600004
vt 0.50599998 0.99400002
vt 0.99400002 0.99400002
vt 0.99400002 0.50600004
vt 0.50599998 0.99400002
vt 0.99400002 0.99400002
vt 0.99400002 0.50600004
vt 0.50599998 0.99400002
vt 0.99400002 0.99400002
vt 0.99400002 0.50600004
vt 0.50599998 0.99400002
vt 0.99400002 0.99400002
vt 0.99400002 0.50600004
vt 0.50599998 0.99400002
vt 0.99400002 0.99400002
vt 0.99400002 0.50600004
vt 0.50599998 0.99400002
vt 0.99400002 0.99400002
vt 0.99400002 0.50600004
vt 0.50599998 0.99400002
vt 0.99400002 0.99400002
vt 0.99400002 0.50600004
vt 0.50599998 0.99400002
vt 0.99400002 0.99400002
vt 0.99400002 0.50600004
vt 0.50599998 0.99400002
vt 0.99400002 0.99400002
vt 0.99400002 0.50600004
vt 0.50599998 0.99400002
vt 0.99400002 0.99400002
vt 0.99400002 0.50600004
vt 0.50599998 0.99400002
vt 0.99400002 0.99400002
vt 0.99400002 0.50600004
vt 0.50599998 0.99400002
vt 0.99400002 0.99400002
vt 0.99400002 0.50600004
vt 0.50599998 0.50600004
vt 0.50599998 0.99400002
vt 0.99400002 0.99400002
vt 0.99400002 0.50600004
vt 0.50599998 0.50600004
vt 0.50599998 0.99400002
vt 0.99400002 0.99400002
vt 0.99400002 0.50600004
vt 0.50599998 0.50600004
vt 0.50599998 0.99400002
vt 0.99400002 0.99400002
vt 0.99400002 0.50600004
vt 0.50599998 0.50600004
vt 0.50599998 0.99400002
vt 0.99400002 0.99400002
vt 0.99400002 0.50600004
vt 0.50599998 0.50600004
vt 0.50599998 0.99400002
vt 0.99400002 0.99400002
vt 0.99400002 0.50600004
vt 0.50599998 0.50600004
vt 0.50599998 0.99400002
vt 0.99400002 0.99400002
vt 0.99400002 0.50600004
vt 0.50599998 0.50600004
vt 0.50599998 0.99400002
vt 0.99400002 0.99400002
vt 0.99400002 0.50600004
vt 0.50599998 0.50600004
vt 0.50599998 0.99400002
vt 0.99400002 0.99400002
vt 0.99400002 0.50600004
vt 0.50599998 0.50600004
vt 0.50599998 0.99400002
vt 0.99400002 0.99400002
vt 0.99400002 0.50600004
vt 0.50599998 0.50600004
vt 0.50599998 0.99400002
vt 0.99400002 0.99400002
vt 0.99400002 0.50600004
vt 0.50599998 0.50600004
vt 0.50599998 0.99400002
vt 0.99400002 0.99400002
vt 0.99400002 0.50600004
vt 0.50599998 0.50600004
vt 0.50599998 0.99400002
vt 0.99400002 0.99400002
vt 0.99400002 0.50600004
vt 0.50599998 0.50600004
vt 0.50599998 0.99400002
vt 0.99400002 0.99400002
vt 0.99400002 0.50600004
vt 0.50599998 0.50600004
vt 0.50599998 0.99400002
vt 0.99400002 0.99400002
vt 0.99400002 0.50600004
vt 0.50599998 0.50600004
vt 0.50599998 0.99400002
vt 0.99400002 0.99400002
vt 0.99400002 0.50600004
vt 0.50599998 0.50600004
vt 0.50599998 0.99400002
vt 0.99400002 0.99400002
vt 0.99400002 0.50600004
vt 0.50599998 0.50600004
vt 0.50599998 0.99400002
vt 0.99400002 0.99400002
vt 0.99400002 0.50600004
vt 0.50599998 0.50600004
vt 0.50599998 0.99400002
vt 0.99400002 0.99400002
vt 0.99400002 0.50600004
vt 0.50599998 0.50600004
vt 0.50599998 0.99400002
vt 0.99400002 0.99400002
vt 0.99400002 0.50600004
vt 0.50599998 0.50600004
vt 0.50599998 0.99400002
vt 0.99400002 0.99400002
vt 0.99400002 0.50600004
vt 0.50599998 0.50600004
vt 0.50599998 0.99400002
vt 0.99400002 0.99400002
vt 0.99400002 0.50600004
vt 0.50599998 0.50600004
vt 0.50599998 0.99400002
vt 0.99400002 0.99400002
vt 0.99400002 0.50600004
vt 0.50599998 0.50600004
vt 0.50599998 0.99400002
vt 0.99400002 0.99400002
vt 0.99400002 0.50600004
vt 0.50599998 0.50600004
vt 0.50599998 0.99400002
vt 0.99400002 0.99400002
vt 0.99400002 0.50600004
vt 0.50599998 0.50600004
vt 0.50599998 0.99400002
vt 0.99400002 0.99400002
vt 0.99400002 0.50600004
vt 0.50599998 0.50600004
vt 0.50599998 0.99400002
vt 0.99400002 0.99400002
vt 0.99400002 0.50600004
vt 0.50599998 0.50600004
vt 0.50599998 0.99400002
vt 0.99400002 0.99400002
vt 0.99400002 0.50600004
vt 0.50599998 0.50600004
vt 0.50599998 0.99400002
vt 0.99400002 0.99400002
vt 0.99400002 0.50600004
vt 0.50599998 0.50600004
vt 0.50599998 0.99400002
vt 0.99400002 0.99400002
vt 0.99400002 0.50600004
vt 0.50599998 0.50600004
vt 0.50599998 0.99400002
vt 0.99400002 0.99400002
vt 0.99400002 0.50600004
vt 0.50599998 0.99400002
vt 0.99400002 0.99400002
vt 0.99400002 0.50600004
vt 0.50599998 0.99400002
vt 0.99400002 0.99400002
vt 0.99400002 0.50600004
vt 0.50599998 0.99400002
vt 0.99400002 0.99400002
vt 0.99400002 0.50600004
vt 0.50599998 0.99400002
vt 0.99400002 0.99400002
vt 0.99400002 0.50600004
vt 0.50599998 0.99400002
vt 0.99400002 0.99400002
vt 0.99400002 0.50600004
vt 0.50599998 0.99400002
vt 0.99400002 0.99400002
vt 0.99400002 0.50600004
vt 0.50599998 0.99400002
vt 0.99400002 0.99400002
vt 0.99400002 0.50600004
vt 0.50599998 0.99400002
vt 0.99400002 0.99400002
vt 0.99400002 0.50600004
vt 0.50599998 0.99400002
vt 0.99400002 0.99400002
vt 0.99400002 0.50600004
vt 0.50599998 0.99400002
vt 0.99400002 0.99400002
vt 0.99400002 0.50600004
vt 0.50599998 0.99400002
vt 0.99400002 0.99400002
vt 0.99400002 0.50600004
vt 0.50599998 0.99400002
vt 0.99400002 0.99400002
vt 0.99400002 0.50600004
vt 0.50599998 0.99400002
vt 0.99400002 0.99400002
vt 0.99400002 0.50600004
vt 0.50599998 0.99400002
vt 0.99400002 0.99400002
vt 0.99400002 0.50600004
vt 0.50599998 0.99400002
vt 0.99400002 0.99400002
vt 0.99400002 0.50600004
vt 0.50599998 0.99400002
vt 0.99400002 0.99400002
vt 0.99400002 0.50600004
vt 0.50599998 0.99400002
vt 0.99400002 0.99400002
vt 0.99400002 0.50600004
vt 0.50599998 0.99400002
vt 0.99400002 0.99400002
vt 0.99400002 0.50600004
vt 0.50599998 0.99400002
vt 0.99400002 0.99400002
vt 0.99400002 0.50600004
vt 0.50599998 0.99400002
vt 0.99400002 0.99400002
vt 0.99400002 0.50600004
vt 0.50599998 0.50600004
vt 0.50599998 0.99400002
vt 0.99400002 0.99400002
vt 0.99400002 0.50600004
vt 0.50599998 0.50600004
vt 0.50599998 0.99400002
vt 0.99400002 0.99400002
vt 0.99400002 0.50600004
vt 0.50599998 0.50600004
vt 0.50599998 0.99400002
vt 0.99400002 0.99400002
vt 0.99400002 0.50600004
vt 0.50599998 0.50600004
vt 0.50599998 0.99400002
vt 0.99400002 0.99400002
vt 0.99400002 0.50600004
vt 0.50599998 0.50600004
vt 0.50599998 0.99400002
vt 0.99400002 0.99400002
vt 0.99400002 0.50600004
vt 0.50599998 0.50600004
vt 0.50599998 0.99400002
vt 0.99400002 0.99400002
vt 0.99400002 0.50600004
vt 0.50599998 0.50600004
vt 0.50599998 0.99400002
vt 0.99400002 0.99400002
vt 0.99400002 0.50600004
vt 0.50599998 0.50600004
vt 0.50599998 0.99400002
vt 0.99400002 0.99400002
vt 0.99400002 0.50600004
vt 0.50599998 0.50600004
vt 0.50599998 0.99400002
vt 0.99400002 0.99400002
vt 0.99400002 0.50600004
vt 0.50599998 0.50600004
vt 0.50599998 0.99400002
vt 0.99400002 0.99400002
vt 0.99400002 0.50600004
vt 0.50599998 0.50600004
vt 0.50599998 0.99400002
vt 0.99400002 0.99400002
vt 0.99400002 0.50600004
vt 0.50599998 0.50600004
vt 0.50599998 0.99400002
vt 0.99400002 0.99400002
vt 0.99400002 0.50600004
vt 0.50599998 0.50600004
vt 0.50599998 0.99400002
vt 0.99400002 0.99400002
vt 0.99400002 0.50600004
vt 0.50599998 0.50600004
vt 0.50599998 0.99400002
vt 0.99400002 0.99400002
vt 0.99400002 0.50600004
vt 0.50599998 0.50600004
vt 0.50599998 0.99400002
vt 0.99400002 0.99400002
vt 0.99400002 0.50600004
vt 0.50599998 0.50600004
vt 0.50599998 0.99400002
vt 0.99400002 0.99400002
vt 0.99400002 0.50600004
vt 0.50599998 0.50600004
vt 0.50599998 0.99400002
vt 0.99400002 0.99400002
vt 0.99400002 0.50600004
vt 0.50599998 0.50600004
vt 0.50599998 0.99400002
vt 0.99400002 0.99400002
vt 0.99400002 0.50600004
vt 0.50599998 0.50600004
vt 0.50599998 0.99400002
vt 0.99400002 0.99400002
vt 0.99400002 0.50600004
vt 0.50599998 0.50600004
vt 0.50599998 0.99400002
vt 0.99400002 0.99400002
vt 0.99400002 0.50600004
vt 0.50599998 0.50600004
vt 0.50599998 0.99400002
vt 0.99400002 0.99400002
vt 0.99400002 0.50600004
vt 0.50599998 0.50600004
vt 0.50599998 0.99400002
vt 0.99400002 0.99400002
vt 0.99400002 0.50600004
vt 0.50599998 0.50600004
vt 0.50599998 0.99400002
vt 0.99400002 0.99400002
vt 0.99400002 0.50600004
vt 0.50599998 0.50600004
vt 0.50599998 0.99400002
vt 0.99400002 0.99400002
vt 0.99400002 0.50600004
vt 0.50599998 0.50600004
vt 0.50599998 0.99400002
vt 0.99400002 0.99400002
vt 0.99400002 0.50600004
vt 0.50599998 0.50600004
vt 0.50599998 0.99400002
vt 0.99400002 0.99400002
vt 0.99400002 0.50600004
vt 0.50599998 0.50600004
vt 0.50599998 0.99400002
vt 0.99400002 0.99400002
vt 0.99400002 0.50600004
vt 0.50599998 0.50600004
vt 0.50599998 0.99400002
vt 0.99400002 0.99400002
vt 0.99400002 0.50600004
vt 0.50599998 0.50600004
vt 0.50599998 0.99400002
vt 0.99400002 0.99400002
vt 0.99400002 0.50600004
vt 0.50599998 0.50600004
vt 0.50599998 0.99400002
vt 0.99400002 0.99400002
vt 0.99400002 0.50600004
vt 0.50599998 0.99400002
vt 0.99400002 0.99400002
vt 0.99400002 0.50600004
vt 0.50599998 0.99400002
vt 0.99400002 0.99400002
vt 0.99400002 0.50600004
vt 0.50599998 0.99400002
vt 0.99400002 0.99400002
vt 0.99400002 0.50600004
vt 0.50599998 0.99400002
vt 0.99400002 0.99400002
vt 0.99400002 0.50600004
vt 0.50599998 0.99400002
vt 0.99400002 0.99400002
vt 0.99400002 0.50600004
vt 0.50599998 0.99400002
vt 0.99400002 0.99400002
vt 0.99400002 0.50600004
vt 0.50599998 0.99400002
vt 0.99400002 0.99400002
vt 0.99400002 0.50600004
vt 0.50599998 0.99400002
vt 0.99400002 0.99400002
vt 0.99400002 0.50600004
vt 0.50599998 0.99400002
vt 0.99400002 0.99400002
vt 0.99400002 0.50600004
vt 0.50599998 0.99400002
vt 0.99400002 0.99400002
vt 0.99400002 0.50600004
vt 0.50599998 0.99400002
vt 0.99400002 0.99400002
vt 0.99400002 0.50600004
vt 0.50599998 0.99400002
vt 0.99400002 0.99400002
vt 0.99400002 0.50600004
vt 0.50599998 0.99400002
vt 0.99400002 0.99400002
vt 0.99400002 0.50600004
vt 0.50599998 0.99400002
vt 0.99400002 0.99400002
vt 0.99400002 0.50600004
vt 0.50599998 0.99400002
vt 0.99400002 0.99400002
vt 0.99400002 0.50600004
vt 0.50599998 0.99400002
vt 0.99400002 0.99400002
vt 0.99400002 0.50600004
vt 0.50599998 0.99400002
vt 0.99400002 0.99400002
vt 0.99400002 0.50600004
vt 0.50599998 0.99400002
vt 0.99400002 0.99400002
vt 0.99400002 0.50600004
vt 0.50599998 0.99400002
vt 0.99400002 0.99400002
vt 0.99400002 0.50600004
vt 0.50599998 0.99400002
vt 0.99400002 0.99400002
vt 0.99400002 0.50600004
vt 0.50599998 0.50600004
vt 0.50599998 0.99400002
vt 0.99400002 0.99400002
vt 0.99400002 0.50600004
vt 0.50599998 0.50600004
vt 0.50599998 0.99400002
vt 0.99400002 0.99400002
vt 0.99400002 0.50600004
vt 0.50599998 0.50600004
vt 0.50599998 0.99400002
vt 0.99400002 0.99400002
vt 0.99400002 0.50600004
vt 0.50599998 0.50600004
vt 0.50599998 0.99400002
vt 0.99400002 0.99400002
vt 0.99400002 0.50600004
vt 0.50599998 0.50600004
vt 0.50599998 0.99400002
vt 0.99400002 0.99400002
vt 0.99400002 0.50600004
vt 0.50599998 0.50600004
vt 0.50599998 0.99400002
vt 0.99400002 0.99400002
vt 0.99400002 0.50600004
vt 0.50599998 0.50600004
vt 0.50599998 0.99400002
vt 0.99400002 0.99400002
vt 0.99400002 0.50600004
vt 0.50599998 0.50600004
vt 0.50599998 0.99400002
vt 0.99400002 0.99400002
vt 0.99400002 0.50600004
vt 0.50599998 0.50600004
vt 0.50599998 0.99400002
vt 0.99400002 0.99400002
vt 0.99400002 0.50600004
vt 0.50599998 0.50600004
vt 0.50599998 0.99400002
vt 0.99400002 0.99400002
vt 0.99400002 0.50600004
vt 0.50599998 0.50600004
vt 0.50599998 0.99400002
vt 0.99400002 0.99400002
vt 0.99400002 0.50600004
vt 0.50599998 0.50600004
vt 0.50599998 0.99400002
vt 0.99400002 0.99400002
vt 0.99400002 0.50600004
vt 0.50599998 0.50600004
vt 0.50599998 0.99400002
vt 0.99400002 0.99400002
vt 0.99400002 0.50600004
vt 0.50599998 0.50600004
vt 0.50599998 0.99400002
vt 0.99400002 0.99400002
vt 0.99400002 0.50600004
vt 0.50599998 0.50600004
vt 0.50599998 0.99400002
vt 0.99400002 0.99400002
vt 0.99400002 0.50600004
vt 0.50599998 0.50600004
vt 0.50599998 0.99400002
vt 0.99400002 0.99400002
vt 0.99400002 0.50600004
vt 0.50599998 0.50600004
vt 0.50599998 0.99400002
vt 0.99400002 0.99400002
vt 0.99400002 0.50600004
vt 0.50599998 0.50600004
vt 0.50599998 0.99400002
vt 0.99400002 0.99400002
vt 0.99400002 0.50600004
vt 0.50599998 0.50600004
vt 0.50599998 0.99400002
vt 0.99400002 0.99400002
vt 0.99400002 0.50600004
vt 0.50599998 0.50600004
vt 0.50599998 0.99400002
vt 0.99400002 0.99400002
vt 0.99400002 0.50600004
vt 0.50599998 0.50600004
vt 0.50599998 0.99400002
vt 0.99400002 0.99400002
vt 0.99400002 0.50600004
vt 0.50599998 0.50600004
vt 0.50599998 0.99400002
vt 0.99400002 0.99400002
vt 0.99400002 0.50600004
vt 0.50599998 0.50600004
vt 0.50599998 0.99400002
vt 0.99400002 0.99400002
vt 0.99400002 0.50600004
vt 0.50599998 0.50600004
vt 0.50599998 0.99400002
vt 0.99400002 0.99400002
vt 0.99400002 0.50600004
vt 0.50599998 0.50600004
vt 0.50599998 0.99400002
vt 0.99400002 0.99400002
vt 0.99400002 0.50600004
vt 0.50599998 0.50600004
vt 0.50599998 0.99400002
vt 0.99400002 0.99400002
vt 0.99400002 0.50600004
vt 0.50599998 0.50600004
vt 0.50599998 0.99400002
vt 0.99400002 0.99400002
vt 0.99400002 0.50600004
vt 0.50599998 0.50600004
vt 0.50599998 0.99400002
vt 0.99400002 0.99400002
vt 0.99400002 0.50600004
vt 0.50599998 0.50600004
vt 0.50599998 0.99400002
vt 0.99400002 0.99400002
vt 0.99400002 0.50600004
vt 0.50599998 0.50600004
vt 0.50599998 0.99400002
vt 0.99400002 0.99400002
vt 0.99400002 0.50600004
vt 0.50599998 0.99400002
vt 0.99400002 0.99400002
vt 0.99400002 0.50600004
vt 0.50599998 0.99400002
vt 0.99400002 0.99400002
vt 0.99400002 0.50600004
vt 0.50599998 0.99400002
vt 0.99400002 0.99400002
vt 0.99400002 0.50600004
vt 0.50599998 0.99400002
vt 0.99400002 0.99400002
vt 0.99400002 0.50600004
vt 0.50599998 0.99400002
vt 0.99400002 0.99400002
vt 0.99400002 0.50600004
vt 0.50599998 0.99400002
vt 0.99400002 0.99400002
vt 0.99400002 0.50600004
vt 0.50599998 0.99400002
vt 0.99400002 0.99400002
vt 0.99400002 0.50600004
vt 0.50599998 0.99400002
vt 0.99400002 0.99400002
vt 0.99400002 0.50600004
vt 0.50599998 0.99400002
vt 0.99400002 0.99400002
vt 0.99400002 0.50600004
vt 0.50599998 0.99400002
vt 0.99400002 0.99400002
vt 0.99400002 0.50600004
vt 0.50599998 0.99400002
vt 0.99400002 0.99400002
vt 0.99400002 0.50600004
vt 0.50599998 0.99400002
vt 0.99400002 0.99400002
vt 0.99400002 0.50600004
vt 0.50599998 0.99400002
vt 0.99400002 0.99400002
vt 0.99400002 0.50600004
vt 0.50599998 0.99400002
vt 0.99400002 0.99400002
vt 0.99400002 0.50600004
vt 0.50599998 0.99400002
vt 0.99400002 0.99400002
vt 0.99400002 0.50600004
vt 0.50599998 0.99400002
vt 0.99400002 0.99400002
vt 0.99400002 0.50600004
vt 0.50599998 0.99400002
vt 0.99400002 0.99400002
vt 0.99400002 0.50600004
vt 0.50599998 0.99400002
vt 0.99400002 0.99400002
vt 0.99400002 0.50600004
vt 0.50599998 0.99400002
vt 0.99400002 0.99400002
vt 0.99400002 0.50600004
vt 0.27668437 0.82587039
vt 0.27158812 0.82587039
vt 0.29137725 0.80336660
vt 0.30114511 0.80336660
vt 0.27158812 0.82587039
vt 0.25824592 0.82587039
vt 0.26580468 0.80336660
vt 0.29137725 0.80336660
vt 0.25824592 0.82587039
vt 0.24175406 0.82587039
vt 0.23419528 0.80336660
vt 0.26580468 0.80336660
vt 0.24175406 0.82587039
vt 0.22841185 0.82587039
vt 0.20862274 0.80336660
vt 0.23419528 0.80336660
vt 0.22841185 0.82587039
vt 0.22331560 0.82587039
vt 0.19885489 0.80336660
vt 0.20862274 0.80336660
vt 0.22331560 0.82587039
vt 0.22841185 0.82587039
vt 0.20862275 0.80336660
vt 0.19885489 0.80336660
vt 0.22841185 0.82587039
vt 0.24175407 0.82587039
vt 0.23419529 0.80336660
vt 0.20862275 0.80336660
vt 0.24175407 0.82587039
vt 0.25824592 0.82587039
vt 0.26580471 0.80336660
vt 0.23419529 0.80336660
vt 0.25824592 0.82587039
vt 0.27158812 0.82587039
vt 0.29137725 0.80336660
vt 0.26580471 0.80336660
vt 0.27158812 0.82587039
vt 0.27668437 0.82587039
vt 0.30114511 0.80336660
vt 0.29137725 0.80336660
vt 0.30114511 0.80336660
vt 0.29137725 0.80336660
vt 0.29857332 0.77472532
vt 0.31003988 0.77472532
vt 0.29137725 0.80336660
vt 0.26580468 0.80336660
vt 0.26855335 0.77472532
vt 0.29857332 0.77472532
vt 0.26580468 0.80336660
vt 0.23419528 0.80336660
vt 0.23144664 0.77472532
vt 0.26855335 0.77472532
vt 0.23419528 0.80336660
vt 0.20862274 0.80336660
vt 0.20142670 0.77472532
vt 0.23144664 0.77472532
vt 0.20862274 0.80336660
vt 0.19885489 0.80336660
vt 0.18996009 0.77472532
vt 0.20142670 0.77472532
vt 0.19885489 0.80336660
vt 0.20862275 0.80336660
vt 0.20142670 0.77472532
vt 0.18996009 0.77472532
vt 0.20862275 0.80336660
vt 0.23419529 0.80336660
vt 0.23144665 0.77472532
vt 0.20142670 0.77472532
vt 0.23419529 0.80336660
vt 0.26580471 0.80336660
vt 0.26855335 0.77472532
vt 0.23144665 0.77472532
vt 0.26580471 0.80336660
vt 0.29137725 0.80336660
vt 0.29857329 0.77472532
vt 0.26855335 0.77472532
vt 0.29137725 0.80336660
vt 0.30114511 0.80336660
vt 0.31003988 0.77472532
vt 0.29857329 0.77472532
vt 0.31003988 0.77472532
vt 0.29857332 0.77472532
vt 0.29047772 0.74608409
vt 0.30003324 0.74608409
vt 0.29857332 0.77472532
vt 0.26855335 0.77472532
vt 0.26546112 0.74608409
vt 0.29047772 0.74608409
vt 0.26855335 0.77472532
vt 0.23144664 0.77472532
vt 0.23453885 0.74608409
vt 0.26546112 0.74608409
vt 0.23144664 0.77472532
vt 0.20142670 0.77472532
vt 0.20952223 0.74608409
vt 0.23453885 0.74608409
vt 0.20142670 0.77472532
vt 0.18996009 0.77472532
vt 0.19996674 0.74608409
vt 0.20952223 0.74608409
vt 0.18996009 0.77472532
vt 0.20142670 0.77472532
vt 0.20952225 0.74608409
vt 0.19996674 0.74608409
vt 0.20142670 0.77472532
vt 0.23144665 0.77472532
vt 0.23453888 0.74608409
vt 0.20952225 0.74608409
vt 0.23144665 0.77472532
vt 0.26855335 0.77472532
vt 0.26546112 0.74608409
vt 0.23453888 0.74608409
vt 0.26855335 0.77472532
vt 0.29857329 0.77472532
vt 0.29047772 0.74608409
vt 0.26546112 0.74608409
vt 0.29857329 0.77472532
vt 0.31003988 0.77472532
vt 0.30003324 0.74608409
vt 0.29047772 0.74608409
vt 0.30003324 0.74608409
vt 0.29047772 0.74608409
vt 0.27068862 0.72358024
vt 0.27557254 0.72358024
vt 0.29047772 0.74608409
vt 0.26546112 0.74608409
vt 0.25790235 0.72358024
vt 0.27068862 0.72358024
vt 0.26546112 0.74608409
vt 0.23453885 0.74608409
vt 0.24209765 0.72358024
vt 0.25790235 0.72358024
vt 0.23453885 0.74608409
vt 0.20952223 0.74608409
vt 0.22931136 0.72358024
vt 0.24209765 0.72358024
vt 0.20952223 0.74608409
vt 0.19996674 0.74608409
vt 0.22442743 0.72358024
vt 0.22931136 0.72358024
vt 0.19996674 0.74608409
vt 0.20952225 0.74608409
vt 0.22931136 0.72358024
vt 0.22442743 0.72358024
vt 0.20952225 0.74608409
vt 0.23453888 0.74608409
vt 0.24209765 0.72358024
vt 0.22931136 0.72358024
vt 0.23453888 0.74608409
vt 0.26546112 0.74608409
vt 0.25790235 0.72358024
vt 0.24209765 0.72358024
vt 0.26546112 0.74608409
vt 0.29047772 0.74608409
vt 0.27068862 0.72358024
vt 0.25790235 0.72358024
vt 0.29047772 0.74608409
vt 0.30003324 0.74608409
vt 0.27557254 0.72358024
vt 0.27068862 0.72358024
vt 0.24999999 0.82587045
vt 0.27158812 0.82587039
vt 0.27668437 0.82587039
vt 0.24999999 0.82587045
vt 0.25824592 0.82587039
vt 0.27158812 0.82587039
vt 0.24999999 0.82587045
vt 0.24175406 0.82587039
vt 0.25824592 0.82587039
vt 0.24999999 0.82587045
vt 0.22841185 0.82587039
vt 0.24175406 0.82587039
vt 0.24999999 0.82587045
vt 0.22331560 0.82587039
vt 0.22841185 0.82587039
vt 0.24999999 0.82587045
vt 0.22841185 0.82587039
vt 0.22331560 0.82587039
vt 0.24999999 0.82587045
vt 0.24175407 0.82587039
vt 0.22841185 0.82587039
vt 0.24999999 0.82587045
vt 0.25824592 0.82587039
vt 0.24175407 0.82587039
vt 0.24999999 0.82587045
vt 0.27158812 0.82587039
vt 0.25824592 0.82587039
vt 0.24999999 0.82587045
vt 0.27668437 0.82587039
vt 0.27158812 0.82587039
vt 0.24999999 0.72358024
vt 0.27557254 0.72358024
vt 0.27068862 0.72358024
vt 0.24999999 0.72358024
vt 0.27068862 0.72358024
vt 0.25790235 0.72358024
vt 0.24999999 0.72358024
vt 0.25790235 0.72358024
vt 0.24209765 0.72358024
vt 0.24999999 0.72358024
vt 0.24209765 0.72358024
vt 0.22931136 0.72358024
vt 0.24999999 0.72358024
vt 0.22931136 0.72358024
vt 0.22442743 0.72358024
vt 0.24999999 0.72358024
vt 0.22442743 0.72358024
vt 0.22931136 0.72358024
vt 0.24999999 0.72358024
vt 0.22931136 0.72358024
vt 0.24209765 0.72358024
vt 0.24999999 0.72358024
vt 0.24209765 0.72358024
vt 0.25790235 0.72358024
vt 0.24999999 0.72358024
vt 0.25790235 0.72358024
vt 0.27068862 0.72358024
vt 0.24999999 0.72358024
vt 0.27068862 0.72358024
vt 0.27557254 0.72358024
vt 0.50599998 0.99400002
vt 0.99400002 0.99400002
vt 0.99400002 0.50600004
vt 0.50599998 0.50600004
vt 0.50599998 0.99400002
vt 0.99400002 0.99400002
vt 0.99400002 0.50600004
vt 0.50599998 0.50600004
vt 0.50599998 0.99400002
vt 0.99400002 0.99400002
vt 0.99400002 0.50600004
vt 0.50599998 0.50600004
vt 0.50599998 0.99400002
vt 0.99400002 0.99400002
vt 0.99400002 0.50600004
vt 0.50599998 0.50600004
vt 0.50599998 0.99400002
vt 0.99400002 0.99400002
vt 0.99400002 0.50600004
vt 0.50599998 0.50600004
vt 0.50599998 0.99400002
vt 0.99400002 0.99400002
vt 0.99400002 0.50600004
vt 0.50599998 0.50600004
vt 0.50599998 0.99400002
vt 0.99400002 0.99400002
vt 0.99400002 0.50600004
vt 0.50599998 0.50600004
vt 0.50599998 0.99400002
vt 0.99400002 0.99400002
vt 0.99400002 0.50600004
vt 0.50599998 0.50600004
vt 0.50599998 0.99400002
vt 0.99400002 0.99400002
vt 0.99400002 0.50600004
vt 0.50599998 0.50600004
vt 0.50599998 0.99400002
vt 0.99400002 0.99400002
vt 0.99400002 0.50600004
vt 0.50599998 0.50600004
vt 0.50599998 0.99400002
vt 0.99400002 0.99400002
vt 0.99400002 0.50600004
vt 0.50599998 0.50600004
vt 0.50599998 0.99400002
vt 0.99400002 0.99400002
vt 0.99400002 0.50600004
vt 0.50599998 0.50600004
vt 0.50599998 0.99400002
vt 0.99400002 0.99400002
vt 0.99400002 0.50600004
vt 0.50599998 0.50600004
vt 0.50599998 0.99400002
vt 0.99400002 0.99400002
vt 0.99400002 0.50600004
vt 0.50599998 0.50600004
vt 0.50599998 0.99400002
vt 0.99400002 0.99400002
vt 0.99400002 0.50600004
vt 0.50599998 0.50600004
vt 0.50599998 0.99400002
vt 0.99400002 0.99400002
vt 0.99400002 0.50600004
vt 0.50599998 0.50600004
vt 0.50599998 0.99400002
vt 0.99400002 0.99400002
vt 0.99400002 0.50600004
vt 0.50599998 0.50600004
vt 0.50599998 0.99400002
vt 0.99400002 0.99400002
vt 0.99400002 0.50600004
vt 0.50599998 0.50600004
vt 0.50599998 0.99400002
vt 0.99400002 0.99400002
vt 0.99400002 0.50600004
vt 0.50599998 0.50600004
vt 0.50599998 0.99400002
vt 0.99400002 0.99400002
vt 0.99400002 0.50600004
vt 0.50599998 0.50600004
vt 0.50599998 0.99400002
vt 0.99400002 0.99400002
vt 0.99400002 0.50600004
vt 0.50599998 0.50600004
vt 0.50599998 0.99400002
vt 0.99400002 0.99400002
vt 0.99400002 0.50600004
vt 0.50599998 0.50600004
vt 0.50599998 0.99400002
vt 0.99400002 0.99400002
vt 0.99400002 0.50600004
vt 0.50599998 0.50600004
vt 0.50599998 0.99400002
vt 0.99400002 0.99400002
vt 0.99400002 0.50600004
vt 0.50599998 0.50600004
vt 0.50599998 0.99400002
vt 0.99400002 0.99400002
vt 0.99400002 0.50600004
vt 0.50599998 0.50600004
vt 0.50599998 0.99400002
vt 0.99400002 0.99400002
vt 0.99400002 0.50600004
vt 0.50599998 0.50600004
vt 0.50599998 0.99400002
vt 0.99400002 0.99400002
vt 0.99400002 0.50600004
vt 0.50599998 0.50600004
vt 0.50599998 0.99400002
vt 0.99400002 0.99400002
vt 0.99400002 0.50600004
vt 0.50599998 0.50600004
vt 0.50599998 0.99400002
vt 0.99400002 0.99400002
vt 0.99400002 0.50600004
vt 0.50599998 0.50600004
vt 0.50599998 0.99400002
vt 0.99400002 0.99400002
vt 0.99400002 0.50600004
vt 0.50599998 0.50600004
vt 0.50599998 0.99400002
vt 0.99400002 0.99400002
vt 0.99400002 0.50600004
vt 0.50599998 0.50600004
vt 0.50599998 0.99400002
vt 0.99400002 0.99400002
vt 0.99400002 0.50600004
vt 0.50599998 0.50600004
vt 0.50599998 0.99400002
vt 0.99400002 0.99400002
vt 0.99400002 0.50600004
vt 0.50599998 0.50600004
vt 0.50599998 0.99400002
vt 0.99400002 0.99400002
vt 0.99400002 0.50600004
vt 0.50599998 0.50600004
vt 0.50599998 0.99400002
vt 0.99400002 0.99400002
vt 0.99400002 0.50600004
vt 0.50599998 0.50600004
vt 0.50599998 0.99400002
vt 0.99400002 0.99400002
vt 0.99400002 0.50600004
vt 0.50599998 0.50600004
vt 0.50599998 0.99400002
vt 0.99400002 0.99400002
vt 0.99400002 0.50600004
vt 0.50599998 0.50600004
vt 0.50599998 0.99400002
vt 0.99400002 0.99400002
vt 0.99400002 0.50600004
vt 0.50599998 0.50600004
vt 0.50599998 0.99400002
vt 0.99400002 0.99400002
vt 0.99400002 0.50600004
vt 0.50599998 0.50600004
vt 0.50599998 0.99400002
vt 0.99400002 0.99400002
vt 0.99400002 0.50600004
vt 0.50599998 0.50600004
vt 0.50599998 0.99400002
vt 0.99400002 0.99400002
vt 0.99400002 0.50600004
vt 0.50599998 0.50600004
vt 0.50599998 0.99400002
vt 0.99400002 0.99400002
vt 0.99400002 0.50600004
vt 0.50599998 0.50600004
vt 0.50599998 0.99400002
vt 0.99400002 0.99400002
vt 0.99400002 0.50600004
vt 0.50599998 0.50600004
vt 0.50599998 0.99400002
vt 0.99400002 0.99400002
vt 0.99400002 0.50600004
vt 0.50599998 0.50600004
vt 0.50599998 0.99400002
vt 0.99400002 0.99400002
vt 0.99400002 0.50600004
vt 0.50599998 0.50600004
vt 0.50599998 0.99400002
vt 0.99400002 0.99400002
vt 0.99400002 0.50600004
vt 0.50599998 0.50600004
vt 0.50599998 0.99400002
vt 0.99400002 0.99400002
vt 0.99400002 0.50600004
vt 0.50599998 0.99400002
vt 0.99400002 0.99400002
vt 0.99400002 0.50600004
vt 0.50599998 0.99400002
vt 0.99400002 0.99400002
vt 0.99400002 0.50600004
vt 0.50599998 0.99400002
vt 0.99400002 0.99400002
vt 0.99400002 0.50600004
vt 0.50599998 0.99400002
vt 0.99400002 0.99400002
vt 0.99400002 0.50600004
vt 0.50599998 0.99400002
vt 0.99400002 0.99400002
vt 0.99400002 0.50600004
vt 0.50599998 0.99400002
vt 0.99400002 0.99400002
vt 0.99400002 0.50600004
vt 0.50599998 0.99400002
vt 0.99400002 0.99400002
vt 0.99400002 0.50600004
vt 0.50599998 0.99400002
vt 0.99400002 0.99400002
vt 0.99400002 0.50600004
vt 0.50599998 0.99400002
vt 0.99400002 0.99400002
vt 0.99400002 0.50600004
vt 0.50599998 0.99400002
vt 0.99400002 0.99400002
vt 0.99400002 0.50600004
vt 0.50599998 0.99400002
vt 0.99400002 0.99400002
vt 0.99400002 0.50600004
vt 0.50599998 0.99400002
vt 0.99400002 0.99400002
vt 0.99400002 0.50600004
vt 0.50599998 0.99400002
vt 0.99400002 0.99400002
vt 0.99400002 0.50600004
vt 0.50599998 0.99400002
vt 0.99400002 0.99400002
vt 0.99400002 0.50600004
vt 0.50599998 0.99400002
vt 0.99400002 0.99400002
vt 0.99400002 0.50600004
vt 0.50599998 0.99400002
vt 0.99400002 0.99400002
vt 0.99400002 0.50600004
vt 0.50599998 0.99400002
vt 0.99400002 0.99400002
vt 0.99400002 0.50600004
vt 0.50599998 0.99400002
vt 0.99400002 0.99400002
vt 0.99400002 0.50600004
vt 0.50599998 0.99400002
vt 0.99400002 0.99400002
vt 0.99400002 0.50600004
vt 0.50599998 0.99400002
vt 0.99400002 0.99400002
vt 0.99400002 0.50600004
vt 0.50599998 0.50600004
vt 0.50599998 0.99400002
vt 0.99400002 0.99400002
vt 0.99400002 0.50600004
vt 0.50599998 0.50600004
vt 0.50599998 0.99400002
vt 0.99400002 0.99400002
vt 0.99400002 0.50600004
vt 0.50599998 0.50600004
vt 0.50599998 0.99400002
vt 0.99400002 0.99400002
vt 0.99400002 0.50600004
vt 0.50599998 0.50600004
vt 0.50599998 0.99400002
vt 0.99400002 0.99400002
vt 0.99400002 0.50600004
vt 0.50599998 0.50600004
vt 0.50599998 0.99400002
vt 0.99400002 0.99400002
vt 0.99400002 0.50600004
vt 0.50599998 0.50600004
vt 0.50599998 0.99400002
vt 0.99400002 0.99400002
vt 0.99400002 0.50600004
vt 0.50599998 0.50600004
vt 0.50599998 0.99400002
vt 0.99400002 0.99400002
vt 0.99400002 0.50600004
vt 0.50599998 0.50600004
vt 0.50599998 0.99400002
vt 0.99400002 0.99400002
vt 0.99400002 0.50600004
vt 0.50599998 0.50600004
vt 0.50599998 0.99400002
vt 0.99400002 0.99400002
vt 0.99400002 0.50600004
vt 0.50599998 0.50600004
vt 0.50599998 0.99400002
vt 0.99400002 0.99400002
vt 0.99400002 0.50600004
vt 0.50599998 0.50600004
vt 0.50599998 0.99400002
vt 0.99400002 0.99400002
vt 0.99400002 0.50600004
vt 0.50599998 0.50600004
vt 0.50599998 0.99400002
vt 0.99400002 0.99400002
vt 0.99400002 0.50600004
vt 0.50599998 0.50600004
vt 0.50599998 0.99400002
vt 0.99400002 0.99400002
vt 0.99400002 0.50600004
vt 0.50599998 0.50600004
vt 0.50599998 0.99400002
vt 0.99400002 0.99400002
vt 0.99400002 0.50600004
vt 0.50599998 0.50600004
vt 0.50599998 0.99400002
vt 0.99400002 0.99400002
vt 0.99400002 0.50600004
vt 0.50599998 0.50600004
vt 0.50599998 0.99400002
vt 0.99400002 0.99400002
vt 0.99400002 0.50600004
vt 0.50599998 0.50600004
vt 0.50599998 0.99400002
vt 0.99400002 0.99400002
vt 0.99400002 0.50600004
vt 0.50599998 0.50600004
vt 0.50599998 0.99400002
vt 0.99400002 0.99400002
vt 0.99400002 0.50600004
vt 0.50599998 0.50600004
vt 0.50599998 0.99400002
vt 0.99400002 0.99400002
vt 0.99400002 0.50600004
vt 0.50599998 0.50600004
vt 0.50599998 0.99400002
vt 0.99400002 0.99400002
vt 0.99400002 0.50600004
vt 0.50599998 0.50600004
vt 0.50599998 0.99400002
vt 0.99400002 0.99400002
vt 0.99400002 0.50600004
vt 0.50599998 0.50600004
vt 0.50599998 0.99400002
vt 0.99400002 0.99400002
vt 0.99400002 0.50600004
vt 0.50599998 0.50600004
vt 0.50599998 0.99400002
vt 0.99400002 0.99400002
vt 0.99400002 0.50600004
vt 0.50599998 0.50600004
vt 0.50599998 0.99400002
vt 0.99400002 0.99400002
vt 0.99400002 0.50600004
vt 0.50599998 0.50600004
vt 0.50599998 0.99400002
vt 0.99400002 0.99400002
vt 0.99400002 0.50600004
vt 0.50599998 0.50600004
vt 0.50599998 0.99400002
vt 0.99400002 0.99400002
vt 0.99400002 0.50600004
vt 0.50599998 0.50600004
vt 0.50599998 0.99400002
vt 0.99400002 0.99400002
vt 0.99400002 0.50600004
vt 0.50599998 0.50600004
vt 0.50599998 0.99400002
vt 0.99400002 0.99400002
vt 0.99400002 0.50600004
vt 0.50599998 0.50600004
vt 0.50599998 0.99400002
vt 0.99400002 0.99400002
vt 0.99400002 0.50600004
vt 0.50599998 0.50600004
vt 0.50599998 0.99400002
vt 0.99400002 0.99400002
vt 0.99400002 0.50600004
vt 0.50599998 0.50600004
vt 0.50599998 0.99400002
vt 0.99400002 0.99400002
vt 0.99400002 0.50600004
vt 0.50599998 0.50600004
vt 0.50599998 0.99400002
vt 0.99400002 0.99400002
vt 0.99400002 0.50600004
vt 0.50599998 0.50600004
vt 0.50599998 0.99400002
vt 0.99400002 0.99400002
vt 0.99400002 0.50600004
vt 0.50599998 0.50600004
vt 0.50599998 0.99400002
vt 0.99400002 0.99400002
vt 0.99400002 0.50600004
vt 0.50599998 0.50600004
vt 0.50599998 0.99400002
vt 0.99400002 0.99400002
vt 0.99400002 0.50600004
vt 0.50599998 0.50600004
vt 0.50599998 0.99400002
vt 0.99400002 0.99400002
vt 0.99400002 0.50600004
vt 0.50599998 0.50600004
vt 0.50599998 0.99400002
vt 0.99400002 0.99400002
vt 0.99400002 0.50600004
vt 0.50599998 0.50600004
vt 0.50599998 0.99400002
vt 0.99400002 0.99400002
vt 0.99400002 0.50600004
vt 0.50599998 0.50600004
vt 0.50599998 0.99400002
vt 0.99400002 0.99400002
vt 0.99400002 0.50600004
vt 0.50599998 0.50600004
vt 0.50599998 0.99400002
vt 0.99400002 0.99400002
vt 0.99400002 0.50600004
vt 0.50599998 0.99400002
vt 0.99400002 0.99400002
vt 0.99400002 0.50600004
vt 0.50599998 0.99400002
vt 0.99400002 0.99400002
vt 0.99400002 0.50600004
vt 0.50599998 0.99400002
vt 0.99400002 0.99400002
vt 0.99400002 0.50600004
vt 0.50599998 0.99400002
vt 0.99400002 0.99400002
vt 0.99400002 0.50600004
vt 0.50599998 0.99400002
vt 0.99400002 0.99400002
vt 0.99400002 0.50600004
vt 0.50599998 0.99400002
vt 0.99400002 0.99400002
vt 0.99400002 0.50600004
vt 0.50599998 0.99400002
vt 0.99400002 0.99400002
vt 0.99400002 0.50600004
vt 0.50599998 0.99400002
vt 0.99400002 0.99400002
vt 0.99400002 0.50600004
vt 0.50599998 0.99400002
vt 0.99400002 0.99400002
vt 0.99400002 0.50600004
vt 0.50599998 0.99400002
vt 0.99400002 0.99400002
vt 0.99400002 0.50600004
vt 0.50599998 0.99400002
vt 0.99400002 0.99400002
vt 0.99400002 0.50600004
vt 0.50599998 0.99400002
vt 0.99400002 0.99400002
vt 0.99400002 0.50600004
vt 0.50599998 0.99400002
vt 0.99400002 0.99400002
vt 0.99400002 0.50600004
vt 0.50599998 0.99400002
vt 0.99400002 0.99400002
vt 0.99400002 0.50600004
vt 0.50599998 0.99400002
vt 0.99400002 0.99400002
vt 0.99400002 0.50600004
vt 0.50599998 0.99400002
vt 0.99400002 0.99400002
vt 0.99400002 0.50600004
vt 0.50599998 0.99400002
vt 0.99400002 0.99400002
vt 0.99400002 0.50600004
vt 0.50599998 0.99400002
vt 0.99400002 0.99400002
vt 0.99400002 0.50600004
vt 0.50599998 0.99400002
vt 0.99400002 0.99400002
vt 0.99400002 0.50600004
vt 0.50599998 0.99400002
vt 0.99400002 0.99400002
vt 0.99400002 0.50600004
vt 0.50599998 0.50600004
vt 0.50599998 0.99400002
vt 0.99400002 0.99400002
vt 0.99400002 0.50600004
vt 0.50599998 0.50600004
vt 0.50599998 0.99400002
vt 0.99400002 0.99400002
vt 0.99400002 0.50600004
vt 0.50599998 0.50600004
vt 0.50599998 0.99400002
vt 0.99400002 0.99400002
vt 0.99400002 0.50600004
vt 0.50599998 0.50600004
vt 0.50599998 0.99400002
vt 0.99400002 0.99400002
vt 0.99400002 0.50600004
vt 0.50599998 0.50600004
vt 0.50599998 0.99400002
vt 0.99400002 0.99400002
vt 0.99400002 0.50600004
vt 0.50599998 0.50600004
vt 0.50599998 0.99400002
vt 0.99400002 0.99400002
vt 0.99400002 0.50600004
vt 0.50599998 0.50600004
vt 0.50599998 0.99400002
vt 0.99400002 0.99400002
vt 0.99400002 0.50600004
vt 0.50599998 0.50600004
vt 0.50599998 0.99400002
vt 0.99400002 0.99400002
vt 0.99400002 0.50600004
vt 0.50599998 0.50600004
vt 0.50599998 0.99400002
vt 0.99400002 0.99400002
vt 0.99400002 0.50600004
vt 0.50599998 0.50600004
vt 0.50599998 0.99400002
vt 0.99400002 0.99400002
vt 0.99400002 0.50600004
vt 0.50599998 0.50600004
vt 0.50599998 0.99400002
vt 0.99400002 0.99400002
vt 0.99400002 0.50600004
vt 0.50599998 0.50600004
vt 0.50599998 0.99400002
vt 0.99400002 0.99400002
vt 0.99400002 0.50600004
vt 0.50599998 0.50600004
vt 0.50599998 0.99400002
vt 0.99400002 0.99400002
vt 0.99400002 0.50600004
vt 0.50599998 0.50600004
vt 0.50599998 0.99400002
vt 0.99400002 0.99400002
vt 0.99400002 0.50600004
vt 0.50599998 0.50600004
vt 0.50599998 0.99400002
vt 0.99400002 0.99400002
vt 0.99400002 0.50600004
vt 0.50599998 0.50600004
vt 0.50599998 0.99400002
vt 0.99400002 0.99400002
vt 0.99400002 0.50600004
vt 0.50599998 0.50600004
vt 0.50599998 0.99400002
vt 0.99400002 0.99400002
vt 0.99400002 0.50600004
vt 0.50599998 0.50600004
vt 0.50599998 0.99400002
vt 0.99400002 0.99400002
vt 0.99400002 0.50600004
vt 0.50599998 0.50600004
vt 0.50599998 0.99400002
vt 0.99400002 0.99400002
vt 0.99400002 0.50600004
vt 0.50599998 0.50600004
vt 0.50599998 0.99400002
vt 0.99400002 0.99400002
vt 0.99400002 0.50600004
vt 0.50599998 0.50600004
vt 0.50599998 0.99400002
vt 0.99400002 0.99400002
vt 0.99400002 0.50600004
vt 0.50599998 0.50600004
vt 0.50599998 0.99400002
vt 0.99400002 0.99400002
vt 0.99400002 0.50600004
vt 0.50599998 0.50600004
vt 0.50599998 0.99400002
vt 0.99400002 0.99400002
vt 0.99400002 0.50600004
vt 0.50599998 0.50600004
vt 0.50599998 0.99400002
vt 0.99400002 0.99400002
vt 0.99400002 0.50600004
vt 0.50599998 0.50600004
vt 0.50599998 0.99400002
vt 0.99400002 0.99400002
vt 0.99400002 0.50600004
vt 0.50599998 0.50600004
vt 0.50599998 0.99400002
vt 0.99400002 0.99400002
vt 0.99400002 0.50600004
vt 0.50599998 0.50600004
vt 0.50599998 0.99400002
vt 0.99400002 0.99400002
vt 0.99400002 0.50600004
vt 0.50599998 0.50600004
vt 0.50599998 0.99400002
vt 0.99400002 0.99400002
vt 0.99400002 0.50600004
vt 0.50599998 0.50600004
vt 0.50599998 0.99400002
vt 0.99400002 0.99400002
vt 0.99400002 0.50600004
vt 0.50599998 0.50600004
vt 0.50599998 0.99400002
vt 0.99400002 0.99400002
vt 0.99400002 0.50600004
vt 0.50599998 0.50600004
vt 0.50599998 0.99400002
vt 0.99400002 0.99400002
vt 0.99400002 0.50600004
vt 0.50599998 0.50600004
vt 0.50599998 0.99400002
vt 0.99400002 0.99400002
vt 0.99400002 0.50600004
vt 0.50599998 0.50600004
vt 0.50599998 0.99400002
vt 0.99400002 0.99400002
vt 0.99400002 0.50600004
vt 0.50599998 0.50600004
vt 0.50599998 0.99400002
vt 0.99400002 0.99400002
vt 0.99400002 0.50600004
vt 0.50599998 0.50600004
vt 0.50599998 0.99400002
vt 0.99400002 0.99400002
vt 0.99400002 0.50600004
vt 0.50599998 0.50600004
vt 0.50599998 0.99400002
vt 0.99400002 0.99400002
vt 0.99400002 0.50600004
vt 0.50599998 0.50600004
vt 0.50599998 0.99400002
vt 0.99400002 0.99400002
vt 0.99400002 0.50600004
vt 0.50599998 0.50600004
vt 0.50599998 0.99400002
vt 0.99400002 0.99400002
vt 0.99400002 0.50600004
vt 0.50599998 0.50600004
vt 0.50599998 0.99400002
vt 0.99400002 0.99400002
vt 0.99400002 0.50600004
vt 0.50599998 0.50600004
vt 0.50599998 0.99400002
vt 0.99400002 0.99400002
vt 0.99400002 0.50600004
vt 0.50599998 0.99400002
vt 0.99400002 0.99400002
vt 0.99400002 0.50600004
vt 0.50599998 0.99400002
vt 0.99400002 0.99400002
vt 0.99400002 0.50600004
vt 0.50599998 0.99400002
vt 0.99400002 0.99400002
vt 0.99400002 0.50600004
vt 0.50599998 0.99400002
vt 0.99400002 0.99400002
vt 0.99400002 0.50600004
vt 0.50599998 0.99400002
vt 0.99400002 0.99400002
vt 0.99400002 0.50600004
vt 0.50599998 0.99400002
vt 0.99400002 0.99400002
vt 0.99400002 0.50600004
vt 0.50599998 0.99400002
vt 0.99400002 0.99400002
vt 0.99400002 0.50600004
vt 0.50599998 0.99400002
vt 0.99400002 0.99400002
vt 0.99400002 0.50600004
vt 0.50599998 0.99400002
vt 0.99400002 0.99400002
vt 0.99400002 0.50600004
vt 0.50599998 0.99400002
vt 0.99400002 0.99400002
vt 0.99400002 0.50600004
vt 0.50599998 0.99400002
vt 0.99400002 0.99400002
vt 0.99400002 0.50600004
vt 0.50599998 0.99400002
vt 0.99400002 0.99400002
vt 0.99400002 0.50600004
vt 0.50599998 0.99400002
vt 0.99400002 0.99400002
vt 0.99400002 0.50600004
vt 0.50599998 0.99400002
vt 0.99400002 0.99400002
vt 0.99400002 0.50600004
vt 0.50599998 0.99400002
vt 0.99400002 0.99400002
vt 0.99400002 0.50600004
vt 0.50599998 0.99400002
vt 0.99400002 0.99400002
vt 0.99400002 0.50600004
vt 0.50599998 0.99400002
vt 0.99400002 0.99400002
vt 0.99400002 0.50600004
vt 0.50599998 0.99400002
vt 0.99400002 0.99400002
vt 0.99400002 0.50600004
vt 0.50599998 0.99400002
vt 0.99400002 0.99400002
vt 0.99400002 0.50600004
vt 0.50599998 0.99400002
vt 0.99400002 0.99400002
vt 0.99400002 0.50600004
vt 0.50599998 0.50600004
vt 0.50599998 0.99400002
vt 0.99400002 0.99400002
vt 0.99400002 0.50600004
vt 0.50599998 0.50600004
vt 0.50599998 0.99400002
vt 0.99400002 0.99400002
vt 0.99400002 0.50600004
vt 0.50599998 0.50600004
vt 0.50599998 0.99400002
vt 0.99400002 0.99400002
vt 0.99400002 0.50600004
vt 0.50599998 0.50600004
vt 0.50599998 0.99400002
vt 0.99400002 0.99400002
vt 0.99400002 0.50600004
vt 0.50599998 0.50600004
vt 0.50599998 0.99400002
vt 0.99400002 0.99400002
vt 0.99400002 0.50600004
vt 0.50599998 0.50600004
vt 0.50599998 0.99400002
vt 0.99400002 0.99400002
vt 0.99400002 0.50600004
vt 0.50599998 0.50600004
vt 0.50599998 0.99400002
vt 0.99400002 0.99400002
vt 0.99400002 0.50600004
vt 0.50599998 0.50600004
vt 0.50599998 0.99400002
vt 0.99400002 0.99400002
vt 0.99400002 0.50600004
vt 0.50599998 0.50600004
vt 0.50599998 0.99400002
vt 0.99400002 0.99400002
vt 0.99400002 0.50600004
vt 0.50599998 0.50600004
vt 0.50599998 0.99400002
vt 0.99400002 0.99400002
vt 0.99400002 0.50600004
vt 0.50599998 0.50600004
vt 0.50599998 0.99400002
vt 0.99400002 0.99400002
vt 0.99400002 0.50600004
vt 0.50599998 0.50600004
vt 0.50599998 0.99400002
vt 0.99400002 0.99400002
vt 0.99400002 0.50600004
vt 0.50599998 0.50600004
vt 0.50599998 0.99400002
vt 0.99400002 0.99400002
vt 0.99400002 0.50600004
vt 0.50599998 0.50600004
vt 0.50599998 0.99400002
vt 0.99400002 0.99400002
vt 0.99400002 0.50600004
vt 0.50599998 0.50600004
vt 0.50599998 0.99400002
vt 0.99400002 0.99400002
vt 0.99400002 0.50600004
vt 0.50599998 0.50600004
vt 0.50599998 0.99400002
vt 0.99400002 0.99400002
vt 0.99400002 0.50600004
vt 0.50599998 0.50600004
vt 0.50599998 0.99400002
vt 0.99400002 0.99400002
vt 0.99400002 0.50600004
vt 0.50599998 0.50600004
vt 0.50599998 0.99400002
vt 0.99400002 0.99400002
vt 0.99400002 0.50600004
vt 0.50599998 0.50600004
vt 0.50599998 0.99400002
vt 0.99400002 0.99400002
vt 0.99400002 0.50600004
vt 0.50599998 0.50600004
vt 0.50599998 0.99400002
vt 0.99400002 0.99400002
vt 0.99400002 0.50600004
vt 0.50599998 0.50600004
vt 0.50599998 0.99400002
vt 0.99400002 0.99400002
vt 0.99400002 0.50600004
vt 0.50599998 0.50600004
vt 0.50599998 0.99400002
vt 0.99400002 0.99400002
vt 0.99400002 0.50600004
vt 0.50599998 0.50600004
vt 0.50599998 0.99400002
vt 0.99400002 0.99400002
vt 0.99400002 0.50600004
vt 0.50599998 0.50600004
vt 0.50599998 0.99400002
vt 0.99400002 0.99400002
vt 0.99400002 0.50600004
vt 0.50599998 0.50600004
vt 0.50599998 0.99400002
vt 0.99400002 0.99400002
vt 0.99400002 0.50600004
vt 0.50599998 0.50600004
vt 0.50599998 0.99400002
vt 0.99400002 0.99400002
vt 0.99400002 0.50600004
vt 0.50599998 0.50600004
vt 0.50599998 0.99400002
vt 0.99400002 0.99400002
vt 0.99400002 0.50600004
vt 0.50599998 0.50600004
vt 0.50599998 0.99400002
vt 0.99400002 0.99400002
vt 0.99400002 0.50600004
vt 0.50599998 0.50600004
vt 0.50599998 0.99400002
vt 0.99400002 0.99400002
vt 0.99400002 0.50600004
vt 0.50599998 0.50600004
vt 0.50599998 0.99400002
vt 0.99400002 0.99400002
vt 0.99400002 0.50600004
vt 0.50599998 0.50600004
vt 0.50599998 0.99400002
vt 0.99400002 0.99400002
vt 0.99400002 0.50600004
vt 0.50599998 0.50600004
vt 0.50599998 0.99400002
vt 0.99400002 0.99400002
vt 0.99400002 0.50600004
vt 0.50599998 0.50600004
vt 0.50599998 0.99400002
vt 0.99400002 0.99400002
vt 0.99400002 0.50600004
vt 0.50599998 0.50600004
vt 0.50599998 0.99400002
vt 0.99400002 0.99400002
vt 0.99400002 0.50600004
vt 0.50599998 0.50600004
vt 0.50599998 0.99400002
vt 0.99400002 0.99400002
vt 0.99400002 0.50600004
vt 0.50599998 0.50600004
vt 0.50599998 0.99400002
vt 0.99400002 0.99400002
vt 0.99400002 0.50600004
vt 0.50599998 0.50600004
vt 0.50599998 0.99400002
vt 0.99400002 0.99400002
vt 0.99400002 0.50600004
vt 0.50599998 0.50600004
vt 0.50599998 0.99400002
vt 0.99400002 0.99400002
vt 0.99400002 0.50600004
vt 0.50599998 0.50600004
vt 0.50599998 0.99400002
vt 0.99400002 0.99400002
vt 0.99400002 0.50600004
vt 0.50599998 0.50600004
vt 0.50599998 0.99400002
vt 0.99400002 0.99400002
vt 0.99400002 0.50600004
vt 0.50599998 0.99400002
vt 0.99400002 0.99400002
vt 0.99400002 0.50600004
vt 0.50599998 0.99400002
vt 0.99400002 0.99400002
vt 0.99400002 0.50600004
vt 0.50599998 0.99400002
vt 0.99400002 0.99400002
vt 0.99400002 0.50600004
vt 0.50599998 0.99400002
vt 0.99400002 0.99400002
vt 0.99400002 0.50600004
vt 0.50599998 0.99400002
vt 0.99400002 0.99400002
vt 0.99400002 0.50600004
vt 0.50599998 0.99400002
vt 0.99400002 0.99400002
vt 0.99400002 0.50600004
vt 0.50599998 0.99400002
vt 0.99400002 0.99400002
vt 0.99400002 0.50600004
vt 0.50599998 0.99400002
vt 0.99400002 0.99400002
vt 0.99400002 0.50600004
vt 0.50599998 0.99400002
vt 0.99400002 0.99400002
vt 0.99400002 0.50600004
vt 0.50599998 0.99400002
vt 0.99400002 0.99400002
vt 0.99400002 0.50600004
vt 0.50599998 0.99400002
vt 0.99400002 0.99400002
vt 0.99400002 0.50600004
vt 0.50599998 0.99400002
vt 0.99400002 0.99400002
vt 0.99400002 0.50600004
vt 0.50599998 0.99400002
vt 0.99400002 0.99400002
vt 0.99400002 0.50600004
vt 0.50599998 0.99400002
vt 0.99400002 0.99400002
vt 0.99400002 0.50600004
vt 0.50599998 0.99400002
vt 0.99400002 0.99400002
vt 0.99400002 0.50600004
vt 0.50599998 0.99400002
vt 0.99400002 0.99400002
vt 0.99400002 0.50600004
vt 0.50599998 0.99400002
vt 0.99400002 0.99400002
vt 0.99400002 0.50600004
vt 0.50599998 0.99400002
vt 0.99400002 0.99400002
vt 0.99400002 0.50600004
vt 0.50599998 0.99400002
vt 0.99400002 0.99400002
vt 0.99400002 0.50600004
vt 0.28928399 0.88598931
vt 0.27042767 0.88598931
vt 0.26829609 0.84148377
vt 0.28518480 0.84148377
vt 0.27042767 0.88598931
vt 0.24999999 0.88598931
vt 0.24999999 0.84148377
vt 0.26829609 0.84148377
vt 0.24999999 0.88598931
vt 0.22957231 0.88598931
vt 0.23170389 0.84148377
vt 0.24999999 0.84148377
vt 0.22957231 0.88598931
vt 0.21071598 0.88598931
vt 0.21481520 0.84148377
vt 0.23170389 0.84148377
vt 0.21071598 0.88598931
vt 0.21071598 0.88598931
vt 0.21481520 0.84148377
vt 0.21481520 0.84148377
vt 0.21071598 0.88598931
vt 0.22957231 0.88598931
vt 0.23170389 0.84148377
vt 0.21481520 0.84148377
vt 0.22957231 0.88598931
vt 0.24999999 0.88598931
vt 0.24999999 0.84148377
vt 0.23170389 0.84148377
vt 0.24999999 0.88598931
vt 0.27042767 0.88598931
vt 0.26829609 0.84148377
vt 0.24999999 0.84148377
vt 0.27042767 0.88598931
vt 0.28928399 0.88598931
vt 0.28518480 0.84148377
vt 0.26829609 0.84148377
vt 0.28928399 0.88598931
vt 0.28928399 0.88598931
vt 0.28518480 0.84148377
vt 0.28518480 0.84148377
vt 0.28518480 0.84148377
vt 0.26829609 0.84148377
vt 0.26559609 0.78511000
vt 0.27999249 0.78511000
vt 0.26829609 0.84148377
vt 0.24999999 0.84148377
vt 0.24999999 0.78511000
vt 0.26559609 0.78511000
vt 0.24999999 0.84148377
vt 0.23170389 0.84148377
vt 0.23440389 0.78511000
vt 0.24999999 0.78511000
vt 0.23170389 0.84148377
vt 0.21481520 0.84148377
vt 0.22000751 0.78511000
vt 0.23440389 0.78511000
vt 0.21481520 0.84148377
vt 0.21481520 0.84148377
vt 0.22000751 0.78511000
vt 0.22000751 0.78511000
vt 0.21481520 0.84148377
vt 0.23170389 0.84148377
vt 0.23440389 0.78511000
vt 0.22000751 0.78511000
vt 0.23170389 0.84148377
vt 0.24999999 0.84148377
vt 0.24999999 0.78511000
vt 0.23440389 0.78511000
vt 0.24999999 0.84148377
vt 0.26829609 0.84148377
vt 0.26559609 0.78511000
vt 0.24999999 0.78511000
vt 0.26829609 0.84148377
vt 0.28518480 0.84148377
vt 0.27999249 0.78511000
vt 0.26559609 0.78511000
vt 0.28518480 0.84148377
vt 0.28518480 0.84148377
vt 0.27999249 0.78511000
vt 0.27999249 0.78511000
vt 0.27999249 0.78511000
vt 0.26559609 0.78511000
vt 0.26332241 0.73763734
vt 0.27562001 0.73763734
vt 0.26559609 0.78511000
vt 0.24999999 0.78511000
vt 0.24999999 0.73763734
vt 0.26332241 0.73763734
vt 0.24999999 0.78511000
vt 0.23440389 0.78511000
vt 0.23667759 0.73763734
vt 0.24999999 0.73763734
vt 0.23440389 0.78511000
vt 0.22000751 0.78511000
vt 0.22437999 0.73763734
vt 0.23667759 0.73763734
vt 0.22000751 0.78511000
vt 0.22000751 0.78511000
vt 0.22437999 0.73763734
vt 0.22437999 0.73763734
vt 0.22000751 0.78511000
vt 0.23440389 0.78511000
vt 0.23667759 0.73763734
vt 0.22437999 0.73763734
vt 0.23440389 0.78511000
vt 0.24999999 0.78511000
vt 0.24999999 0.73763734
vt 0.23667759 0.73763734
vt 0.24999999 0.78511000
vt 0.26559609 0.78511000
vt 0.26332241 0.73763734
vt 0.24999999 0.73763734
vt 0.26559609 0.78511000
vt 0.27999249 0.78511000
vt 0.27562001 0.73763734
vt 0.26332241 0.73763734
vt 0.27999249 0.78511000
vt 0.27999249 0.78511000
vt 0.27562001 0.73763734
vt 0.27562001 0.73763734
vt 0.24999999 0.88598931
vt 0.27042767 0.88598931
vt 0.28928399 0.88598931
vt 0.24999999 0.88598931
vt 0.24999999 0.88598931
vt 0.27042767 0.88598931
vt 0.24999999 0.88598931
vt 0.22957231 0.88598931
vt 0.24999999 0.88598931
vt 0.24999999 0.88598931
vt 0.21071598 0.88598931
vt 0.22957231 0.88598931
vt 0.24999999 0.88598931
vt 0.21071598 0.88598931
vt 0.21071598 0.88598931
vt 0.24999999 0.88598931
vt 0.22957231 0.88598931
vt 0.21071598 0.88598931
vt 0.24999999 0.88598931
vt 0.24999999 0.88598931
vt 0.22957231 0.88598931
vt 0.24999999 0.88598931
vt 0.27042767 0.88598931
vt 0.24999999 0.88598931
vt 0.24999999 0.88598931
vt 0.28928399 0.88598931
vt 0.27042767 0.88598931
vt 0.24999999 0.88598931
vt 0.28928399 0.88598931
vt 0.28928399 0.88598931
vt 0.24999999 0.73763734
vt 0.27562001 0.73763734
vt 0.26332241 0.73763734
vt 0.24999999 0.73763734
vt 0.26332241 0.73763734
vt 0.24999999 0.73763734
vt 0.24999999 0.73763734
vt 0.24999999 0.73763734
vt 0.23667759 0.73763734
vt 0.24999999 0.73763734
vt 0.23667759 0.73763734
vt 0.22437999 0.73763734
vt 0.24999999 0.73763734
vt 0.22437999 0.73763734
vt 0.22437999 0.73763734
vt 0.24999999 0.73763734
vt 0.22437999 0.73763734
vt 0.23667759 0.73763734
vt 0.24999999 0.73763734
vt 0.23667759 0.73763734
vt 0.24999999 0.73763734
vt 0.24999999 0.73763734
vt 0.24999999 0.73763734
vt 0.26332241 0.73763734
vt 0.24999999 0.73763734
vt 0.26332241 0.73763734
vt 0.27562001 0.73763734
vt 0.24999999 0.73763734
vt 0.27562001 0.73763734
vt 0.27562001 0.73763734
vt 0.49399999 0.66346133
vt 0.49399999 0.66976464
vt 0.49399999 0.66838205
vt 0.49399999 0.66346133
vt 0.49399999 0.66976464
vt 0.49399999 0.67436004
vt 0.49399999 0.67196071
vt 0.49399999 0.66838205
vt 0.49399999 0.67436004
vt 0.49399999 0.67602736
vt 0.49399999 0.67326200
vt 0.49399999 0.67196071
vt 0.49399999 0.67602736
vt 0.49399999 0.67436004
vt 0.49399999 0.67196071
vt 0.49399999 0.67326200
vt 0.49399999 0.67436004
vt 0.49399999 0.66976464
vt 0.49399999 0.66838205
vt 0.49399999 0.67196071
vt 0.49399999 0.66976464
vt 0.49399999 0.66346133
vt 0.49399999 0.66346133
vt 0.49399999 0.66838205
vt 0.49399999 0.66346133
vt 0.49399999 0.65715802
vt 0.49399999 0.65854067
vt 0.49399999 0.66346133
vt 0.49399999 0.65715802
vt 0.49399999 0.65256268
vt 0.49399999 0.65496200
vt 0.49399999 0.65854067
vt 0.49399999 0.65256268
vt 0.49399999 0.65089536
vt 0.49399999 0.65366066
vt 0.49399999 0.65496200
vt 0.49399999 0.65089536
vt 0.49399999 0.65256268
vt 0.49399999 0.65496200
vt 0.49399999 0.65366066
vt 0.49399999 0.65256268
vt 0.49399999 0.65715802
vt 0.49399999 0.65854067
vt 0.49399999 0.65496200
vt 0.49399999 0.65715802
vt 0.49399999 0.66346133
vt 0.49399999 0.66346133
vt 0.49399999 0.65854067
vt 0.49399999 0.66346133
vt 0.49399999 0.66838205
vt 0.49399999 0.66671467
vt 0.49399999 0.66346133
vt 0.49399999 0.66838205
vt 0.49399999 0.67196071
vt 0.49399999 0.66911399
vt 0.49399999 0.66671467
vt 0.49399999 0.67196071
vt 0.49399999 0.67326200
vt 0.49399999 0.67000866
vt 0.49399999 0.66911399
vt 0.49399999 0.67326200
vt 0.49399999 0.67196071
vt 0.49399999 0.66911399
vt 0.49399999 0.67000866
vt 0.49399999 0.67196071
vt 0.49399999 0.66838205
vt 0.49399999 0.66671467
vt 0.49399999 0.66911399
vt 0.49399999 0.66838205
vt 0.49399999 0.66346133
vt 0.49399999 0.66346133
vt 0.49399999 0.66671467
vt 0.49399999 0.66346133
vt 0.49399999 0.65854067
vt 0.49399999 0.66020799
vt 0.49399999 0.66346133
vt 0.49399999 0.65854067
vt 0.49399999 0.65496200
vt 0.49399999 0.65780866
vt 0.49399999 0.66020799
vt 0.49399999 0.65496200
vt 0.49399999 0.65366066
vt 0.49399999 0.65691400
vt 0.49399999 0.65780866
vt 0.49399999 0.65366066
vt 0.49399999 0.65496200
vt 0.49399999 0.65780866
vt 0.49399999 0.65691400
vt 0.49399999 0.65496200
vt 0.49399999 0.65854067
vt 0.49399999 0.66020799
vt 0.49399999 0.65780866
vt 0.49399999 0.65854067
vt 0.49399999 0.66346133
vt 0.49399999 0.66346133
vt 0.49399999 0.66020799
vt 0.49399999 0.66346133
vt 0.49399999 0.66671467
vt 0.49399999 0.66516936
vt 0.49399999 0.66346133
vt 0.49399999 0.66671467
vt 0.49399999 0.66911399
vt 0.49399999 0.66638935
vt 0.49399999 0.66516936
vt 0.49399999 0.66911399
vt 0.49399999 0.67000866
vt 0.49399999 0.66683668
vt 0.49399999 0.66638935
vt 0.49399999 0.67000866
vt 0.49399999 0.66911399
vt 0.49399999 0.66638935
vt 0.49399999 0.66683668
vt 0.49399999 0.66911399
vt 0.49399999 0.66671467
vt 0.49399999 0.66516936
vt 0.49399999 0.66638935
vt 0.49399999 0.66671467
vt 0.49399999 0.66346133
vt 0.49399999 0.66346133
vt 0.49399999 0.66516936
vt 0.49399999 0.66346133
vt 0.49399999 0.66020799
vt 0.49399999 0.66175330
vt 0.49399999 0.66346133
vt 0.49399999 0.66020799
vt 0.49399999 0.65780866
vt 0.49399999 0.66053331
vt 0.49399999 0.66175330
vt 0.49399999 0.65780866
vt 0.49399999 0.65691400
vt 0.49399999 0.66008604
vt 0.49399999 0.66053331
vt 0.49399999 0.65691400
vt 0.49399999 0.65780866
vt 0.49399999 0.66053331
vt 0.49399999 0.66008604
vt 0.49399999 0.65780866
vt 0.49399999 0.66020799
vt 0.49399999 0.66175330
vt 0.49399999 0.66053331
vt 0.49399999 0.66020799
vt 0.49399999 0.66346133
vt 0.49399999 0.66346133
vt 0.49399999 0.66175330
vt 0.49399999 0.66346133
vt 0.49399999 0.66976464
vt 0.49399999 0.66346133
vt 0.49399999 0.66346133
vt 0.49399999 0.67436004
vt 0.49399999 0.66976464
vt 0.49399999 0.66346133
vt 0.49399999 0.67602736
vt 0.49399999 0.67436004
vt 0.49399999 0.66346133
vt 0.49399999 0.67436004
vt 0.49399999 0.67602736
vt 0.49399999 0.66346133
vt 0.49399999 0.66976464
vt 0.49399999 0.67436004
vt 0.49399999 0.66346133
vt 0.49399999 0.66346133
vt 0.49399999 0.66976464
vt 0.49399999 0.66346133
vt 0.49399999 0.65715802
vt 0.49399999 0.66346133
vt 0.49399999 0.66346133
vt 0.49399999 0.65256268
vt 0.49399999 0.65715802
vt 0.49399999 0.66346133
vt 0.49399999 0.65089536
vt 0.49399999 0.65256268
vt 0.49399999 0.66346133
vt 0.49399999 0.65256268
vt 0.49399999 0.65089536
vt 0.49399999 0.66346133
vt 0.49399999 0.65715802
vt 0.49399999 0.65256268
vt 0.49399999 0.66346133
vt 0.49399999 0.66346133
vt 0.49399999 0.65715802
vt 0.49399999 0.66346133
vt 0.49399999 0.66516936
vt 0.49399999 0.66346133
vt 0.49399999 0.66516936
vt 0.49399999 0.66638935
vt 0.49399999 0.66346133
vt 0.49399999 0.66638935
vt 0.49399999 0.66683668
vt 0.49399999 0.66346133
vt 0.49399999 0.66683668
vt 0.49399999 0.66638935
vt 0.49399999 0.66346133
vt 0.49399999 0.66638935
vt 0.49399999 0.66516936
vt 0.49399999 0.66346133
vt 0.49399999 0.66516936
vt 0.49399999 0.66346133
vt 0.49399999 0.66346133
vt 0.49399999 0.66346133
vt 0.49399999 0.66175330
vt 0.49399999 0.66346133
vt 0.49399999 0.66175330
vt 0.49399999 0.66053331
vt 0.49399999 0.66346133
vt 0.49399999 0.66053331
vt 0.49399999 0.66008604
vt 0.49399999 0.66346133
vt 0.49399999 0.66008604
vt 0.49399999 0.66053331
vt 0.49399999 0.66346133
vt 0.49399999 0.66053331
vt 0.49399999 0.66175330
vt 0.49399999 0.66346133
vt 0.49399999 0.66175330
vt 0.49399999 0.66346133
vt 0.49399999 0.66346133
vt 0.00600000 0.66346133
vt 0.00600000 0.66346133
vt 0.00600000 0.66838205
vt 0.00600000 0.66976464
vt 0.00600000 0.66976464
vt 0.00600000 0.66838205
vt 0.00600000 0.67196071
vt 0.00600000 0.67436004
vt 0.00600000 0.67436004
vt 0.00600000 0.67196071
vt 0.00600000 0.67326200
vt 0.00600000 0.67602736
vt 0.00600000 0.67602736
vt 0.00600000 0.67326200
vt 0.00600000 0.67196071
vt 0.00600000 0.67436004
vt 0.00600000 0.67436004
vt 0.00600000 0.67196071
vt 0.00600000 0.66838205
vt 0.00600000 0.66976464
vt 0.00600000 0.66976464
vt 0.00600000 0.66838205
vt 0.00600000 0.66346133
vt 0.00600000 0.66346133
vt 0.00600000 0.66346133
vt 0.00600000 0.66346133
vt 0.00600000 0.65854067
vt 0.00600000 0.65715802
vt 0.00600000 0.65715802
vt 0.00600000 0.65854067
vt 0.00600000 0.65496200
vt 0.00600000 0.65256268
vt 0.00600000 0.65256268
vt 0.00600000 0.65496200
vt 0.00600000 0.65366066
vt 0.00600000 0.65089536
vt 0.00600000 0.65089536
vt 0.00600000 0.65366066
vt 0.00600000 0.65496200
vt 0.00600000 0.65256268
vt 0.00600000 0.65256268
vt 0.00600000 0.65496200
vt 0.00600000 0.65854067
vt 0.00600000 0.65715802
vt 0.00600000 0.65715802
vt 0.00600000 0.65854067
vt 0.00600000 0.66346133
vt 0.00600000 0.66346133
vt 0.00600000 0.66346133
vt 0.00600000 0.66346133
vt 0.00600000 0.66671467
vt 0.00600000 0.66838205
vt 0.00600000 0.66838205
vt 0.00600000 0.66671467
vt 0.00600000 0.66911399
vt 0.00600000 0.67196071
vt 0.00600000 0.67196071
vt 0.00600000 0.66911399
vt 0.00600000 0.67000866
vt 0.00600000 0.67326200
vt 0.00600000 0.67326200
vt 0.00600000 0.67000866
vt 0.00600000 0.66911399
vt 0.00600000 0.67196071
vt 0.00600000 0.67196071
vt 0.00600000 0.66911399
vt 0.00600000 0.66671467
vt 0.00600000 0.66838205
vt 0.00600000 0.66838205
vt 0.00600000 0.66671467
vt 0.00600000 0.66346133
vt 0.00600000 0.66346133
vt 0.00600000 0.66346133
vt 0.00600000 0.66346133
vt 0.00600000 0.66020799
vt 0.00600000 0.65854067
vt 0.00600000 0.65854067
vt 0.00600000 0.66020799
vt 0.00600000 0.65780866
vt 0.00600000 0.65496200
vt 0.00600000 0.65496200
vt 0.00600000 0.65780866
vt 0.00600000 0.65691400
vt 0.00600000 0.65366066
vt 0.00600000 0.65366066
vt 0.00600000 0.65691400
vt 0.00600000 0.65780866
vt 0.00600000 0.65496200
vt 0.00600000 0.65496200
vt 0.00600000 0.65780866
vt 0.00600000 0.66020799
vt 0.00600000 0.65854067
vt 0.00600000 0.65854067
vt 0.00600000 0.66020799
vt 0.00600000 0.66346133
vt 0.00600000 0.66346133
vt 0.00600000 0.66346133
vt 0.00600000 0.66346133
vt 0.00600000 0.66516936
vt 0.00600000 0.66671467
vt 0.00600000 0.66671467
vt 0.00600000 0.66516936
vt 0.00600000 0.66638935
vt 0.00600000 0.66911399
vt 0.00600000 0.66911399
vt 0.00600000 0.66638935
vt 0.00600000 0.66683668
vt 0.00600000 0.67000866
vt 0.00600000 0.67000866
vt 0.00600000 0.66683668
vt 0.00600000 0.66638935
vt 0.00600000 0.66911399
vt 0.00600000 0.66911399
vt 0.00600000 0.66638935
vt 0.00600000 0.66516936
vt 0.00600000 0.66671467
vt 0.00600000 0.66671467
vt 0.00600000 0.66516936
vt 0.00600000 0.66346133
vt 0.00600000 0.66346133
vt 0.00600000 0.66346133
vt 0.00600000 0.66346133
vt 0.00600000 0.66175330
vt 0.00600000 0.66020799
vt 0.00600000 0.66020799
vt 0.00600000 0.66175330
vt 0.00600000 0.66053331
vt 0.00600000 0.65780866
vt 0.00600000 0.65780866
vt 0.00600000 0.66053331
vt 0.00600000 0.66008604
vt 0.00600000 0.65691400
vt 0.00600000 0.65691400
vt 0.00600000 0.66008604
vt 0.00600000 0.66053331
vt 0.00600000 0.65780866
vt 0.00600000 0.65780866
vt 0.00600000 0.66053331
vt 0.00600000 0.66175330
vt 0.00600000 0.66020799
vt 0.00600000 0.66020799
vt 0.00600000 0.66175330
vt 0.00600000 0.66346133
vt 0.00600000 0.66346133
vt 0.00600000 0.66346133
vt 0.00600000 0.66346133
vt 0.00600000 0.66976464
vt 0.00600000 0.66346133
vt 0.00600000 0.66976464
vt 0.00600000 0.67436004
vt 0.00600000 0.66346133
vt 0.00600000 0.67436004
vt 0.00600000 0.67602736
vt 0.00600000 0.66346133
vt 0.00600000 0.67602736
vt 0.00600000 0.67436004
vt 0.00600000 0.66346133
vt 0.00600000 0.67436004
vt 0.00600000 0.66976464
vt 0.00600000 0.66346133
vt 0.00600000 0.66976464
vt 0.00600000 0.66346133
vt 0.00600000 0.66346133
vt 0.00600000 0.66346133
vt 0.00600000 0.65715802
vt 0.00600000 0.66346133
vt 0.00600000 0.65715802
vt 0.00600000 0.65256268
vt 0.00600000 0.66346133
vt 0.00600000 0.65256268
vt 0.00600000 0.65089536
vt 0.00600000 0.66346133
vt 0.00600000 0.65089536
vt 0.00600000 0.65256268
vt 0.00600000 0.66346133
vt 0.00600000 0.65256268
vt 0.00600000 0.65715802
vt 0.00600000 0.66346133
vt 0.00600000 0.65715802
vt 0.00600000 0.66346133
vt 0.00600000 0.66346133
vt 0.00600000 0.66346133
vt 0.00600000 0.66516936
vt 0.00600000 0.66516936
vt 0.00600000 0.66346133
vt 0.00600000 0.66638935
vt 0.00600000 0.66638935
vt 0.00600000 0.66346133
vt 0.00600000 0.66683668
vt 0.00600000 0.66683668
vt 0.00600000 0.66346133
vt 0.00600000 0.66638935
vt 0.00600000 0.66638935
vt 0.00600000 0.66346133
vt 0.00600000 0.66516936
vt 0.00600000 0.66516936
vt 0.00600000 0.66346133
vt 0.00600000 0.66346133
vt 0.00600000 0.66346133
vt 0.00600000 0.66346133
vt 0.00600000 0.66175330
vt 0.00600000 0.66175330
vt 0.00600000 0.66346133
vt 0.00600000 0.66053331
vt 0.00600000 0.66053331
vt 0.00600000 0.66346133
vt 0.00600000 0.66008604
vt 0.00600000 0.66008604
vt 0.00600000 0.66346133
vt 0.00600000 0.66053331
vt 0.00600000 0.66053331
vt 0.00600000 0.66346133
vt 0.00600000 0.66175330
vt 0.00600000 0.66175330
vt 0.00600000 0.66346133
vt 0.00600000 0.66346133
vt 0.49399999 0.66346133
vt 0.49399999 0.66976464
vt 0.49399999 0.66838205
vt 0.49399999 0.66346133
vt 0.49399999 0.66976464
vt 0.49399999 0.67436004
vt 0.49399999 0.67196071
vt 0.49399999 0.66838205
vt 0.49399999 0.67436004
vt 0.49399999 0.67602736
vt 0.49399999 0.67326200
vt 0.49399999 0.67196071
vt 0.49399999 0.67602736
vt 0.49399999 0.67436004
vt 0.49399999 0.67196071
vt 0.49399999 0.67326200
vt 0.49399999 0.67436004
vt 0.49399999 0.66976464
vt 0.49399999 0.66838205
vt 0.49399999 0.67196071
vt 0.49399999 0.66976464
vt 0.49399999 0.66346133
vt 0.49399999 0.66346133
vt 0.49399999 0.66838205
vt 0.49399999 0.66346133
vt 0.49399999 0.65715802
vt 0.49399999 0.65854067
vt 0.49399999 0.66346133
vt 0.49399999 0.65715802
vt 0.49399999 0.65256268
vt 0.49399999 0.65496200
vt 0.49399999 0.65854067
vt 0.49399999 0.65256268
vt 0.49399999 0.65089536
vt 0.49399999 0.65366066
vt 0.49399999 0.65496200
vt 0.49399999 0.65089536
vt 0.49399999 0.65256268
vt 0.49399999 0.65496200
vt 0.49399999 0.65366066
vt 0.49399999 0.65256268
vt 0.49399999 0.65715802
vt 0.49399999 0.65854067
vt 0.49399999 0.65496200
vt 0.49399999 0.65715802
vt 0.49399999 0.66346133
vt 0.49399999 0.66346133
vt 0.49399999 0.65854067
vt 0.49399999 0.66346133
vt 0.49399999 0.66838205
vt 0.49399999 0.66671467
vt 0.49399999 0.66346133
vt 0.49399999 0.66838205
vt 0.49399999 0.67196071
vt 0.49399999 0.66911399
vt 0.49399999 0.66671467
vt 0.49399999 0.67196071
vt 0.49399999 0.67326200
vt 0.49399999 0.67000866
vt 0.49399999 0.66911399
vt 0.49399999 0.67326200
vt 0.49399999 0.67196071
vt 0.49399999 0.66911399
vt 0.49399999 0.67000866
vt 0.49399999 0.67196071
vt 0.49399999 0.66838205
vt 0.49399999 0.66671467
vt 0.49399999 0.66911399
vt 0.49399999 0.66838205
vt 0.49399999 0.66346133
vt 0.49399999 0.66346133
vt 0.49399999 0.66671467
vt 0.49399999 0.66346133
vt 0.49399999 0.65854067
vt 0.49399999 0.66020799
vt 0.49399999 0.66346133
vt 0.49399999 0.65854067
vt 0.49399999 0.65496200
vt 0.49399999 0.65780866
vt 0.49399999 0.66020799
vt 0.49399999 0.65496200
vt 0.49399999 0.65366066
vt 0.49399999 0.65691400
vt 0.49399999 0.65780866
vt 0.49399999 0.65366066
vt 0.49399999 0.65496200
vt 0.49399999 0.65780866
vt 0.49399999 0.65691400
vt 0.49399999 0.65496200
vt 0.49399999 0.65854067
vt 0.49399999 0.66020799
vt 0.49399999 0.65780866
vt 0.49399999 0.65854067
vt 0.49399999 0.66346133
vt 0.49399999 0.66346133
vt 0.49399999 0.66020799
vt 0.49399999 0.66346133
vt 0.49399999 0.66671467
vt 0.49399999 0.66516936
vt 0.49399999 0.66346133
vt 0.49399999 0.66671467
vt 0.49399999 0.66911399
vt 0.49399999 0.66638935
vt 0.49399999 0.66516936
vt 0.49399999 0.66911399
vt 0.49399999 0.67000866
vt 0.49399999 0.66683668
vt 0.49399999 0.66638935
vt 0.49399999 0.67000866
vt 0.49399999 0.66911399
vt 0.49399999 0.66638935
vt 0.49399999 0.66683668
vt 0.49399999 0.66911399
vt 0.49399999 0.66671467
vt 0.49399999 0.66516936
vt 0.49399999 0.66638935
vt 0.49399999 0.66671467
vt 0.49399999 0.66346133
vt 0.49399999 0.66346133
vt 0.49399999 0.66516936
vt 0.49399999 0.66346133
vt 0.49399999 0.66020799
vt 0.49399999 0.66175330
vt 0.49399999 0.66346133
vt 0.49399999 0.66020799
vt 0.49399999 0.65780866
vt 0.49399999 0.66053331
vt 0.49399999 0.66175330
vt 0.49399999 0.65780866
vt 0.49399999 0.65691400
vt 0.49399999 0.66008604
vt 0.49399999 0.66053331
vt 0.49399999 0.65691400
vt 0.49399999 0.65780866
vt 0.49399999 0.66053331
vt 0.49399999 0.66008604
vt 0.49399999 0.65780866
vt 0.49399999 0.66020799
vt 0.49399999 0.66175330
vt 0.49399999 0.66053331
vt 0.49399999 0.66020799
vt 0.49399999 0.66346133
vt 0.49399999 0.66346133
vt 0.49399999 0.66175330
vt 0.49399999 0.66346133
vt 0.49399999 0.66976464
vt 0.49399999 0.66346133
vt 0.49399999 0.66346133
vt 0.49399999 0.67436004
vt 0.49399999 0.66976464
vt 0.49399999 0.66346133
vt 0.49399999 0.67602736
vt 0.49399999 0.67436004
vt 0.49399999 0.66346133
vt 0.49399999 0.67436004
vt 0.49399999 0.67602736
vt 0.49399999 0.66346133
vt 0.49399999 0.66976464
vt 0.49399999 0.67436004
vt 0.49399999 0.66346133
vt 0.49399999 0.66346133
vt 0.49399999 0.66976464
vt 0.49399999 0.66346133
vt 0.49399999 0.65715802
vt 0.49399999 0.66346133
vt 0.49399999 0.66346133
vt 0.49399999 0.65256268
vt 0.49399999 0.65715802
vt 0.49399999 0.66346133
vt 0.49399999 0.65089536
vt 0.49399999 0.65256268
vt 0.49399999 0.66346133
vt 0.49399999 0.65256268
vt 0.49399999 0.65089536
vt 0.49399999 0.66346133
vt 0.49399999 0.65715802
vt 0.49399999 0.65256268
vt 0.49399999 0.66346133
vt 0.49399999 0.66346133
vt 0.49399999 0.65715802
vt 0.49399999 0.66346133
vt 0.49399999 0.66516936
vt 0.49399999 0.66346133
vt 0.49399999 0.66516936
vt 0.49399999 0.66638935
vt 0.49399999 0.66346133
vt 0.49399999 0.66638935
vt 0.49399999 0.66683668
vt 0.49399999 0.66346133
vt 0.49399999 0.66683668
vt 0.49399999 0.66638935
vt 0.49399999 0.66346133
vt 0.49399999 0.66638935
vt 0.49399999 0.66516936
vt 0.49399999 0.66346133
vt 0.49399999 0.66516936
vt 0.49399999 0.66346133
vt 0.49399999 0.66346133
vt 0.49399999 0.66346133
vt 0.49399999 0.66175330
vt 0.49399999 0.66346133
vt 0.49399999 0.66175330
vt 0.49399999 0.66053331
vt 0.49399999 0.66346133
vt 0.49399999 0.66053331
vt 0.49399999 0.66008604
vt 0.49399999 0.66346133
vt 0.49399999 0.66008604
vt 0.49399999 0.66053331
vt 0.49399999 0.66346133
vt 0.49399999 0.66053331
vt 0.49399999 0.66175330
vt 0.49399999 0.66346133
vt 0.49399999 0.66175330
vt 0.49399999 0.66346133
vt 0.49399999 0.66346133
vt 0.00600000 0.66346133
vt 0.00600000 0.66346133
vt 0.00600000 0.66838205
vt 0.00600000 0.66976464
vt 0.00600000 0.66976464
vt 0.00600000 0.66838205
vt 0.00600000 0.67196071
vt 0.00600000 0.67436004
vt 0.00600000 0.67436004
vt 0.00600000 0.67196071
vt 0.00600000 0.67326200
vt 0.00600000 0.67602736
vt 0.00600000 0.67602736
vt 0.00600000 0.67326200
vt 0.00600000 0.67196071
vt 0.00600000 0.67436004
vt 0.00600000 0.67436004
vt 0.00600000 0.67196071
vt 0.00600000 0.66838205
vt 0.00600000 0.66976464
vt 0.00600000 0.66976464
vt 0.00600000 0.66838205
vt 0.00600000 0.66346133
vt 0.00600000 0.66346133
vt 0.00600000 0.66346133
vt 0.00600000 0.66346133
vt 0.00600000 0.65854067
vt 0.00600000 0.65715802
vt 0.00600000 0.65715802
vt 0.00600000 0.65854067
vt 0.00600000 0.65496200
vt 0.00600000 0.65256268
vt 0.00600000 0.65256268
vt 0.00600000 0.65496200
vt 0.00600000 0.65366066
vt 0.00600000 0.65089536
vt 0.00600000 0.65089536
vt 0.00600000 0.65366066
vt 0.00600000 0.65496200
vt 0.00600000 0.65256268
vt 0.00600000 0.65256268
vt 0.00600000 0.65496200
vt 0.00600000 0.65854067
vt 0.00600000 0.65715802
vt 0.00600000 0.65715802
vt 0.00600000 0.65854067
vt 0.00600000 0.66346133
vt 0.00600000 0.66346133
vt 0.00600000 0.66346133
vt 0.00600000 0.66346133
vt 0.00600000 0.66671467
vt 0.00600000 0.66838205
vt 0.00600000 0.66838205
vt 0.00600000 0.66671467
vt 0.00600000 0.66911399
vt 0.00600000 0.67196071
vt 0.00600000 0.67196071
vt 0.00600000 0.66911399
vt 0.00600000 0.67000866
vt 0.00600000 0.67326200
vt 0.00600000 0.67326200
vt 0.00600000 0.67000866
vt 0.00600000 0.66911399
vt 0.00600000 0.67196071
vt 0.00600000 0.67196071
vt 0.00600000 0.66911399
vt 0.00600000 0.66671467
vt 0.00600000 0.66838205
vt 0.00600000 0.66838205
vt 0.00600000 0.66671467
vt 0.00600000 0.66346133
vt 0.00600000 0.66346133
vt 0.00600000 0.66346133
vt 0.00600000 0.66346133
vt 0.00600000 0.66020799
vt 0.00600000 0.65854067
vt 0.00600000 0.65854067
vt 0.00600000 0.66020799
vt 0.00600000 0.65780866
vt 0.00600000 0.65496200
vt 0.00600000 0.65496200
vt 0.00600000 0.65780866
vt 0.00600000 0.65691400
vt 0.00600000 0.65366066
vt 0.00600000 0.65366066
vt 0.00600000 0.65691400
vt 0.00600000 0.65780866
vt 0.00600000 0.65496200
vt 0.00600000 0.65496200
vt 0.00600000 0.65780866
vt 0.00600000 0.66020799
vt 0.00600000 0.65854067
vt 0.00600000 0.65854067
vt 0.00600000 0.66020799
vt 0.00600000 0.66346133
vt 0.00600000 0.66346133
vt 0.00600000 0.66346133
vt 0.00600000 0.66346133
vt 0.00600000 0.66516936
vt 0.00600000 0.66671467
vt 0.00600000 0.66671467
vt 0.00600000 0.66516936
vt 0.00600000 0.66638935
vt 0.00600000 0.66911399
vt 0.00600000 0.66911399
vt 0.00600000 0.66638935
vt 0.00600000 0.66683668
vt 0.00600000 0.67000866
vt 0.00600000 0.67000866
vt 0.00600000 0.66683668
vt 0.00600000 0.66638935
vt 0.00600000 0.66911399
vt 0.00600000 0.66911399
vt 0.00600000 0.66638935
vt 0.00600000 0.66516936
vt 0.00600000 0.66671467
vt 0.00600000 0.66671467
vt 0.00600000 0.66516936
vt 0.00600000 0.66346133
vt 0.00600000 0.66346133
vt 0.00600000 0.66346133
vt 0.00600000 0.66346133
vt 0.00600000 0.66175330
vt 0.00600000 0.66020799
vt 0.00600000 0.66020799
vt 0.00600000 0.66175330
vt 0.00600000 0.66053331
vt 0.00600000 0.65780866
vt 0.00600000 0.65780866
vt 0.00600000 0.66053331
vt 0.00600000 0.66008604
vt 0.00600000 0.65691400
vt 0.00600000 0.65691400
vt 0.00600000 0.66008604
vt 0.00600000 0.66053331
vt 0.00600000 0.65780866
vt 0.00600000 0.65780866
vt 0.00600000 0.66053331
vt 0.00600000 0.66175330
vt 0.00600000 0.66020799
vt 0.00600000 0.66020799
vt 0.00600000 0.66175330
vt 0.00600000 0.66346133
vt 0.00600000 0.66346133
vt 0.00600000 0.66346133
vt 0.00600000 0.66346133
vt 0.00600000 0.66976464
vt 0.00600000 0.66346133
vt 0.00600000 0.66976464
vt 0.00600000 0.67436004
vt 0.00600000 0.66346133
vt 0.00600000 0.67436004
vt 0.00600000 0.67602736
vt 0.00600000 0.66346133
vt 0.00600000 0.67602736
vt 0.00600000 0.67436004
vt 0.00600000 0.66346133
vt 0.00600000 0.67436004
vt 0.00600000 0.66976464
vt 0.00600000 0.66346133
vt 0.00600000 0.66976464
vt 0.00600000 0.66346133
vt 0.00600000 0.66346133
vt 0.00600000 0.66346133
vt 0.00600000 0.65715802
vt 0.00600000 0.66346133
vt 0.00600000 0.65715802
vt 0.00600000 0.65256268
vt 0.00600000 0.66346133
vt 0.00600000 0.65256268
vt 0.00600000 0.65089536
vt 0.00600000 0.66346133
vt 0.00600000 0.65089536
vt 0.00600000 0.65256268
vt 0.00600000 0.66346133
vt 0.00600000 0.65256268
vt 0.00600000 0.65715802
vt 0.00600000 0.66346133
vt 0.00600000 0.65715802
vt 0.00600000 0.66346133
vt 0.00600000 0.66346133
vt 0.00600000 0.66346133
vt 0.00600000 0.66516936
vt 0.00600000 0.66516936
vt 0.00600000 0.66346133
vt 0.00600000 0.66638935
vt 0.00600000 0.66638935
vt 0.00600000 0.66346133
vt 0.00600000 0.66683668
vt 0.00600000 0.66683668
vt 0.00600000 0.66346133
vt 0.00600000 0.66638935
vt 0.00600000 0.66638935
vt 0.00600000 0.66346133
vt 0.00600000 0.66516936
vt 0.00600000 0.66516936
vt 0.00600000 0.66346133
vt 0.00600000 0.66346133
vt 0.00600000 0.66346133
vt 0.00600000 0.66346133
vt 0.00600000 0.66175330
vt 0.00600000 0.66175330
vt 0.00600000 0.66346133
vt 0.00600000 0.66053331
vt 0.00600000 0.66053331
vt 0.00600000 0.66346133
vt 0.00600000 0.66008604
vt 0.00600000 0.66008604
vt 0.00600000 0.66346133
vt 0.00600000 0.66053331
vt 0.00600000 0.66053331
vt 0.00600000 0.66346133
vt 0.00600000 0.66175330
vt 0.00600000 0.66175330
vt 0.00600000 0.66346133
vt 0.00600000 0.66346133
vt 0.49399999 0.66346133
vt 0.49399999 0.66976464
vt 0.49399999 0.66838205
vt 0.49399999 0.66346133
vt 0.49399999 0.66976464
vt 0.49399999 0.67436004
vt 0.49399999 0.67196071
vt 0.49399999 0.66838205
vt 0.49399999 0.67436004
vt 0.49399999 0.67602736
vt 0.49399999 0.67326200
vt 0.49399999 0.67196071
vt 0.49399999 0.67602736
vt 0.49399999 0.67436004
vt 0.49399999 0.67196071
vt 0.49399999 0.67326200
vt 0.49399999 0.67436004
vt 0.49399999 0.66976464
vt 0.49399999 0.66838205
vt 0.49399999 0.67196071
vt 0.49399999 0.66976464
vt 0.49399999 0.66346133
vt 0.49399999 0.66346133
vt 0.49399999 0.66838205
vt 0.49399999 0.66346133
vt 0.49399999 0.65715802
vt 0.49399999 0.65854067
vt 0.49399999 0.66346133
vt 0.49399999 0.65715802
vt 0.49399999 0.65256268
vt 0.49399999 0.65496200
vt 0.49399999 0.65854067
vt 0.49399999 0.65256268
vt 0.49399999 0.65089536
vt 0.49399999 0.65366066
vt 0.49399999 0.65496200
vt 0.49399999 0.65089536
vt 0.49399999 0.65256268
vt 0.49399999 0.65496200
vt 0.49399999 0.65366066
vt 0.49399999 0.65256268
vt 0.49399999 0.65715802
vt 0.49399999 0.65854067
vt 0.49399999 0.65496200
vt 0.49399999 0.65715802
vt 0.49399999 0.66346133
vt 0.49399999 0.66346133
vt 0.49399999 0.65854067
vt 0.49399999 0.66346133
vt 0.49399999 0.66838205
vt 0.49399999 0.66671467
vt 0.49399999 0.66346133
vt 0.49399999 0.66838205
vt 0.49399999 0.67196071
vt 0.49399999 0.66911399
vt 0.49399999 0.66671467
vt 0.49399999 0.67196071
vt 0.49399999 0.67326200
vt 0.49399999 0.67000866
vt 0.49399999 0.66911399
vt 0.49399999 0.67326200
vt 0.49399999 0.67196071
vt 0.49399999 0.66911399
vt 0.49399999 0.67000866
vt 0.49399999 0.67196071
vt 0.49399999 0.66838205
vt 0.49399999 0.66671467
vt 0.49399999 0.66911399
vt 0.49399999 0.66838205
vt 0.49399999 0.66346133
vt 0.49399999 0.66346133
vt 0.49399999 0.66671467
vt 0.49399999 0.66346133
vt 0.49399999 0.65854067
vt 0.49399999 0.66020799
vt 0.49399999 0.66346133
vt 0.49399999 0.65854067
vt 0.49399999 0.65496200
vt 0.49399999 0.65780866
vt 0.49399999 0.66020799
vt 0.49399999 0.65496200
vt 0.49399999 0.65366066
vt 0.49399999 0.65691400
vt 0.49399999 0.65780866
vt 0.49399999 0.65366066
vt 0.49399999 0.65496200
vt 0.49399999 0.65780866
vt 0.49399999 0.65691400
vt 0.49399999 0.65496200
vt 0.49399999 0.65854067
vt 0.49399999 0.66020799
vt 0.49399999 0.65780866
vt 0.49399999 0.65854067
vt 0.49399999 0.66346133
vt 0.49399999 0.66346133
vt 0.49399999 0.66020799
vt 0.49399999 0.66346133
vt 0.49399999 0.66671467
vt 0.49399999 0.66516936
vt 0.49399999 0.66346133
vt 0.49399999 0.66671467
vt 0.49399999 0.66911399
vt 0.49399999 0.66638935
vt 0.49399999 0.66516936
vt 0.49399999 0.66911399
vt 0.49399999 0.67000866
vt 0.49399999 0.66683668
vt 0.49399999 0.66638935
vt 0.49399999 0.67000866
vt 0.49399999 0.66911399
vt 0.49399999 0.66638935
vt 0.49399999 0.66683668
vt 0.49399999 0.66911399
vt 0.49399999 0.66671467
vt 0.49399999 0.66516936
vt 0.49399999 0.66638935
vt 0.49399999 0.66671467
vt 0.49399999 0.66346133
vt 0.49399999 0.66346133
vt 0.49399999 0.66516936
vt 0.49399999 0.66346133
vt 0.49399999 0.66020799
vt 0.49399999 0.66175330
vt 0.49399999 0.66346133
vt 0.49399999 0.66020799
vt 0.49399999 0.65780866
vt 0.49399999 0.66053331
vt 0.49399999 0.66175330
vt 0.49399999 0.65780866
vt 0.49399999 0.65691400
vt 0.49399999 0.66008604
vt 0.49399999 0.66053331
vt 0.49399999 0.65691400
vt 0.49399999 0.65780866
vt 0.49399999 0.66053331
vt 0.49399999 0.66008604
vt 0.49399999 0.65780866
vt 0.49399999 0.66020799
vt 0.49399999 0.66175330
vt 0.49399999 0.66053331
vt 0.49399999 0.66020799
vt 0.49399999 0.66346133
vt 0.49399999 0.66346133
vt 0.49399999 0.66175330
vt 0.49399999 0.66346133
vt 0.49399999 0.66976464
vt 0.49399999 0.66346133
vt 0.49399999 0.66346133
vt 0.49399999 0.67436004
vt 0.49399999 0.66976464
vt 0.49399999 0.66346133
vt 0.49399999 0.67602736
vt 0.49399999 0.67436004
vt 0.49399999 0.66346133
vt 0.49399999 0.67436004
vt 0.49399999 0.67602736
vt 0.49399999 0.66346133
vt 0.49399999 0.66976464
vt 0.49399999 0.67436004
vt 0.49399999 0.66346133
vt 0.49399999 0.66346133
vt 0.49399999 0.66976464
vt 0.49399999 0.66346133
vt 0.49399999 0.65715802
vt 0.49399999 0.66346133
vt 0.49399999 0.66346133
vt 0.49399999 0.65256268
vt 0.49399999 0.65715802
vt 0.49399999 0.66346133
vt 0.49399999 0.65089536
vt 0.49399999 0.65256268
vt 0.49399999 0.66346133
vt 0.49399999 0.65256268
vt 0.49399999 0.65089536
vt 0.49399999 0.66346133
vt 0.49399999 0.65715802
vt 0.49399999 0.65256268
vt 0.49399999 0.66346133
vt 0.49399999 0.66346133
vt 0.49399999 0.65715802
vt 0.49399999 0.66346133
vt 0.49399999 0.66516936
vt 0.49399999 0.66346133
vt 0.49399999 0.66516936
vt 0.49399999 0.66638935
vt 0.49399999 0.66346133
vt 0.49399999 0.66638935
vt 0.49399999 0.66683668
vt 0.49399999 0.66346133
vt 0.49399999 0.66683668
vt 0.49399999 0.66638935
vt 0.49399999 0.66346133
vt 0.49399999 0.66638935
vt 0.49399999 0.66516936
vt 0.49399999 0.66346133
vt 0.49399999 0.66516936
vt 0.49399999 0.66346133
vt 0.49399999 0.66346133
vt 0.49399999 0.66346133
vt 0.49399999 0.66175330
vt 0.49399999 0.66346133
vt 0.49399999 0.66175330
vt 0.49399999 0.66053331
vt 0.49399999 0.66346133
vt 0.49399999 0.66053331
vt 0.49399999 0.66008604
vt 0.49399999 0.66346133
vt 0.49399999 0.66008604
vt 0.49399999 0.66053331
vt 0.49399999 0.66346133
vt 0.49399999 0.66053331
vt 0.49399999 0.66175330
vt 0.49399999 0.66346133
vt 0.49399999 0.66175330
vt 0.49399999 0.66346133
vt 0.49399999 0.66346133
vt 0.00600000 0.66346133
vt 0.00600000 0.66346133
vt 0.00600000 0.66838205
vt 0.00600000 0.66976464
vt 0.00600000 0.66976464
vt 0.00600000 0.66838205
vt 0.00600000 0.67196071
vt 0.00600000 0.67436004
vt 0.00600000 0.67436004
vt 0.00600000 0.67196071
vt 0.00600000 0.67326200
vt 0.00600000 0.67602736
vt 0.00600000 0.67602736
vt 0.00600000 0.67326200
vt 0.00600000 0.67196071
vt 0.00600000 0.67436004
vt 0.00600000 0.67436004
vt 0.00600000 0.67196071
vt 0.00600000 0.66838205
vt 0.00600000 0.66976464
vt 0.00600000 0.66976464
vt 0.00600000 0.66838205
vt 0.00600000 0.66346133
vt 0.00600000 0.66346133
vt 0.00600000 0.66346133
vt 0.00600000 0.66346133
vt 0.00600000 0.65854067
vt 0.00600000 0.65715802
vt 0.00600000 0.65715802
vt 0.00600000 0.65854067
vt 0.00600000 0.65496200
vt 0.00600000 0.65256268
vt 0.00600000 0.65256268
vt 0.00600000 0.65496200
vt 0.00600000 0.65366066
vt 0.00600000 0.65089536
vt 0.00600000 0.65089536
vt 0.00600000 0.65366066
vt 0.00600000 0.65496200
vt 0.00600000 0.65256268
vt 0.00600000 0.65256268
vt 0.00600000 0.65496200
vt 0.00600000 0.65854067
vt 0.00600000 0.65715802
vt 0.00600000 0.65715802
vt 0.00600000 0.65854067
vt 0.00600000 0.66346133
vt 0.00600000 0.66346133
vt 0.00600000 0.66346133
vt 0.00600000 0.66346133
vt 0.00600000 0.66671467
vt 0.00600000 0.66838205
vt 0.00600000 0.66838205
vt 0.00600000 0.66671467
vt 0.00600000 0.66911399
vt 0.00600000 0.67196071
vt 0.00600000 0.67196071
vt 0.00600000 0.66911399
vt 0.00600000 0.67000866
vt 0.00600000 0.67326200
vt 0.00600000 0.67326200
vt 0.00600000 0.67000866
vt 0.00600000 0.66911399
vt 0.00600000 0.67196071
vt 0.00600000 0.67196071
vt 0.00600000 0.66911399
vt 0.00600000 0.66671467
vt 0.00600000 0.66838205
vt 0.00600000 0.66838205
vt 0.00600000 0.66671467
vt 0.00600000 0.66346133
vt 0.00600000 0.66346133
vt 0.00600000 0.66346133
vt 0.00600000 0.66346133
vt 0.00600000 0.66020799
vt 0.00600000 0.65854067
vt 0.00600000 0.65854067
vt 0.00600000 0.66020799
vt 0.00600000 0.65780866
vt 0.00600000 0.65496200
vt 0.00600000 0.65496200
vt 0.00600000 0.65780866
vt 0.00600000 0.65691400
vt 0.00600000 0.65366066
vt 0.00600000 0.65366066
vt 0.00600000 0.65691400
vt 0.00600000 0.65780866
vt 0.00600000 0.65496200
vt 0.00600000 0.65496200
vt 0.00600000 0.65780866
vt 0.00600000 0.66020799
vt 0.00600000 0.65854067
vt 0.00600000 0.65854067
vt 0.00600000 0.66020799
vt 0.00600000 0.66346133
vt 0.00600000 0.66346133
vt 0.00600000 0.66346133
vt 0.00600000 0.66346133
vt 0.00600000 0.66516936
vt 0.00600000 0.66671467
vt 0.00600000 0.66671467
vt 0.00600000 0.66516936
vt 0.00600000 0.66638935
vt 0.00600000 0.66911399
vt 0.00600000 0.66911399
vt 0.00600000 0.66638935
vt 0.00600000 0.66683668
vt 0.00600000 0.67000866
vt 0.00600000 0.67000866
vt 0.00600000 0.66683668
vt 0.00600000 0.66638935
vt 0.00600000 0.66911399
vt 0.00600000 0.66911399
vt 0.00600000 0.66638935
vt 0.00600000 0.66516936
vt 0.00600000 0.66671467
vt 0.00600000 0.66671467
vt 0.00600000 0.66516936
vt 0.00600000 0.66346133
vt 0.00600000 0.66346133
vt 0.00600000 0.66346133
vt 0.00600000 0.66346133
vt 0.00600000 0.66175330
vt 0.00600000 0.66020799
vt 0.00600000 0.66020799
vt 0.00600000 0.66175330
vt 0.00600000 0.66053331
vt 0.00600000 0.65780866
vt 0.00600000 0.65780866
vt 0.00600000 0.66053331
vt 0.00600000 0.66008604
vt 0.00600000 0.65691400
vt 0.00600000 0.65691400
vt 0.00600000 0.66008604
vt 0.00600000 0.66053331
vt 0.00600000 0.65780866
vt 0.00600000 0.65780866
vt 0.00600000 0.66053331
vt 0.00600000 0.66175330
vt 0.00600000 0.66020799
vt 0.00600000 0.66020799
vt 0.00600000 0.66175330
vt 0.00600000 0.66346133
vt 0.00600000 0.66346133
vt 0.00600000 0.66346133
vt 0.00600000 0.66346133
vt 0.00600000 0.66976464
vt 0.00600000 0.66346133
vt 0.00600000 0.66976464
vt 0.00600000 0.67436004
vt 0.00600000 0.66346133
vt 0.00600000 0.67436004
vt 0.00600000 0.67602736
vt 0.00600000 0.66346133
vt 0.00600000 0.67602736
vt 0.00600000 0.67436004
vt 0.00600000 0.66346133
vt 0.00600000 0.67436004
vt 0.00600000 0.66976464
vt 0.00600000 0.66346133
vt 0.00600000 0.66976464
vt 0.00600000 0.66346133
vt 0.00600000 0.66346133
vt 0.00600000 0.66346133
vt 0.00600000 0.65715802
vt 0.00600000 0.66346133
vt 0.00600000 0.65715802
vt 0.00600000 0.65256268
vt 0.00600000 0.66346133
vt 0.00600000 0.65256268
vt 0.00600000 0.65089536
vt 0.00600000 0.66346133
vt 0.00600000 0.65089536
vt 0.00600000 0.65256268
vt 0.00600000 0.66346133
vt 0.00600000 0.65256268
vt 0.00600000 0.65715802
vt 0.00600000 0.66346133
vt 0.00600000 0.65715802
vt 0.00600000 0.66346133
vt 0.00600000 0.66346133
vt 0.00600000 0.66346133
vt 0.00600000 0.66516936
vt 0.00600000 0.66516936
vt 0.00600000 0.66346133
vt 0.00600000 0.66638935
vt 0.00600000 0.66638935
vt 0.00600000 0.66346133
vt 0.00600000 0.66683668
vt 0.00600000 0.66683668
vt 0.00600000 0.66346133
vt 0.00600000 0.66638935
vt 0.00600000 0.66638935
vt 0.00600000 0.66346133
vt 0.00600000 0.66516936
vt 0.00600000 0.66516936
vt 0.00600000 0.66346133
vt 0.00600000 0.66346133
vt 0.00600000 0.66346133
vt 0.00600000 0.66346133
vt 0.00600000 0.66175330
vt 0.00600000 0.66175330
vt 0.00600000 0.66346133
vt 0.00600000 0.66053331
vt 0.00600000 0.66053331
vt 0.00600000 0.66346133
vt 0.00600000 0.66008604
vt 0.00600000 0.66008604
vt 0.00600000 0.66346133
vt 0.00600000 0.66053331
vt 0.00600000 0.66053331
vt 0.00600000 0.66346133
vt 0.00600000 0.66175330
vt 0.00600000 0.66175330
vt 0.00600000 0.66346133
vt 0.00600000 0.66346133
vt 0.49399999 0.66346133
vt 0.49399999 0.66976464
vt 0.49399999 0.66838205
vt 0.49399999 0.66346133
vt 0.49399999 0.66976464
vt 0.49399999 0.67436004
vt 0.49399999 0.67196071
vt 0.49399999 0.66838205
vt 0.49399999 0.67436004
vt 0.49399999 0.67602736
vt 0.49399999 0.67326200
vt 0.49399999 0.67196071
vt 0.49399999 0.67602736
vt 0.49399999 0.67436004
vt 0.49399999 0.67196071
vt 0.49399999 0.67326200
vt 0.49399999 0.67436004
vt 0.49399999 0.66976464
vt 0.49399999 0.66838205
vt 0.49399999 0.67196071
vt 0.49399999 0.66976464
vt 0.49399999 0.66346133
vt 0.49399999 0.66346133
vt 0.49399999 0.66838205
vt 0.49399999 0.66346133
vt 0.49399999 0.65715802
vt 0.49399999 0.65854067
vt 0.49399999 0.66346133
vt 0.49399999 0.65715802
vt 0.49399999 0.65256268
vt 0.49399999 0.65496200
vt 0.49399999 0.65854067
vt 0.49399999 0.65256268
vt 0.49399999 0.65089536
vt 0.49399999 0.65366066
vt 0.49399999 0.65496200
vt 0.49399999 0.65089536
vt 0.49399999 0.65256268
vt 0.49399999 0.65496200
vt 0.49399999 0.65366066
vt 0.49399999 0.65256268
vt 0.49399999 0.65715802
vt 0.49399999 0.65854067
vt 0.49399999 0.65496200
vt 0.49399999 0.65715802
vt 0.49399999 0.66346133
vt 0.49399999 0.66346133
vt 0.49399999 0.65854067
vt 0.49399999 0.66346133
vt 0.49399999 0.66838205
vt 0.49399999 0.66671467
vt 0.49399999 0.66346133
vt 0.49399999 0.66838205
vt 0.49399999 0.67196071
vt 0.49399999 0.66911399
vt 0.49399999 0.66671467
vt 0.49399999 0.67196071
vt 0.49399999 0.67326200
vt 0.49399999 0.67000866
vt 0.49399999 0.66911399
vt 0.49399999 0.67326200
vt 0.49399999 0.67196071
vt 0.49399999 0.66911399
vt 0.49399999 0.67000866
vt 0.49399999 0.67196071
vt 0.49399999 0.66838205
vt 0.49399999 0.66671467
vt 0.49399999 0.66911399
vt 0.49399999 0.66838205
vt 0.49399999 0.66346133
vt 0.49399999 0.66346133
vt 0.49399999 0.66671467
vt 0.49399999 0.66346133
vt 0.49399999 0.65854067
vt 0.49399999 0.66020799
vt 0.49399999 0.66346133
vt 0.49399999 0.65854067
vt 0.49399999 0.65496200
vt 0.49399999 0.65780866
vt 0.49399999 0.66020799
vt 0.49399999 0.65496200
vt 0.49399999 0.65366066
vt 0.49399999 0.65691400
vt 0.49399999 0.65780866
vt 0.49399999 0.65366066
vt 0.49399999 0.65496200
vt 0.49399999 0.65780866
vt 0.49399999 0.65691400
vt 0.49399999 0.65496200
vt 0.49399999 0.65854067
vt 0.49399999 0.66020799
vt 0.49399999 0.65780866
vt 0.49399999 0.65854067
vt 0.49399999 0.66346133
vt 0.49399999 0.66346133
vt 0.49399999 0.66020799
vt 0.49399999 0.66346133
vt 0.49399999 0.66671467
vt 0.49399999 0.66516936
vt 0.49399999 0.66346133
vt 0.49399999 0.66671467
vt 0.49399999 0.66911399
vt 0.49399999 0.66638935
vt 0.49399999 0.66516936
vt 0.49399999 0.66911399
vt 0.49399999 0.67000866
vt 0.49399999 0.66683668
vt 0.49399999 0.66638935
vt 0.49399999 0.67000866
vt 0.49399999 0.66911399
vt 0.49399999 0.66638935
vt 0.49399999 0.66683668
vt 0.49399999 0.66911399
vt 0.49399999 0.66671467
vt 0.49399999 0.66516936
vt 0.49399999 0.66638935
vt 0.49399999 0.66671467
vt 0.49399999 0.66346133
vt 0.49399999 0.66346133
vt 0.49399999 0.66516936
vt 0.49399999 0.66346133
vt 0.49399999 0.66020799
vt 0.49399999 0.66175330
vt 0.49399999 0.66346133
vt 0.49399999 0.66020799
vt 0.49399999 0.65780866
vt 0.49399999 0.66053331
vt 0.49399999 0.66175330
vt 0.49399999 0.65780866
vt 0.49399999 0.65691400
vt 0.49399999 0.66008604
vt 0.49399999 0.66053331
vt 0.49399999 0.65691400
vt 0.49399999 0.65780866
vt 0.49399999 0.66053331
vt 0.49399999 0.66008604
vt 0.49399999 0.65780866
vt 0.49399999 0.66020799
vt 0.49399999 0.66175330
vt 0.49399999 0.66053331
vt 0.49399999 0.66020799
vt 0.49399999 0.66346133
vt 0.49399999 0.66346133
vt 0.49399999 0.66175330
vt 0.49399999 0.66346133
vt 0.49399999 0.66976464
vt 0.49399999 0.66346133
vt 0.49399999 0.66346133
vt 0.49399999 0.67436004
vt 0.49399999 0.66976464
vt 0.49399999 0.66346133
vt 0.49399999 0.67602736
vt 0.49399999 0.67436004
vt 0.49399999 0.66346133
vt 0.49399999 0.67436004
vt 0.49399999 0.67602736
vt 0.49399999 0.66346133
vt 0.49399999 0.66976464
vt 0.49399999 0.67436004
vt 0.49399999 0.66346133
vt 0.49399999 0.66346133
vt 0.49399999 0.66976464
vt 0.49399999 0.66346133
vt 0.49399999 0.65715802
vt 0.49399999 0.66346133
vt 0.49399999 0.66346133
vt 0.49399999 0.65256268
vt 0.49399999 0.65715802
vt 0.49399999 0.66346133
vt 0.49399999 0.65089536
vt 0.49399999 0.65256268
vt 0.49399999 0.66346133
vt 0.49399999 0.65256268
vt 0.49399999 0.65089536
vt 0.49399999 0.66346133
vt 0.49399999 0.65715802
vt 0.49399999 0.65256268
vt 0.49399999 0.66346133
vt 0.49399999 0.66346133
vt 0.49399999 0.65715802
vt 0.49399999 0.66346133
vt 0.49399999 0.66516936
vt 0.49399999 0.66346133
vt 0.49399999 0.66516936
vt 0.49399999 0.66638935
vt 0.49399999 0.66346133
vt 0.49399999 0.66638935
vt 0.49399999 0.66683668
vt 0.49399999 0.66346133
vt 0.49399999 0.66683668
vt 0.49399999 0.66638935
vt 0.49399999 0.66346133
vt 0.49399999 0.66638935
vt 0.49399999 0.66516936
vt 0.49399999 0.66346133
vt 0.49399999 0.66516936
vt 0.49399999 0.66346133
vt 0.49399999 0.66346133
vt 0.49399999 0.66346133
vt 0.49399999 0.66175330
vt 0.49399999 0.66346133
vt 0.49399999 0.66175330
vt 0.49399999 0.66053331
vt 0.49399999 0.66346133
vt 0.49399999 0.66053331
vt 0.49399999 0.66008604
vt 0.49399999 0.66346133
vt 0.49399999 0.66008604
vt 0.49399999 0.66053331
vt 0.49399999 0.66346133
vt 0.49399999 0.66053331
vt 0.49399999 0.66175330
vt 0.49399999 0.66346133
vt 0.49399999 0.66175330
vt 0.49399999 0.66346133
vt 0.49399999 0.66346133
vt 0.00600000 0.66346133
vt 0.00600000 0.66346133
vt 0.00600000 0.66838205
vt 0.00600000 0.66976464
vt 0.00600000 0.66976464
vt 0.00600000 0.66838205
vt 0.00600000 0.67196071
vt 0.00600000 0.67436004
vt 0.00600000 0.67436004
vt 0.00600000 0.67196071
vt 0.00600000 0.67326200
vt 0.00600000 0.67602736
vt 0.00600000 0.67602736
vt 0.00600000 0.67326200
vt 0.00600000 0.67196071
vt 0.00600000 0.67436004
vt 0.00600000 0.67436004
vt 0.00600000 0.67196071
vt 0.00600000 0.66838205
vt 0.00600000 0.66976464
vt 0.00600000 0.66976464
vt 0.00600000 0.66838205
vt 0.00600000 0.66346133
vt 0.00600000 0.66346133
vt 0.00600000 0.66346133
vt 0.00600000 0.66346133
vt 0.00600000 0.65854067
vt 0.00600000 0.65715802
vt 0.00600000 0.65715802
vt 0.00600000 0.65854067
vt 0.00600000 0.65496200
vt 0.00600000 0.65256268
vt 0.00600000 0.65256268
vt 0.00600000 0.65496200
vt 0.00600000 0.65366066
vt 0.00600000 0.65089536
vt 0.00600000 0.65089536
vt 0.00600000 0.65366066
vt 0.00600000 0.65496200
vt 0.00600000 0.65256268
vt 0.00600000 0.65256268
vt 0.00600000 0.65496200
vt 0.00600000 0.65854067
vt 0.00600000 0.65715802
vt 0.00600000 0.65715802
vt 0.00600000 0.65854067
vt 0.00600000 0.66346133
vt 0.00600000 0.66346133
vt 0.00600000 0.66346133
vt 0.00600000 0.66346133
vt 0.00600000 0.66671467
vt 0.00600000 0.66838205
vt 0.00600000 0.66838205
vt 0.00600000 0.66671467
vt 0.00600000 0.66911399
vt 0.00600000 0.67196071
vt 0.00600000 0.67196071
vt 0.00600000 0.66911399
vt 0.00600000 0.67000866
vt 0.00600000 0.67326200
vt 0.00600000 0.67326200
vt 0.00600000 0.67000866
vt 0.00600000 0.66911399
vt 0.00600000 0.67196071
vt 0.00600000 0.67196071
vt 0.00600000 0.66911399
vt 0.00600000 0.66671467
vt 0.00600000 0.66838205
vt 0.00600000 0.66838205
vt 0.00600000 0.66671467
vt 0.00600000 0.66346133
vt 0.00600000 0.66346133
vt 0.00600000 0.66346133
vt 0.00600000 0.66346133
vt 0.00600000 0.66020799
vt 0.00600000 0.65854067
vt 0.00600000 0.65854067
vt 0.00600000 0.66020799
vt 0.00600000 0.65780866
vt 0.00600000 0.65496200
vt 0.00600000 0.65496200
vt 0.00600000 0.65780866
vt 0.00600000 0.65691400
vt 0.00600000 0.65366066
vt 0.00600000 0.65366066
vt 0.00600000 0.65691400
vt 0.00600000 0.65780866
vt 0.00600000 0.65496200
vt 0.00600000 0.65496200
vt 0.00600000 0.65780866
vt 0.00600000 0.66020799
vt 0.00600000 0.65854067
vt 0.00600000 0.65854067
vt 0.00600000 0.66020799
vt 0.00600000 0.66346133
vt 0.00600000 0.66346133
vt 0.00600000 0.66346133
vt 0.00600000 0.66346133
vt 0.00600000 0.66516936
vt 0.00600000 0.66671467
vt 0.00600000 0.66671467
vt 0.00600000 0.66516936
vt 0.00600000 0.66638935
vt 0.00600000 0.66911399
vt 0.00600000 0.66911399
vt 0.00600000 0.66638935
vt 0.00600000 0.66683668
vt 0.00600000 0.67000866
vt 0.00600000 0.67000866
vt 0.00600000 0.66683668
vt 0.00600000 0.66638935
vt 0.00600000 0.66911399
vt 0.00600000 0.66911399
vt 0.00600000 0.66638935
vt 0.00600000 0.66516936
vt 0.00600000 0.66671467
vt 0.00600000 0.66671467
vt 0.00600000 0.66516936
vt 0.00600000 0.66346133
vt 0.00600000 0.66346133
vt 0.00600000 0.66346133
vt 0.00600000 0.66346133
vt 0.00600000 0.66175330
vt 0.00600000 0.66020799
vt 0.00600000 0.66020799
vt 0.00600000 0.66175330
vt 0.00600000 0.66053331
vt 0.00600000 0.65780866
vt 0.00600000 0.65780866
vt 0.00600000 0.66053331
vt 0.00600000 0.66008604
vt 0.00600000 0.65691400
vt 0.00600000 0.65691400
vt 0.00600000 0.66008604
vt 0.00600000 0.66053331
vt 0.00600000 0.65780866
vt 0.00600000 0.65780866
vt 0.00600000 0.66053331
vt 0.00600000 0.66175330
vt 0.00600000 0.66020799
vt 0.00600000 0.66020799
vt 0.00600000 0.66175330
vt 0.00600000 0.66346133
vt 0.00600000 0.66346133
vt 0.00600000 0.66346133
vt 0.00600000 0.66346133
vt 0.00600000 0.66976464
vt 0.00600000 0.66346133
vt 0.00600000 0.66976464
vt 0.00600000 0.67436004
vt 0.00600000 0.66346133
vt 0.00600000 0.67436004
vt 0.00600000 0.67602736
vt 0.00600000 0.66346133
vt 0.00600000 0.67602736
vt 0.00600000 0.67436004
vt 0.00600000 0.66346133
vt 0.00600000 0.67436004
vt 0.00600000 0.66976464
vt 0.00600000 0.66346133
vt 0.00600000 0.66976464
vt 0.00600000 0.66346133
vt 0.00600000 0.66346133
vt 0.00600000 0.66346133
vt 0.00600000 0.65715802
vt 0.00600000 0.66346133
vt 0.00600000 0.65715802
vt 0.00600000 0.65256268
vt 0.00600000 0.66346133
vt 0.00600000 0.65256268
vt 0.00600000 0.65089536
vt 0.00600000 0.66346133
vt 0.00600000 0.65089536
vt 0.00600000 0.65256268
vt 0.00600000 0.66346133
vt 0.00600000 0.65256268
vt 0.00600000 0.65715802
vt 0.00600000 0.66346133
vt 0.00600000 0.65715802
vt 0.00600000 0.66346133
vt 0.00600000 0.66346133
vt 0.00600000 0.66346133
vt 0.00600000 0.66516936
vt 0.00600000 0.66516936
vt 0.00600000 0.66346133
vt 0.00600000 0.66638935
vt 0.00600000 0.66638935
vt 0.00600000 0.66346133
vt 0.00600000 0.66683668
vt 0.00600000 0.66683668
vt 0.00600000 0.66346133
vt 0.00600000 0.66638935
vt 0.00600000 0.66638935
vt 0.00600000 0.66346133
vt 0.00600000 0.66516936
vt 0.00600000 0.66516936
vt 0.00600000 0.66346133
vt 0.00600000 0.66346133
vt 0.00600000 0.66346133
vt 0.00600000 0.66346133
vt 0.00600000 0.66175330
vt 0.00600000 0.66175330
vt 0.00600000 0.66346133
vt 0.00600000 0.66053331
vt 0.00600000 0.66053331
vt 0.00600000 0.66346133
vt 0.00600000 0.66008604
vt 0.00600000 0.66008604
vt 0.00600000 0.66346133
vt 0.00600000 0.66053331
vt 0.00600000 0.66053331
vt 0.00600000 0.66346133
vt 0.00600000 0.66175330
vt 0.00600000 0.66175330
vt 0.00600000 0.66346133
vt 0.00600000 0.66346133
vn 0.80117494 0.21468978 0.55859381
vn 0.80117494 0.21468978 0.55859381
vn 0.80117500 0.21468978 0.55859381
vn 0.80117500 0.21468978 0.55859381
vn 0.69666731 0.10116910 0.71022505
vn 0.69666725 0.10116909 0.71022499
vn 0.69666731 0.10116910 0.71022505
vn 0.69666725 0.10116909 0.71022499
vn 0.61356807 0.17282252 0.77049762
vn 0.61356807 0.17282252 0.77049768
vn 0.61356807 0.17282252 0.77049762
vn 0.61356807 0.17282252 0.77049768
vn 0.65496492 -0.10807281 0.74789113
vn 0.65496498 -0.10807282 0.74789119
vn 0.65496492 -0.10807281 0.74789113
vn 0.65496498 -0.10807282 0.74789119
vn 0.76849967 -0.08492116 0.63418978
vn 0.76849967 -0.08492116 0.63418978
vn 0.76849967 -0.08492116 0.63418978
vn 0.76849967 -0.08492116 0.63418978
vn -0.95762712 -0.25023317 -0.14259635
vn -0.95762706 -0.25023314 -0.14259635
vn -0.95762712 -0.25023317 -0.14259635
vn -0.95762706 -0.25023314 -0.14259635
vn 0.99682790 -0.07103506 0.03589140
vn 0.99682784 -0.07103505 0.03589140
vn 0.99682790 -0.07103506 0.03589140
vn 0.99682784 -0.07103505 0.03589140
vn -0.95379227 -0.06796830 0.29267836
vn -0.95379227 -0.06796830 0.29267836
vn -0.95379227 -0.06796830 0.29267836
vn -0.95379227 -0.06796830 0.29267836
vn 0.82352066 -0.21519044 -0.52488750
vn 0.82352066 -0.21519044 -0.52488750
vn 0.82352066 -0.21519044 -0.52488750
vn 0.82352066 -0.21519044 -0.52488750
vn -0.65976769 -0.07290600 0.74792469
vn -0.65976769 -0.07290600 0.74792469
vn -0.65976769 -0.07290600 0.74792469
vn -0.65976769 -0.07290600 0.74792469
vn -0.62674356 -0.10341613 0.77233255
vn -0.62674356 -0.10341613 0.77233255
vn -0.62674356 -0.10341613 0.77233255
vn -0.62674356 -0.10341613 0.77233255
vn -0.67120767 0.18905775 0.71675491
vn -0.67120767 0.18905775 0.71675491
vn -0.67120767 0.18905775 0.71675491
vn -0.67120767 0.18905775 0.71675491
vn -0.84477031 0.12267640 0.52087778
vn -0.84477031 0.12267640 0.52087778
vn -0.84477031 0.12267640 0.52087778
vn -0.84477031 0.12267640 0.52087778
vn -0.95225674 0.25517499 0.16760971
vn -0.95225674 0.25517499 0.16760971
vn -0.95225674 0.25517499 0.16760971
vn -0.95225674 0.25517499 0.16760971
vn 0.25788644 0.86717504 0.42603061
vn 0.25788644 0.86717504 0.42603061
vn 0.25788644 0.86717504 0.42603061
vn 0.25788644 0.86717504 0.42603061
vn 0.67265362 0.57433271 0.46656093
vn 0.67265362 0.57433271 0.46656093
vn 0.67265362 0.57433271 0.46656093
vn 0.67265362 0.57433271 0.46656093
vn 0.69984233 0.53774226 0.47016388
vn 0.69984233 0.53774226 0.47016388
vn 0.69984233 0.53774226 0.47016388
vn 0.69984233 0.53774226 0.47016388
vn 0.77753145 -0.38939384 0.49377859
vn 0.77753145 -0.38939384 0.49377859
vn 0.77753145 -0.38939384 0.49377859
vn 0.77753145 -0.38939384 0.49377859
vn 0.75786841 -0.45711693 0.46548864
vn 0.75786841 -0.45711693 0.46548864
vn 0.75786841 -0.45711693 0.46548864
vn 0.75786841 -0.45711693 0.46548864
vn -0.32841560 -0.90929449 0.25559077
vn -0.32841560 -0.90929449 0.25559077
vn -0.32841560 -0.90929449 0.25559077
vn -0.32841560 -0.90929449 0.25559077
vn 0.75478399 -0.61843222 0.21872973
vn 0.75478399 -0.61843222 0.21872973
vn 0.75478399 -0.61843222 0.21872973
vn 0.75478399 -0.61843222 0.21872973
vn -0.73655558 -0.60349685 0.30541360
vn -0.73655558 -0.60349685 0.30541360
vn -0.73655558 -0.60349685 0.30541360
vn -0.73655558 -0.60349685 0.30541360
vn 0.33332610 -0.92289031 0.19278836
vn 0.33332610 -0.92289031 0.19278836
vn 0.33332610 -0.92289031 0.19278836
vn 0.33332610 -0.92289031 0.19278836
vn -0.74931794 -0.45195958 0.48399919
vn -0.74931794 -0.45195958 0.48399919
vn -0.74931794 -0.45195958 0.48399919
vn -0.74931794 -0.45195958 0.48399919
vn -0.77900094 -0.39012977 0.49087292
vn -0.77900094 -0.39012977 0.49087292
vn -0.77900094 -0.39012977 0.49087292
vn -0.77900094 -0.39012977 0.49087292
vn -0.69918448 0.53723687 0.47171777
vn -0.69918448 0.53723687 0.47171777
vn -0.69918448 0.53723687 0.47171777
vn -0.69918448 0.53723687 0.47171777
vn -0.68744916 0.58696556 0.42765066
vn -0.68744916 0.58696556 0.42765066
vn -0.68744916 0.58696556 0.42765066
vn -0.68744916 0.58696556 0.42765066
vn -0.26525229 0.89194363 0.36616626
vn -0.26525229 0.89194363 0.36616626
vn -0.26525229 0.89194363 0.36616626
vn -0.26525229 0.89194363 0.36616626
vn 0.17453206 0.96210760 0.20949361
vn 0.17453206 0.96210760 0.20949361
vn 0.17453206 0.96210760 0.20949361
vn 0.17453206 0.96210760 0.20949361
vn 0.68906820 0.66846031 0.27990317
vn 0.68906820 0.66846031 0.27990317
vn 0.68906820 0.66846031 0.27990317
vn 0.68906820 0.66846031 0.27990317
vn 0.75673944 0.57694560 0.30737489
vn 0.75673944 0.57694560 0.30737489
vn 0.75673944 0.57694560 0.30737489
vn 0.75673944 0.57694560 0.30737489
vn 0.84935182 -0.41308343 0.32857826
vn 0.84935182 -0.41308343 0.32857826
vn 0.84935176 -0.41308340 0.32857817
vn 0.84935170 -0.41308337 0.32857823
vn 0.79878032 -0.51711988 0.30746886
vn 0.79878032 -0.51711988 0.30746886
vn 0.79878032 -0.51711988 0.30746886
vn 0.79878032 -0.51711988 0.30746886
vn -0.24094179 -0.95491517 0.17344807
vn -0.24094178 -0.95491511 0.17344806
vn -0.24094179 -0.95491517 0.17344807
vn -0.24094178 -0.95491511 0.17344806
vn 0.61722702 -0.76896322 0.16651241
vn 0.61722702 -0.76896322 0.16651241
vn 0.61722702 -0.76896322 0.16651241
vn 0.61722702 -0.76896322 0.16651241
vn -0.61221951 -0.76272476 0.20841822
vn -0.61221957 -0.76272482 0.20841824
vn -0.61221951 -0.76272476 0.20841822
vn -0.61221957 -0.76272482 0.20841824
vn 0.24194011 -0.95887184 0.14842376
vn 0.24194013 -0.95887196 0.14842378
vn 0.24194011 -0.95887184 0.14842376
vn 0.24194013 -0.95887196 0.14842378
vn -0.79632062 -0.51552755 0.31639332
vn -0.79632068 -0.51552761 0.31639335
vn -0.79632062 -0.51552755 0.31639332
vn -0.79632068 -0.51552761 0.31639335
vn -0.84921491 -0.41301683 0.32901549
vn -0.84921491 -0.41301683 0.32901549
vn -0.84921491 -0.41301683 0.32901549
vn -0.84921491 -0.41301683 0.32901549
vn -0.76037043 0.57971382 0.29286307
vn -0.76037043 0.57971382 0.29286307
vn -0.76037043 0.57971382 0.29286307
vn -0.76037043 0.57971382 0.29286307
vn -0.69638205 0.67555541 0.24223377
vn -0.69638205 0.67555541 0.24223377
vn -0.69638205 0.67555541 0.24223377
vn -0.69638205 0.67555541 0.24223377
vn -0.17552540 0.96758330 0.18158564
vn -0.17552540 0.96758330 0.18158564
vn -0.17552540 0.96758330 0.18158564
vn -0.17552540 0.96758330 0.18158564
vn 0.13992502 0.98559636 0.09497805
vn 0.13992502 0.98559636 0.09497805
vn 0.13992502 0.98559636 0.09497805
vn 0.13992502 0.98559636 0.09497805
vn 0.68010491 0.72444141 0.11243697
vn 0.68010491 0.72444141 0.11243697
vn 0.68010491 0.72444141 0.11243697
vn 0.68010491 0.72444141 0.11243697
vn 0.77357811 0.62254912 0.11836273
vn 0.77357811 0.62254912 0.11836273
vn 0.77357811 0.62254912 0.11836273
vn 0.77357811 0.62254912 0.11836273
vn 0.89063656 -0.43454361 0.13393471
vn 0.89063656 -0.43454361 0.13393471
vn 0.89063656 -0.43454361 0.13393471
vn 0.89063656 -0.43454361 0.13393471
vn 0.82482928 -0.54732835 0.14173406
vn 0.82482928 -0.54732835 0.14173406
vn 0.82482928 -0.54732835 0.14173406
vn 0.82482928 -0.54732835 0.14173406
vn -0.20938501 -0.97228277 0.10403941
vn -0.20938501 -0.97228277 0.10403941
vn -0.20938501 -0.97228277 0.10403941
vn -0.20938501 -0.97228277 0.10403941
vn 0.54845142 -0.83010149 0.10066071
vn 0.54845142 -0.83010149 0.10066071
vn 0.54845142 -0.83010149 0.10066071
vn 0.54845142 -0.83010149 0.10066071
vn -0.54776663 -0.82906514 0.11226206
vn -0.54776663 -0.82906514 0.11226206
vn -0.54776663 -0.82906514 0.11226206
vn -0.54776663 -0.82906514 0.11226206
vn 0.20949696 -0.97280258 0.09882370
vn 0.20949696 -0.97280258 0.09882370
vn 0.20949696 -0.97280258 0.09882370
vn 0.20949696 -0.97280258 0.09882370
vn -0.82622159 -0.54825222 0.12952782
vn -0.82622159 -0.54825222 0.12952782
vn -0.82622159 -0.54825222 0.12952782
vn -0.82622159 -0.54825222 0.12952782
vn -0.89130586 -0.43487021 0.12830348
vn -0.89130586 -0.43487021 0.12830348
vn -0.89130586 -0.43487021 0.12830348
vn -0.89130586 -0.43487021 0.12830348
vn -0.77357811 0.62254912 0.11836269
vn -0.77357811 0.62254912 0.11836269
vn -0.77357805 0.62254906 0.11836269
vn -0.77357805 0.62254906 0.11836269
vn -0.68061674 0.72498643 0.10562012
vn -0.68061674 0.72498643 0.10562012
vn -0.68061674 0.72498643 0.10562012
vn -0.68061674 0.72498643 0.10562012
vn -0.14003500 0.98637104 0.08638528
vn -0.14003500 0.98637110 0.08638528
vn -0.14003500 0.98637104 0.08638528
vn -0.14003500 0.98637110 0.08638528
vn 0.12794919 0.97961056 -0.15489377
vn 0.12794921 0.97961062 -0.15489379
vn 0.12794919 0.97961056 -0.15489377
vn 0.12794921 0.97961062 -0.15489379
vn 0.67573428 0.73096257 -0.09527235
vn 0.67573428 0.73096263 -0.09527235
vn 0.67573428 0.73096257 -0.09527235
vn 0.67573428 0.73096263 -0.09527235
vn 0.77772915 0.62588984 -0.05830305
vn 0.77772921 0.62588990 -0.05830305
vn 0.77772915 0.62588984 -0.05830305
vn 0.77772921 0.62588990 -0.05830305
vn 0.90238112 -0.42542216 -0.06873355
vn 0.90238118 -0.42542219 -0.06873356
vn 0.90238118 -0.42542219 -0.06873356
vn 0.90238118 -0.42542219 -0.06873356
vn 0.83616126 -0.53910398 -0.10100152
vn 0.83616126 -0.53910398 -0.10100152
vn 0.83616126 -0.53910398 -0.10100152
vn 0.83616126 -0.53910398 -0.10100152
vn -0.20237693 -0.97296560 -0.11127301
vn -0.20237693 -0.97296560 -0.11127301
vn -0.20237693 -0.97296560 -0.11127301
vn -0.20237693 -0.97296560 -0.11127301
vn 0.52754188 -0.84298658 -0.10522982
vn 0.52754188 -0.84298658 -0.10522982
vn 0.52754188 -0.84298658 -0.10522982
vn 0.52754188 -0.84298658 -0.10522982
vn -0.52747309 -0.84287667 -0.10644775
vn -0.52747309 -0.84287667 -0.10644775
vn -0.52747309 -0.84287667 -0.10644775
vn -0.52747309 -0.84287667 -0.10644775
vn 0.20233092 -0.97274441 -0.11327146
vn 0.20233092 -0.97274441 -0.11327146
vn 0.20233092 -0.97274441 -0.11327146
vn 0.20233092 -0.97274441 -0.11327146
vn -0.83843827 -0.54057205 -0.06930422
vn -0.83843827 -0.54057205 -0.06930422
vn -0.83843827 -0.54057205 -0.06930422
vn -0.83843827 -0.54057205 -0.06930422
vn -0.90322685 -0.42582089 -0.05345890
vn -0.90322685 -0.42582089 -0.05345890
vn -0.90322685 -0.42582089 -0.05345890
vn -0.90322685 -0.42582089 -0.05345890
vn -0.77579010 0.62432933 -0.09144706
vn -0.77579010 0.62432933 -0.09144706
vn -0.77579010 0.62432933 -0.09144706
vn -0.77579010 0.62432933 -0.09144706
vn -0.67298239 0.72798568 -0.13088784
vn -0.67298239 0.72798568 -0.13088784
vn -0.67298239 0.72798568 -0.13088784
vn -0.67298239 0.72798568 -0.13088784
vn -0.12801774 0.98013526 -0.15148105
vn -0.12801774 0.98013526 -0.15148105
vn -0.12801774 0.98013526 -0.15148105
vn -0.12801774 0.98013526 -0.15148105
vn 0.13171506 0.96810514 -0.21312863
vn 0.13171506 0.96810514 -0.21312863
vn 0.13171506 0.96810514 -0.21312863
vn 0.13171506 0.96810514 -0.21312863
vn 0.63286376 0.75665015 -0.16420700
vn 0.63286376 0.75665015 -0.16420700
vn 0.63286382 0.75665021 -0.16420701
vn 0.63286382 0.75665021 -0.16420701
vn 0.73010486 0.67150122 -0.12662141
vn 0.73010486 0.67150122 -0.12662141
vn 0.73010486 0.67150122 -0.12662141
vn 0.73010486 0.67150122 -0.12662141
vn 0.87416244 -0.46245006 -0.14825644
vn 0.87416244 -0.46245006 -0.14825644
vn 0.87416244 -0.46245006 -0.14825644
vn 0.87416244 -0.46245006 -0.14825644
vn 0.80386662 -0.56784403 -0.17706372
vn 0.80386662 -0.56784403 -0.17706372
vn 0.80386662 -0.56784409 -0.17706373
vn 0.80386662 -0.56784409 -0.17706373
vn -0.19821669 -0.96848488 -0.15082181
vn -0.19821669 -0.96848482 -0.15082179
vn -0.19821669 -0.96848482 -0.15082179
vn -0.19821669 -0.96848488 -0.15082181
vn 0.52743757 -0.83712566 -0.14501785
vn 0.52743763 -0.83712572 -0.14501786
vn 0.52743757 -0.83712566 -0.14501785
vn 0.52743763 -0.83712572 -0.14501786
vn -0.52667904 -0.83592165 -0.15441591
vn -0.52667898 -0.83592159 -0.15441591
vn -0.52667904 -0.83592165 -0.15441591
vn -0.52667898 -0.83592159 -0.15441591
vn 0.19828945 -0.96884042 -0.14842382
vn 0.19828945 -0.96884042 -0.14842382
vn 0.19828945 -0.96884042 -0.14842382
vn 0.19828945 -0.96884042 -0.14842382
vn -0.80819780 -0.57090348 -0.14451887
vn -0.80819780 -0.57090348 -0.14451887
vn -0.80819774 -0.57090348 -0.14451887
vn -0.80819774 -0.57090348 -0.14451887
vn -0.87636673 -0.46361619 -0.13054301
vn -0.87636673 -0.46361619 -0.13054301
vn -0.87636673 -0.46361619 -0.13054301
vn -0.87636673 -0.46361619 -0.13054301
vn -0.72587770 0.66761339 -0.16551143
vn -0.72587770 0.66761339 -0.16551143
vn -0.72587770 0.66761333 -0.16551141
vn -0.72587770 0.66761333 -0.16551141
vn -0.62856454 0.75150996 -0.20034832
vn -0.62856454 0.75150996 -0.20034832
vn -0.62856454 0.75150996 -0.20034832
vn -0.62856454 0.75150996 -0.20034832
vn -0.13195588 0.96987516 -0.20476755
vn -0.13195588 0.96987516 -0.20476755
vn -0.13195588 0.96987516 -0.20476755
vn -0.13195588 0.96987516 -0.20476755
vn 0.13858765 0.93373388 -0.33005205
vn 0.13858765 0.93373388 -0.33005205
vn 0.13858765 0.93373388 -0.33005205
vn 0.13858765 0.93373388 -0.33005205
vn 0.57311165 0.75696874 -0.31391281
vn 0.57311165 0.75696874 -0.31391281
vn 0.57311165 0.75696874 -0.31391281
vn 0.57311165 0.75696874 -0.31391281
vn 0.65422863 0.70200121 -0.28138772
vn 0.65422863 0.70200121 -0.28138772
vn 0.65422863 0.70200121 -0.28138772
vn 0.65422863 0.70200121 -0.28138772
vn 0.80746055 -0.48476848 -0.33616510
vn 0.80746055 -0.48476848 -0.33616510
vn 0.80746055 -0.48476848 -0.33616510
vn 0.80746055 -0.48476848 -0.33616510
vn 0.73924786 -0.57085174 -0.35726887
vn 0.73924786 -0.57085174 -0.35726887
vn 0.73924786 -0.57085174 -0.35726887
vn 0.73924786 -0.57085174 -0.35726887
vn -0.19732624 -0.94726437 -0.25249270
vn -0.19732624 -0.94726437 -0.25249270
vn -0.19732624 -0.94726437 -0.25249270
vn -0.19732624 -0.94726437 -0.25249270
vn 0.53409147 -0.80906534 -0.24527456
vn 0.53409147 -0.80906534 -0.24527456
vn 0.53409147 -0.80906534 -0.24527456
vn 0.53409147 -0.80906534 -0.24527456
vn -0.52960783 -0.80227327 -0.27545106
vn -0.52960783 -0.80227327 -0.27545106
vn -0.52960783 -0.80227327 -0.27545106
vn -0.52960783 -0.80227327 -0.27545106
vn 0.19803138 -0.95064932 -0.23885012
vn 0.19803138 -0.95064932 -0.23885012
vn 0.19803138 -0.95064932 -0.23885012
vn 0.19803138 -0.95064932 -0.23885012
vn -0.74892497 -0.57832450 -0.32350010
vn -0.74892497 -0.57832450 -0.32350010
vn -0.74892497 -0.57832450 -0.32350010
vn -0.74892497 -0.57832450 -0.32350010
vn -0.81391281 -0.48864219 -0.31428441
vn -0.81391281 -0.48864219 -0.31428441
vn -0.81391281 -0.48864219 -0.31428441
vn -0.81391281 -0.48864219 -0.31428441
vn -0.64480186 0.69188607 -0.32484493
vn -0.64480186 0.69188607 -0.32484493
vn -0.64480186 0.69188607 -0.32484493
vn -0.64480186 0.69188607 -0.32484493
vn -0.56726390 0.74924499 -0.34182411
vn -0.56726390 0.74924499 -0.34182411
vn -0.56726390 0.74924499 -0.34182411
vn -0.56726390 0.74924499 -0.34182411
vn -0.13963148 0.94076669 -0.30896762
vn -0.13963148 0.94076669 -0.30896762
vn -0.13963148 0.94076669 -0.30896762
vn -0.13963148 0.94076669 -0.30896762
vn 0.16349070 0.90124208 -0.40128985
vn 0.16349070 0.90124208 -0.40128985
vn 0.16349070 0.90124208 -0.40128985
vn 0.16349070 0.90124208 -0.40128985
vn 0.56883383 0.82043344 0.05759446
vn 0.56883383 0.82043344 0.05759446
vn 0.56883383 0.82043344 0.05759446
vn 0.56883383 0.82043344 0.05759446
vn 0.57176632 0.75295317 0.32579869
vn 0.57176632 0.75295317 0.32579869
vn 0.57176632 0.75295317 0.32579869
vn 0.57176632 0.75295317 0.32579869
vn 0.75983900 -0.54755980 0.35046110
vn 0.75983900 -0.54755980 0.35046110
vn 0.75983900 -0.54755980 0.35046110
vn 0.75983900 -0.54755980 0.35046110
vn 0.75843626 -0.65173489 -0.00402073
vn 0.75843626 -0.65173489 -0.00402073
vn 0.75843626 -0.65173489 -0.00402073
vn 0.75843626 -0.65173489 -0.00402073
vn -0.20416173 -0.88974738 -0.40824932
vn -0.20416173 -0.88974738 -0.40824932
vn -0.20416173 -0.88974738 -0.40824932
vn -0.20416173 -0.88974738 -0.40824932
vn 0.56950825 -0.74825412 -0.34025878
vn 0.56950825 -0.74825412 -0.34025878
vn 0.56950825 -0.74825412 -0.34025878
vn 0.56950825 -0.74825412 -0.34025878
vn -0.58654159 -0.77063352 -0.24918434
vn -0.58654159 -0.77063352 -0.24918434
vn -0.58654159 -0.77063352 -0.24918434
vn -0.58654159 -0.77063352 -0.24918434
vn 0.19765635 -0.86139655 -0.46789739
vn 0.19765635 -0.86139655 -0.46789739
vn 0.19765635 -0.86139655 -0.46789739
vn 0.19765635 -0.86139655 -0.46789739
vn -0.71905988 -0.61789823 0.31804800
vn -0.71905988 -0.61789823 0.31804800
vn -0.71905988 -0.61789823 0.31804800
vn -0.71905988 -0.61789823 0.31804800
vn -0.71759838 -0.51712012 0.46651831
vn -0.71759838 -0.51712012 0.46651831
vn -0.71759838 -0.51712012 0.46651831
vn -0.71759838 -0.51712012 0.46651831
vn -0.60276854 0.79377967 0.08114094
vn -0.60276854 0.79377967 0.08114094
vn -0.60276854 0.79377967 0.08114094
vn -0.60276854 0.79377967 0.08114094
vn -0.55197096 0.79611200 -0.24806014
vn -0.55197096 0.79611200 -0.24806014
vn -0.55197096 0.79611200 -0.24806014
vn -0.55197096 0.79611200 -0.24806014
vn -0.16061842 0.88540870 -0.43618026
vn -0.16061842 0.88540870 -0.43618026
vn -0.16061842 0.88540870 -0.43618026
vn -0.16061842 0.88540870 -0.43618026
vn -0.00000242 -0.00000065 1.00000000
vn -0.00000242 -0.00000065 1.00000000
vn -0.00000242 -0.00000065 1.00000000
vn -0.00000353 -0.00000051 1.00000000
vn -0.00000353 -0.00000051 1.00000000
vn -0.00000353 -0.00000051 1.00000000
vn -0.00000309 -0.00000087 1.00000000
vn -0.00000309 -0.00000087 1.00000000
vn -0.00000309 -0.00000087 1.00000000
vn -0.00000334 0.00000055 1.00000000
vn -0.00000334 0.00000055 1.00000000
vn -0.00000334 0.00000055 1.00000000
vn -0.00000342 0.00000038 0.99999994
vn -0.00000342 0.00000038 0.99999994
vn -0.00000342 0.00000038 0.99999994
vn 0.00002108 0.00000551 1.00000000
vn 0.00002108 0.00000551 1.00000000
vn 0.00002108 0.00000551 1.00000000
vn -0.00001008 0.00000072 1.00000000
vn -0.00001008 0.00000072 1.00000000
vn -0.00001008 0.00000072 1.00000000
vn 0.00001008 0.00000072 1.00000000
vn 0.00001008 0.00000072 1.00000000
vn 0.00001008 0.00000072 1.00000000
vn -0.00002108 0.00000551 0.99999994
vn -0.00002108 0.00000551 0.99999994
vn -0.00002108 0.00000551 0.99999994
vn 0.00000342 0.00000038 0.99999994
vn 0.00000342 0.00000038 0.99999994
vn 0.00000342 0.00000038 0.99999994
vn 0.00000334 0.00000055 1.00000000
vn 0.00000334 0.00000055 1.00000000
vn 0.00000334 0.00000055 1.00000000
vn 0.00000309 -0.00000087 1.00000000
vn 0.00000309 -0.00000087 1.00000000
vn 0.00000309 -0.00000087 1.00000000
vn 0.00000353 -0.00000051 1.00000000
vn 0.00000353 -0.00000051 1.00000000
vn 0.00000353 -0.00000051 1.00000000
vn 0.00000242 -0.00000065 1.00000000
vn 0.00000242 -0.00000065 1.00000000
vn 0.00000242 -0.00000065 1.00000000
vn -0.00000007 -0.00000046 -0.99999994
vn -0.00000007 -0.00000046 -0.99999994
vn -0.00000007 -0.00000046 -0.99999994
vn -0.00000012 -0.00000035 -1.00000000
vn -0.00000012 -0.00000035 -1.00000000
vn -0.00000012 -0.00000035 -1.00000000
vn -0.00000012 -0.00000042 -1.00000000
vn -0.00000012 -0.00000042 -1.00000000
vn -0.00000012 -0.00000042 -1.00000000
vn -0.00000013 0.00000024 -1.00000000
vn -0.00000013 0.00000024 -1.00000000
vn -0.00000013 0.00000024 -1.00000000
vn -0.00000013 0.00000023 -1.00000000
vn -0.00000013 0.00000023 -1.00000000
vn -0.00000013 0.00000023 -1.00000000
vn 0.00000023 0.00000145 -0.99999994
vn 0.00000023 0.00000145 -0.99999994
vn 0.00000023 0.00000145 -0.99999994
vn -0.00000029 0.00000051 -1.00000000
vn -0.00000029 0.00000051 -1.00000000
vn -0.00000029 0.00000051 -1.00000000
vn 0.00000029 0.00000051 -1.00000000
vn 0.00000029 0.00000051 -1.00000000
vn 0.00000029 0.00000051 -1.00000000
vn -0.00000023 0.00000145 -1.00000000
vn -0.00000023 0.00000145 -1.00000000
vn -0.00000023 0.00000145 -1.00000000
vn 0.00000013 0.00000023 -1.00000000
vn 0.00000013 0.00000023 -1.00000000
vn 0.00000013 0.00000023 -1.00000000
vn 0.00000013 0.00000024 -1.00000000
vn 0.00000013 0.00000024 -1.00000000
vn 0.00000013 0.00000024 -1.00000000
vn 0.00000012 -0.00000042 -1.00000000
vn 0.00000012 -0.00000042 -1.00000000
vn 0.00000012 -0.00000042 -1.00000000
vn 0.00000012 -0.00000035 -0.99999994
vn 0.00000012 -0.00000035 -0.99999994
vn 0.00000012 -0.00000035 -0.99999994
vn 0.00000007 -0.00000046 -0.99999994
vn 0.00000007 -0.00000046 -0.99999994
vn 0.00000007 -0.00000046 -0.99999994
vn 0.11655266 0.68634158 0.71787930
vn 0.11655266 0.68634158 0.71787930
vn 0.11655266 0.68634158 0.71787930
vn 0.11655266 0.68634158 0.71787930
vn 0.13710186 0.98821038 0.06814254
vn 0.13710186 0.98821038 0.06814254
vn 0.13710186 0.98821038 0.06814254
vn 0.13710186 0.98821038 0.06814254
vn 0.13773976 0.99018019 0.02389743
vn 0.13773976 0.99018019 0.02389743
vn 0.13773976 0.99018019 0.02389743
vn 0.13773976 0.99018019 0.02389743
vn 0.13598238 0.98938900 -0.05116786
vn 0.13598238 0.98938900 -0.05116786
vn 0.13598238 0.98938900 -0.05116786
vn 0.13598238 0.98938900 -0.05116786
vn 0.11651486 0.90862292 -0.40103468
vn 0.11651486 0.90862292 -0.40103468
vn 0.11651486 0.90862292 -0.40103468
vn 0.11651486 0.90862292 -0.40103468
vn 0.01128338 0.00000000 -0.99993634
vn 0.01128338 0.00000000 -0.99993634
vn 0.01128338 0.00000000 -0.99993634
vn 0.01128338 0.00000000 -0.99993634
vn -0.04532647 -0.94573325 -0.32176745
vn -0.04532647 -0.94573325 -0.32176745
vn -0.04532647 -0.94573325 -0.32176745
vn -0.04532647 -0.94573325 -0.32176745
vn -0.00667798 -0.99976379 0.02068176
vn -0.00667798 -0.99976379 0.02068176
vn -0.00667798 -0.99976379 0.02068176
vn -0.00667798 -0.99976379 0.02068176
vn -0.00890000 -0.99986523 -0.01378924
vn -0.00890000 -0.99986523 -0.01378924
vn -0.00890000 -0.99986523 -0.01378924
vn -0.00890000 -0.99986523 -0.01378924
vn -0.00877396 -0.99969745 -0.02297821
vn -0.00877396 -0.99969745 -0.02297821
vn -0.00877396 -0.99969745 -0.02297821
vn -0.00877396 -0.99969745 -0.02297821
vn 0.04344204 -0.75240225 0.65726984
vn 0.04344204 -0.75240225 0.65726984
vn 0.04344204 -0.75240225 0.65726984
vn 0.04344204 -0.75240225 0.65726984
vn 0.08433007 0.00000000 0.99643785
vn 0.08433007 0.00000000 0.99643785
vn 0.08433007 0.00000000 0.99643785
vn 0.08433007 0.00000000 0.99643785
vn 0.28338766 0.70370865 0.65152556
vn 0.28338766 0.70370865 0.65152556
vn 0.28338766 0.70370865 0.65152556
vn 0.28338766 0.70370865 0.65152556
vn 0.32883805 0.94250244 0.05962091
vn 0.32883805 0.94250244 0.05962091
vn 0.32883805 0.94250244 0.05962091
vn 0.32883805 0.94250244 0.05962091
vn 0.33078060 0.94347644 0.02088886
vn 0.33078060 0.94347644 0.02088886
vn 0.33078060 0.94347644 0.02088886
vn 0.33078060 0.94347644 0.02088886
vn 0.32755813 0.94376951 -0.04477580
vn 0.32755813 0.94376951 -0.04477580
vn 0.32755813 0.94376951 -0.04477580
vn 0.32755813 0.94376951 -0.04477580
vn 0.29020154 0.89113104 -0.34881029
vn 0.29020154 0.89113104 -0.34881029
vn 0.29020154 0.89113104 -0.34881029
vn 0.29020154 0.89113104 -0.34881029
vn 0.02845166 0.00000000 -0.99959517
vn 0.02845166 0.00000000 -0.99959517
vn 0.02845166 0.00000000 -0.99959517
vn 0.02845166 0.00000000 -0.99959517
vn -0.11617792 -0.95169425 -0.28421947
vn -0.11617792 -0.95169425 -0.28421947
vn -0.11617792 -0.95169425 -0.28421947
vn -0.11617792 -0.95169425 -0.28421947
vn -0.01691820 -0.99967688 0.01897128
vn -0.01691820 -0.99967688 0.01897128
vn -0.01691820 -0.99967688 0.01897128
vn -0.01691820 -0.99967688 0.01897128
vn -0.02233949 -0.99967045 -0.01264746
vn -0.02233949 -0.99967045 -0.01264746
vn -0.02233949 -0.99967045 -0.01264746
vn -0.02233949 -0.99967045 -0.01264746
vn -0.02186026 -0.99953890 -0.02107629
vn -0.02186026 -0.99953890 -0.02107629
vn -0.02186026 -0.99953890 -0.02107629
vn -0.02186026 -0.99953890 -0.02107629
vn 0.09953645 -0.78927106 0.60592383
vn 0.09953645 -0.78927106 0.60592383
vn 0.09953645 -0.78927106 0.60592383
vn 0.09953645 -0.78927106 0.60592383
vn 0.20876990 0.00000000 0.97796482
vn 0.20876990 0.00000000 0.97796482
vn 0.20876990 0.00000000 0.97796482
vn 0.20876990 0.00000000 0.97796482
vn 0.36075911 0.75314546 0.55011350
vn 0.36075911 0.75314546 0.55011350
vn 0.36075911 0.75314546 0.55011350
vn 0.36075911 0.75314546 0.55011350
vn 0.41792297 0.90716130 0.04897557
vn 0.41792297 0.90716130 0.04897557
vn 0.41792297 0.90716130 0.04897557
vn 0.41792297 0.90716130 0.04897557
vn 0.42129102 0.90676361 0.01713394
vn 0.42129102 0.90676361 0.01713394
vn 0.42129102 0.90676361 0.01713394
vn 0.42129102 0.90676361 0.01713394
vn 0.41866741 0.90739614 -0.03674119
vn 0.41866741 0.90739614 -0.03674119
vn 0.41866741 0.90739614 -0.03674119
vn 0.41866741 0.90739614 -0.03674119
vn 0.38508707 0.88145489 -0.27339590
vn 0.38508707 0.88145489 -0.27339590
vn 0.38508707 0.88145489 -0.27339590
vn 0.38508707 0.88145489 -0.27339590
vn 0.03774187 0.00000000 -0.99928755
vn 0.03774187 0.00000000 -0.99928755
vn 0.03774187 0.00000000 -0.99928755
vn 0.03774187 0.00000000 -0.99928755
vn -0.15829693 -0.96206063 -0.22221908
vn -0.15829693 -0.96206063 -0.22221908
vn -0.15829693 -0.96206063 -0.22221908
vn -0.15829693 -0.96206063 -0.22221908
vn -0.02261064 -0.99961323 0.01619004
vn -0.02261064 -0.99961323 0.01619004
vn -0.02261064 -0.99961323 0.01619004
vn -0.02261064 -0.99961323 0.01619004
vn -0.02941068 -0.99950916 -0.01079221
vn -0.02941068 -0.99950916 -0.01079221
vn -0.02941068 -0.99950916 -0.01079221
vn -0.02941068 -0.99950916 -0.01079221
vn -0.02842653 -0.99943399 -0.01798578
vn -0.02842653 -0.99943399 -0.01798578
vn -0.02842653 -0.99943399 -0.01798578
vn -0.02842653 -0.99943399 -0.01798578
vn 0.10694310 -0.85428458 0.50868553
vn 0.10694310 -0.85428458 0.50868553
vn 0.10694310 -0.85428458 0.50868553
vn 0.10694310 -0.85428458 0.50868553
vn 0.27253997 0.00000000 0.96214443
vn 0.27253997 0.00000000 0.96214443
vn 0.27253997 0.00000000 0.96214443
vn 0.27253997 0.00000000 0.96214443
vn 0.34813833 0.83418179 0.42771518
vn 0.34813833 0.83418179 0.42771518
vn 0.34813833 0.83418179 0.42771518
vn 0.34813833 0.83418179 0.42771518
vn 0.41620114 0.90840709 0.03966232
vn 0.41620114 0.90840709 0.03966232
vn 0.41620114 0.90840709 0.03966232
vn 0.41620114 0.90840709 0.03966232
vn 0.42080820 0.90704376 0.01386100
vn 0.42080820 0.90704376 0.01386100
vn 0.42080820 0.90704376 0.01386100
vn 0.42080820 0.90704376 0.01386100
vn 0.41947630 0.90727997 -0.02970982
vn 0.41947630 0.90727997 -0.02970982
vn 0.41947630 0.90727997 -0.02970982
vn 0.41947630 0.90727997 -0.02970982
vn 0.39648390 0.89666653 -0.19695123
vn 0.39648390 0.89666653 -0.19695123
vn 0.39648390 0.89666653 -0.19695123
vn 0.39648390 0.89666653 -0.19695123
vn 0.03774152 0.00000000 -0.99928749
vn 0.03774152 0.00000000 -0.99928749
vn 0.03774152 0.00000000 -0.99928749
vn 0.03774152 0.00000000 -0.99928749
vn -0.16317876 -0.97486401 -0.15170009
vn -0.16317876 -0.97486401 -0.15170009
vn -0.16317876 -0.97486401 -0.15170009
vn -0.16317876 -0.97486401 -0.15170009
vn -0.02279286 -0.99965453 0.01309387
vn -0.02279286 -0.99965453 0.01309387
vn -0.02279286 -0.99965453 0.01309387
vn -0.02279286 -0.99965453 0.01309387
vn -0.02915811 -0.99953681 -0.00872822
vn -0.02915811 -0.99953681 -0.00872822
vn -0.02915811 -0.99953681 -0.00872822
vn -0.02915811 -0.99953681 -0.00872822
vn -0.02778551 -0.99950808 -0.01454661
vn -0.02778551 -0.99950808 -0.01454661
vn -0.02778551 -0.99950808 -0.01454661
vn -0.02778551 -0.99950808 -0.01454661
vn 0.07235143 -0.92489624 0.37327209
vn 0.07235143 -0.92489624 0.37327209
vn 0.07235143 -0.92489624 0.37327209
vn 0.07235143 -0.92489624 0.37327209
vn 0.27253997 0.00000000 0.96214455
vn 0.27253997 0.00000000 0.96214455
vn 0.27253997 0.00000000 0.96214455
vn 0.27253997 0.00000000 0.96214455
vn 0.25558630 0.91179860 0.32140175
vn 0.25558630 0.91179860 0.32140175
vn 0.25558630 0.91179860 0.32140175
vn 0.25558630 0.91179860 0.32140175
vn 0.32500291 0.94509876 0.03408020
vn 0.32500291 0.94509876 0.03408020
vn 0.32500291 0.94509876 0.03408020
vn 0.32500291 0.94509876 0.03408020
vn 0.32970154 0.94401002 0.01191431
vn 0.32970154 0.94401002 0.01191431
vn 0.32970154 0.94401002 0.01191431
vn 0.32970154 0.94401002 0.01191431
vn 0.32936919 0.94385606 -0.02552649
vn 0.32936919 0.94385606 -0.02552649
vn 0.32936919 0.94385606 -0.02552649
vn 0.32936919 0.94385606 -0.02552649
vn 0.31534982 0.93805718 -0.14353853
vn 0.31534982 0.93805718 -0.14353853
vn 0.31534982 0.93805718 -0.14353853
vn 0.31534982 0.93805718 -0.14353853
vn 0.02845165 0.00000000 -0.99959517
vn 0.02845165 0.00000000 -0.99959517
vn 0.02845165 0.00000000 -0.99959517
vn 0.02845165 0.00000000 -0.99959517
vn -0.12607570 -0.98708481 -0.09883572
vn -0.12607570 -0.98708481 -0.09883572
vn -0.12607570 -0.98708481 -0.09883572
vn -0.12607570 -0.98708481 -0.09883572
vn -0.01728005 -0.99979222 0.01081568
vn -0.01728005 -0.99979222 0.01081568
vn -0.01728005 -0.99979222 0.01081568
vn -0.01728005 -0.99979222 0.01081568
vn -0.02183787 -0.99973553 -0.00721007
vn -0.02183787 -0.99973553 -0.00721007
vn -0.02183787 -0.99973553 -0.00721007
vn -0.02183787 -0.99973553 -0.00721007
vn -0.02058713 -0.99971581 -0.01201651
vn -0.02058713 -0.99971581 -0.01201651
vn -0.02058713 -0.99971581 -0.01201651
vn -0.02058713 -0.99971581 -0.01201651
vn 0.03180982 -0.96677887 0.25362697
vn 0.03180982 -0.96677887 0.25362697
vn 0.03180982 -0.96677887 0.25362697
vn 0.03180982 -0.96677887 0.25362697
vn 0.20876981 0.00000000 0.97796488
vn 0.20876981 0.00000000 0.97796488
vn 0.20876981 0.00000000 0.97796488
vn 0.20876981 0.00000000 0.97796488
vn 0.10088371 0.95670098 0.27303100
vn 0.10088371 0.95670098 0.27303100
vn 0.10088371 0.95670098 0.27303100
vn 0.10088371 0.95670098 0.27303100
vn 0.13478458 0.99033982 0.03255913
vn 0.13478458 0.99033982 0.03255913
vn 0.13478458 0.99033982 0.03255913
vn 0.13478458 0.99033982 0.03255913
vn 0.13708472 0.99049371 0.01139749
vn 0.13708472 0.99049371 0.01139749
vn 0.13708472 0.99049371 0.01139749
vn 0.13708472 0.99049371 0.01139749
vn 0.13708451 0.99025834 -0.02441734
vn 0.13708451 0.99025834 -0.02441734
vn 0.13708451 0.99025834 -0.02441734
vn 0.13708451 0.99025834 -0.02441734
vn 0.13157509 0.98363739 -0.12306693
vn 0.13157509 0.98363739 -0.12306693
vn 0.13157509 0.98363739 -0.12306693
vn 0.13157509 0.98363739 -0.12306693
vn 0.01128339 0.00000000 -0.99993622
vn 0.01128339 0.00000000 -0.99993622
vn 0.01128339 0.00000000 -0.99993622
vn 0.01128339 0.00000000 -0.99993622
vn -0.05068382 -0.99577516 -0.07657013
vn -0.05068382 -0.99577516 -0.07657013
vn -0.05068382 -0.99577516 -0.07657013
vn -0.05068382 -0.99577516 -0.07657013
vn -0.00686838 -0.99992776 0.00986230
vn -0.00686838 -0.99992776 0.00986230
vn -0.00686838 -0.99992776 0.00986230
vn -0.00686838 -0.99992776 0.00986230
vn -0.00863607 -0.99994111 -0.00657498
vn -0.00863607 -0.99994111 -0.00657498
vn -0.00863607 -0.99994111 -0.00657498
vn -0.00863607 -0.99994111 -0.00657498
vn -0.00810411 -0.99990708 -0.01095789
vn -0.00810411 -0.99990708 -0.01095789
vn -0.00810411 -0.99990708 -0.01095789
vn -0.00810411 -0.99990708 -0.01095789
vn 0.00854445 -0.97993785 0.19911991
vn 0.00854445 -0.97993785 0.19911991
vn 0.00854445 -0.97993785 0.19911991
vn 0.00854445 -0.97993785 0.19911991
vn 0.08433010 0.00000000 0.99643785
vn 0.08433010 0.00000000 0.99643785
vn 0.08433010 0.00000000 0.99643785
vn 0.08433010 0.00000000 0.99643785
vn -0.99999994 0.00000000 0.00000000
vn -0.99999994 0.00000000 0.00000000
vn -0.99999994 0.00000000 0.00000000
vn -1.00000000 0.00000000 0.00000000
vn -1.00000000 0.00000000 0.00000000
vn -1.00000000 0.00000000 0.00000000
vn -1.00000000 0.00000000 0.00000000
vn -1.00000000 0.00000000 0.00000000
vn -1.00000000 0.00000000 0.00000000
vn -1.00000000 0.00000000 0.00000000
vn -1.00000000 0.00000000 0.00000000
vn -1.00000000 0.00000000 0.00000000
vn -1.00000000 0.00000000 0.00000000
vn -1.00000000 0.00000000 0.00000000
vn -1.00000000 0.00000000 0.00000000
vn -1.00000000 0.00000000 -0.00000000
vn -1.00000000 0.00000000 -0.00000000
vn -1.00000000 0.00000000 -0.00000000
vn -1.00000000 0.00000000 0.00000000
vn -1.00000000 0.00000000 0.00000000
vn -1.00000000 0.00000000 0.00000000
vn -1.00000000 0.00000000 0.00000000
vn -1.00000000 0.00000000 0.00000000
vn -1.00000000 0.00000000 0.00000000
vn -1.00000000 -0.00000000 0.00000000
vn -1.00000000 -0.00000000 0.00000000
vn -1.00000000 -0.00000000 0.00000000
vn -1.00000000 0.00000000 0.00000000
vn -1.00000000 0.00000000 0.00000000
vn -1.00000000 0.00000000 0.00000000
vn -1.00000000 0.00000000 0.00000000
vn -1.00000000 0.00000000 0.00000000
vn -1.00000000 0.00000000 0.00000000
vn -1.00000000 0.00000000 0.00000000
vn -1.00000000 0.00000000 0.00000000
vn -1.00000000 0.00000000 0.00000000
vn 1.00000000 -0.00000000 -0.00000000
vn 1.00000000 -0.00000000 -0.00000000
vn 1.00000000 -0.00000000 -0.00000000
vn 1.00000000 -0.00000000 -0.00000000
vn 1.00000000 -0.00000000 -0.00000000
vn 1.00000000 -0.00000000 -0.00000000
vn 0.99999994 -0.00000000 -0.00000000
vn 0.99999994 -0.00000000 -0.00000000
vn 0.99999994 -0.00000000 -0.00000000
vn 1.00000000 -0.00000000 -0.00000000
vn 1.00000000 -0.00000000 -0.00000000
vn 1.00000000 -0.00000000 -0.00000000
vn 0.99999994 -0.00000000 -0.00000000
vn 0.99999994 -0.00000000 -0.00000000
vn 0.99999994 -0.00000000 -0.00000000
vn 1.00000000 -0.00000000 0.00000000
vn 1.00000000 -0.00000000 0.00000000
vn 1.00000000 -0.00000000 0.00000000
vn 1.00000000 -0.00000000 -0.00000000
vn 1.00000000 -0.00000000 -0.00000000
vn 1.00000000 -0.00000000 -0.00000000
vn 1.00000000 -0.00000000 -0.00000000
vn 1.00000000 -0.00000000 -0.00000000
vn 1.00000000 -0.00000000 -0.00000000
vn 1.00000000 0.00000000 -0.00000000
vn 1.00000000 0.00000000 -0.00000000
vn 1.00000000 0.00000000 -0.00000000
vn 1.00000000 -0.00000000 -0.00000000
vn 1.00000000 -0.00000000 -0.00000000
vn 1.00000000 -0.00000000 -0.00000000
vn 1.00000000 -0.00000000 -0.00000000
vn 1.00000000 -0.00000000 -0.00000000
vn 1.00000000 -0.00000000 -0.00000000
vn 0.99999994 -0.00000000 -0.00000000
vn 0.99999994 -0.00000000 -0.00000000
vn 0.99999994 -0.00000000 -0.00000000
vn -0.14275518 0.66864282 0.72975194
vn -0.14275518 0.66864282 0.72975194
vn -0.14275518 0.66864282 0.72975194
vn -0.14275518 0.66864282 0.72975194
vn -0.13998079 0.98766011 0.07023364
vn -0.13998079 0.98766011 0.07023364
vn -0.13998079 0.98766011 0.07023364
vn -0.13998079 0.98766011 0.07023364
vn -0.13884866 0.99000710 0.02464014
vn -0.13884866 0.99000710 0.02464014
vn -0.13884866 0.99000710 0.02464014
vn -0.13884866 0.99000710 0.02464014
vn -0.13361873 0.98962641 -0.05278006
vn -0.13361873 0.98962641 -0.05278006
vn -0.13361873 0.98962641 -0.05278006
vn -0.13361873 0.98962641 -0.05278006
vn -0.07832655 0.90560967 -0.41681656
vn -0.07832655 0.90560967 -0.41681656
vn -0.07832655 0.90560967 -0.41681656
vn -0.07832655 0.90560967 -0.41681656
vn -0.01128338 -0.00000000 -0.99993634
vn -0.01128338 -0.00000000 -0.99993634
vn -0.01128338 -0.00000000 -0.99993634
vn -0.01128338 -0.00000000 -0.99993634
vn 0.01249822 -0.94201940 -0.33532539
vn 0.01249822 -0.94201940 -0.33532539
vn 0.01249822 -0.94201940 -0.33532539
vn 0.01249822 -0.94201940 -0.33532539
vn 0.00761111 -0.99974352 0.02132783
vn 0.00761111 -0.99974352 0.02132783
vn 0.00761111 -0.99974352 0.02132783
vn 0.00761111 -0.99974352 0.02132783
vn 0.00828602 -0.99986452 -0.01422027
vn 0.00828602 -0.99986452 -0.01422027
vn 0.00828602 -0.99986452 -0.01422027
vn 0.00828602 -0.99986452 -0.01422027
vn 0.00786940 -0.99968815 -0.02369634
vn 0.00786940 -0.99968815 -0.02369634
vn 0.00786940 -0.99968815 -0.02369634
vn 0.00786940 -0.99968815 -0.02369634
vn -0.01886260 -0.73814404 0.67437947
vn -0.01886260 -0.73814404 0.67437947
vn -0.01886260 -0.73814404 0.67437947
vn -0.01886260 -0.73814404 0.67437947
vn -0.08433007 0.00000000 0.99643791
vn -0.08433007 0.00000000 0.99643791
vn -0.08433007 0.00000000 0.99643791
vn -0.08433007 0.00000000 0.99643791
vn -0.34400046 0.64887625 0.67869240
vn -0.34400046 0.64887625 0.67869240
vn -0.34400046 0.64887625 0.67869240
vn -0.34400046 0.64887625 0.67869240
vn -0.33567172 0.93974751 0.06480076
vn -0.33567172 0.93974751 0.06480076
vn -0.33567172 0.93974751 0.06480076
vn -0.33567172 0.93974751 0.06480076
vn -0.33336625 0.94252294 0.02274725
vn -0.33336625 0.94252294 0.02274725
vn -0.33336625 0.94252294 0.02274725
vn -0.33336625 0.94252294 0.02274725
vn -0.32206216 0.94545507 -0.04889574
vn -0.32206216 0.94545507 -0.04889574
vn -0.32206216 0.94545507 -0.04889574
vn -0.32206216 0.94545507 -0.04889574
vn -0.19526263 0.89724398 -0.39601240
vn -0.19526263 0.89724398 -0.39601240
vn -0.19526263 0.89724398 -0.39601240
vn -0.19526263 0.89724398 -0.39601240
vn -0.02845165 -0.00000000 -0.99959517
vn -0.02845165 -0.00000000 -0.99959517
vn -0.02845165 -0.00000000 -0.99959517
vn -0.02845165 -0.00000000 -0.99959517
vn 0.03100975 -0.94625092 -0.32194361
vn 0.03100975 -0.94625092 -0.32194361
vn 0.03100975 -0.94625092 -0.32194361
vn 0.03100975 -0.94625092 -0.32194361
vn 0.01925519 -0.99960077 0.02067839
vn 0.01925519 -0.99960077 0.02067839
vn 0.01925519 -0.99960077 0.02067839
vn 0.01925519 -0.99960077 0.02067839
vn 0.02083603 -0.99968785 -0.01378679
vn 0.02083603 -0.99968785 -0.01378679
vn 0.02083603 -0.99968785 -0.01378679
vn 0.02083603 -0.99968785 -0.01378679
vn 0.01971425 -0.99954164 -0.02297463
vn 0.01971425 -0.99954164 -0.02297463
vn 0.01971425 -0.99954164 -0.02297463
vn 0.01971425 -0.99954164 -0.02297463
vn -0.04206727 -0.75244641 0.65730858
vn -0.04206727 -0.75244641 0.65730858
vn -0.04206727 -0.75244641 0.65730858
vn -0.04206727 -0.75244641 0.65730858
vn -0.20876989 0.00000000 0.97796488
vn -0.20876989 0.00000000 0.97796488
vn -0.20876989 0.00000000 0.97796488
vn -0.20876989 0.00000000 0.97796488
vn -0.44335628 0.65772939 0.60895592
vn -0.44335628 0.65772939 0.60895592
vn -0.44335628 0.65772939 0.60895592
vn -0.44335628 0.65772939 0.60895592
vn -0.42681229 0.90253621 0.05709273
vn -0.42681229 0.90253621 0.05709273
vn -0.42681229 0.90253621 0.05709273
vn -0.42681229 0.90253621 0.05709273
vn -0.42459509 0.90516156 0.02004055
vn -0.42459509 0.90516156 0.02004055
vn -0.42459509 0.90516156 0.02004055
vn -0.42459509 0.90516156 0.02004055
vn -0.41168922 0.91030031 -0.04318789
vn -0.41168922 0.91030031 -0.04318789
vn -0.41168922 0.91030031 -0.04318789
vn -0.41168922 0.91030031 -0.04318789
vn -0.25809777 0.89965451 -0.35214660
vn -0.25809777 0.89965451 -0.35214660
vn -0.25809777 0.89965451 -0.35214660
vn -0.25809777 0.89965451 -0.35214660
vn -0.03774187 -0.00000000 -0.99928749
vn -0.03774187 -0.00000000 -0.99928749
vn -0.03774187 -0.00000000 -0.99928749
vn -0.03774187 -0.00000000 -0.99928749
vn 0.03930347 -0.95744234 -0.28593612
vn 0.03930347 -0.95744234 -0.28593612
vn 0.03930347 -0.95744234 -0.28593612
vn 0.03930347 -0.95744234 -0.28593612
vn 0.02575715 -0.99948835 0.01896770
vn 0.02575715 -0.99948835 0.01896770
vn 0.02575715 -0.99948835 0.01896770
vn 0.02575715 -0.99948835 0.01896770
vn 0.02743096 -0.99954361 -0.01264586
vn 0.02743096 -0.99954361 -0.01264586
vn 0.02743096 -0.99954361 -0.01264586
vn 0.02743096 -0.99954361 -0.01264586
vn 0.02569246 -0.99944770 -0.02107436
vn 0.02569246 -0.99944770 -0.02107436
vn 0.02569246 -0.99944770 -0.02107436
vn 0.02569246 -0.99944770 -0.02107436
vn -0.03503664 -0.79272324 0.60857409
vn -0.03503664 -0.79272324 0.60857409
vn -0.03503664 -0.79272324 0.60857409
vn -0.03503664 -0.79272324 0.60857409
vn -0.27253994 0.00000000 0.96214432
vn -0.27253994 0.00000000 0.96214432
vn -0.27253994 0.00000000 0.96214432
vn -0.27253994 0.00000000 0.96214432
vn -0.45128310 0.72061974 0.52635604
vn -0.45128310 0.72061974 0.52635604
vn -0.45128310 0.72061974 0.52635604
vn -0.45128310 0.72061974 0.52635604
vn -0.42572051 0.90353894 0.04878002
vn -0.42572051 0.90353894 0.04878002
vn -0.42572051 0.90353894 0.04878002
vn -0.42572051 0.90353894 0.04878002
vn -0.42432266 0.90534949 0.01710722
vn -0.42432266 0.90534949 0.01710722
vn -0.42432266 0.90534949 0.01710722
vn -0.42432266 0.90534949 0.01710722
vn -0.41210118 0.91039205 -0.03686250
vn -0.41210118 0.91039205 -0.03686250
vn -0.41210118 0.91039205 -0.03686250
vn -0.41210118 0.91039205 -0.03686250
vn -0.26163420 0.92184359 -0.28592306
vn -0.26163420 0.92184359 -0.28592306
vn -0.26163420 0.92184359 -0.28592306
vn -0.26163420 0.92184359 -0.28592306
vn -0.03774152 -0.00000000 -0.99928755
vn -0.03774152 -0.00000000 -0.99928755
vn -0.03774152 -0.00000000 -0.99928755
vn -0.03774152 -0.00000000 -0.99928755
vn 0.03611449 -0.97371006 -0.22490990
vn 0.03611449 -0.97371006 -0.22490990
vn 0.03611449 -0.97371006 -0.22490990
vn 0.03611449 -0.97371006 -0.22490990
vn 0.02609938 -0.99952829 0.01618866
vn 0.02609938 -0.99952829 0.01618866
vn 0.02609938 -0.99952829 0.01618866
vn 0.02609938 -0.99952829 0.01618866
vn 0.02708542 -0.99957484 -0.01079292
vn 0.02708542 -0.99957484 -0.01079292
vn 0.02708542 -0.99957484 -0.01079292
vn 0.02708542 -0.99957484 -0.01079292
vn 0.02493852 -0.99952716 -0.01798746
vn 0.02493852 -0.99952716 -0.01798746
vn 0.02493852 -0.99952716 -0.01798746
vn 0.02493852 -0.99952716 -0.01798746
vn 0.00394700 -0.85920525 0.51161563
vn 0.00394700 -0.85920525 0.51161563
vn 0.00394700 -0.85920525 0.51161563
vn 0.00394700 -0.85920525 0.51161563
vn -0.27253997 0.00000000 0.96214443
vn -0.27253997 0.00000000 0.96214443
vn -0.27253997 0.00000000 0.96214443
vn -0.27253997 0.00000000 0.96214443
vn -0.35867172 0.83064079 0.42589954
vn -0.35867172 0.83064079 0.42589954
vn -0.35867172 0.83064079 0.42589954
vn -0.35867172 0.83064079 0.42589954
vn -0.33311525 0.94198859 0.04112854
vn -0.33311525 0.94198859 0.04112854
vn -0.33311525 0.94198859 0.04112854
vn -0.33311525 0.94198859 0.04112854
vn -0.33273149 0.94291145 0.01440910
vn -0.33273149 0.94291145 0.01440910
vn -0.33273149 0.94291145 0.01440910
vn -0.33273149 0.94291145 0.01440910
vn -0.32300234 0.94589114 -0.03097421
vn -0.32300234 0.94589114 -0.03097421
vn -0.32300234 0.94589114 -0.03097421
vn -0.32300234 0.94589114 -0.03097421
vn -0.20213360 0.95655507 -0.21010564
vn -0.20213360 0.95655507 -0.21010564
vn -0.20213360 0.95655507 -0.21010564
vn -0.20213360 0.95655507 -0.21010564
vn -0.02845164 -0.00000000 -0.99959517
vn -0.02845164 -0.00000000 -0.99959517
vn -0.02845164 -0.00000000 -0.99959517
vn -0.02845164 -0.00000000 -0.99959517
vn 0.02432609 -0.98781568 -0.15371554
vn 0.02432609 -0.98781568 -0.15371554
vn 0.02432609 -0.98781568 -0.15371554
vn 0.02432609 -0.98781568 -0.15371554
vn 0.01995914 -0.99971509 0.01309466
vn 0.01995914 -0.99971509 0.01309466
vn 0.01995914 -0.99971509 0.01309466
vn 0.01995914 -0.99971509 0.01309466
vn 0.02012494 -0.99975932 -0.00873016
vn 0.02012494 -0.99975932 -0.00873016
vn 0.02012494 -0.99975932 -0.00873016
vn 0.02012494 -0.99975932 -0.00873016
vn 0.01816326 -0.99972910 -0.01454983
vn 0.01816326 -0.99972910 -0.01454983
vn 0.01816326 -0.99972910 -0.01454983
vn 0.01816326 -0.99972910 -0.01454983
vn 0.04115786 -0.92654085 0.37393582
vn 0.04115786 -0.92654085 0.37393582
vn 0.04115786 -0.92654085 0.37393582
vn 0.04115786 -0.92654085 0.37393582
vn -0.20876981 0.00000000 0.97796488
vn -0.20876981 0.00000000 0.97796488
vn -0.20876981 0.00000000 0.97796488
vn -0.20876981 0.00000000 0.97796488
vn -0.14872728 0.93263400 0.32874608
vn -0.14872728 0.93263400 0.32874608
vn -0.14872728 0.93263400 0.32874608
vn -0.14872728 0.93263400 0.32874608
vn -0.13833803 0.98974174 0.03569003
vn -0.13833803 0.98974174 0.03569003
vn -0.13833803 0.98974174 0.03569003
vn -0.13833803 0.98974174 0.03569003
vn -0.13844298 0.99029154 0.01249841
vn -0.13844298 0.99029154 0.01249841
vn -0.13844298 0.99029154 0.01249841
vn -0.13844298 0.99029154 0.01249841
vn -0.13420445 0.99059135 -0.02679045
vn -0.13420445 0.99059135 -0.02679045
vn -0.13420445 0.99059135 -0.02679045
vn -0.13420445 0.99059135 -0.02679045
vn -0.08179319 0.98518246 -0.15074947
vn -0.08179319 0.98518246 -0.15074947
vn -0.08179319 0.98518246 -0.15074947
vn -0.08179319 0.98518246 -0.15074947
vn -0.01128339 -0.00000000 -0.99993634
vn -0.01128339 -0.00000000 -0.99993634
vn -0.01128339 -0.00000000 -0.99993634
vn -0.01128339 -0.00000000 -0.99993634
vn 0.00874865 -0.99498641 -0.09962691
vn 0.00874865 -0.99498641 -0.09962691
vn 0.00874865 -0.99498641 -0.09962691
vn 0.00874865 -0.99498641 -0.09962691
vn 0.00799798 -0.99990952 0.01081695
vn 0.00799798 -0.99990952 0.01081695
vn 0.00799798 -0.99990952 0.01081695
vn 0.00799798 -0.99990952 0.01081695
vn 0.00789513 -0.99994284 -0.00721157
vn 0.00789513 -0.99994284 -0.00721157
vn 0.00789513 -0.99994284 -0.00721157
vn 0.00789513 -0.99994284 -0.00721157
vn 0.00701693 -0.99990314 -0.01201876
vn 0.00701693 -0.99990314 -0.01201876
vn 0.00701693 -0.99990314 -0.01201876
vn 0.00701693 -0.99990314 -0.01201876
vn 0.02858475 -0.96687317 0.25365171
vn 0.02858475 -0.96687317 0.25365171
vn 0.02858475 -0.96687317 0.25365171
vn 0.02858475 -0.96687317 0.25365171
vn -0.08433010 0.00000000 0.99643785
vn -0.08433010 0.00000000 0.99643785
vn -0.08433010 0.00000000 0.99643785
vn -0.08433010 0.00000000 0.99643785
vn 0.99999994 -0.00000000 -0.00000000
vn 0.99999994 -0.00000000 -0.00000000
vn 0.99999994 -0.00000000 -0.00000000
vn 1.00000000 -0.00000000 -0.00000000
vn 1.00000000 -0.00000000 -0.00000000
vn 1.00000000 -0.00000000 -0.00000000
vn 1.00000000 -0.00000000 -0.00000000
vn 1.00000000 -0.00000000 -0.00000000
vn 1.00000000 -0.00000000 -0.00000000
vn 1.00000000 -0.00000000 -0.00000000
vn 1.00000000 -0.00000000 -0.00000000
vn 1.00000000 -0.00000000 -0.00000000
vn 1.00000000 -0.00000000 -0.00000000
vn 1.00000000 -0.00000000 -0.00000000
vn 1.00000000 -0.00000000 -0.00000000
vn 1.00000000 -0.00000000 0.00000000
vn 1.00000000 -0.00000000 0.00000000
vn 1.00000000 -0.00000000 0.00000000
vn 1.00000000 -0.00000000 -0.00000000
vn 1.00000000 -0.00000000 -0.00000000
vn 1.00000000 -0.00000000 -0.00000000
vn 1.00000000 -0.00000000 -0.00000000
vn 1.00000000 -0.00000000 -0.00000000
vn 1.00000000 -0.00000000 -0.00000000
vn 1.00000000 0.00000000 -0.00000000
vn 1.00000000 0.00000000 -0.00000000
vn 1.00000000 0.00000000 -0.00000000
vn 1.00000000 -0.00000000 -0.00000000
vn 1.00000000 -0.00000000 -0.00000000
vn 1.00000000 -0.00000000 -0.00000000
vn 1.00000000 -0.00000000 -0.00000000
vn 1.00000000 -0.00000000 -0.00000000
vn 1.00000000 -0.00000000 -0.00000000
vn 1.00000000 -0.00000000 -0.00000000
vn 1.00000000 -0.00000000 -0.00000000
vn 1.00000000 -0.00000000 -0.00000000
vn -1.00000000 0.00000000 0.00000000
vn -1.00000000 0.00000000 0.00000000
vn -1.00000000 0.00000000 0.00000000
vn -1.00000000 0.00000000 0.00000000
vn -1.00000000 0.00000000 0.00000000
vn -1.00000000 0.00000000 0.00000000
vn -0.99999994 0.00000000 0.00000000
vn -0.99999994 0.00000000 0.00000000
vn -0.99999994 0.00000000 0.00000000
vn -1.00000000 0.00000000 0.00000000
vn -1.00000000 0.00000000 0.00000000
vn -1.00000000 0.00000000 0.00000000
vn -0.99999994 0.00000000 0.00000000
vn -0.99999994 0.00000000 0.00000000
vn -0.99999994 0.00000000 0.00000000
vn -1.00000000 0.00000000 -0.00000000
vn -1.00000000 0.00000000 -0.00000000
vn -1.00000000 0.00000000 -0.00000000
vn -1.00000000 0.00000000 0.00000000
vn -1.00000000 0.00000000 0.00000000
vn -1.00000000 0.00000000 0.00000000
vn -1.00000000 0.00000000 0.00000000
vn -1.00000000 0.00000000 0.00000000
vn -1.00000000 0.00000000 0.00000000
vn -1.00000000 -0.00000000 0.00000000
vn -1.00000000 -0.00000000 0.00000000
vn -1.00000000 -0.00000000 0.00000000
vn -1.00000000 0.00000000 0.00000000
vn -1.00000000 0.00000000 0.00000000
vn -1.00000000 0.00000000 0.00000000
vn -1.00000000 0.00000000 0.00000000
vn -1.00000000 0.00000000 0.00000000
vn -1.00000000 0.00000000 0.00000000
vn -0.99999994 0.00000000 0.00000000
vn -0.99999994 0.00000000 0.00000000
vn -0.99999994 0.00000000 0.00000000
vn -0.91077965 0.32644436 -0.25281298
vn -0.91077965 0.32644436 -0.25281298
vn -0.91077965 0.32644436 -0.25281298
vn -0.91077965 0.32644436 -0.25281298
vn -0.46925861 0.85756326 -0.21066956
vn -0.46925861 0.85756326 -0.21066956
vn -0.46925861 0.85756326 -0.21066956
vn -0.46925861 0.85756326 -0.21066956
vn 0.00000000 0.97139901 -0.23745325
vn 0.00000000 0.97139901 -0.23745325
vn 0.00000000 0.97139901 -0.23745325
vn 0.00000000 0.97139901 -0.23745325
vn 0.46357134 0.84716988 -0.25962418
vn 0.46357134 0.84716988 -0.25962418
vn 0.46357134 0.84716988 -0.25962418
vn 0.46357134 0.84716988 -0.25962418
vn 0.90294784 0.32363725 -0.28274393
vn 0.90294784 0.32363725 -0.28274393
vn 0.90294784 0.32363725 -0.28274393
vn 0.90294784 0.32363725 -0.28274393
vn 0.00000000 -0.98811650 -0.15370698
vn 0.00000000 -0.98811650 -0.15370698
vn 0.00000000 -0.98811650 -0.15370698
vn 0.00000000 -0.98811650 -0.15370698
vn -0.91387731 0.30322203 0.26997182
vn -0.91387731 0.30322203 0.26997182
vn -0.91387731 0.30322203 0.26997182
vn -0.91387731 0.30322203 0.26997182
vn -0.50353730 0.85184860 0.14423564
vn -0.50353730 0.85184860 0.14423564
vn -0.50353730 0.85184860 0.14423564
vn -0.50353730 0.85184860 0.14423564
vn 0.00000000 0.99711007 0.07597031
vn 0.00000000 0.99711007 0.07597031
vn 0.00000000 0.99711007 0.07597031
vn 0.00000000 0.99711007 0.07597031
vn 0.50503623 0.85438442 0.12233343
vn 0.50503623 0.85438442 0.12233343
vn 0.50503623 0.85438442 0.12233343
vn 0.50503623 0.85438442 0.12233343
vn 0.91700715 0.30426052 0.25792116
vn 0.91700715 0.30426052 0.25792116
vn 0.91700715 0.30426052 0.25792116
vn 0.91700715 0.30426052 0.25792116
vn 0.00000000 -0.99353266 0.11354655
vn 0.00000000 -0.99353266 0.11354655
vn 0.00000000 -0.99353266 0.11354655
vn 0.00000000 -0.99353266 0.11354655
vn -0.71220428 0.18666629 0.67669845
vn -0.71220428 0.18666629 0.67669845
vn -0.71220428 0.18666629 0.67669845
vn -0.71220428 0.18666629 0.67669845
vn -0.51872450 0.69319659 0.50040317
vn -0.51872450 0.69319659 0.50040317
vn -0.51872450 0.69319659 0.50040317
vn -0.51872450 0.69319659 0.50040317
vn 0.00000000 0.95039713 0.31103915
vn 0.00000000 0.95039713 0.31103915
vn 0.00000000 0.95039713 0.31103915
vn 0.00000000 0.95039713 0.31103915
vn 0.54118395 0.72321033 0.42905337
vn 0.54118395 0.72321033 0.42905337
vn 0.54118395 0.72321033 0.42905337
vn 0.54118395 0.72321033 0.42905337
vn 0.73127592 0.19166510 0.65459913
vn 0.73127592 0.19166510 0.65459913
vn 0.73127592 0.19166510 0.65459913
vn 0.73127592 0.19166510 0.65459913
vn 0.00000000 -0.93979347 0.34174296
vn 0.00000000 -0.93979347 0.34174296
vn 0.00000000 -0.93979347 0.34174296
vn 0.00000000 -0.93979347 0.34174296
vn -0.00000000 0.00000000 -1.00000000
vn -0.00000000 0.00000000 -1.00000000
vn -0.00000000 0.00000000 -1.00000000
vn 0.00000000 0.00000000 -0.99999994
vn 0.00000000 0.00000000 -0.99999994
vn 0.00000000 0.00000000 -0.99999994
vn 0.00000000 0.00000000 -0.99999994
vn 0.00000000 0.00000000 -0.99999994
vn 0.00000000 0.00000000 -0.99999994
vn 0.00000000 0.00000000 -0.99999994
vn 0.00000000 0.00000000 -0.99999994
vn 0.00000000 0.00000000 -0.99999994
vn 0.00000000 0.00000000 -1.00000000
vn 0.00000000 0.00000000 -1.00000000
vn 0.00000000 0.00000000 -1.00000000
vn 0.00000000 -0.00000000 -1.00000000
vn 0.00000000 -0.00000000 -1.00000000
vn 0.00000000 -0.00000000 -1.00000000
vn -0.00000107 0.00000028 1.00000000
vn -0.00000107 0.00000028 1.00000000
vn -0.00000107 0.00000028 1.00000000
vn -0.00000097 0.00000130 1.00000000
vn -0.00000097 0.00000130 1.00000000
vn -0.00000097 0.00000130 1.00000000
vn -0.00000000 0.00000202 0.99999994
vn -0.00000000 0.00000202 0.99999994
vn -0.00000000 0.00000202 0.99999994
vn 0.00000097 0.00000130 1.00000000
vn 0.00000097 0.00000130 1.00000000
vn 0.00000097 0.00000130 1.00000000
vn 0.00000107 0.00000028 1.00000000
vn 0.00000107 0.00000028 1.00000000
vn 0.00000107 0.00000028 1.00000000
vn -0.00000000 -0.00000172 1.00000000
vn -0.00000000 -0.00000172 1.00000000
vn -0.00000000 -0.00000172 1.00000000
vn 0.19459368 0.97754383 -0.08087760
vn 0.19459368 0.97754383 -0.08087760
vn 0.19459368 0.97754383 -0.08087760
vn 0.19459368 0.97754383 -0.08087760
vn 0.18016361 0.98339540 -0.02177974
vn 0.18016361 0.98339540 -0.02177974
vn 0.18016361 0.98339540 -0.02177974
vn 0.18016361 0.98339540 -0.02177974
vn 0.12678526 0.98350203 0.12903175
vn 0.12678526 0.98350203 0.12903175
vn 0.12678526 0.98350203 0.12903175
vn 0.12678526 0.98350203 0.12903175
vn 0.10088459 0.97770923 0.18413799
vn 0.10088459 0.97770923 0.18413799
vn 0.10088459 0.97770923 0.18413799
vn 0.10088459 0.97770923 0.18413799
vn -0.49898601 0.00000000 0.86661011
vn -0.49898601 0.00000000 0.86661011
vn -0.49898601 0.00000000 0.86661011
vn -0.49898601 0.00000000 0.86661011
vn -0.24466386 -0.96904218 -0.03311766
vn -0.24466386 -0.96904218 -0.03311766
vn -0.24466386 -0.96904218 -0.03311766
vn -0.24466386 -0.96904218 -0.03311766
vn -0.23156171 -0.97075874 -0.06329609
vn -0.23156171 -0.97075874 -0.06329609
vn -0.23156171 -0.97075874 -0.06329609
vn -0.23156171 -0.97075874 -0.06329609
vn -0.22071995 -0.97072661 -0.09472308
vn -0.22071995 -0.97072661 -0.09472308
vn -0.22071995 -0.97072661 -0.09472308
vn -0.22071995 -0.97072661 -0.09472308
vn -0.21239373 -0.96895307 -0.12656589
vn -0.21239373 -0.96895307 -0.12656589
vn -0.21239373 -0.96895307 -0.12656589
vn -0.21239373 -0.96895307 -0.12656589
vn 0.14926249 0.00000000 -0.98879755
vn 0.14926249 0.00000000 -0.98879755
vn 0.14926249 0.00000000 -0.98879755
vn 0.14926249 0.00000000 -0.98879755
vn 0.19491167 0.97727579 -0.08331531
vn 0.19491167 0.97727579 -0.08331531
vn 0.19491167 0.97727579 -0.08331531
vn 0.19491167 0.97727579 -0.08331531
vn 0.18200326 0.98303860 -0.02257981
vn 0.18200326 0.98303860 -0.02257981
vn 0.18200326 0.98303860 -0.02257981
vn 0.18200326 0.98303860 -0.02257981
vn 0.12879632 0.98295897 0.13116112
vn 0.12879632 0.98295897 0.13116112
vn 0.12879632 0.98295897 0.13116112
vn 0.12879632 0.98295897 0.13116112
vn 0.10136022 0.97715330 0.18680887
vn 0.10136022 0.97715330 0.18680887
vn 0.10136022 0.97715330 0.18680887
vn 0.10136022 0.97715330 0.18680887
vn -0.49898636 0.00000000 0.86660993
vn -0.49898636 0.00000000 0.86660993
vn -0.49898636 0.00000000 0.86660993
vn -0.49898636 0.00000000 0.86660993
vn -0.24508059 -0.96896273 -0.03235640
vn -0.24508059 -0.96896273 -0.03235640
vn -0.24508059 -0.96896273 -0.03235640
vn -0.24508059 -0.96896273 -0.03235640
vn -0.23116162 -0.97088337 -0.06284773
vn -0.23116162 -0.97088337 -0.06284773
vn -0.23116162 -0.97088337 -0.06284773
vn -0.23116162 -0.97088337 -0.06284773
vn -0.21991298 -0.97090703 -0.09475075
vn -0.21991298 -0.97090703 -0.09475075
vn -0.21991298 -0.97090703 -0.09475075
vn -0.21991298 -0.97090703 -0.09475075
vn -0.21165526 -0.96902847 -0.12722315
vn -0.21165526 -0.96902847 -0.12722315
vn -0.21165526 -0.96902847 -0.12722315
vn -0.21165526 -0.96902847 -0.12722315
vn 0.14926273 0.00000000 -0.98879755
vn 0.14926273 0.00000000 -0.98879755
vn 0.14926273 0.00000000 -0.98879755
vn 0.14926273 0.00000000 -0.98879755
vn 0.19660175 0.97573096 -0.09642109
vn 0.19660175 0.97573096 -0.09642109
vn 0.19660175 0.97573096 -0.09642109
vn 0.19660175 0.97573096 -0.09642109
vn 0.18525569 0.98225307 -0.02931152
vn 0.18525569 0.98225307 -0.02931152
vn 0.18525569 0.98225307 -0.02931152
vn 0.18525569 0.98225307 -0.02931152
vn 0.12879647 0.98188108 0.13900040
vn 0.12879647 0.98188108 0.13900040
vn 0.12879647 0.98188108 0.13900040
vn 0.12879647 0.98188108 0.13900040
vn 0.09720951 0.97517061 0.19897895
vn 0.09720951 0.97517061 0.19897895
vn 0.09720951 0.97517061 0.19897895
vn 0.09720951 0.97517061 0.19897895
vn -0.49898598 0.00000000 0.86660999
vn -0.49898598 0.00000000 0.86660999
vn -0.49898598 0.00000000 0.86660999
vn -0.49898598 0.00000000 0.86660999
vn -0.24732177 -0.96852130 -0.02825540
vn -0.24732177 -0.96852130 -0.02825540
vn -0.24732177 -0.96852130 -0.02825540
vn -0.24732177 -0.96852130 -0.02825540
vn -0.23127063 -0.97096062 -0.06123229
vn -0.23127063 -0.97096062 -0.06123229
vn -0.23127063 -0.97096062 -0.06123229
vn -0.23127063 -0.97096062 -0.06123229
vn -0.21866059 -0.97107029 -0.09596825
vn -0.21866059 -0.97107029 -0.09596825
vn -0.21866059 -0.97107029 -0.09596825
vn -0.21866059 -0.97107029 -0.09596825
vn -0.20994437 -0.96882653 -0.13152389
vn -0.20994437 -0.96882653 -0.13152389
vn -0.20994437 -0.96882653 -0.13152389
vn -0.20994437 -0.96882653 -0.13152389
vn 0.14926265 0.00000000 -0.98879761
vn 0.14926265 0.00000000 -0.98879761
vn 0.14926265 0.00000000 -0.98879761
vn 0.14926265 0.00000000 -0.98879761
vn 0.94403976 0.00000012 0.32983190
vn 0.94403976 0.00000012 0.32983190
vn 0.94403964 0.00000012 0.32983187
vn 0.94403970 0.00000019 0.32983184
vn 0.94403976 0.00000019 0.32983187
vn 0.94403970 0.00000019 0.32983184
vn 0.94403964 0.00000019 0.32983187
vn 0.94403976 0.00000019 0.32983190
vn 0.94403964 0.00000019 0.32983187
vn 0.94403970 0.00000018 0.32983187
vn 0.94403976 0.00000018 0.32983190
vn 0.94403970 0.00000018 0.32983187
vn 0.94403964 0.00000000 0.32983193
vn 0.94403970 0.00000000 0.32983196
vn 0.94403964 0.00000000 0.32983193
vn 0.94403970 -0.00000022 0.32983187
vn 0.94403976 -0.00000022 0.32983190
vn 0.94403970 -0.00000022 0.32983187
vn 0.94403970 -0.00000022 0.32983193
vn 0.94403970 -0.00000022 0.32983193
vn 0.94403970 -0.00000022 0.32983193
vn 0.94403976 -0.00000022 0.32983193
vn 0.94403976 -0.00000022 0.32983193
vn 0.94403976 -0.00000022 0.32983193
vn 0.94403970 -0.00000014 0.32983184
vn 0.94403970 -0.00000014 0.32983184
vn 0.94403970 -0.00000014 0.32983184
vn 0.94403970 0.00000000 0.32983181
vn 0.94403970 0.00000000 0.32983181
vn 0.94403970 0.00000000 0.32983181
vn -0.94403994 -0.00000171 -0.32983142
vn -0.94403994 -0.00000171 -0.32983142
vn -0.94403994 -0.00000171 -0.32983142
vn -0.94403982 -0.00000181 -0.32983145
vn -0.94403982 -0.00000181 -0.32983145
vn -0.94403982 -0.00000181 -0.32983145
vn -0.94403976 -0.00000181 -0.32983184
vn -0.94403976 -0.00000181 -0.32983184
vn -0.94403970 -0.00000181 -0.32983181
vn -0.94403964 -0.00000171 -0.32983193
vn -0.94403964 -0.00000171 -0.32983193
vn -0.94403964 -0.00000171 -0.32983193
vn -0.94403946 0.00000000 -0.32983258
vn -0.94403946 0.00000000 -0.32983258
vn -0.94403946 0.00000000 -0.32983258
vn -0.94403976 0.00000193 -0.32983175
vn -0.94403976 0.00000193 -0.32983175
vn -0.94403976 0.00000193 -0.32983175
vn -0.94403976 0.00000200 -0.32983163
vn -0.94403976 0.00000200 -0.32983163
vn -0.94403976 0.00000200 -0.32983166
vn -0.94403976 0.00000200 -0.32983160
vn -0.94403976 0.00000200 -0.32983160
vn -0.94403976 0.00000200 -0.32983160
vn -0.94403976 0.00000193 -0.32983160
vn -0.94403976 0.00000193 -0.32983160
vn -0.94403976 0.00000193 -0.32983160
vn -0.94404012 -0.00000000 -0.32983077
vn -0.94404012 -0.00000000 -0.32983077
vn -0.94404012 -0.00000000 -0.32983077
vn 0.86512589 0.32195812 -0.38457790
vn 0.86512589 0.32195812 -0.38457790
vn 0.86512589 0.32195812 -0.38457790
vn 0.86512589 0.32195812 -0.38457790
vn 0.55066848 0.76481813 -0.33439085
vn 0.55066848 0.76481813 -0.33439085
vn 0.55066848 0.76481813 -0.33439085
vn 0.55066848 0.76481813 -0.33439085
vn 0.18071623 0.93672514 -0.29981253
vn 0.18071623 0.93672514 -0.29981253
vn 0.18071623 0.93672514 -0.29981253
vn 0.18071623 0.93672514 -0.29981253
vn -0.18071632 0.93672514 -0.29981250
vn -0.18071632 0.93672514 -0.29981250
vn -0.18071632 0.93672514 -0.29981250
vn -0.18071632 0.93672514 -0.29981250
vn -0.55066860 0.76481807 -0.33439106
vn -0.55066860 0.76481807 -0.33439106
vn -0.55066860 0.76481807 -0.33439106
vn -0.55066860 0.76481807 -0.33439106
vn -0.86512637 0.32195652 -0.38457814
vn -0.86512637 0.32195652 -0.38457814
vn -0.86512637 0.32195652 -0.38457814
vn -0.86512637 0.32195652 -0.38457814
vn -0.86512667 -0.32195652 -0.38457736
vn -0.86512667 -0.32195652 -0.38457736
vn -0.86512667 -0.32195652 -0.38457736
vn -0.86512667 -0.32195652 -0.38457736
vn -0.55066830 -0.76481831 -0.33439088
vn -0.55066830 -0.76481831 -0.33439088
vn -0.55066830 -0.76481831 -0.33439088
vn -0.55066830 -0.76481831 -0.33439088
vn -0.18071623 -0.93672514 -0.29981253
vn -0.18071623 -0.93672514 -0.29981253
vn -0.18071623 -0.93672514 -0.29981253
vn -0.18071623 -0.93672514 -0.29981253
vn 0.18071657 -0.93672508 -0.29981261
vn 0.18071657 -0.93672508 -0.29981261
vn 0.18071657 -0.93672508 -0.29981261
vn 0.18071657 -0.93672508 -0.29981261
vn 0.55066860 -0.76481831 -0.33439073
vn 0.55066860 -0.76481831 -0.33439073
vn 0.55066860 -0.76481831 -0.33439073
vn 0.55066860 -0.76481831 -0.33439073
vn 0.86512583 -0.32195827 -0.38457784
vn 0.86512583 -0.32195827 -0.38457784
vn 0.86512583 -0.32195827 -0.38457784
vn 0.86512583 -0.32195827 -0.38457784
vn 0.93668747 0.34858996 -0.03319307
vn 0.93668747 0.34858996 -0.03319307
vn 0.93668747 0.34858996 -0.03319307
vn 0.93668747 0.34858996 -0.03319307
vn 0.58407098 0.81121010 -0.02827341
vn 0.58407098 0.81121010 -0.02827341
vn 0.58407098 0.81121010 -0.02827341
vn 0.58407098 0.81121010 -0.02827341
vn 0.18937097 0.98158610 -0.02504453
vn 0.18937097 0.98158610 -0.02504453
vn 0.18937097 0.98158610 -0.02504453
vn 0.18937097 0.98158610 -0.02504453
vn -0.18937111 0.98158610 -0.02504455
vn -0.18937111 0.98158610 -0.02504455
vn -0.18937111 0.98158610 -0.02504455
vn -0.18937111 0.98158610 -0.02504455
vn -0.58407050 0.81121039 -0.02827298
vn -0.58407050 0.81121039 -0.02827298
vn -0.58407050 0.81121039 -0.02827298
vn -0.58407050 0.81121039 -0.02827298
vn -0.93668818 0.34858760 -0.03319340
vn -0.93668818 0.34858760 -0.03319340
vn -0.93668818 0.34858760 -0.03319340
vn -0.93668818 0.34858760 -0.03319340
vn -0.93668735 -0.34858987 -0.03319306
vn -0.93668735 -0.34858987 -0.03319306
vn -0.93668735 -0.34858987 -0.03319306
vn -0.93668735 -0.34858987 -0.03319306
vn -0.58407128 -0.81120974 -0.02827340
vn -0.58407128 -0.81120974 -0.02827340
vn -0.58407128 -0.81120974 -0.02827340
vn -0.58407128 -0.81120974 -0.02827340
vn -0.18937097 -0.98158610 -0.02504453
vn -0.18937097 -0.98158610 -0.02504453
vn -0.18937097 -0.98158610 -0.02504453
vn -0.18937097 -0.98158610 -0.02504453
vn 0.18937118 -0.98158622 -0.02504451
vn 0.18937118 -0.98158622 -0.02504451
vn 0.18937118 -0.98158622 -0.02504451
vn 0.18937118 -0.98158622 -0.02504451
vn 0.58407146 -0.81120968 -0.02827333
vn 0.58407146 -0.81120968 -0.02827333
vn 0.58407146 -0.81120968 -0.02827333
vn 0.58407146 -0.81120968 -0.02827333
vn 0.93668735 -0.34859005 -0.03319284
vn 0.93668735 -0.34859005 -0.03319284
vn 0.93668735 -0.34859005 -0.03319284
vn 0.93668735 -0.34859005 -0.03319284
vn 0.93430233 0.34770128 0.07863275
vn 0.93430233 0.34770128 0.07863275
vn 0.93430233 0.34770128 0.07863275
vn 0.93430233 0.34770128 0.07863275
vn 0.58299083 0.80970943 0.06702493
vn 0.58299083 0.80970943 0.06702493
vn 0.58299083 0.80970943 0.06702493
vn 0.58299083 0.80970943 0.06702493
vn 0.18909590 0.98016071 0.05939434
vn 0.18909590 0.98016071 0.05939434
vn 0.18909590 0.98016071 0.05939434
vn 0.18909590 0.98016071 0.05939434
vn -0.18909602 0.98016071 0.05939431
vn -0.18909602 0.98016071 0.05939431
vn -0.18909602 0.98016071 0.05939431
vn -0.18909602 0.98016071 0.05939431
vn -0.58299148 0.80970901 0.06702455
vn -0.58299148 0.80970901 0.06702455
vn -0.58299148 0.80970901 0.06702455
vn -0.58299148 0.80970901 0.06702455
vn -0.93430138 0.34770352 0.07863282
vn -0.93430138 0.34770352 0.07863282
vn -0.93430138 0.34770352 0.07863282
vn -0.93430138 0.34770352 0.07863282
vn -0.93430138 -0.34770337 0.07863275
vn -0.93430138 -0.34770337 0.07863275
vn -0.93430138 -0.34770337 0.07863275
vn -0.93430138 -0.34770337 0.07863275
vn -0.58299112 -0.80970913 0.06702511
vn -0.58299112 -0.80970913 0.06702511
vn -0.58299112 -0.80970913 0.06702511
vn -0.58299112 -0.80970913 0.06702511
vn -0.18909590 -0.98016071 0.05939434
vn -0.18909590 -0.98016071 0.05939434
vn -0.18909590 -0.98016071 0.05939434
vn -0.18909590 -0.98016071 0.05939434
vn 0.18909626 -0.98016059 0.05939428
vn 0.18909626 -0.98016059 0.05939428
vn 0.18909626 -0.98016059 0.05939428
vn 0.18909626 -0.98016059 0.05939428
vn 0.58299083 -0.80970943 0.06702473
vn 0.58299083 -0.80970943 0.06702473
vn 0.58299083 -0.80970943 0.06702473
vn 0.58299083 -0.80970943 0.06702473
vn 0.93430227 -0.34770146 0.07863258
vn 0.93430227 -0.34770146 0.07863258
vn 0.93430227 -0.34770146 0.07863258
vn 0.93430227 -0.34770146 0.07863258
vn 0.68065381 0.25330633 0.68742007
vn 0.68065381 0.25330633 0.68742007
vn 0.68065381 0.25330633 0.68742007
vn 0.68065381 0.25330633 0.68742007
vn 0.45490649 0.63181448 0.62759107
vn 0.45490649 0.63181448 0.62759107
vn 0.45490649 0.63181448 0.62759107
vn 0.45490649 0.63181448 0.62759107
vn 0.15416728 0.79911107 0.58107996
vn 0.15416728 0.79911107 0.58107996
vn 0.15416728 0.79911107 0.58107996
vn 0.15416728 0.79911107 0.58107996
vn -0.15416722 0.79911113 0.58107990
vn -0.15416722 0.79911113 0.58107990
vn -0.15416722 0.79911113 0.58107990
vn -0.15416722 0.79911113 0.58107990
vn -0.45490652 0.63181436 0.62759119
vn -0.45490652 0.63181436 0.62759119
vn -0.45490652 0.63181436 0.62759119
vn -0.45490652 0.63181436 0.62759119
vn -0.68065429 0.25330552 0.68741983
vn -0.68065429 0.25330552 0.68741983
vn -0.68065429 0.25330552 0.68741983
vn -0.68065429 0.25330552 0.68741983
vn -0.68065339 -0.25330716 0.68742013
vn -0.68065339 -0.25330716 0.68742013
vn -0.68065339 -0.25330716 0.68742013
vn -0.68065339 -0.25330716 0.68742013
vn -0.45490652 -0.63181484 0.62759078
vn -0.45490652 -0.63181484 0.62759078
vn -0.45490652 -0.63181484 0.62759078
vn -0.45490652 -0.63181484 0.62759078
vn -0.15416746 -0.79911113 0.58107990
vn -0.15416746 -0.79911113 0.58107990
vn -0.15416746 -0.79911113 0.58107990
vn -0.15416746 -0.79911113 0.58107990
vn 0.15416734 -0.79911113 0.58107996
vn 0.15416734 -0.79911113 0.58107996
vn 0.15416734 -0.79911113 0.58107996
vn 0.15416734 -0.79911113 0.58107996
vn 0.45490634 -0.63181418 0.62759161
vn 0.45490634 -0.63181418 0.62759161
vn 0.45490634 -0.63181418 0.62759161
vn 0.45490634 -0.63181418 0.62759161
vn 0.68065387 -0.25330544 0.68742031
vn 0.68065387 -0.25330544 0.68742031
vn 0.68065387 -0.25330544 0.68742031
vn 0.68065387 -0.25330544 0.68742031
vn 0.00000154 0.00000057 -1.00000000
vn 0.00000154 0.00000057 -1.00000000
vn 0.00000154 0.00000057 -1.00000000
vn 0.00000113 0.00000157 -1.00000000
vn 0.00000113 0.00000157 -1.00000000
vn 0.00000113 0.00000157 -1.00000000
vn 0.00000041 0.00000214 -1.00000000
vn 0.00000041 0.00000214 -1.00000000
vn 0.00000041 0.00000214 -1.00000000
vn -0.00000041 0.00000214 -1.00000000
vn -0.00000041 0.00000214 -1.00000000
vn -0.00000041 0.00000214 -1.00000000
vn -0.00000113 0.00000157 -1.00000000
vn -0.00000113 0.00000157 -1.00000000
vn -0.00000113 0.00000157 -1.00000000
vn -0.00000154 0.00000057 -1.00000000
vn -0.00000154 0.00000057 -1.00000000
vn -0.00000154 0.00000057 -1.00000000
vn -0.00000154 -0.00000057 -1.00000000
vn -0.00000154 -0.00000057 -1.00000000
vn -0.00000154 -0.00000057 -1.00000000
vn -0.00000113 -0.00000157 -1.00000000
vn -0.00000113 -0.00000157 -1.00000000
vn -0.00000113 -0.00000157 -1.00000000
vn -0.00000041 -0.00000214 -1.00000000
vn -0.00000041 -0.00000214 -1.00000000
vn -0.00000041 -0.00000214 -1.00000000
vn 0.00000041 -0.00000214 -1.00000000
vn 0.00000041 -0.00000214 -1.00000000
vn 0.00000041 -0.00000214 -1.00000000
vn 0.00000113 -0.00000157 -1.00000000
vn 0.00000113 -0.00000157 -1.00000000
vn 0.00000113 -0.00000157 -1.00000000
vn 0.00000154 -0.00000057 -1.00000000
vn 0.00000154 -0.00000057 -1.00000000
vn 0.00000154 -0.00000057 -1.00000000
vn -0.00000092 -0.00000034 1.00000000
vn -0.00000092 -0.00000034 1.00000000
vn -0.00000092 -0.00000034 1.00000000
vn -0.00000067 -0.00000093 1.00000000
vn -0.00000067 -0.00000093 1.00000000
vn -0.00000067 -0.00000093 1.00000000
vn -0.00000025 -0.00000128 1.00000000
vn -0.00000025 -0.00000128 1.00000000
vn -0.00000025 -0.00000128 1.00000000
vn 0.00000025 -0.00000128 1.00000000
vn 0.00000025 -0.00000128 1.00000000
vn 0.00000025 -0.00000128 1.00000000
vn 0.00000067 -0.00000093 1.00000000
vn 0.00000067 -0.00000093 1.00000000
vn 0.00000067 -0.00000093 1.00000000
vn 0.00000092 -0.00000034 1.00000000
vn 0.00000092 -0.00000034 1.00000000
vn 0.00000092 -0.00000034 1.00000000
vn 0.00000092 0.00000034 1.00000000
vn 0.00000092 0.00000034 1.00000000
vn 0.00000092 0.00000034 1.00000000
vn 0.00000067 0.00000093 1.00000000
vn 0.00000067 0.00000093 1.00000000
vn 0.00000067 0.00000093 1.00000000
vn 0.00000025 0.00000128 1.00000000
vn 0.00000025 0.00000128 1.00000000
vn 0.00000025 0.00000128 1.00000000
vn -0.00000025 0.00000128 1.00000000
vn -0.00000025 0.00000128 1.00000000
vn -0.00000025 0.00000128 1.00000000
vn -0.00000067 0.00000093 1.00000000
vn -0.00000067 0.00000093 1.00000000
vn -0.00000067 0.00000093 1.00000000
vn -0.00000092 0.00000034 1.00000000
vn -0.00000092 0.00000034 1.00000000
vn -0.00000092 0.00000034 1.00000000
vn 0.96592581 0.25881937 0.00000000
vn 0.96592569 0.25881934 0.00000000
vn 0.96592581 0.25881937 0.00000000
vn 0.96592569 0.25881934 0.00000000
vn 0.00000000 0.00000000 1.00000000
vn 0.00000000 0.00000000 1.00000000
vn 0.00000000 0.00000000 1.00000000
vn 0.00000000 0.00000000 -1.00000000
vn 0.00000000 0.00000000 -1.00000000
vn 0.00000000 0.00000000 -1.00000000
vn 0.70710683 0.70710683 0.00000000
vn 0.70710683 0.70710683 0.00000000
vn 0.70710683 0.70710683 0.00000000
vn 0.70710683 0.70710683 0.00000000
vn 0.00000000 0.00000000 1.00000000
vn 0.00000000 0.00000000 1.00000000
vn 0.00000000 0.00000000 1.00000000
vn 0.00000000 0.00000000 -1.00000000
vn 0.00000000 0.00000000 -1.00000000
vn 0.00000000 0.00000000 -1.00000000
vn 0.25881875 0.96592593 0.00000000
vn 0.25881875 0.96592593 0.00000000
vn 0.25881875 0.96592593 0.00000000
vn 0.25881875 0.96592593 0.00000000
vn 0.00000000 0.00000000 1.00000000
vn 0.00000000 0.00000000 1.00000000
vn 0.00000000 0.00000000 1.00000000
vn 0.00000000 0.00000000 -1.00000000
vn 0.00000000 0.00000000 -1.00000000
vn 0.00000000 0.00000000 -1.00000000
vn -0.25881889 0.96592593 0.00000000
vn -0.25881889 0.96592593 0.00000000
vn -0.25881884 0.96592587 0.00000000
vn -0.25881884 0.96592587 0.00000000
vn 0.00000000 0.00000000 1.00000000
vn 0.00000000 0.00000000 1.00000000
vn 0.00000000 0.00000000 1.00000000
vn 0.00000000 0.00000000 -1.00000000
vn 0.00000000 0.00000000 -1.00000000
vn 0.00000000 0.00000000 -1.00000000
vn -0.70710689 0.70710671 0.00000000
vn -0.70710683 0.70710671 0.00000000
vn -0.70710689 0.70710671 0.00000000
vn -0.70710683 0.70710671 0.00000000
vn 0.00000000 0.00000000 1.00000000
vn 0.00000000 0.00000000 1.00000000
vn 0.00000000 0.00000000 1.00000000
vn 0.00000000 0.00000000 -1.00000000
vn 0.00000000 0.00000000 -1.00000000
vn 0.00000000 0.00000000 -1.00000000
vn -0.96592569 0.25881937 0.00000000
vn -0.96592581 0.25881940 0.00000000
vn -0.96592569 0.25881937 0.00000000
vn -0.96592581 0.25881940 0.00000000
vn 0.00000000 0.00000000 1.00000000
vn 0.00000000 0.00000000 1.00000000
vn 0.00000000 0.00000000 1.00000000
vn 0.00000000 0.00000000 -1.00000000
vn 0.00000000 0.00000000 -1.00000000
vn 0.00000000 0.00000000 -1.00000000
vn -0.96592569 -0.25881931 0.00000000
vn -0.96592569 -0.25881931 0.00000000
vn -0.96592569 -0.25881931 0.00000000
vn -0.96592569 -0.25881931 0.00000000
vn 0.00000000 0.00000000 1.00000000
vn 0.00000000 0.00000000 1.00000000
vn 0.00000000 0.00000000 1.00000000
vn 0.00000000 0.00000000 -1.00000000
vn 0.00000000 0.00000000 -1.00000000
vn 0.00000000 0.00000000 -1.00000000
vn -0.70710665 -0.70710695 0.00000000
vn -0.70710665 -0.70710695 0.00000000
vn -0.70710665 -0.70710695 0.00000000
vn -0.70710665 -0.70710695 0.00000000
vn 0.00000000 0.00000000 1.00000000
vn 0.00000000 0.00000000 1.00000000
vn 0.00000000 0.00000000 1.00000000
vn 0.00000000 0.00000000 -1.00000000
vn 0.00000000 0.00000000 -1.00000000
vn 0.00000000 0.00000000 -1.00000000
vn -0.25881875 -0.96592593 0.00000000
vn -0.25881875 -0.96592593 0.00000000
vn -0.25881878 -0.96592593 0.00000000
vn -0.25881878 -0.96592593 0.00000000
vn 0.00000000 0.00000000 1.00000000
vn 0.00000000 0.00000000 1.00000000
vn 0.00000000 0.00000000 1.00000000
vn 0.00000000 0.00000000 -1.00000000
vn 0.00000000 0.00000000 -1.00000000
vn 0.00000000 0.00000000 -1.00000000
vn 0.25881925 -0.96592581 0.00000000
vn 0.25881925 -0.96592581 0.00000000
vn 0.25881925 -0.96592581 0.00000000
vn 0.25881925 -0.96592581 0.00000000
vn 0.00000000 0.00000000 1.00000000
vn 0.00000000 0.00000000 1.00000000
vn 0.00000000 0.00000000 1.00000000
vn 0.00000000 0.00000000 -1.00000000
vn 0.00000000 0.00000000 -1.00000000
vn 0.00000000 0.00000000 -1.00000000
vn 0.70710677 -0.70710683 0.00000000
vn 0.70710677 -0.70710683 0.00000000
vn 0.70710677 -0.70710683 0.00000000
vn 0.70710677 -0.70710683 0.00000000
vn 0.00000000 0.00000000 1.00000000
vn 0.00000000 0.00000000 1.00000000
vn 0.00000000 0.00000000 1.00000000
vn 0.00000000 0.00000000 -1.00000000
vn 0.00000000 0.00000000 -1.00000000
vn 0.00000000 0.00000000 -1.00000000
vn 0.96592581 -0.25881940 0.00000000
vn 0.96592581 -0.25881940 0.00000000
vn 0.96592581 -0.25881940 0.00000000
vn 0.96592581 -0.25881940 0.00000000
vn 0.00000000 0.00000000 1.00000000
vn 0.00000000 0.00000000 1.00000000
vn 0.00000000 0.00000000 1.00000000
vn 0.00000000 0.00000000 -1.00000000
vn 0.00000000 0.00000000 -1.00000000
vn 0.00000000 0.00000000 -1.00000000
vn 0.96592581 0.25881937 0.00000000
vn 0.96592581 0.25881937 0.00000000
vn 0.96592581 0.25881937 0.00000000
vn 0.96592581 0.25881937 0.00000000
vn 0.00000000 0.00000000 1.00000000
vn 0.00000000 0.00000000 1.00000000
vn 0.00000000 0.00000000 1.00000000
vn 0.00000000 0.00000000 -1.00000000
vn 0.00000000 0.00000000 -1.00000000
vn 0.00000000 0.00000000 -1.00000000
vn 0.70710677 0.70710677 0.00000000
vn 0.70710677 0.70710677 0.00000000
vn 0.70710677 0.70710677 0.00000000
vn 0.70710677 0.70710677 0.00000000
vn 0.00000000 0.00000000 1.00000000
vn 0.00000000 0.00000000 1.00000000
vn 0.00000000 0.00000000 1.00000000
vn 0.00000000 0.00000000 -1.00000000
vn 0.00000000 0.00000000 -1.00000000
vn 0.00000000 0.00000000 -1.00000000
vn 0.25881875 0.96592593 0.00000000
vn 0.25881875 0.96592593 0.00000000
vn 0.25881875 0.96592593 0.00000000
vn 0.25881875 0.96592593 0.00000000
vn 0.00000000 0.00000000 1.00000000
vn 0.00000000 0.00000000 1.00000000
vn 0.00000000 0.00000000 1.00000000
vn 0.00000000 0.00000000 -1.00000000
vn 0.00000000 0.00000000 -1.00000000
vn 0.00000000 0.00000000 -1.00000000
vn -0.25881886 0.96592587 0.00000000
vn -0.25881889 0.96592593 0.00000000
vn -0.25881886 0.96592587 0.00000000
vn -0.25881889 0.96592593 0.00000000
vn 0.00000000 0.00000000 1.00000000
vn 0.00000000 0.00000000 1.00000000
vn 0.00000000 0.00000000 1.00000000
vn 0.00000000 0.00000000 -1.00000000
vn 0.00000000 0.00000000 -1.00000000
vn 0.00000000 0.00000000 -1.00000000
vn -0.70710689 0.70710671 0.00000000
vn -0.70710689 0.70710671 0.00000000
vn -0.70710689 0.70710671 0.00000000
vn -0.70710689 0.70710671 0.00000000
vn 0.00000000 0.00000000 1.00000000
vn 0.00000000 0.00000000 1.00000000
vn 0.00000000 0.00000000 1.00000000
vn 0.00000000 0.00000000 -1.00000000
vn 0.00000000 0.00000000 -1.00000000
vn 0.00000000 0.00000000 -1.00000000
vn -0.96592581 0.25881940 0.00000000
vn -0.96592581 0.25881940 0.00000000
vn -0.96592581 0.25881940 0.00000000
vn -0.96592581 0.25881940 0.00000000
vn 0.00000000 0.00000000 1.00000000
vn 0.00000000 0.00000000 1.00000000
vn 0.00000000 0.00000000 1.00000000
vn 0.00000000 0.00000000 -1.00000000
vn 0.00000000 0.00000000 -1.00000000
vn 0.00000000 0.00000000 -1.00000000
vn -0.96592581 -0.25881934 0.00000000
vn -0.96592581 -0.25881934 0.00000000
vn -0.96592581 -0.25881931 0.00000000
vn -0.96592581 -0.25881931 0.00000000
vn 0.00000000 0.00000000 1.00000000
vn 0.00000000 0.00000000 1.00000000
vn 0.00000000 0.00000000 1.00000000
vn 0.00000000 0.00000000 -1.00000000
vn 0.00000000 0.00000000 -1.00000000
vn 0.00000000 0.00000000 -1.00000000
vn -0.70710665 -0.70710695 0.00000000
vn -0.70710665 -0.70710701 0.00000000
vn -0.70710665 -0.70710695 0.00000000
vn -0.70710665 -0.70710701 0.00000000
vn 0.00000000 0.00000000 1.00000000
vn 0.00000000 0.00000000 1.00000000
vn 0.00000000 0.00000000 1.00000000
vn 0.00000000 0.00000000 -1.00000000
vn 0.00000000 0.00000000 -1.00000000
vn 0.00000000 0.00000000 -1.00000000
vn -0.25881875 -0.96592593 0.00000000
vn -0.25881875 -0.96592593 0.00000000
vn -0.25881875 -0.96592593 0.00000000
vn -0.25881875 -0.96592593 0.00000000
vn 0.00000000 0.00000000 1.00000000
vn 0.00000000 0.00000000 1.00000000
vn 0.00000000 0.00000000 1.00000000
vn 0.00000000 0.00000000 -1.00000000
vn 0.00000000 0.00000000 -1.00000000
vn 0.00000000 0.00000000 -1.00000000
vn 0.25881925 -0.96592581 0.00000000
vn 0.25881925 -0.96592581 0.00000000
vn 0.25881925 -0.96592581 0.00000000
vn 0.25881925 -0.96592581 0.00000000
vn 0.00000000 0.00000000 1.00000000
vn 0.00000000 0.00000000 1.00000000
vn 0.00000000 0.00000000 1.00000000
vn 0.00000000 0.00000000 -1.00000000
vn 0.00000000 0.00000000 -1.00000000
vn 0.00000000 0.00000000 -1.00000000
vn 0.70710677 -0.70710683 0.00000000
vn 0.70710677 -0.70710683 0.00000000
vn 0.70710677 -0.70710683 0.00000000
vn 0.70710677 -0.70710683 0.00000000
vn 0.00000000 0.00000000 1.00000000
vn 0.00000000 0.00000000 1.00000000
vn 0.00000000 0.00000000 1.00000000
vn 0.00000000 0.00000000 -1.00000000
vn 0.00000000 0.00000000 -1.00000000
vn 0.00000000 0.00000000 -1.00000000
vn 0.96592569 -0.25881937 0.00000000
vn 0.96592569 -0.25881937 0.00000000
vn 0.96592575 -0.25881940 0.00000000
vn 0.96592575 -0.25881940 0.00000000
vn 0.00000000 0.00000000 1.00000000
vn 0.00000000 0.00000000 1.00000000
vn 0.00000000 0.00000000 1.00000000
vn 0.00000000 0.00000000 -1.00000000
vn 0.00000000 0.00000000 -1.00000000
vn 0.00000000 0.00000000 -1.00000000
vn 0.92387974 0.38268310 0.00000000
vn 0.92387968 0.38268307 0.00000000
vn 0.92387974 0.38268310 0.00000000
vn 0.92387968 0.38268307 0.00000000
vn -0.92387950 -0.38268360 0.00000000
vn -0.92387944 -0.38268360 0.00000000
vn -0.92387950 -0.38268360 0.00000000
vn -0.92387944 -0.38268360 0.00000000
vn 0.00000000 0.00000000 -1.00000000
vn 0.00000000 0.00000000 -1.00000000
vn 0.00000000 0.00000000 -1.00000000
vn 0.00000000 0.00000000 -1.00000000
vn 0.00000000 0.00000000 1.00000000
vn 0.00000000 0.00000000 1.00000000
vn 0.00000000 0.00000000 1.00000000
vn 0.00000000 0.00000000 1.00000000
vn 0.38268337 0.92387968 0.00000000
vn 0.38268334 0.92387956 0.00000000
vn 0.38268337 0.92387968 0.00000000
vn 0.38268337 0.92387968 0.00000000
vn -0.38268349 -0.92387956 0.00000000
vn -0.38268349 -0.92387956 0.00000000
vn -0.38268349 -0.92387956 0.00000000
vn -0.38268349 -0.92387956 0.00000000
vn 0.00000000 0.00000000 -1.00000000
vn 0.00000000 0.00000000 -1.00000000
vn 0.00000000 0.00000000 -1.00000000
vn 0.00000000 0.00000000 -1.00000000
vn 0.00000000 0.00000000 1.00000000
vn 0.00000000 0.00000000 1.00000000
vn 0.00000000 0.00000000 1.00000000
vn 0.00000000 0.00000000 1.00000000
vn -0.38268352 0.92387956 0.00000000
vn -0.38268352 0.92387956 0.00000000
vn -0.38268352 0.92387956 0.00000000
vn -0.38268352 0.92387956 0.00000000
vn 0.38268328 -0.92387962 0.00000000
vn 0.38268328 -0.92387962 0.00000000
vn 0.38268328 -0.92387962 0.00000000
vn 0.38268328 -0.92387962 0.00000000
vn 0.00000000 0.00000000 -1.00000000
vn 0.00000000 0.00000000 -1.00000000
vn 0.00000000 0.00000000 -1.00000000
vn 0.00000000 0.00000000 -1.00000000
vn 0.00000000 0.00000000 1.00000000
vn 0.00000000 0.00000000 1.00000000
vn 0.00000000 0.00000000 1.00000000
vn 0.00000000 0.00000000 1.00000000
vn -0.92387956 0.38268343 0.00000000
vn -0.92387956 0.38268346 0.00000000
vn -0.92387956 0.38268343 0.00000000
vn -0.92387956 0.38268346 0.00000000
vn 0.92387974 -0.38268307 0.00000000
vn 0.92387974 -0.38268310 0.00000000
vn 0.92387974 -0.38268307 0.00000000
vn 0.92387974 -0.38268310 0.00000000
vn 0.00000000 0.00000000 -1.00000000
vn 0.00000000 0.00000000 -1.00000000
vn 0.00000000 0.00000000 -1.00000000
vn 0.00000000 0.00000000 -1.00000000
vn 0.00000000 0.00000000 1.00000000
vn 0.00000000 0.00000000 1.00000000
vn 0.00000000 0.00000000 1.00000000
vn 0.00000000 0.00000000 1.00000000
vn -0.92387956 -0.38268349 0.00000000
vn -0.92387956 -0.38268349 0.00000000
vn -0.92387956 -0.38268349 0.00000000
vn -0.92387956 -0.38268349 0.00000000
vn 0.92387927 0.38268411 0.00000000
vn 0.92387927 0.38268411 0.00000000
vn 0.92387927 0.38268411 0.00000000
vn 0.92387927 0.38268411 0.00000000
vn 0.00000000 0.00000000 -1.00000000
vn 0.00000000 0.00000000 -1.00000000
vn 0.00000000 0.00000000 -1.00000000
vn 0.00000000 0.00000000 -1.00000000
vn 0.00000000 0.00000000 1.00000000
vn 0.00000000 0.00000000 1.00000000
vn 0.00000000 0.00000000 1.00000000
vn 0.00000000 0.00000000 1.00000000
vn -0.38268349 -0.92387956 0.00000000
vn -0.38268349 -0.92387956 0.00000000
vn -0.38268349 -0.92387956 0.00000000
vn -0.38268349 -0.92387956 0.00000000
vn 0.38268358 0.92387956 0.00000000
vn 0.38268358 0.92387956 0.00000000
vn 0.38268358 0.92387956 0.00000000
vn 0.38268358 0.92387956 0.00000000
vn 0.00000000 0.00000000 -1.00000000
vn 0.00000000 0.00000000 -1.00000000
vn 0.00000000 0.00000000 -1.00000000
vn 0.00000000 0.00000000 -1.00000000
vn 0.00000000 0.00000000 1.00000000
vn 0.00000000 0.00000000 1.00000000
vn 0.00000000 0.00000000 1.00000000
vn 0.00000000 0.00000000 1.00000000
vn 0.38268369 -0.92387938 0.00000000
vn 0.38268372 -0.92387944 0.00000000
vn 0.38268369 -0.92387938 0.00000000
vn 0.38268372 -0.92387944 0.00000000
vn -0.38268349 0.92387956 0.00000000
vn -0.38268349 0.92387956 0.00000000
vn -0.38268349 0.92387956 0.00000000
vn -0.38268349 0.92387956 0.00000000
vn 0.00000000 0.00000000 -1.00000000
vn 0.00000000 0.00000000 -1.00000000
vn 0.00000000 0.00000000 -1.00000000
vn 0.00000000 0.00000000 -1.00000000
vn 0.00000000 0.00000000 1.00000000
vn 0.00000000 0.00000000 1.00000000
vn 0.00000000 0.00000000 1.00000000
vn 0.00000000 0.00000000 1.00000000
vn 0.92387968 -0.38268313 0.00000000
vn 0.92387968 -0.38268316 0.00000000
vn 0.92387968 -0.38268313 0.00000000
vn 0.92387968 -0.38268316 0.00000000
vn -0.92387962 0.38268316 0.00000000
vn -0.92387962 0.38268316 0.00000000
vn -0.92387962 0.38268316 0.00000000
vn -0.92387962 0.38268316 0.00000000
vn 0.00000000 0.00000000 -1.00000000
vn 0.00000000 0.00000000 -1.00000000
vn 0.00000000 0.00000000 -1.00000000
vn 0.00000000 0.00000000 -1.00000000
vn 0.00000000 0.00000000 1.00000000
vn 0.00000000 0.00000000 1.00000000
vn 0.00000000 0.00000000 1.00000000
vn 0.00000000 0.00000000 1.00000000
vn 1.00000000 0.00000000 0.00000000
vn 1.00000000 0.00000000 0.00000000
vn 1.00000000 0.00000000 0.00000000
vn 1.00000000 0.00000000 0.00000000
vn -1.00000000 0.00000000 0.00000000
vn -1.00000000 0.00000000 0.00000000
vn -1.00000000 0.00000000 0.00000000
vn -1.00000000 0.00000000 0.00000000
vn 0.00000000 1.00000000 0.00000000
vn 0.00000000 1.00000000 0.00000000
vn 0.00000000 1.00000000 0.00000000
vn 0.00000000 1.00000000 0.00000000
vn 0.00000000 -1.00000000 0.00000000
vn 0.00000000 -1.00000000 0.00000000
vn 0.00000000 -1.00000000 0.00000000
vn 0.00000000 -1.00000000 0.00000000
vn -0.00000000 -0.00000000 0.99999994
vn -0.00000000 -0.00000000 0.99999994
vn -0.00000000 -0.00000000 0.99999994
vn -0.00000000 -0.00000000 0.99999994
vn -0.00000000 -0.00000000 -0.99999994
vn -0.00000000 -0.00000000 -0.99999994
vn -0.00000000 -0.00000000 -0.99999994
vn -0.00000000 -0.00000000 -0.99999994
vn 0.92387968 0.38268295 -0.00000000
vn 0.92387968 0.38268295 -0.00000000
vn 0.92387968 0.38268295 -0.00000000
vn 0.92387968 0.38268295 -0.00000000
vn -0.92387933 -0.38268387 0.00000000
vn -0.92387933 -0.38268387 0.00000000
vn -0.92387933 -0.38268387 0.00000000
vn -0.92387933 -0.38268387 0.00000000
vn 0.00000000 0.00000000 -1.00000000
vn 0.00000000 0.00000000 -1.00000000
vn 0.00000000 0.00000000 -1.00000000
vn 0.00000000 0.00000000 -1.00000000
vn 0.00000000 0.00000000 1.00000000
vn 0.00000000 0.00000000 1.00000000
vn 0.00000000 0.00000000 1.00000000
vn 0.00000000 0.00000000 1.00000000
vn 0.38268328 0.92387956 -0.00000000
vn 0.38268328 0.92387956 -0.00000000
vn 0.38268328 0.92387956 -0.00000000
vn 0.38268328 0.92387956 -0.00000000
vn -0.38268358 -0.92387956 0.00000000
vn -0.38268358 -0.92387956 0.00000000
vn -0.38268358 -0.92387956 0.00000000
vn -0.38268358 -0.92387956 0.00000000
vn 0.00000000 0.00000000 -1.00000000
vn 0.00000000 0.00000000 -1.00000000
vn 0.00000000 0.00000000 -1.00000000
vn 0.00000000 0.00000000 -1.00000000
vn 0.00000000 0.00000000 1.00000000
vn 0.00000000 0.00000000 1.00000000
vn 0.00000000 0.00000000 1.00000000
vn 0.00000000 0.00000000 1.00000000
vn -0.38268328 0.92387956 -0.00000000
vn -0.38268328 0.92387956 -0.00000000
vn -0.38268328 0.92387956 -0.00000000
vn -0.38268328 0.92387956 -0.00000000
vn 0.38268331 -0.92387962 -0.00000000
vn 0.38268331 -0.92387962 -0.00000000
vn 0.38268331 -0.92387962 -0.00000000
vn 0.38268331 -0.92387962 -0.00000000
vn 0.00000000 0.00000000 -1.00000000
vn 0.00000000 0.00000000 -1.00000000
vn 0.00000000 0.00000000 -1.00000000
vn 0.00000000 0.00000000 -1.00000000
vn 0.00000000 0.00000000 1.00000000
vn 0.00000000 0.00000000 1.00000000
vn 0.00000000 0.00000000 1.00000000
vn 0.00000000 0.00000000 1.00000000
vn -0.92387950 0.38268349 -0.00000000
vn -0.92387950 0.38268349 -0.00000000
vn -0.92387950 0.38268349 -0.00000000
vn -0.92387950 0.38268349 -0.00000000
vn 0.92387956 -0.38268325 -0.00000000
vn 0.92387956 -0.38268325 -0.00000000
vn 0.92387956 -0.38268325 -0.00000000
vn 0.92387956 -0.38268325 -0.00000000
vn 0.00000000 0.00000000 -1.00000000
vn 0.00000000 0.00000000 -1.00000000
vn 0.00000000 0.00000000 -1.00000000
vn 0.00000000 0.00000000 -1.00000000
vn 0.00000000 0.00000000 1.00000000
vn 0.00000000 0.00000000 1.00000000
vn 0.00000000 0.00000000 1.00000000
vn 0.00000000 0.00000000 1.00000000
vn -0.92387950 -0.38268349 0.00000000
vn -0.92387950 -0.38268349 0.00000000
vn -0.92387950 -0.38268349 0.00000000
vn -0.92387950 -0.38268349 0.00000000
vn 0.92387956 0.38268325 -0.00000000
vn 0.92387956 0.38268325 -0.00000000
vn 0.92387956 0.38268325 -0.00000000
vn 0.92387956 0.38268325 -0.00000000
vn 0.00000000 0.00000000 -1.00000000
vn 0.00000000 0.00000000 -1.00000000
vn 0.00000000 0.00000000 -1.00000000
vn 0.00000000 0.00000000 -1.00000000
vn 0.00000000 0.00000000 1.00000000
vn 0.00000000 0.00000000 1.00000000
vn 0.00000000 0.00000000 1.00000000
vn 0.00000000 0.00000000 1.00000000
vn -0.38268313 -0.92387956 0.00000000
vn -0.38268313 -0.92387956 0.00000000
vn -0.38268313 -0.92387956 0.00000000
vn -0.38268313 -0.92387956 0.00000000
vn 0.38268316 0.92387968 -0.00000000
vn 0.38268316 0.92387968 -0.00000000
vn 0.38268316 0.92387968 -0.00000000
vn 0.38268316 0.92387968 -0.00000000
vn 0.00000000 0.00000000 -1.00000000
vn 0.00000000 0.00000000 -1.00000000
vn 0.00000000 0.00000000 -1.00000000
vn 0.00000000 0.00000000 -1.00000000
vn 0.00000000 0.00000000 1.00000000
vn 0.00000000 0.00000000 1.00000000
vn 0.00000000 0.00000000 1.00000000
vn 0.00000000 0.00000000 1.00000000
vn 0.38268360 -0.92387950 -0.00000000
vn 0.38268360 -0.92387950 -0.00000000
vn 0.38268360 -0.92387950 -0.00000000
vn 0.38268360 -0.92387950 -0.00000000
vn -0.38268355 0.92387950 -0.00000000
vn -0.38268355 0.92387950 -0.00000000
vn -0.38268355 0.92387950 -0.00000000
vn -0.38268355 0.92387950 -0.00000000
vn 0.00000000 0.00000000 -0.99999994
vn 0.00000000 0.00000000 -0.99999994
vn 0.00000000 0.00000000 -0.99999994
vn 0.00000000 0.00000000 -0.99999994
vn 0.00000000 0.00000000 1.00000000
vn 0.00000000 0.00000000 1.00000000
vn 0.00000000 0.00000000 1.00000000
vn 0.00000000 0.00000000 1.00000000
vn 0.92387974 -0.38268298 -0.00000000
vn 0.92387974 -0.38268298 -0.00000000
vn 0.92387974 -0.38268298 -0.00000000
vn 0.92387974 -0.38268298 -0.00000000
vn -0.92387956 0.38268328 -0.00000000
vn -0.92387956 0.38268328 -0.00000000
vn -0.92387956 0.38268328 -0.00000000
vn -0.92387956 0.38268328 -0.00000000
vn 0.00000000 0.00000000 -1.00000000
vn 0.00000000 0.00000000 -1.00000000
vn 0.00000000 0.00000000 -1.00000000
vn 0.00000000 0.00000000 -1.00000000
vn 0.00000000 0.00000000 1.00000000
vn 0.00000000 0.00000000 1.00000000
vn 0.00000000 0.00000000 1.00000000
vn 0.00000000 0.00000000 1.00000000
vn 0.31292644 0.94933516 0.02897907
vn 0.31292644 0.94933516 0.02897907
vn 0.31292644 0.94933516 0.02897907
vn 0.31292644 0.94933516 0.02897907
vn 0.28996930 0.95334673 0.08395062
vn 0.28996930 0.95334673 0.08395062
vn 0.28996930 0.95334673 0.08395062
vn 0.28996930 0.95334673 0.08395062
vn 0.20922224 0.95362723 0.21638168
vn 0.20922224 0.95362723 0.21638168
vn 0.20922224 0.95362723 0.21638168
vn 0.20922224 0.95362723 0.21638168
vn 0.17089112 0.94977510 0.26215169
vn 0.17089112 0.94977510 0.26215169
vn 0.17089112 0.94977510 0.26215169
vn 0.17089112 0.94977510 0.26215169
vn -0.73662645 0.00000000 0.67629993
vn -0.73662645 0.00000000 0.67629993
vn -0.73662645 0.00000000 0.67629993
vn -0.73662645 0.00000000 0.67629993
vn -0.36700103 -0.91523540 -0.16629589
vn -0.36700103 -0.91523540 -0.16629589
vn -0.36700103 -0.91523540 -0.16629589
vn -0.36700103 -0.91523540 -0.16629589
vn -0.34834048 -0.91765696 -0.19121878
vn -0.34834048 -0.91765696 -0.19121878
vn -0.34834048 -0.91765696 -0.19121878
vn -0.34834048 -0.91765696 -0.19121878
vn -0.33228889 -0.91758233 -0.21823551
vn -0.33228889 -0.91758233 -0.21823551
vn -0.33228889 -0.91758233 -0.21823551
vn -0.33228889 -0.91758233 -0.21823551
vn -0.31927466 -0.91502982 -0.24654433
vn -0.31927466 -0.91502982 -0.24654433
vn -0.31927466 -0.91502982 -0.24654433
vn -0.31927466 -0.91502982 -0.24654433
vn 0.25234041 0.00000000 -0.96763855
vn 0.25234041 0.00000000 -0.96763855
vn 0.25234041 0.00000000 -0.96763855
vn 0.25234041 0.00000000 -0.96763855
vn 0.31351057 0.94921261 0.02658007
vn 0.31351057 0.94921261 0.02658007
vn 0.31351057 0.94921261 0.02658007
vn 0.31351057 0.94921261 0.02658007
vn 0.29242465 0.95259881 0.08392531
vn 0.29242465 0.95259881 0.08392531
vn 0.29242465 0.95259881 0.08392531
vn 0.29242465 0.95259881 0.08392531
vn 0.21174698 0.95238972 0.21935593
vn 0.21174698 0.95238972 0.21935593
vn 0.21174698 0.95238972 0.21935593
vn 0.21174698 0.95238972 0.21935593
vn 0.17135254 0.94888711 0.26505032
vn 0.17135254 0.94888711 0.26505032
vn 0.17135254 0.94888711 0.26505032
vn 0.17135254 0.94888711 0.26505032
vn -0.73662639 0.00000000 0.67629987
vn -0.73662639 0.00000000 0.67629987
vn -0.73662639 0.00000000 0.67629987
vn -0.73662639 0.00000000 0.67629987
vn -0.36757535 -0.91511285 -0.16570088
vn -0.36757535 -0.91511285 -0.16570088
vn -0.36757535 -0.91511285 -0.16570088
vn -0.36757535 -0.91511285 -0.16570088
vn -0.34788921 -0.91795224 -0.19062209
vn -0.34788921 -0.91795224 -0.19062209
vn -0.34788921 -0.91795224 -0.19062209
vn -0.34788921 -0.91795224 -0.19062209
vn -0.33129212 -0.91800737 -0.21796353
vn -0.33129212 -0.91800737 -0.21796353
vn -0.33129212 -0.91800737 -0.21796353
vn -0.33129212 -0.91800737 -0.21796353
vn -0.31830627 -0.91526484 -0.24692383
vn -0.31830627 -0.91526484 -0.24692383
vn -0.31830627 -0.91526484 -0.24692383
vn -0.31830627 -0.91526484 -0.24692383
vn 0.25234100 0.00000000 -0.96763831
vn 0.25234100 0.00000000 -0.96763831
vn 0.25234100 0.00000000 -0.96763831
vn 0.25234100 0.00000000 -0.96763831
vn 0.31662372 0.94845289 0.01365913
vn 0.31662372 0.94845289 0.01365913
vn 0.31662372 0.94845289 0.01365913
vn 0.31662372 0.94845289 0.01365913
vn 0.29713726 0.95161200 0.07838440
vn 0.29713726 0.95161200 0.07838440
vn 0.29713726 0.95161200 0.07838440
vn 0.29713726 0.95161200 0.07838440
vn 0.21120702 0.95063931 0.22732450
vn 0.21120702 0.95063931 0.22732450
vn 0.21120702 0.95063931 0.22732450
vn 0.21120702 0.95063931 0.22732450
vn 0.16496226 0.94696045 0.27577776
vn 0.16496226 0.94696045 0.27577776
vn 0.16496226 0.94696045 0.27577776
vn 0.16496226 0.94696045 0.27577776
vn -0.73662627 0.00000000 0.67629999
vn -0.73662627 0.00000000 0.67629999
vn -0.73662627 0.00000000 0.67629999
vn -0.73662627 0.00000000 0.67629999
vn -0.37066498 -0.91444135 -0.16249508
vn -0.37066498 -0.91444135 -0.16249508
vn -0.37066498 -0.91444135 -0.16249508
vn -0.37066498 -0.91444135 -0.16249508
vn -0.34816357 -0.91817087 -0.18906190
vn -0.34816357 -0.91817087 -0.18906190
vn -0.34816357 -0.91817087 -0.18906190
vn -0.34816357 -0.91817087 -0.18906190
vn -0.32964310 -0.91842538 -0.21870117
vn -0.32964310 -0.91842538 -0.21870117
vn -0.32964310 -0.91842538 -0.21870117
vn -0.32964310 -0.91842538 -0.21870117
vn -0.31582233 -0.91514474 -0.25053233
vn -0.31582233 -0.91514474 -0.25053233
vn -0.31582233 -0.91514474 -0.25053233
vn -0.31582233 -0.91514474 -0.25053233
vn 0.25234067 0.00000000 -0.96763849
vn 0.25234067 0.00000000 -0.96763849
vn 0.25234067 0.00000000 -0.96763849
vn 0.25234067 0.00000000 -0.96763849
vn 0.85689354 -0.00000012 0.51549345
vn 0.85689354 -0.00000012 0.51549345
vn 0.85689354 -0.00000012 0.51549345
vn 0.85689348 -0.00000000 0.51549351
vn 0.85689348 -0.00000000 0.51549351
vn 0.85689348 -0.00000000 0.51549351
vn 0.85689348 -0.00000000 0.51549351
vn 0.85689348 -0.00000000 0.51549351
vn 0.85689348 -0.00000000 0.51549351
vn 0.85689354 0.00000000 0.51549345
vn 0.85689354 0.00000000 0.51549345
vn 0.85689354 0.00000000 0.51549345
vn 0.85689348 0.00000000 0.51549351
vn 0.85689348 0.00000000 0.51549351
vn 0.85689348 0.00000000 0.51549351
vn 0.85689354 0.00000000 0.51549339
vn 0.85689354 0.00000000 0.51549339
vn 0.85689354 0.00000000 0.51549339
vn 0.85689354 0.00000000 0.51549351
vn 0.85689354 0.00000000 0.51549351
vn 0.85689354 0.00000000 0.51549351
vn 0.85689354 0.00000000 0.51549351
vn 0.85689354 0.00000000 0.51549351
vn 0.85689354 0.00000000 0.51549351
vn 0.85689354 0.00000014 0.51549339
vn 0.85689354 0.00000014 0.51549339
vn 0.85689354 0.00000014 0.51549339
vn 0.85689348 0.00000000 0.51549345
vn 0.85689348 0.00000000 0.51549345
vn 0.85689348 0.00000000 0.51549345
vn -0.85689312 -0.00000152 -0.51549417
vn -0.85689312 -0.00000152 -0.51549417
vn -0.85689312 -0.00000152 -0.51549417
vn -0.85689372 0.00000000 -0.51549298
vn -0.85689372 0.00000000 -0.51549298
vn -0.85689372 0.00000000 -0.51549298
vn -0.85689372 0.00000000 -0.51549298
vn -0.85689372 0.00000000 -0.51549298
vn -0.85689372 0.00000000 -0.51549298
vn -0.85689312 0.00000152 -0.51549417
vn -0.85689312 0.00000152 -0.51549417
vn -0.85689312 0.00000152 -0.51549417
vn -0.85689342 -0.00000000 -0.51549363
vn -0.85689342 -0.00000000 -0.51549363
vn -0.85689342 -0.00000000 -0.51549363
vn -0.85689306 -0.00000172 -0.51549429
vn -0.85689306 -0.00000172 -0.51549429
vn -0.85689306 -0.00000172 -0.51549429
vn -0.85689384 -0.00000000 -0.51549304
vn -0.85689384 -0.00000000 -0.51549304
vn -0.85689384 -0.00000000 -0.51549304
vn -0.85689384 -0.00000000 -0.51549304
vn -0.85689384 -0.00000000 -0.51549304
vn -0.85689384 -0.00000000 -0.51549304
vn -0.85689306 0.00000172 -0.51549429
vn -0.85689306 0.00000172 -0.51549429
vn -0.85689306 0.00000172 -0.51549429
vn -0.85689342 -0.00000000 -0.51549363
vn -0.85689342 -0.00000000 -0.51549363
vn -0.85689342 -0.00000000 -0.51549363
vn 0.96592569 0.25881937 -0.00000000
vn 0.96592569 0.25881937 -0.00000000
vn 0.96592569 0.25881937 -0.00000000
vn 0.96592569 0.25881937 -0.00000000
vn 0.00000000 0.00000000 1.00000000
vn 0.00000000 0.00000000 1.00000000
vn 0.00000000 0.00000000 1.00000000
vn 0.00000000 0.00000000 -1.00000000
vn 0.00000000 0.00000000 -1.00000000
vn 0.00000000 0.00000000 -1.00000000
vn 0.70710671 0.70710671 -0.00000000
vn 0.70710671 0.70710671 -0.00000000
vn 0.70710671 0.70710671 -0.00000000
vn 0.70710671 0.70710671 -0.00000000
vn 0.00000000 0.00000000 0.99999994
vn 0.00000000 0.00000000 0.99999994
vn 0.00000000 0.00000000 0.99999994
vn 0.00000000 0.00000000 -0.99999994
vn 0.00000000 0.00000000 -0.99999994
vn 0.00000000 0.00000000 -0.99999994
vn 0.25881878 0.96592587 -0.00000000
vn 0.25881878 0.96592587 -0.00000000
vn 0.25881878 0.96592587 -0.00000000
vn 0.25881878 0.96592587 -0.00000000
vn 0.00000000 0.00000000 1.00000000
vn 0.00000000 0.00000000 1.00000000
vn 0.00000000 0.00000000 1.00000000
vn 0.00000000 0.00000000 -1.00000000
vn 0.00000000 0.00000000 -1.00000000
vn 0.00000000 0.00000000 -1.00000000
vn -0.25881892 0.96592587 -0.00000000
vn -0.25881892 0.96592587 -0.00000000
vn -0.25881892 0.96592587 -0.00000000
vn -0.25881892 0.96592587 -0.00000000
vn 0.00000000 -0.00000000 1.00000000
vn 0.00000000 -0.00000000 1.00000000
vn 0.00000000 -0.00000000 1.00000000
vn 0.00000000 0.00000000 -1.00000000
vn 0.00000000 0.00000000 -1.00000000
vn 0.00000000 0.00000000 -1.00000000
vn -0.70710689 0.70710671 -0.00000000
vn -0.70710689 0.70710671 -0.00000000
vn -0.70710689 0.70710671 -0.00000000
vn -0.70710689 0.70710671 -0.00000000
vn 0.00000000 0.00000000 0.99999994
vn 0.00000000 0.00000000 0.99999994
vn 0.00000000 0.00000000 0.99999994
vn 0.00000000 0.00000000 -0.99999994
vn 0.00000000 0.00000000 -0.99999994
vn 0.00000000 0.00000000 -0.99999994
vn -0.96592575 0.25881940 -0.00000000
vn -0.96592575 0.25881940 -0.00000000
vn -0.96592575 0.25881940 -0.00000000
vn -0.96592575 0.25881940 -0.00000000
vn 0.00000000 0.00000000 1.00000000
vn 0.00000000 0.00000000 1.00000000
vn 0.00000000 0.00000000 1.00000000
vn -0.00000000 0.00000000 -1.00000000
vn -0.00000000 0.00000000 -1.00000000
vn -0.00000000 0.00000000 -1.00000000
vn -0.96592569 -0.25881931 0.00000000
vn -0.96592569 -0.25881931 0.00000000
vn -0.96592569 -0.25881931 0.00000000
vn -0.96592569 -0.25881931 0.00000000
vn 0.00000000 0.00000000 1.00000000
vn 0.00000000 0.00000000 1.00000000
vn 0.00000000 0.00000000 1.00000000
vn 0.00000000 0.00000000 -1.00000000
vn 0.00000000 0.00000000 -1.00000000
vn 0.00000000 0.00000000 -1.00000000
vn -0.70710659 -0.70710695 0.00000000
vn -0.70710659 -0.70710695 0.00000000
vn -0.70710659 -0.70710695 0.00000000
vn -0.70710659 -0.70710695 0.00000000
vn 0.00000000 0.00000000 1.00000000
vn 0.00000000 0.00000000 1.00000000
vn 0.00000000 0.00000000 1.00000000
vn 0.00000000 0.00000000 -1.00000000
vn 0.00000000 0.00000000 -1.00000000
vn 0.00000000 0.00000000 -1.00000000
vn -0.25881878 -0.96592587 0.00000000
vn -0.25881878 -0.96592587 0.00000000
vn -0.25881878 -0.96592587 0.00000000
vn -0.25881878 -0.96592587 0.00000000
vn 0.00000000 0.00000000 1.00000000
vn 0.00000000 0.00000000 1.00000000
vn 0.00000000 0.00000000 1.00000000
vn 0.00000000 -0.00000000 -1.00000000
vn 0.00000000 -0.00000000 -1.00000000
vn 0.00000000 -0.00000000 -1.00000000
vn 0.25881925 -0.96592581 -0.00000000
vn 0.25881925 -0.96592581 -0.00000000
vn 0.25881925 -0.96592581 -0.00000000
vn 0.25881925 -0.96592581 -0.00000000
vn 0.00000000 0.00000000 1.00000000
vn 0.00000000 0.00000000 1.00000000
vn 0.00000000 0.00000000 1.00000000
vn 0.00000000 0.00000000 -1.00000000
vn 0.00000000 0.00000000 -1.00000000
vn 0.00000000 0.00000000 -1.00000000
vn 0.70710683 -0.70710689 -0.00000000
vn 0.70710683 -0.70710689 -0.00000000
vn 0.70710683 -0.70710689 -0.00000000
vn 0.70710683 -0.70710689 -0.00000000
vn 0.00000000 0.00000000 1.00000000
vn 0.00000000 0.00000000 1.00000000
vn 0.00000000 0.00000000 1.00000000
vn 0.00000000 0.00000000 -1.00000000
vn 0.00000000 0.00000000 -1.00000000
vn 0.00000000 0.00000000 -1.00000000
vn 0.96592575 -0.25881937 -0.00000000
vn 0.96592575 -0.25881937 -0.00000000
vn 0.96592575 -0.25881937 -0.00000000
vn 0.96592575 -0.25881937 -0.00000000
vn -0.00000000 0.00000000 1.00000000
vn -0.00000000 0.00000000 1.00000000
vn -0.00000000 0.00000000 1.00000000
vn 0.00000000 0.00000000 -1.00000000
vn 0.00000000 0.00000000 -1.00000000
vn 0.00000000 0.00000000 -1.00000000
vn 0.96592569 0.25881937 -0.00000000
vn 0.96592569 0.25881937 -0.00000000
vn 0.96592569 0.25881937 -0.00000000
vn 0.96592569 0.25881937 -0.00000000
vn 0.00000000 0.00000000 1.00000000
vn 0.00000000 0.00000000 1.00000000
vn 0.00000000 0.00000000 1.00000000
vn 0.00000000 0.00000000 -1.00000000
vn 0.00000000 0.00000000 -1.00000000
vn 0.00000000 0.00000000 -1.00000000
vn 0.70710671 0.70710671 -0.00000000
vn 0.70710671 0.70710671 -0.00000000
vn 0.70710671 0.70710671 -0.00000000
vn 0.70710671 0.70710671 -0.00000000
vn 0.00000000 0.00000000 0.99999994
vn 0.00000000 0.00000000 0.99999994
vn 0.00000000 0.00000000 0.99999994
vn 0.00000000 0.00000000 -0.99999994
vn 0.00000000 0.00000000 -0.99999994
vn 0.00000000 0.00000000 -0.99999994
vn 0.25881878 0.96592587 -0.00000000
vn 0.25881878 0.96592587 -0.00000000
vn 0.25881878 0.96592587 -0.00000000
vn 0.25881878 0.96592587 -0.00000000
vn 0.00000000 0.00000000 1.00000000
vn 0.00000000 0.00000000 1.00000000
vn 0.00000000 0.00000000 1.00000000
vn 0.00000000 0.00000000 -1.00000000
vn 0.00000000 0.00000000 -1.00000000
vn 0.00000000 0.00000000 -1.00000000
vn -0.25881892 0.96592587 -0.00000000
vn -0.25881892 0.96592587 -0.00000000
vn -0.25881892 0.96592587 -0.00000000
vn -0.25881892 0.96592587 -0.00000000
vn 0.00000000 -0.00000000 1.00000000
vn 0.00000000 -0.00000000 1.00000000
vn 0.00000000 -0.00000000 1.00000000
vn 0.00000000 0.00000000 -1.00000000
vn 0.00000000 0.00000000 -1.00000000
vn 0.00000000 0.00000000 -1.00000000
vn -0.70710689 0.70710671 -0.00000000
vn -0.70710689 0.70710671 -0.00000000
vn -0.70710689 0.70710671 -0.00000000
vn -0.70710689 0.70710671 -0.00000000
vn 0.00000000 0.00000000 0.99999994
vn 0.00000000 0.00000000 0.99999994
vn 0.00000000 0.00000000 0.99999994
vn 0.00000000 0.00000000 -0.99999994
vn 0.00000000 0.00000000 -0.99999994
vn 0.00000000 0.00000000 -0.99999994
vn -0.96592575 0.25881940 -0.00000000
vn -0.96592575 0.25881940 -0.00000000
vn -0.96592575 0.25881940 -0.00000000
vn -0.96592575 0.25881940 -0.00000000
vn 0.00000000 0.00000000 1.00000000
vn 0.00000000 0.00000000 1.00000000
vn 0.00000000 0.00000000 1.00000000
vn -0.00000000 0.00000000 -1.00000000
vn -0.00000000 0.00000000 -1.00000000
vn -0.00000000 0.00000000 -1.00000000
vn -0.96592569 -0.25881931 0.00000000
vn -0.96592569 -0.25881931 0.00000000
vn -0.96592569 -0.25881931 0.00000000
vn -0.96592569 -0.25881931 0.00000000
vn 0.00000000 0.00000000 1.00000000
vn 0.00000000 0.00000000 1.00000000
vn 0.00000000 0.00000000 1.00000000
vn 0.00000000 0.00000000 -1.00000000
vn 0.00000000 0.00000000 -1.00000000
vn 0.00000000 0.00000000 -1.00000000
vn -0.70710659 -0.70710695 0.00000000
vn -0.70710659 -0.70710695 0.00000000
vn -0.70710659 -0.70710695 0.00000000
vn -0.70710659 -0.70710695 0.00000000
vn 0.00000000 0.00000000 1.00000000
vn 0.00000000 0.00000000 1.00000000
vn 0.00000000 0.00000000 1.00000000
vn 0.00000000 0.00000000 -1.00000000
vn 0.00000000 0.00000000 -1.00000000
vn 0.00000000 0.00000000 -1.00000000
vn -0.25881878 -0.96592587 0.00000000
vn -0.25881878 -0.96592587 0.00000000
vn -0.25881878 -0.96592587 0.00000000
vn -0.25881878 -0.96592587 0.00000000
vn 0.00000000 0.00000000 1.00000000
vn 0.00000000 0.00000000 1.00000000
vn 0.00000000 0.00000000 1.00000000
vn 0.00000000 -0.00000000 -1.00000000
vn 0.00000000 -0.00000000 -1.00000000
vn 0.00000000 -0.00000000 -1.00000000
vn 0.25881925 -0.96592581 -0.00000000
vn 0.25881925 -0.96592581 -0.00000000
vn 0.25881925 -0.96592581 -0.00000000
vn 0.25881925 -0.96592581 -0.00000000
vn 0.00000000 0.00000000 1.00000000
vn 0.00000000 0.00000000 1.00000000
vn 0.00000000 0.00000000 1.00000000
vn 0.00000000 0.00000000 -1.00000000
vn 0.00000000 0.00000000 -1.00000000
vn 0.00000000 0.00000000 -1.00000000
vn 0.70710683 -0.70710689 -0.00000000
vn 0.70710683 -0.70710689 -0.00000000
vn 0.70710683 -0.70710689 -0.00000000
vn 0.70710683 -0.70710689 -0.00000000
vn 0.00000000 0.00000000 1.00000000
vn 0.00000000 0.00000000 1.00000000
vn 0.00000000 0.00000000 1.00000000
vn 0.00000000 0.00000000 -1.00000000
vn 0.00000000 0.00000000 -1.00000000
vn 0.00000000 0.00000000 -1.00000000
vn 0.96592575 -0.25881937 -0.00000000
vn 0.96592575 -0.25881937 -0.00000000
vn 0.96592575 -0.25881937 -0.00000000
vn 0.96592575 -0.25881937 -0.00000000
vn -0.00000000 0.00000000 1.00000000
vn -0.00000000 0.00000000 1.00000000
vn -0.00000000 0.00000000 1.00000000
vn 0.00000000 0.00000000 -1.00000000
vn 0.00000000 0.00000000 -1.00000000
vn 0.00000000 0.00000000 -1.00000000
vn 0.92387956 0.38268349 -0.00000000
vn 0.92387956 0.38268349 -0.00000000
vn 0.92387956 0.38268349 -0.00000000
vn 0.92387956 0.38268349 -0.00000000
vn -0.92387950 -0.38268363 0.00000000
vn -0.92387950 -0.38268363 0.00000000
vn -0.92387950 -0.38268363 0.00000000
vn -0.92387950 -0.38268363 0.00000000
vn 0.00000000 0.00000000 -1.00000000
vn 0.00000000 0.00000000 -1.00000000
vn 0.00000000 0.00000000 -1.00000000
vn 0.00000000 0.00000000 -1.00000000
vn 0.00000000 0.00000000 1.00000000
vn 0.00000000 0.00000000 1.00000000
vn 0.00000000 0.00000000 1.00000000
vn 0.00000000 0.00000000 1.00000000
vn 0.38268340 0.92387962 -0.00000000
vn 0.38268340 0.92387962 -0.00000000
vn 0.38268340 0.92387962 -0.00000000
vn 0.38268340 0.92387962 -0.00000000
vn -0.38268355 -0.92387944 0.00000000
vn -0.38268355 -0.92387944 0.00000000
vn -0.38268355 -0.92387944 0.00000000
vn -0.38268355 -0.92387944 0.00000000
vn 0.00000000 0.00000000 -1.00000000
vn 0.00000000 0.00000000 -1.00000000
vn 0.00000000 0.00000000 -1.00000000
vn 0.00000000 0.00000000 -1.00000000
vn 0.00000000 0.00000000 1.00000000
vn 0.00000000 0.00000000 1.00000000
vn 0.00000000 0.00000000 1.00000000
vn 0.00000000 0.00000000 1.00000000
vn -0.38268328 0.92387950 -0.00000000
vn -0.38268328 0.92387950 -0.00000000
vn -0.38268328 0.92387950 -0.00000000
vn -0.38268328 0.92387950 -0.00000000
vn 0.38268355 -0.92387944 -0.00000000
vn 0.38268355 -0.92387944 -0.00000000
vn 0.38268355 -0.92387944 -0.00000000
vn 0.38268355 -0.92387944 -0.00000000
vn 0.00000000 0.00000000 -1.00000000
vn 0.00000000 0.00000000 -1.00000000
vn 0.00000000 0.00000000 -1.00000000
vn 0.00000000 0.00000000 -1.00000000
vn 0.00000000 0.00000000 1.00000000
vn 0.00000000 0.00000000 1.00000000
vn 0.00000000 0.00000000 1.00000000
vn 0.00000000 0.00000000 1.00000000
vn -0.92387968 0.38268304 -0.00000000
vn -0.92387968 0.38268304 -0.00000000
vn -0.92387968 0.38268304 -0.00000000
vn -0.92387968 0.38268304 -0.00000000
vn 0.92387944 -0.38268358 -0.00000000
vn 0.92387944 -0.38268358 -0.00000000
vn 0.92387944 -0.38268358 -0.00000000
vn 0.92387944 -0.38268358 -0.00000000
vn 0.00000000 0.00000000 -1.00000000
vn 0.00000000 0.00000000 -1.00000000
vn 0.00000000 0.00000000 -1.00000000
vn 0.00000000 0.00000000 -1.00000000
vn 0.00000000 0.00000000 1.00000000
vn 0.00000000 0.00000000 1.00000000
vn 0.00000000 0.00000000 1.00000000
vn 0.00000000 0.00000000 1.00000000
vn -0.92387956 -0.38268349 0.00000000
vn -0.92387956 -0.38268349 0.00000000
vn -0.92387956 -0.38268349 0.00000000
vn -0.92387956 -0.38268349 0.00000000
vn 0.92387944 0.38268358 -0.00000000
vn 0.92387944 0.38268358 -0.00000000
vn 0.92387944 0.38268358 -0.00000000
vn 0.92387944 0.38268358 -0.00000000
vn 0.00000000 0.00000000 -1.00000000
vn 0.00000000 0.00000000 -1.00000000
vn 0.00000000 0.00000000 -1.00000000
vn 0.00000000 0.00000000 -1.00000000
vn 0.00000000 0.00000000 0.99999994
vn 0.00000000 0.00000000 0.99999994
vn 0.00000000 0.00000000 0.99999994
vn 0.00000000 0.00000000 0.99999994
vn -0.38268346 -0.92387950 0.00000000
vn -0.38268346 -0.92387950 0.00000000
vn -0.38268346 -0.92387950 0.00000000
vn -0.38268346 -0.92387950 0.00000000
vn 0.38268334 0.92387950 -0.00000000
vn 0.38268334 0.92387950 -0.00000000
vn 0.38268334 0.92387950 -0.00000000
vn 0.38268334 0.92387950 -0.00000000
vn 0.00000000 0.00000000 -1.00000000
vn 0.00000000 0.00000000 -1.00000000
vn 0.00000000 0.00000000 -1.00000000
vn 0.00000000 0.00000000 -1.00000000
vn 0.00000000 0.00000000 1.00000000
vn 0.00000000 0.00000000 1.00000000
vn 0.00000000 0.00000000 1.00000000
vn 0.00000000 0.00000000 1.00000000
vn 0.38268369 -0.92387944 -0.00000000
vn 0.38268369 -0.92387944 -0.00000000
vn 0.38268369 -0.92387944 -0.00000000
vn 0.38268369 -0.92387944 -0.00000000
vn -0.38268349 0.92387950 -0.00000000
vn -0.38268349 0.92387950 -0.00000000
vn -0.38268349 0.92387950 -0.00000000
vn -0.38268349 0.92387950 -0.00000000
vn 0.00000000 0.00000000 -0.99999994
vn 0.00000000 0.00000000 -0.99999994
vn 0.00000000 0.00000000 -0.99999994
vn 0.00000000 0.00000000 -0.99999994
vn 0.00000000 0.00000000 1.00000000
vn 0.00000000 0.00000000 1.00000000
vn 0.00000000 0.00000000 1.00000000
vn 0.00000000 0.00000000 1.00000000
vn 0.92387962 -0.38268334 -0.00000000
vn 0.92387962 -0.38268334 -0.00000000
vn 0.92387962 -0.38268334 -0.00000000
vn 0.92387962 -0.38268334 -0.00000000
vn -0.92387962 0.38268316 -0.00000000
vn -0.92387962 0.38268316 -0.00000000
vn -0.92387962 0.38268316 -0.00000000
vn -0.92387962 0.38268316 -0.00000000
vn 0.00000000 0.00000000 -1.00000000
vn 0.00000000 0.00000000 -1.00000000
vn 0.00000000 0.00000000 -1.00000000
vn 0.00000000 0.00000000 -1.00000000
vn 0.00000000 0.00000000 1.00000000
vn 0.00000000 0.00000000 1.00000000
vn 0.00000000 0.00000000 1.00000000
vn 0.00000000 0.00000000 1.00000000
vn 1.00000000 -0.00000000 -0.00000000
vn 1.00000000 -0.00000000 -0.00000000
vn 1.00000000 -0.00000000 -0.00000000
vn 1.00000000 -0.00000000 -0.00000000
vn -1.00000000 -0.00000000 -0.00000000
vn -1.00000000 -0.00000000 -0.00000000
vn -1.00000000 -0.00000000 -0.00000000
vn -1.00000000 -0.00000000 -0.00000000
vn -0.00000000 1.00000000 -0.00000000
vn -0.00000000 1.00000000 -0.00000000
vn -0.00000000 1.00000000 -0.00000000
vn -0.00000000 1.00000000 -0.00000000
vn -0.00000000 -1.00000000 -0.00000000
vn -0.00000000 -1.00000000 -0.00000000
vn -0.00000000 -1.00000000 -0.00000000
vn -0.00000000 -1.00000000 -0.00000000
vn -0.00000000 -0.00000000 0.99999994
vn -0.00000000 -0.00000000 0.99999994
vn -0.00000000 -0.00000000 0.99999994
vn -0.00000000 -0.00000000 0.99999994
vn -0.00000000 -0.00000000 -0.99999994
vn -0.00000000 -0.00000000 -0.99999994
vn -0.00000000 -0.00000000 -0.99999994
vn -0.00000000 -0.00000000 -0.99999994
vn 0.92387962 0.38268325 -0.00000000
vn 0.92387962 0.38268325 -0.00000000
vn 0.92387962 0.38268325 -0.00000000
vn 0.92387962 0.38268325 -0.00000000
vn -0.92387933 -0.38268387 0.00000000
vn -0.92387933 -0.38268387 0.00000000
vn -0.92387933 -0.38268387 0.00000000
vn -0.92387933 -0.38268387 0.00000000
vn 0.00000000 0.00000000 -1.00000000
vn 0.00000000 0.00000000 -1.00000000
vn 0.00000000 0.00000000 -1.00000000
vn 0.00000000 0.00000000 -1.00000000
vn 0.00000000 0.00000000 1.00000000
vn 0.00000000 0.00000000 1.00000000
vn 0.00000000 0.00000000 1.00000000
vn 0.00000000 0.00000000 1.00000000
vn 0.38268328 0.92387956 -0.00000000
vn 0.38268328 0.92387956 -0.00000000
vn 0.38268328 0.92387956 -0.00000000
vn 0.38268328 0.92387956 -0.00000000
vn -0.38268358 -0.92387956 0.00000000
vn -0.38268358 -0.92387956 0.00000000
vn -0.38268358 -0.92387956 0.00000000
vn -0.38268358 -0.92387956 0.00000000
vn 0.00000000 0.00000000 -1.00000000
vn 0.00000000 0.00000000 -1.00000000
vn 0.00000000 0.00000000 -1.00000000
vn 0.00000000 0.00000000 -1.00000000
vn 0.00000000 0.00000000 1.00000000
vn 0.00000000 0.00000000 1.00000000
vn 0.00000000 0.00000000 1.00000000
vn 0.00000000 0.00000000 1.00000000
vn -0.38268328 0.92387956 -0.00000000
vn -0.38268328 0.92387956 -0.00000000
vn -0.38268328 0.92387956 -0.00000000
vn -0.38268328 0.92387956 -0.00000000
vn 0.38268358 -0.92387956 -0.00000000
vn 0.38268358 -0.92387956 -0.00000000
vn 0.38268358 -0.92387956 -0.00000000
vn 0.38268358 -0.92387956 -0.00000000
vn 0.00000000 0.00000000 -1.00000000
vn 0.00000000 0.00000000 -1.00000000
vn 0.00000000 0.00000000 -1.00000000
vn 0.00000000 0.00000000 -1.00000000
vn 0.00000000 0.00000000 1.00000000
vn 0.00000000 0.00000000 1.00000000
vn 0.00000000 0.00000000 1.00000000
vn 0.00000000 0.00000000 1.00000000
vn -0.92387968 0.38268286 -0.00000000
vn -0.92387968 0.38268286 -0.00000000
vn -0.92387968 0.38268286 -0.00000000
vn -0.92387968 0.38268286 -0.00000000
vn 0.92387944 -0.38268387 -0.00000000
vn 0.92387944 -0.38268387 -0.00000000
vn 0.92387944 -0.38268387 -0.00000000
vn 0.92387944 -0.38268387 -0.00000000
vn 0.00000000 0.00000000 -1.00000000
vn 0.00000000 0.00000000 -1.00000000
vn 0.00000000 0.00000000 -1.00000000
vn 0.00000000 0.00000000 -1.00000000
vn 0.00000000 0.00000000 1.00000000
vn 0.00000000 0.00000000 1.00000000
vn 0.00000000 0.00000000 1.00000000
vn 0.00000000 0.00000000 1.00000000
vn -0.92387950 -0.38268349 0.00000000
vn -0.92387950 -0.38268349 0.00000000
vn -0.92387950 -0.38268349 0.00000000
vn -0.92387950 -0.38268349 0.00000000
vn 0.92387944 0.38268387 -0.00000000
vn 0.92387944 0.38268387 -0.00000000
vn 0.92387944 0.38268387 -0.00000000
vn 0.92387944 0.38268387 -0.00000000
vn 0.00000000 0.00000000 -0.99999994
vn 0.00000000 0.00000000 -0.99999994
vn 0.00000000 0.00000000 -0.99999994
vn 0.00000000 0.00000000 -0.99999994
vn 0.00000000 0.00000000 1.00000000
vn 0.00000000 0.00000000 1.00000000
vn 0.00000000 0.00000000 1.00000000
vn 0.00000000 0.00000000 1.00000000
vn -0.38268343 -0.92387956 0.00000000
vn -0.38268343 -0.92387956 0.00000000
vn -0.38268343 -0.92387956 0.00000000
vn -0.38268343 -0.92387956 0.00000000
vn 0.38268343 0.92387956 -0.00000000
vn 0.38268343 0.92387956 -0.00000000
vn 0.38268343 0.92387956 -0.00000000
vn 0.38268343 0.92387956 -0.00000000
vn 0.00000000 0.00000000 -0.99999994
vn 0.00000000 0.00000000 -0.99999994
vn 0.00000000 0.00000000 -0.99999994
vn 0.00000000 0.00000000 -0.99999994
vn 0.00000000 0.00000000 0.99999994
vn 0.00000000 0.00000000 0.99999994
vn 0.00000000 0.00000000 0.99999994
vn 0.00000000 0.00000000 0.99999994
vn 0.38268360 -0.92387950 -0.00000000
vn 0.38268360 -0.92387950 -0.00000000
vn 0.38268360 -0.92387950 -0.00000000
vn 0.38268360 -0.92387950 -0.00000000
vn -0.38268355 0.92387950 -0.00000000
vn -0.38268355 0.92387950 -0.00000000
vn -0.38268355 0.92387950 -0.00000000
vn -0.38268355 0.92387950 -0.00000000
vn 0.00000000 0.00000000 -0.99999994
vn 0.00000000 0.00000000 -0.99999994
vn 0.00000000 0.00000000 -0.99999994
vn 0.00000000 0.00000000 -0.99999994
vn 0.00000000 0.00000000 1.00000000
vn 0.00000000 0.00000000 1.00000000
vn 0.00000000 0.00000000 1.00000000
vn 0.00000000 0.00000000 1.00000000
vn 0.92387962 -0.38268328 -0.00000000
vn 0.92387962 -0.38268328 -0.00000000
vn 0.92387962 -0.38268328 -0.00000000
vn 0.92387962 -0.38268328 -0.00000000
vn -0.92387956 0.38268328 -0.00000000
vn -0.92387956 0.38268328 -0.00000000
vn -0.92387956 0.38268328 -0.00000000
vn -0.92387956 0.38268328 -0.00000000
vn 0.00000000 0.00000000 -1.00000000
vn 0.00000000 0.00000000 -1.00000000
vn 0.00000000 0.00000000 -1.00000000
vn 0.00000000 0.00000000 -1.00000000
vn 0.00000000 0.00000000 1.00000000
vn 0.00000000 0.00000000 1.00000000
vn 0.00000000 0.00000000 1.00000000
vn 0.00000000 0.00000000 1.00000000
vn -0.31240344 0.94958830 0.02619291
vn -0.31240344 0.94958830 0.02619291
vn -0.31240344 0.94958830 0.02619291
vn -0.31240344 0.94958830 0.02619291
vn -0.28977188 0.95353913 0.08243362
vn -0.28977188 0.95353913 0.08243362
vn -0.28977188 0.95353913 0.08243362
vn -0.28977188 0.95353913 0.08243362
vn -0.20925312 0.95330906 0.21774971
vn -0.20925312 0.95330906 0.21774971
vn -0.20925312 0.95330906 0.21774971
vn -0.20925312 0.95330906 0.21774971
vn -0.17060062 0.94922811 0.26431325
vn -0.17060062 0.94922811 0.26431325
vn -0.17060062 0.94922811 0.26431325
vn -0.17060062 0.94922811 0.26431325
vn 0.73662645 0.00000000 0.67629993
vn 0.73662645 0.00000000 0.67629993
vn 0.73662645 0.00000000 0.67629993
vn 0.73662645 0.00000000 0.67629993
vn 0.36783117 -0.91495931 -0.16598137
vn 0.36783117 -0.91495931 -0.16598137
vn 0.36783117 -0.91495931 -0.16598137
vn 0.36783117 -0.91495931 -0.16598137
vn 0.34860975 -0.91757894 -0.19110274
vn 0.34860975 -0.91757894 -0.19110274
vn 0.34860975 -0.91757894 -0.19110274
vn 0.34860975 -0.91757894 -0.19110274
vn 0.33204231 -0.91764009 -0.21836798
vn 0.33204231 -0.91764009 -0.21836798
vn 0.33204231 -0.91764009 -0.21836798
vn 0.33204231 -0.91764009 -0.21836798
vn 0.31864089 -0.91512805 -0.24699947
vn 0.31864089 -0.91512805 -0.24699947
vn 0.31864089 -0.91512805 -0.24699947
vn 0.31864089 -0.91512805 -0.24699947
vn -0.25234041 0.00000000 -0.96763861
vn -0.25234041 0.00000000 -0.96763861
vn -0.25234041 0.00000000 -0.96763861
vn -0.25234041 0.00000000 -0.96763861
vn -0.31360006 0.94909918 0.02942389
vn -0.31360006 0.94909918 0.02942389
vn -0.31360006 0.94909918 0.02942389
vn -0.31360006 0.94909918 0.02942389
vn -0.29233557 0.95249009 0.08545545
vn -0.29233557 0.95249009 0.08545545
vn -0.29233557 0.95249009 0.08545545
vn -0.29233557 0.95249009 0.08545545
vn -0.21203557 0.95264131 0.21798055
vn -0.21203557 0.95264131 0.21798055
vn -0.21203557 0.95264131 0.21798055
vn -0.21203557 0.95264131 0.21798055
vn -0.17221765 0.94933516 0.26287588
vn -0.17221765 0.94933516 0.26287588
vn -0.17221765 0.94933516 0.26287588
vn -0.17221765 0.94933516 0.26287588
vn 0.73662639 0.00000000 0.67629993
vn 0.73662639 0.00000000 0.67629993
vn 0.73662639 0.00000000 0.67629993
vn 0.73662639 0.00000000 0.67629993
vn 0.36678779 -0.91534543 -0.16616109
vn 0.36678779 -0.91534543 -0.16616109
vn 0.36678779 -0.91534543 -0.16616109
vn 0.36678779 -0.91534543 -0.16616109
vn 0.34764081 -0.91801125 -0.19079076
vn 0.34764081 -0.91801125 -0.19079076
vn 0.34764081 -0.91801125 -0.19079076
vn 0.34764081 -0.91801125 -0.19079076
vn 0.33151388 -0.91797149 -0.21777712
vn 0.33151388 -0.91797149 -0.21777712
vn 0.33151388 -0.91797149 -0.21777712
vn 0.33151388 -0.91797149 -0.21777712
vn 0.31886536 -0.91523558 -0.24631038
vn 0.31886536 -0.91523558 -0.24631038
vn 0.31886536 -0.91523558 -0.24631038
vn 0.31886536 -0.91523558 -0.24631038
vn -0.25234100 0.00000000 -0.96763831
vn -0.25234100 0.00000000 -0.96763831
vn -0.25234100 0.00000000 -0.96763831
vn -0.25234100 0.00000000 -0.96763831
vn -0.31642863 0.94818777 0.02851044
vn -0.31642863 0.94818777 0.02851044
vn -0.31642863 0.94818777 0.02851044
vn -0.31642863 0.94818777 0.02851044
vn -0.29622519 0.95120710 0.08634613
vn -0.29622519 0.95120710 0.08634613
vn -0.29622519 0.95120710 0.08634613
vn -0.29622519 0.95120710 0.08634613
vn -0.21321934 0.95186830 0.22019129
vn -0.21321934 0.95186830 0.22019129
vn -0.21321934 0.95186830 0.22019129
vn -0.21321934 0.95186830 0.22019129
vn -0.17037205 0.94921267 0.26451614
vn -0.17037205 0.94921267 0.26451614
vn -0.17037205 0.94921267 0.26451614
vn -0.17037205 0.94921267 0.26451614
vn 0.73662633 0.00000000 0.67629999
vn 0.73662633 0.00000000 0.67629999
vn 0.73662633 0.00000000 0.67629999
vn 0.73662633 0.00000000 0.67629999
vn 0.36665109 -0.91558933 -0.16511600
vn 0.36665109 -0.91558933 -0.16511600
vn 0.36665109 -0.91558933 -0.16511600
vn 0.36665109 -0.91558933 -0.16511600
vn 0.34690768 -0.91844803 -0.19002154
vn 0.34690768 -0.91844803 -0.19002154
vn 0.34690768 -0.91844803 -0.19002154
vn 0.34690768 -0.91844803 -0.19002154
vn 0.33075646 -0.91827554 -0.21764669
vn 0.33075646 -0.91827554 -0.21764669
vn 0.33075646 -0.91827554 -0.21764669
vn 0.33075646 -0.91827554 -0.21764669
vn 0.31860906 -0.91511273 -0.24709685
vn 0.31860906 -0.91511273 -0.24709685
vn 0.31860906 -0.91511273 -0.24709685
vn 0.31860906 -0.91511273 -0.24709685
vn -0.25234061 0.00000000 -0.96763843
vn -0.25234061 0.00000000 -0.96763843
vn -0.25234061 0.00000000 -0.96763843
vn -0.25234061 0.00000000 -0.96763843
vn -0.85689354 -0.00000012 0.51549345
vn -0.85689354 -0.00000012 0.51549345
vn -0.85689354 -0.00000012 0.51549345
vn -0.85689348 -0.00000000 0.51549351
vn -0.85689348 -0.00000000 0.51549351
vn -0.85689348 -0.00000000 0.51549351
vn -0.85689348 -0.00000000 0.51549351
vn -0.85689348 -0.00000000 0.51549351
vn -0.85689348 -0.00000000 0.51549351
vn -0.85689354 -0.00000000 0.51549345
vn -0.85689354 -0.00000000 0.51549345
vn -0.85689354 -0.00000000 0.51549345
vn -0.85689348 -0.00000000 0.51549351
vn -0.85689348 -0.00000000 0.51549351
vn -0.85689348 -0.00000000 0.51549351
vn -0.85689354 -0.00000000 0.51549339
vn -0.85689354 -0.00000000 0.51549339
vn -0.85689354 -0.00000000 0.51549339
vn -0.85689354 -0.00000000 0.51549351
vn -0.85689354 -0.00000000 0.51549351
vn -0.85689354 -0.00000000 0.51549351
vn -0.85689354 -0.00000000 0.51549351
vn -0.85689354 -0.00000000 0.51549351
vn -0.85689354 -0.00000000 0.51549351
vn -0.85689354 0.00000014 0.51549339
vn -0.85689354 0.00000014 0.51549339
vn -0.85689354 0.00000014 0.51549339
vn -0.85689348 -0.00000000 0.51549345
vn -0.85689348 -0.00000000 0.51549345
vn -0.85689348 -0.00000000 0.51549345
vn 0.85689312 -0.00000152 -0.51549417
vn 0.85689312 -0.00000152 -0.51549417
vn 0.85689312 -0.00000152 -0.51549417
vn 0.85689372 0.00000000 -0.51549298
vn 0.85689372 0.00000000 -0.51549298
vn 0.85689372 0.00000000 -0.51549298
vn 0.85689372 0.00000000 -0.51549298
vn 0.85689372 0.00000000 -0.51549298
vn 0.85689372 0.00000000 -0.51549298
vn 0.85689312 0.00000152 -0.51549417
vn 0.85689312 0.00000152 -0.51549417
vn 0.85689312 0.00000152 -0.51549417
vn 0.85689342 0.00000000 -0.51549363
vn 0.85689342 0.00000000 -0.51549363
vn 0.85689342 0.00000000 -0.51549363
vn 0.85689306 -0.00000172 -0.51549429
vn 0.85689306 -0.00000172 -0.51549429
vn 0.85689306 -0.00000172 -0.51549429
vn 0.85689384 0.00000000 -0.51549304
vn 0.85689384 0.00000000 -0.51549304
vn 0.85689384 0.00000000 -0.51549304
vn 0.85689384 0.00000000 -0.51549304
vn 0.85689384 0.00000000 -0.51549304
vn 0.85689384 0.00000000 -0.51549304
vn 0.85689306 0.00000172 -0.51549429
vn 0.85689306 0.00000172 -0.51549429
vn 0.85689306 0.00000172 -0.51549429
vn 0.85689342 0.00000000 -0.51549363
vn 0.85689342 0.00000000 -0.51549363
vn 0.85689342 0.00000000 -0.51549363
vn 0.96592569 0.25881937 -0.00000000
vn 0.96592569 0.25881937 -0.00000000
vn 0.96592569 0.25881937 -0.00000000
vn 0.96592569 0.25881937 -0.00000000
vn 0.00000000 0.00000000 1.00000000
vn 0.00000000 0.00000000 1.00000000
vn 0.00000000 0.00000000 1.00000000
vn 0.00000000 0.00000000 -1.00000000
vn 0.00000000 0.00000000 -1.00000000
vn 0.00000000 0.00000000 -1.00000000
vn 0.70710671 0.70710671 -0.00000000
vn 0.70710671 0.70710671 -0.00000000
vn 0.70710671 0.70710671 -0.00000000
vn 0.70710671 0.70710671 -0.00000000
vn 0.00000000 0.00000000 0.99999994
vn 0.00000000 0.00000000 0.99999994
vn 0.00000000 0.00000000 0.99999994
vn 0.00000000 0.00000000 -0.99999994
vn 0.00000000 0.00000000 -0.99999994
vn 0.00000000 0.00000000 -0.99999994
vn 0.25881878 0.96592587 -0.00000000
vn 0.25881878 0.96592587 -0.00000000
vn 0.25881878 0.96592587 -0.00000000
vn 0.25881878 0.96592587 -0.00000000
vn 0.00000000 0.00000000 1.00000000
vn 0.00000000 0.00000000 1.00000000
vn 0.00000000 0.00000000 1.00000000
vn 0.00000000 0.00000000 -1.00000000
vn 0.00000000 0.00000000 -1.00000000
vn 0.00000000 0.00000000 -1.00000000
vn -0.25881892 0.96592587 -0.00000000
vn -0.25881892 0.96592587 -0.00000000
vn -0.25881892 0.96592587 -0.00000000
vn -0.25881892 0.96592587 -0.00000000
vn 0.00000000 -0.00000000 1.00000000
vn 0.00000000 -0.00000000 1.00000000
vn 0.00000000 -0.00000000 1.00000000
vn 0.00000000 0.00000000 -1.00000000
vn 0.00000000 0.00000000 -1.00000000
vn 0.00000000 0.00000000 -1.00000000
vn -0.70710689 0.70710671 -0.00000000
vn -0.70710689 0.70710671 -0.00000000
vn -0.70710689 0.70710671 -0.00000000
vn -0.70710689 0.70710671 -0.00000000
vn 0.00000000 0.00000000 0.99999994
vn 0.00000000 0.00000000 0.99999994
vn 0.00000000 0.00000000 0.99999994
vn 0.00000000 0.00000000 -0.99999994
vn 0.00000000 0.00000000 -0.99999994
vn 0.00000000 0.00000000 -0.99999994
vn -0.96592575 0.25881940 -0.00000000
vn -0.96592575 0.25881940 -0.00000000
vn -0.96592575 0.25881940 -0.00000000
vn -0.96592575 0.25881940 -0.00000000
vn 0.00000000 0.00000000 1.00000000
vn 0.00000000 0.00000000 1.00000000
vn 0.00000000 0.00000000 1.00000000
vn -0.00000000 0.00000000 -1.00000000
vn -0.00000000 0.00000000 -1.00000000
vn -0.00000000 0.00000000 -1.00000000
vn -0.96592569 -0.25881931 0.00000000
vn -0.96592569 -0.25881931 0.00000000
vn -0.96592569 -0.25881931 0.00000000
vn -0.96592569 -0.25881931 0.00000000
vn 0.00000000 0.00000000 1.00000000
vn 0.00000000 0.00000000 1.00000000
vn 0.00000000 0.00000000 1.00000000
vn 0.00000000 0.00000000 -1.00000000
vn 0.00000000 0.00000000 -1.00000000
vn 0.00000000 0.00000000 -1.00000000
vn -0.70710659 -0.70710695 0.00000000
vn -0.70710659 -0.70710695 0.00000000
vn -0.70710659 -0.70710695 0.00000000
vn -0.70710659 -0.70710695 0.00000000
vn 0.00000000 0.00000000 1.00000000
vn 0.00000000 0.00000000 1.00000000
vn 0.00000000 0.00000000 1.00000000
vn 0.00000000 0.00000000 -1.00000000
vn 0.00000000 0.00000000 -1.00000000
vn 0.00000000 0.00000000 -1.00000000
vn -0.25881878 -0.96592587 0.00000000
vn -0.25881878 -0.96592587 0.00000000
vn -0.25881878 -0.96592587 0.00000000
vn -0.25881878 -0.96592587 0.00000000
vn 0.00000000 0.00000000 1.00000000
vn 0.00000000 0.00000000 1.00000000
vn 0.00000000 0.00000000 1.00000000
vn 0.00000000 -0.00000000 -1.00000000
vn 0.00000000 -0.00000000 -1.00000000
vn 0.00000000 -0.00000000 -1.00000000
vn 0.25881925 -0.96592581 -0.00000000
vn 0.25881925 -0.96592581 -0.00000000
vn 0.25881925 -0.96592581 -0.00000000
vn 0.25881925 -0.96592581 -0.00000000
vn 0.00000000 0.00000000 1.00000000
vn 0.00000000 0.00000000 1.00000000
vn 0.00000000 0.00000000 1.00000000
vn 0.00000000 0.00000000 -1.00000000
vn 0.00000000 0.00000000 -1.00000000
vn 0.00000000 0.00000000 -1.00000000
vn 0.70710683 -0.70710689 -0.00000000
vn 0.70710683 -0.70710689 -0.00000000
vn 0.70710683 -0.70710689 -0.00000000
vn 0.70710683 -0.70710689 -0.00000000
vn 0.00000000 0.00000000 1.00000000
vn 0.00000000 0.00000000 1.00000000
vn 0.00000000 0.00000000 1.00000000
vn 0.00000000 0.00000000 -1.00000000
vn 0.00000000 0.00000000 -1.00000000
vn 0.00000000 0.00000000 -1.00000000
vn 0.96592575 -0.25881937 -0.00000000
vn 0.96592575 -0.25881937 -0.00000000
vn 0.96592575 -0.25881937 -0.00000000
vn 0.96592575 -0.25881937 -0.00000000
vn -0.00000000 0.00000000 1.00000000
vn -0.00000000 0.00000000 1.00000000
vn -0.00000000 0.00000000 1.00000000
vn 0.00000000 0.00000000 -1.00000000
vn 0.00000000 0.00000000 -1.00000000
vn 0.00000000 0.00000000 -1.00000000
vn 0.96592569 0.25881937 -0.00000000
vn 0.96592569 0.25881937 -0.00000000
vn 0.96592569 0.25881937 -0.00000000
vn 0.96592569 0.25881937 -0.00000000
vn 0.00000000 0.00000000 1.00000000
vn 0.00000000 0.00000000 1.00000000
vn 0.00000000 0.00000000 1.00000000
vn 0.00000000 0.00000000 -1.00000000
vn 0.00000000 0.00000000 -1.00000000
vn 0.00000000 0.00000000 -1.00000000
vn 0.70710671 0.70710671 -0.00000000
vn 0.70710671 0.70710671 -0.00000000
vn 0.70710671 0.70710671 -0.00000000
vn 0.70710671 0.70710671 -0.00000000
vn 0.00000000 0.00000000 0.99999994
vn 0.00000000 0.00000000 0.99999994
vn 0.00000000 0.00000000 0.99999994
vn 0.00000000 0.00000000 -0.99999994
vn 0.00000000 0.00000000 -0.99999994
vn 0.00000000 0.00000000 -0.99999994
vn 0.25881878 0.96592587 -0.00000000
vn 0.25881878 0.96592587 -0.00000000
vn 0.25881878 0.96592587 -0.00000000
vn 0.25881878 0.96592587 -0.00000000
vn 0.00000000 0.00000000 1.00000000
vn 0.00000000 0.00000000 1.00000000
vn 0.00000000 0.00000000 1.00000000
vn 0.00000000 0.00000000 -1.00000000
vn 0.00000000 0.00000000 -1.00000000
vn 0.00000000 0.00000000 -1.00000000
vn -0.25881892 0.96592587 -0.00000000
vn -0.25881892 0.96592587 -0.00000000
vn -0.25881892 0.96592587 -0.00000000
vn -0.25881892 0.96592587 -0.00000000
vn 0.00000000 -0.00000000 1.00000000
vn 0.00000000 -0.00000000 1.00000000
vn 0.00000000 -0.00000000 1.00000000
vn 0.00000000 0.00000000 -1.00000000
vn 0.00000000 0.00000000 -1.00000000
vn 0.00000000 0.00000000 -1.00000000
vn -0.70710689 0.70710671 -0.00000000
vn -0.70710689 0.70710671 -0.00000000
vn -0.70710689 0.70710671 -0.00000000
vn -0.70710689 0.70710671 -0.00000000
vn 0.00000000 0.00000000 0.99999994
vn 0.00000000 0.00000000 0.99999994
vn 0.00000000 0.00000000 0.99999994
vn 0.00000000 0.00000000 -0.99999994
vn 0.00000000 0.00000000 -0.99999994
vn 0.00000000 0.00000000 -0.99999994
vn -0.96592575 0.25881940 -0.00000000
vn -0.96592575 0.25881940 -0.00000000
vn -0.96592575 0.25881940 -0.00000000
vn -0.96592575 0.25881940 -0.00000000
vn 0.00000000 0.00000000 1.00000000
vn 0.00000000 0.00000000 1.00000000
vn 0.00000000 0.00000000 1.00000000
vn -0.00000000 0.00000000 -1.00000000
vn -0.00000000 0.00000000 -1.00000000
vn -0.00000000 0.00000000 -1.00000000
vn -0.96592569 -0.25881931 0.00000000
vn -0.96592569 -0.25881931 0.00000000
vn -0.96592569 -0.25881931 0.00000000
vn -0.96592569 -0.25881931 0.00000000
vn 0.00000000 0.00000000 1.00000000
vn 0.00000000 0.00000000 1.00000000
vn 0.00000000 0.00000000 1.00000000
vn 0.00000000 0.00000000 -1.00000000
vn 0.00000000 0.00000000 -1.00000000
vn 0.00000000 0.00000000 -1.00000000
vn -0.70710659 -0.70710695 0.00000000
vn -0.70710659 -0.70710695 0.00000000
vn -0.70710659 -0.70710695 0.00000000
vn -0.70710659 -0.70710695 0.00000000
vn 0.00000000 0.00000000 1.00000000
vn 0.00000000 0.00000000 1.00000000
vn 0.00000000 0.00000000 1.00000000
vn 0.00000000 0.00000000 -1.00000000
vn 0.00000000 0.00000000 -1.00000000
vn 0.00000000 0.00000000 -1.00000000
vn -0.25881878 -0.96592587 0.00000000
vn -0.25881878 -0.96592587 0.00000000
vn -0.25881878 -0.96592587 0.00000000
vn -0.25881878 -0.96592587 0.00000000
vn 0.00000000 0.00000000 1.00000000
vn 0.00000000 0.00000000 1.00000000
vn 0.00000000 0.00000000 1.00000000
vn 0.00000000 -0.00000000 -1.00000000
vn 0.00000000 -0.00000000 -1.00000000
vn 0.00000000 -0.00000000 -1.00000000
vn 0.25881925 -0.96592581 -0.00000000
vn 0.25881925 -0.96592581 -0.00000000
vn 0.25881925 -0.96592581 -0.00000000
vn 0.25881925 -0.96592581 -0.00000000
vn 0.00000000 0.00000000 1.00000000
vn 0.00000000 0.00000000 1.00000000
vn 0.00000000 0.00000000 1.00000000
vn 0.00000000 0.00000000 -1.00000000
vn 0.00000000 0.00000000 -1.00000000
vn 0.00000000 0.00000000 -1.00000000
vn 0.70710683 -0.70710689 -0.00000000
vn 0.70710683 -0.70710689 -0.00000000
vn 0.70710683 -0.70710689 -0.00000000
vn 0.70710683 -0.70710689 -0.00000000
vn 0.00000000 0.00000000 1.00000000
vn 0.00000000 0.00000000 1.00000000
vn 0.00000000 0.00000000 1.00000000
vn 0.00000000 0.00000000 -1.00000000
vn 0.00000000 0.00000000 -1.00000000
vn 0.00000000 0.00000000 -1.00000000
vn 0.96592575 -0.25881937 -0.00000000
vn 0.96592575 -0.25881937 -0.00000000
vn 0.96592575 -0.25881937 -0.00000000
vn 0.96592575 -0.25881937 -0.00000000
vn -0.00000000 0.00000000 1.00000000
vn -0.00000000 0.00000000 1.00000000
vn -0.00000000 0.00000000 1.00000000
vn 0.00000000 0.00000000 -1.00000000
vn 0.00000000 0.00000000 -1.00000000
vn 0.00000000 0.00000000 -1.00000000
vn 0.92387968 0.38268310 -0.00000000
vn 0.92387968 0.38268310 -0.00000000
vn 0.92387968 0.38268310 -0.00000000
vn 0.92387968 0.38268310 -0.00000000
vn -0.92387950 -0.38268363 0.00000000
vn -0.92387950 -0.38268363 0.00000000
vn -0.92387950 -0.38268363 0.00000000
vn -0.92387950 -0.38268363 0.00000000
vn 0.00000000 0.00000000 -1.00000000
vn 0.00000000 0.00000000 -1.00000000
vn 0.00000000 0.00000000 -1.00000000
vn 0.00000000 0.00000000 -1.00000000
vn 0.00000000 0.00000000 1.00000000
vn 0.00000000 0.00000000 1.00000000
vn 0.00000000 0.00000000 1.00000000
vn 0.00000000 0.00000000 1.00000000
vn 0.38268328 0.92387950 -0.00000000
vn 0.38268328 0.92387950 -0.00000000
vn 0.38268328 0.92387950 -0.00000000
vn 0.38268328 0.92387950 -0.00000000
vn -0.38268355 -0.92387944 0.00000000
vn -0.38268355 -0.92387944 0.00000000
vn -0.38268355 -0.92387944 0.00000000
vn -0.38268355 -0.92387944 0.00000000
vn 0.00000000 0.00000000 -1.00000000
vn 0.00000000 0.00000000 -1.00000000
vn 0.00000000 0.00000000 -1.00000000
vn 0.00000000 0.00000000 -1.00000000
vn 0.00000000 0.00000000 1.00000000
vn 0.00000000 0.00000000 1.00000000
vn 0.00000000 0.00000000 1.00000000
vn 0.00000000 0.00000000 1.00000000
vn -0.38268340 0.92387962 -0.00000000
vn -0.38268340 0.92387962 -0.00000000
vn -0.38268340 0.92387962 -0.00000000
vn -0.38268340 0.92387962 -0.00000000
vn 0.38268355 -0.92387944 -0.00000000
vn 0.38268355 -0.92387944 -0.00000000
vn 0.38268355 -0.92387944 -0.00000000
vn 0.38268355 -0.92387944 -0.00000000
vn 0.00000000 0.00000000 -1.00000000
vn 0.00000000 0.00000000 -1.00000000
vn 0.00000000 0.00000000 -1.00000000
vn 0.00000000 0.00000000 -1.00000000
vn 0.00000000 0.00000000 1.00000000
vn 0.00000000 0.00000000 1.00000000
vn 0.00000000 0.00000000 1.00000000
vn 0.00000000 0.00000000 1.00000000
vn -0.92387950 0.38268343 -0.00000000
vn -0.92387950 0.38268343 -0.00000000
vn -0.92387950 0.38268343 -0.00000000
vn -0.92387950 0.38268343 -0.00000000
vn 0.92387944 -0.38268358 -0.00000000
vn 0.92387944 -0.38268358 -0.00000000
vn 0.92387944 -0.38268358 -0.00000000
vn 0.92387944 -0.38268358 -0.00000000
vn 0.00000000 0.00000000 -1.00000000
vn 0.00000000 0.00000000 -1.00000000
vn 0.00000000 0.00000000 -1.00000000
vn 0.00000000 0.00000000 -1.00000000
vn 0.00000000 0.00000000 1.00000000
vn 0.00000000 0.00000000 1.00000000
vn 0.00000000 0.00000000 1.00000000
vn 0.00000000 0.00000000 1.00000000
vn -0.92387944 -0.38268369 0.00000000
vn -0.92387944 -0.38268369 0.00000000
vn -0.92387944 -0.38268369 0.00000000
vn -0.92387944 -0.38268369 0.00000000
vn 0.92387944 0.38268358 -0.00000000
vn 0.92387944 0.38268358 -0.00000000
vn 0.92387944 0.38268358 -0.00000000
vn 0.92387944 0.38268358 -0.00000000
vn 0.00000000 0.00000000 -1.00000000
vn 0.00000000 0.00000000 -1.00000000
vn 0.00000000 0.00000000 -1.00000000
vn 0.00000000 0.00000000 -1.00000000
vn 0.00000000 0.00000000 1.00000000
vn 0.00000000 0.00000000 1.00000000
vn 0.00000000 0.00000000 1.00000000
vn 0.00000000 0.00000000 1.00000000
vn -0.38268346 -0.92387950 0.00000000
vn -0.38268346 -0.92387950 0.00000000
vn -0.38268346 -0.92387950 0.00000000
vn -0.38268346 -0.92387950 0.00000000
vn 0.38268334 0.92387950 -0.00000000
vn 0.38268334 0.92387950 -0.00000000
vn 0.38268334 0.92387950 -0.00000000
vn 0.38268334 0.92387950 -0.00000000
vn 0.00000000 0.00000000 -1.00000000
vn 0.00000000 0.00000000 -1.00000000
vn 0.00000000 0.00000000 -1.00000000
vn 0.00000000 0.00000000 -1.00000000
vn 0.00000000 0.00000000 1.00000000
vn 0.00000000 0.00000000 1.00000000
vn 0.00000000 0.00000000 1.00000000
vn 0.00000000 0.00000000 1.00000000
vn 0.38268369 -0.92387944 -0.00000000
vn 0.38268369 -0.92387944 -0.00000000
vn 0.38268369 -0.92387944 -0.00000000
vn 0.38268369 -0.92387944 -0.00000000
vn -0.38268349 0.92387950 -0.00000000
vn -0.38268349 0.92387950 -0.00000000
vn -0.38268349 0.92387950 -0.00000000
vn -0.38268349 0.92387950 -0.00000000
vn 0.00000000 0.00000000 -0.99999994
vn 0.00000000 0.00000000 -0.99999994
vn 0.00000000 0.00000000 -0.99999994
vn 0.00000000 0.00000000 -0.99999994
vn 0.00000000 0.00000000 1.00000000
vn 0.00000000 0.00000000 1.00000000
vn 0.00000000 0.00000000 1.00000000
vn 0.00000000 0.00000000 1.00000000
vn 0.92387962 -0.38268310 -0.00000000
vn 0.92387962 -0.38268310 -0.00000000
vn 0.92387962 -0.38268310 -0.00000000
vn 0.92387962 -0.38268310 -0.00000000
vn -0.92387962 0.38268316 -0.00000000
vn -0.92387962 0.38268316 -0.00000000
vn -0.92387962 0.38268316 -0.00000000
vn -0.92387962 0.38268316 -0.00000000
vn 0.00000000 0.00000000 -1.00000000
vn 0.00000000 0.00000000 -1.00000000
vn 0.00000000 0.00000000 -1.00000000
vn 0.00000000 0.00000000 -1.00000000
vn 0.00000000 0.00000000 1.00000000
vn 0.00000000 0.00000000 1.00000000
vn 0.00000000 0.00000000 1.00000000
vn 0.00000000 0.00000000 1.00000000
vn 1.00000000 -0.00000000 -0.00000000
vn 1.00000000 -0.00000000 -0.00000000
vn 1.00000000 -0.00000000 -0.00000000
vn 1.00000000 -0.00000000 -0.00000000
vn -1.00000000 -0.00000000 -0.00000000
vn -1.00000000 -0.00000000 -0.00000000
vn -1.00000000 -0.00000000 -0.00000000
vn -1.00000000 -0.00000000 -0.00000000
vn -0.00000000 1.00000000 -0.00000000
vn -0.00000000 1.00000000 -0.00000000
vn -0.00000000 1.00000000 -0.00000000
vn -0.00000000 1.00000000 -0.00000000
vn -0.00000000 -1.00000000 -0.00000000
vn -0.00000000 -1.00000000 -0.00000000
vn -0.00000000 -1.00000000 -0.00000000
vn -0.00000000 -1.00000000 -0.00000000
vn -0.00000000 -0.00000000 0.99999994
vn -0.00000000 -0.00000000 0.99999994
vn -0.00000000 -0.00000000 0.99999994
vn -0.00000000 -0.00000000 0.99999994
vn -0.00000000 -0.00000000 -0.99999994
vn -0.00000000 -0.00000000 -0.99999994
vn -0.00000000 -0.00000000 -0.99999994
vn -0.00000000 -0.00000000 -0.99999994
vn 0.92387968 0.38268295 -0.00000000
vn 0.92387968 0.38268295 -0.00000000
vn 0.92387968 0.38268295 -0.00000000
vn 0.92387968 0.38268295 -0.00000000
vn -0.92387933 -0.38268387 0.00000000
vn -0.92387933 -0.38268387 0.00000000
vn -0.92387933 -0.38268387 0.00000000
vn -0.92387933 -0.38268387 0.00000000
vn 0.00000000 0.00000000 -1.00000000
vn 0.00000000 0.00000000 -1.00000000
vn 0.00000000 0.00000000 -1.00000000
vn 0.00000000 0.00000000 -1.00000000
vn 0.00000000 0.00000000 1.00000000
vn 0.00000000 0.00000000 1.00000000
vn 0.00000000 0.00000000 1.00000000
vn 0.00000000 0.00000000 1.00000000
vn 0.38268328 0.92387956 -0.00000000
vn 0.38268328 0.92387956 -0.00000000
vn 0.38268328 0.92387956 -0.00000000
vn 0.38268328 0.92387956 -0.00000000
vn -0.38268358 -0.92387956 0.00000000
vn -0.38268358 -0.92387956 0.00000000
vn -0.38268358 -0.92387956 0.00000000
vn -0.38268358 -0.92387956 0.00000000
vn 0.00000000 0.00000000 -1.00000000
vn 0.00000000 0.00000000 -1.00000000
vn 0.00000000 0.00000000 -1.00000000
vn 0.00000000 0.00000000 -1.00000000
vn 0.00000000 0.00000000 1.00000000
vn 0.00000000 0.00000000 1.00000000
vn 0.00000000 0.00000000 1.00000000
vn 0.00000000 0.00000000 1.00000000
vn -0.38268328 0.92387956 -0.00000000
vn -0.38268328 0.92387956 -0.00000000
vn -0.38268328 0.92387956 -0.00000000
vn -0.38268328 0.92387956 -0.00000000
vn 0.38268358 -0.92387956 -0.00000000
vn 0.38268358 -0.92387956 -0.00000000
vn 0.38268358 -0.92387956 -0.00000000
vn 0.38268358 -0.92387956 -0.00000000
vn 0.00000000 0.00000000 -1.00000000
vn 0.00000000 0.00000000 -1.00000000
vn 0.00000000 0.00000000 -1.00000000
vn 0.00000000 0.00000000 -1.00000000
vn 0.00000000 0.00000000 1.00000000
vn 0.00000000 0.00000000 1.00000000
vn 0.00000000 0.00000000 1.00000000
vn 0.00000000 0.00000000 1.00000000
vn -0.92387968 0.38268322 -0.00000000
vn -0.92387968 0.38268322 -0.00000000
vn -0.92387968 0.38268322 -0.00000000
vn -0.92387968 0.38268322 -0.00000000
vn 0.92387944 -0.38268387 -0.00000000
vn 0.92387944 -0.38268387 -0.00000000
vn 0.92387944 -0.38268387 -0.00000000
vn 0.92387944 -0.38268387 -0.00000000
vn 0.00000000 0.00000000 -0.99999994
vn 0.00000000 0.00000000 -0.99999994
vn 0.00000000 0.00000000 -0.99999994
vn 0.00000000 0.00000000 -0.99999994
vn 0.00000000 0.00000000 1.00000000
vn 0.00000000 0.00000000 1.00000000
vn 0.00000000 0.00000000 1.00000000
vn 0.00000000 0.00000000 1.00000000
vn -0.92387933 -0.38268375 0.00000000
vn -0.92387933 -0.38268375 0.00000000
vn -0.92387933 -0.38268375 0.00000000
vn -0.92387933 -0.38268375 0.00000000
vn 0.92387944 0.38268387 -0.00000000
vn 0.92387944 0.38268387 -0.00000000
vn 0.92387944 0.38268387 -0.00000000
vn 0.92387944 0.38268387 -0.00000000
vn 0.00000000 0.00000000 -1.00000000
vn 0.00000000 0.00000000 -1.00000000
vn 0.00000000 0.00000000 -1.00000000
vn 0.00000000 0.00000000 -1.00000000
vn 0.00000000 0.00000000 0.99999994
vn 0.00000000 0.00000000 0.99999994
vn 0.00000000 0.00000000 0.99999994
vn 0.00000000 0.00000000 0.99999994
vn -0.38268343 -0.92387956 0.00000000
vn -0.38268343 -0.92387956 0.00000000
vn -0.38268343 -0.92387956 0.00000000
vn -0.38268343 -0.92387956 0.00000000
vn 0.38268343 0.92387956 -0.00000000
vn 0.38268343 0.92387956 -0.00000000
vn 0.38268343 0.92387956 -0.00000000
vn 0.38268343 0.92387956 -0.00000000
vn 0.00000000 0.00000000 -0.99999994
vn 0.00000000 0.00000000 -0.99999994
vn 0.00000000 0.00000000 -0.99999994
vn 0.00000000 0.00000000 -0.99999994
vn 0.00000000 0.00000000 0.99999994
vn 0.00000000 0.00000000 0.99999994
vn 0.00000000 0.00000000 0.99999994
vn 0.00000000 0.00000000 0.99999994
vn 0.38268360 -0.92387950 -0.00000000
vn 0.38268360 -0.92387950 -0.00000000
vn 0.38268360 -0.92387950 -0.00000000
vn 0.38268360 -0.92387950 -0.00000000
vn -0.38268355 0.92387950 -0.00000000
vn -0.38268355 0.92387950 -0.00000000
vn -0.38268355 0.92387950 -0.00000000
vn -0.38268355 0.92387950 -0.00000000
vn 0.00000000 0.00000000 -0.99999994
vn 0.00000000 0.00000000 -0.99999994
vn 0.00000000 0.00000000 -0.99999994
vn 0.00000000 0.00000000 -0.99999994
vn 0.00000000 0.00000000 1.00000000
vn 0.00000000 0.00000000 1.00000000
vn 0.00000000 0.00000000 1.00000000
vn 0.00000000 0.00000000 1.00000000
vn 0.92387974 -0.38268298 -0.00000000
vn 0.92387974 -0.38268298 -0.00000000
vn 0.92387974 -0.38268298 -0.00000000
vn 0.92387974 -0.38268298 -0.00000000
vn -0.92387956 0.38268328 -0.00000000
vn -0.92387956 0.38268328 -0.00000000
vn -0.92387956 0.38268328 -0.00000000
vn -0.92387956 0.38268328 -0.00000000
vn 0.00000000 0.00000000 -1.00000000
vn 0.00000000 0.00000000 -1.00000000
vn 0.00000000 0.00000000 -1.00000000
vn 0.00000000 0.00000000 -1.00000000
vn 0.00000000 0.00000000 1.00000000
vn 0.00000000 0.00000000 1.00000000
vn 0.00000000 0.00000000 1.00000000
vn 0.00000000 0.00000000 1.00000000
vn -0.19406201 0.97744459 -0.08331778
vn -0.19406201 0.97744459 -0.08331778
vn -0.19406201 0.97744459 -0.08331778
vn -0.19406201 0.97744459 -0.08331778
vn -0.17993851 0.98340541 -0.02315098
vn -0.17993851 0.98340541 -0.02315098
vn -0.17993851 0.98340541 -0.02315098
vn -0.17993851 0.98340541 -0.02315098
vn -0.12687564 0.98331803 0.13033913
vn -0.12687564 0.98331803 0.13033913
vn -0.12687564 0.98331803 0.13033913
vn -0.12687564 0.98331803 0.13033913
vn -0.10077576 0.97730935 0.18630832
vn -0.10077576 0.97730935 0.18630832
vn -0.10077576 0.97730935 0.18630832
vn -0.10077576 0.97730935 0.18630832
vn 0.49898598 0.00000000 0.86661005
vn 0.49898598 0.00000000 0.86661005
vn 0.49898598 0.00000000 0.86661005
vn 0.49898598 0.00000000 0.86661005
vn 0.24530497 -0.96889937 -0.03255113
vn 0.24530497 -0.96889937 -0.03255113
vn 0.24530497 -0.96889937 -0.03255113
vn 0.24530497 -0.96889937 -0.03255113
vn 0.23176740 -0.97072250 -0.06310016
vn 0.23176740 -0.97072250 -0.06310016
vn 0.23176740 -0.97072250 -0.06310016
vn 0.23176740 -0.97072250 -0.06310016
vn 0.22053415 -0.97074890 -0.09492701
vn 0.22053415 -0.97074890 -0.09492701
vn 0.22053415 -0.97074890 -0.09492701
vn 0.22053415 -0.97074890 -0.09492701
vn 0.21192469 -0.96897250 -0.12720135
vn 0.21192469 -0.96897250 -0.12720135
vn 0.21192469 -0.96897250 -0.12720135
vn 0.21192469 -0.96897250 -0.12720135
vn -0.14926252 0.00000000 -0.98879761
vn -0.14926252 0.00000000 -0.98879761
vn -0.14926252 0.00000000 -0.98879761
vn -0.14926252 0.00000000 -0.98879761
vn -0.19512165 0.97745514 -0.08067963
vn -0.19512165 0.97745514 -0.08067963
vn -0.19512165 0.97745514 -0.08067963
vn -0.19512165 0.97745514 -0.08067963
vn -0.18201509 0.98306930 -0.02110469
vn -0.18201509 0.98306930 -0.02110469
vn -0.18201509 0.98306930 -0.02110469
vn -0.18201509 0.98306930 -0.02110469
vn -0.12894091 0.98312688 0.12975255
vn -0.12894091 0.98312688 0.12975255
vn -0.12894091 0.98312688 0.12975255
vn -0.12894091 0.98312688 0.12975255
vn -0.10188793 0.97754389 0.18446337
vn -0.10188793 0.97754389 0.18446337
vn -0.10188793 0.97754389 0.18446337
vn -0.10188793 0.97754389 0.18446337
vn 0.49898636 0.00000000 0.86660987
vn 0.49898636 0.00000000 0.86660987
vn 0.49898636 0.00000000 0.86660987
vn 0.49898636 0.00000000 0.86660987
vn 0.24448395 -0.96908981 -0.03305222
vn 0.24448395 -0.96908981 -0.03305222
vn 0.24448395 -0.96908981 -0.03305222
vn 0.24448395 -0.96908981 -0.03305222
vn 0.23097639 -0.97091180 -0.06308881
vn 0.23097639 -0.97091180 -0.06308881
vn 0.23097639 -0.97091180 -0.06308881
vn 0.23097639 -0.97091180 -0.06308881
vn 0.22007547 -0.97089469 -0.09450095
vn 0.22007547 -0.97089469 -0.09450095
vn 0.22007547 -0.97089469 -0.09450095
vn 0.22007547 -0.97089469 -0.09450095
vn 0.21205437 -0.96904224 -0.12645212
vn 0.21205437 -0.96904224 -0.12645212
vn 0.21205437 -0.96904224 -0.12645212
vn 0.21205437 -0.96904224 -0.12645212
vn -0.14926273 0.00000000 -0.98879761
vn -0.14926273 0.00000000 -0.98879761
vn -0.14926273 0.00000000 -0.98879761
vn -0.14926273 0.00000000 -0.98879761
vn -0.19719964 0.97688961 -0.08245613
vn -0.19719964 0.97688961 -0.08245613
vn -0.19719964 0.97688961 -0.08245613
vn -0.19719964 0.97688961 -0.08245613
vn -0.18498291 0.98250669 -0.02149210
vn -0.18498291 0.98250669 -0.02149210
vn -0.18498291 0.98250669 -0.02149210
vn -0.18498291 0.98250669 -0.02149210
vn -0.12992609 0.98275977 0.13153835
vn -0.12992609 0.98275977 0.13153835
vn -0.12992609 0.98275977 0.13153835
vn -0.12992609 0.98275977 0.13153835
vn -0.10061867 0.97727579 0.18656875
vn -0.10061867 0.97727579 0.18656875
vn -0.10061867 0.97727579 0.18656875
vn -0.10061867 0.97727579 0.18656875
vn 0.49898601 0.00000000 0.86661011
vn 0.49898601 0.00000000 0.86661011
vn 0.49898601 0.00000000 0.86661011
vn 0.49898601 0.00000000 0.86661011
vn 0.24430025 -0.96916914 -0.03207242
vn 0.24430025 -0.96916914 -0.03207242
vn 0.24430025 -0.96916914 -0.03207242
vn 0.24430025 -0.96916914 -0.03207242
vn 0.23034091 -0.97109717 -0.06255708
vn 0.23034091 -0.97109717 -0.06255708
vn 0.23034091 -0.97109717 -0.06255708
vn 0.23034091 -0.97109717 -0.06255708
vn 0.21946765 -0.97102284 -0.09459732
vn 0.21946765 -0.97102284 -0.09459732
vn 0.21946765 -0.97102284 -0.09459732
vn 0.21946765 -0.97102284 -0.09459732
vn 0.21190625 -0.96896261 -0.12730724
vn 0.21190625 -0.96896261 -0.12730724
vn 0.21190625 -0.96896261 -0.12730724
vn 0.21190625 -0.96896261 -0.12730724
vn -0.14926264 0.00000000 -0.98879755
vn -0.14926264 0.00000000 -0.98879755
vn -0.14926264 0.00000000 -0.98879755
vn -0.14926264 0.00000000 -0.98879755
vn -0.94403964 0.00000012 0.32983187
vn -0.94403964 0.00000012 0.32983187
vn -0.94403964 0.00000012 0.32983187
vn -0.94403970 0.00000019 0.32983187
vn -0.94403970 0.00000019 0.32983187
vn -0.94403970 0.00000019 0.32983187
vn -0.94403964 0.00000019 0.32983187
vn -0.94403964 0.00000019 0.32983187
vn -0.94403964 0.00000019 0.32983187
vn -0.94403970 0.00000018 0.32983190
vn -0.94403970 0.00000018 0.32983190
vn -0.94403970 0.00000018 0.32983190
vn -0.94403964 -0.00000000 0.32983193
vn -0.94403964 -0.00000000 0.32983193
vn -0.94403964 -0.00000000 0.32983193
vn -0.94403970 -0.00000022 0.32983190
vn -0.94403970 -0.00000022 0.32983190
vn -0.94403970 -0.00000022 0.32983190
vn -0.94403970 -0.00000022 0.32983193
vn -0.94403970 -0.00000022 0.32983193
vn -0.94403970 -0.00000022 0.32983193
vn -0.94403964 -0.00000022 0.32983190
vn -0.94403964 -0.00000022 0.32983190
vn -0.94403964 -0.00000022 0.32983190
vn -0.94403970 -0.00000014 0.32983187
vn -0.94403970 -0.00000014 0.32983187
vn -0.94403970 -0.00000014 0.32983187
vn -0.94403970 -0.00000000 0.32983184
vn -0.94403970 -0.00000000 0.32983184
vn -0.94403970 -0.00000000 0.32983184
vn 0.94403988 -0.00000171 -0.32983142
vn 0.94403988 -0.00000171 -0.32983142
vn 0.94403988 -0.00000171 -0.32983142
vn 0.94403988 -0.00000181 -0.32983148
vn 0.94403988 -0.00000181 -0.32983148
vn 0.94403988 -0.00000181 -0.32983148
vn 0.94403964 -0.00000181 -0.32983178
vn 0.94403964 -0.00000181 -0.32983178
vn 0.94403964 -0.00000181 -0.32983178
vn 0.94403970 -0.00000171 -0.32983193
vn 0.94403970 -0.00000171 -0.32983193
vn 0.94403970 -0.00000171 -0.32983193
vn 0.94403946 0.00000000 -0.32983258
vn 0.94403946 0.00000000 -0.32983258
vn 0.94403946 0.00000000 -0.32983258
vn 0.94403970 0.00000193 -0.32983175
vn 0.94403970 0.00000193 -0.32983175
vn 0.94403970 0.00000193 -0.32983175
vn 0.94403976 0.00000200 -0.32983166
vn 0.94403976 0.00000200 -0.32983166
vn 0.94403976 0.00000200 -0.32983166
vn 0.94403976 0.00000200 -0.32983160
vn 0.94403976 0.00000200 -0.32983160
vn 0.94403976 0.00000200 -0.32983160
vn 0.94403976 0.00000193 -0.32983160
vn 0.94403976 0.00000193 -0.32983160
vn 0.94403976 0.00000193 -0.32983160
vn 0.94404012 0.00000000 -0.32983077
vn 0.94404012 0.00000000 -0.32983077
vn 0.94404012 0.00000000 -0.32983077
vn 0.86512667 0.32195655 -0.38457736
vn 0.86512667 0.32195655 -0.38457736
vn 0.86512667 0.32195655 -0.38457736
vn 0.86512667 0.32195655 -0.38457736
vn 0.55066848 0.76481813 -0.33439085
vn 0.55066848 0.76481813 -0.33439085
vn 0.55066848 0.76481813 -0.33439085
vn 0.55066848 0.76481813 -0.33439085
vn 0.18071623 0.93672514 -0.29981253
vn 0.18071623 0.93672514 -0.29981253
vn 0.18071623 0.93672514 -0.29981253
vn 0.18071623 0.93672514 -0.29981253
vn -0.18071632 0.93672514 -0.29981261
vn -0.18071632 0.93672514 -0.29981261
vn -0.18071632 0.93672514 -0.29981261
vn -0.18071632 0.93672514 -0.29981261
vn -0.55066866 0.76481813 -0.33439070
vn -0.55066866 0.76481813 -0.33439070
vn -0.55066866 0.76481813 -0.33439070
vn -0.55066866 0.76481813 -0.33439070
vn -0.86512589 0.32195821 -0.38457793
vn -0.86512589 0.32195821 -0.38457793
vn -0.86512589 0.32195821 -0.38457793
vn -0.86512589 0.32195821 -0.38457793
vn -0.86512589 -0.32195807 -0.38457790
vn -0.86512589 -0.32195807 -0.38457790
vn -0.86512589 -0.32195807 -0.38457790
vn -0.86512589 -0.32195807 -0.38457790
vn -0.55066830 -0.76481831 -0.33439088
vn -0.55066830 -0.76481831 -0.33439088
vn -0.55066830 -0.76481831 -0.33439088
vn -0.55066830 -0.76481831 -0.33439088
vn -0.18071623 -0.93672514 -0.29981253
vn -0.18071623 -0.93672514 -0.29981253
vn -0.18071623 -0.93672514 -0.29981253
vn -0.18071623 -0.93672514 -0.29981253
vn 0.18071657 -0.93672508 -0.29981273
vn 0.18071657 -0.93672508 -0.29981273
vn 0.18071657 -0.93672508 -0.29981273
vn 0.18071657 -0.93672508 -0.29981273
vn 0.55066848 -0.76481813 -0.33439106
vn 0.55066848 -0.76481813 -0.33439106
vn 0.55066848 -0.76481813 -0.33439106
vn 0.55066848 -0.76481813 -0.33439106
vn 0.86512637 -0.32195660 -0.38457811
vn 0.86512637 -0.32195660 -0.38457811
vn 0.86512637 -0.32195660 -0.38457811
vn 0.86512637 -0.32195660 -0.38457811
vn 0.93668747 0.34858996 -0.03319307
vn 0.93668747 0.34858996 -0.03319307
vn 0.93668747 0.34858996 -0.03319307
vn 0.93668747 0.34858996 -0.03319307
vn 0.58407146 0.81120962 -0.02827340
vn 0.58407146 0.81120962 -0.02827340
vn 0.58407146 0.81120962 -0.02827340
vn 0.58407146 0.81120962 -0.02827340
vn 0.18937097 0.98158610 -0.02504453
vn 0.18937097 0.98158610 -0.02504453
vn 0.18937097 0.98158610 -0.02504453
vn 0.18937097 0.98158610 -0.02504453
vn -0.18937093 0.98158622 -0.02504450
vn -0.18937093 0.98158622 -0.02504450
vn -0.18937093 0.98158622 -0.02504450
vn -0.18937093 0.98158622 -0.02504450
vn -0.58407158 0.81120962 -0.02827334
vn -0.58407158 0.81120962 -0.02827334
vn -0.58407158 0.81120962 -0.02827334
vn -0.58407158 0.81120962 -0.02827334
vn -0.93668735 0.34858996 -0.03319284
vn -0.93668735 0.34858996 -0.03319284
vn -0.93668735 0.34858996 -0.03319284
vn -0.93668735 0.34858996 -0.03319284
vn -0.93668735 -0.34858987 -0.03319280
vn -0.93668735 -0.34858987 -0.03319280
vn -0.93668735 -0.34858987 -0.03319280
vn -0.93668735 -0.34858987 -0.03319280
vn -0.58407080 -0.81121022 -0.02827341
vn -0.58407080 -0.81121022 -0.02827341
vn -0.58407080 -0.81121022 -0.02827341
vn -0.58407080 -0.81121022 -0.02827341
vn -0.18937097 -0.98158610 -0.02504453
vn -0.18937097 -0.98158610 -0.02504453
vn -0.18937097 -0.98158610 -0.02504453
vn -0.18937097 -0.98158610 -0.02504453
vn 0.18937100 -0.98158622 -0.02504445
vn 0.18937100 -0.98158622 -0.02504445
vn 0.18937100 -0.98158622 -0.02504445
vn 0.18937100 -0.98158622 -0.02504445
vn 0.58407146 -0.81120968 -0.02827300
vn 0.58407146 -0.81120968 -0.02827300
vn 0.58407146 -0.81120968 -0.02827300
vn 0.58407146 -0.81120968 -0.02827300
vn 0.93668818 -0.34858769 -0.03319340
vn 0.93668818 -0.34858769 -0.03319340
vn 0.93668818 -0.34858769 -0.03319340
vn 0.93668818 -0.34858769 -0.03319340
vn 0.93430150 0.34770343 0.07863212
vn 0.93430150 0.34770343 0.07863212
vn 0.93430150 0.34770343 0.07863212
vn 0.93430150 0.34770343 0.07863212
vn 0.58299130 0.80970907 0.06702473
vn 0.58299130 0.80970907 0.06702473
vn 0.58299130 0.80970907 0.06702473
vn 0.58299130 0.80970907 0.06702473
vn 0.18909590 0.98016071 0.05939434
vn 0.18909590 0.98016071 0.05939434
vn 0.18909590 0.98016071 0.05939434
vn 0.18909590 0.98016071 0.05939434
vn -0.18909602 0.98016071 0.05939438
vn -0.18909602 0.98016071 0.05939438
vn -0.18909602 0.98016071 0.05939438
vn -0.18909602 0.98016071 0.05939438
vn -0.58299094 0.80970931 0.06702492
vn -0.58299094 0.80970931 0.06702492
vn -0.58299094 0.80970931 0.06702492
vn -0.58299094 0.80970931 0.06702492
vn -0.93430233 0.34770140 0.07863259
vn -0.93430233 0.34770140 0.07863259
vn -0.93430233 0.34770140 0.07863259
vn -0.93430233 0.34770140 0.07863259
vn -0.93430185 -0.34770229 0.07863242
vn -0.93430185 -0.34770229 0.07863242
vn -0.93430185 -0.34770229 0.07863242
vn -0.93430185 -0.34770229 0.07863242
vn -0.58299112 -0.80970913 0.06702491
vn -0.58299112 -0.80970913 0.06702491
vn -0.58299112 -0.80970913 0.06702491
vn -0.58299112 -0.80970913 0.06702491
vn -0.18909590 -0.98016071 0.05939434
vn -0.18909590 -0.98016071 0.05939434
vn -0.18909590 -0.98016071 0.05939434
vn -0.18909590 -0.98016071 0.05939434
vn 0.18909626 -0.98016059 0.05939428
vn 0.18909626 -0.98016059 0.05939428
vn 0.18909626 -0.98016059 0.05939428
vn 0.18909626 -0.98016059 0.05939428
vn 0.58299130 -0.80970907 0.06702456
vn 0.58299130 -0.80970907 0.06702456
vn 0.58299130 -0.80970907 0.06702456
vn 0.58299130 -0.80970907 0.06702456
vn 0.93430138 -0.34770358 0.07863282
vn 0.93430138 -0.34770358 0.07863282
vn 0.93430138 -0.34770358 0.07863282
vn 0.93430138 -0.34770358 0.07863282
vn 0.68065333 0.25330511 0.68742102
vn 0.68065333 0.25330511 0.68742102
vn 0.68065333 0.25330511 0.68742102
vn 0.68065333 0.25330511 0.68742102
vn 0.45490634 0.63181424 0.62759149
vn 0.45490634 0.63181424 0.62759149
vn 0.45490634 0.63181424 0.62759149
vn 0.45490634 0.63181424 0.62759149
vn 0.15416712 0.79911113 0.58107996
vn 0.15416712 0.79911113 0.58107996
vn 0.15416712 0.79911113 0.58107996
vn 0.15416712 0.79911113 0.58107996
vn -0.15416741 0.79911119 0.58107984
vn -0.15416741 0.79911119 0.58107984
vn -0.15416741 0.79911119 0.58107984
vn -0.15416741 0.79911119 0.58107984
vn -0.45490652 0.63181436 0.62759119
vn -0.45490652 0.63181436 0.62759119
vn -0.45490652 0.63181436 0.62759119
vn -0.45490652 0.63181436 0.62759119
vn -0.68065369 0.25330636 0.68742013
vn -0.68065369 0.25330636 0.68742013
vn -0.68065369 0.25330636 0.68742013
vn -0.68065369 0.25330636 0.68742013
vn -0.68065381 -0.25330630 0.68742007
vn -0.68065381 -0.25330630 0.68742007
vn -0.68065381 -0.25330630 0.68742007
vn -0.68065381 -0.25330630 0.68742007
vn -0.45490631 -0.63181454 0.62759107
vn -0.45490631 -0.63181454 0.62759107
vn -0.45490631 -0.63181454 0.62759107
vn -0.45490631 -0.63181454 0.62759107
vn -0.15416728 -0.79911107 0.58107996
vn -0.15416728 -0.79911107 0.58107996
vn -0.15416728 -0.79911107 0.58107996
vn -0.15416728 -0.79911107 0.58107996
vn 0.15416734 -0.79911113 0.58107996
vn 0.15416734 -0.79911113 0.58107996
vn 0.15416734 -0.79911113 0.58107996
vn 0.15416734 -0.79911113 0.58107996
vn 0.45490652 -0.63181448 0.62759125
vn 0.45490652 -0.63181448 0.62759125
vn 0.45490652 -0.63181448 0.62759125
vn 0.45490652 -0.63181448 0.62759125
vn 0.68065429 -0.25330558 0.68741983
vn 0.68065429 -0.25330558 0.68741983
vn 0.68065429 -0.25330558 0.68741983
vn 0.68065429 -0.25330558 0.68741983
vn 0.00000154 0.00000057 -1.00000000
vn 0.00000154 0.00000057 -1.00000000
vn 0.00000154 0.00000057 -1.00000000
vn 0.00000113 0.00000157 -1.00000000
vn 0.00000113 0.00000157 -1.00000000
vn 0.00000113 0.00000157 -1.00000000
vn 0.00000041 0.00000214 -1.00000000
vn 0.00000041 0.00000214 -1.00000000
vn 0.00000041 0.00000214 -1.00000000
vn -0.00000041 0.00000214 -1.00000000
vn -0.00000041 0.00000214 -1.00000000
vn -0.00000041 0.00000214 -1.00000000
vn -0.00000113 0.00000157 -1.00000000
vn -0.00000113 0.00000157 -1.00000000
vn -0.00000113 0.00000157 -1.00000000
vn -0.00000154 0.00000057 -1.00000000
vn -0.00000154 0.00000057 -1.00000000
vn -0.00000154 0.00000057 -1.00000000
vn -0.00000154 -0.00000057 -1.00000000
vn -0.00000154 -0.00000057 -1.00000000
vn -0.00000154 -0.00000057 -1.00000000
vn -0.00000113 -0.00000157 -1.00000000
vn -0.00000113 -0.00000157 -1.00000000
vn -0.00000113 -0.00000157 -1.00000000
vn -0.00000041 -0.00000214 -1.00000000
vn -0.00000041 -0.00000214 -1.00000000
vn -0.00000041 -0.00000214 -1.00000000
vn 0.00000041 -0.00000214 -1.00000000
vn 0.00000041 -0.00000214 -1.00000000
vn 0.00000041 -0.00000214 -1.00000000
vn 0.00000113 -0.00000157 -1.00000000
vn 0.00000113 -0.00000157 -1.00000000
vn 0.00000113 -0.00000157 -1.00000000
vn 0.00000154 -0.00000057 -1.00000000
vn 0.00000154 -0.00000057 -1.00000000
vn 0.00000154 -0.00000057 -1.00000000
vn -0.00000092 -0.00000034 1.00000000
vn -0.00000092 -0.00000034 1.00000000
vn -0.00000092 -0.00000034 1.00000000
vn -0.00000067 -0.00000093 0.99999994
vn -0.00000067 -0.00000093 0.99999994
vn -0.00000067 -0.00000093 0.99999994
vn -0.00000025 -0.00000128 1.00000000
vn -0.00000025 -0.00000128 1.00000000
vn -0.00000025 -0.00000128 1.00000000
vn 0.00000025 -0.00000128 1.00000000
vn 0.00000025 -0.00000128 1.00000000
vn 0.00000025 -0.00000128 1.00000000
vn 0.00000067 -0.00000093 1.00000000
vn 0.00000067 -0.00000093 1.00000000
vn 0.00000067 -0.00000093 1.00000000
vn 0.00000092 -0.00000034 1.00000000
vn 0.00000092 -0.00000034 1.00000000
vn 0.00000092 -0.00000034 1.00000000
vn 0.00000092 0.00000034 1.00000000
vn 0.00000092 0.00000034 1.00000000
vn 0.00000092 0.00000034 1.00000000
vn 0.00000067 0.00000093 1.00000000
vn 0.00000067 0.00000093 1.00000000
vn 0.00000067 0.00000093 1.00000000
vn 0.00000025 0.00000128 1.00000000
vn 0.00000025 0.00000128 1.00000000
vn 0.00000025 0.00000128 1.00000000
vn -0.00000025 0.00000128 1.00000000
vn -0.00000025 0.00000128 1.00000000
vn -0.00000025 0.00000128 1.00000000
vn -0.00000067 0.00000093 0.99999994
vn -0.00000067 0.00000093 0.99999994
vn -0.00000067 0.00000093 0.99999994
vn -0.00000092 0.00000034 1.00000000
vn -0.00000092 0.00000034 1.00000000
vn -0.00000092 0.00000034 1.00000000
vn 0.96592575 0.25881937 -0.00000000
vn 0.96592575 0.25881937 -0.00000000
vn 0.96592575 0.25881937 -0.00000000
vn 0.96592575 0.25881937 -0.00000000
vn 0.00000000 0.00000000 1.00000000
vn 0.00000000 0.00000000 1.00000000
vn 0.00000000 0.00000000 1.00000000
vn 0.00000000 0.00000000 -1.00000000
vn 0.00000000 0.00000000 -1.00000000
vn 0.00000000 0.00000000 -1.00000000
vn 0.70710677 0.70710677 -0.00000000
vn 0.70710677 0.70710677 -0.00000000
vn 0.70710677 0.70710677 -0.00000000
vn 0.70710677 0.70710677 -0.00000000
vn 0.00000000 0.00000000 0.99999994
vn 0.00000000 0.00000000 0.99999994
vn 0.00000000 0.00000000 0.99999994
vn 0.00000000 0.00000000 -0.99999994
vn 0.00000000 0.00000000 -0.99999994
vn 0.00000000 0.00000000 -0.99999994
vn 0.25881878 0.96592593 -0.00000000
vn 0.25881878 0.96592593 -0.00000000
vn 0.25881878 0.96592593 -0.00000000
vn 0.25881878 0.96592593 -0.00000000
vn 0.00000000 0.00000000 1.00000000
vn 0.00000000 0.00000000 1.00000000
vn 0.00000000 0.00000000 1.00000000
vn 0.00000000 0.00000000 -1.00000000
vn 0.00000000 0.00000000 -1.00000000
vn 0.00000000 0.00000000 -1.00000000
vn -0.25881892 0.96592593 -0.00000000
vn -0.25881892 0.96592593 -0.00000000
vn -0.25881892 0.96592593 -0.00000000
vn -0.25881892 0.96592593 -0.00000000
vn 0.00000000 -0.00000000 1.00000000
vn 0.00000000 -0.00000000 1.00000000
vn 0.00000000 -0.00000000 1.00000000
vn 0.00000000 0.00000000 -1.00000000
vn 0.00000000 0.00000000 -1.00000000
vn 0.00000000 0.00000000 -1.00000000
vn -0.70710689 0.70710677 -0.00000000
vn -0.70710689 0.70710677 -0.00000000
vn -0.70710689 0.70710677 -0.00000000
vn -0.70710689 0.70710677 -0.00000000
vn 0.00000000 0.00000000 0.99999994
vn 0.00000000 0.00000000 0.99999994
vn 0.00000000 0.00000000 0.99999994
vn 0.00000000 0.00000000 -0.99999994
vn 0.00000000 0.00000000 -0.99999994
vn 0.00000000 0.00000000 -0.99999994
vn -0.96592575 0.25881940 -0.00000000
vn -0.96592575 0.25881940 -0.00000000
vn -0.96592575 0.25881940 -0.00000000
vn -0.96592575 0.25881940 -0.00000000
vn 0.00000000 0.00000000 1.00000000
vn 0.00000000 0.00000000 1.00000000
vn 0.00000000 0.00000000 1.00000000
vn -0.00000000 0.00000000 -1.00000000
vn -0.00000000 0.00000000 -1.00000000
vn -0.00000000 0.00000000 -1.00000000
vn -0.96592575 -0.25881934 0.00000000
vn -0.96592575 -0.25881934 0.00000000
vn -0.96592575 -0.25881934 0.00000000
vn -0.96592575 -0.25881934 0.00000000
vn 0.00000000 0.00000000 1.00000000
vn 0.00000000 0.00000000 1.00000000
vn 0.00000000 0.00000000 1.00000000
vn 0.00000000 0.00000000 -1.00000000
vn 0.00000000 0.00000000 -1.00000000
vn 0.00000000 0.00000000 -1.00000000
vn -0.70710659 -0.70710689 0.00000000
vn -0.70710659 -0.70710689 0.00000000
vn -0.70710659 -0.70710689 0.00000000
vn -0.70710659 -0.70710689 0.00000000
vn 0.00000000 0.00000000 1.00000000
vn 0.00000000 0.00000000 1.00000000
vn 0.00000000 0.00000000 1.00000000
vn 0.00000000 0.00000000 -1.00000000
vn 0.00000000 0.00000000 -1.00000000
vn 0.00000000 0.00000000 -1.00000000
vn -0.25881878 -0.96592593 0.00000000
vn -0.25881878 -0.96592593 0.00000000
vn -0.25881878 -0.96592593 0.00000000
vn -0.25881878 -0.96592593 0.00000000
vn 0.00000000 0.00000000 1.00000000
vn 0.00000000 0.00000000 1.00000000
vn 0.00000000 0.00000000 1.00000000
vn 0.00000000 -0.00000000 -1.00000000
vn 0.00000000 -0.00000000 -1.00000000
vn 0.00000000 -0.00000000 -1.00000000
vn 0.25881925 -0.96592581 -0.00000000
vn 0.25881925 -0.96592581 -0.00000000
vn 0.25881925 -0.96592581 -0.00000000
vn 0.25881925 -0.96592581 -0.00000000
vn 0.00000000 0.00000000 1.00000000
vn 0.00000000 0.00000000 1.00000000
vn 0.00000000 0.00000000 1.00000000
vn 0.00000000 0.00000000 -1.00000000
vn 0.00000000 0.00000000 -1.00000000
vn 0.00000000 0.00000000 -1.00000000
vn 0.70710671 -0.70710677 -0.00000000
vn 0.70710671 -0.70710677 -0.00000000
vn 0.70710671 -0.70710677 -0.00000000
vn 0.70710671 -0.70710677 -0.00000000
vn 0.00000000 0.00000000 1.00000000
vn 0.00000000 0.00000000 1.00000000
vn 0.00000000 0.00000000 1.00000000
vn 0.00000000 0.00000000 -1.00000000
vn 0.00000000 0.00000000 -1.00000000
vn 0.00000000 0.00000000 -1.00000000
vn 0.96592569 -0.25881937 -0.00000000
vn 0.96592569 -0.25881937 -0.00000000
vn 0.96592569 -0.25881937 -0.00000000
vn 0.96592569 -0.25881937 -0.00000000
vn -0.00000000 0.00000000 1.00000000
vn -0.00000000 0.00000000 1.00000000
vn -0.00000000 0.00000000 1.00000000
vn 0.00000000 0.00000000 -1.00000000
vn 0.00000000 0.00000000 -1.00000000
vn 0.00000000 0.00000000 -1.00000000
vn 0.96592575 0.25881937 -0.00000000
vn 0.96592575 0.25881937 -0.00000000
vn 0.96592575 0.25881937 -0.00000000
vn 0.96592575 0.25881937 -0.00000000
vn 0.00000000 0.00000000 1.00000000
vn 0.00000000 0.00000000 1.00000000
vn 0.00000000 0.00000000 1.00000000
vn 0.00000000 0.00000000 -1.00000000
vn 0.00000000 0.00000000 -1.00000000
vn 0.00000000 0.00000000 -1.00000000
vn 0.70710677 0.70710677 -0.00000000
vn 0.70710677 0.70710677 -0.00000000
vn 0.70710677 0.70710677 -0.00000000
vn 0.70710677 0.70710677 -0.00000000
vn 0.00000000 0.00000000 0.99999994
vn 0.00000000 0.00000000 0.99999994
vn 0.00000000 0.00000000 0.99999994
vn 0.00000000 0.00000000 -0.99999994
vn 0.00000000 0.00000000 -0.99999994
vn 0.00000000 0.00000000 -0.99999994
vn 0.25881878 0.96592593 -0.00000000
vn 0.25881878 0.96592593 -0.00000000
vn 0.25881878 0.96592593 -0.00000000
vn 0.25881878 0.96592593 -0.00000000
vn 0.00000000 0.00000000 1.00000000
vn 0.00000000 0.00000000 1.00000000
vn 0.00000000 0.00000000 1.00000000
vn 0.00000000 0.00000000 -1.00000000
vn 0.00000000 0.00000000 -1.00000000
vn 0.00000000 0.00000000 -1.00000000
vn -0.25881892 0.96592593 -0.00000000
vn -0.25881892 0.96592593 -0.00000000
vn -0.25881892 0.96592593 -0.00000000
vn -0.25881892 0.96592593 -0.00000000
vn 0.00000000 -0.00000000 1.00000000
vn 0.00000000 -0.00000000 1.00000000
vn 0.00000000 -0.00000000 1.00000000
vn 0.00000000 0.00000000 -1.00000000
vn 0.00000000 0.00000000 -1.00000000
vn 0.00000000 0.00000000 -1.00000000
vn -0.70710689 0.70710677 -0.00000000
vn -0.70710689 0.70710677 -0.00000000
vn -0.70710689 0.70710677 -0.00000000
vn -0.70710689 0.70710677 -0.00000000
vn 0.00000000 0.00000000 0.99999994
vn 0.00000000 0.00000000 0.99999994
vn 0.00000000 0.00000000 0.99999994
vn 0.00000000 0.00000000 -0.99999994
vn 0.00000000 0.00000000 -0.99999994
vn 0.00000000 0.00000000 -0.99999994
vn -0.96592575 0.25881940 -0.00000000
vn -0.96592575 0.25881940 -0.00000000
vn -0.96592575 0.25881940 -0.00000000
vn -0.96592575 0.25881940 -0.00000000
vn 0.00000000 0.00000000 1.00000000
vn 0.00000000 0.00000000 1.00000000
vn 0.00000000 0.00000000 1.00000000
vn -0.00000000 0.00000000 -1.00000000
vn -0.00000000 0.00000000 -1.00000000
vn -0.00000000 0.00000000 -1.00000000
vn -0.96592575 -0.25881934 0.00000000
vn -0.96592575 -0.25881934 0.00000000
vn -0.96592575 -0.25881934 0.00000000
vn -0.96592575 -0.25881934 0.00000000
vn 0.00000000 0.00000000 1.00000000
vn 0.00000000 0.00000000 1.00000000
vn 0.00000000 0.00000000 1.00000000
vn 0.00000000 0.00000000 -1.00000000
vn 0.00000000 0.00000000 -1.00000000
vn 0.00000000 0.00000000 -1.00000000
vn -0.70710659 -0.70710689 0.00000000
vn -0.70710659 -0.70710689 0.00000000
vn -0.70710659 -0.70710689 0.00000000
vn -0.70710659 -0.70710689 0.00000000
vn 0.00000000 0.00000000 1.00000000
vn 0.00000000 0.00000000 1.00000000
vn 0.00000000 0.00000000 1.00000000
vn 0.00000000 0.00000000 -1.00000000
vn 0.00000000 0.00000000 -1.00000000
vn 0.00000000 0.00000000 -1.00000000
vn -0.25881878 -0.96592593 0.00000000
vn -0.25881878 -0.96592593 0.00000000
vn -0.25881878 -0.96592593 0.00000000
vn -0.25881878 -0.96592593 0.00000000
vn 0.00000000 0.00000000 1.00000000
vn 0.00000000 0.00000000 1.00000000
vn 0.00000000 0.00000000 1.00000000
vn 0.00000000 -0.00000000 -1.00000000
vn 0.00000000 -0.00000000 -1.00000000
vn 0.00000000 -0.00000000 -1.00000000
vn 0.25881925 -0.96592581 -0.00000000
vn 0.25881925 -0.96592581 -0.00000000
vn 0.25881925 -0.96592581 -0.00000000
vn 0.25881925 -0.96592581 -0.00000000
vn 0.00000000 0.00000000 1.00000000
vn 0.00000000 0.00000000 1.00000000
vn 0.00000000 0.00000000 1.00000000
vn 0.00000000 0.00000000 -1.00000000
vn 0.00000000 0.00000000 -1.00000000
vn 0.00000000 0.00000000 -1.00000000
vn 0.70710671 -0.70710677 -0.00000000
vn 0.70710671 -0.70710677 -0.00000000
vn 0.70710671 -0.70710677 -0.00000000
vn 0.70710671 -0.70710677 -0.00000000
vn 0.00000000 0.00000000 1.00000000
vn 0.00000000 0.00000000 1.00000000
vn 0.00000000 0.00000000 1.00000000
vn 0.00000000 0.00000000 -1.00000000
vn 0.00000000 0.00000000 -1.00000000
vn 0.00000000 0.00000000 -1.00000000
vn 0.96592569 -0.25881937 -0.00000000
vn 0.96592569 -0.25881937 -0.00000000
vn 0.96592569 -0.25881937 -0.00000000
vn 0.96592569 -0.25881937 -0.00000000
vn -0.00000000 0.00000000 1.00000000
vn -0.00000000 0.00000000 1.00000000
vn -0.00000000 0.00000000 1.00000000
vn 0.00000000 0.00000000 -1.00000000
vn 0.00000000 0.00000000 -1.00000000
vn 0.00000000 0.00000000 -1.00000000
vn 0.92387956 0.38268349 -0.00000000
vn 0.92387956 0.38268349 -0.00000000
vn 0.92387956 0.38268349 -0.00000000
vn 0.92387956 0.38268349 -0.00000000
vn -0.92387962 -0.38268310 0.00000000
vn -0.92387962 -0.38268310 0.00000000
vn -0.92387962 -0.38268310 0.00000000
vn -0.92387962 -0.38268310 0.00000000
vn 0.00000000 0.00000000 -1.00000000
vn 0.00000000 0.00000000 -1.00000000
vn 0.00000000 0.00000000 -1.00000000
vn 0.00000000 0.00000000 -1.00000000
vn 0.00000000 0.00000000 1.00000000
vn 0.00000000 0.00000000 1.00000000
vn 0.00000000 0.00000000 1.00000000
vn 0.00000000 0.00000000 1.00000000
vn 0.38268352 0.92387950 -0.00000000
vn 0.38268352 0.92387950 -0.00000000
vn 0.38268352 0.92387950 -0.00000000
vn 0.38268352 0.92387950 -0.00000000
vn -0.38268328 -0.92387962 0.00000000
vn -0.38268328 -0.92387962 0.00000000
vn -0.38268328 -0.92387962 0.00000000
vn -0.38268328 -0.92387962 0.00000000
vn 0.00000000 0.00000000 -1.00000000
vn 0.00000000 0.00000000 -1.00000000
vn 0.00000000 0.00000000 -1.00000000
vn 0.00000000 0.00000000 -1.00000000
vn 0.00000000 0.00000000 1.00000000
vn 0.00000000 0.00000000 1.00000000
vn 0.00000000 0.00000000 1.00000000
vn 0.00000000 0.00000000 1.00000000
vn -0.38268334 0.92387950 -0.00000000
vn -0.38268334 0.92387950 -0.00000000
vn -0.38268334 0.92387950 -0.00000000
vn -0.38268334 0.92387950 -0.00000000
vn 0.38268349 -0.92387950 -0.00000000
vn 0.38268349 -0.92387950 -0.00000000
vn 0.38268349 -0.92387950 -0.00000000
vn 0.38268349 -0.92387950 -0.00000000
vn 0.00000000 0.00000000 -1.00000000
vn 0.00000000 0.00000000 -1.00000000
vn 0.00000000 0.00000000 -1.00000000
vn 0.00000000 0.00000000 -1.00000000
vn 0.00000000 0.00000000 1.00000000
vn 0.00000000 0.00000000 1.00000000
vn 0.00000000 0.00000000 1.00000000
vn 0.00000000 0.00000000 1.00000000
vn -0.92387968 0.38268304 -0.00000000
vn -0.92387968 0.38268304 -0.00000000
vn -0.92387968 0.38268304 -0.00000000
vn -0.92387968 0.38268304 -0.00000000
vn 0.92387944 -0.38268358 -0.00000000
vn 0.92387944 -0.38268358 -0.00000000
vn 0.92387944 -0.38268358 -0.00000000
vn 0.92387944 -0.38268358 -0.00000000
vn 0.00000000 0.00000000 -1.00000000
vn 0.00000000 0.00000000 -1.00000000
vn 0.00000000 0.00000000 -1.00000000
vn 0.00000000 0.00000000 -1.00000000
vn 0.00000000 0.00000000 1.00000000
vn 0.00000000 0.00000000 1.00000000
vn 0.00000000 0.00000000 1.00000000
vn 0.00000000 0.00000000 1.00000000
vn -0.92387956 -0.38268349 0.00000000
vn -0.92387956 -0.38268349 0.00000000
vn -0.92387956 -0.38268349 0.00000000
vn -0.92387956 -0.38268349 0.00000000
vn 0.92387944 0.38268358 -0.00000000
vn 0.92387944 0.38268358 -0.00000000
vn 0.92387944 0.38268358 -0.00000000
vn 0.92387944 0.38268358 -0.00000000
vn 0.00000000 0.00000000 -1.00000000
vn 0.00000000 0.00000000 -1.00000000
vn 0.00000000 0.00000000 -1.00000000
vn 0.00000000 0.00000000 -1.00000000
vn 0.00000000 0.00000000 0.99999994
vn 0.00000000 0.00000000 0.99999994
vn 0.00000000 0.00000000 0.99999994
vn 0.00000000 0.00000000 0.99999994
vn -0.38268346 -0.92387950 0.00000000
vn -0.38268346 -0.92387950 0.00000000
vn -0.38268346 -0.92387950 0.00000000
vn -0.38268346 -0.92387950 0.00000000
vn 0.38268334 0.92387950 -0.00000000
vn 0.38268334 0.92387950 -0.00000000
vn 0.38268334 0.92387950 -0.00000000
vn 0.38268334 0.92387950 -0.00000000
vn 0.00000000 0.00000000 -0.99999994
vn 0.00000000 0.00000000 -0.99999994
vn 0.00000000 0.00000000 -0.99999994
vn 0.00000000 0.00000000 -0.99999994
vn 0.00000000 0.00000000 1.00000000
vn 0.00000000 0.00000000 1.00000000
vn 0.00000000 0.00000000 1.00000000
vn 0.00000000 0.00000000 1.00000000
vn 0.38268355 -0.92387944 -0.00000000
vn 0.38268355 -0.92387944 -0.00000000
vn 0.38268355 -0.92387944 -0.00000000
vn 0.38268355 -0.92387944 -0.00000000
vn -0.38268349 0.92387950 -0.00000000
vn -0.38268349 0.92387950 -0.00000000
vn -0.38268349 0.92387950 -0.00000000
vn -0.38268349 0.92387950 -0.00000000
vn 0.00000000 0.00000000 -1.00000000
vn 0.00000000 0.00000000 -1.00000000
vn 0.00000000 0.00000000 -1.00000000
vn 0.00000000 0.00000000 -1.00000000
vn 0.00000000 0.00000000 1.00000000
vn 0.00000000 0.00000000 1.00000000
vn 0.00000000 0.00000000 1.00000000
vn 0.00000000 0.00000000 1.00000000
vn 0.92387980 -0.38268274 -0.00000000
vn 0.92387980 -0.38268274 -0.00000000
vn 0.92387980 -0.38268274 -0.00000000
vn 0.92387980 -0.38268274 -0.00000000
vn -0.92387962 0.38268316 -0.00000000
vn -0.92387962 0.38268316 -0.00000000
vn -0.92387962 0.38268316 -0.00000000
vn -0.92387962 0.38268316 -0.00000000
vn 0.00000000 0.00000000 -1.00000000
vn 0.00000000 0.00000000 -1.00000000
vn 0.00000000 0.00000000 -1.00000000
vn 0.00000000 0.00000000 -1.00000000
vn 0.00000000 0.00000000 0.99999994
vn 0.00000000 0.00000000 0.99999994
vn 0.00000000 0.00000000 0.99999994
vn 0.00000000 0.00000000 0.99999994
vn 1.00000000 -0.00000000 -0.00000000
vn 1.00000000 -0.00000000 -0.00000000
vn 1.00000000 -0.00000000 -0.00000000
vn 1.00000000 -0.00000000 -0.00000000
vn -1.00000000 -0.00000000 -0.00000000
vn -1.00000000 -0.00000000 -0.00000000
vn -1.00000000 -0.00000000 -0.00000000
vn -1.00000000 -0.00000000 -0.00000000
vn -0.00000000 1.00000000 -0.00000000
vn -0.00000000 1.00000000 -0.00000000
vn -0.00000000 1.00000000 -0.00000000
vn -0.00000000 1.00000000 -0.00000000
vn -0.00000000 -1.00000000 -0.00000000
vn -0.00000000 -1.00000000 -0.00000000
vn -0.00000000 -1.00000000 -0.00000000
vn -0.00000000 -1.00000000 -0.00000000
vn -0.00000000 -0.00000000 0.99999994
vn -0.00000000 -0.00000000 0.99999994
vn -0.00000000 -0.00000000 0.99999994
vn -0.00000000 -0.00000000 0.99999994
vn -0.00000000 -0.00000000 -0.99999994
vn -0.00000000 -0.00000000 -0.99999994
vn -0.00000000 -0.00000000 -0.99999994
vn -0.00000000 -0.00000000 -0.99999994
vn 0.92387950 0.38268355 -0.00000000
vn 0.92387950 0.38268355 -0.00000000
vn 0.92387950 0.38268355 -0.00000000
vn 0.92387950 0.38268355 -0.00000000
vn -0.92387956 -0.38268328 0.00000000
vn -0.92387956 -0.38268328 0.00000000
vn -0.92387956 -0.38268328 0.00000000
vn -0.92387956 -0.38268328 0.00000000
vn 0.00000000 0.00000000 -0.99999994
vn 0.00000000 0.00000000 -0.99999994
vn 0.00000000 0.00000000 -0.99999994
vn 0.00000000 0.00000000 -0.99999994
vn 0.00000000 0.00000000 1.00000000
vn 0.00000000 0.00000000 1.00000000
vn 0.00000000 0.00000000 1.00000000
vn 0.00000000 0.00000000 1.00000000
vn 0.38268328 0.92387956 -0.00000000
vn 0.38268328 0.92387956 -0.00000000
vn 0.38268328 0.92387956 -0.00000000
vn 0.38268328 0.92387956 -0.00000000
vn -0.38268331 -0.92387962 0.00000000
vn -0.38268331 -0.92387962 0.00000000
vn -0.38268331 -0.92387962 0.00000000
vn -0.38268331 -0.92387962 0.00000000
vn 0.00000000 0.00000000 -1.00000000
vn 0.00000000 0.00000000 -1.00000000
vn 0.00000000 0.00000000 -1.00000000
vn 0.00000000 0.00000000 -1.00000000
vn 0.00000000 0.00000000 1.00000000
vn 0.00000000 0.00000000 1.00000000
vn 0.00000000 0.00000000 1.00000000
vn 0.00000000 0.00000000 1.00000000
vn -0.38268328 0.92387956 -0.00000000
vn -0.38268328 0.92387956 -0.00000000
vn -0.38268328 0.92387956 -0.00000000
vn -0.38268328 0.92387956 -0.00000000
vn 0.38268358 -0.92387956 -0.00000000
vn 0.38268358 -0.92387956 -0.00000000
vn 0.38268358 -0.92387956 -0.00000000
vn 0.38268358 -0.92387956 -0.00000000
vn 0.00000000 0.00000000 -1.00000000
vn 0.00000000 0.00000000 -1.00000000
vn 0.00000000 0.00000000 -1.00000000
vn 0.00000000 0.00000000 -1.00000000
vn 0.00000000 0.00000000 1.00000000
vn 0.00000000 0.00000000 1.00000000
vn 0.00000000 0.00000000 1.00000000
vn 0.00000000 0.00000000 1.00000000
vn -0.92387968 0.38268286 -0.00000000
vn -0.92387968 0.38268286 -0.00000000
vn -0.92387968 0.38268286 -0.00000000
vn -0.92387968 0.38268286 -0.00000000
vn 0.92387944 -0.38268387 -0.00000000
vn 0.92387944 -0.38268387 -0.00000000
vn 0.92387944 -0.38268387 -0.00000000
vn 0.92387944 -0.38268387 -0.00000000
vn 0.00000000 0.00000000 -1.00000000
vn 0.00000000 0.00000000 -1.00000000
vn 0.00000000 0.00000000 -1.00000000
vn 0.00000000 0.00000000 -1.00000000
vn 0.00000000 0.00000000 1.00000000
vn 0.00000000 0.00000000 1.00000000
vn 0.00000000 0.00000000 1.00000000
vn 0.00000000 0.00000000 1.00000000
vn -0.92387950 -0.38268349 0.00000000
vn -0.92387950 -0.38268349 0.00000000
vn -0.92387950 -0.38268349 0.00000000
vn -0.92387950 -0.38268349 0.00000000
vn 0.92387944 0.38268387 -0.00000000
vn 0.92387944 0.38268387 -0.00000000
vn 0.92387944 0.38268387 -0.00000000
vn 0.92387944 0.38268387 -0.00000000
vn 0.00000000 0.00000000 -0.99999994
vn 0.00000000 0.00000000 -0.99999994
vn 0.00000000 0.00000000 -0.99999994
vn 0.00000000 0.00000000 -0.99999994
vn 0.00000000 0.00000000 1.00000000
vn 0.00000000 0.00000000 1.00000000
vn 0.00000000 0.00000000 1.00000000
vn 0.00000000 0.00000000 1.00000000
vn -0.38268343 -0.92387956 0.00000000
vn -0.38268343 -0.92387956 0.00000000
vn -0.38268343 -0.92387956 0.00000000
vn -0.38268343 -0.92387956 0.00000000
vn 0.38268343 0.92387956 -0.00000000
vn 0.38268343 0.92387956 -0.00000000
vn 0.38268343 0.92387956 -0.00000000
vn 0.38268343 0.92387956 -0.00000000
vn 0.00000000 0.00000000 -0.99999994
vn 0.00000000 0.00000000 -0.99999994
vn 0.00000000 0.00000000 -0.99999994
vn 0.00000000 0.00000000 -0.99999994
vn 0.00000000 0.00000000 0.99999994
vn 0.00000000 0.00000000 0.99999994
vn 0.00000000 0.00000000 0.99999994
vn 0.00000000 0.00000000 0.99999994
vn 0.38268360 -0.92387950 -0.00000000
vn 0.38268360 -0.92387950 -0.00000000
vn 0.38268360 -0.92387950 -0.00000000
vn 0.38268360 -0.92387950 -0.00000000
vn -0.38268355 0.92387950 -0.00000000
vn -0.38268355 0.92387950 -0.00000000
vn -0.38268355 0.92387950 -0.00000000
vn -0.38268355 0.92387950 -0.00000000
vn 0.00000000 0.00000000 -0.99999994
vn 0.00000000 0.00000000 -0.99999994
vn 0.00000000 0.00000000 -0.99999994
vn 0.00000000 0.00000000 -0.99999994
vn 0.00000000 0.00000000 1.00000000
vn 0.00000000 0.00000000 1.00000000
vn 0.00000000 0.00000000 1.00000000
vn 0.00000000 0.00000000 1.00000000
vn 0.92387944 -0.38268355 -0.00000000
vn 0.92387944 -0.38268355 -0.00000000
vn 0.92387944 -0.38268355 -0.00000000
vn 0.92387944 -0.38268355 -0.00000000
vn -0.92387956 0.38268328 -0.00000000
vn -0.92387956 0.38268328 -0.00000000
vn -0.92387956 0.38268328 -0.00000000
vn -0.92387956 0.38268328 -0.00000000
vn 0.00000000 0.00000000 -1.00000000
vn 0.00000000 0.00000000 -1.00000000
vn 0.00000000 0.00000000 -1.00000000
vn 0.00000000 0.00000000 -1.00000000
vn 0.00000000 0.00000000 1.00000000
vn 0.00000000 0.00000000 1.00000000
vn 0.00000000 0.00000000 1.00000000
vn 0.00000000 0.00000000 1.00000000
vn 0.77510011 0.62365782 -0.10134345
vn 0.77510011 0.62365782 -0.10134345
vn 0.77510011 0.62365782 -0.10134345
vn 0.77510011 0.62365782 -0.10134345
vn 0.56891596 0.80910820 -0.14723648
vn 0.56891596 0.80910820 -0.14723648
vn 0.56891596 0.80910820 -0.14723648
vn 0.56891596 0.80910820 -0.14723648
vn -0.56750196 0.80709714 -0.16289772
vn -0.56750196 0.80709714 -0.16289772
vn -0.56750196 0.80709714 -0.16289772
vn -0.56750196 0.80709714 -0.16289772
vn -0.77336061 0.62225813 -0.12127674
vn -0.77336061 0.62225813 -0.12127674
vn -0.77336061 0.62225813 -0.12127674
vn -0.77336061 0.62225813 -0.12127674
vn -0.99894136 0.00000000 -0.04600367
vn -0.99894136 0.00000000 -0.04600367
vn -0.99894136 0.00000000 -0.04600367
vn -0.99894136 0.00000000 -0.04600367
vn -0.40087068 -0.90899587 -0.11414487
vn -0.40087068 -0.90899587 -0.11414487
vn -0.40087068 -0.90899587 -0.11414487
vn -0.40087068 -0.90899587 -0.11414487
vn -0.14523685 -0.98113436 -0.12759958
vn -0.14523685 -0.98113436 -0.12759958
vn -0.14523685 -0.98113436 -0.12759958
vn -0.14523685 -0.98113436 -0.12759958
vn 0.14515968 -0.98061299 -0.13163137
vn 0.14515968 -0.98061299 -0.13163137
vn 0.14515968 -0.98061299 -0.13163137
vn 0.14515968 -0.98061299 -0.13163137
vn 0.40037158 -0.90786415 -0.12444006
vn 0.40037158 -0.90786415 -0.12444006
vn 0.40037158 -0.90786415 -0.12444006
vn 0.40037158 -0.90786415 -0.12444006
vn 0.99894136 0.00000000 -0.04600367
vn 0.99894136 0.00000000 -0.04600367
vn 0.99894136 0.00000000 -0.04600367
vn 0.99894136 0.00000000 -0.04600367
vn 0.72606897 0.67956245 -0.10497049
vn 0.72606897 0.67956245 -0.10497049
vn 0.72606897 0.67956245 -0.10497049
vn 0.72606897 0.67956245 -0.10497049
vn 0.51174551 0.84659380 -0.14627184
vn 0.51174551 0.84659380 -0.14627184
vn 0.51174551 0.84659380 -0.14627184
vn 0.51174551 0.84659380 -0.14627184
vn -0.51054752 0.84461182 -0.16115892
vn -0.51054752 0.84461182 -0.16115892
vn -0.51054752 0.84461182 -0.16115892
vn -0.51054752 0.84461182 -0.16115892
vn -0.72440583 0.67800581 -0.12467685
vn -0.72440583 0.67800581 -0.12467685
vn -0.72440583 0.67800581 -0.12467685
vn -0.72440583 0.67800581 -0.12467685
vn -0.99894130 0.00000000 -0.04600421
vn -0.99894130 0.00000000 -0.04600421
vn -0.99894130 0.00000000 -0.04600421
vn -0.99894130 0.00000000 -0.04600421
vn -0.35218924 -0.92895949 -0.11400454
vn -0.35218924 -0.92895949 -0.11400454
vn -0.35218924 -0.92895949 -0.11400454
vn -0.35218924 -0.92895949 -0.11400454
vn -0.12524810 -0.98420388 -0.12512243
vn -0.12524810 -0.98420388 -0.12512243
vn -0.12524810 -0.98420388 -0.12512243
vn -0.12524810 -0.98420388 -0.12512243
vn 0.12518866 -0.98373729 -0.12879747
vn 0.12518866 -0.98373729 -0.12879747
vn 0.12518866 -0.98373729 -0.12879747
vn 0.12518866 -0.98373729 -0.12879747
vn 0.35178399 -0.92789060 -0.12355988
vn 0.35178399 -0.92789060 -0.12355988
vn 0.35178399 -0.92789060 -0.12355988
vn 0.35178399 -0.92789060 -0.12355988
vn 0.99894130 0.00000000 -0.04600421
vn 0.99894130 0.00000000 -0.04600421
vn 0.99894130 0.00000000 -0.04600421
vn 0.99894130 0.00000000 -0.04600421
vn 0.67354995 0.73121059 -0.10798814
vn 0.67354995 0.73121059 -0.10798814
vn 0.67354995 0.73121059 -0.10798814
vn 0.67354995 0.73121059 -0.10798814
vn 0.45735332 0.87759757 -0.14370279
vn 0.45735332 0.87759757 -0.14370279
vn 0.45735332 0.87759757 -0.14370279
vn 0.45735332 0.87759757 -0.14370279
vn -0.45640635 0.87578028 -0.15716851
vn -0.45640635 0.87578028 -0.15716851
vn -0.45640635 0.87578028 -0.15716851
vn -0.45640635 0.87578028 -0.15716851
vn -0.67207283 0.72960687 -0.12645878
vn -0.67207283 0.72960687 -0.12645878
vn -0.67207283 0.72960687 -0.12645878
vn -0.67207283 0.72960687 -0.12645878
vn -0.99894130 0.00000000 -0.04600367
vn -0.99894130 0.00000000 -0.04600367
vn -0.99894130 0.00000000 -0.04600367
vn -0.99894130 0.00000000 -0.04600367
vn -0.30867076 -0.94435829 -0.11362116
vn -0.30867076 -0.94435829 -0.11362116
vn -0.30867076 -0.94435829 -0.11362116
vn -0.30867076 -0.94435829 -0.11362116
vn -0.10823743 -0.98654342 -0.12254245
vn -0.10823743 -0.98654342 -0.12254245
vn -0.10823743 -0.98654342 -0.12254245
vn -0.10823743 -0.98654342 -0.12254245
vn 0.10819351 -0.98614383 -0.12575559
vn 0.10819351 -0.98614383 -0.12575559
vn 0.10819351 -0.98614383 -0.12575559
vn 0.10819351 -0.98614383 -0.12575559
vn 0.30835855 -0.94340295 -0.12208947
vn 0.30835855 -0.94340295 -0.12208947
vn 0.30835855 -0.94340295 -0.12208947
vn 0.30835855 -0.94340295 -0.12208947
vn 0.99894130 0.00000000 -0.04600367
vn 0.99894130 0.00000000 -0.04600367
vn 0.99894130 0.00000000 -0.04600367
vn 0.99894130 0.00000000 -0.04600367
vn 0.00000027 0.00000019 0.99999994
vn 0.00000027 0.00000019 0.99999994
vn 0.00000027 0.00000019 0.99999994
vn 0.00000017 0.00000021 1.00000000
vn 0.00000017 0.00000021 1.00000000
vn 0.00000017 0.00000021 1.00000000
vn -0.00000017 0.00000021 1.00000000
vn -0.00000017 0.00000021 1.00000000
vn -0.00000017 0.00000021 1.00000000
vn -0.00000027 0.00000019 0.99999994
vn -0.00000027 0.00000019 0.99999994
vn -0.00000027 0.00000019 0.99999994
vn -0.00000071 0.00000000 1.00000000
vn -0.00000071 0.00000000 1.00000000
vn -0.00000071 0.00000000 1.00000000
vn -0.00000011 -0.00000023 1.00000000
vn -0.00000011 -0.00000023 1.00000000
vn -0.00000011 -0.00000023 1.00000000
vn -0.00000004 -0.00000024 1.00000000
vn -0.00000004 -0.00000024 1.00000000
vn -0.00000004 -0.00000024 1.00000000
vn 0.00000004 -0.00000024 1.00000000
vn 0.00000004 -0.00000024 1.00000000
vn 0.00000004 -0.00000024 1.00000000
vn 0.00000011 -0.00000023 1.00000000
vn 0.00000011 -0.00000023 1.00000000
vn 0.00000011 -0.00000023 1.00000000
vn 0.00000071 0.00000000 1.00000000
vn 0.00000071 0.00000000 1.00000000
vn 0.00000071 0.00000000 1.00000000
vn -0.00000057 -0.00000062 -1.00000000
vn -0.00000057 -0.00000062 -1.00000000
vn -0.00000057 -0.00000062 -1.00000000
vn -0.00000035 -0.00000067 -1.00000000
vn -0.00000035 -0.00000067 -1.00000000
vn -0.00000035 -0.00000067 -1.00000000
vn 0.00000035 -0.00000067 -1.00000000
vn 0.00000035 -0.00000067 -1.00000000
vn 0.00000035 -0.00000067 -1.00000000
vn 0.00000057 -0.00000062 -1.00000000
vn 0.00000057 -0.00000062 -1.00000000
vn 0.00000057 -0.00000062 -1.00000000
vn 0.00000206 -0.00000000 -1.00000000
vn 0.00000206 -0.00000000 -1.00000000
vn 0.00000206 -0.00000000 -1.00000000
vn 0.00000023 0.00000071 -1.00000000
vn 0.00000023 0.00000071 -1.00000000
vn 0.00000023 0.00000071 -1.00000000
vn 0.00000008 0.00000073 -1.00000000
vn 0.00000008 0.00000073 -1.00000000
vn 0.00000008 0.00000073 -1.00000000
vn -0.00000008 0.00000073 -1.00000000
vn -0.00000008 0.00000073 -1.00000000
vn -0.00000008 0.00000073 -1.00000000
vn -0.00000023 0.00000071 -1.00000000
vn -0.00000023 0.00000071 -1.00000000
vn -0.00000023 0.00000071 -1.00000000
vn -0.00000206 -0.00000000 -1.00000000
vn -0.00000206 -0.00000000 -1.00000000
vn -0.00000206 -0.00000000 -1.00000000
vn -0.80437803 0.58278263 -0.11550072
vn -0.80437803 0.58278263 -0.11550072
vn -0.80437803 0.58278263 -0.11550072
vn -0.80437803 0.58278263 -0.11550072
vn -0.60782027 0.77837890 -0.15710147
vn -0.60782027 0.77837890 -0.15710147
vn -0.60782027 0.77837890 -0.15710147
vn -0.60782027 0.77837890 -0.15710147
vn 0.60910225 0.78002065 -0.14339544
vn 0.60910225 0.78002065 -0.14339544
vn 0.60910225 0.78002065 -0.14339544
vn 0.60910225 0.78002065 -0.14339544
vn 0.80585402 0.58385199 -0.09856966
vn 0.80585402 0.58385199 -0.09856966
vn 0.80585402 0.58385199 -0.09856966
vn 0.80585402 0.58385199 -0.09856966
vn 0.99894136 0.00000000 -0.04600368
vn 0.99894136 0.00000000 -0.04600368
vn 0.99894136 0.00000000 -0.04600368
vn 0.99894136 0.00000000 -0.04600368
vn 0.43649158 -0.89123315 -0.12320106
vn 0.43649158 -0.89123315 -0.12320106
vn 0.43649158 -0.89123315 -0.12320106
vn 0.43649158 -0.89123315 -0.12320106
vn 0.16081399 -0.97821105 -0.13130893
vn 0.16081399 -0.97821105 -0.13130893
vn 0.16081399 -0.97821105 -0.13130893
vn 0.16081399 -0.97821105 -0.13130893
vn -0.16089121 -0.97868073 -0.12766404
vn -0.16089121 -0.97868073 -0.12766404
vn -0.16089121 -0.97868073 -0.12766404
vn -0.16089121 -0.97868073 -0.12766404
vn -0.43697292 -0.89221603 -0.11404117
vn -0.43697292 -0.89221603 -0.11404117
vn -0.43697292 -0.89221603 -0.11404117
vn -0.43697292 -0.89221603 -0.11404117
vn -0.99894136 0.00000000 -0.04600368
vn -0.99894136 0.00000000 -0.04600368
vn -0.99894136 0.00000000 -0.04600368
vn -0.99894136 0.00000000 -0.04600368
vn -0.77375281 0.62257373 -0.11708362
vn -0.77375281 0.62257373 -0.11708362
vn -0.77375281 0.62257373 -0.11708362
vn -0.77375281 0.62257373 -0.11708362
vn -0.56830364 0.80823737 -0.15421838
vn -0.56830364 0.80823737 -0.15421838
vn -0.56830364 0.80823737 -0.15421838
vn -0.56830364 0.80823737 -0.15421838
vn 0.56937099 0.80975533 -0.14182027
vn 0.56937099 0.80975533 -0.14182027
vn 0.56937099 0.80975533 -0.14182027
vn 0.56937099 0.80975533 -0.14182027
vn 0.77510011 0.62365782 -0.10134384
vn 0.77510011 0.62365782 -0.10134384
vn 0.77510011 0.62365782 -0.10134384
vn 0.77510011 0.62365782 -0.10134384
vn 0.99894124 0.00000000 -0.04600421
vn 0.99894124 0.00000000 -0.04600421
vn 0.99894124 0.00000000 -0.04600421
vn 0.99894124 0.00000000 -0.04600421
vn 0.40048033 -0.90811074 -0.12227169
vn 0.40048033 -0.90811074 -0.12227169
vn 0.40048033 -0.90811074 -0.12227169
vn 0.40048033 -0.90811074 -0.12227169
vn 0.14522091 -0.98102671 -0.12844257
vn 0.14522091 -0.98102671 -0.12844257
vn 0.14522091 -0.98102671 -0.12844257
vn 0.14522091 -0.98102671 -0.12844257
vn -0.14528055 -0.98142964 -0.12525792
vn -0.14528055 -0.98142964 -0.12525792
vn -0.14528055 -0.98142964 -0.12525792
vn -0.14528055 -0.98142964 -0.12525792
vn -0.40087068 -0.90899587 -0.11414502
vn -0.40087068 -0.90899587 -0.11414502
vn -0.40087068 -0.90899587 -0.11414502
vn -0.40087068 -0.90899587 -0.11414502
vn -0.99894124 0.00000000 -0.04600421
vn -0.99894124 0.00000000 -0.04600421
vn -0.99894124 0.00000000 -0.04600421
vn -0.99894124 0.00000000 -0.04600421
vn -0.72482872 0.67840171 -0.11997652
vn -0.72482872 0.67840171 -0.11997652
vn -0.72482872 0.67840171 -0.11997652
vn -0.72482872 0.67840171 -0.11997652
vn -0.51131427 0.84588033 -0.15180263
vn -0.51131427 0.84588033 -0.15180263
vn -0.51131427 0.84588033 -0.15180263
vn -0.51131427 0.84588033 -0.15180263
vn 0.51218289 0.84731728 -0.14043543
vn 0.51218289 0.84731728 -0.14043543
vn 0.51218289 0.84731728 -0.14043543
vn 0.51218289 0.84731728 -0.14043543
vn 0.72606897 0.67956251 -0.10497013
vn 0.72606897 0.67956251 -0.10497013
vn 0.72606897 0.67956251 -0.10497013
vn 0.72606897 0.67956251 -0.10497013
vn 0.99894124 0.00000000 -0.04600368
vn 0.99894124 0.00000000 -0.04600368
vn 0.99894124 0.00000000 -0.04600368
vn 0.99894124 0.00000000 -0.04600368
vn 0.35188380 -0.92815375 -0.12127767
vn 0.35188380 -0.92815375 -0.12127767
vn 0.35188380 -0.92815375 -0.12127767
vn 0.35188380 -0.92815375 -0.12127767
vn 0.12524202 -0.98415631 -0.12550215
vn 0.12524202 -0.98415631 -0.12550215
vn 0.12524202 -0.98415631 -0.12550215
vn 0.12524202 -0.98415631 -0.12550215
vn -0.12528622 -0.98450363 -0.12270272
vn -0.12528622 -0.98450363 -0.12270272
vn -0.12528622 -0.98450363 -0.12270272
vn -0.12528622 -0.98450363 -0.12270272
vn -0.35218927 -0.92895955 -0.11400438
vn -0.35218927 -0.92895955 -0.11400438
vn -0.35218927 -0.92895955 -0.11400438
vn -0.35218927 -0.92895955 -0.11400438
vn -0.99894124 0.00000000 -0.04600368
vn -0.99894124 0.00000000 -0.04600368
vn -0.99894124 0.00000000 -0.04600368
vn -0.99894124 0.00000000 -0.04600368
vn -0.00000027 0.00000019 0.99999994
vn -0.00000027 0.00000019 0.99999994
vn -0.00000027 0.00000019 0.99999994
vn -0.00000017 0.00000021 1.00000000
vn -0.00000017 0.00000021 1.00000000
vn -0.00000017 0.00000021 1.00000000
vn 0.00000017 0.00000021 1.00000000
vn 0.00000017 0.00000021 1.00000000
vn 0.00000017 0.00000021 1.00000000
vn 0.00000027 0.00000019 0.99999994
vn 0.00000027 0.00000019 0.99999994
vn 0.00000027 0.00000019 0.99999994
vn 0.00000071 -0.00000000 1.00000000
vn 0.00000071 -0.00000000 1.00000000
vn 0.00000071 -0.00000000 1.00000000
vn 0.00000011 -0.00000023 1.00000000
vn 0.00000011 -0.00000023 1.00000000
vn 0.00000011 -0.00000023 1.00000000
vn 0.00000004 -0.00000024 1.00000000
vn 0.00000004 -0.00000024 1.00000000
vn 0.00000004 -0.00000024 1.00000000
vn -0.00000004 -0.00000024 1.00000000
vn -0.00000004 -0.00000024 1.00000000
vn -0.00000004 -0.00000024 1.00000000
vn -0.00000011 -0.00000023 1.00000000
vn -0.00000011 -0.00000023 1.00000000
vn -0.00000011 -0.00000023 1.00000000
vn -0.00000071 -0.00000000 1.00000000
vn -0.00000071 -0.00000000 1.00000000
vn -0.00000071 -0.00000000 1.00000000
vn 0.00000057 -0.00000062 -1.00000000
vn 0.00000057 -0.00000062 -1.00000000
vn 0.00000057 -0.00000062 -1.00000000
vn 0.00000035 -0.00000067 -1.00000000
vn 0.00000035 -0.00000067 -1.00000000
vn 0.00000035 -0.00000067 -1.00000000
vn -0.00000035 -0.00000067 -1.00000000
vn -0.00000035 -0.00000067 -1.00000000
vn -0.00000035 -0.00000067 -1.00000000
vn -0.00000057 -0.00000062 -1.00000000
vn -0.00000057 -0.00000062 -1.00000000
vn -0.00000057 -0.00000062 -1.00000000
vn -0.00000206 0.00000000 -1.00000000
vn -0.00000206 0.00000000 -1.00000000
vn -0.00000206 0.00000000 -1.00000000
vn -0.00000023 0.00000071 -1.00000000
vn -0.00000023 0.00000071 -1.00000000
vn -0.00000023 0.00000071 -1.00000000
vn -0.00000008 0.00000073 -1.00000000
vn -0.00000008 0.00000073 -1.00000000
vn -0.00000008 0.00000073 -1.00000000
vn 0.00000008 0.00000073 -1.00000000
vn 0.00000008 0.00000073 -1.00000000
vn 0.00000008 0.00000073 -1.00000000
vn 0.00000023 0.00000071 -1.00000000
vn 0.00000023 0.00000071 -1.00000000
vn 0.00000023 0.00000071 -1.00000000
vn 0.00000206 0.00000000 -1.00000000
vn 0.00000206 0.00000000 -1.00000000
vn 0.00000206 0.00000000 -1.00000000
vn 0.00214721 -0.99754912 0.06993753
vn 0.00214721 -0.99754912 0.06993753
vn 0.00214721 -0.99754912 0.06993753
vn 0.00214721 -0.99754912 0.06993753
vn 0.99988115 0.00320957 0.01508077
vn 0.99988115 0.00320957 0.01508077
vn 0.99988115 0.00320957 0.01508077
vn 0.99988115 0.00320957 0.01508077
vn -0.00214721 0.99754900 -0.06993753
vn -0.00214721 0.99754900 -0.06993753
vn -0.00214721 0.99754900 -0.06993753
vn -0.00214721 0.99754900 -0.06993753
vn -0.99707270 0.00320962 0.07639086
vn -0.99707270 0.00320962 0.07639086
vn -0.99707270 0.00320962 0.07639086
vn -0.99707270 0.00320962 0.07639086
vn -0.03061217 -0.06997041 -0.99707925
vn -0.03061217 -0.06997041 -0.99707925
vn -0.03061217 -0.06997041 -0.99707925
vn -0.03061217 -0.06997041 -0.99707925
vn 0.03061216 0.06997053 0.99707925
vn 0.03061216 0.06997053 0.99707925
vn 0.03061216 0.06997053 0.99707925
vn 0.03061216 0.06997053 0.99707925
vn -0.00214721 -0.99754900 0.06993751
vn -0.00214721 -0.99754900 0.06993751
vn -0.00214721 -0.99754900 0.06993751
vn -0.00214721 -0.99754900 0.06993751
vn 0.99707282 0.00320962 0.07639086
vn 0.99707282 0.00320962 0.07639086
vn 0.99707282 0.00320962 0.07639086
vn 0.99707282 0.00320962 0.07639086
vn 0.00214721 0.99754900 -0.06993753
vn 0.00214721 0.99754900 -0.06993753
vn 0.00214721 0.99754900 -0.06993753
vn 0.00214721 0.99754900 -0.06993753
vn -0.99988115 0.00320957 0.01508077
vn -0.99988115 0.00320957 0.01508077
vn -0.99988115 0.00320957 0.01508077
vn -0.99988115 0.00320957 0.01508077
vn 0.03061217 -0.06997041 -0.99707925
vn 0.03061217 -0.06997041 -0.99707925
vn 0.03061217 -0.06997041 -0.99707925
vn 0.03061217 -0.06997041 -0.99707925
vn -0.03061216 0.06997053 0.99707925
vn -0.03061216 0.06997053 0.99707925
vn -0.03061216 0.06997053 0.99707925
vn -0.03061216 0.06997053 0.99707925
vn 0.00451766 -0.99998975 -0.00039321
vn 0.00451766 -0.99998975 -0.00039321
vn 0.00451766 -0.99998975 -0.00039321
vn 0.00451766 -0.99998975 -0.00039321
vn -0.03366487 -0.00054511 0.99943298
vn -0.03366487 -0.00054511 0.99943298
vn -0.03366487 -0.00054511 0.99943298
vn -0.03366487 -0.00054511 0.99943298
vn -0.00451766 0.99998975 0.00039321
vn -0.00451766 0.99998975 0.00039321
vn -0.00451766 0.99998975 0.00039321
vn -0.00451766 0.99998975 0.00039321
vn -0.20583037 -0.00054508 -0.97858751
vn -0.20583037 -0.00054508 -0.97858751
vn -0.20583037 -0.00054508 -0.97858751
vn -0.20583037 -0.00054508 -0.97858751
vn 0.99622321 0.00453487 -0.08671057
vn 0.99622321 0.00453487 -0.08671057
vn 0.99622321 0.00453487 -0.08671057
vn 0.99622321 0.00453487 -0.08671057
vn -0.99622315 -0.00453426 0.08671080
vn -0.99622315 -0.00453426 0.08671080
vn -0.99622315 -0.00453426 0.08671080
vn -0.99622315 -0.00453426 0.08671080
vn -0.04009604 -0.99914503 0.01006848
vn -0.04009604 -0.99914503 0.01006848
vn -0.04009604 -0.99914503 0.01006848
vn -0.04009604 -0.99914503 0.01006848
vn -0.08117159 0.01330042 0.99661136
vn -0.08117159 0.01330042 0.99661136
vn -0.08117159 0.01330042 0.99661136
vn -0.08117159 0.01330042 0.99661136
vn 0.04009605 0.99914503 -0.01006848
vn 0.04009605 0.99914503 -0.01006848
vn 0.04009605 0.99914503 -0.01006848
vn 0.04009605 0.99914503 -0.01006848
vn -0.54236978 0.01330044 -0.84003460
vn -0.54236978 0.01330044 -0.84003460
vn -0.54236978 0.01330044 -0.84003460
vn -0.54236978 0.01330044 -0.84003460
vn 0.96905971 -0.04134100 -0.24333961
vn 0.96905971 -0.04134100 -0.24333961
vn 0.96905971 -0.04134100 -0.24333961
vn 0.96905971 -0.04134100 -0.24333961
vn -0.96905977 0.04134101 0.24333948
vn -0.96905977 0.04134101 0.24333948
vn -0.96905977 0.04134101 0.24333948
vn -0.96905977 0.04134101 0.24333948
vn 0.04009605 -0.99914503 0.01006848
vn 0.04009605 -0.99914503 0.01006848
vn 0.04009605 -0.99914503 0.01006848
vn 0.04009605 -0.99914503 0.01006848
vn 0.54236978 0.01330044 -0.84003460
vn 0.54236978 0.01330044 -0.84003460
vn 0.54236978 0.01330044 -0.84003460
vn 0.54236978 0.01330044 -0.84003460
vn -0.04009604 0.99914503 -0.01006848
vn -0.04009604 0.99914503 -0.01006848
vn -0.04009604 0.99914503 -0.01006848
vn -0.04009604 0.99914503 -0.01006848
vn 0.08117159 0.01330042 0.99661136
vn 0.08117159 0.01330042 0.99661136
vn 0.08117159 0.01330042 0.99661136
vn 0.08117159 0.01330042 0.99661136
vn -0.96905971 -0.04134100 -0.24333958
vn -0.96905971 -0.04134100 -0.24333958
vn -0.96905971 -0.04134100 -0.24333958
vn -0.96905971 -0.04134100 -0.24333958
vn 0.96905988 0.04134098 0.24333951
vn 0.96905988 0.04134098 0.24333951
vn 0.96905988 0.04134098 0.24333951
vn 0.96905988 0.04134098 0.24333951
vn -0.00451766 -0.99998975 -0.00039321
vn -0.00451766 -0.99998975 -0.00039321
vn -0.00451766 -0.99998975 -0.00039321
vn -0.00451766 -0.99998975 -0.00039321
vn 0.20583045 -0.00054508 -0.97858751
vn 0.20583045 -0.00054508 -0.97858751
vn 0.20583045 -0.00054508 -0.97858751
vn 0.20583045 -0.00054508 -0.97858751
vn 0.00451766 0.99998975 0.00039321
vn 0.00451766 0.99998975 0.00039321
vn 0.00451766 0.99998975 0.00039321
vn 0.00451766 0.99998975 0.00039321
vn 0.03366487 -0.00054511 0.99943292
vn 0.03366487 -0.00054511 0.99943292
vn 0.03366487 -0.00054511 0.99943292
vn 0.03366487 -0.00054511 0.99943292
vn -0.99622321 0.00453487 -0.08671058
vn -0.99622321 0.00453487 -0.08671058
vn -0.99622321 0.00453487 -0.08671058
vn -0.99622321 0.00453487 -0.08671058
vn 0.99622315 -0.00453426 0.08671080
vn 0.99622315 -0.00453426 0.08671080
vn 0.99622315 -0.00453426 0.08671080
vn 0.99622315 -0.00453426 0.08671080
vn 0.00000000 -1.00000000 0.00000000
vn 0.00000000 -1.00000000 0.00000000
vn 0.00000000 -1.00000000 0.00000000
vn 0.00000000 -1.00000000 0.00000000
vn 0.99848539 -0.00000000 0.05501857
vn 0.99848539 -0.00000000 0.05501857
vn 0.99848539 -0.00000000 0.05501857
vn 0.99848539 -0.00000000 0.05501857
vn 0.00000000 1.00000000 0.00000000
vn 0.00000000 1.00000000 0.00000000
vn 0.00000000 1.00000000 0.00000000
vn 0.00000000 1.00000000 0.00000000
vn -0.99848539 0.00000000 0.05501857
vn -0.99848539 0.00000000 0.05501857
vn -0.99848539 0.00000000 0.05501857
vn -0.99848539 0.00000000 0.05501857
vn 0.00000000 0.00000000 -1.00000000
vn 0.00000000 0.00000000 -1.00000000
vn 0.00000000 0.00000000 -1.00000000
vn 0.00000000 0.00000000 -1.00000000
vn 0.00000000 0.00000000 1.00000000
vn 0.00000000 0.00000000 1.00000000
vn 0.00000000 0.00000000 1.00000000
vn 0.00000000 0.00000000 1.00000000
vn 0.00000000 -1.00000000 0.00000000
vn 0.00000000 -1.00000000 0.00000000
vn 0.00000000 -1.00000000 0.00000000
vn 0.00000000 -1.00000000 0.00000000
vn 0.99848539 -0.00000000 0.05501857
vn 0.99848539 -0.00000000 0.05501857
vn 0.99848539 -0.00000000 0.05501857
vn 0.99848539 -0.00000000 0.05501857
vn 0.00000000 1.00000000 0.00000000
vn 0.00000000 1.00000000 0.00000000
vn 0.00000000 1.00000000 0.00000000
vn 0.00000000 1.00000000 0.00000000
vn -0.99848539 0.00000000 0.05501857
vn -0.99848539 0.00000000 0.05501857
vn -0.99848539 0.00000000 0.05501857
vn -0.99848539 0.00000000 0.05501857
vn 0.00000000 0.00000000 -1.00000000
vn 0.00000000 0.00000000 -1.00000000
vn 0.00000000 0.00000000 -1.00000000
vn 0.00000000 0.00000000 -1.00000000
vn 0.00000000 0.00000000 1.00000000
vn 0.00000000 0.00000000 1.00000000
vn 0.00000000 0.00000000 1.00000000
vn 0.00000000 0.00000000 1.00000000
vn 0.00000000 -1.00000000 0.00000000
vn 0.00000000 -1.00000000 0.00000000
vn 0.00000000 -1.00000000 0.00000000
vn 0.00000000 -1.00000000 0.00000000
vn 0.99848539 -0.00000000 0.05501857
vn 0.99848539 -0.00000000 0.05501857
vn 0.99848539 -0.00000000 0.05501857
vn 0.99848539 -0.00000000 0.05501857
vn 0.00000000 1.00000000 0.00000000
vn 0.00000000 1.00000000 0.00000000
vn 0.00000000 1.00000000 0.00000000
vn 0.00000000 1.00000000 0.00000000
vn -0.99848539 0.00000000 0.05501857
vn -0.99848539 0.00000000 0.05501857
vn -0.99848539 0.00000000 0.05501857
vn -0.99848539 0.00000000 0.05501857
vn 0.00000000 0.00000000 -1.00000000
vn 0.00000000 0.00000000 -1.00000000
vn 0.00000000 0.00000000 -1.00000000
vn 0.00000000 0.00000000 -1.00000000
vn 0.00000000 0.00000000 1.00000000
vn 0.00000000 0.00000000 1.00000000
vn 0.00000000 0.00000000 1.00000000
vn 0.00000000 0.00000000 1.00000000
vn 0.00000000 -1.00000000 0.00000000
vn 0.00000000 -1.00000000 0.00000000
vn 0.00000000 -1.00000000 0.00000000
vn 0.00000000 -1.00000000 0.00000000
vn 0.99848539 -0.00000000 0.05501857
vn 0.99848539 -0.00000000 0.05501857
vn 0.99848539 -0.00000000 0.05501857
vn 0.99848539 -0.00000000 0.05501857
vn 0.00000000 1.00000000 0.00000000
vn 0.00000000 1.00000000 0.00000000
vn 0.00000000 1.00000000 0.00000000
vn 0.00000000 1.00000000 0.00000000
vn -0.99848539 0.00000000 0.05501857
vn -0.99848539 0.00000000 0.05501857
vn -0.99848539 0.00000000 0.05501857
vn -0.99848539 0.00000000 0.05501857
vn 0.00000000 0.00000000 -1.00000000
vn 0.00000000 0.00000000 -1.00000000
vn 0.00000000 0.00000000 -1.00000000
vn 0.00000000 0.00000000 -1.00000000
vn 0.00000000 0.00000000 1.00000000
vn 0.00000000 0.00000000 1.00000000
vn 0.00000000 0.00000000 1.00000000
vn 0.00000000 0.00000000 1.00000000
vn 0.00000000 -1.00000000 0.00000000
vn 0.00000000 -1.00000000 0.00000000
vn 0.00000000 -1.00000000 0.00000000
vn 0.00000000 -1.00000000 0.00000000
vn 0.99848539 -0.00000000 0.05501857
vn 0.99848539 -0.00000000 0.05501857
vn 0.99848539 -0.00000000 0.05501857
vn 0.99848539 -0.00000000 0.05501857
vn 0.00000000 1.00000000 0.00000000
vn 0.00000000 1.00000000 0.00000000
vn 0.00000000 1.00000000 0.00000000
vn 0.00000000 1.00000000 0.00000000
vn -0.99848539 0.00000000 0.05501857
vn -0.99848539 0.00000000 0.05501857
vn -0.99848539 0.00000000 0.05501857
vn -0.99848539 0.00000000 0.05501857
vn 0.00000000 0.00000000 -1.00000000
vn 0.00000000 0.00000000 -1.00000000
vn 0.00000000 0.00000000 -1.00000000
vn 0.00000000 0.00000000 -1.00000000
vn 0.00000000 0.00000000 1.00000000
vn 0.00000000 0.00000000 1.00000000
vn 0.00000000 0.00000000 1.00000000
vn 0.00000000 0.00000000 1.00000000
vn 0.00000000 -1.00000000 0.00000000
vn 0.00000000 -1.00000000 0.00000000
vn 0.00000000 -1.00000000 0.00000000
vn 0.00000000 -1.00000000 0.00000000
vn 0.99848539 -0.00000000 0.05501857
vn 0.99848539 -0.00000000 0.05501857
vn 0.99848539 -0.00000000 0.05501857
vn 0.99848539 -0.00000000 0.05501857
vn 0.00000000 1.00000000 0.00000000
vn 0.00000000 1.00000000 0.00000000
vn 0.00000000 1.00000000 0.00000000
vn 0.00000000 1.00000000 0.00000000
vn -0.99848539 0.00000000 0.05501857
vn -0.99848539 0.00000000 0.05501857
vn -0.99848539 0.00000000 0.05501857
vn -0.99848539 0.00000000 0.05501857
vn 0.00000000 0.00000000 -1.00000000
vn 0.00000000 0.00000000 -1.00000000
vn 0.00000000 0.00000000 -1.00000000
vn 0.00000000 0.00000000 -1.00000000
vn 0.00000000 0.00000000 1.00000000
vn 0.00000000 0.00000000 1.00000000
vn 0.00000000 0.00000000 1.00000000
vn 0.00000000 0.00000000 1.00000000
vn 0.00000000 -1.00000000 0.00000000
vn 0.00000000 -1.00000000 0.00000000
vn 0.00000000 -1.00000000 0.00000000
vn 0.00000000 -1.00000000 0.00000000
vn 0.99848539 -0.00000000 0.05501857
vn 0.99848539 -0.00000000 0.05501857
vn 0.99848539 -0.00000000 0.05501857
vn 0.99848539 -0.00000000 0.05501857
vn 0.00000000 1.00000000 0.00000000
vn 0.00000000 1.00000000 0.00000000
vn 0.00000000 1.00000000 0.00000000
vn 0.00000000 1.00000000 0.00000000
vn -0.99848539 0.00000000 0.05501857
vn -0.99848539 0.00000000 0.05501857
vn -0.99848539 0.00000000 0.05501857
vn -0.99848539 0.00000000 0.05501857
vn 0.00000000 0.00000000 -1.00000000
vn 0.00000000 0.00000000 -1.00000000
vn 0.00000000 0.00000000 -1.00000000
vn 0.00000000 0.00000000 -1.00000000
vn 0.00000000 0.00000000 1.00000000
vn 0.00000000 0.00000000 1.00000000
vn 0.00000000 0.00000000 1.00000000
vn 0.00000000 0.00000000 1.00000000
vn 0.00000000 -1.00000000 0.00000000
vn 0.00000000 -1.00000000 0.00000000
vn 0.00000000 -1.00000000 0.00000000
vn 0.00000000 -1.00000000 0.00000000
vn 0.99848539 -0.00000000 0.05501857
vn 0.99848539 -0.00000000 0.05501857
vn 0.99848539 -0.00000000 0.05501857
vn 0.99848539 -0.00000000 0.05501857
vn 0.00000000 1.00000000 0.00000000
vn 0.00000000 1.00000000 0.00000000
vn 0.00000000 1.00000000 0.00000000
vn 0.00000000 1.00000000 0.00000000
vn -0.99848539 0.00000000 0.05501857
vn -0.99848539 0.00000000 0.05501857
vn -0.99848539 0.00000000 0.05501857
vn -0.99848539 0.00000000 0.05501857
vn 0.00000000 0.00000000 -1.00000000
vn 0.00000000 0.00000000 -1.00000000
vn 0.00000000 0.00000000 -1.00000000
vn 0.00000000 0.00000000 -1.00000000
vn 0.00000000 0.00000000 1.00000000
vn 0.00000000 0.00000000 1.00000000
vn 0.00000000 0.00000000 1.00000000
vn 0.00000000 0.00000000 1.00000000
vn -0.12498204 0.96745056 -0.22004263
vn -0.12498204 0.96745056 -0.22004263
vn -0.12498204 0.96745056 -0.22004263
vn -0.12498204 0.96745056 -0.22004263
vn -0.15254381 0.97760022 -0.14501077
vn -0.15254381 0.97760022 -0.14501077
vn -0.15254381 0.97760022 -0.14501077
vn -0.15254381 0.97760022 -0.14501077
vn -0.20329717 0.97723651 0.06065698
vn -0.20329717 0.97723651 0.06065698
vn -0.20329717 0.97723651 0.06065698
vn -0.20329717 0.97723651 0.06065698
vn -0.21350320 0.96689773 0.13973284
vn -0.21350320 0.96689773 0.13973284
vn -0.21350320 0.96689773 0.13973284
vn -0.21350320 0.96689773 0.13973284
vn -0.00605273 0.00000000 0.99998164
vn -0.00605273 0.00000000 0.99998164
vn -0.00605273 0.00000000 0.99998164
vn -0.00605273 0.00000000 0.99998164
vn 0.32740393 -0.93402958 0.14281274
vn 0.32740393 -0.93402958 0.14281274
vn 0.32740393 -0.93402958 0.14281274
vn 0.32740393 -0.93402958 0.14281274
vn 0.33374587 -0.93723124 0.10105102
vn 0.33374587 -0.93723124 0.10105102
vn 0.33374587 -0.93723124 0.10105102
vn 0.33374587 -0.93723124 0.10105102
vn 0.34325409 -0.93736523 0.05935489
vn 0.34325409 -0.93736523 0.05935489
vn 0.34325409 -0.93736523 0.05935489
vn 0.34325409 -0.93736523 0.05935489
vn 0.35572013 -0.93439895 0.01902143
vn 0.35572013 -0.93439895 0.01902143
vn 0.35572013 -0.93439895 0.01902143
vn 0.35572013 -0.93439895 0.01902143
vn 0.44327438 0.00000000 -0.89638597
vn 0.44327438 0.00000000 -0.89638597
vn 0.44327438 0.00000000 -0.89638597
vn 0.44327438 0.00000000 -0.89638597
vn -0.13184644 0.96816540 -0.21277295
vn -0.13184644 0.96816540 -0.21277295
vn -0.13184644 0.96816540 -0.21277295
vn -0.13184644 0.96816540 -0.21277295
vn -0.15965767 0.97698313 -0.14146847
vn -0.15965767 0.97698313 -0.14146847
vn -0.15965767 0.97698313 -0.14146847
vn -0.15965767 0.97698313 -0.14146847
vn -0.20641480 0.97693300 0.05472558
vn -0.20641480 0.97693300 0.05472558
vn -0.20641480 0.97693300 0.05472558
vn -0.20641480 0.97693300 0.05472558
vn -0.21371172 0.96808946 0.13088188
vn -0.21371172 0.96808946 0.13088188
vn -0.21371172 0.96808946 0.13088188
vn -0.21371172 0.96808946 0.13088188
vn -0.00605271 0.00000000 0.99998170
vn -0.00605271 0.00000000 0.99998170
vn -0.00605271 0.00000000 0.99998170
vn -0.00605271 0.00000000 0.99998170
vn 0.32672608 -0.93475133 0.13960661
vn 0.32672608 -0.93475133 0.13960661
vn 0.32672608 -0.93475133 0.13960661
vn 0.32672608 -0.93475133 0.13960661
vn 0.33245143 -0.93783402 0.09971582
vn 0.33245143 -0.93783402 0.09971582
vn 0.33245143 -0.93783402 0.09971582
vn 0.33245143 -0.93783402 0.09971582
vn 0.34180188 -0.93785197 0.06004202
vn 0.34180188 -0.93785197 0.06004202
vn 0.34180188 -0.93785197 0.06004202
vn 0.34180188 -0.93785197 0.06004202
vn 0.35450268 -0.93480080 0.02180110
vn 0.35450268 -0.93480080 0.02180110
vn 0.35450268 -0.93480080 0.02180110
vn 0.35450268 -0.93480080 0.02180110
vn 0.44327450 0.00000000 -0.89638585
vn 0.44327450 0.00000000 -0.89638585
vn 0.44327450 0.00000000 -0.89638585
vn 0.44327450 0.00000000 -0.89638585
vn -0.13645831 0.96783817 -0.21134894
vn -0.13645831 0.96783817 -0.21134894
vn -0.13645831 0.96783817 -0.21134894
vn -0.13645831 0.96783817 -0.21134894
vn -0.16602260 0.97592241 -0.14146318
vn -0.16602260 0.97592241 -0.14146318
vn -0.16602260 0.97592241 -0.14146318
vn -0.16602260 0.97592241 -0.14146318
vn -0.20998576 0.97629869 0.05241079
vn -0.20998576 0.97629869 0.05241079
vn -0.20998576 0.97629869 0.05241079
vn -0.20998576 0.97629869 0.05241079
vn -0.21376559 0.96840060 0.12847081
vn -0.21376559 0.96840060 0.12847081
vn -0.21376559 0.96840060 0.12847081
vn -0.21376559 0.96840060 0.12847081
vn -0.00605269 0.00000000 0.99998164
vn -0.00605269 0.00000000 0.99998164
vn -0.00605269 0.00000000 0.99998164
vn -0.00605269 0.00000000 0.99998164
vn 0.32568845 -0.93527007 0.13855319
vn 0.32568845 -0.93527007 0.13855319
vn 0.32568845 -0.93527007 0.13855319
vn 0.32568845 -0.93527007 0.13855319
vn 0.33093342 -0.93843764 0.09908594
vn 0.33093342 -0.93843764 0.09908594
vn 0.33093342 -0.93843764 0.09908594
vn 0.33093342 -0.93843764 0.09908594
vn 0.34055522 -0.93830687 0.06002003
vn 0.34055522 -0.93830687 0.06002003
vn 0.34055522 -0.93830687 0.06002003
vn 0.34055522 -0.93830687 0.06002003
vn 0.35417089 -0.93490863 0.02255676
vn 0.35417089 -0.93490863 0.02255676
vn 0.35417089 -0.93490863 0.02255676
vn 0.35417089 -0.93490863 0.02255676
vn 0.44327432 0.00000000 -0.89638609
vn 0.44327432 0.00000000 -0.89638609
vn 0.44327432 0.00000000 -0.89638609
vn 0.44327432 0.00000000 -0.89638609
vn -0.97305876 -0.00000015 -0.23055738
vn -0.97305876 -0.00000015 -0.23055738
vn -0.97305876 -0.00000015 -0.23055738
vn -0.97305870 -0.00000028 -0.23055747
vn -0.97305870 -0.00000028 -0.23055747
vn -0.97305870 -0.00000028 -0.23055747
vn -0.97305864 -0.00000028 -0.23055753
vn -0.97305864 -0.00000028 -0.23055753
vn -0.97305864 -0.00000028 -0.23055753
vn -0.97305876 -0.00000045 -0.23055743
vn -0.97305876 -0.00000045 -0.23055743
vn -0.97305876 -0.00000045 -0.23055743
vn -0.97305870 -0.00000000 -0.23055755
vn -0.97305870 -0.00000000 -0.23055755
vn -0.97305870 -0.00000000 -0.23055755
vn -0.97305876 0.00000053 -0.23055740
vn -0.97305876 0.00000053 -0.23055740
vn -0.97305876 0.00000053 -0.23055740
vn -0.97305870 0.00000032 -0.23055750
vn -0.97305870 0.00000032 -0.23055750
vn -0.97305870 0.00000032 -0.23055750
vn -0.97305870 0.00000032 -0.23055750
vn -0.97305870 0.00000032 -0.23055750
vn -0.97305870 0.00000032 -0.23055750
vn -0.97305870 0.00000018 -0.23055738
vn -0.97305870 0.00000018 -0.23055738
vn -0.97305870 0.00000018 -0.23055738
vn -0.97305876 -0.00000000 -0.23055731
vn -0.97305876 -0.00000000 -0.23055731
vn -0.97305876 -0.00000000 -0.23055731
vn 0.97305888 -0.00000074 0.23055717
vn 0.97305888 -0.00000074 0.23055717
vn 0.97305888 -0.00000074 0.23055717
vn 0.97305858 0.00000009 0.23055822
vn 0.97305858 0.00000009 0.23055822
vn 0.97305858 0.00000009 0.23055822
vn 0.97305858 0.00000009 0.23055822
vn 0.97305858 0.00000009 0.23055822
vn 0.97305858 0.00000009 0.23055822
vn 0.97305888 0.00000087 0.23055720
vn 0.97305888 0.00000087 0.23055720
vn 0.97305888 0.00000087 0.23055720
vn 0.97305876 0.00000000 0.23055770
vn 0.97305876 0.00000000 0.23055770
vn 0.97305876 0.00000000 0.23055770
vn 0.97305882 -0.00000098 0.23055707
vn 0.97305882 -0.00000098 0.23055707
vn 0.97305882 -0.00000098 0.23055707
vn 0.97305852 -0.00000009 0.23055822
vn 0.97305852 -0.00000009 0.23055822
vn 0.97305852 -0.00000009 0.23055822
vn 0.97305858 -0.00000009 0.23055822
vn 0.97305858 -0.00000009 0.23055822
vn 0.97305858 -0.00000009 0.23055822
vn 0.97305882 0.00000083 0.23055707
vn 0.97305882 0.00000083 0.23055707
vn 0.97305882 0.00000083 0.23055707
vn 0.97305870 0.00000000 0.23055755
vn 0.97305870 0.00000000 0.23055755
vn 0.97305870 0.00000000 0.23055755
vn 0.13226564 0.96808940 -0.21285807
vn 0.13226564 0.96808940 -0.21285807
vn 0.13226564 0.96808940 -0.21285807
vn 0.13226564 0.96808940 -0.21285807
vn 0.15627496 0.97763562 -0.14073619
vn 0.15627496 0.97763562 -0.14073619
vn 0.15627496 0.97763562 -0.14073619
vn 0.15627496 0.97763562 -0.14073619
vn 0.20033747 0.97810858 0.05629026
vn 0.20033747 0.97810858 0.05629026
vn 0.20033747 0.97810858 0.05629026
vn 0.20033747 0.97810858 0.05629026
vn 0.20972072 0.96881521 0.13196357
vn 0.20972072 0.96881521 0.13196357
vn 0.20972072 0.96881521 0.13196357
vn 0.20972072 0.96881521 0.13196357
vn 0.00605273 0.00000000 0.99998170
vn 0.00605273 0.00000000 0.99998170
vn 0.00605273 0.00000000 0.99998170
vn 0.00605273 0.00000000 0.99998170
vn -0.32659617 -0.93480086 0.13957909
vn -0.32659617 -0.93480086 0.13957909
vn -0.32659617 -0.93480086 0.13957909
vn -0.32659617 -0.93480086 0.13957909
vn -0.33353028 -0.93742466 0.09996223
vn -0.33353028 -0.93742466 0.09996223
vn -0.33353028 -0.93742466 0.09996223
vn -0.33353028 -0.93742466 0.09996223
vn -0.34337845 -0.93725109 0.06042897
vn -0.34337845 -0.93725109 0.06042897
vn -0.34337845 -0.93725109 0.06042897
vn -0.34337845 -0.93725109 0.06042897
vn -0.35574171 -0.93432236 0.02212648
vn -0.35574171 -0.93432236 0.02212648
vn -0.35574171 -0.93432236 0.02212648
vn -0.35574171 -0.93432236 0.02212648
vn -0.44327438 0.00000000 -0.89638603
vn -0.44327438 0.00000000 -0.89638603
vn -0.44327438 0.00000000 -0.89638603
vn -0.44327438 0.00000000 -0.89638603
vn 0.13339572 0.96840054 -0.21072733
vn 0.13339572 0.96840054 -0.21072733
vn 0.13339572 0.96840054 -0.21072733
vn 0.13339572 0.96840054 -0.21072733
vn 0.16040599 0.97703642 -0.14024891
vn 0.16040599 0.97703642 -0.14024891
vn 0.16040599 0.97703642 -0.14024891
vn 0.16040599 0.97703642 -0.14024891
vn 0.20587321 0.97711682 0.05347084
vn 0.20587321 0.97711682 0.05347084
vn 0.20587321 0.97711682 0.05347084
vn 0.20587321 0.97711682 0.05347084
vn 0.21310525 0.96852225 0.12864983
vn 0.21310525 0.96852225 0.12864983
vn 0.21310525 0.96852225 0.12864983
vn 0.21310525 0.96852225 0.12864983
vn 0.00605271 0.00000000 0.99998164
vn 0.00605271 0.00000000 0.99998164
vn 0.00605271 0.00000000 0.99998164
vn 0.00605271 0.00000000 0.99998164
vn -0.32663894 -0.93490863 0.13875461
vn -0.32663894 -0.93490863 0.13875461
vn -0.32663894 -0.93490863 0.13875461
vn -0.32663894 -0.93490863 0.13875461
vn -0.33244115 -0.93786794 0.09943067
vn -0.33244115 -0.93786794 0.09943067
vn -0.33244115 -0.93786794 0.09943067
vn -0.33244115 -0.93786794 0.09943067
vn -0.34178743 -0.93783939 0.06032228
vn -0.34178743 -0.93783939 0.06032228
vn -0.34178743 -0.93783939 0.06032228
vn -0.34178743 -0.93783939 0.06032228
vn -0.35437644 -0.93482947 0.02261063
vn -0.35437644 -0.93482947 0.02261063
vn -0.35437644 -0.93482947 0.02261063
vn -0.35437644 -0.93482947 0.02261063
vn -0.44327456 0.00000000 -0.89638591
vn -0.44327456 0.00000000 -0.89638591
vn -0.44327456 0.00000000 -0.89638591
vn -0.44327456 0.00000000 -0.89638591
vn 0.11935513 0.96414757 -0.23700999
vn 0.11935513 0.96414757 -0.23700999
vn 0.11935513 0.96414757 -0.23700999
vn 0.11935513 0.96414757 -0.23700999
vn 0.15803437 0.97489619 -0.15685175
vn 0.15803437 0.97489619 -0.15685175
vn 0.15803437 0.97489619 -0.15685175
vn 0.15803437 0.97489619 -0.15685175
vn 0.21535763 0.97414470 0.06828763
vn 0.21535763 0.97414470 0.06828763
vn 0.21535763 0.97414470 0.06828763
vn 0.21535763 0.97414470 0.06828763
vn 0.21907647 0.96306086 0.15658650
vn 0.21907647 0.96306086 0.15658650
vn 0.21907647 0.96306086 0.15658650
vn 0.21907647 0.96306086 0.15658650
vn 0.00605269 0.00000000 0.99998164
vn 0.00605269 0.00000000 0.99998164
vn 0.00605269 0.00000000 0.99998164
vn 0.00605269 0.00000000 0.99998164
vn -0.32609242 -0.93352532 0.14897713
vn -0.32609242 -0.93352532 0.14897713
vn -0.32609242 -0.93352532 0.14897713
vn -0.32609242 -0.93352532 0.14897713
vn -0.33081791 -0.93810338 0.10257450
vn -0.33081791 -0.93810338 0.10257450
vn -0.33081791 -0.93810338 0.10257450
vn -0.33081791 -0.93810338 0.10257450
vn -0.34097487 -0.93836725 0.05659454
vn -0.34097487 -0.93836725 0.05659454
vn -0.34097487 -0.93836725 0.05659454
vn -0.34097487 -0.93836725 0.05659454
vn -0.35637885 -0.93425566 0.01267187
vn -0.35637885 -0.93425566 0.01267187
vn -0.35637885 -0.93425566 0.01267187
vn -0.35637885 -0.93425566 0.01267187
vn -0.44327423 0.00000000 -0.89638597
vn -0.44327423 0.00000000 -0.89638597
vn -0.44327423 0.00000000 -0.89638597
vn -0.44327423 0.00000000 -0.89638597
vn 0.97305876 -0.00000015 -0.23055738
vn 0.97305876 -0.00000015 -0.23055738
vn 0.97305876 -0.00000015 -0.23055738
vn 0.97305870 -0.00000028 -0.23055747
vn 0.97305870 -0.00000028 -0.23055747
vn 0.97305870 -0.00000028 -0.23055747
vn 0.97305864 -0.00000028 -0.23055753
vn 0.97305864 -0.00000028 -0.23055753
vn 0.97305864 -0.00000028 -0.23055753
vn 0.97305876 -0.00000045 -0.23055743
vn 0.97305876 -0.00000045 -0.23055743
vn 0.97305876 -0.00000045 -0.23055743
vn 0.97305870 0.00000000 -0.23055755
vn 0.97305870 0.00000000 -0.23055755
vn 0.97305870 0.00000000 -0.23055755
vn 0.97305876 0.00000053 -0.23055740
vn 0.97305876 0.00000053 -0.23055740
vn 0.97305876 0.00000053 -0.23055740
vn 0.97305870 0.00000032 -0.23055750
vn 0.97305870 0.00000032 -0.23055750
vn 0.97305870 0.00000032 -0.23055750
vn 0.97305870 0.00000032 -0.23055750
vn 0.97305870 0.00000032 -0.23055750
vn 0.97305870 0.00000032 -0.23055750
vn 0.97305870 0.00000018 -0.23055738
vn 0.97305870 0.00000018 -0.23055738
vn 0.97305870 0.00000018 -0.23055738
vn 0.97305876 0.00000000 -0.23055731
vn 0.97305876 0.00000000 -0.23055731
vn 0.97305876 0.00000000 -0.23055731
vn -0.97305888 -0.00000074 0.23055717
vn -0.97305888 -0.00000074 0.23055717
vn -0.97305888 -0.00000074 0.23055717
vn -0.97305858 0.00000009 0.23055822
vn -0.97305858 0.00000009 0.23055822
vn -0.97305858 0.00000009 0.23055822
vn -0.97305858 0.00000009 0.23055822
vn -0.97305858 0.00000009 0.23055822
vn -0.97305858 0.00000009 0.23055822
vn -0.97305888 0.00000087 0.23055720
vn -0.97305888 0.00000087 0.23055720
vn -0.97305888 0.00000087 0.23055720
vn -0.97305876 -0.00000000 0.23055770
vn -0.97305876 -0.00000000 0.23055770
vn -0.97305876 -0.00000000 0.23055770
vn -0.97305882 -0.00000098 0.23055707
vn -0.97305882 -0.00000098 0.23055707
vn -0.97305882 -0.00000098 0.23055707
vn -0.97305852 -0.00000009 0.23055822
vn -0.97305852 -0.00000009 0.23055822
vn -0.97305852 -0.00000009 0.23055822
vn -0.97305858 -0.00000009 0.23055822
vn -0.97305858 -0.00000009 0.23055822
vn -0.97305858 -0.00000009 0.23055822
vn -0.97305882 0.00000083 0.23055707
vn -0.97305882 0.00000083 0.23055707
vn -0.97305882 0.00000083 0.23055707
vn -0.97305870 -0.00000000 0.23055755
vn -0.97305870 -0.00000000 0.23055755
vn -0.97305870 -0.00000000 0.23055755
vn 0.46644226 0.88229471 -0.06314828
vn 0.46644226 0.88229471 -0.06314828
vn 0.46644226 0.88229471 -0.06314828
vn 0.46644226 0.88229471 -0.06314828
vn 0.44850242 0.89375615 0.00673865
vn 0.44850242 0.89375615 0.00673865
vn 0.44850242 0.89375615 0.00673865
vn 0.44850242 0.89375615 0.00673865
vn 0.40236029 0.89448428 0.19494671
vn 0.40236029 0.89448428 0.19494671
vn 0.40236029 0.89448428 0.19494671
vn 0.40236029 0.89448428 0.19494671
vn 0.38610876 0.88345522 0.26538089
vn 0.38610876 0.88345522 0.26538089
vn 0.38610876 0.88345522 0.26538089
vn 0.38610876 0.88345522 0.26538089
vn -0.00605273 0.00000000 0.99998164
vn -0.00605273 0.00000000 0.99998164
vn -0.00605273 0.00000000 0.99998164
vn -0.00605273 0.00000000 0.99998164
vn -0.29376665 -0.95587295 -0.00284227
vn -0.29376665 -0.95587295 -0.00284227
vn -0.29376665 -0.95587295 -0.00284227
vn -0.29376665 -0.95587295 -0.00284227
vn -0.28858703 -0.95634997 -0.04595697
vn -0.28858703 -0.95634997 -0.04595697
vn -0.28858703 -0.95634997 -0.04595697
vn -0.28858703 -0.95634997 -0.04595697
vn -0.27890089 -0.95623314 -0.08850144
vn -0.27890089 -0.95623314 -0.08850144
vn -0.27890089 -0.95623314 -0.08850144
vn -0.27890089 -0.95623314 -0.08850144
vn -0.26484454 -0.95555681 -0.12949345
vn -0.26484454 -0.95555681 -0.12949345
vn -0.26484454 -0.95555681 -0.12949345
vn -0.26484454 -0.95555681 -0.12949345
vn 0.44327438 0.00000000 -0.89638597
vn 0.44327438 0.00000000 -0.89638597
vn 0.44327438 0.00000000 -0.89638597
vn 0.44327438 0.00000000 -0.89638597
vn 0.46178079 0.88518888 -0.05656008
vn 0.46178079 0.88518888 -0.05656008
vn 0.46178079 0.88518888 -0.05656008
vn 0.46178079 0.88518888 -0.05656008
vn 0.44319826 0.89636868 0.00992452
vn 0.44319826 0.89636868 0.00992452
vn 0.44319826 0.89636868 0.00992452
vn 0.44319826 0.89636868 0.00992452
vn 0.40033305 0.89646602 0.18995294
vn 0.40033305 0.89646602 0.18995294
vn 0.40033305 0.89646602 0.18995294
vn 0.40033305 0.89646602 0.18995294
vn 0.38698453 0.88534480 0.25769660
vn 0.38698453 0.88534480 0.25769660
vn 0.38698453 0.88534480 0.25769660
vn 0.38698453 0.88534480 0.25769660
vn -0.00605271 0.00000000 0.99998170
vn -0.00605271 0.00000000 0.99998170
vn -0.00605271 0.00000000 0.99998170
vn -0.00605271 0.00000000 0.99998170
vn -0.29463154 -0.95559067 -0.00623178
vn -0.29463154 -0.95559067 -0.00623178
vn -0.29463154 -0.95559067 -0.00623178
vn -0.29463154 -0.95559067 -0.00623178
vn -0.28997770 -0.95586079 -0.04736081
vn -0.28997770 -0.95586079 -0.04736081
vn -0.28997770 -0.95586079 -0.04736081
vn -0.28997770 -0.95586079 -0.04736081
vn -0.28044960 -0.95584506 -0.08779646
vn -0.28044960 -0.95584506 -0.08779646
vn -0.28044960 -0.95584506 -0.08779646
vn -0.28044960 -0.95584506 -0.08779646
vn -0.26624304 -0.95554799 -0.12665951
vn -0.26624304 -0.95554799 -0.12665951
vn -0.26624304 -0.95554799 -0.12665951
vn -0.26624304 -0.95554799 -0.12665951
vn 0.44327450 0.00000000 -0.89638585
vn 0.44327450 0.00000000 -0.89638585
vn 0.44327450 0.00000000 -0.89638585
vn 0.44327450 0.00000000 -0.89638585
vn 0.45845190 0.88698858 -0.05543600
vn 0.45845190 0.88698858 -0.05543600
vn 0.45845190 0.88698858 -0.05543600
vn 0.45845190 0.88698858 -0.05543600
vn 0.43835387 0.89874887 0.00981391
vn 0.43835387 0.89874887 0.00981391
vn 0.43835387 0.89874887 0.00981391
vn 0.43835387 0.89874887 0.00981391
vn 0.39762792 0.89804035 0.18819016
vn 0.39762792 0.89804035 0.18819016
vn 0.39762792 0.89804035 0.18819016
vn 0.39762792 0.89804035 0.18819016
vn 0.38721904 0.88585013 0.25559920
vn 0.38721904 0.88585013 0.25559920
vn 0.38721904 0.88585013 0.25559920
vn 0.38721904 0.88585013 0.25559920
vn -0.00605269 0.00000000 0.99998164
vn -0.00605269 0.00000000 0.99998164
vn -0.00605269 0.00000000 0.99998164
vn -0.00605269 0.00000000 0.99998164
vn -0.29576570 -0.95523196 -0.00738434
vn -0.29576570 -0.95523196 -0.00738434
vn -0.29576570 -0.95523196 -0.00738434
vn -0.29576570 -0.95523196 -0.00738434
vn -0.29158214 -0.95533866 -0.04804081
vn -0.29158214 -0.95533866 -0.04804081
vn -0.29158214 -0.95533866 -0.04804081
vn -0.29158214 -0.95533866 -0.04804081
vn -0.28177270 -0.95545435 -0.08781293
vn -0.28177270 -0.95545435 -0.08781293
vn -0.28177270 -0.95545435 -0.08781293
vn -0.28177270 -0.95545435 -0.08781293
vn -0.26662257 -0.95554405 -0.12588869
vn -0.26662257 -0.95554405 -0.12588869
vn -0.26662257 -0.95554405 -0.12588869
vn -0.26662257 -0.95554405 -0.12588869
vn 0.44327432 0.00000000 -0.89638603
vn 0.44327432 0.00000000 -0.89638603
vn 0.44327432 0.00000000 -0.89638603
vn 0.44327432 0.00000000 -0.89638603
vn -0.97305876 -0.00000015 -0.23055738
vn -0.97305876 -0.00000015 -0.23055738
vn -0.97305876 -0.00000015 -0.23055738
vn -0.97305870 -0.00000028 -0.23055746
vn -0.97305870 -0.00000028 -0.23055746
vn -0.97305870 -0.00000028 -0.23055746
vn -0.97305870 -0.00000028 -0.23055753
vn -0.97305870 -0.00000028 -0.23055753
vn -0.97305870 -0.00000028 -0.23055753
vn -0.97305876 -0.00000045 -0.23055743
vn -0.97305876 -0.00000045 -0.23055743
vn -0.97305876 -0.00000045 -0.23055743
vn -0.97305870 -0.00000000 -0.23055758
vn -0.97305870 -0.00000000 -0.23055758
vn -0.97305870 -0.00000000 -0.23055758
vn -0.97305876 0.00000053 -0.23055735
vn -0.97305876 0.00000053 -0.23055735
vn -0.97305876 0.00000053 -0.23055735
vn -0.97305876 0.00000032 -0.23055752
vn -0.97305876 0.00000032 -0.23055752
vn -0.97305876 0.00000032 -0.23055752
vn -0.97305876 0.00000032 -0.23055750
vn -0.97305876 0.00000032 -0.23055750
vn -0.97305876 0.00000032 -0.23055750
vn -0.97305870 0.00000018 -0.23055735
vn -0.97305870 0.00000018 -0.23055735
vn -0.97305870 0.00000018 -0.23055735
vn -0.97305876 -0.00000000 -0.23055731
vn -0.97305876 -0.00000000 -0.23055731
vn -0.97305876 -0.00000000 -0.23055731
vn 0.97305882 -0.00000074 0.23055713
vn 0.97305882 -0.00000074 0.23055713
vn 0.97305882 -0.00000074 0.23055713
vn 0.97305852 0.00000009 0.23055822
vn 0.97305852 0.00000009 0.23055822
vn 0.97305852 0.00000009 0.23055822
vn 0.97305852 0.00000009 0.23055822
vn 0.97305852 0.00000009 0.23055822
vn 0.97305852 0.00000009 0.23055822
vn 0.97305888 0.00000087 0.23055716
vn 0.97305888 0.00000087 0.23055716
vn 0.97305888 0.00000087 0.23055716
vn 0.97305876 0.00000000 0.23055770
vn 0.97305876 0.00000000 0.23055770
vn 0.97305876 0.00000000 0.23055770
vn 0.97305876 -0.00000098 0.23055704
vn 0.97305876 -0.00000098 0.23055704
vn 0.97305876 -0.00000098 0.23055704
vn 0.97305852 -0.00000009 0.23055820
vn 0.97305852 -0.00000009 0.23055820
vn 0.97305852 -0.00000009 0.23055820
vn 0.97305852 -0.00000009 0.23055820
vn 0.97305852 -0.00000009 0.23055820
vn 0.97305852 -0.00000009 0.23055820
vn 0.97305882 0.00000083 0.23055704
vn 0.97305882 0.00000083 0.23055704
vn 0.97305882 0.00000083 0.23055704
vn 0.97305870 0.00000000 0.23055755
vn 0.97305870 0.00000000 0.23055755
vn 0.97305870 0.00000000 0.23055755
vn -0.46146911 0.88534486 -0.05666324
vn -0.46146911 0.88534486 -0.05666324
vn -0.46146911 0.88534486 -0.05666324
vn -0.46146911 0.88534486 -0.05666324
vn -0.44576010 0.89508891 0.01066736
vn -0.44576010 0.89508891 0.01066736
vn -0.44576010 0.89508891 0.01066736
vn -0.44576010 0.89508891 0.01066736
vn -0.40507901 0.89414454 0.19083117
vn -0.40507901 0.89414454 0.19083117
vn -0.40507901 0.89414454 0.19083117
vn -0.40507901 0.89414454 0.19083117
vn -0.39011261 0.88383716 0.25815508
vn -0.39011261 0.88383716 0.25815508
vn -0.39011261 0.88383716 0.25815508
vn -0.39011261 0.88383716 0.25815508
vn 0.00605273 0.00000000 0.99998170
vn 0.00605273 0.00000000 0.99998170
vn 0.00605273 0.00000000 0.99998170
vn 0.00605273 0.00000000 0.99998170
vn 0.29476881 -0.95554799 -0.00626715
vn 0.29476881 -0.95554799 -0.00626715
vn 0.29476881 -0.95554799 -0.00626715
vn 0.29476881 -0.95554799 -0.00626715
vn 0.28883791 -0.95621955 -0.04708267
vn 0.28883791 -0.95621955 -0.04708267
vn 0.28883791 -0.95621955 -0.04708267
vn 0.28883791 -0.95621955 -0.04708267
vn 0.27877158 -0.95637113 -0.08741062
vn 0.27877158 -0.95637113 -0.08741062
vn 0.27877158 -0.95637113 -0.08741062
vn 0.27877158 -0.95637113 -0.08741062
vn 0.26490390 -0.95595860 -0.12636954
vn 0.26490390 -0.95595860 -0.12636954
vn 0.26490390 -0.95595860 -0.12636954
vn 0.26490390 -0.95595860 -0.12636954
vn -0.44327438 0.00000000 -0.89638603
vn -0.44327438 0.00000000 -0.89638603
vn -0.44327438 0.00000000 -0.89638603
vn -0.44327438 0.00000000 -0.89638603
vn -0.46073788 0.88585007 -0.05468374
vn -0.46073788 0.88585007 -0.05468374
vn -0.46073788 0.88585007 -0.05468374
vn -0.46073788 0.88585007 -0.05468374
vn -0.44264773 0.89662743 0.01105340
vn -0.44264773 0.89662743 0.01105340
vn -0.44264773 0.89662743 0.01105340
vn -0.44264773 0.89662743 0.01105340
vn -0.40086809 0.89647186 0.18879341
vn -0.40086809 0.89647186 0.18879341
vn -0.40086809 0.89647186 0.18879341
vn -0.40086809 0.89647186 0.18879341
vn -0.38773844 0.88560069 0.25567609
vn -0.38773844 0.88560069 0.25567609
vn -0.38773844 0.88560069 0.25567609
vn -0.38773844 0.88560069 0.25567609
vn 0.00605271 0.00000000 0.99998170
vn 0.00605271 0.00000000 0.99998170
vn 0.00605271 0.00000000 0.99998170
vn 0.00605271 0.00000000 0.99998170
vn 0.29476246 -0.95554405 -0.00712615
vn 0.29476246 -0.95554405 -0.00712615
vn 0.29476246 -0.95554405 -0.00712615
vn 0.29476246 -0.95554405 -0.00712615
vn 0.28999445 -0.95584118 -0.04765345
vn 0.28999445 -0.95584118 -0.04765345
vn 0.28999445 -0.95584118 -0.04765345
vn 0.28999445 -0.95584118 -0.04765345
vn 0.28046593 -0.95586634 -0.08751237
vn 0.28046593 -0.95586634 -0.08751237
vn 0.28046593 -0.95586634 -0.08751237
vn 0.28046593 -0.95586634 -0.08751237
vn 0.26640114 -0.95561212 -0.12584066
vn 0.26640114 -0.95561212 -0.12584066
vn 0.26640114 -0.95561212 -0.12584066
vn 0.26640114 -0.95561212 -0.12584066
vn -0.44327450 0.00000000 -0.89638591
vn -0.44327450 0.00000000 -0.89638591
vn -0.44327450 0.00000000 -0.89638591
vn -0.44327450 0.00000000 -0.89638591
vn -0.46961349 0.87932193 -0.07909555
vn -0.46961349 0.87932193 -0.07909555
vn -0.46961349 0.87932193 -0.07909555
vn -0.46961349 0.87932193 -0.07909555
vn -0.44416210 0.89593524 -0.00449507
vn -0.44416210 0.89593524 -0.00449507
vn -0.44416210 0.89593524 -0.00449507
vn -0.44416210 0.89593524 -0.00449507
vn -0.39195126 0.89735973 0.20277992
vn -0.39195126 0.89735973 0.20277992
vn -0.39195126 0.89735973 0.20277992
vn -0.39195126 0.89735973 0.20277992
vn -0.37941965 0.88159811 0.28075862
vn -0.37941965 0.88159811 0.28075862
vn -0.37941965 0.88159811 0.28075862
vn -0.37941965 0.88159811 0.28075862
vn 0.00605269 0.00000000 0.99998164
vn 0.00605269 0.00000000 0.99998164
vn 0.00605269 0.00000000 0.99998164
vn 0.00605269 0.00000000 0.99998164
vn 0.29482689 -0.95554399 0.00354763
vn 0.29482689 -0.95554399 0.00354763
vn 0.29482689 -0.95554399 0.00354763
vn 0.29482689 -0.95554399 0.00354763
vn 0.29162836 -0.95549792 -0.04446044
vn 0.29162836 -0.95549792 -0.04446044
vn 0.29162836 -0.95549792 -0.04446044
vn 0.29162836 -0.95549792 -0.04446044
vn 0.28131187 -0.95526457 -0.09128714
vn 0.28131187 -0.95526457 -0.09128714
vn 0.28131187 -0.95526457 -0.09128714
vn 0.28131187 -0.95526457 -0.09128714
vn 0.26393822 -0.95491862 -0.13589370
vn 0.26393822 -0.95491862 -0.13589370
vn 0.26393822 -0.95491862 -0.13589370
vn 0.26393822 -0.95491862 -0.13589370
vn -0.44327432 0.00000000 -0.89638597
vn -0.44327432 0.00000000 -0.89638597
vn -0.44327432 0.00000000 -0.89638597
vn -0.44327432 0.00000000 -0.89638597
vn 0.97305876 -0.00000015 -0.23055738
vn 0.97305876 -0.00000015 -0.23055738
vn 0.97305876 -0.00000015 -0.23055738
vn 0.97305870 -0.00000028 -0.23055746
vn 0.97305870 -0.00000028 -0.23055746
vn 0.97305870 -0.00000028 -0.23055746
vn 0.97305870 -0.00000028 -0.23055753
vn 0.97305870 -0.00000028 -0.23055753
vn 0.97305870 -0.00000028 -0.23055753
vn 0.97305876 -0.00000045 -0.23055743
vn 0.97305876 -0.00000045 -0.23055743
vn 0.97305876 -0.00000045 -0.23055743
vn 0.97305870 0.00000000 -0.23055758
vn 0.97305870 0.00000000 -0.23055758
vn 0.97305870 0.00000000 -0.23055758
vn 0.97305876 0.00000053 -0.23055735
vn 0.97305876 0.00000053 -0.23055735
vn 0.97305876 0.00000053 -0.23055735
vn 0.97305876 0.00000032 -0.23055752
vn 0.97305876 0.00000032 -0.23055752
vn 0.97305876 0.00000032 -0.23055752
vn 0.97305876 0.00000032 -0.23055750
vn 0.97305876 0.00000032 -0.23055750
vn 0.97305876 0.00000032 -0.23055750
vn 0.97305870 0.00000018 -0.23055735
vn 0.97305870 0.00000018 -0.23055735
vn 0.97305870 0.00000018 -0.23055735
vn 0.97305876 0.00000000 -0.23055731
vn 0.97305876 0.00000000 -0.23055731
vn 0.97305876 0.00000000 -0.23055731
vn -0.97305882 -0.00000074 0.23055713
vn -0.97305882 -0.00000074 0.23055713
vn -0.97305882 -0.00000074 0.23055713
vn -0.97305852 0.00000009 0.23055822
vn -0.97305852 0.00000009 0.23055822
vn -0.97305852 0.00000009 0.23055822
vn -0.97305852 0.00000009 0.23055822
vn -0.97305852 0.00000009 0.23055822
vn -0.97305852 0.00000009 0.23055822
vn -0.97305888 0.00000087 0.23055716
vn -0.97305888 0.00000087 0.23055716
vn -0.97305888 0.00000087 0.23055716
vn -0.97305876 -0.00000000 0.23055770
vn -0.97305876 -0.00000000 0.23055770
vn -0.97305876 -0.00000000 0.23055770
vn -0.97305876 -0.00000098 0.23055704
vn -0.97305876 -0.00000098 0.23055704
vn -0.97305876 -0.00000098 0.23055704
vn -0.97305852 -0.00000009 0.23055820
vn -0.97305852 -0.00000009 0.23055820
vn -0.97305852 -0.00000009 0.23055820
vn -0.97305852 -0.00000009 0.23055820
vn -0.97305852 -0.00000009 0.23055820
vn -0.97305852 -0.00000009 0.23055820
vn -0.97305882 0.00000083 0.23055704
vn -0.97305882 0.00000083 0.23055704
vn -0.97305882 0.00000083 0.23055704
vn -0.97305870 -0.00000000 0.23055755
vn -0.97305870 -0.00000000 0.23055755
vn -0.97305870 -0.00000000 0.23055755
vn 0.46325850 0.72927177 -0.50354165
vn 0.46325850 0.72927177 -0.50354165
vn 0.46325850 0.72927177 -0.50354165
vn 0.46325850 0.72927177 -0.50354165
vn 0.14349948 0.95692927 -0.25237730
vn 0.14349948 0.95692927 -0.25237730
vn 0.14349948 0.95692927 -0.25237730
vn 0.14349948 0.95692927 -0.25237730
vn 0.00000000 0.97798592 -0.20867035
vn 0.00000000 0.97798592 -0.20867035
vn 0.00000000 0.97798592 -0.20867035
vn 0.00000000 0.97798592 -0.20867035
vn -0.14349946 0.95692927 -0.25237715
vn -0.14349946 0.95692927 -0.25237715
vn -0.14349946 0.95692927 -0.25237715
vn -0.14349946 0.95692927 -0.25237715
vn -0.46325856 0.72927159 -0.50354201
vn -0.46325856 0.72927159 -0.50354201
vn -0.46325856 0.72927159 -0.50354201
vn -0.46325856 0.72927159 -0.50354201
vn -0.46325833 -0.72927183 -0.50354165
vn -0.46325833 -0.72927183 -0.50354165
vn -0.46325833 -0.72927183 -0.50354165
vn -0.46325833 -0.72927183 -0.50354165
vn -0.14349940 -0.95692933 -0.25237721
vn -0.14349940 -0.95692933 -0.25237721
vn -0.14349940 -0.95692933 -0.25237721
vn -0.14349940 -0.95692933 -0.25237721
vn 0.00000000 -0.97798598 -0.20867036
vn 0.00000000 -0.97798598 -0.20867036
vn 0.00000000 -0.97798598 -0.20867036
vn 0.00000000 -0.97798598 -0.20867036
vn 0.14349952 -0.95692921 -0.25237733
vn 0.14349952 -0.95692921 -0.25237733
vn 0.14349952 -0.95692921 -0.25237733
vn 0.14349952 -0.95692921 -0.25237733
vn 0.46325833 -0.72927183 -0.50354171
vn 0.46325833 -0.72927183 -0.50354171
vn 0.46325833 -0.72927183 -0.50354171
vn 0.46325833 -0.72927183 -0.50354171
vn 0.52891338 0.83262819 -0.16425894
vn 0.52891338 0.83262819 -0.16425894
vn 0.52891338 0.83262819 -0.16425894
vn 0.52891338 0.83262819 -0.16425894
vn 0.14789020 0.98620784 -0.07431412
vn 0.14789020 0.98620784 -0.07431412
vn 0.14789020 0.98620784 -0.07431412
vn 0.14789020 0.98620784 -0.07431412
vn 0.00000000 0.99814695 -0.06084923
vn 0.00000000 0.99814695 -0.06084923
vn 0.00000000 0.99814695 -0.06084923
vn 0.00000000 0.99814695 -0.06084923
vn -0.14789020 0.98620790 -0.07431421
vn -0.14789020 0.98620790 -0.07431421
vn -0.14789020 0.98620790 -0.07431421
vn -0.14789020 0.98620790 -0.07431421
vn -0.52891356 0.83262807 -0.16425891
vn -0.52891356 0.83262807 -0.16425891
vn -0.52891356 0.83262807 -0.16425891
vn -0.52891356 0.83262807 -0.16425891
vn -0.52891350 -0.83262813 -0.16425884
vn -0.52891350 -0.83262813 -0.16425884
vn -0.52891350 -0.83262813 -0.16425884
vn -0.52891350 -0.83262813 -0.16425884
vn -0.14788996 -0.98620784 -0.07431410
vn -0.14788996 -0.98620784 -0.07431410
vn -0.14788996 -0.98620784 -0.07431410
vn -0.14788996 -0.98620784 -0.07431410
vn 0.00000000 -0.99814689 -0.06084923
vn 0.00000000 -0.99814689 -0.06084923
vn 0.00000000 -0.99814689 -0.06084923
vn 0.00000000 -0.99814689 -0.06084923
vn 0.14789009 -0.98620790 -0.07431401
vn 0.14789009 -0.98620790 -0.07431401
vn 0.14789009 -0.98620790 -0.07431401
vn 0.14789009 -0.98620790 -0.07431401
vn 0.52891350 -0.83262813 -0.16425888
vn 0.52891350 -0.83262813 -0.16425888
vn 0.52891350 -0.83262813 -0.16425888
vn 0.52891350 -0.83262813 -0.16425888
vn 0.52702832 0.82966036 0.18413267
vn 0.52702832 0.82966036 0.18413267
vn 0.52702832 0.82966036 0.18413267
vn 0.52702832 0.82966036 0.18413267
vn 0.14778177 0.98548532 0.08354216
vn 0.14778177 0.98548532 0.08354216
vn 0.14778177 0.98548532 0.08354216
vn 0.14778177 0.98548532 0.08354216
vn 0.00000000 0.99765652 0.06842177
vn 0.00000000 0.99765652 0.06842177
vn 0.00000000 0.99765652 0.06842177
vn 0.00000000 0.99765652 0.06842177
vn -0.14778177 0.98548532 0.08354214
vn -0.14778177 0.98548532 0.08354214
vn -0.14778177 0.98548532 0.08354214
vn -0.14778177 0.98548532 0.08354214
vn -0.52702844 0.82966024 0.18413274
vn -0.52702844 0.82966024 0.18413274
vn -0.52702844 0.82966024 0.18413274
vn -0.52702844 0.82966024 0.18413274
vn -0.52702814 -0.82966048 0.18413261
vn -0.52702814 -0.82966048 0.18413261
vn -0.52702814 -0.82966048 0.18413261
vn -0.52702814 -0.82966048 0.18413261
vn -0.14778171 -0.98548532 0.08354215
vn -0.14778171 -0.98548532 0.08354215
vn -0.14778171 -0.98548532 0.08354215
vn -0.14778171 -0.98548532 0.08354215
vn 0.00000000 -0.99765652 0.06842178
vn 0.00000000 -0.99765652 0.06842178
vn 0.00000000 -0.99765652 0.06842178
vn 0.00000000 -0.99765652 0.06842178
vn 0.14778185 -0.98548532 0.08354214
vn 0.14778185 -0.98548532 0.08354214
vn 0.14778185 -0.98548532 0.08354214
vn 0.14778185 -0.98548532 0.08354214
vn 0.52702814 -0.82966048 0.18413265
vn 0.52702814 -0.82966048 0.18413265
vn 0.52702814 -0.82966048 0.18413265
vn 0.52702814 -0.82966048 0.18413265
vn 0.46325836 0.72927201 0.50354159
vn 0.46325836 0.72927201 0.50354159
vn 0.46325836 0.72927201 0.50354159
vn 0.46325836 0.72927201 0.50354159
vn 0.14349952 0.95692933 0.25237727
vn 0.14349952 0.95692933 0.25237727
vn 0.14349952 0.95692933 0.25237727
vn 0.14349952 0.95692933 0.25237727
vn 0.00000000 0.97798604 0.20867032
vn 0.00000000 0.97798604 0.20867032
vn 0.00000000 0.97798604 0.20867032
vn 0.00000000 0.97798604 0.20867032
vn -0.14349952 0.95692933 0.25237733
vn -0.14349952 0.95692933 0.25237733
vn -0.14349952 0.95692933 0.25237733
vn -0.14349952 0.95692933 0.25237733
vn -0.46325842 0.72927183 0.50354165
vn -0.46325842 0.72927183 0.50354165
vn -0.46325842 0.72927183 0.50354165
vn -0.46325842 0.72927183 0.50354165
vn -0.46325824 -0.72927213 0.50354147
vn -0.46325824 -0.72927213 0.50354147
vn -0.46325824 -0.72927213 0.50354147
vn -0.46325824 -0.72927213 0.50354147
vn -0.14349945 -0.95692933 0.25237718
vn -0.14349945 -0.95692933 0.25237718
vn -0.14349945 -0.95692933 0.25237718
vn -0.14349945 -0.95692933 0.25237718
vn 0.00000000 -0.97798598 0.20867030
vn 0.00000000 -0.97798598 0.20867030
vn 0.00000000 -0.97798598 0.20867030
vn 0.00000000 -0.97798598 0.20867030
vn 0.14349957 -0.95692921 0.25237733
vn 0.14349957 -0.95692921 0.25237733
vn 0.14349957 -0.95692921 0.25237733
vn 0.14349957 -0.95692921 0.25237733
vn 0.46325824 -0.72927213 0.50354141
vn 0.46325824 -0.72927213 0.50354141
vn 0.46325824 -0.72927213 0.50354141
vn 0.46325824 -0.72927213 0.50354141
vn 0.00000018 0.00000029 -1.00000000
vn 0.00000018 0.00000029 -1.00000000
vn 0.00000018 0.00000029 -1.00000000
vn 0.00000011 0.00000075 -1.00000000
vn 0.00000011 0.00000075 -1.00000000
vn 0.00000011 0.00000075 -1.00000000
vn -0.00000000 0.00000093 -1.00000000
vn -0.00000000 0.00000093 -1.00000000
vn -0.00000000 0.00000093 -1.00000000
vn -0.00000011 0.00000075 -1.00000000
vn -0.00000011 0.00000075 -1.00000000
vn -0.00000011 0.00000075 -1.00000000
vn -0.00000018 0.00000029 -0.99999994
vn -0.00000018 0.00000029 -0.99999994
vn -0.00000018 0.00000029 -0.99999994
vn -0.00000018 -0.00000029 -1.00000000
vn -0.00000018 -0.00000029 -1.00000000
vn -0.00000018 -0.00000029 -1.00000000
vn -0.00000011 -0.00000075 -1.00000000
vn -0.00000011 -0.00000075 -1.00000000
vn -0.00000011 -0.00000075 -1.00000000
vn -0.00000000 -0.00000093 -1.00000000
vn -0.00000000 -0.00000093 -1.00000000
vn -0.00000000 -0.00000093 -1.00000000
vn 0.00000011 -0.00000075 -0.99999994
vn 0.00000011 -0.00000075 -0.99999994
vn 0.00000011 -0.00000075 -0.99999994
vn 0.00000018 -0.00000029 -1.00000000
vn 0.00000018 -0.00000029 -1.00000000
vn 0.00000018 -0.00000029 -1.00000000
vn 0.00000000 0.00000000 1.00000000
vn 0.00000000 0.00000000 1.00000000
vn 0.00000000 0.00000000 1.00000000
vn 0.00000000 0.00000000 1.00000000
vn 0.00000000 0.00000000 1.00000000
vn 0.00000000 0.00000000 1.00000000
vn 0.00000000 -0.00000000 1.00000000
vn 0.00000000 -0.00000000 1.00000000
vn 0.00000000 -0.00000000 1.00000000
vn 0.00000000 0.00000000 1.00000000
vn 0.00000000 0.00000000 1.00000000
vn 0.00000000 0.00000000 1.00000000
vn 0.00000000 0.00000000 1.00000000
vn 0.00000000 0.00000000 1.00000000
vn 0.00000000 0.00000000 1.00000000
vn 0.00000000 0.00000000 1.00000000
vn 0.00000000 0.00000000 1.00000000
vn 0.00000000 0.00000000 1.00000000
vn 0.00000000 0.00000000 1.00000000
vn 0.00000000 0.00000000 1.00000000
vn 0.00000000 0.00000000 1.00000000
vn 0.00000000 0.00000000 1.00000000
vn 0.00000000 0.00000000 1.00000000
vn 0.00000000 0.00000000 1.00000000
vn 0.00000000 0.00000000 1.00000000
vn 0.00000000 0.00000000 1.00000000
vn 0.00000000 0.00000000 1.00000000
vn -0.00000000 0.00000000 1.00000000
vn -0.00000000 0.00000000 1.00000000
vn -0.00000000 0.00000000 1.00000000
vn 0.00000000 -1.00000000 0.00000000
vn 0.00000000 -1.00000000 0.00000000
vn 0.00000000 -1.00000000 0.00000000
vn 0.00000000 -1.00000000 0.00000000
vn 0.99040484 -0.00000000 0.13819602
vn 0.99040484 -0.00000000 0.13819602
vn 0.99040484 -0.00000000 0.13819602
vn 0.99040484 -0.00000000 0.13819602
vn 0.00000000 1.00000000 0.00000000
vn 0.00000000 1.00000000 0.00000000
vn 0.00000000 1.00000000 0.00000000
vn 0.00000000 1.00000000 0.00000000
vn -0.99040484 0.00000000 0.13819602
vn -0.99040484 0.00000000 0.13819602
vn -0.99040484 0.00000000 0.13819602
vn -0.99040484 0.00000000 0.13819602
vn 0.00000000 0.00000000 -1.00000000
vn 0.00000000 0.00000000 -1.00000000
vn 0.00000000 0.00000000 -1.00000000
vn 0.00000000 0.00000000 -1.00000000
vn 0.00000000 0.00000000 1.00000000
vn 0.00000000 0.00000000 1.00000000
vn 0.00000000 0.00000000 1.00000000
vn 0.00000000 0.00000000 1.00000000
vn 0.76475686 0.34511778 -0.54409623
vn 0.76475686 0.34511778 -0.54409623
vn 0.76475686 0.34511778 -0.54409623
vn 0.76475686 0.34511778 -0.54409623
vn 0.40894520 0.78175664 -0.47076577
vn 0.40894520 0.78175664 -0.47076577
vn 0.40894520 0.78175664 -0.47076577
vn 0.40894520 0.78175664 -0.47076577
vn -0.00000012 0.89898914 -0.43797106
vn -0.00000012 0.89898914 -0.43797106
vn -0.00000012 0.89898914 -0.43797106
vn -0.00000012 0.89898914 -0.43797106
vn -0.40894514 0.78175664 -0.47076577
vn -0.40894514 0.78175664 -0.47076577
vn -0.40894514 0.78175664 -0.47076577
vn -0.40894514 0.78175664 -0.47076577
vn -0.76475704 0.34511787 -0.54409581
vn -0.76475704 0.34511787 -0.54409581
vn -0.76475704 0.34511787 -0.54409581
vn -0.76475704 0.34511787 -0.54409581
vn -0.76475686 -0.34511778 -0.54409623
vn -0.76475686 -0.34511778 -0.54409623
vn -0.76475686 -0.34511778 -0.54409623
vn -0.76475686 -0.34511778 -0.54409623
vn -0.40894526 -0.78175670 -0.47076550
vn -0.40894526 -0.78175670 -0.47076550
vn -0.40894526 -0.78175670 -0.47076550
vn -0.40894526 -0.78175670 -0.47076550
vn 0.00000024 -0.89898908 -0.43797106
vn 0.00000024 -0.89898908 -0.43797106
vn 0.00000024 -0.89898908 -0.43797106
vn 0.00000024 -0.89898908 -0.43797106
vn 0.40894523 -0.78175652 -0.47076586
vn 0.40894523 -0.78175652 -0.47076586
vn 0.40894523 -0.78175652 -0.47076586
vn 0.40894523 -0.78175652 -0.47076586
vn 0.76475710 -0.34511787 -0.54409587
vn 0.76475710 -0.34511787 -0.54409587
vn 0.76475710 -0.34511787 -0.54409587
vn 0.76475710 -0.34511787 -0.54409587
vn 0.89861673 0.40552503 -0.16744399
vn 0.89861673 0.40552503 -0.16744399
vn 0.89861673 0.40552503 -0.16744399
vn 0.89861673 0.40552503 -0.16744399
vn 0.45905983 0.87755799 -0.13840523
vn 0.45905983 0.87755799 -0.13840523
vn 0.45905983 0.87755799 -0.13840523
vn 0.45905983 0.87755799 -0.13840523
vn -0.00000008 0.99195772 -0.12656897
vn -0.00000008 0.99195772 -0.12656897
vn -0.00000008 0.99195772 -0.12656897
vn -0.00000008 0.99195772 -0.12656897
vn -0.45905983 0.87755799 -0.13840513
vn -0.45905983 0.87755799 -0.13840513
vn -0.45905983 0.87755799 -0.13840513
vn -0.45905983 0.87755799 -0.13840513
vn -0.89861673 0.40552503 -0.16744404
vn -0.89861673 0.40552503 -0.16744404
vn -0.89861673 0.40552503 -0.16744404
vn -0.89861673 0.40552503 -0.16744404
vn -0.89861667 -0.40552497 -0.16744396
vn -0.89861667 -0.40552497 -0.16744396
vn -0.89861667 -0.40552497 -0.16744396
vn -0.89861667 -0.40552497 -0.16744396
vn -0.45905945 -0.87755817 -0.13840526
vn -0.45905945 -0.87755817 -0.13840526
vn -0.45905945 -0.87755817 -0.13840526
vn -0.45905945 -0.87755817 -0.13840526
vn 0.00000016 -0.99195790 -0.12656900
vn 0.00000016 -0.99195790 -0.12656900
vn 0.00000016 -0.99195790 -0.12656900
vn 0.00000016 -0.99195790 -0.12656900
vn 0.45905989 -0.87755805 -0.13840514
vn 0.45905989 -0.87755805 -0.13840514
vn 0.45905989 -0.87755805 -0.13840514
vn 0.45905989 -0.87755805 -0.13840514
vn 0.89861667 -0.40552497 -0.16744407
vn 0.89861667 -0.40552497 -0.16744407
vn 0.89861667 -0.40552497 -0.16744407
vn 0.89861667 -0.40552497 -0.16744407
vn 0.88897610 0.40117455 0.22086343
vn 0.88897610 0.40117455 0.22086343
vn 0.88897610 0.40117455 0.22086343
vn 0.88897610 0.40117455 0.22086343
vn 0.45567790 0.87109262 0.18318065
vn 0.45567790 0.87109262 0.18318065
vn 0.45567790 0.87109262 0.18318065
vn 0.45567790 0.87109262 0.18318065
vn -0.00000007 0.98583519 0.16771699
vn -0.00000007 0.98583519 0.16771699
vn -0.00000007 0.98583519 0.16771699
vn -0.00000007 0.98583519 0.16771699
vn -0.45567796 0.87109274 0.18318063
vn -0.45567796 0.87109274 0.18318063
vn -0.45567796 0.87109274 0.18318063
vn -0.45567796 0.87109274 0.18318063
vn -0.88897610 0.40117455 0.22086321
vn -0.88897610 0.40117455 0.22086321
vn -0.88897610 0.40117455 0.22086321
vn -0.88897610 0.40117455 0.22086321
vn -0.88897610 -0.40117452 0.22086346
vn -0.88897610 -0.40117452 0.22086346
vn -0.88897610 -0.40117452 0.22086346
vn -0.88897610 -0.40117452 0.22086346
vn -0.45567760 -0.87109292 0.18318070
vn -0.45567760 -0.87109292 0.18318070
vn -0.45567760 -0.87109292 0.18318070
vn -0.45567760 -0.87109292 0.18318070
vn 0.00000014 -0.98583513 0.16771701
vn 0.00000014 -0.98583513 0.16771701
vn 0.00000014 -0.98583513 0.16771701
vn 0.00000014 -0.98583513 0.16771701
vn 0.45567784 -0.87109274 0.18318076
vn 0.45567784 -0.87109274 0.18318076
vn 0.45567784 -0.87109274 0.18318076
vn 0.45567784 -0.87109274 0.18318076
vn 0.88897610 -0.40117452 0.22086346
vn 0.88897610 -0.40117452 0.22086346
vn 0.88897610 -0.40117452 0.22086346
vn 0.88897610 -0.40117452 0.22086346
vn 0.77728677 0.35077167 0.52228773
vn 0.77728677 0.35077167 0.52228773
vn 0.77728677 0.35077167 0.52228773
vn 0.77728677 0.35077167 0.52228773
vn 0.41393006 0.79128593 0.45003173
vn 0.41393006 0.79128593 0.45003173
vn 0.41393006 0.79128593 0.45003173
vn 0.41393006 0.79128593 0.45003173
vn -0.00000008 0.90845042 0.41799250
vn -0.00000008 0.90845042 0.41799250
vn -0.00000008 0.90845042 0.41799250
vn -0.00000008 0.90845042 0.41799250
vn -0.41393006 0.79128593 0.45003176
vn -0.41393006 0.79128593 0.45003176
vn -0.41393006 0.79128593 0.45003176
vn -0.41393006 0.79128593 0.45003176
vn -0.77728665 0.35077202 0.52228779
vn -0.77728665 0.35077202 0.52228779
vn -0.77728665 0.35077202 0.52228779
vn -0.77728665 0.35077202 0.52228779
vn -0.77728665 -0.35077202 0.52228779
vn -0.77728665 -0.35077202 0.52228779
vn -0.77728665 -0.35077202 0.52228779
vn -0.77728665 -0.35077202 0.52228779
vn -0.41392973 -0.79128623 0.45003149
vn -0.41392973 -0.79128623 0.45003149
vn -0.41392973 -0.79128623 0.45003149
vn -0.41392973 -0.79128623 0.45003149
vn 0.00000008 -0.90845042 0.41799256
vn 0.00000008 -0.90845042 0.41799256
vn 0.00000008 -0.90845042 0.41799256
vn 0.00000008 -0.90845042 0.41799256
vn 0.41393012 -0.79128599 0.45003167
vn 0.41393012 -0.79128599 0.45003167
vn 0.41393012 -0.79128599 0.45003167
vn 0.41393012 -0.79128599 0.45003167
vn 0.77728677 -0.35077208 0.52228755
vn 0.77728677 -0.35077208 0.52228755
vn 0.77728677 -0.35077208 0.52228755
vn 0.77728677 -0.35077208 0.52228755
vn -0.00000000 -0.00000000 -0.99999994
vn -0.00000000 -0.00000000 -0.99999994
vn -0.00000000 -0.00000000 -0.99999994
vn -0.00000000 -0.00000000 -1.00000000
vn -0.00000000 -0.00000000 -1.00000000
vn -0.00000000 -0.00000000 -1.00000000
vn -0.00000000 0.00000000 -1.00000000
vn -0.00000000 0.00000000 -1.00000000
vn -0.00000000 0.00000000 -1.00000000
vn -0.00000000 -0.00000000 -1.00000000
vn -0.00000000 -0.00000000 -1.00000000
vn -0.00000000 -0.00000000 -1.00000000
vn -0.00000000 -0.00000000 -1.00000000
vn -0.00000000 -0.00000000 -1.00000000
vn -0.00000000 -0.00000000 -1.00000000
vn -0.00000000 -0.00000000 -0.99999994
vn -0.00000000 -0.00000000 -0.99999994
vn -0.00000000 -0.00000000 -0.99999994
vn -0.00000000 -0.00000000 -1.00000000
vn -0.00000000 -0.00000000 -1.00000000
vn -0.00000000 -0.00000000 -1.00000000
vn -0.00000000 -0.00000000 -1.00000000
vn -0.00000000 -0.00000000 -1.00000000
vn -0.00000000 -0.00000000 -1.00000000
vn -0.00000000 -0.00000000 -0.99999994
vn -0.00000000 -0.00000000 -0.99999994
vn -0.00000000 -0.00000000 -0.99999994
vn 0.00000000 -0.00000000 -1.00000000
vn 0.00000000 -0.00000000 -1.00000000
vn 0.00000000 -0.00000000 -1.00000000
vn 0.00000008 0.00000004 0.99999994
vn 0.00000008 0.00000004 0.99999994
vn 0.00000008 0.00000004 0.99999994
vn 0.00000005 0.00000010 0.99999994
vn 0.00000005 0.00000010 0.99999994
vn 0.00000005 0.00000010 0.99999994
vn -0.00000000 0.00000012 1.00000000
vn -0.00000000 0.00000012 1.00000000
vn -0.00000000 0.00000012 1.00000000
vn -0.00000005 0.00000010 1.00000000
vn -0.00000005 0.00000010 1.00000000
vn -0.00000005 0.00000010 1.00000000
vn -0.00000008 0.00000004 1.00000000
vn -0.00000008 0.00000004 1.00000000
vn -0.00000008 0.00000004 1.00000000
vn -0.00000008 -0.00000004 1.00000000
vn -0.00000008 -0.00000004 1.00000000
vn -0.00000008 -0.00000004 1.00000000
vn -0.00000005 -0.00000010 1.00000000
vn -0.00000005 -0.00000010 1.00000000
vn -0.00000005 -0.00000010 1.00000000
vn 0.00000000 -0.00000012 1.00000000
vn 0.00000000 -0.00000012 1.00000000
vn 0.00000000 -0.00000012 1.00000000
vn 0.00000005 -0.00000010 1.00000000
vn 0.00000005 -0.00000010 1.00000000
vn 0.00000005 -0.00000010 1.00000000
vn 0.00000008 -0.00000004 1.00000000
vn 0.00000008 -0.00000004 1.00000000
vn 0.00000008 -0.00000004 1.00000000
vn 0.76475692 0.34511754 -0.54409623
vn 0.76475692 0.34511754 -0.54409623
vn 0.76475692 0.34511754 -0.54409623
vn 0.76475692 0.34511754 -0.54409623
vn 0.40894526 0.78175664 -0.47076568
vn 0.40894526 0.78175664 -0.47076568
vn 0.40894526 0.78175664 -0.47076568
vn 0.40894526 0.78175664 -0.47076568
vn -0.00000024 0.89898908 -0.43797114
vn -0.00000024 0.89898908 -0.43797114
vn -0.00000024 0.89898908 -0.43797114
vn -0.00000024 0.89898908 -0.43797114
vn -0.40894511 0.78175670 -0.47076574
vn -0.40894511 0.78175670 -0.47076574
vn -0.40894511 0.78175670 -0.47076574
vn -0.40894511 0.78175670 -0.47076574
vn -0.76475704 0.34511787 -0.54409581
vn -0.76475704 0.34511787 -0.54409581
vn -0.76475704 0.34511787 -0.54409581
vn -0.76475704 0.34511787 -0.54409581
vn -0.76475686 -0.34511778 -0.54409623
vn -0.76475686 -0.34511778 -0.54409623
vn -0.76475686 -0.34511778 -0.54409623
vn -0.76475686 -0.34511778 -0.54409623
vn -0.40894502 -0.78175676 -0.47076568
vn -0.40894502 -0.78175676 -0.47076568
vn -0.40894502 -0.78175676 -0.47076568
vn -0.40894502 -0.78175676 -0.47076568
vn 0.00000024 -0.89898914 -0.43797106
vn 0.00000024 -0.89898914 -0.43797106
vn 0.00000024 -0.89898914 -0.43797106
vn 0.00000024 -0.89898914 -0.43797106
vn 0.40894523 -0.78175652 -0.47076577
vn 0.40894523 -0.78175652 -0.47076577
vn 0.40894523 -0.78175652 -0.47076577
vn 0.40894523 -0.78175652 -0.47076577
vn 0.76475698 -0.34511754 -0.54409605
vn 0.76475698 -0.34511754 -0.54409605
vn 0.76475698 -0.34511754 -0.54409605
vn 0.76475698 -0.34511754 -0.54409605
vn 0.89861655 0.40552515 -0.16744395
vn 0.89861655 0.40552515 -0.16744395
vn 0.89861655 0.40552515 -0.16744395
vn 0.89861655 0.40552515 -0.16744395
vn 0.45905977 0.87755811 -0.13840534
vn 0.45905977 0.87755811 -0.13840534
vn 0.45905977 0.87755811 -0.13840534
vn 0.45905977 0.87755811 -0.13840534
vn 0.00000000 0.99195778 -0.12656891
vn 0.00000000 0.99195778 -0.12656891
vn 0.00000000 0.99195778 -0.12656891
vn 0.00000000 0.99195778 -0.12656891
vn -0.45906010 0.87755793 -0.13840514
vn -0.45906010 0.87755793 -0.13840514
vn -0.45906010 0.87755793 -0.13840514
vn -0.45906010 0.87755793 -0.13840514
vn -0.89861673 0.40552503 -0.16744404
vn -0.89861673 0.40552503 -0.16744404
vn -0.89861673 0.40552503 -0.16744404
vn -0.89861673 0.40552503 -0.16744404
vn -0.89861667 -0.40552497 -0.16744396
vn -0.89861667 -0.40552497 -0.16744396
vn -0.89861667 -0.40552497 -0.16744396
vn -0.89861667 -0.40552497 -0.16744396
vn -0.45905957 -0.87755805 -0.13840519
vn -0.45905957 -0.87755805 -0.13840519
vn -0.45905957 -0.87755805 -0.13840519
vn -0.45905957 -0.87755805 -0.13840519
vn 0.00000016 -0.99195772 -0.12656905
vn 0.00000016 -0.99195772 -0.12656905
vn 0.00000016 -0.99195772 -0.12656905
vn 0.00000016 -0.99195772 -0.12656905
vn 0.45905986 -0.87755793 -0.13840511
vn 0.45905986 -0.87755793 -0.13840511
vn 0.45905986 -0.87755793 -0.13840511
vn 0.45905986 -0.87755793 -0.13840511
vn 0.89861655 -0.40552536 -0.16744404
vn 0.89861655 -0.40552536 -0.16744404
vn 0.89861655 -0.40552536 -0.16744404
vn 0.89861655 -0.40552536 -0.16744404
vn 0.88897592 0.40117463 0.22086360
vn 0.88897592 0.40117463 0.22086360
vn 0.88897592 0.40117463 0.22086360
vn 0.88897592 0.40117463 0.22086360
vn 0.45567787 0.87109262 0.18318069
vn 0.45567787 0.87109262 0.18318069
vn 0.45567787 0.87109262 0.18318069
vn 0.45567787 0.87109262 0.18318069
vn -0.00000014 0.98583519 0.16771695
vn -0.00000014 0.98583519 0.16771695
vn -0.00000014 0.98583519 0.16771695
vn -0.00000014 0.98583519 0.16771695
vn -0.45567793 0.87109274 0.18318059
vn -0.45567793 0.87109274 0.18318059
vn -0.45567793 0.87109274 0.18318059
vn -0.45567793 0.87109274 0.18318059
vn -0.88897604 0.40117452 0.22086346
vn -0.88897604 0.40117452 0.22086346
vn -0.88897604 0.40117452 0.22086346
vn -0.88897604 0.40117452 0.22086346
vn -0.88897604 -0.40117449 0.22086371
vn -0.88897604 -0.40117449 0.22086371
vn -0.88897604 -0.40117449 0.22086371
vn -0.88897604 -0.40117449 0.22086371
vn -0.45567763 -0.87109286 0.18318075
vn -0.45567763 -0.87109286 0.18318075
vn -0.45567763 -0.87109286 0.18318075
vn -0.45567763 -0.87109286 0.18318075
vn 0.00000014 -0.98583513 0.16771708
vn 0.00000014 -0.98583513 0.16771708
vn 0.00000014 -0.98583513 0.16771708
vn 0.00000014 -0.98583513 0.16771708
vn 0.45567790 -0.87109268 0.18318072
vn 0.45567790 -0.87109268 0.18318072
vn 0.45567790 -0.87109268 0.18318072
vn 0.45567790 -0.87109268 0.18318072
vn 0.88897586 -0.40117475 0.22086354
vn 0.88897586 -0.40117475 0.22086354
vn 0.88897586 -0.40117475 0.22086354
vn 0.88897586 -0.40117475 0.22086354
vn 0.77728677 0.35077187 0.52228761
vn 0.77728677 0.35077187 0.52228761
vn 0.77728677 0.35077187 0.52228761
vn 0.77728677 0.35077187 0.52228761
vn 0.41393006 0.79128587 0.45003164
vn 0.41393006 0.79128587 0.45003164
vn 0.41393006 0.79128587 0.45003164
vn 0.41393006 0.79128587 0.45003164
vn 0.00000000 0.90845042 0.41799250
vn 0.00000000 0.90845042 0.41799250
vn 0.00000000 0.90845042 0.41799250
vn 0.00000000 0.90845042 0.41799250
vn -0.41393006 0.79128581 0.45003170
vn -0.41393006 0.79128581 0.45003170
vn -0.41393006 0.79128581 0.45003170
vn -0.41393006 0.79128581 0.45003170
vn -0.77728683 0.35077170 0.52228755
vn -0.77728683 0.35077170 0.52228755
vn -0.77728683 0.35077170 0.52228755
vn -0.77728683 0.35077170 0.52228755
vn -0.77728677 -0.35077205 0.52228755
vn -0.77728677 -0.35077205 0.52228755
vn -0.77728677 -0.35077205 0.52228755
vn -0.77728677 -0.35077205 0.52228755
vn -0.41392988 -0.79128605 0.45003155
vn -0.41392988 -0.79128605 0.45003155
vn -0.41392988 -0.79128605 0.45003155
vn -0.41392988 -0.79128605 0.45003155
vn 0.00000015 -0.90845048 0.41799247
vn 0.00000015 -0.90845048 0.41799247
vn 0.00000015 -0.90845048 0.41799247
vn 0.00000015 -0.90845048 0.41799247
vn 0.41393006 -0.79128593 0.45003158
vn 0.41393006 -0.79128593 0.45003158
vn 0.41393006 -0.79128593 0.45003158
vn 0.41393006 -0.79128593 0.45003158
vn 0.77728677 -0.35077205 0.52228749
vn 0.77728677 -0.35077205 0.52228749
vn 0.77728677 -0.35077205 0.52228749
vn 0.77728677 -0.35077205 0.52228749
vn -0.00000032 -0.00000015 -0.99999994
vn -0.00000032 -0.00000015 -0.99999994
vn -0.00000032 -0.00000015 -0.99999994
vn -0.00000020 -0.00000038 -1.00000000
vn -0.00000020 -0.00000038 -1.00000000
vn -0.00000020 -0.00000038 -1.00000000
vn 0.00000000 -0.00000047 -0.99999994
vn 0.00000000 -0.00000047 -0.99999994
vn 0.00000000 -0.00000047 -0.99999994
vn 0.00000020 -0.00000038 -1.00000000
vn 0.00000020 -0.00000038 -1.00000000
vn 0.00000020 -0.00000038 -1.00000000
vn 0.00000032 -0.00000015 -0.99999994
vn 0.00000032 -0.00000015 -0.99999994
vn 0.00000032 -0.00000015 -0.99999994
vn 0.00000032 0.00000015 -1.00000000
vn 0.00000032 0.00000015 -1.00000000
vn 0.00000032 0.00000015 -1.00000000
vn 0.00000020 0.00000038 -1.00000000
vn 0.00000020 0.00000038 -1.00000000
vn 0.00000020 0.00000038 -1.00000000
vn -0.00000000 0.00000047 -1.00000000
vn -0.00000000 0.00000047 -1.00000000
vn -0.00000000 0.00000047 -1.00000000
vn -0.00000020 0.00000038 -1.00000000
vn -0.00000020 0.00000038 -1.00000000
vn -0.00000020 0.00000038 -1.00000000
vn -0.00000032 0.00000015 -0.99999994
vn -0.00000032 0.00000015 -0.99999994
vn -0.00000032 0.00000015 -0.99999994
vn 0.00000000 0.00000000 1.00000000
vn 0.00000000 0.00000000 1.00000000
vn 0.00000000 0.00000000 1.00000000
vn 0.00000000 0.00000000 1.00000000
vn 0.00000000 0.00000000 1.00000000
vn 0.00000000 0.00000000 1.00000000
vn 0.00000000 -0.00000000 1.00000000
vn 0.00000000 -0.00000000 1.00000000
vn 0.00000000 -0.00000000 1.00000000
vn 0.00000000 0.00000000 1.00000000
vn 0.00000000 0.00000000 1.00000000
vn 0.00000000 0.00000000 1.00000000
vn 0.00000000 0.00000000 1.00000000
vn 0.00000000 0.00000000 1.00000000
vn 0.00000000 0.00000000 1.00000000
vn 0.00000000 0.00000000 1.00000000
vn 0.00000000 0.00000000 1.00000000
vn 0.00000000 0.00000000 1.00000000
vn 0.00000000 0.00000000 0.99999994
vn 0.00000000 0.00000000 0.99999994
vn 0.00000000 0.00000000 0.99999994
vn 0.00000000 0.00000000 1.00000000
vn 0.00000000 0.00000000 1.00000000
vn 0.00000000 0.00000000 1.00000000
vn 0.00000000 0.00000000 1.00000000
vn 0.00000000 0.00000000 1.00000000
vn 0.00000000 0.00000000 1.00000000
vn -0.00000000 0.00000000 1.00000000
vn -0.00000000 0.00000000 1.00000000
vn -0.00000000 0.00000000 1.00000000
vn 0.76475686 0.34511778 -0.54409623
vn 0.76475686 0.34511778 -0.54409623
vn 0.76475686 0.34511778 -0.54409623
vn 0.76475686 0.34511778 -0.54409623
vn 0.40894526 0.78175664 -0.47076568
vn 0.40894526 0.78175664 -0.47076568
vn 0.40894526 0.78175664 -0.47076568
vn 0.40894526 0.78175664 -0.47076568
vn -0.00000024 0.89898908 -0.43797114
vn -0.00000024 0.89898908 -0.43797114
vn -0.00000024 0.89898908 -0.43797114
vn -0.00000024 0.89898908 -0.43797114
vn -0.40894511 0.78175670 -0.47076574
vn -0.40894511 0.78175670 -0.47076574
vn -0.40894511 0.78175670 -0.47076574
vn -0.40894511 0.78175670 -0.47076574
vn -0.76475704 0.34511760 -0.54409605
vn -0.76475704 0.34511760 -0.54409605
vn -0.76475704 0.34511760 -0.54409605
vn -0.76475704 0.34511760 -0.54409605
vn -0.76475704 -0.34511760 -0.54409611
vn -0.76475704 -0.34511760 -0.54409611
vn -0.76475704 -0.34511760 -0.54409611
vn -0.76475704 -0.34511760 -0.54409611
vn -0.40894502 -0.78175676 -0.47076568
vn -0.40894502 -0.78175676 -0.47076568
vn -0.40894502 -0.78175676 -0.47076568
vn -0.40894502 -0.78175676 -0.47076568
vn 0.00000024 -0.89898914 -0.43797106
vn 0.00000024 -0.89898914 -0.43797106
vn 0.00000024 -0.89898914 -0.43797106
vn 0.00000024 -0.89898914 -0.43797106
vn 0.40894523 -0.78175652 -0.47076586
vn 0.40894523 -0.78175652 -0.47076586
vn 0.40894523 -0.78175652 -0.47076586
vn 0.40894523 -0.78175652 -0.47076586
vn 0.76475710 -0.34511787 -0.54409587
vn 0.76475710 -0.34511787 -0.54409587
vn 0.76475710 -0.34511787 -0.54409587
vn 0.76475710 -0.34511787 -0.54409587
vn 0.89861667 0.40552497 -0.16744396
vn 0.89861667 0.40552497 -0.16744396
vn 0.89861667 0.40552497 -0.16744396
vn 0.89861667 0.40552497 -0.16744396
vn 0.45905977 0.87755811 -0.13840534
vn 0.45905977 0.87755811 -0.13840534
vn 0.45905977 0.87755811 -0.13840534
vn 0.45905977 0.87755811 -0.13840534
vn 0.00000000 0.99195778 -0.12656891
vn 0.00000000 0.99195778 -0.12656891
vn 0.00000000 0.99195778 -0.12656891
vn 0.00000000 0.99195778 -0.12656891
vn -0.45906010 0.87755793 -0.13840520
vn -0.45906010 0.87755793 -0.13840520
vn -0.45906010 0.87755793 -0.13840520
vn -0.45906010 0.87755793 -0.13840520
vn -0.89861661 0.40552521 -0.16744402
vn -0.89861661 0.40552521 -0.16744402
vn -0.89861661 0.40552521 -0.16744402
vn -0.89861661 0.40552521 -0.16744402
vn -0.89861655 -0.40552536 -0.16744398
vn -0.89861655 -0.40552536 -0.16744398
vn -0.89861655 -0.40552536 -0.16744398
vn -0.89861655 -0.40552536 -0.16744398
vn -0.45905969 -0.87755811 -0.13840517
vn -0.45905969 -0.87755811 -0.13840517
vn -0.45905969 -0.87755811 -0.13840517
vn -0.45905969 -0.87755811 -0.13840517
vn 0.00000016 -0.99195772 -0.12656905
vn 0.00000016 -0.99195772 -0.12656905
vn 0.00000016 -0.99195772 -0.12656905
vn 0.00000016 -0.99195772 -0.12656905
vn 0.45905983 -0.87755805 -0.13840514
vn 0.45905983 -0.87755805 -0.13840514
vn 0.45905983 -0.87755805 -0.13840514
vn 0.45905983 -0.87755805 -0.13840514
vn 0.89861667 -0.40552497 -0.16744407
vn 0.89861667 -0.40552497 -0.16744407
vn 0.89861667 -0.40552497 -0.16744407
vn 0.89861667 -0.40552497 -0.16744407
vn 0.88897604 0.40117449 0.22086346
vn 0.88897604 0.40117449 0.22086346
vn 0.88897604 0.40117449 0.22086346
vn 0.88897604 0.40117449 0.22086346
vn 0.45567787 0.87109262 0.18318069
vn 0.45567787 0.87109262 0.18318069
vn 0.45567787 0.87109262 0.18318069
vn 0.45567787 0.87109262 0.18318069
vn -0.00000014 0.98583519 0.16771695
vn -0.00000014 0.98583519 0.16771695
vn -0.00000014 0.98583519 0.16771695
vn -0.00000014 0.98583519 0.16771695
vn -0.45567787 0.87109274 0.18318065
vn -0.45567787 0.87109274 0.18318065
vn -0.45567787 0.87109274 0.18318065
vn -0.45567787 0.87109274 0.18318065
vn -0.88897604 0.40117452 0.22086360
vn -0.88897604 0.40117452 0.22086360
vn -0.88897604 0.40117452 0.22086360
vn -0.88897604 0.40117452 0.22086360
vn -0.88897586 -0.40117475 0.22086360
vn -0.88897586 -0.40117475 0.22086360
vn -0.88897586 -0.40117475 0.22086360
vn -0.88897586 -0.40117475 0.22086360
vn -0.45567763 -0.87109280 0.18318075
vn -0.45567763 -0.87109280 0.18318075
vn -0.45567763 -0.87109280 0.18318075
vn -0.45567763 -0.87109280 0.18318075
vn 0.00000014 -0.98583513 0.16771708
vn 0.00000014 -0.98583513 0.16771708
vn 0.00000014 -0.98583513 0.16771708
vn 0.00000014 -0.98583513 0.16771708
vn 0.45567784 -0.87109274 0.18318075
vn 0.45567784 -0.87109274 0.18318075
vn 0.45567784 -0.87109274 0.18318075
vn 0.45567784 -0.87109274 0.18318075
vn 0.88897604 -0.40117449 0.22086346
vn 0.88897604 -0.40117449 0.22086346
vn 0.88897604 -0.40117449 0.22086346
vn 0.88897604 -0.40117449 0.22086346
vn 0.77728683 0.35077170 0.52228773
vn 0.77728683 0.35077170 0.52228773
vn 0.77728683 0.35077170 0.52228773
vn 0.77728683 0.35077170 0.52228773
vn 0.41393006 0.79128599 0.45003170
vn 0.41393006 0.79128599 0.45003170
vn 0.41393006 0.79128599 0.45003170
vn 0.41393006 0.79128599 0.45003170
vn 0.00000000 0.90845042 0.41799250
vn 0.00000000 0.90845042 0.41799250
vn 0.00000000 0.90845042 0.41799250
vn 0.00000000 0.90845042 0.41799250
vn -0.41393012 0.79128593 0.45003167
vn -0.41393012 0.79128593 0.45003167
vn -0.41393012 0.79128593 0.45003167
vn -0.41393012 0.79128593 0.45003167
vn -0.77728683 0.35077170 0.52228755
vn -0.77728683 0.35077170 0.52228755
vn -0.77728683 0.35077170 0.52228755
vn -0.77728683 0.35077170 0.52228755
vn -0.77728677 -0.35077205 0.52228755
vn -0.77728677 -0.35077205 0.52228755
vn -0.77728677 -0.35077205 0.52228755
vn -0.77728677 -0.35077205 0.52228755
vn -0.41392988 -0.79128605 0.45003155
vn -0.41392988 -0.79128605 0.45003155
vn -0.41392988 -0.79128605 0.45003155
vn -0.41392988 -0.79128605 0.45003155
vn 0.00000015 -0.90845048 0.41799247
vn 0.00000015 -0.90845048 0.41799247
vn 0.00000015 -0.90845048 0.41799247
vn 0.00000015 -0.90845048 0.41799247
vn 0.41393006 -0.79128593 0.45003158
vn 0.41393006 -0.79128593 0.45003158
vn 0.41393006 -0.79128593 0.45003158
vn 0.41393006 -0.79128593 0.45003158
vn 0.77728677 -0.35077205 0.52228749
vn 0.77728677 -0.35077205 0.52228749
vn 0.77728677 -0.35077205 0.52228749
vn 0.77728677 -0.35077205 0.52228749
vn -0.00000032 -0.00000015 -0.99999994
vn -0.00000032 -0.00000015 -0.99999994
vn -0.00000032 -0.00000015 -0.99999994
vn -0.00000020 -0.00000038 -1.00000000
vn -0.00000020 -0.00000038 -1.00000000
vn -0.00000020 -0.00000038 -1.00000000
vn 0.00000000 -0.00000047 -0.99999994
vn 0.00000000 -0.00000047 -0.99999994
vn 0.00000000 -0.00000047 -0.99999994
vn 0.00000020 -0.00000038 -1.00000000
vn 0.00000020 -0.00000038 -1.00000000
vn 0.00000020 -0.00000038 -1.00000000
vn 0.00000032 -0.00000015 -1.00000000
vn 0.00000032 -0.00000015 -1.00000000
vn 0.00000032 -0.00000015 -1.00000000
vn 0.00000032 0.00000015 -1.00000000
vn 0.00000032 0.00000015 -1.00000000
vn 0.00000032 0.00000015 -1.00000000
vn 0.00000020 0.00000038 -1.00000000
vn 0.00000020 0.00000038 -1.00000000
vn 0.00000020 0.00000038 -1.00000000
vn -0.00000000 0.00000047 -1.00000000
vn -0.00000000 0.00000047 -1.00000000
vn -0.00000000 0.00000047 -1.00000000
vn -0.00000020 0.00000038 -1.00000000
vn -0.00000020 0.00000038 -1.00000000
vn -0.00000020 0.00000038 -1.00000000
vn -0.00000032 0.00000015 -1.00000000
vn -0.00000032 0.00000015 -1.00000000
vn -0.00000032 0.00000015 -1.00000000
vn 0.00000000 0.00000000 1.00000000
vn 0.00000000 0.00000000 1.00000000
vn 0.00000000 0.00000000 1.00000000
vn 0.00000000 0.00000000 1.00000000
vn 0.00000000 0.00000000 1.00000000
vn 0.00000000 0.00000000 1.00000000
vn 0.00000000 -0.00000000 1.00000000
vn 0.00000000 -0.00000000 1.00000000
vn 0.00000000 -0.00000000 1.00000000
vn 0.00000000 0.00000000 0.99999994
vn 0.00000000 0.00000000 0.99999994
vn 0.00000000 0.00000000 0.99999994
vn 0.00000000 0.00000000 1.00000000
vn 0.00000000 0.00000000 1.00000000
vn 0.00000000 0.00000000 1.00000000
vn 0.00000000 0.00000000 1.00000000
vn 0.00000000 0.00000000 1.00000000
vn 0.00000000 0.00000000 1.00000000
vn 0.00000000 0.00000000 0.99999994
vn 0.00000000 0.00000000 0.99999994
vn 0.00000000 0.00000000 0.99999994
vn 0.00000000 0.00000000 1.00000000
vn 0.00000000 0.00000000 1.00000000
vn 0.00000000 0.00000000 1.00000000
vn 0.00000000 0.00000000 1.00000000
vn 0.00000000 0.00000000 1.00000000
vn 0.00000000 0.00000000 1.00000000
vn -0.00000000 0.00000000 1.00000000
vn -0.00000000 0.00000000 1.00000000
vn -0.00000000 0.00000000 1.00000000
vn 0.76475686 0.34511778 -0.54409623
vn 0.76475686 0.34511778 -0.54409623
vn 0.76475686 0.34511778 -0.54409623
vn 0.76475686 0.34511778 -0.54409623
vn 0.40894520 0.78175664 -0.47076577
vn 0.40894520 0.78175664 -0.47076577
vn 0.40894520 0.78175664 -0.47076577
vn 0.40894520 0.78175664 -0.47076577
vn -0.00000012 0.89898914 -0.43797106
vn -0.00000012 0.89898914 -0.43797106
vn -0.00000012 0.89898914 -0.43797106
vn -0.00000012 0.89898914 -0.43797106
vn -0.40894514 0.78175664 -0.47076577
vn -0.40894514 0.78175664 -0.47076577
vn -0.40894514 0.78175664 -0.47076577
vn -0.40894514 0.78175664 -0.47076577
vn -0.76475704 0.34511787 -0.54409581
vn -0.76475704 0.34511787 -0.54409581
vn -0.76475704 0.34511787 -0.54409581
vn -0.76475704 0.34511787 -0.54409581
vn -0.76475686 -0.34511778 -0.54409623
vn -0.76475686 -0.34511778 -0.54409623
vn -0.76475686 -0.34511778 -0.54409623
vn -0.76475686 -0.34511778 -0.54409623
vn -0.40894499 -0.78175670 -0.47076574
vn -0.40894499 -0.78175670 -0.47076574
vn -0.40894499 -0.78175670 -0.47076574
vn -0.40894499 -0.78175670 -0.47076574
vn 0.00000024 -0.89898914 -0.43797106
vn 0.00000024 -0.89898914 -0.43797106
vn 0.00000024 -0.89898914 -0.43797106
vn 0.00000024 -0.89898914 -0.43797106
vn 0.40894502 -0.78175664 -0.47076577
vn 0.40894502 -0.78175664 -0.47076577
vn 0.40894502 -0.78175664 -0.47076577
vn 0.40894502 -0.78175664 -0.47076577
vn 0.76475710 -0.34511787 -0.54409587
vn 0.76475710 -0.34511787 -0.54409587
vn 0.76475710 -0.34511787 -0.54409587
vn 0.76475710 -0.34511787 -0.54409587
vn 0.89861673 0.40552503 -0.16744399
vn 0.89861673 0.40552503 -0.16744399
vn 0.89861673 0.40552503 -0.16744399
vn 0.89861673 0.40552503 -0.16744399
vn 0.45905983 0.87755799 -0.13840523
vn 0.45905983 0.87755799 -0.13840523
vn 0.45905983 0.87755799 -0.13840523
vn 0.45905983 0.87755799 -0.13840523
vn -0.00000008 0.99195778 -0.12656897
vn -0.00000008 0.99195778 -0.12656897
vn -0.00000008 0.99195778 -0.12656897
vn -0.00000008 0.99195778 -0.12656897
vn -0.45905998 0.87755793 -0.13840514
vn -0.45905998 0.87755793 -0.13840514
vn -0.45905998 0.87755793 -0.13840514
vn -0.45905998 0.87755793 -0.13840514
vn -0.89861673 0.40552503 -0.16744404
vn -0.89861673 0.40552503 -0.16744404
vn -0.89861673 0.40552503 -0.16744404
vn -0.89861673 0.40552503 -0.16744404
vn -0.89861667 -0.40552497 -0.16744396
vn -0.89861667 -0.40552497 -0.16744396
vn -0.89861667 -0.40552497 -0.16744396
vn -0.89861667 -0.40552497 -0.16744396
vn -0.45905963 -0.87755817 -0.13840513
vn -0.45905963 -0.87755817 -0.13840513
vn -0.45905963 -0.87755817 -0.13840513
vn -0.45905963 -0.87755817 -0.13840513
vn 0.00000016 -0.99195790 -0.12656900
vn 0.00000016 -0.99195790 -0.12656900
vn 0.00000016 -0.99195790 -0.12656900
vn 0.00000016 -0.99195790 -0.12656900
vn 0.45905975 -0.87755811 -0.13840511
vn 0.45905975 -0.87755811 -0.13840511
vn 0.45905975 -0.87755811 -0.13840511
vn 0.45905975 -0.87755811 -0.13840511
vn 0.89861667 -0.40552497 -0.16744407
vn 0.89861667 -0.40552497 -0.16744407
vn 0.89861667 -0.40552497 -0.16744407
vn 0.89861667 -0.40552497 -0.16744407
vn 0.88897610 0.40117455 0.22086343
vn 0.88897610 0.40117455 0.22086343
vn 0.88897610 0.40117455 0.22086343
vn 0.88897610 0.40117455 0.22086343
vn 0.45567790 0.87109262 0.18318065
vn 0.45567790 0.87109262 0.18318065
vn 0.45567790 0.87109262 0.18318065
vn 0.45567790 0.87109262 0.18318065
vn -0.00000007 0.98583519 0.16771699
vn -0.00000007 0.98583519 0.16771699
vn -0.00000007 0.98583519 0.16771699
vn -0.00000007 0.98583519 0.16771699
vn -0.45567796 0.87109274 0.18318063
vn -0.45567796 0.87109274 0.18318063
vn -0.45567796 0.87109274 0.18318063
vn -0.45567796 0.87109274 0.18318063
vn -0.88897610 0.40117455 0.22086346
vn -0.88897610 0.40117455 0.22086346
vn -0.88897610 0.40117455 0.22086346
vn -0.88897610 0.40117455 0.22086346
vn -0.88897598 -0.40117446 0.22086370
vn -0.88897598 -0.40117446 0.22086370
vn -0.88897598 -0.40117446 0.22086370
vn -0.88897598 -0.40117446 0.22086370
vn -0.45567760 -0.87109292 0.18318070
vn -0.45567760 -0.87109292 0.18318070
vn -0.45567760 -0.87109292 0.18318070
vn -0.45567760 -0.87109292 0.18318070
vn 0.00000014 -0.98583513 0.16771701
vn 0.00000014 -0.98583513 0.16771701
vn 0.00000014 -0.98583513 0.16771701
vn 0.00000014 -0.98583513 0.16771701
vn 0.45567784 -0.87109274 0.18318063
vn 0.45567784 -0.87109274 0.18318063
vn 0.45567784 -0.87109274 0.18318063
vn 0.45567784 -0.87109274 0.18318063
vn 0.88897610 -0.40117452 0.22086321
vn 0.88897610 -0.40117452 0.22086321
vn 0.88897610 -0.40117452 0.22086321
vn 0.88897610 -0.40117452 0.22086321
vn 0.77728665 0.35077202 0.52228773
vn 0.77728665 0.35077202 0.52228773
vn 0.77728665 0.35077202 0.52228773
vn 0.77728665 0.35077202 0.52228773
vn 0.41393006 0.79128593 0.45003173
vn 0.41393006 0.79128593 0.45003173
vn 0.41393006 0.79128593 0.45003173
vn 0.41393006 0.79128593 0.45003173
vn -0.00000008 0.90845042 0.41799250
vn -0.00000008 0.90845042 0.41799250
vn -0.00000008 0.90845042 0.41799250
vn -0.00000008 0.90845042 0.41799250
vn -0.41393006 0.79128593 0.45003176
vn -0.41393006 0.79128593 0.45003176
vn -0.41393006 0.79128593 0.45003176
vn -0.41393006 0.79128593 0.45003176
vn -0.77728683 0.35077170 0.52228761
vn -0.77728683 0.35077170 0.52228761
vn -0.77728683 0.35077170 0.52228761
vn -0.77728683 0.35077170 0.52228761
vn -0.77728677 -0.35077208 0.52228761
vn -0.77728677 -0.35077208 0.52228761
vn -0.77728677 -0.35077208 0.52228761
vn -0.77728677 -0.35077208 0.52228761
vn -0.41392979 -0.79128599 0.45003158
vn -0.41392979 -0.79128599 0.45003158
vn -0.41392979 -0.79128599 0.45003158
vn -0.41392979 -0.79128599 0.45003158
vn 0.00000008 -0.90845042 0.41799256
vn 0.00000008 -0.90845042 0.41799256
vn 0.00000008 -0.90845042 0.41799256
vn 0.00000008 -0.90845042 0.41799256
vn 0.41392991 -0.79128593 0.45003173
vn 0.41392991 -0.79128593 0.45003173
vn 0.41392991 -0.79128593 0.45003173
vn 0.41392991 -0.79128593 0.45003173
vn 0.77728665 -0.35077202 0.52228779
vn 0.77728665 -0.35077202 0.52228779
vn 0.77728665 -0.35077202 0.52228779
vn 0.77728665 -0.35077202 0.52228779
vn -0.00000000 -0.00000000 -0.99999994
vn -0.00000000 -0.00000000 -0.99999994
vn -0.00000000 -0.00000000 -0.99999994
vn -0.00000000 -0.00000000 -1.00000000
vn -0.00000000 -0.00000000 -1.00000000
vn -0.00000000 -0.00000000 -1.00000000
vn -0.00000000 0.00000000 -1.00000000
vn -0.00000000 0.00000000 -1.00000000
vn -0.00000000 0.00000000 -1.00000000
vn -0.00000000 -0.00000000 -1.00000000
vn -0.00000000 -0.00000000 -1.00000000
vn -0.00000000 -0.00000000 -1.00000000
vn -0.00000000 -0.00000000 -1.00000000
vn -0.00000000 -0.00000000 -1.00000000
vn -0.00000000 -0.00000000 -1.00000000
vn -0.00000000 -0.00000000 -0.99999994
vn -0.00000000 -0.00000000 -0.99999994
vn -0.00000000 -0.00000000 -0.99999994
vn -0.00000000 -0.00000000 -1.00000000
vn -0.00000000 -0.00000000 -1.00000000
vn -0.00000000 -0.00000000 -1.00000000
vn -0.00000000 -0.00000000 -1.00000000
vn -0.00000000 -0.00000000 -1.00000000
vn -0.00000000 -0.00000000 -1.00000000
vn -0.00000000 -0.00000000 -1.00000000
vn -0.00000000 -0.00000000 -1.00000000
vn -0.00000000 -0.00000000 -1.00000000
vn 0.00000000 -0.00000000 -1.00000000
vn 0.00000000 -0.00000000 -1.00000000
vn 0.00000000 -0.00000000 -1.00000000
vn 0.00000008 0.00000004 0.99999994
vn 0.00000008 0.00000004 0.99999994
vn 0.00000008 0.00000004 0.99999994
vn 0.00000005 0.00000010 0.99999994
vn 0.00000005 0.00000010 0.99999994
vn 0.00000005 0.00000010 0.99999994
vn -0.00000000 0.00000012 1.00000000
vn -0.00000000 0.00000012 1.00000000
vn -0.00000000 0.00000012 1.00000000
vn -0.00000005 0.00000010 1.00000000
vn -0.00000005 0.00000010 1.00000000
vn -0.00000005 0.00000010 1.00000000
vn -0.00000008 0.00000004 1.00000000
vn -0.00000008 0.00000004 1.00000000
vn -0.00000008 0.00000004 1.00000000
vn -0.00000008 -0.00000004 1.00000000
vn -0.00000008 -0.00000004 1.00000000
vn -0.00000008 -0.00000004 1.00000000
vn -0.00000005 -0.00000010 1.00000000
vn -0.00000005 -0.00000010 1.00000000
vn -0.00000005 -0.00000010 1.00000000
vn 0.00000000 -0.00000012 1.00000000
vn 0.00000000 -0.00000012 1.00000000
vn 0.00000000 -0.00000012 1.00000000
vn 0.00000005 -0.00000010 1.00000000
vn 0.00000005 -0.00000010 1.00000000
vn 0.00000005 -0.00000010 1.00000000
vn 0.00000008 -0.00000004 1.00000000
vn 0.00000008 -0.00000004 1.00000000
vn 0.00000008 -0.00000004 1.00000000
vn 0.02406121 0.99970299 0.00386714
vn 0.02406121 0.99970299 0.00386714
vn 0.02406121 0.99970299 0.00386714
vn 0.02406121 0.99970299 0.00386714
vn 0.01361546 0.99990171 0.00337149
vn 0.01361546 0.99990171 0.00337149
vn 0.01361546 0.99990171 0.00337149
vn 0.01361546 0.99990171 0.00337149
vn -0.01361546 0.99990171 0.00336738
vn -0.01361546 0.99990171 0.00336738
vn -0.01361546 0.99990171 0.00336738
vn -0.01361546 0.99990171 0.00336738
vn -0.02406121 0.99970299 0.00386047
vn -0.02406121 0.99970299 0.00386047
vn -0.02406121 0.99970299 0.00386047
vn -0.02406121 0.99970299 0.00386047
vn -0.99578518 0.00000000 0.09171704
vn -0.99578518 0.00000000 0.09171704
vn -0.99578518 0.00000000 0.09171704
vn -0.99578518 0.00000000 0.09171704
vn -0.00854007 -0.99996167 0.00188536
vn -0.00854007 -0.99996167 0.00188536
vn -0.00854007 -0.99996167 0.00188536
vn -0.00854007 -0.99996167 0.00188536
vn -0.00286654 -0.99999470 0.00161450
vn -0.00286654 -0.99999470 0.00161450
vn -0.00286654 -0.99999470 0.00161450
vn -0.00286654 -0.99999470 0.00161450
vn 0.00286654 -0.99999470 0.00161368
vn 0.00286654 -0.99999470 0.00161368
vn 0.00286654 -0.99999470 0.00161368
vn 0.00286654 -0.99999470 0.00161368
vn 0.00854007 -0.99996167 0.00188300
vn 0.00854007 -0.99996167 0.00188300
vn 0.00854007 -0.99996167 0.00188300
vn 0.00854007 -0.99996167 0.00188300
vn 0.99578518 -0.00000000 0.09171704
vn 0.99578518 -0.00000000 0.09171704
vn 0.99578518 -0.00000000 0.09171704
vn 0.99578518 -0.00000000 0.09171704
vn 0.02404364 0.99970347 0.00386621
vn 0.02404364 0.99970347 0.00386621
vn 0.02404364 0.99970347 0.00386621
vn 0.02404364 0.99970347 0.00386621
vn 0.01360547 0.99990177 0.00337135
vn 0.01360547 0.99990177 0.00337135
vn 0.01360547 0.99990177 0.00337135
vn 0.01360547 0.99990177 0.00337135
vn -0.01360547 0.99990177 0.00336682
vn -0.01360547 0.99990177 0.00336682
vn -0.01360547 0.99990177 0.00336682
vn -0.01360547 0.99990177 0.00336682
vn -0.02404364 0.99970347 0.00385879
vn -0.02404364 0.99970347 0.00385879
vn -0.02404364 0.99970347 0.00385879
vn -0.02404364 0.99970347 0.00385879
vn -0.99578506 0.00000000 0.09171705
vn -0.99578506 0.00000000 0.09171705
vn -0.99578506 0.00000000 0.09171705
vn -0.99578506 0.00000000 0.09171705
vn -0.00853385 -0.99996179 0.00188511
vn -0.00853385 -0.99996179 0.00188511
vn -0.00853385 -0.99996179 0.00188511
vn -0.00853385 -0.99996179 0.00188511
vn -0.00286453 -0.99999458 0.00161463
vn -0.00286453 -0.99999458 0.00161463
vn -0.00286453 -0.99999458 0.00161463
vn -0.00286453 -0.99999458 0.00161463
vn 0.00286453 -0.99999458 0.00161363
vn 0.00286453 -0.99999458 0.00161363
vn 0.00286453 -0.99999458 0.00161363
vn 0.00286453 -0.99999458 0.00161363
vn 0.00853385 -0.99996179 0.00188249
vn 0.00853385 -0.99996179 0.00188249
vn 0.00853385 -0.99996179 0.00188249
vn 0.00853385 -0.99996179 0.00188249
vn 0.99578506 -0.00000000 0.09171705
vn 0.99578506 -0.00000000 0.09171705
vn 0.99578506 -0.00000000 0.09171705
vn 0.99578506 -0.00000000 0.09171705
vn 0.02401460 0.99970418 0.00386481
vn 0.02401460 0.99970418 0.00386481
vn 0.02401460 0.99970418 0.00386481
vn 0.02401460 0.99970418 0.00386481
vn 0.01358909 0.99990201 0.00337132
vn 0.01358909 0.99990201 0.00337132
vn 0.01358909 0.99990201 0.00337132
vn 0.01358909 0.99990201 0.00337132
vn -0.01358909 0.99990201 0.00336602
vn -0.01358909 0.99990201 0.00336602
vn -0.01358909 0.99990201 0.00336602
vn -0.01358909 0.99990201 0.00336602
vn -0.02401460 0.99970418 0.00385611
vn -0.02401460 0.99970418 0.00385611
vn -0.02401460 0.99970418 0.00385611
vn -0.02401460 0.99970418 0.00385611
vn -0.99578512 0.00000000 0.09171706
vn -0.99578512 0.00000000 0.09171706
vn -0.99578512 0.00000000 0.09171706
vn -0.99578512 0.00000000 0.09171706
vn -0.00852358 -0.99996185 0.00188461
vn -0.00852358 -0.99996185 0.00188461
vn -0.00852358 -0.99996185 0.00188461
vn -0.00852358 -0.99996185 0.00188461
vn -0.00286093 -0.99999464 0.00161449
vn -0.00286093 -0.99999464 0.00161449
vn -0.00286093 -0.99999464 0.00161449
vn -0.00286093 -0.99999464 0.00161449
vn 0.00286093 -0.99999464 0.00161345
vn 0.00286093 -0.99999464 0.00161345
vn 0.00286093 -0.99999464 0.00161345
vn 0.00286093 -0.99999464 0.00161345
vn 0.00852358 -0.99996185 0.00188147
vn 0.00852358 -0.99996185 0.00188147
vn 0.00852358 -0.99996185 0.00188147
vn 0.00852358 -0.99996185 0.00188147
vn 0.99578512 -0.00000000 0.09171706
vn 0.99578512 -0.00000000 0.09171706
vn 0.99578512 -0.00000000 0.09171706
vn 0.99578512 -0.00000000 0.09171706
vn -0.00000000 -0.00000000 -1.00000000
vn -0.00000000 -0.00000000 -1.00000000
vn -0.00000000 -0.00000000 -1.00000000
vn -0.00000000 -0.00000000 -1.00000000
vn -0.00000000 -0.00000000 -1.00000000
vn -0.00000000 -0.00000000 -1.00000000
vn -0.00000000 0.00000000 -1.00000000
vn -0.00000000 0.00000000 -1.00000000
vn -0.00000000 0.00000000 -1.00000000
vn -0.00000000 -0.00000000 -1.00000000
vn -0.00000000 -0.00000000 -1.00000000
vn -0.00000000 -0.00000000 -1.00000000
vn -0.00000000 -0.00000000 -1.00000000
vn -0.00000000 -0.00000000 -1.00000000
vn -0.00000000 -0.00000000 -1.00000000
vn -0.00000000 -0.00000000 -1.00000000
vn -0.00000000 -0.00000000 -1.00000000
vn -0.00000000 -0.00000000 -1.00000000
vn -0.00000000 -0.00000000 -1.00000000
vn -0.00000000 -0.00000000 -1.00000000
vn -0.00000000 -0.00000000 -1.00000000
vn -0.00000000 -0.00000000 -1.00000000
vn -0.00000000 -0.00000000 -1.00000000
vn -0.00000000 -0.00000000 -1.00000000
vn -0.00000000 -0.00000000 -1.00000000
vn -0.00000000 -0.00000000 -1.00000000
vn -0.00000000 -0.00000000 -1.00000000
vn 0.00000000 -0.00000000 -1.00000000
vn 0.00000000 -0.00000000 -1.00000000
vn 0.00000000 -0.00000000 -1.00000000
vn 0.00000000 0.00000000 1.00000000
vn 0.00000000 0.00000000 1.00000000
vn 0.00000000 0.00000000 1.00000000
vn 0.00000000 0.00000000 1.00000000
vn 0.00000000 0.00000000 1.00000000
vn 0.00000000 0.00000000 1.00000000
vn 0.00000000 -0.00000000 1.00000000
vn 0.00000000 -0.00000000 1.00000000
vn 0.00000000 -0.00000000 1.00000000
vn 0.00000000 0.00000000 1.00000000
vn 0.00000000 0.00000000 1.00000000
vn 0.00000000 0.00000000 1.00000000
vn 0.00000000 0.00000000 1.00000000
vn 0.00000000 0.00000000 1.00000000
vn 0.00000000 0.00000000 1.00000000
vn 0.00000000 0.00000000 1.00000000
vn 0.00000000 0.00000000 1.00000000
vn 0.00000000 0.00000000 1.00000000
vn 0.00000000 0.00000000 1.00000000
vn 0.00000000 0.00000000 1.00000000
vn 0.00000000 0.00000000 1.00000000
vn 0.00000000 0.00000000 1.00000000
vn 0.00000000 0.00000000 1.00000000
vn 0.00000000 0.00000000 1.00000000
vn 0.00000000 0.00000000 1.00000000
vn 0.00000000 0.00000000 1.00000000
vn 0.00000000 0.00000000 1.00000000
vn -0.00000000 0.00000000 1.00000000
vn -0.00000000 0.00000000 1.00000000
vn -0.00000000 0.00000000 1.00000000
vn 0.23972607 0.96787804 -0.07578479
vn 0.23972607 0.96787804 -0.07578479
vn 0.23972607 0.96787804 -0.07578479
vn 0.23972607 0.96787804 -0.07578479
vn 0.17422080 0.96245784 -0.20813943
vn 0.17422080 0.96245784 -0.20813943
vn 0.17422080 0.96245784 -0.20813943
vn 0.17422080 0.96245784 -0.20813943
vn 0.06275009 0.95747483 -0.28161016
vn 0.06275009 0.95747483 -0.28161016
vn 0.06275009 0.95747483 -0.28161016
vn 0.06275009 0.95747483 -0.28161016
vn -0.06282371 0.95737284 -0.28194052
vn -0.06282371 0.95737284 -0.28194052
vn -0.06282371 0.95737284 -0.28194052
vn -0.06282371 0.95737284 -0.28194052
vn -0.17402732 0.96254253 -0.20790903
vn -0.17402732 0.96254253 -0.20790903
vn -0.17402732 0.96254253 -0.20790903
vn -0.17402732 0.96254253 -0.20790903
vn -0.23902924 0.96806771 -0.07556377
vn -0.23902924 0.96806771 -0.07556377
vn -0.23902924 0.96806771 -0.07556377
vn -0.23902924 0.96806771 -0.07556377
vn -0.23972636 0.96787810 0.07578415
vn -0.23972636 0.96787810 0.07578415
vn -0.23972636 0.96787810 0.07578415
vn -0.23972636 0.96787810 0.07578415
vn -0.17422099 0.96245760 0.20814063
vn -0.17422099 0.96245760 0.20814063
vn -0.17422099 0.96245760 0.20814063
vn -0.17422099 0.96245760 0.20814063
vn -0.06275018 0.95747501 0.28160971
vn -0.06275018 0.95747501 0.28160971
vn -0.06275018 0.95747501 0.28160971
vn -0.06275018 0.95747501 0.28160971
vn 0.06282377 0.95737296 0.28193998
vn 0.06282377 0.95737296 0.28193998
vn 0.06282377 0.95737296 0.28193998
vn 0.06282377 0.95737296 0.28193998
vn 0.17402750 0.96254271 0.20790872
vn 0.17402750 0.96254271 0.20790872
vn 0.17402750 0.96254271 0.20790872
vn 0.17402750 0.96254271 0.20790872
vn 0.23902793 0.96806800 0.07556409
vn 0.23902793 0.96806800 0.07556409
vn 0.23902793 0.96806800 0.07556409
vn 0.23902793 0.96806800 0.07556409
vn 0.73356903 0.63937670 -0.23037760
vn 0.73356903 0.63937670 -0.23037760
vn 0.73356903 0.63937670 -0.23037760
vn 0.73356903 0.63937670 -0.23037760
vn 0.50942999 0.60910428 -0.60784310
vn 0.50942999 0.60910428 -0.60784310
vn 0.50942999 0.60910428 -0.60784310
vn 0.50942999 0.60910428 -0.60784310
vn 0.17688611 0.57889670 -0.79598355
vn 0.17688611 0.57889670 -0.79598355
vn 0.17688611 0.57889670 -0.79598355
vn 0.17688611 0.57889670 -0.79598355
vn -0.17639168 0.58209026 -0.79376119
vn -0.17639168 0.58209026 -0.79376119
vn -0.17639168 0.58209026 -0.79376119
vn -0.17639168 0.58209026 -0.79376119
vn -0.50885844 0.61026102 -0.60716122
vn -0.50885844 0.61026102 -0.60716122
vn -0.50885844 0.61026102 -0.60716122
vn -0.50885844 0.61026102 -0.60716122
vn -0.73317999 0.63986671 -0.23025542
vn -0.73317999 0.63986671 -0.23025542
vn -0.73317999 0.63986671 -0.23025542
vn -0.73317999 0.63986671 -0.23025542
vn -0.73356903 0.63937670 0.23037760
vn -0.73356903 0.63937670 0.23037760
vn -0.73356903 0.63937670 0.23037760
vn -0.73356903 0.63937670 0.23037760
vn -0.50942957 0.60910428 0.60784346
vn -0.50942957 0.60910428 0.60784346
vn -0.50942957 0.60910428 0.60784346
vn -0.50942957 0.60910428 0.60784346
vn -0.17688562 0.57889616 0.79598403
vn -0.17688562 0.57889616 0.79598403
vn -0.17688562 0.57889616 0.79598403
vn -0.17688562 0.57889616 0.79598403
vn 0.17639221 0.58209038 0.79376107
vn 0.17639221 0.58209038 0.79376107
vn 0.17639221 0.58209038 0.79376107
vn 0.17639221 0.58209038 0.79376107
vn 0.50885808 0.61026084 0.60716152
vn 0.50885808 0.61026084 0.60716152
vn 0.50885808 0.61026084 0.60716152
vn 0.50885808 0.61026084 0.60716152
vn 0.73318148 0.63986480 0.23025589
vn 0.73318148 0.63986480 0.23025589
vn 0.73318148 0.63986480 0.23025589
vn 0.73318148 0.63986480 0.23025589
vn 0.80389661 0.53910971 -0.25121889
vn 0.80389661 0.53910971 -0.25121889
vn 0.80389661 0.53910971 -0.25121889
vn 0.80389661 0.53910971 -0.25121889
vn 0.55498254 0.50836289 -0.65845400
vn 0.55498254 0.50836289 -0.65845400
vn 0.55498254 0.50836289 -0.65845400
vn 0.55498254 0.50836289 -0.65845400
vn 0.19531557 0.48524377 -0.85228539
vn 0.19531557 0.48524377 -0.85228539
vn 0.19531557 0.48524377 -0.85228539
vn 0.19531557 0.48524377 -0.85228539
vn -0.19558468 0.48305899 -0.85346395
vn -0.19558468 0.48305899 -0.85346395
vn -0.19558468 0.48305899 -0.85346395
vn -0.19558468 0.48305899 -0.85346395
vn -0.55544698 0.50713992 -0.65900505
vn -0.55544698 0.50713992 -0.65900505
vn -0.55544698 0.50713992 -0.65900505
vn -0.55544698 0.50713992 -0.65900505
vn -0.80357951 0.53963071 -0.25111499
vn -0.80357951 0.53963071 -0.25111499
vn -0.80357951 0.53963071 -0.25111499
vn -0.80357951 0.53963071 -0.25111499
vn -0.80389690 0.53911144 0.25121421
vn -0.80389690 0.53911144 0.25121421
vn -0.80389690 0.53911144 0.25121421
vn -0.80389690 0.53911144 0.25121421
vn -0.55498201 0.50836241 0.65845466
vn -0.55498201 0.50836241 0.65845466
vn -0.55498201 0.50836241 0.65845466
vn -0.55498201 0.50836241 0.65845466
vn -0.19531566 0.48524371 0.85228533
vn -0.19531566 0.48524371 0.85228533
vn -0.19531566 0.48524371 0.85228533
vn -0.19531566 0.48524371 0.85228533
vn 0.19558665 0.48305878 0.85346359
vn 0.19558665 0.48305878 0.85346359
vn 0.19558665 0.48305878 0.85346359
vn 0.19558665 0.48305878 0.85346359
vn 0.55544698 0.50713825 0.65900630
vn 0.55544698 0.50713825 0.65900630
vn 0.55544698 0.50713825 0.65900630
vn 0.55544698 0.50713825 0.65900630
vn 0.80357850 0.53963000 0.25111949
vn 0.80357850 0.53963000 0.25111949
vn 0.80357850 0.53963000 0.25111949
vn 0.80357850 0.53963000 0.25111949
vn 0.00000000 -1.00000000 -0.00000000
vn 0.00000000 -1.00000000 -0.00000000
vn 0.00000000 -1.00000000 -0.00000000
vn -0.00000000 -1.00000000 -0.00000000
vn -0.00000000 -1.00000000 -0.00000000
vn -0.00000000 -1.00000000 -0.00000000
vn -0.00000000 -0.99999994 -0.00000000
vn -0.00000000 -0.99999994 -0.00000000
vn -0.00000000 -0.99999994 -0.00000000
vn -0.00000000 -1.00000000 -0.00000000
vn -0.00000000 -1.00000000 -0.00000000
vn -0.00000000 -1.00000000 -0.00000000
vn -0.00000000 -1.00000000 -0.00000000
vn -0.00000000 -1.00000000 -0.00000000
vn -0.00000000 -1.00000000 -0.00000000
vn -0.00000000 -1.00000000 -0.00000000
vn -0.00000000 -1.00000000 -0.00000000
vn -0.00000000 -1.00000000 -0.00000000
vn -0.00000000 -1.00000000 -0.00000000
vn -0.00000000 -1.00000000 -0.00000000
vn -0.00000000 -1.00000000 -0.00000000
vn -0.00000000 -1.00000000 -0.00000000
vn -0.00000000 -1.00000000 -0.00000000
vn -0.00000000 -1.00000000 -0.00000000
vn -0.00000000 -1.00000000 0.00000000
vn -0.00000000 -1.00000000 0.00000000
vn -0.00000000 -1.00000000 0.00000000
vn -0.00000000 -0.99999994 -0.00000000
vn -0.00000000 -0.99999994 -0.00000000
vn -0.00000000 -0.99999994 -0.00000000
vn -0.00000000 -1.00000000 -0.00000000
vn -0.00000000 -1.00000000 -0.00000000
vn -0.00000000 -1.00000000 -0.00000000
vn -0.00000000 -1.00000000 -0.00000000
vn -0.00000000 -1.00000000 -0.00000000
vn -0.00000000 -1.00000000 -0.00000000
vn 0.55767733 0.81191146 -0.17261432
vn 0.55767733 0.81191146 -0.17261432
vn 0.55767733 0.81191146 -0.17261432
vn 0.39333504 0.78898549 -0.47200584
vn 0.39333504 0.78898549 -0.47200584
vn 0.39333504 0.78898549 -0.47200584
vn 0.13808817 0.76613075 -0.62767458
vn 0.13808817 0.76613075 -0.62767458
vn 0.13808817 0.76613075 -0.62767458
vn -0.13808687 0.76613092 -0.62767464
vn -0.13808687 0.76613092 -0.62767464
vn -0.13808687 0.76613092 -0.62767464
vn -0.39333743 0.78898638 -0.47200239
vn -0.39333743 0.78898638 -0.47200239
vn -0.39333743 0.78898638 -0.47200239
vn -0.55767733 0.81191146 -0.17261432
vn -0.55767733 0.81191146 -0.17261432
vn -0.55767733 0.81191146 -0.17261432
vn -0.55767733 0.81191146 0.17261432
vn -0.55767733 0.81191146 0.17261432
vn -0.55767733 0.81191146 0.17261432
vn -0.39333743 0.78898638 0.47200239
vn -0.39333743 0.78898638 0.47200239
vn -0.39333743 0.78898638 0.47200239
vn -0.13808687 0.76613092 0.62767464
vn -0.13808687 0.76613092 0.62767464
vn -0.13808687 0.76613092 0.62767464
vn 0.13808817 0.76613075 0.62767458
vn 0.13808817 0.76613075 0.62767458
vn 0.13808817 0.76613075 0.62767458
vn 0.39333504 0.78898537 0.47200584
vn 0.39333504 0.78898537 0.47200584
vn 0.39333504 0.78898537 0.47200584
vn 0.55767733 0.81191146 0.17261432
vn 0.55767733 0.81191146 0.17261432
vn 0.55767733 0.81191146 0.17261432
vn -0.23903689 0.96810430 -0.07506962
vn -0.23903689 0.96810430 -0.07506962
vn -0.23903689 0.96810430 -0.07506962
vn -0.23903689 0.96810430 -0.07506962
vn -0.17411163 0.96256232 -0.20774704
vn -0.17411163 0.96256232 -0.20774704
vn -0.17411163 0.96256232 -0.20774704
vn -0.17411163 0.96256232 -0.20774704
vn -0.06267474 0.95735484 -0.28203490
vn -0.06267474 0.95735484 -0.28203490
vn -0.06267474 0.95735484 -0.28203490
vn -0.06267474 0.95735484 -0.28203490
vn 0.06258079 0.95748508 -0.28161317
vn 0.06258079 0.95748508 -0.28161317
vn 0.06258079 0.95748508 -0.28161317
vn 0.06258079 0.95748508 -0.28161317
vn 0.17436081 0.96245307 -0.20804432
vn 0.17436081 0.96245307 -0.20804432
vn 0.17436081 0.96245307 -0.20804432
vn 0.17436081 0.96245307 -0.20804432
vn 0.23993203 0.96786100 -0.07535073
vn 0.23993203 0.96786100 -0.07535073
vn 0.23993203 0.96786100 -0.07535073
vn 0.23993203 0.96786100 -0.07535073
vn 0.23903820 0.96810389 0.07507003
vn 0.23903820 0.96810389 0.07507003
vn 0.23903820 0.96810389 0.07507003
vn 0.23903820 0.96810389 0.07507003
vn 0.17411157 0.96256238 0.20774725
vn 0.17411157 0.96256238 0.20774725
vn 0.17411157 0.96256238 0.20774725
vn 0.17411157 0.96256238 0.20774725
vn 0.06267464 0.95735466 0.28203541
vn 0.06267464 0.95735466 0.28203541
vn 0.06267464 0.95735466 0.28203541
vn 0.06267464 0.95735466 0.28203541
vn -0.06258092 0.95748520 0.28161272
vn -0.06258092 0.95748520 0.28161272
vn -0.06258092 0.95748520 0.28161272
vn -0.06258092 0.95748520 0.28161272
vn -0.17435996 0.96245337 0.20804358
vn -0.17435996 0.96245337 0.20804358
vn -0.17435996 0.96245337 0.20804358
vn -0.17435996 0.96245337 0.20804358
vn -0.23993203 0.96786100 0.07535073
vn -0.23993203 0.96786100 0.07535073
vn -0.23993203 0.96786100 0.07535073
vn -0.23993203 0.96786100 0.07535073
vn -0.73337287 0.64003181 -0.22918011
vn -0.73337287 0.64003181 -0.22918011
vn -0.73337287 0.64003181 -0.22918011
vn -0.73337287 0.64003181 -0.22918011
vn -0.51031834 0.61072934 -0.60546249
vn -0.51031834 0.61072934 -0.60546249
vn -0.51031834 0.61072934 -0.60546249
vn -0.51031834 0.61072934 -0.60546249
vn -0.18147048 0.58310324 -0.79187059
vn -0.18147048 0.58310324 -0.79187059
vn -0.18147048 0.58310324 -0.79187059
vn -0.18147048 0.58310324 -0.79187059
vn 0.18223134 0.57832295 -0.79519451
vn 0.18223134 0.57832295 -0.79519451
vn 0.18223134 0.57832295 -0.79519451
vn 0.18223134 0.57832295 -0.79519451
vn 0.51117641 0.60899919 -0.60648054
vn 0.51117641 0.60899919 -0.60648054
vn 0.51117641 0.60899919 -0.60648054
vn 0.51117641 0.60899919 -0.60648054
vn 0.73396099 0.63929307 -0.22935954
vn 0.73396099 0.63929307 -0.22935954
vn 0.73396099 0.63929307 -0.22935954
vn 0.73396099 0.63929307 -0.22935954
vn 0.73337215 0.64003432 0.22917554
vn 0.73337215 0.64003432 0.22917554
vn 0.73337215 0.64003432 0.22917554
vn 0.73337215 0.64003432 0.22917554
vn 0.51031786 0.61072922 0.60546315
vn 0.51031786 0.61072922 0.60546315
vn 0.51031786 0.61072922 0.60546315
vn 0.51031786 0.61072922 0.60546315
vn 0.18147056 0.58310330 0.79187053
vn 0.18147056 0.58310330 0.79187053
vn 0.18147056 0.58310330 0.79187053
vn 0.18147056 0.58310330 0.79187053
vn -0.18223324 0.57832211 0.79519463
vn -0.18223324 0.57832211 0.79519463
vn -0.18223324 0.57832211 0.79519463
vn -0.18223324 0.57832211 0.79519463
vn -0.51117581 0.60899925 0.60648108
vn -0.51117581 0.60899925 0.60648108
vn -0.51117581 0.60899925 0.60648108
vn -0.51117581 0.60899925 0.60648108
vn -0.73395944 0.63929337 0.22936344
vn -0.73395944 0.63929337 0.22936344
vn -0.73395944 0.63929337 0.22936344
vn -0.73395944 0.63929337 0.22936344
vn -0.80405945 0.53995299 -0.24887548
vn -0.80405945 0.53995299 -0.24887548
vn -0.80405945 0.53995299 -0.24887548
vn -0.80405945 0.53995299 -0.24887548
vn -0.55211323 0.50617200 -0.66254115
vn -0.55211323 0.50617200 -0.66254115
vn -0.55211323 0.50617200 -0.66254115
vn -0.55211323 0.50617200 -0.66254115
vn -0.18828309 0.48176616 -0.85583341
vn -0.18828309 0.48176616 -0.85583341
vn -0.18828309 0.48176616 -0.85583341
vn -0.18828309 0.48176616 -0.85583341
vn 0.18778175 0.48597118 -0.85356313
vn 0.18778175 0.48597118 -0.85356313
vn 0.18778175 0.48597118 -0.85356313
vn 0.18778175 0.48597118 -0.85356313
vn 0.55121529 0.50856560 -0.66145498
vn 0.55121529 0.50856560 -0.66145498
vn 0.55121529 0.50856560 -0.66145498
vn 0.55121529 0.50856560 -0.66145498
vn 0.80466521 0.53896338 -0.24906297
vn 0.80466521 0.53896338 -0.24906297
vn 0.80466521 0.53896338 -0.24906297
vn 0.80466521 0.53896338 -0.24906297
vn 0.80405945 0.53995299 0.24887548
vn 0.80405945 0.53995299 0.24887548
vn 0.80405945 0.53995299 0.24887548
vn 0.80405945 0.53995299 0.24887548
vn 0.55211663 0.50617456 0.66253644
vn 0.55211663 0.50617456 0.66253644
vn 0.55211663 0.50617456 0.66253644
vn 0.55211663 0.50617456 0.66253644
vn 0.18828142 0.48176530 0.85583431
vn 0.18828142 0.48176530 0.85583431
vn 0.18828142 0.48176530 0.85583431
vn 0.18828142 0.48176530 0.85583431
vn -0.18778349 0.48597103 0.85356283
vn -0.18778349 0.48597103 0.85356283
vn -0.18778349 0.48597103 0.85356283
vn -0.18778349 0.48597103 0.85356283
vn -0.55121112 0.50856537 0.66145861
vn -0.55121112 0.50856537 0.66145861
vn -0.55121112 0.50856537 0.66145861
vn -0.55121112 0.50856537 0.66145861
vn -0.80466640 0.53896135 0.24906336
vn -0.80466640 0.53896135 0.24906336
vn -0.80466640 0.53896135 0.24906336
vn -0.80466640 0.53896135 0.24906336
vn -0.00000000 -1.00000000 0.00000000
vn -0.00000000 -1.00000000 0.00000000
vn -0.00000000 -1.00000000 0.00000000
vn 0.00000000 -1.00000000 0.00000000
vn 0.00000000 -1.00000000 0.00000000
vn 0.00000000 -1.00000000 0.00000000
vn 0.00000000 -0.99999994 0.00000000
vn 0.00000000 -0.99999994 0.00000000
vn 0.00000000 -0.99999994 0.00000000
vn 0.00000000 -1.00000000 -0.00000000
vn 0.00000000 -1.00000000 -0.00000000
vn 0.00000000 -1.00000000 -0.00000000
vn 0.00000000 -1.00000000 0.00000000
vn 0.00000000 -1.00000000 0.00000000
vn 0.00000000 -1.00000000 0.00000000
vn 0.00000000 -1.00000000 0.00000000
vn 0.00000000 -1.00000000 0.00000000
vn 0.00000000 -1.00000000 0.00000000
vn 0.00000000 -1.00000000 0.00000000
vn 0.00000000 -1.00000000 0.00000000
vn 0.00000000 -1.00000000 0.00000000
vn 0.00000000 -1.00000000 0.00000000
vn 0.00000000 -1.00000000 0.00000000
vn 0.00000000 -1.00000000 0.00000000
vn 0.00000000 -1.00000000 0.00000000
vn 0.00000000 -1.00000000 0.00000000
vn 0.00000000 -1.00000000 0.00000000
vn 0.00000000 -0.99999994 0.00000000
vn 0.00000000 -0.99999994 0.00000000
vn 0.00000000 -0.99999994 0.00000000
vn 0.00000000 -1.00000000 0.00000000
vn 0.00000000 -1.00000000 0.00000000
vn 0.00000000 -1.00000000 0.00000000
vn 0.00000000 -1.00000000 0.00000000
vn 0.00000000 -1.00000000 0.00000000
vn 0.00000000 -1.00000000 0.00000000
vn -0.55767733 0.81191146 -0.17261432
vn -0.55767733 0.81191146 -0.17261432
vn -0.55767733 0.81191146 -0.17261432
vn -0.39333504 0.78898549 -0.47200584
vn -0.39333504 0.78898549 -0.47200584
vn -0.39333504 0.78898549 -0.47200584
vn -0.13808817 0.76613075 -0.62767458
vn -0.13808817 0.76613075 -0.62767458
vn -0.13808817 0.76613075 -0.62767458
vn 0.13808687 0.76613092 -0.62767464
vn 0.13808687 0.76613092 -0.62767464
vn 0.13808687 0.76613092 -0.62767464
vn 0.39333743 0.78898638 -0.47200239
vn 0.39333743 0.78898638 -0.47200239
vn 0.39333743 0.78898638 -0.47200239
vn 0.55767733 0.81191146 -0.17261432
vn 0.55767733 0.81191146 -0.17261432
vn 0.55767733 0.81191146 -0.17261432
vn 0.55767733 0.81191146 0.17261432
vn 0.55767733 0.81191146 0.17261432
vn 0.55767733 0.81191146 0.17261432
vn 0.39333743 0.78898638 0.47200239
vn 0.39333743 0.78898638 0.47200239
vn 0.39333743 0.78898638 0.47200239
vn 0.13808687 0.76613092 0.62767464
vn 0.13808687 0.76613092 0.62767464
vn 0.13808687 0.76613092 0.62767464
vn -0.13808817 0.76613075 0.62767458
vn -0.13808817 0.76613075 0.62767458
vn -0.13808817 0.76613075 0.62767458
vn -0.39333504 0.78898537 0.47200584
vn -0.39333504 0.78898537 0.47200584
vn -0.39333504 0.78898537 0.47200584
vn -0.55767733 0.81191146 0.17261432
vn -0.55767733 0.81191146 0.17261432
vn -0.55767733 0.81191146 0.17261432
vn 0.23972636 0.96787810 -0.07578415
vn 0.23972636 0.96787810 -0.07578415
vn 0.23972636 0.96787810 -0.07578415
vn 0.23972636 0.96787810 -0.07578415
vn 0.17422111 0.96245754 -0.20814054
vn 0.17422111 0.96245754 -0.20814054
vn 0.17422111 0.96245754 -0.20814054
vn 0.17422111 0.96245754 -0.20814054
vn 0.06275009 0.95747483 -0.28161016
vn 0.06275009 0.95747483 -0.28161016
vn 0.06275009 0.95747483 -0.28161016
vn 0.06275009 0.95747483 -0.28161016
vn -0.06282371 0.95737284 -0.28194052
vn -0.06282371 0.95737284 -0.28194052
vn -0.06282371 0.95737284 -0.28194052
vn -0.06282371 0.95737284 -0.28194052
vn -0.17402828 0.96254236 -0.20790942
vn -0.17402828 0.96254236 -0.20790942
vn -0.17402828 0.96254236 -0.20790942
vn -0.17402828 0.96254236 -0.20790942
vn -0.23902793 0.96806800 -0.07556409
vn -0.23902793 0.96806800 -0.07556409
vn -0.23902793 0.96806800 -0.07556409
vn -0.23902793 0.96806800 -0.07556409
vn -0.23972738 0.96787775 0.07578521
vn -0.23972738 0.96787775 0.07578521
vn -0.23972738 0.96787775 0.07578521
vn -0.23972738 0.96787775 0.07578521
vn -0.17422138 0.96245754 0.20814034
vn -0.17422138 0.96245754 0.20814034
vn -0.17422138 0.96245754 0.20814034
vn -0.17422138 0.96245754 0.20814034
vn -0.06275018 0.95747501 0.28160971
vn -0.06275018 0.95747501 0.28160971
vn -0.06275018 0.95747501 0.28160971
vn -0.06275018 0.95747501 0.28160971
vn 0.06282385 0.95737284 0.28194037
vn 0.06282385 0.95737284 0.28194037
vn 0.06282385 0.95737284 0.28194037
vn 0.06282385 0.95737284 0.28194037
vn 0.17402728 0.96254259 0.20790920
vn 0.17402728 0.96254259 0.20790920
vn 0.17402728 0.96254259 0.20790920
vn 0.17402728 0.96254259 0.20790920
vn 0.23902924 0.96806771 0.07556377
vn 0.23902924 0.96806771 0.07556377
vn 0.23902924 0.96806771 0.07556377
vn 0.23902924 0.96806771 0.07556377
vn 0.73356754 0.63937861 -0.23037714
vn 0.73356754 0.63937861 -0.23037714
vn 0.73356754 0.63937861 -0.23037714
vn 0.73356754 0.63937861 -0.23037714
vn 0.50942999 0.60910428 -0.60784310
vn 0.50942999 0.60910428 -0.60784310
vn 0.50942999 0.60910428 -0.60784310
vn 0.50942999 0.60910428 -0.60784310
vn 0.17688555 0.57889676 -0.79598367
vn 0.17688555 0.57889676 -0.79598367
vn 0.17688555 0.57889676 -0.79598367
vn 0.17688555 0.57889676 -0.79598367
vn -0.17639159 0.58209074 -0.79376084
vn -0.17639159 0.58209074 -0.79376084
vn -0.17639159 0.58209074 -0.79376084
vn -0.17639159 0.58209074 -0.79376084
vn -0.50885779 0.61026239 -0.60716033
vn -0.50885779 0.61026239 -0.60716033
vn -0.50885779 0.61026239 -0.60716033
vn -0.50885779 0.61026239 -0.60716033
vn -0.73318201 0.63986534 -0.23025317
vn -0.73318201 0.63986534 -0.23025317
vn -0.73318201 0.63986534 -0.23025317
vn -0.73318201 0.63986534 -0.23025317
vn -0.73356849 0.63937837 0.23037454
vn -0.73356849 0.63937837 0.23037454
vn -0.73356849 0.63937837 0.23037454
vn -0.73356849 0.63937837 0.23037454
vn -0.50942886 0.60910565 0.60784262
vn -0.50942886 0.60910565 0.60784262
vn -0.50942886 0.60910565 0.60784262
vn -0.50942886 0.60910565 0.60784262
vn -0.17688562 0.57889616 0.79598403
vn -0.17688562 0.57889616 0.79598403
vn -0.17688562 0.57889616 0.79598403
vn -0.17688562 0.57889616 0.79598403
vn 0.17639168 0.58209026 0.79376119
vn 0.17639168 0.58209026 0.79376119
vn 0.17639168 0.58209026 0.79376119
vn 0.17639168 0.58209026 0.79376119
vn 0.50885737 0.61026222 0.60716069
vn 0.50885737 0.61026222 0.60716069
vn 0.50885737 0.61026222 0.60716069
vn 0.50885737 0.61026222 0.60716069
vn 0.73317999 0.63986671 0.23025542
vn 0.73317999 0.63986671 0.23025542
vn 0.73317999 0.63986671 0.23025542
vn 0.73317999 0.63986671 0.23025542
vn 0.80389661 0.53910971 -0.25121889
vn 0.80389661 0.53910971 -0.25121889
vn 0.80389661 0.53910971 -0.25121889
vn 0.80389661 0.53910971 -0.25121889
vn 0.55498481 0.50836277 -0.65845221
vn 0.55498481 0.50836277 -0.65845221
vn 0.55498481 0.50836277 -0.65845221
vn 0.55498481 0.50836277 -0.65845221
vn 0.19531463 0.48524383 -0.85228550
vn 0.19531463 0.48524383 -0.85228550
vn 0.19531463 0.48524383 -0.85228550
vn 0.19531463 0.48524383 -0.85228550
vn -0.19558558 0.48305914 -0.85346359
vn -0.19558558 0.48305914 -0.85346359
vn -0.19558558 0.48305914 -0.85346359
vn -0.19558558 0.48305914 -0.85346359
vn -0.55544758 0.50713849 -0.65900570
vn -0.55544758 0.50713849 -0.65900570
vn -0.55544758 0.50713849 -0.65900570
vn -0.55544758 0.50713849 -0.65900570
vn -0.80357850 0.53963000 -0.25111949
vn -0.80357850 0.53963000 -0.25111949
vn -0.80357850 0.53963000 -0.25111949
vn -0.80357850 0.53963000 -0.25111949
vn -0.80389661 0.53910971 0.25121889
vn -0.80389661 0.53910971 0.25121889
vn -0.80389661 0.53910971 0.25121889
vn -0.80389661 0.53910971 0.25121889
vn -0.55498201 0.50836241 0.65845466
vn -0.55498201 0.50836241 0.65845466
vn -0.55498201 0.50836241 0.65845466
vn -0.55498201 0.50836241 0.65845466
vn -0.19531660 0.48524365 0.85228521
vn -0.19531660 0.48524365 0.85228521
vn -0.19531660 0.48524365 0.85228521
vn -0.19531660 0.48524365 0.85228521
vn 0.19558576 0.48305857 0.85346395
vn 0.19558576 0.48305857 0.85346395
vn 0.19558576 0.48305857 0.85346395
vn 0.19558576 0.48305857 0.85346395
vn 0.55544901 0.50713891 0.65900427
vn 0.55544901 0.50713891 0.65900427
vn 0.55544901 0.50713891 0.65900427
vn 0.55544901 0.50713891 0.65900427
vn 0.80357850 0.53963000 0.25111949
vn 0.80357850 0.53963000 0.25111949
vn 0.80357850 0.53963000 0.25111949
vn 0.80357850 0.53963000 0.25111949
vn 0.00000000 -1.00000000 -0.00000000
vn 0.00000000 -1.00000000 -0.00000000
vn 0.00000000 -1.00000000 -0.00000000
vn -0.00000000 -1.00000000 -0.00000000
vn -0.00000000 -1.00000000 -0.00000000
vn -0.00000000 -1.00000000 -0.00000000
vn -0.00000000 -1.00000000 -0.00000000
vn -0.00000000 -1.00000000 -0.00000000
vn -0.00000000 -1.00000000 -0.00000000
vn -0.00000000 -1.00000000 -0.00000000
vn -0.00000000 -1.00000000 -0.00000000
vn -0.00000000 -1.00000000 -0.00000000
vn -0.00000000 -0.99999994 -0.00000000
vn -0.00000000 -0.99999994 -0.00000000
vn -0.00000000 -0.99999994 -0.00000000
vn -0.00000000 -1.00000000 -0.00000000
vn -0.00000000 -1.00000000 -0.00000000
vn -0.00000000 -1.00000000 -0.00000000
vn -0.00000000 -1.00000000 -0.00000000
vn -0.00000000 -1.00000000 -0.00000000
vn -0.00000000 -1.00000000 -0.00000000
vn -0.00000000 -0.99999994 -0.00000000
vn -0.00000000 -0.99999994 -0.00000000
vn -0.00000000 -0.99999994 -0.00000000
vn -0.00000000 -1.00000000 0.00000000
vn -0.00000000 -1.00000000 0.00000000
vn -0.00000000 -1.00000000 0.00000000
vn -0.00000000 -1.00000000 -0.00000000
vn -0.00000000 -1.00000000 -0.00000000
vn -0.00000000 -1.00000000 -0.00000000
vn -0.00000000 -1.00000000 -0.00000000
vn -0.00000000 -1.00000000 -0.00000000
vn -0.00000000 -1.00000000 -0.00000000
vn -0.00000000 -1.00000000 -0.00000000
vn -0.00000000 -1.00000000 -0.00000000
vn -0.00000000 -1.00000000 -0.00000000
vn 0.55767733 0.81191146 -0.17261432
vn 0.55767733 0.81191146 -0.17261432
vn 0.55767733 0.81191146 -0.17261432
vn 0.39333743 0.78898638 -0.47200239
vn 0.39333743 0.78898638 -0.47200239
vn 0.39333743 0.78898638 -0.47200239
vn 0.13808687 0.76613092 -0.62767464
vn 0.13808687 0.76613092 -0.62767464
vn 0.13808687 0.76613092 -0.62767464
vn -0.13808817 0.76613075 -0.62767458
vn -0.13808817 0.76613075 -0.62767458
vn -0.13808817 0.76613075 -0.62767458
vn -0.39333504 0.78898537 -0.47200584
vn -0.39333504 0.78898537 -0.47200584
vn -0.39333504 0.78898537 -0.47200584
vn -0.55767733 0.81191146 -0.17261432
vn -0.55767733 0.81191146 -0.17261432
vn -0.55767733 0.81191146 -0.17261432
vn -0.55767733 0.81191146 0.17261432
vn -0.55767733 0.81191146 0.17261432
vn -0.55767733 0.81191146 0.17261432
vn -0.39333504 0.78898549 0.47200584
vn -0.39333504 0.78898549 0.47200584
vn -0.39333504 0.78898549 0.47200584
vn -0.13808817 0.76613075 0.62767458
vn -0.13808817 0.76613075 0.62767458
vn -0.13808817 0.76613075 0.62767458
vn 0.13808687 0.76613092 0.62767464
vn 0.13808687 0.76613092 0.62767464
vn 0.13808687 0.76613092 0.62767464
vn 0.39333743 0.78898638 0.47200239
vn 0.39333743 0.78898638 0.47200239
vn 0.39333743 0.78898638 0.47200239
vn 0.55767733 0.81191146 0.17261432
vn 0.55767733 0.81191146 0.17261432
vn 0.55767733 0.81191146 0.17261432
vn -0.23903820 0.96810389 -0.07507003
vn -0.23903820 0.96810389 -0.07507003
vn -0.23903820 0.96810389 -0.07507003
vn -0.23903820 0.96810389 -0.07507003
vn -0.17411163 0.96256232 -0.20774704
vn -0.17411163 0.96256232 -0.20774704
vn -0.17411163 0.96256232 -0.20774704
vn -0.17411163 0.96256232 -0.20774704
vn -0.06267464 0.95735466 -0.28203541
vn -0.06267464 0.95735466 -0.28203541
vn -0.06267464 0.95735466 -0.28203541
vn -0.06267464 0.95735466 -0.28203541
vn 0.06258079 0.95748508 -0.28161317
vn 0.06258079 0.95748508 -0.28161317
vn 0.06258079 0.95748508 -0.28161317
vn 0.06258079 0.95748508 -0.28161317
vn 0.17436081 0.96245307 -0.20804432
vn 0.17436081 0.96245307 -0.20804432
vn 0.17436081 0.96245307 -0.20804432
vn 0.17436081 0.96245307 -0.20804432
vn 0.23993373 0.96786058 -0.07535033
vn 0.23993373 0.96786058 -0.07535033
vn 0.23993373 0.96786058 -0.07535033
vn 0.23993373 0.96786058 -0.07535033
vn 0.23903690 0.96810436 0.07506868
vn 0.23903690 0.96810436 0.07506868
vn 0.23903690 0.96810436 0.07506868
vn 0.23903690 0.96810436 0.07506868
vn 0.17411225 0.96256202 0.20774803
vn 0.17411225 0.96256202 0.20774803
vn 0.17411225 0.96256202 0.20774803
vn 0.17411225 0.96256202 0.20774803
vn 0.06267464 0.95735466 0.28203541
vn 0.06267464 0.95735466 0.28203541
vn 0.06267464 0.95735466 0.28203541
vn 0.06267464 0.95735466 0.28203541
vn -0.06258071 0.95748520 0.28161269
vn -0.06258071 0.95748520 0.28161269
vn -0.06258071 0.95748520 0.28161269
vn -0.06258071 0.95748520 0.28161269
vn -0.17436065 0.96245313 0.20804441
vn -0.17436065 0.96245313 0.20804441
vn -0.17436065 0.96245313 0.20804441
vn -0.17436065 0.96245313 0.20804441
vn -0.23993203 0.96786100 0.07535073
vn -0.23993203 0.96786100 0.07535073
vn -0.23993203 0.96786100 0.07535073
vn -0.23993203 0.96786100 0.07535073
vn -0.73337138 0.64003366 -0.22917965
vn -0.73337138 0.64003366 -0.22917965
vn -0.73337138 0.64003366 -0.22917965
vn -0.73337138 0.64003366 -0.22917965
vn -0.51031941 0.61073130 -0.60545963
vn -0.51031941 0.61073130 -0.60545963
vn -0.51031941 0.61073130 -0.60545963
vn -0.51031941 0.61073130 -0.60545963
vn -0.18146966 0.58310312 -0.79187089
vn -0.18146966 0.58310312 -0.79187089
vn -0.18146966 0.58310312 -0.79187089
vn -0.18146966 0.58310312 -0.79187089
vn 0.18223222 0.57832283 -0.79519445
vn 0.18223222 0.57832283 -0.79519445
vn 0.18223222 0.57832283 -0.79519445
vn 0.18223222 0.57832283 -0.79519445
vn 0.51117563 0.60900056 -0.60647970
vn 0.51117563 0.60900056 -0.60647970
vn 0.51117563 0.60900056 -0.60647970
vn 0.51117563 0.60900056 -0.60647970
vn 0.73395795 0.63929522 -0.22936293
vn 0.73395795 0.63929522 -0.22936293
vn 0.73395795 0.63929522 -0.22936293
vn 0.73395795 0.63929522 -0.22936293
vn 0.73337287 0.64003181 0.22918011
vn 0.73337287 0.64003181 0.22918011
vn 0.73337287 0.64003181 0.22918011
vn 0.73337287 0.64003181 0.22918011
vn 0.51031709 0.61073059 0.60546225
vn 0.51031709 0.61073059 0.60546225
vn 0.51031709 0.61073059 0.60546225
vn 0.51031709 0.61073059 0.60546225
vn 0.18147132 0.58310407 0.79186988
vn 0.18147132 0.58310407 0.79186988
vn 0.18147132 0.58310407 0.79186988
vn 0.18147132 0.58310407 0.79186988
vn -0.18223238 0.57832223 0.79519475
vn -0.18223238 0.57832223 0.79519475
vn -0.18223238 0.57832223 0.79519475
vn -0.18223238 0.57832223 0.79519475
vn -0.51117790 0.60899913 0.60647941
vn -0.51117790 0.60899913 0.60647941
vn -0.51117790 0.60899913 0.60647941
vn -0.51117790 0.60899913 0.60647941
vn -0.73395795 0.63929522 0.22936293
vn -0.73395795 0.63929522 0.22936293
vn -0.73395795 0.63929522 0.22936293
vn -0.73395795 0.63929522 0.22936293
vn -0.80405945 0.53995299 -0.24887548
vn -0.80405945 0.53995299 -0.24887548
vn -0.80405945 0.53995299 -0.24887548
vn -0.80405945 0.53995299 -0.24887548
vn -0.55211717 0.50617319 -0.66253710
vn -0.55211717 0.50617319 -0.66253710
vn -0.55211717 0.50617319 -0.66253710
vn -0.55211717 0.50617319 -0.66253710
vn -0.18828142 0.48176584 -0.85583395
vn -0.18828142 0.48176584 -0.85583395
vn -0.18828142 0.48176584 -0.85583395
vn -0.18828142 0.48176584 -0.85583395
vn 0.18778349 0.48597103 -0.85356283
vn 0.18778349 0.48597103 -0.85356283
vn 0.18778349 0.48597103 -0.85356283
vn 0.18778349 0.48597103 -0.85356283
vn 0.55121088 0.50856584 -0.66145843
vn 0.55121088 0.50856584 -0.66145843
vn 0.55121088 0.50856584 -0.66145843
vn 0.55121088 0.50856584 -0.66145843
vn 0.80466640 0.53896135 -0.24906336
vn 0.80466640 0.53896135 -0.24906336
vn 0.80466640 0.53896135 -0.24906336
vn 0.80466640 0.53896135 -0.24906336
vn 0.80405945 0.53995299 0.24887548
vn 0.80405945 0.53995299 0.24887548
vn 0.80405945 0.53995299 0.24887548
vn 0.80405945 0.53995299 0.24887548
vn 0.55211323 0.50617200 0.66254115
vn 0.55211323 0.50617200 0.66254115
vn 0.55211323 0.50617200 0.66254115
vn 0.55211323 0.50617200 0.66254115
vn 0.18828312 0.48176560 0.85583383
vn 0.18828312 0.48176560 0.85583383
vn 0.18828312 0.48176560 0.85583383
vn 0.18828312 0.48176560 0.85583383
vn -0.18778175 0.48597118 0.85356313
vn -0.18778175 0.48597118 0.85356313
vn -0.18778175 0.48597118 0.85356313
vn -0.18778175 0.48597118 0.85356313
vn -0.55121559 0.50856519 0.66145521
vn -0.55121559 0.50856519 0.66145521
vn -0.55121559 0.50856519 0.66145521
vn -0.55121559 0.50856519 0.66145521
vn -0.80466640 0.53896135 0.24906336
vn -0.80466640 0.53896135 0.24906336
vn -0.80466640 0.53896135 0.24906336
vn -0.80466640 0.53896135 0.24906336
vn -0.00000000 -1.00000000 0.00000000
vn -0.00000000 -1.00000000 0.00000000
vn -0.00000000 -1.00000000 0.00000000
vn 0.00000000 -1.00000000 0.00000000
vn 0.00000000 -1.00000000 0.00000000
vn 0.00000000 -1.00000000 0.00000000
vn 0.00000000 -1.00000000 0.00000000
vn 0.00000000 -1.00000000 0.00000000
vn 0.00000000 -1.00000000 0.00000000
vn 0.00000000 -1.00000000 -0.00000000
vn 0.00000000 -1.00000000 -0.00000000
vn 0.00000000 -1.00000000 -0.00000000
vn 0.00000000 -0.99999994 0.00000000
vn 0.00000000 -0.99999994 0.00000000
vn 0.00000000 -0.99999994 0.00000000
vn 0.00000000 -1.00000000 0.00000000
vn 0.00000000 -1.00000000 0.00000000
vn 0.00000000 -1.00000000 0.00000000
vn 0.00000000 -1.00000000 0.00000000
vn 0.00000000 -1.00000000 0.00000000
vn 0.00000000 -1.00000000 0.00000000
vn 0.00000000 -0.99999994 0.00000000
vn 0.00000000 -0.99999994 0.00000000
vn 0.00000000 -0.99999994 0.00000000
vn 0.00000000 -1.00000000 0.00000000
vn 0.00000000 -1.00000000 0.00000000
vn 0.00000000 -1.00000000 0.00000000
vn 0.00000000 -1.00000000 0.00000000
vn 0.00000000 -1.00000000 0.00000000
vn 0.00000000 -1.00000000 0.00000000
vn 0.00000000 -1.00000000 0.00000000
vn 0.00000000 -1.00000000 0.00000000
vn 0.00000000 -1.00000000 0.00000000
vn 0.00000000 -1.00000000 0.00000000
vn 0.00000000 -1.00000000 0.00000000
vn 0.00000000 -1.00000000 0.00000000
vn -0.55767733 0.81191146 -0.17261432
vn -0.55767733 0.81191146 -0.17261432
vn -0.55767733 0.81191146 -0.17261432
vn -0.39333743 0.78898638 -0.47200239
vn -0.39333743 0.78898638 -0.47200239
vn -0.39333743 0.78898638 -0.47200239
vn -0.13808687 0.76613092 -0.62767464
vn -0.13808687 0.76613092 -0.62767464
vn -0.13808687 0.76613092 -0.62767464
vn 0.13808817 0.76613075 -0.62767458
vn 0.13808817 0.76613075 -0.62767458
vn 0.13808817 0.76613075 -0.62767458
vn 0.39333504 0.78898537 -0.47200584
vn 0.39333504 0.78898537 -0.47200584
vn 0.39333504 0.78898537 -0.47200584
vn 0.55767733 0.81191146 -0.17261432
vn 0.55767733 0.81191146 -0.17261432
vn 0.55767733 0.81191146 -0.17261432
vn 0.55767733 0.81191146 0.17261432
vn 0.55767733 0.81191146 0.17261432
vn 0.55767733 0.81191146 0.17261432
vn 0.39333504 0.78898549 0.47200584
vn 0.39333504 0.78898549 0.47200584
vn 0.39333504 0.78898549 0.47200584
vn 0.13808817 0.76613075 0.62767458
vn 0.13808817 0.76613075 0.62767458
vn 0.13808817 0.76613075 0.62767458
vn -0.13808687 0.76613092 0.62767464
vn -0.13808687 0.76613092 0.62767464
vn -0.13808687 0.76613092 0.62767464
vn -0.39333743 0.78898638 0.47200239
vn -0.39333743 0.78898638 0.47200239
vn -0.39333743 0.78898638 0.47200239
vn -0.55767733 0.81191146 0.17261432
vn -0.55767733 0.81191146 0.17261432
vn -0.55767733 0.81191146 0.17261432
vn -0.23972636 -0.96787810 -0.07578415
vn -0.23972636 -0.96787810 -0.07578415
vn -0.23972636 -0.96787810 -0.07578415
vn -0.23972636 -0.96787810 -0.07578415
vn -0.17422111 -0.96245754 -0.20814054
vn -0.17422111 -0.96245754 -0.20814054
vn -0.17422111 -0.96245754 -0.20814054
vn -0.17422111 -0.96245754 -0.20814054
vn -0.06275009 -0.95747483 -0.28161016
vn -0.06275009 -0.95747483 -0.28161016
vn -0.06275009 -0.95747483 -0.28161016
vn -0.06275009 -0.95747483 -0.28161016
vn 0.06282362 -0.95737302 -0.28194007
vn 0.06282362 -0.95737302 -0.28194007
vn 0.06282362 -0.95737302 -0.28194007
vn 0.06282362 -0.95737302 -0.28194007
vn 0.17402758 -0.96254271 -0.20790860
vn 0.17402758 -0.96254271 -0.20790860
vn 0.17402758 -0.96254271 -0.20790860
vn 0.17402758 -0.96254271 -0.20790860
vn 0.23902793 -0.96806800 -0.07556409
vn 0.23902793 -0.96806800 -0.07556409
vn 0.23902793 -0.96806800 -0.07556409
vn 0.23902793 -0.96806800 -0.07556409
vn 0.23972607 -0.96787804 0.07578479
vn 0.23972607 -0.96787804 0.07578479
vn 0.23972607 -0.96787804 0.07578479
vn 0.23972607 -0.96787804 0.07578479
vn 0.17422070 -0.96245790 0.20813952
vn 0.17422070 -0.96245790 0.20813952
vn 0.17422070 -0.96245790 0.20813952
vn 0.17422070 -0.96245790 0.20813952
vn 0.06275018 -0.95747501 0.28160971
vn 0.06275018 -0.95747501 0.28160971
vn 0.06275018 -0.95747501 0.28160971
vn 0.06275018 -0.95747501 0.28160971
vn -0.06282385 -0.95737284 0.28194037
vn -0.06282385 -0.95737284 0.28194037
vn -0.06282385 -0.95737284 0.28194037
vn -0.06282385 -0.95737284 0.28194037
vn -0.17402728 -0.96254259 0.20790920
vn -0.17402728 -0.96254259 0.20790920
vn -0.17402728 -0.96254259 0.20790920
vn -0.17402728 -0.96254259 0.20790920
vn -0.23902924 -0.96806771 0.07556377
vn -0.23902924 -0.96806771 0.07556377
vn -0.23902924 -0.96806771 0.07556377
vn -0.23902924 -0.96806771 0.07556377
vn -0.73356903 -0.63937670 -0.23037760
vn -0.73356903 -0.63937670 -0.23037760
vn -0.73356903 -0.63937670 -0.23037760
vn -0.73356903 -0.63937670 -0.23037760
vn -0.50942999 -0.60910428 -0.60784310
vn -0.50942999 -0.60910428 -0.60784310
vn -0.50942999 -0.60910428 -0.60784310
vn -0.50942999 -0.60910428 -0.60784310
vn -0.17688555 -0.57889676 -0.79598367
vn -0.17688555 -0.57889676 -0.79598367
vn -0.17688555 -0.57889676 -0.79598367
vn -0.17688555 -0.57889676 -0.79598367
vn 0.17639221 -0.58209038 -0.79376107
vn 0.17639221 -0.58209038 -0.79376107
vn 0.17639221 -0.58209038 -0.79376107
vn 0.17639221 -0.58209038 -0.79376107
vn 0.50885844 -0.61026102 -0.60716122
vn 0.50885844 -0.61026102 -0.60716122
vn 0.50885844 -0.61026102 -0.60716122
vn 0.50885844 -0.61026102 -0.60716122
vn 0.73318148 -0.63986480 -0.23025589
vn 0.73318148 -0.63986480 -0.23025589
vn 0.73318148 -0.63986480 -0.23025589
vn 0.73318148 -0.63986480 -0.23025589
vn 0.73356903 -0.63937670 0.23037760
vn 0.73356903 -0.63937670 0.23037760
vn 0.73356903 -0.63937670 0.23037760
vn 0.73356903 -0.63937670 0.23037760
vn 0.50942957 -0.60910428 0.60784346
vn 0.50942957 -0.60910428 0.60784346
vn 0.50942957 -0.60910428 0.60784346
vn 0.50942957 -0.60910428 0.60784346
vn 0.17688619 -0.57889611 0.79598391
vn 0.17688619 -0.57889611 0.79598391
vn 0.17688619 -0.57889611 0.79598391
vn 0.17688619 -0.57889611 0.79598391
vn -0.17639168 -0.58209026 0.79376119
vn -0.17639168 -0.58209026 0.79376119
vn -0.17639168 -0.58209026 0.79376119
vn -0.17639168 -0.58209026 0.79376119
vn -0.50885808 -0.61026084 0.60716152
vn -0.50885808 -0.61026084 0.60716152
vn -0.50885808 -0.61026084 0.60716152
vn -0.50885808 -0.61026084 0.60716152
vn -0.73317999 -0.63986671 0.23025542
vn -0.73317999 -0.63986671 0.23025542
vn -0.73317999 -0.63986671 0.23025542
vn -0.73317999 -0.63986671 0.23025542
vn -0.80389690 -0.53911144 -0.25121421
vn -0.80389690 -0.53911144 -0.25121421
vn -0.80389690 -0.53911144 -0.25121421
vn -0.80389690 -0.53911144 -0.25121421
vn -0.55498254 -0.50836289 -0.65845400
vn -0.55498254 -0.50836289 -0.65845400
vn -0.55498254 -0.50836289 -0.65845400
vn -0.55498254 -0.50836289 -0.65845400
vn -0.19531463 -0.48524383 -0.85228550
vn -0.19531463 -0.48524383 -0.85228550
vn -0.19531463 -0.48524383 -0.85228550
vn -0.19531463 -0.48524383 -0.85228550
vn 0.19558558 -0.48305914 -0.85346359
vn 0.19558558 -0.48305914 -0.85346359
vn 0.19558558 -0.48305914 -0.85346359
vn 0.19558558 -0.48305914 -0.85346359
vn 0.55544758 -0.50713849 -0.65900570
vn 0.55544758 -0.50713849 -0.65900570
vn 0.55544758 -0.50713849 -0.65900570
vn 0.55544758 -0.50713849 -0.65900570
vn 0.80357850 -0.53963000 -0.25111949
vn 0.80357850 -0.53963000 -0.25111949
vn 0.80357850 -0.53963000 -0.25111949
vn 0.80357850 -0.53963000 -0.25111949
vn 0.80389661 -0.53910971 0.25121889
vn 0.80389661 -0.53910971 0.25121889
vn 0.80389661 -0.53910971 0.25121889
vn 0.80389661 -0.53910971 0.25121889
vn 0.55498201 -0.50836241 0.65845466
vn 0.55498201 -0.50836241 0.65845466
vn 0.55498201 -0.50836241 0.65845466
vn 0.55498201 -0.50836241 0.65845466
vn 0.19531660 -0.48524365 0.85228521
vn 0.19531660 -0.48524365 0.85228521
vn 0.19531660 -0.48524365 0.85228521
vn 0.19531660 -0.48524365 0.85228521
vn -0.19558576 -0.48305857 0.85346395
vn -0.19558576 -0.48305857 0.85346395
vn -0.19558576 -0.48305857 0.85346395
vn -0.19558576 -0.48305857 0.85346395
vn -0.55544651 -0.50713974 0.65900570
vn -0.55544651 -0.50713974 0.65900570
vn -0.55544651 -0.50713974 0.65900570
vn -0.55544651 -0.50713974 0.65900570
vn -0.80357951 -0.53963071 0.25111499
vn -0.80357951 -0.53963071 0.25111499
vn -0.80357951 -0.53963071 0.25111499
vn -0.80357951 -0.53963071 0.25111499
vn 0.00000000 1.00000000 -0.00000000
vn 0.00000000 1.00000000 -0.00000000
vn 0.00000000 1.00000000 -0.00000000
vn -0.00000000 1.00000000 -0.00000000
vn -0.00000000 1.00000000 -0.00000000
vn -0.00000000 1.00000000 -0.00000000
vn -0.00000000 0.99999994 -0.00000000
vn -0.00000000 0.99999994 -0.00000000
vn -0.00000000 0.99999994 -0.00000000
vn -0.00000000 1.00000000 0.00000000
vn -0.00000000 1.00000000 0.00000000
vn -0.00000000 1.00000000 0.00000000
vn -0.00000000 1.00000000 -0.00000000
vn -0.00000000 1.00000000 -0.00000000
vn -0.00000000 1.00000000 -0.00000000
vn -0.00000000 1.00000000 -0.00000000
vn -0.00000000 1.00000000 -0.00000000
vn -0.00000000 1.00000000 -0.00000000
vn -0.00000000 1.00000000 -0.00000000
vn -0.00000000 1.00000000 -0.00000000
vn -0.00000000 1.00000000 -0.00000000
vn -0.00000000 1.00000000 -0.00000000
vn -0.00000000 1.00000000 -0.00000000
vn -0.00000000 1.00000000 -0.00000000
vn -0.00000000 1.00000000 -0.00000000
vn -0.00000000 1.00000000 -0.00000000
vn -0.00000000 1.00000000 -0.00000000
vn -0.00000000 0.99999994 -0.00000000
vn -0.00000000 0.99999994 -0.00000000
vn -0.00000000 0.99999994 -0.00000000
vn -0.00000000 1.00000000 -0.00000000
vn -0.00000000 1.00000000 -0.00000000
vn -0.00000000 1.00000000 -0.00000000
vn -0.00000000 1.00000000 -0.00000000
vn -0.00000000 1.00000000 -0.00000000
vn -0.00000000 1.00000000 -0.00000000
vn -0.55767733 -0.81191146 -0.17261432
vn -0.55767733 -0.81191146 -0.17261432
vn -0.55767733 -0.81191146 -0.17261432
vn -0.39333743 -0.78898638 -0.47200239
vn -0.39333743 -0.78898638 -0.47200239
vn -0.39333743 -0.78898638 -0.47200239
vn -0.13808687 -0.76613092 -0.62767464
vn -0.13808687 -0.76613092 -0.62767464
vn -0.13808687 -0.76613092 -0.62767464
vn 0.13808817 -0.76613075 -0.62767458
vn 0.13808817 -0.76613075 -0.62767458
vn 0.13808817 -0.76613075 -0.62767458
vn 0.39333504 -0.78898537 -0.47200584
vn 0.39333504 -0.78898537 -0.47200584
vn 0.39333504 -0.78898537 -0.47200584
vn 0.55767733 -0.81191146 -0.17261432
vn 0.55767733 -0.81191146 -0.17261432
vn 0.55767733 -0.81191146 -0.17261432
vn 0.55767733 -0.81191146 0.17261432
vn 0.55767733 -0.81191146 0.17261432
vn 0.55767733 -0.81191146 0.17261432
vn 0.39333504 -0.78898549 0.47200584
vn 0.39333504 -0.78898549 0.47200584
vn 0.39333504 -0.78898549 0.47200584
vn 0.13808817 -0.76613075 0.62767458
vn 0.13808817 -0.76613075 0.62767458
vn 0.13808817 -0.76613075 0.62767458
vn -0.13808687 -0.76613092 0.62767464
vn -0.13808687 -0.76613092 0.62767464
vn -0.13808687 -0.76613092 0.62767464
vn -0.39333743 -0.78898638 0.47200239
vn -0.39333743 -0.78898638 0.47200239
vn -0.39333743 -0.78898638 0.47200239
vn -0.55767733 -0.81191146 0.17261432
vn -0.55767733 -0.81191146 0.17261432
vn -0.55767733 -0.81191146 0.17261432
vn 0.23903820 -0.96810389 -0.07507003
vn 0.23903820 -0.96810389 -0.07507003
vn 0.23903820 -0.96810389 -0.07507003
vn 0.23903820 -0.96810389 -0.07507003
vn 0.17411163 -0.96256232 -0.20774704
vn 0.17411163 -0.96256232 -0.20774704
vn 0.17411163 -0.96256232 -0.20774704
vn 0.17411163 -0.96256232 -0.20774704
vn 0.06267464 -0.95735466 -0.28203541
vn 0.06267464 -0.95735466 -0.28203541
vn 0.06267464 -0.95735466 -0.28203541
vn 0.06267464 -0.95735466 -0.28203541
vn -0.06258100 -0.95748508 -0.28161314
vn -0.06258100 -0.95748508 -0.28161314
vn -0.06258100 -0.95748508 -0.28161314
vn -0.06258100 -0.95748508 -0.28161314
vn -0.17436010 -0.96245337 -0.20804347
vn -0.17436010 -0.96245337 -0.20804347
vn -0.17436010 -0.96245337 -0.20804347
vn -0.17436010 -0.96245337 -0.20804347
vn -0.23993203 -0.96786100 -0.07535073
vn -0.23993203 -0.96786100 -0.07535073
vn -0.23993203 -0.96786100 -0.07535073
vn -0.23993203 -0.96786100 -0.07535073
vn -0.23903689 -0.96810430 0.07506962
vn -0.23903689 -0.96810430 0.07506962
vn -0.23903689 -0.96810430 0.07506962
vn -0.23903689 -0.96810430 0.07506962
vn -0.17411157 -0.96256238 0.20774725
vn -0.17411157 -0.96256238 0.20774725
vn -0.17411157 -0.96256238 0.20774725
vn -0.17411157 -0.96256238 0.20774725
vn -0.06267474 -0.95735484 0.28203490
vn -0.06267474 -0.95735484 0.28203490
vn -0.06267474 -0.95735484 0.28203490
vn -0.06267474 -0.95735484 0.28203490
vn 0.06258071 -0.95748520 0.28161269
vn 0.06258071 -0.95748520 0.28161269
vn 0.06258071 -0.95748520 0.28161269
vn 0.06258071 -0.95748520 0.28161269
vn 0.17436065 -0.96245313 0.20804441
vn 0.17436065 -0.96245313 0.20804441
vn 0.17436065 -0.96245313 0.20804441
vn 0.17436065 -0.96245313 0.20804441
vn 0.23993203 -0.96786100 0.07535073
vn 0.23993203 -0.96786100 0.07535073
vn 0.23993203 -0.96786100 0.07535073
vn 0.23993203 -0.96786100 0.07535073
vn 0.73337215 -0.64003432 -0.22917554
vn 0.73337215 -0.64003432 -0.22917554
vn 0.73337215 -0.64003432 -0.22917554
vn 0.73337215 -0.64003432 -0.22917554
vn 0.51031834 -0.61072934 -0.60546249
vn 0.51031834 -0.61072934 -0.60546249
vn 0.51031834 -0.61072934 -0.60546249
vn 0.51031834 -0.61072934 -0.60546249
vn 0.18146966 -0.58310312 -0.79187089
vn 0.18146966 -0.58310312 -0.79187089
vn 0.18146966 -0.58310312 -0.79187089
vn 0.18146966 -0.58310312 -0.79187089
vn -0.18223222 -0.57832283 -0.79519445
vn -0.18223222 -0.57832283 -0.79519445
vn -0.18223222 -0.57832283 -0.79519445
vn -0.18223222 -0.57832283 -0.79519445
vn -0.51117641 -0.60899919 -0.60648054
vn -0.51117641 -0.60899919 -0.60648054
vn -0.51117641 -0.60899919 -0.60648054
vn -0.51117641 -0.60899919 -0.60648054
vn -0.73395944 -0.63929337 -0.22936344
vn -0.73395944 -0.63929337 -0.22936344
vn -0.73395944 -0.63929337 -0.22936344
vn -0.73395944 -0.63929337 -0.22936344
vn -0.73337287 -0.64003181 0.22918011
vn -0.73337287 -0.64003181 0.22918011
vn -0.73337287 -0.64003181 0.22918011
vn -0.73337287 -0.64003181 0.22918011
vn -0.51031786 -0.61072922 0.60546315
vn -0.51031786 -0.61072922 0.60546315
vn -0.51031786 -0.61072922 0.60546315
vn -0.51031786 -0.61072922 0.60546315
vn -0.18147139 -0.58310348 0.79187030
vn -0.18147139 -0.58310348 0.79187030
vn -0.18147139 -0.58310348 0.79187030
vn -0.18147139 -0.58310348 0.79187030
vn 0.18223238 -0.57832223 0.79519475
vn 0.18223238 -0.57832223 0.79519475
vn 0.18223238 -0.57832223 0.79519475
vn 0.18223238 -0.57832223 0.79519475
vn 0.51117581 -0.60899925 0.60648108
vn 0.51117581 -0.60899925 0.60648108
vn 0.51117581 -0.60899925 0.60648108
vn 0.51117581 -0.60899925 0.60648108
vn 0.73396099 -0.63929307 0.22935954
vn 0.73396099 -0.63929307 0.22935954
vn 0.73396099 -0.63929307 0.22935954
vn 0.73396099 -0.63929307 0.22935954
vn 0.80405945 -0.53995299 -0.24887548
vn 0.80405945 -0.53995299 -0.24887548
vn 0.80405945 -0.53995299 -0.24887548
vn 0.80405945 -0.53995299 -0.24887548
vn 0.55211663 -0.50617456 -0.66253644
vn 0.55211663 -0.50617456 -0.66253644
vn 0.55211663 -0.50617456 -0.66253644
vn 0.55211663 -0.50617456 -0.66253644
vn 0.18828142 -0.48176584 -0.85583395
vn 0.18828142 -0.48176584 -0.85583395
vn 0.18828142 -0.48176584 -0.85583395
vn 0.18828142 -0.48176584 -0.85583395
vn -0.18778349 -0.48597103 -0.85356283
vn -0.18778349 -0.48597103 -0.85356283
vn -0.18778349 -0.48597103 -0.85356283
vn -0.18778349 -0.48597103 -0.85356283
vn -0.55121088 -0.50856584 -0.66145843
vn -0.55121088 -0.50856584 -0.66145843
vn -0.55121088 -0.50856584 -0.66145843
vn -0.55121088 -0.50856584 -0.66145843
vn -0.80466640 -0.53896135 -0.24906336
vn -0.80466640 -0.53896135 -0.24906336
vn -0.80466640 -0.53896135 -0.24906336
vn -0.80466640 -0.53896135 -0.24906336
vn -0.80405945 -0.53995299 0.24887548
vn -0.80405945 -0.53995299 0.24887548
vn -0.80405945 -0.53995299 0.24887548
vn -0.80405945 -0.53995299 0.24887548
vn -0.55211323 -0.50617200 0.66254115
vn -0.55211323 -0.50617200 0.66254115
vn -0.55211323 -0.50617200 0.66254115
vn -0.55211323 -0.50617200 0.66254115
vn -0.18828312 -0.48176560 0.85583383
vn -0.18828312 -0.48176560 0.85583383
vn -0.18828312 -0.48176560 0.85583383
vn -0.18828312 -0.48176560 0.85583383
vn 0.18778175 -0.48597118 0.85356313
vn 0.18778175 -0.48597118 0.85356313
vn 0.18778175 -0.48597118 0.85356313
vn 0.18778175 -0.48597118 0.85356313
vn 0.55121559 -0.50856519 0.66145521
vn 0.55121559 -0.50856519 0.66145521
vn 0.55121559 -0.50856519 0.66145521
vn 0.55121559 -0.50856519 0.66145521
vn 0.80466521 -0.53896338 0.24906297
vn 0.80466521 -0.53896338 0.24906297
vn 0.80466521 -0.53896338 0.24906297
vn 0.80466521 -0.53896338 0.24906297
vn -0.00000000 1.00000000 0.00000000
vn -0.00000000 1.00000000 0.00000000
vn -0.00000000 1.00000000 0.00000000
vn 0.00000000 1.00000000 0.00000000
vn 0.00000000 1.00000000 0.00000000
vn 0.00000000 1.00000000 0.00000000
vn 0.00000000 0.99999994 0.00000000
vn 0.00000000 0.99999994 0.00000000
vn 0.00000000 0.99999994 0.00000000
vn 0.00000000 1.00000000 0.00000000
vn 0.00000000 1.00000000 0.00000000
vn 0.00000000 1.00000000 0.00000000
vn 0.00000000 1.00000000 0.00000000
vn 0.00000000 1.00000000 0.00000000
vn 0.00000000 1.00000000 0.00000000
vn 0.00000000 1.00000000 0.00000000
vn 0.00000000 1.00000000 0.00000000
vn 0.00000000 1.00000000 0.00000000
vn 0.00000000 1.00000000 0.00000000
vn 0.00000000 1.00000000 0.00000000
vn 0.00000000 1.00000000 0.00000000
vn 0.00000000 1.00000000 0.00000000
vn 0.00000000 1.00000000 0.00000000
vn 0.00000000 1.00000000 0.00000000
vn 0.00000000 1.00000000 -0.00000000
vn 0.00000000 1.00000000 -0.00000000
vn 0.00000000 1.00000000 -0.00000000
vn 0.00000000 0.99999994 0.00000000
vn 0.00000000 0.99999994 0.00000000
vn 0.00000000 0.99999994 0.00000000
vn 0.00000000 1.00000000 0.00000000
vn 0.00000000 1.00000000 0.00000000
vn 0.00000000 1.00000000 0.00000000
vn 0.00000000 1.00000000 0.00000000
vn 0.00000000 1.00000000 0.00000000
vn 0.00000000 1.00000000 0.00000000
vn 0.55767733 -0.81191146 -0.17261432
vn 0.55767733 -0.81191146 -0.17261432
vn 0.55767733 -0.81191146 -0.17261432
vn 0.39333743 -0.78898638 -0.47200239
vn 0.39333743 -0.78898638 -0.47200239
vn 0.39333743 -0.78898638 -0.47200239
vn 0.13808687 -0.76613092 -0.62767464
vn 0.13808687 -0.76613092 -0.62767464
vn 0.13808687 -0.76613092 -0.62767464
vn -0.13808817 -0.76613075 -0.62767458
vn -0.13808817 -0.76613075 -0.62767458
vn -0.13808817 -0.76613075 -0.62767458
vn -0.39333504 -0.78898537 -0.47200584
vn -0.39333504 -0.78898537 -0.47200584
vn -0.39333504 -0.78898537 -0.47200584
vn -0.55767733 -0.81191146 -0.17261432
vn -0.55767733 -0.81191146 -0.17261432
vn -0.55767733 -0.81191146 -0.17261432
vn -0.55767733 -0.81191146 0.17261432
vn -0.55767733 -0.81191146 0.17261432
vn -0.55767733 -0.81191146 0.17261432
vn -0.39333504 -0.78898549 0.47200584
vn -0.39333504 -0.78898549 0.47200584
vn -0.39333504 -0.78898549 0.47200584
vn -0.13808817 -0.76613075 0.62767458
vn -0.13808817 -0.76613075 0.62767458
vn -0.13808817 -0.76613075 0.62767458
vn 0.13808687 -0.76613092 0.62767464
vn 0.13808687 -0.76613092 0.62767464
vn 0.13808687 -0.76613092 0.62767464
vn 0.39333743 -0.78898638 0.47200239
vn 0.39333743 -0.78898638 0.47200239
vn 0.39333743 -0.78898638 0.47200239
vn 0.55767733 -0.81191146 0.17261432
vn 0.55767733 -0.81191146 0.17261432
vn 0.55767733 -0.81191146 0.17261432
vn -0.23972738 -0.96787775 -0.07578521
vn -0.23972738 -0.96787775 -0.07578521
vn -0.23972738 -0.96787775 -0.07578521
vn -0.23972738 -0.96787775 -0.07578521
vn -0.17422150 -0.96245760 -0.20814028
vn -0.17422150 -0.96245760 -0.20814028
vn -0.17422150 -0.96245760 -0.20814028
vn -0.17422150 -0.96245760 -0.20814028
vn -0.06275009 -0.95747483 -0.28161016
vn -0.06275009 -0.95747483 -0.28161016
vn -0.06275009 -0.95747483 -0.28161016
vn -0.06275009 -0.95747483 -0.28161016
vn 0.06282371 -0.95737284 -0.28194052
vn 0.06282371 -0.95737284 -0.28194052
vn 0.06282371 -0.95737284 -0.28194052
vn 0.06282371 -0.95737284 -0.28194052
vn 0.17402732 -0.96254253 -0.20790903
vn 0.17402732 -0.96254253 -0.20790903
vn 0.17402732 -0.96254253 -0.20790903
vn 0.17402732 -0.96254253 -0.20790903
vn 0.23902924 -0.96806771 -0.07556377
vn 0.23902924 -0.96806771 -0.07556377
vn 0.23902924 -0.96806771 -0.07556377
vn 0.23902924 -0.96806771 -0.07556377
vn 0.23972636 -0.96787810 0.07578415
vn 0.23972636 -0.96787810 0.07578415
vn 0.23972636 -0.96787810 0.07578415
vn 0.23972636 -0.96787810 0.07578415
vn 0.17422099 -0.96245760 0.20814063
vn 0.17422099 -0.96245760 0.20814063
vn 0.17422099 -0.96245760 0.20814063
vn 0.17422099 -0.96245760 0.20814063
vn 0.06275018 -0.95747501 0.28160971
vn 0.06275018 -0.95747501 0.28160971
vn 0.06275018 -0.95747501 0.28160971
vn 0.06275018 -0.95747501 0.28160971
vn -0.06282385 -0.95737284 0.28194037
vn -0.06282385 -0.95737284 0.28194037
vn -0.06282385 -0.95737284 0.28194037
vn -0.06282385 -0.95737284 0.28194037
vn -0.17402819 -0.96254236 0.20790955
vn -0.17402819 -0.96254236 0.20790955
vn -0.17402819 -0.96254236 0.20790955
vn -0.17402819 -0.96254236 0.20790955
vn -0.23902793 -0.96806800 0.07556409
vn -0.23902793 -0.96806800 0.07556409
vn -0.23902793 -0.96806800 0.07556409
vn -0.23902793 -0.96806800 0.07556409
vn -0.73356849 -0.63937837 -0.23037454
vn -0.73356849 -0.63937837 -0.23037454
vn -0.73356849 -0.63937837 -0.23037454
vn -0.73356849 -0.63937837 -0.23037454
vn -0.50942928 -0.60910565 -0.60784227
vn -0.50942928 -0.60910565 -0.60784227
vn -0.50942928 -0.60910565 -0.60784227
vn -0.50942928 -0.60910565 -0.60784227
vn -0.17688555 -0.57889676 -0.79598367
vn -0.17688555 -0.57889676 -0.79598367
vn -0.17688555 -0.57889676 -0.79598367
vn -0.17688555 -0.57889676 -0.79598367
vn 0.17639168 -0.58209026 -0.79376119
vn 0.17639168 -0.58209026 -0.79376119
vn 0.17639168 -0.58209026 -0.79376119
vn 0.17639168 -0.58209026 -0.79376119
vn 0.50885779 -0.61026239 -0.60716033
vn 0.50885779 -0.61026239 -0.60716033
vn 0.50885779 -0.61026239 -0.60716033
vn 0.50885779 -0.61026239 -0.60716033
vn 0.73317999 -0.63986671 -0.23025542
vn 0.73317999 -0.63986671 -0.23025542
vn 0.73317999 -0.63986671 -0.23025542
vn 0.73317999 -0.63986671 -0.23025542
vn 0.73356754 -0.63937861 0.23037714
vn 0.73356754 -0.63937861 0.23037714
vn 0.73356754 -0.63937861 0.23037714
vn 0.73356754 -0.63937861 0.23037714
vn 0.50942957 -0.60910428 0.60784346
vn 0.50942957 -0.60910428 0.60784346
vn 0.50942957 -0.60910428 0.60784346
vn 0.50942957 -0.60910428 0.60784346
vn 0.17688562 -0.57889616 0.79598403
vn 0.17688562 -0.57889616 0.79598403
vn 0.17688562 -0.57889616 0.79598403
vn 0.17688562 -0.57889616 0.79598403
vn -0.17639159 -0.58209074 0.79376084
vn -0.17639159 -0.58209074 0.79376084
vn -0.17639159 -0.58209074 0.79376084
vn -0.17639159 -0.58209074 0.79376084
vn -0.50885737 -0.61026222 0.60716069
vn -0.50885737 -0.61026222 0.60716069
vn -0.50885737 -0.61026222 0.60716069
vn -0.50885737 -0.61026222 0.60716069
vn -0.73318201 -0.63986534 0.23025317
vn -0.73318201 -0.63986534 0.23025317
vn -0.73318201 -0.63986534 0.23025317
vn -0.73318201 -0.63986534 0.23025317
vn -0.80389661 -0.53910971 -0.25121889
vn -0.80389661 -0.53910971 -0.25121889
vn -0.80389661 -0.53910971 -0.25121889
vn -0.80389661 -0.53910971 -0.25121889
vn -0.55498254 -0.50836289 -0.65845400
vn -0.55498254 -0.50836289 -0.65845400
vn -0.55498254 -0.50836289 -0.65845400
vn -0.55498254 -0.50836289 -0.65845400
vn -0.19531557 -0.48524377 -0.85228539
vn -0.19531557 -0.48524377 -0.85228539
vn -0.19531557 -0.48524377 -0.85228539
vn -0.19531557 -0.48524377 -0.85228539
vn 0.19558468 -0.48305899 -0.85346395
vn 0.19558468 -0.48305899 -0.85346395
vn 0.19558468 -0.48305899 -0.85346395
vn 0.19558468 -0.48305899 -0.85346395
vn 0.55544955 -0.50713903 -0.65900362
vn 0.55544955 -0.50713903 -0.65900362
vn 0.55544955 -0.50713903 -0.65900362
vn 0.55544955 -0.50713903 -0.65900362
vn 0.80357850 -0.53963000 -0.25111949
vn 0.80357850 -0.53963000 -0.25111949
vn 0.80357850 -0.53963000 -0.25111949
vn 0.80357850 -0.53963000 -0.25111949
vn 0.80389661 -0.53910971 0.25121889
vn 0.80389661 -0.53910971 0.25121889
vn 0.80389661 -0.53910971 0.25121889
vn 0.80389661 -0.53910971 0.25121889
vn 0.55498427 -0.50836235 0.65845287
vn 0.55498427 -0.50836235 0.65845287
vn 0.55498427 -0.50836235 0.65845287
vn 0.55498427 -0.50836235 0.65845287
vn 0.19531566 -0.48524371 0.85228533
vn 0.19531566 -0.48524371 0.85228533
vn 0.19531566 -0.48524371 0.85228533
vn 0.19531566 -0.48524371 0.85228533
vn -0.19558665 -0.48305878 0.85346359
vn -0.19558665 -0.48305878 0.85346359
vn -0.19558665 -0.48305878 0.85346359
vn -0.19558665 -0.48305878 0.85346359
vn -0.55544698 -0.50713825 0.65900630
vn -0.55544698 -0.50713825 0.65900630
vn -0.55544698 -0.50713825 0.65900630
vn -0.55544698 -0.50713825 0.65900630
vn -0.80357850 -0.53963000 0.25111949
vn -0.80357850 -0.53963000 0.25111949
vn -0.80357850 -0.53963000 0.25111949
vn -0.80357850 -0.53963000 0.25111949
vn 0.00000000 1.00000000 -0.00000000
vn 0.00000000 1.00000000 -0.00000000
vn 0.00000000 1.00000000 -0.00000000
vn -0.00000000 1.00000000 -0.00000000
vn -0.00000000 1.00000000 -0.00000000
vn -0.00000000 1.00000000 -0.00000000
vn -0.00000000 1.00000000 0.00000000
vn -0.00000000 1.00000000 0.00000000
vn -0.00000000 1.00000000 0.00000000
vn -0.00000000 1.00000000 -0.00000000
vn -0.00000000 1.00000000 -0.00000000
vn -0.00000000 1.00000000 -0.00000000
vn -0.00000000 1.00000000 -0.00000000
vn -0.00000000 1.00000000 -0.00000000
vn -0.00000000 1.00000000 -0.00000000
vn -0.00000000 1.00000000 -0.00000000
vn -0.00000000 1.00000000 -0.00000000
vn -0.00000000 1.00000000 -0.00000000
vn -0.00000000 1.00000000 -0.00000000
vn -0.00000000 1.00000000 -0.00000000
vn -0.00000000 1.00000000 -0.00000000
vn -0.00000000 1.00000000 -0.00000000
vn -0.00000000 1.00000000 -0.00000000
vn -0.00000000 1.00000000 -0.00000000
vn -0.00000000 1.00000000 -0.00000000
vn -0.00000000 1.00000000 -0.00000000
vn -0.00000000 1.00000000 -0.00000000
vn -0.00000000 1.00000000 -0.00000000
vn -0.00000000 1.00000000 -0.00000000
vn -0.00000000 1.00000000 -0.00000000
vn -0.00000000 1.00000000 -0.00000000
vn -0.00000000 1.00000000 -0.00000000
vn -0.00000000 1.00000000 -0.00000000
vn -0.00000000 1.00000000 -0.00000000
vn -0.00000000 1.00000000 -0.00000000
vn -0.00000000 1.00000000 -0.00000000
vn -0.55767733 -0.81191146 -0.17261432
vn -0.55767733 -0.81191146 -0.17261432
vn -0.55767733 -0.81191146 -0.17261432
vn -0.39333504 -0.78898549 -0.47200584
vn -0.39333504 -0.78898549 -0.47200584
vn -0.39333504 -0.78898549 -0.47200584
vn -0.13808817 -0.76613075 -0.62767458
vn -0.13808817 -0.76613075 -0.62767458
vn -0.13808817 -0.76613075 -0.62767458
vn 0.13808687 -0.76613092 -0.62767464
vn 0.13808687 -0.76613092 -0.62767464
vn 0.13808687 -0.76613092 -0.62767464
vn 0.39333743 -0.78898638 -0.47200239
vn 0.39333743 -0.78898638 -0.47200239
vn 0.39333743 -0.78898638 -0.47200239
vn 0.55767733 -0.81191146 -0.17261432
vn 0.55767733 -0.81191146 -0.17261432
vn 0.55767733 -0.81191146 -0.17261432
vn 0.55767733 -0.81191146 0.17261432
vn 0.55767733 -0.81191146 0.17261432
vn 0.55767733 -0.81191146 0.17261432
vn 0.39333743 -0.78898638 0.47200239
vn 0.39333743 -0.78898638 0.47200239
vn 0.39333743 -0.78898638 0.47200239
vn 0.13808687 -0.76613092 0.62767464
vn 0.13808687 -0.76613092 0.62767464
vn 0.13808687 -0.76613092 0.62767464
vn -0.13808817 -0.76613075 0.62767458
vn -0.13808817 -0.76613075 0.62767458
vn -0.13808817 -0.76613075 0.62767458
vn -0.39333504 -0.78898537 0.47200584
vn -0.39333504 -0.78898537 0.47200584
vn -0.39333504 -0.78898537 0.47200584
vn -0.55767733 -0.81191146 0.17261432
vn -0.55767733 -0.81191146 0.17261432
vn -0.55767733 -0.81191146 0.17261432
vn 0.23903690 -0.96810436 -0.07506868
vn 0.23903690 -0.96810436 -0.07506868
vn 0.23903690 -0.96810436 -0.07506868
vn 0.23903690 -0.96810436 -0.07506868
vn 0.17411235 -0.96256202 -0.20774786
vn 0.17411235 -0.96256202 -0.20774786
vn 0.17411235 -0.96256202 -0.20774786
vn 0.17411235 -0.96256202 -0.20774786
vn 0.06267464 -0.95735466 -0.28203541
vn 0.06267464 -0.95735466 -0.28203541
vn 0.06267464 -0.95735466 -0.28203541
vn 0.06267464 -0.95735466 -0.28203541
vn -0.06258079 -0.95748508 -0.28161317
vn -0.06258079 -0.95748508 -0.28161317
vn -0.06258079 -0.95748508 -0.28161317
vn -0.06258079 -0.95748508 -0.28161317
vn -0.17436081 -0.96245307 -0.20804432
vn -0.17436081 -0.96245307 -0.20804432
vn -0.17436081 -0.96245307 -0.20804432
vn -0.17436081 -0.96245307 -0.20804432
vn -0.23993203 -0.96786100 -0.07535073
vn -0.23993203 -0.96786100 -0.07535073
vn -0.23993203 -0.96786100 -0.07535073
vn -0.23993203 -0.96786100 -0.07535073
vn -0.23903820 -0.96810389 0.07507003
vn -0.23903820 -0.96810389 0.07507003
vn -0.23903820 -0.96810389 0.07507003
vn -0.23903820 -0.96810389 0.07507003
vn -0.17411157 -0.96256238 0.20774725
vn -0.17411157 -0.96256238 0.20774725
vn -0.17411157 -0.96256238 0.20774725
vn -0.17411157 -0.96256238 0.20774725
vn -0.06267464 -0.95735466 0.28203541
vn -0.06267464 -0.95735466 0.28203541
vn -0.06267464 -0.95735466 0.28203541
vn -0.06267464 -0.95735466 0.28203541
vn 0.06258071 -0.95748520 0.28161269
vn 0.06258071 -0.95748520 0.28161269
vn 0.06258071 -0.95748520 0.28161269
vn 0.06258071 -0.95748520 0.28161269
vn 0.17436065 -0.96245313 0.20804441
vn 0.17436065 -0.96245313 0.20804441
vn 0.17436065 -0.96245313 0.20804441
vn 0.17436065 -0.96245313 0.20804441
vn 0.23993373 -0.96786058 0.07535033
vn 0.23993373 -0.96786058 0.07535033
vn 0.23993373 -0.96786058 0.07535033
vn 0.23993373 -0.96786058 0.07535033
vn 0.73337287 -0.64003181 -0.22918011
vn 0.73337287 -0.64003181 -0.22918011
vn 0.73337287 -0.64003181 -0.22918011
vn 0.73337287 -0.64003181 -0.22918011
vn 0.51031768 -0.61073077 -0.60546172
vn 0.51031768 -0.61073077 -0.60546172
vn 0.51031768 -0.61073077 -0.60546172
vn 0.51031768 -0.61073077 -0.60546172
vn 0.18147041 -0.58310390 -0.79187018
vn 0.18147041 -0.58310390 -0.79187018
vn 0.18147041 -0.58310390 -0.79187018
vn 0.18147041 -0.58310390 -0.79187018
vn -0.18223134 -0.57832295 -0.79519451
vn -0.18223134 -0.57832295 -0.79519451
vn -0.18223134 -0.57832295 -0.79519451
vn -0.18223134 -0.57832295 -0.79519451
vn -0.51117849 -0.60899907 -0.60647887
vn -0.51117849 -0.60899907 -0.60647887
vn -0.51117849 -0.60899907 -0.60647887
vn -0.51117849 -0.60899907 -0.60647887
vn -0.73395795 -0.63929522 -0.22936293
vn -0.73395795 -0.63929522 -0.22936293
vn -0.73395795 -0.63929522 -0.22936293
vn -0.73395795 -0.63929522 -0.22936293
vn -0.73337138 -0.64003366 0.22917965
vn -0.73337138 -0.64003366 0.22917965
vn -0.73337138 -0.64003366 0.22917965
vn -0.73337138 -0.64003366 0.22917965
vn -0.51031882 -0.61073112 0.60546023
vn -0.51031882 -0.61073112 0.60546023
vn -0.51031882 -0.61073112 0.60546023
vn -0.51031882 -0.61073112 0.60546023
vn -0.18147056 -0.58310330 0.79187053
vn -0.18147056 -0.58310330 0.79187053
vn -0.18147056 -0.58310330 0.79187053
vn -0.18147056 -0.58310330 0.79187053
vn 0.18223324 -0.57832211 0.79519463
vn 0.18223324 -0.57832211 0.79519463
vn 0.18223324 -0.57832211 0.79519463
vn 0.18223324 -0.57832211 0.79519463
vn 0.51117510 -0.60900056 0.60648024
vn 0.51117510 -0.60900056 0.60648024
vn 0.51117510 -0.60900056 0.60648024
vn 0.51117510 -0.60900056 0.60648024
vn 0.73395795 -0.63929522 0.22936293
vn 0.73395795 -0.63929522 0.22936293
vn 0.73395795 -0.63929522 0.22936293
vn 0.73395795 -0.63929522 0.22936293
vn 0.80405945 -0.53995299 -0.24887548
vn 0.80405945 -0.53995299 -0.24887548
vn 0.80405945 -0.53995299 -0.24887548
vn 0.80405945 -0.53995299 -0.24887548
vn 0.55211323 -0.50617200 -0.66254115
vn 0.55211323 -0.50617200 -0.66254115
vn 0.55211323 -0.50617200 -0.66254115
vn 0.55211323 -0.50617200 -0.66254115
vn 0.18828309 -0.48176616 -0.85583341
vn 0.18828309 -0.48176616 -0.85583341
vn 0.18828309 -0.48176616 -0.85583341
vn 0.18828309 -0.48176616 -0.85583341
vn -0.18778175 -0.48597118 -0.85356313
vn -0.18778175 -0.48597118 -0.85356313
vn -0.18778175 -0.48597118 -0.85356313
vn -0.18778175 -0.48597118 -0.85356313
vn -0.55121529 -0.50856560 -0.66145498
vn -0.55121529 -0.50856560 -0.66145498
vn -0.55121529 -0.50856560 -0.66145498
vn -0.55121529 -0.50856560 -0.66145498
vn -0.80466640 -0.53896135 -0.24906336
vn -0.80466640 -0.53896135 -0.24906336
vn -0.80466640 -0.53896135 -0.24906336
vn -0.80466640 -0.53896135 -0.24906336
vn -0.80405945 -0.53995299 0.24887548
vn -0.80405945 -0.53995299 0.24887548
vn -0.80405945 -0.53995299 0.24887548
vn -0.80405945 -0.53995299 0.24887548
vn -0.55211717 -0.50617319 0.66253710
vn -0.55211717 -0.50617319 0.66253710
vn -0.55211717 -0.50617319 0.66253710
vn -0.55211717 -0.50617319 0.66253710
vn -0.18828142 -0.48176530 0.85583431
vn -0.18828142 -0.48176530 0.85583431
vn -0.18828142 -0.48176530 0.85583431
vn -0.18828142 -0.48176530 0.85583431
vn 0.18778349 -0.48597103 0.85356283
vn 0.18778349 -0.48597103 0.85356283
vn 0.18778349 -0.48597103 0.85356283
vn 0.18778349 -0.48597103 0.85356283
vn 0.55121112 -0.50856537 0.66145861
vn 0.55121112 -0.50856537 0.66145861
vn 0.55121112 -0.50856537 0.66145861
vn 0.55121112 -0.50856537 0.66145861
vn 0.80466640 -0.53896135 0.24906336
vn 0.80466640 -0.53896135 0.24906336
vn 0.80466640 -0.53896135 0.24906336
vn 0.80466640 -0.53896135 0.24906336
vn -0.00000000 1.00000000 0.00000000
vn -0.00000000 1.00000000 0.00000000
vn -0.00000000 1.00000000 0.00000000
vn 0.00000000 1.00000000 0.00000000
vn 0.00000000 1.00000000 0.00000000
vn 0.00000000 1.00000000 0.00000000
vn 0.00000000 1.00000000 0.00000000
vn 0.00000000 1.00000000 0.00000000
vn 0.00000000 1.00000000 0.00000000
vn 0.00000000 1.00000000 0.00000000
vn 0.00000000 1.00000000 0.00000000
vn 0.00000000 1.00000000 0.00000000
vn 0.00000000 1.00000000 0.00000000
vn 0.00000000 1.00000000 0.00000000
vn 0.00000000 1.00000000 0.00000000
vn 0.00000000 1.00000000 0.00000000
vn 0.00000000 1.00000000 0.00000000
vn 0.00000000 1.00000000 0.00000000
vn 0.00000000 1.00000000 0.00000000
vn 0.00000000 1.00000000 0.00000000
vn 0.00000000 1.00000000 0.00000000
vn 0.00000000 1.00000000 0.00000000
vn 0.00000000 1.00000000 0.00000000
vn 0.00000000 1.00000000 0.00000000
vn 0.00000000 1.00000000 -0.00000000
vn 0.00000000 1.00000000 -0.00000000
vn 0.00000000 1.00000000 -0.00000000
vn 0.00000000 1.00000000 0.00000000
vn 0.00000000 1.00000000 0.00000000
vn 0.00000000 1.00000000 0.00000000
vn 0.00000000 1.00000000 0.00000000
vn 0.00000000 1.00000000 0.00000000
vn 0.00000000 1.00000000 0.00000000
vn 0.00000000 1.00000000 0.00000000
vn 0.00000000 1.00000000 0.00000000
vn 0.00000000 1.00000000 0.00000000
vn 0.55767733 -0.81191146 -0.17261432
vn 0.55767733 -0.81191146 -0.17261432
vn 0.55767733 -0.81191146 -0.17261432
vn 0.39333504 -0.78898549 -0.47200584
vn 0.39333504 -0.78898549 -0.47200584
vn 0.39333504 -0.78898549 -0.47200584
vn 0.13808817 -0.76613075 -0.62767458
vn 0.13808817 -0.76613075 -0.62767458
vn 0.13808817 -0.76613075 -0.62767458
vn -0.13808687 -0.76613092 -0.62767464
vn -0.13808687 -0.76613092 -0.62767464
vn -0.13808687 -0.76613092 -0.62767464
vn -0.39333743 -0.78898638 -0.47200239
vn -0.39333743 -0.78898638 -0.47200239
vn -0.39333743 -0.78898638 -0.47200239
vn -0.55767733 -0.81191146 -0.17261432
vn -0.55767733 -0.81191146 -0.17261432
vn -0.55767733 -0.81191146 -0.17261432
vn -0.55767733 -0.81191146 0.17261432
vn -0.55767733 -0.81191146 0.17261432
vn -0.55767733 -0.81191146 0.17261432
vn -0.39333743 -0.78898638 0.47200239
vn -0.39333743 -0.78898638 0.47200239
vn -0.39333743 -0.78898638 0.47200239
vn -0.13808687 -0.76613092 0.62767464
vn -0.13808687 -0.76613092 0.62767464
vn -0.13808687 -0.76613092 0.62767464
vn 0.13808817 -0.76613075 0.62767458
vn 0.13808817 -0.76613075 0.62767458
vn 0.13808817 -0.76613075 0.62767458
vn 0.39333504 -0.78898537 0.47200584
vn 0.39333504 -0.78898537 0.47200584
vn 0.39333504 -0.78898537 0.47200584
vn 0.55767733 -0.81191146 0.17261432
vn 0.55767733 -0.81191146 0.17261432
vn 0.55767733 -0.81191146 0.17261432
usemtl spaceship_mothership
s off
f 1/1/1 2/2/2 3/3/3
f 1/1/1 3/3/3 4/4/4
f 2/5/5 5/6/6 6/7/7
f 2/5/5 6/7/7 3/8/8
f 5/9/9 7/10/10 8/11/11
f 5/9/9 8/11/11 6/12/12
f 7/13/13 9/14/14 10/15/15
f 7/13/13 10/15/15 8/16/16
f 9/17/17 11/18/18 12/19/19
f 9/17/17 12/19/19 10/20/20
f 11/21/21 13/22/22 14/23/23
f 11/21/21 14/23/23 12/24/24
f 13/25/25 15/26/26 16/27/27
f 13/25/25 16/27/27 14/28/28
f 15/29/29 17/30/30 18/31/31
f 15/29/29 18/31/31 16/32/32
f 17/33/33 19/34/34 20/35/35
f 17/33/33 20/35/35 18/36/36
f 19/37/37 21/38/38 22/39/39
f 19/37/37 22/39/39 20/40/40
f 21/41/41 23/42/42 24/43/43
f 21/41/41 24/43/43 22/44/44
f 23/45/45 25/46/46 26/47/47
f 23/45/45 26/47/47 24/48/48
f 25/49/49 27/50/50 28/51/51
f 25/49/49 28/51/51 26/52/52
f 27/53/53 1/54/54 4/55/55
f 27/53/53 4/55/55 28/56/56
f 4/57/57 3/58/58 29/59/59
f 4/57/57 29/59/59 30/60/60
f 3/61/61 6/62/62 31/63/63
f 3/61/61 31/63/63 29/64/64
f 6/65/65 8/66/66 32/67/67
f 6/65/65 32/67/67 31/68/68
f 8/69/69 10/70/70 33/71/71
f 8/69/69 33/71/71 32/72/72
f 10/73/73 12/74/74 34/75/75
f 10/73/73 34/75/75 33/76/76
f 12/77/77 14/78/78 35/79/79
f 12/77/77 35/79/79 34/80/80
f 14/81/81 16/82/82 36/83/83
f 14/81/81 36/83/83 35/84/84
f 16/85/85 18/86/86 37/87/87
f 16/85/85 37/87/87 36/88/88
f 18/89/89 20/90/90 38/91/91
f 18/89/89 38/91/91 37/92/92
f 20/93/93 22/94/94 39/95/95
f 20/93/93 39/95/95 38/96/96
f 22/97/97 24/98/98 40/99/99
f 22/97/97 40/99/99 39/100/100
f 24/101/101 26/102/102 41/103/103
f 24/101/101 41/103/103 40/104/104
f 26/105/105 28/106/106 42/107/107
f 26/105/105 42/107/107 41/108/108
f 28/109/109 4/110/110 30/111/111
f 28/109/109 30/111/111 42/112/112
f 30/113/113 29/114/114 43/115/115
f 30/113/113 43/115/115 44/116/116
f 29/117/117 31/118/118 45/119/119
f 29/117/117 45/119/119 43/120/120
f 31/121/121 32/122/122 46/123/123
f 31/121/121 46/123/123 45/124/124
f 32/125/125 33/126/126 47/127/127
f 32/125/125 47/127/127 46/128/128
f 33/129/129 34/130/130 48/131/131
f 33/129/129 48/131/131 47/132/132
f 34/133/133 35/134/134 49/135/135
f 34/133/133 49/135/135 48/136/136
f 35/137/137 36/138/138 50/139/139
f 35/137/137 50/139/139 49/140/140
f 36/141/141 37/142/142 51/143/143
f 36/141/141 51/143/143 50/144/144
f 37/145/145 38/146/146 52/147/147
f 37/145/145 52/147/147 51/148/148
f 38/149/149 39/150/150 53/151/151
f 38/149/149 53/151/151 52/152/152
f 39/153/153 40/154/154 54/155/155
f 39/153/153 54/155/155 53/156/156
f 40/157/157 41/158/158 55/159/159
f 40/157/157 55/159/159 54/160/160
f 41/161/161 42/162/162 56/163/163
f 41/161/161 56/163/163 55/164/164
f 42/165/165 30/166/166 44/167/167
f 42/165/165 44/167/167 56/168/168
f 44/169/169 43/170/170 57/171/171
f 44/169/169 57/171/171 58/172/172
f 43/173/173 45/174/174 59/175/175
f 43/173/173 59/175/175 57/176/176
f 45/177/177 46/178/178 60/179/179
f 45/177/177 60/179/179 59/180/180
f 46/181/181 47/182/182 61/183/183
f 46/181/181 61/183/183 60/184/184
f 47/185/185 48/186/186 62/187/187
f 47/185/185 62/187/187 61/188/188
f 48/189/189 49/190/190 63/191/191
f 48/189/189 63/191/191 62/192/192
f 49/193/193 50/194/194 64/195/195
f 49/193/193 64/195/195 63/196/196
f 50/197/197 51/198/198 65/199/199
f 50/197/197 65/199/199 64/200/200
f 51/201/201 52/202/202 66/203/203
f 51/201/201 66/203/203 65/204/204
f 52/205/205 53/206/206 67/207/207
f 52/205/205 67/207/207 66/208/208
f 53/209/209 54/210/210 68/211/211
f 53/209/209 68/211/211 67/212/212
f 54/213/213 55/214/214 69/215/215
f 54/213/213 69/215/215 68/216/216
f 55/217/217 56/218/218 70/219/219
f 55/217/217 70/219/219 69/220/220
f 56/221/221 44/222/222 58/223/223
f 56/221/221 58/223/223 70/224/224
f 58/225/225 57/226/226 71/227/227
f 58/225/225 71/227/227 72/228/228
f 57/229/229 59/230/230 73/231/231
f 57/229/229 73/231/231 71/232/232
f 59/233/233 60/234/234 74/235/235
f 59/233/233 74/235/235 73/236/236
f 60/237/237 61/238/238 75/239/239
f 60/237/237 75/239/239 74/240/240
f 61/241/241 62/242/242 76/243/243
f 61/241/241 76/243/243 75/244/244
f 62/245/245 63/246/246 77/247/247
f 62/245/245 77/247/247 76/248/248
f 63/249/249 64/250/250 78/251/251
f 63/249/249 78/251/251 77/252/252
f 64/253/253 65/254/254 79/255/255
f 64/253/253 79/255/255 78/256/256
f 65/257/257 66/258/258 80/259/259
f 65/257/257 80/259/259 79/260/260
f 66/261/261 67/262/262 81/263/263
f 66/261/261 81/263/263 80/264/264
f 67/265/265 68/266/266 82/267/267
f 67/265/265 82/267/267 81/268/268
f 68/269/269 69/270/270 83/271/271
f 68/269/269 83/271/271 82/272/272
f 69/273/273 70/274/274 84/275/275
f 69/273/273 84/275/275 83/276/276
f 70/277/277 58/278/278 72/279/279
f 70/277/277 72/279/279 84/280/280
f 72/281/281 71/282/282 85/283/283
f 72/281/281 85/283/283 86/284/284
f 71/285/285 73/286/286 87/287/287
f 71/285/285 87/287/287 85/288/288
f 73/289/289 74/290/290 88/291/291
f 73/289/289 88/291/291 87/292/292
f 74/293/293 75/294/294 89/295/295
f 74/293/293 89/295/295 88/296/296
f 75/297/297 76/298/298 90/299/299
f 75/297/297 90/299/299 89/300/300
f 76/301/301 77/302/302 91/303/303
f 76/301/301 91/303/303 90/304/304
f 77/305/305 78/306/306 92/307/307
f 77/305/305 92/307/307 91/308/308
f 78/309/309 79/310/310 93/311/311
f 78/309/309 93/311/311 92/312/312
f 79/313/313 80/314/314 94/315/315
f 79/313/313 94/315/315 93/316/316
f 80/317/317 81/318/318 95/319/319
f 80/317/317 95/319/319 94/320/320
f 81/321/321 82/322/322 96/323/323
f 81/321/321 96/323/323 95/324/324
f 82/325/325 83/326/326 97/327/327
f 82/325/325 97/327/327 96/328/328
f 83/329/329 84/330/330 98/331/331
f 83/329/329 98/331/331 97/332/332
f 84/333/333 72/334/334 86/335/335
f 84/333/333 86/335/335 98/336/336
f 86/337/337 85/338/338 99/339/339
f 86/337/337 99/339/339 100/340/340
f 85/341/341 87/342/342 101/343/343
f 85/341/341 101/343/343 99/344/344
f 87/345/345 88/346/346 102/347/347
f 87/345/345 102/347/347 101/348/348
f 88/349/349 89/350/350 103/351/351
f 88/349/349 103/351/351 102/352/352
f 89/353/353 90/354/354 104/355/355
f 89/353/353 104/355/355 103/356/356
f 90/357/357 91/358/358 105/359/359
f 90/357/357 105/359/359 104/360/360
f 91/361/361 92/362/362 106/363/363
f 91/361/361 106/363/363 105/364/364
f 92/365/365 93/366/366 107/367/367
f 92/365/365 107/367/367 106/368/368
f 93/369/369 94/370/370 108/371/371
f 93/369/369 108/371/371 107/372/372
f 94/373/373 95/374/374 109/375/375
f 94/373/373 109/375/375 108/376/376
f 95/377/377 96/378/378 110/379/379
f 95/377/377 110/379/379 109/380/380
f 96/381/381 97/382/382 111/383/383
f 96/381/381 111/383/383 110/384/384
f 97/385/385 98/386/386 112/387/387
f 97/385/385 112/387/387 111/388/388
f 98/389/389 86/390/390 100/391/391
f 98/389/389 100/391/391 112/392/392
f 100/393/393 99/394/394 113/395/395
f 100/393/393 113/395/395 114/396/396
f 99/397/397 101/398/398 115/399/399
f 99/397/397 115/399/399 113/400/400
f 101/401/401 102/402/402 116/403/403
f 101/401/401 116/403/403 115/404/404
f 102/405/405 103/406/406 117/407/407
f 102/405/405 117/407/407 116/408/408
f 103/409/409 104/410/410 118/411/411
f 103/409/409 118/411/411 117/412/412
f 104/413/413 105/414/414 119/415/415
f 104/413/413 119/415/415 118/416/416
f 105/417/417 106/418/418 120/419/419
f 105/417/417 120/419/419 119/420/420
f 106/421/421 107/422/422 121/423/423
f 106/421/421 121/423/423 120/424/424
f 107/425/425 108/426/426 122/427/427
f 107/425/425 122/427/427 121/428/428
f 108/429/429 109/430/430 123/431/431
f 108/429/429 123/431/431 122/432/432
f 109/433/433 110/434/434 124/435/435
f 109/433/433 124/435/435 123/436/436
f 110/437/437 111/438/438 125/439/439
f 110/437/437 125/439/439 124/440/440
f 111/441/441 112/442/442 126/443/443
f 111/441/441 126/443/443 125/444/444
f 112/445/445 100/446/446 114/447/447
f 112/445/445 114/447/447 126/448/448
f 127/449/449 2/450/450 1/451/451
f 127/452/452 5/453/453 2/454/454
f 127/455/455 7/456/456 5/457/457
f 127/458/458 9/459/459 7/460/460
f 127/461/461 11/462/462 9/463/463
f 127/464/464 13/465/465 11/466/466
f 127/467/467 15/468/468 13/469/469
f 127/470/470 17/471/471 15/472/472
f 127/473/473 19/474/474 17/475/475
f 127/476/476 21/477/477 19/478/478
f 127/479/479 23/480/480 21/481/481
f 127/482/482 25/483/483 23/484/484
f 127/485/485 27/486/486 25/487/487
f 127/488/488 1/489/489 27/490/490
f 128/491/491 114/492/492 113/493/493
f 128/494/494 113/495/495 115/496/496
f 128/497/497 115/498/498 116/499/499
f 128/500/500 116/501/501 117/502/502
f 128/503/503 117/504/504 118/505/505
f 128/506/506 118/507/507 119/508/508
f 128/509/509 119/510/510 120/511/511
f 128/512/512 120/513/513 121/514/514
f 128/515/515 121/516/516 122/517/517
f 128/518/518 122/519/519 123/520/520
f 128/521/521 123/522/522 124/523/523
f 128/524/524 124/525/525 125/526/526
f 128/527/527 125/528/528 126/529/529
f 128/530/530 126/531/531 114/532/532
f 129/533/533 130/534/534 131/535/535
f 129/533/533 131/535/535 132/536/536
f 132/537/537 131/538/538 133/539/539
f 132/537/537 133/539/539 134/540/540
f 134/541/541 133/542/542 135/543/543
f 134/541/541 135/543/543 136/544/544
f 136/545/545 135/546/546 137/547/547
f 136/545/545 137/547/547 138/548/548
f 138/549/549 137/550/550 139/551/551
f 138/549/549 139/551/551 140/552/552
f 140/553/553 139/554/554 141/555/555
f 140/553/553 141/555/555 142/556/556
f 142/557/557 141/558/558 143/559/559
f 142/557/557 143/559/559 144/560/560
f 144/561/561 143/562/562 145/563/563
f 144/561/561 145/563/563 146/564/564
f 146/565/565 145/566/566 147/567/567
f 146/565/565 147/567/567 148/568/568
f 148/569/569 147/570/570 149/571/571
f 148/569/569 149/571/571 150/572/572
f 150/573/573 149/574/574 151/575/575
f 150/573/573 151/575/575 152/576/576
f 152/577/577 151/578/578 130/579/579
f 152/577/577 130/579/579 129/580/580
f 130/581/581 153/582/582 154/583/583
f 130/581/581 154/583/583 131/584/584
f 131/585/585 154/586/586 155/587/587
f 131/585/585 155/587/587 133/588/588
f 133/589/589 155/590/590 156/591/591
f 133/589/589 156/591/591 135/592/592
f 135/593/593 156/594/594 157/595/595
f 135/593/593 157/595/595 137/596/596
f 137/597/597 157/598/598 158/599/599
f 137/597/597 158/599/599 139/600/600
f 139/601/601 158/602/602 159/603/603
f 139/601/601 159/603/603 141/604/604
f 141/605/605 159/606/606 160/607/607
f 141/605/605 160/607/607 143/608/608
f 143/609/609 160/610/610 161/611/611
f 143/609/609 161/611/611 145/612/612
f 145/613/613 161/614/614 162/615/615
f 145/613/613 162/615/615 147/616/616
f 147/617/617 162/618/618 163/619/619
f 147/617/617 163/619/619 149/620/620
f 149/621/621 163/622/622 164/623/623
f 149/621/621 164/623/623 151/624/624
f 151/625/625 164/626/626 153/627/627
f 151/625/625 153/627/627 130/628/628
f 153/629/629 165/630/630 166/631/631
f 153/629/629 166/631/631 154/632/632
f 154/633/633 166/634/634 167/635/635
f 154/633/633 167/635/635 155/636/636
f 155/637/637 167/638/638 168/639/639
f 155/637/637 168/639/639 156/640/640
f 156/641/641 168/642/642 169/643/643
f 156/641/641 169/643/643 157/644/644
f 157/645/645 169/646/646 170/647/647
f 157/645/645 170/647/647 158/648/648
f 158/649/649 170/650/650 171/651/651
f 158/649/649 171/651/651 159/652/652
f 159/653/653 171/654/654 172/655/655
f 159/653/653 172/655/655 160/656/656
f 160/657/657 172/658/658 173/659/659
f 160/657/657 173/659/659 161/660/660
f 161/661/661 173/662/662 174/663/663
f 161/661/661 174/663/663 162/664/664
f 162/665/665 174/666/666 175/667/667
f 162/665/665 175/667/667 163/668/668
f 163/669/669 175/670/670 176/671/671
f 163/669/669 176/671/671 164/672/672
f 164/673/673 176/674/674 165/675/675
f 164/673/673 165/675/675 153/676/676
f 165/677/677 177/678/678 178/679/679
f 165/677/677 178/679/679 166/680/680
f 166/681/681 178/682/682 179/683/683
f 166/681/681 179/683/683 167/684/684
f 167/685/685 179/686/686 180/687/687
f 167/685/685 180/687/687 168/688/688
f 168/689/689 180/690/690 181/691/691
f 168/689/689 181/691/691 169/692/692
f 169/693/693 181/694/694 182/695/695
f 169/693/693 182/695/695 170/696/696
f 170/697/697 182/698/698 183/699/699
f 170/697/697 183/699/699 171/700/700
f 171/701/701 183/702/702 184/703/703
f 171/701/701 184/703/703 172/704/704
f 172/705/705 184/706/706 185/707/707
f 172/705/705 185/707/707 173/708/708
f 173/709/709 185/710/710 186/711/711
f 173/709/709 186/711/711 174/712/712
f 174/713/713 186/714/714 187/715/715
f 174/713/713 187/715/715 175/716/716
f 175/717/717 187/718/718 188/719/719
f 175/717/717 188/719/719 176/720/720
f 176/721/721 188/722/722 177/723/723
f 176/721/721 177/723/723 165/724/724
f 177/725/725 189/726/726 190/727/727
f 177/725/725 190/727/727 178/728/728
f 178/729/729 190/730/730 191/731/731
f 178/729/729 191/731/731 179/732/732
f 179/733/733 191/734/734 192/735/735
f 179/733/733 192/735/735 180/736/736
f 180/737/737 192/738/738 193/739/739
f 180/737/737 193/739/739 181/740/740
f 181/741/741 193/742/742 194/743/743
f 181/741/741 194/743/743 182/744/744
f 182/745/745 194/746/746 195/747/747
f 182/745/745 195/747/747 183/748/748
f 183/749/749 195/750/750 196/751/751
f 183/749/749 196/751/751 184/752/752
f 184/753/753 196/754/754 197/755/755
f 184/753/753 197/755/755 185/756/756
f 185/757/757 197/758/758 198/759/759
f 185/757/757 198/759/759 186/760/760
f 186/761/761 198/762/762 199/763/763
f 186/761/761 199/763/763 187/764/764
f 187/765/765 199/766/766 200/767/767
f 187/765/765 200/767/767 188/768/768
f 188/769/769 200/770/770 189/771/771
f 188/769/769 189/771/771 177/772/772
f 189/773/773 201/774/774 202/775/775
f 189/773/773 202/775/775 190/776/776
f 190/777/777 202/778/778 203/779/779
f 190/777/777 203/779/779 191/780/780
f 191/781/781 203/782/782 204/783/783
f 191/781/781 204/783/783 192/784/784
f 192/785/785 204/786/786 205/787/787
f 192/785/785 205/787/787 193/788/788
f 193/789/789 205/790/790 206/791/791
f 193/789/789 206/791/791 194/792/792
f 194/793/793 206/794/794 207/795/795
f 194/793/793 207/795/795 195/796/796
f 195/797/797 207/798/798 208/799/799
f 195/797/797 208/799/799 196/800/800
f 196/801/801 208/802/802 209/803/803
f 196/801/801 209/803/803 197/804/804
f 197/805/805 209/806/806 210/807/807
f 197/805/805 210/807/807 198/808/808
f 198/809/809 210/810/810 211/811/811
f 198/809/809 211/811/811 199/812/812
f 199/813/813 211/814/814 212/815/815
f 199/813/813 212/815/815 200/816/816
f 200/817/817 212/818/818 201/819/819
f 200/817/817 201/819/819 189/820/820
f 213/821/821 129/822/822 132/823/823
f 213/824/824 132/825/825 134/826/826
f 213/827/827 134/828/828 136/829/829
f 213/830/830 136/831/831 138/832/832
f 213/833/833 138/834/834 140/835/835
f 213/836/836 140/837/837 142/838/838
f 213/839/839 142/840/840 144/841/841
f 213/842/842 144/843/843 146/844/844
f 213/845/845 146/846/846 148/847/847
f 213/848/848 148/849/849 150/850/850
f 213/851/851 150/852/852 152/853/853
f 213/854/854 152/855/855 129/856/856
f 214/857/857 202/858/858 201/859/859
f 214/860/860 203/861/861 202/862/862
f 214/863/863 204/864/864 203/865/865
f 214/866/866 205/867/867 204/868/868
f 214/869/869 206/870/870 205/871/871
f 214/872/872 207/873/873 206/874/874
f 214/875/875 208/876/876 207/877/877
f 214/878/878 209/879/879 208/880/880
f 214/881/881 210/882/882 209/883/883
f 214/884/884 211/885/885 210/886/886
f 214/887/887 212/888/888 211/889/889
f 214/890/890 201/891/891 212/892/892
f 215/893/893 216/894/894 217/895/895
f 215/893/893 217/895/895 218/896/896
f 216/897/897 219/898/898 220/899/899
f 216/897/897 220/899/899 217/900/900
f 219/901/901 221/902/902 222/903/903
f 219/901/901 222/903/903 220/904/904
f 221/905/905 223/906/906 224/907/907
f 221/905/905 224/907/907 222/908/908
f 223/909/909 225/910/910 226/911/911
f 223/909/909 226/911/911 224/912/912
f 225/913/913 227/914/914 228/915/915
f 225/913/913 228/915/915 226/916/916
f 227/917/917 229/918/918 230/919/919
f 227/917/917 230/919/919 228/920/920
f 229/921/921 231/922/922 232/923/923
f 229/921/921 232/923/923 230/924/924
f 231/925/925 233/926/926 234/927/927
f 231/925/925 234/927/927 232/928/928
f 233/929/929 235/930/930 236/931/931
f 233/929/929 236/931/931 234/932/932
f 235/933/933 237/934/934 238/935/935
f 235/933/933 238/935/935 236/936/936
f 237/937/937 215/938/938 218/939/939
f 237/937/937 218/939/939 238/940/940
f 218/941/941 217/942/942 239/943/943
f 218/941/941 239/943/943 240/944/944
f 217/945/945 220/946/946 241/947/947
f 217/945/945 241/947/947 239/948/948
f 220/949/949 222/950/950 242/951/951
f 220/949/949 242/951/951 241/952/952
f 222/953/953 224/954/954 243/955/955
f 222/953/953 243/955/955 242/956/956
f 224/957/957 226/958/958 244/959/959
f 224/957/957 244/959/959 243/960/960
f 226/961/961 228/962/962 245/963/963
f 226/961/961 245/963/963 244/964/964
f 228/965/965 230/966/966 246/967/967
f 228/965/965 246/967/967 245/968/968
f 230/969/969 232/970/970 247/971/971
f 230/969/969 247/971/971 246/972/972
f 232/973/973 234/974/974 248/975/975
f 232/973/973 248/975/975 247/976/976
f 234/977/977 236/978/978 249/979/979
f 234/977/977 249/979/979 248/980/980
f 236/981/981 238/982/982 250/983/983
f 236/981/981 250/983/983 249/984/984
f 238/985/985 218/986/986 240/987/987
f 238/985/985 240/987/987 250/988/988
f 240/989/989 239/990/990 251/991/991
f 240/989/989 251/991/991 252/992/992
f 239/993/993 241/994/994 253/995/995
f 239/993/993 253/995/995 251/996/996
f 241/997/997 242/998/998 254/999/999
f 241/997/997 254/999/999 253/1000/1000
f 242/1001/1001 243/1002/1002 255/1003/1003
f 242/1001/1001 255/1003/1003 254/1004/1004
f 243/1005/1005 244/1006/1006 256/1007/1007
f 243/1005/1005 256/1007/1007 255/1008/1008
f 244/1009/1009 245/1010/1010 257/1011/1011
f 244/1009/1009 257/1011/1011 256/1012/1012
f 245/1013/1013 246/1014/1014 258/1015/1015
f 245/1013/1013 258/1015/1015 257/1016/1016
f 246/1017/1017 247/1018/1018 259/1019/1019
f 246/1017/1017 259/1019/1019 258/1020/1020
f 247/1021/1021 248/1022/1022 260/1023/1023
f 247/1021/1021 260/1023/1023 259/1024/1024
f 248/1025/1025 249/1026/1026 261/1027/1027
f 248/1025/1025 261/1027/1027 260/1028/1028
f 249/1029/1029 250/1030/1030 262/1031/1031
f 249/1029/1029 262/1031/1031 261/1032/1032
f 250/1033/1033 240/1034/1034 252/1035/1035
f 250/1033/1033 252/1035/1035 262/1036/1036
f 252/1037/1037 251/1038/1038 263/1039/1039
f 252/1037/1037 263/1039/1039 264/1040/1040
f 251/1041/1041 253/1042/1042 265/1043/1043
f 251/1041/1041 265/1043/1043 263/1044/1044
f 253/1045/1045 254/1046/1046 266/1047/1047
f 253/1045/1045 266/1047/1047 265/1048/1048
f 254/1049/1049 255/1050/1050 267/1051/1051
f 254/1049/1049 267/1051/1051 266/1052/1052
f 255/1053/1053 256/1054/1054 268/1055/1055
f 255/1053/1053 268/1055/1055 267/1056/1056
f 256/1057/1057 257/1058/1058 269/1059/1059
f 256/1057/1057 269/1059/1059 268/1060/1060
f 257/1061/1061 258/1062/1062 270/1063/1063
f 257/1061/1061 270/1063/1063 269/1064/1064
f 258/1065/1065 259/1066/1066 271/1067/1067
f 258/1065/1065 271/1067/1067 270/1068/1068
f 259/1069/1069 260/1070/1070 272/1071/1071
f 259/1069/1069 272/1071/1071 271/1072/1072
f 260/1073/1073 261/1074/1074 273/1075/1075
f 260/1073/1073 273/1075/1075 272/1076/1076
f 261/1077/1077 262/1078/1078 274/1079/1079
f 261/1077/1077 274/1079/1079 273/1080/1080
f 262/1081/1081 252/1082/1082 264/1083/1083
f 262/1081/1081 264/1083/1083 274/1084/1084
f 264/1085/1085 263/1086/1086 275/1087/1087
f 264/1085/1085 275/1087/1087 276/1088/1088
f 263/1089/1089 265/1090/1090 277/1091/1091
f 263/1089/1089 277/1091/1091 275/1092/1092
f 265/1093/1093 266/1094/1094 278/1095/1095
f 265/1093/1093 278/1095/1095 277/1096/1096
f 266/1097/1097 267/1098/1098 279/1099/1099
f 266/1097/1097 279/1099/1099 278/1100/1100
f 267/1101/1101 268/1102/1102 280/1103/1103
f 267/1101/1101 280/1103/1103 279/1104/1104
f 268/1105/1105 269/1106/1106 281/1107/1107
f 268/1105/1105 281/1107/1107 280/1108/1108
f 269/1109/1109 270/1110/1110 282/1111/1111
f 269/1109/1109 282/1111/1111 281/1112/1112
f 270/1113/1113 271/1114/1114 283/1115/1115
f 270/1113/1113 283/1115/1115 282/1116/1116
f 271/1117/1117 272/1118/1118 284/1119/1119
f 271/1117/1117 284/1119/1119 283/1120/1120
f 272/1121/1121 273/1122/1122 285/1123/1123
f 272/1121/1121 285/1123/1123 284/1124/1124
f 273/1125/1125 274/1126/1126 286/1127/1127
f 273/1125/1125 286/1127/1127 285/1128/1128
f 274/1129/1129 264/1130/1130 276/1131/1131
f 274/1129/1129 276/1131/1131 286/1132/1132
f 276/1133/1133 275/1134/1134 287/1135/1135
f 276/1133/1133 287/1135/1135 288/1136/1136
f 275/1137/1137 277/1138/1138 289/1139/1139
f 275/1137/1137 289/1139/1139 287/1140/1140
f 277/1141/1141 278/1142/1142 290/1143/1143
f 277/1141/1141 290/1143/1143 289/1144/1144
f 278/1145/1145 279/1146/1146 291/1147/1147
f 278/1145/1145 291/1147/1147 290/1148/1148
f 279/1149/1149 280/1150/1150 292/1151/1151
f 279/1149/1149 292/1151/1151 291/1152/1152
f 280/1153/1153 281/1154/1154 293/1155/1155
f 280/1153/1153 293/1155/1155 292/1156/1156
f 281/1157/1157 282/1158/1158 294/1159/1159
f 281/1157/1157 294/1159/1159 293/1160/1160
f 282/1161/1161 283/1162/1162 295/1163/1163
f 282/1161/1161 295/1163/1163 294/1164/1164
f 283/1165/1165 284/1166/1166 296/1167/1167
f 283/1165/1165 296/1167/1167 295/1168/1168
f 284/1169/1169 285/1170/1170 297/1171/1171
f 284/1169/1169 297/1171/1171 296/1172/1172
f 285/1173/1173 286/1174/1174 298/1175/1175
f 285/1173/1173 298/1175/1175 297/1176/1176
f 286/1177/1177 276/1178/1178 288/1179/1179
f 286/1177/1177 288/1179/1179 298/1180/1180
f 299/1181/1181 216/1182/1182 215/1183/1183
f 299/1184/1184 219/1185/1185 216/1186/1186
f 299/1187/1187 221/1188/1188 219/1189/1189
f 299/1190/1190 223/1191/1191 221/1192/1192
f 299/1193/1193 225/1194/1194 223/1195/1195
f 299/1196/1196 227/1197/1197 225/1198/1198
f 299/1199/1199 229/1200/1200 227/1201/1201
f 299/1202/1202 231/1203/1203 229/1204/1204
f 299/1205/1205 233/1206/1206 231/1207/1207
f 299/1208/1208 235/1209/1209 233/1210/1210
f 299/1211/1211 237/1212/1212 235/1213/1213
f 299/1214/1214 215/1215/1215 237/1216/1216
f 300/1217/1217 288/1218/1218 287/1219/1219
f 300/1220/1220 287/1221/1221 289/1222/1222
f 300/1223/1223 289/1224/1224 290/1225/1225
f 300/1226/1226 290/1227/1227 291/1228/1228
f 300/1229/1229 291/1230/1230 292/1231/1231
f 300/1232/1232 292/1233/1233 293/1234/1234
f 300/1235/1235 293/1236/1236 294/1237/1237
f 300/1238/1238 294/1239/1239 295/1240/1240
f 300/1241/1241 295/1242/1242 296/1243/1243
f 300/1244/1244 296/1245/1245 297/1246/1246
f 300/1247/1247 297/1248/1248 298/1249/1249
f 300/1250/1250 298/1251/1251 288/1252/1252
f 301/1253/1253 302/1254/1254 303/1255/1255
f 301/1253/1253 303/1255/1255 304/1256/1256
f 304/1257/1257 303/1258/1258 305/1259/1259
f 304/1257/1257 305/1259/1259 306/1260/1260
f 306/1261/1261 305/1262/1262 307/1263/1263
f 306/1261/1261 307/1263/1263 308/1264/1264
f 308/1265/1265 307/1266/1266 309/1267/1267
f 308/1265/1265 309/1267/1267 310/1268/1268
f 310/1269/1269 309/1270/1270 311/1271/1271
f 310/1269/1269 311/1271/1271 312/1272/1272
f 312/1273/1273 311/1274/1274 302/1275/1275
f 312/1273/1273 302/1275/1275 301/1276/1276
f 302/1277/1277 313/1278/1278 314/1279/1279
f 302/1277/1277 314/1279/1279 303/1280/1280
f 303/1281/1281 314/1282/1282 315/1283/1283
f 303/1281/1281 315/1283/1283 305/1284/1284
f 305/1285/1285 315/1286/1286 316/1287/1287
f 305/1285/1285 316/1287/1287 307/1288/1288
f 307/1289/1289 316/1290/1290 317/1291/1291
f 307/1289/1289 317/1291/1291 309/1292/1292
f 309/1293/1293 317/1294/1294 318/1295/1295
f 309/1293/1293 318/1295/1295 311/1296/1296
f 311/1297/1297 318/1298/1298 313/1299/1299
f 311/1297/1297 313/1299/1299 302/1300/1300
f 313/1301/1301 319/1302/1302 320/1303/1303
f 313/1301/1301 320/1303/1303 314/1304/1304
f 314/1305/1305 320/1306/1306 321/1307/1307
f 314/1305/1305 321/1307/1307 315/1308/1308
f 315/1309/1309 321/1310/1310 322/1311/1311
f 315/1309/1309 322/1311/1311 316/1312/1312
f 316/1313/1313 322/1314/1314 323/1315/1315
f 316/1313/1313 323/1315/1315 317/1316/1316
f 317/1317/1317 323/1318/1318 324/1319/1319
f 317/1317/1317 324/1319/1319 318/1320/1320
f 318/1321/1321 324/1322/1322 319/1323/1323
f 318/1321/1321 319/1323/1323 313/1324/1324
f 325/1325/1325 301/1326/1326 304/1327/1327
f 325/1328/1328 304/1329/1329 306/1330/1330
f 325/1331/1331 306/1332/1332 308/1333/1333
f 325/1334/1334 308/1335/1335 310/1336/1336
f 325/1337/1337 310/1338/1338 312/1339/1339
f 325/1340/1340 312/1341/1341 301/1342/1342
f 326/1343/1343 320/1344/1344 319/1345/1345
f 326/1346/1346 321/1347/1347 320/1348/1348
f 326/1349/1349 322/1350/1350 321/1351/1351
f 326/1352/1352 323/1353/1353 322/1354/1354
f 326/1355/1355 324/1356/1356 323/1357/1357
f 326/1358/1358 319/1359/1359 324/1360/1360
f 327/1361/1361 328/1362/1362 329/1363/1363
f 327/1361/1361 329/1363/1363 330/1364/1364
f 330/1365/1365 329/1366/1366 331/1367/1367
f 330/1365/1365 331/1367/1367 332/1368/1368
f 332/1369/1369 331/1370/1370 333/1371/1371
f 332/1369/1369 333/1371/1371 334/1372/1372
f 334/1373/1373 333/1374/1374 335/1375/1375
f 334/1373/1373 335/1375/1375 336/1376/1376
f 336/1377/1377 335/1378/1378 337/1379/1379
f 336/1377/1377 337/1379/1379 338/1380/1380
f 338/1381/1381 337/1382/1382 339/1383/1383
f 338/1381/1381 339/1383/1383 340/1384/1384
f 340/1385/1385 339/1386/1386 341/1387/1387
f 340/1385/1385 341/1387/1387 342/1388/1388
f 342/1389/1389 341/1390/1390 343/1391/1391
f 342/1389/1389 343/1391/1391 344/1392/1392
f 344/1393/1393 343/1394/1394 345/1395/1395
f 344/1393/1393 345/1395/1395 346/1396/1396
f 346/1397/1397 345/1398/1398 328/1399/1399
f 346/1397/1397 328/1399/1399 327/1400/1400
f 328/1401/1401 347/1402/1402 348/1403/1403
f 328/1401/1401 348/1403/1403 329/1404/1404
f 329/1405/1405 348/1406/1406 349/1407/1407
f 329/1405/1405 349/1407/1407 331/1408/1408
f 331/1409/1409 349/1410/1410 350/1411/1411
f 331/1409/1409 350/1411/1411 333/1412/1412
f 333/1413/1413 350/1414/1414 351/1415/1415
f 333/1413/1413 351/1415/1415 335/1416/1416
f 335/1417/1417 351/1418/1418 352/1419/1419
f 335/1417/1417 352/1419/1419 337/1420/1420
f 337/1421/1421 352/1422/1422 353/1423/1423
f 337/1421/1421 353/1423/1423 339/1424/1424
f 339/1425/1425 353/1426/1426 354/1427/1427
f 339/1425/1425 354/1427/1427 341/1428/1428
f 341/1429/1429 354/1430/1430 355/1431/1431
f 341/1429/1429 355/1431/1431 343/1432/1432
f 343/1433/1433 355/1434/1434 356/1435/1435
f 343/1433/1433 356/1435/1435 345/1436/1436
f 345/1437/1437 356/1438/1438 347/1439/1439
f 345/1437/1437 347/1439/1439 328/1440/1440
f 347/1441/1441 357/1442/1442 358/1443/1443
f 347/1441/1441 358/1443/1443 348/1444/1444
f 348/1445/1445 358/1446/1446 359/1447/1447
f 348/1445/1445 359/1447/1447 349/1448/1448
f 349/1449/1449 359/1450/1450 360/1451/1451
f 349/1449/1449 360/1451/1451 350/1452/1452
f 350/1453/1453 360/1454/1454 361/1455/1455
f 350/1453/1453 361/1455/1455 351/1456/1456
f 351/1457/1457 361/1458/1458 362/1459/1459
f 351/1457/1457 362/1459/1459 352/1460/1460
f 352/1461/1461 362/1462/1462 363/1463/1463
f 352/1461/1461 363/1463/1463 353/1464/1464
f 353/1465/1465 363/1466/1466 364/1467/1467
f 353/1465/1465 364/1467/1467 354/1468/1468
f 354/1469/1469 364/1470/1470 365/1471/1471
f 354/1469/1469 365/1471/1471 355/1472/1472
f 355/1473/1473 365/1474/1474 366/1475/1475
f 355/1473/1473 366/1475/1475 356/1476/1476
f 356/1477/1477 366/1478/1478 357/1479/1479
f 356/1477/1477 357/1479/1479 347/1480/1480
f 367/1481/1481 327/1482/1482 330/1483/1483
f 367/1484/1484 330/1485/1485 332/1486/1486
f 367/1487/1487 332/1488/1488 334/1489/1489
f 367/1490/1490 334/1491/1491 336/1492/1492
f 367/1493/1493 336/1494/1494 338/1495/1495
f 367/1496/1496 338/1497/1497 340/1498/1498
f 367/1499/1499 340/1500/1500 342/1501/1501
f 367/1502/1502 342/1503/1503 344/1504/1504
f 367/1505/1505 344/1506/1506 346/1507/1507
f 367/1508/1508 346/1509/1509 327/1510/1510
f 368/1511/1511 358/1512/1512 357/1513/1513
f 368/1514/1514 359/1515/1515 358/1516/1516
f 368/1517/1517 360/1518/1518 359/1519/1519
f 368/1520/1520 361/1521/1521 360/1522/1522
f 368/1523/1523 362/1524/1524 361/1525/1525
f 368/1526/1526 363/1527/1527 362/1528/1528
f 368/1529/1529 364/1530/1530 363/1531/1531
f 368/1532/1532 365/1533/1533 364/1534/1534
f 368/1535/1535 366/1536/1536 365/1537/1537
f 368/1538/1538 357/1539/1539 366/1540/1540
f 369/1541/1541 370/1542/1542 371/1543/1543
f 369/1541/1541 371/1543/1543 372/1544/1544
f 370/1545/1545 373/1546/1546 374/1547/1547
f 370/1545/1545 374/1547/1547 371/1548/1548
f 373/1549/1549 375/1550/1550 376/1551/1551
f 373/1549/1549 376/1551/1551 374/1552/1552
f 375/1553/1553 377/1554/1554 378/1555/1555
f 375/1553/1553 378/1555/1555 376/1556/1556
f 377/1557/1557 379/1558/1558 380/1559/1559
f 377/1557/1557 380/1559/1559 378/1560/1560
f 379/1561/1561 381/1562/1562 382/1563/1563
f 379/1561/1561 382/1563/1563 380/1564/1564
f 381/1565/1565 383/1566/1566 384/1567/1567
f 381/1565/1565 384/1567/1567 382/1568/1568
f 383/1569/1569 385/1570/1570 386/1571/1571
f 383/1569/1569 386/1571/1571 384/1572/1572
f 385/1573/1573 387/1574/1574 388/1575/1575
f 385/1573/1573 388/1575/1575 386/1576/1576
f 387/1577/1577 389/1578/1578 390/1579/1579
f 387/1577/1577 390/1579/1579 388/1580/1580
f 389/1581/1581 391/1582/1582 392/1583/1583
f 389/1581/1581 392/1583/1583 390/1584/1584
f 391/1585/1585 369/1586/1586 372/1587/1587
f 391/1585/1585 372/1587/1587 392/1588/1588
f 372/1589/1589 371/1590/1590 393/1591/1591
f 372/1589/1589 393/1591/1591 394/1592/1592
f 371/1593/1593 374/1594/1594 395/1595/1595
f 371/1593/1593 395/1595/1595 393/1596/1596
f 374/1597/1597 376/1598/1598 396/1599/1599
f 374/1597/1597 396/1599/1599 395/1600/1600
f 376/1601/1601 378/1602/1602 397/1603/1603
f 376/1601/1601 397/1603/1603 396/1604/1604
f 378/1605/1605 380/1606/1606 398/1607/1607
f 378/1605/1605 398/1607/1607 397/1608/1608
f 380/1609/1609 382/1610/1610 399/1611/1611
f 380/1609/1609 399/1611/1611 398/1612/1612
f 382/1613/1613 384/1614/1614 400/1615/1615
f 382/1613/1613 400/1615/1615 399/1616/1616
f 384/1617/1617 386/1618/1618 401/1619/1619
f 384/1617/1617 401/1619/1619 400/1620/1620
f 386/1621/1621 388/1622/1622 402/1623/1623
f 386/1621/1621 402/1623/1623 401/1624/1624
f 388/1625/1625 390/1626/1626 403/1627/1627
f 388/1625/1625 403/1627/1627 402/1628/1628
f 390/1629/1629 392/1630/1630 404/1631/1631
f 390/1629/1629 404/1631/1631 403/1632/1632
f 392/1633/1633 372/1634/1634 394/1635/1635
f 392/1633/1633 394/1635/1635 404/1636/1636
f 394/1637/1637 393/1638/1638 405/1639/1639
f 394/1637/1637 405/1639/1639 406/1640/1640
f 393/1641/1641 395/1642/1642 407/1643/1643
f 393/1641/1641 407/1643/1643 405/1644/1644
f 395/1645/1645 396/1646/1646 408/1647/1647
f 395/1645/1645 408/1647/1647 407/1648/1648
f 396/1649/1649 397/1650/1650 409/1651/1651
f 396/1649/1649 409/1651/1651 408/1652/1652
f 397/1653/1653 398/1654/1654 410/1655/1655
f 397/1653/1653 410/1655/1655 409/1656/1656
f 398/1657/1657 399/1658/1658 411/1659/1659
f 398/1657/1657 411/1659/1659 410/1660/1660
f 399/1661/1661 400/1662/1662 412/1663/1663
f 399/1661/1661 412/1663/1663 411/1664/1664
f 400/1665/1665 401/1666/1666 413/1667/1667
f 400/1665/1665 413/1667/1667 412/1668/1668
f 401/1669/1669 402/1670/1670 414/1671/1671
f 401/1669/1669 414/1671/1671 413/1672/1672
f 402/1673/1673 403/1674/1674 415/1675/1675
f 402/1673/1673 415/1675/1675 414/1676/1676
f 403/1677/1677 404/1678/1678 416/1679/1679
f 403/1677/1677 416/1679/1679 415/1680/1680
f 404/1681/1681 394/1682/1682 406/1683/1683
f 404/1681/1681 406/1683/1683 416/1684/1684
f 406/1685/1685 405/1686/1686 417/1687/1687
f 406/1685/1685 417/1687/1687 418/1688/1688
f 405/1689/1689 407/1690/1690 419/1691/1691
f 405/1689/1689 419/1691/1691 417/1692/1692
f 407/1693/1693 408/1694/1694 420/1695/1695
f 407/1693/1693 420/1695/1695 419/1696/1696
f 408/1697/1697 409/1698/1698 421/1699/1699
f 408/1697/1697 421/1699/1699 420/1700/1700
f 409/1701/1701 410/1702/1702 422/1703/1703
f 409/1701/1701 422/1703/1703 421/1704/1704
f 410/1705/1705 411/1706/1706 423/1707/1707
f 410/1705/1705 423/1707/1707 422/1708/1708
f 411/1709/1709 412/1710/1710 424/1711/1711
f 411/1709/1709 424/1711/1711 423/1712/1712
f 412/1713/1713 413/1714/1714 425/1715/1715
f 412/1713/1713 425/1715/1715 424/1716/1716
f 413/1717/1717 414/1718/1718 426/1719/1719
f 413/1717/1717 426/1719/1719 425/1720/1720
f 414/1721/1721 415/1722/1722 427/1723/1723
f 414/1721/1721 427/1723/1723 426/1724/1724
f 415/1725/1725 416/1726/1726 428/1727/1727
f 415/1725/1725 428/1727/1727 427/1728/1728
f 416/1729/1729 406/1730/1730 418/1731/1731
f 416/1729/1729 418/1731/1731 428/1732/1732
f 429/1733/1733 370/1734/1734 369/1735/1735
f 429/1736/1736 373/1737/1737 370/1738/1738
f 429/1739/1739 375/1740/1740 373/1741/1741
f 429/1742/1742 377/1743/1743 375/1744/1744
f 429/1745/1745 379/1746/1746 377/1747/1747
f 429/1748/1748 381/1749/1749 379/1750/1750
f 429/1751/1751 383/1752/1752 381/1753/1753
f 429/1754/1754 385/1755/1755 383/1756/1756
f 429/1757/1757 387/1758/1758 385/1759/1759
f 429/1760/1760 389/1761/1761 387/1762/1762
f 429/1763/1763 391/1764/1764 389/1765/1765
f 429/1766/1766 369/1767/1767 391/1768/1768
f 430/1769/1769 418/1770/1770 417/1771/1771
f 430/1772/1772 417/1773/1773 419/1774/1774
f 430/1775/1775 419/1776/1776 420/1777/1777
f 430/1778/1778 420/1779/1779 421/1780/1780
f 430/1781/1781 421/1782/1782 422/1783/1783
f 430/1784/1784 422/1785/1785 423/1786/1786
f 430/1787/1787 423/1788/1788 424/1789/1789
f 430/1790/1790 424/1791/1791 425/1792/1792
f 430/1793/1793 425/1794/1794 426/1795/1795
f 430/1796/1796 426/1797/1797 427/1798/1798
f 430/1799/1799 427/1800/1800 428/1801/1801
f 430/1802/1802 428/1803/1803 418/1804/1804
f 431/1805/1805 432/1806/1806 433/1807/1807
f 431/1805/1805 433/1807/1807 434/1808/1808
f 435/1809/1809 434/1810/1810 433/1811/1811
f 436/1812/1812 432/1813/1813 431/1814/1814
f 432/1815/1815 437/1816/1816 438/1817/1817
f 432/1815/1815 438/1817/1817 433/1818/1818
f 435/1819/1819 433/1820/1820 438/1821/1821
f 436/1822/1822 437/1823/1823 432/1824/1824
f 437/1825/1825 439/1826/1826 440/1827/1827
f 437/1825/1825 440/1827/1827 438/1828/1828
f 435/1829/1829 438/1830/1830 440/1831/1831
f 436/1832/1832 439/1833/1833 437/1834/1834
f 439/1835/1835 441/1836/1836 442/1837/1837
f 439/1835/1835 442/1837/1837 440/1838/1838
f 435/1839/1839 440/1840/1840 442/1841/1841
f 436/1842/1842 441/1843/1843 439/1844/1844
f 441/1845/1845 443/1846/1846 444/1847/1847
f 441/1845/1845 444/1847/1847 442/1848/1848
f 435/1849/1849 442/1850/1850 444/1851/1851
f 436/1852/1852 443/1853/1853 441/1854/1854
f 443/1855/1855 445/1856/1856 446/1857/1857
f 443/1855/1855 446/1857/1857 444/1858/1858
f 435/1859/1859 444/1860/1860 446/1861/1861
f 436/1862/1862 445/1863/1863 443/1864/1864
f 445/1865/1865 447/1866/1866 448/1867/1867
f 445/1865/1865 448/1867/1867 446/1868/1868
f 435/1869/1869 446/1870/1870 448/1871/1871
f 436/1872/1872 447/1873/1873 445/1874/1874
f 447/1875/1875 449/1876/1876 450/1877/1877
f 447/1875/1875 450/1877/1877 448/1878/1878
f 435/1879/1879 448/1880/1880 450/1881/1881
f 436/1882/1882 449/1883/1883 447/1884/1884
f 449/1885/1885 451/1886/1886 452/1887/1887
f 449/1885/1885 452/1887/1887 450/1888/1888
f 435/1889/1889 450/1890/1890 452/1891/1891
f 436/1892/1892 451/1893/1893 449/1894/1894
f 451/1895/1895 453/1896/1896 454/1897/1897
f 451/1895/1895 454/1897/1897 452/1898/1898
f 435/1899/1899 452/1900/1900 454/1901/1901
f 436/1902/1902 453/1903/1903 451/1904/1904
f 453/1905/1905 455/1906/1906 456/1907/1907
f 453/1905/1905 456/1907/1907 454/1908/1908
f 435/1909/1909 454/1910/1910 456/1911/1911
f 436/1912/1912 455/1913/1913 453/1914/1914
f 455/1915/1915 431/1916/1916 434/1917/1917
f 455/1915/1915 434/1917/1917 456/1918/1918
f 435/1919/1919 456/1920/1920 434/1921/1921
f 436/1922/1922 431/1923/1923 455/1924/1924
f 457/1925/1925 458/1926/1926 459/1927/1927
f 457/1925/1925 459/1927/1927 460/1928/1928
f 461/1929/1929 460/1930/1930 459/1931/1931
f 462/1932/1932 458/1933/1933 457/1934/1934
f 458/1935/1935 463/1936/1936 464/1937/1937
f 458/1935/1935 464/1937/1937 459/1938/1938
f 461/1939/1939 459/1940/1940 464/1941/1941
f 462/1942/1942 463/1943/1943 458/1944/1944
f 463/1945/1945 465/1946/1946 466/1947/1947
f 463/1945/1945 466/1947/1947 464/1948/1948
f 461/1949/1949 464/1950/1950 466/1951/1951
f 462/1952/1952 465/1953/1953 463/1954/1954
f 465/1955/1955 467/1956/1956 468/1957/1957
f 465/1955/1955 468/1957/1957 466/1958/1958
f 461/1959/1959 466/1960/1960 468/1961/1961
f 462/1962/1962 467/1963/1963 465/1964/1964
f 467/1965/1965 469/1966/1966 470/1967/1967
f 467/1965/1965 470/1967/1967 468/1968/1968
f 461/1969/1969 468/1970/1970 470/1971/1971
f 462/1972/1972 469/1973/1973 467/1974/1974
f 469/1975/1975 471/1976/1976 472/1977/1977
f 469/1975/1975 472/1977/1977 470/1978/1978
f 461/1979/1979 470/1980/1980 472/1981/1981
f 462/1982/1982 471/1983/1983 469/1984/1984
f 471/1985/1985 473/1986/1986 474/1987/1987
f 471/1985/1985 474/1987/1987 472/1988/1988
f 461/1989/1989 472/1990/1990 474/1991/1991
f 462/1992/1992 473/1993/1993 471/1994/1994
f 473/1995/1995 475/1996/1996 476/1997/1997
f 473/1995/1995 476/1997/1997 474/1998/1998
f 461/1999/1999 474/2000/2000 476/2001/2001
f 462/2002/2002 475/2003/2003 473/2004/2004
f 475/2005/2005 477/2006/2006 478/2007/2007
f 475/2005/2005 478/2007/2007 476/2008/2008
f 461/2009/2009 476/2010/2010 478/2011/2011
f 462/2012/2012 477/2013/2013 475/2014/2014
f 477/2015/2015 479/2016/2016 480/2017/2017
f 477/2015/2015 480/2017/2017 478/2018/2018
f 461/2019/2019 478/2020/2020 480/2021/2021
f 462/2022/2022 479/2023/2023 477/2024/2024
f 479/2025/2025 481/2026/2026 482/2027/2027
f 479/2025/2025 482/2027/2027 480/2028/2028
f 461/2029/2029 480/2030/2030 482/2031/2031
f 462/2032/2032 481/2033/2033 479/2034/2034
f 481/2035/2035 457/2036/2036 460/2037/2037
f 481/2035/2035 460/2037/2037 482/2038/2038
f 461/2039/2039 482/2040/2040 460/2041/2041
f 462/2042/2042 457/2043/2043 481/2044/2044
f 483/2045/2045 484/2046/2046 485/2047/2047
f 483/2045/2045 485/2047/2047 486/2048/2048
f 487/2049/2049 488/2050/2050 489/2051/2051
f 487/2049/2049 489/2051/2051 490/2052/2052
f 484/2053/2053 483/2054/2054 488/2055/2055
f 484/2053/2053 488/2055/2055 487/2056/2056
f 486/2057/2057 485/2058/2058 490/2059/2059
f 486/2057/2057 490/2059/2059 489/2060/2060
f 484/2061/2061 491/2062/2062 492/2063/2063
f 484/2061/2061 492/2063/2063 485/2064/2064
f 493/2065/2065 487/2066/2066 490/2067/2067
f 493/2065/2065 490/2067/2067 494/2068/2068
f 491/2069/2069 484/2070/2070 487/2071/2071
f 491/2069/2069 487/2071/2071 493/2072/2072
f 485/2073/2073 492/2074/2074 494/2075/2075
f 485/2073/2073 494/2075/2075 490/2076/2076
f 491/2077/2077 495/2078/2078 496/2079/2079
f 491/2077/2077 496/2079/2079 492/2080/2080
f 497/2081/2081 493/2082/2082 494/2083/2083
f 497/2081/2081 494/2083/2083 498/2084/2084
f 495/2085/2085 491/2086/2086 493/2087/2087
f 495/2085/2085 493/2087/2087 497/2088/2088
f 492/2089/2089 496/2090/2090 498/2091/2091
f 492/2089/2089 498/2091/2091 494/2092/2092
f 495/2093/2093 499/2094/2094 500/2095/2095
f 495/2093/2093 500/2095/2095 496/2096/2096
f 501/2097/2097 497/2098/2098 498/2099/2099
f 501/2097/2097 498/2099/2099 502/2100/2100
f 499/2101/2101 495/2102/2102 497/2103/2103
f 499/2101/2101 497/2103/2103 501/2104/2104
f 496/2105/2105 500/2106/2106 502/2107/2107
f 496/2105/2105 502/2107/2107 498/2108/2108
f 499/2109/2109 503/2110/2110 504/2111/2111
f 499/2109/2109 504/2111/2111 500/2112/2112
f 505/2113/2113 501/2114/2114 502/2115/2115
f 505/2113/2113 502/2115/2115 506/2116/2116
f 503/2117/2117 499/2118/2118 501/2119/2119
f 503/2117/2117 501/2119/2119 505/2120/2120
f 500/2121/2121 504/2122/2122 506/2123/2123
f 500/2121/2121 506/2123/2123 502/2124/2124
f 503/2125/2125 507/2126/2126 508/2127/2127
f 503/2125/2125 508/2127/2127 504/2128/2128
f 509/2129/2129 505/2130/2130 506/2131/2131
f 509/2129/2129 506/2131/2131 510/2132/2132
f 507/2133/2133 503/2134/2134 505/2135/2135
f 507/2133/2133 505/2135/2135 509/2136/2136
f 504/2137/2137 508/2138/2138 510/2139/2139
f 504/2137/2137 510/2139/2139 506/2140/2140
f 507/2141/2141 511/2142/2142 512/2143/2143
f 507/2141/2141 512/2143/2143 508/2144/2144
f 513/2145/2145 509/2146/2146 510/2147/2147
f 513/2145/2145 510/2147/2147 514/2148/2148
f 511/2149/2149 507/2150/2150 509/2151/2151
f 511/2149/2149 509/2151/2151 513/2152/2152
f 508/2153/2153 512/2154/2154 514/2155/2155
f 508/2153/2153 514/2155/2155 510/2156/2156
f 511/2157/2157 483/2158/2158 486/2159/2159
f 511/2157/2157 486/2159/2159 512/2160/2160
f 488/2161/2161 513/2162/2162 514/2163/2163
f 488/2161/2161 514/2163/2163 489/2164/2164
f 483/2165/2165 511/2166/2166 513/2167/2167
f 483/2165/2165 513/2167/2167 488/2168/2168
f 512/2169/2169 486/2170/2170 489/2171/2171
f 512/2169/2169 489/2171/2171 514/2172/2172
f 515/2173/2173 516/2174/2174 517/2175/2175
f 515/2173/2173 517/2175/2175 518/2176/2176
f 519/2177/2177 520/2178/2178 521/2179/2179
f 519/2177/2177 521/2179/2179 522/2180/2180
f 521/2181/2181 520/2182/2182 517/2183/2183
f 521/2181/2181 517/2183/2183 516/2184/2184
f 522/2185/2185 515/2186/2186 518/2187/2187
f 522/2185/2185 518/2187/2187 519/2188/2188
f 519/2189/2189 518/2190/2190 517/2191/2191
f 519/2189/2189 517/2191/2191 520/2192/2192
f 522/2193/2193 521/2194/2194 516/2195/2195
f 522/2193/2193 516/2195/2195 515/2196/2196
f 523/2197/2197 524/2198/2198 525/2199/2199
f 523/2197/2197 525/2199/2199 526/2200/2200
f 527/2201/2201 528/2202/2202 529/2203/2203
f 527/2201/2201 529/2203/2203 530/2204/2204
f 524/2205/2205 523/2206/2206 528/2207/2207
f 524/2205/2205 528/2207/2207 527/2208/2208
f 526/2209/2209 525/2210/2210 530/2211/2211
f 526/2209/2209 530/2211/2211 529/2212/2212
f 524/2213/2213 531/2214/2214 532/2215/2215
f 524/2213/2213 532/2215/2215 525/2216/2216
f 533/2217/2217 527/2218/2218 530/2219/2219
f 533/2217/2217 530/2219/2219 534/2220/2220
f 531/2221/2221 524/2222/2222 527/2223/2223
f 531/2221/2221 527/2223/2223 533/2224/2224
f 525/2225/2225 532/2226/2226 534/2227/2227
f 525/2225/2225 534/2227/2227 530/2228/2228
f 531/2229/2229 535/2230/2230 536/2231/2231
f 531/2229/2229 536/2231/2231 532/2232/2232
f 537/2233/2233 533/2234/2234 534/2235/2235
f 537/2233/2233 534/2235/2235 538/2236/2236
f 535/2237/2237 531/2238/2238 533/2239/2239
f 535/2237/2237 533/2239/2239 537/2240/2240
f 532/2241/2241 536/2242/2242 538/2243/2243
f 532/2241/2241 538/2243/2243 534/2244/2244
f 535/2245/2245 539/2246/2246 540/2247/2247
f 535/2245/2245 540/2247/2247 536/2248/2248
f 541/2249/2249 537/2250/2250 538/2251/2251
f 541/2249/2249 538/2251/2251 542/2252/2252
f 539/2253/2253 535/2254/2254 537/2255/2255
f 539/2253/2253 537/2255/2255 541/2256/2256
f 536/2257/2257 540/2258/2258 542/2259/2259
f 536/2257/2257 542/2259/2259 538/2260/2260
f 539/2261/2261 543/2262/2262 544/2263/2263
f 539/2261/2261 544/2263/2263 540/2264/2264
f 545/2265/2265 541/2266/2266 542/2267/2267
f 545/2265/2265 542/2267/2267 546/2268/2268
f 543/2269/2269 539/2270/2270 541/2271/2271
f 543/2269/2269 541/2271/2271 545/2272/2272
f 540/2273/2273 544/2274/2274 546/2275/2275
f 540/2273/2273 546/2275/2275 542/2276/2276
f 543/2277/2277 547/2278/2278 548/2279/2279
f 543/2277/2277 548/2279/2279 544/2280/2280
f 549/2281/2281 545/2282/2282 546/2283/2283
f 549/2281/2281 546/2283/2283 550/2284/2284
f 547/2285/2285 543/2286/2286 545/2287/2287
f 547/2285/2285 545/2287/2287 549/2288/2288
f 544/2289/2289 548/2290/2290 550/2291/2291
f 544/2289/2289 550/2291/2291 546/2292/2292
f 547/2293/2293 551/2294/2294 552/2295/2295
f 547/2293/2293 552/2295/2295 548/2296/2296
f 553/2297/2297 549/2298/2298 550/2299/2299
f 553/2297/2297 550/2299/2299 554/2300/2300
f 551/2301/2301 547/2302/2302 549/2303/2303
f 551/2301/2301 549/2303/2303 553/2304/2304
f 548/2305/2305 552/2306/2306 554/2307/2307
f 548/2305/2305 554/2307/2307 550/2308/2308
f 551/2309/2309 523/2310/2310 526/2311/2311
f 551/2309/2309 526/2311/2311 552/2312/2312
f 528/2313/2313 553/2314/2314 554/2315/2315
f 528/2313/2313 554/2315/2315 529/2316/2316
f 523/2317/2317 551/2318/2318 553/2319/2319
f 523/2317/2317 553/2319/2319 528/2320/2320
f 552/2321/2321 526/2322/2322 529/2323/2323
f 552/2321/2321 529/2323/2323 554/2324/2324
f 555/2325/2325 556/2326/2326 557/2327/2327
f 555/2325/2325 557/2327/2327 558/2328/2328
f 558/2329/2329 557/2330/2330 559/2331/2331
f 558/2329/2329 559/2331/2331 560/2332/2332
f 560/2333/2333 559/2334/2334 561/2335/2335
f 560/2333/2333 561/2335/2335 562/2336/2336
f 562/2337/2337 561/2338/2338 563/2339/2339
f 562/2337/2337 563/2339/2339 564/2340/2340
f 564/2341/2341 563/2342/2342 565/2343/2343
f 564/2341/2341 565/2343/2343 566/2344/2344
f 566/2345/2345 565/2346/2346 567/2347/2347
f 566/2345/2345 567/2347/2347 568/2348/2348
f 568/2349/2349 567/2350/2350 569/2351/2351
f 568/2349/2349 569/2351/2351 570/2352/2352
f 570/2353/2353 569/2354/2354 571/2355/2355
f 570/2353/2353 571/2355/2355 572/2356/2356
f 572/2357/2357 571/2358/2358 573/2359/2359
f 572/2357/2357 573/2359/2359 574/2360/2360
f 574/2361/2361 573/2362/2362 556/2363/2363
f 574/2361/2361 556/2363/2363 555/2364/2364
f 556/2365/2365 575/2366/2366 576/2367/2367
f 556/2365/2365 576/2367/2367 557/2368/2368
f 557/2369/2369 576/2370/2370 577/2371/2371
f 557/2369/2369 577/2371/2371 559/2372/2372
f 559/2373/2373 577/2374/2374 578/2375/2375
f 559/2373/2373 578/2375/2375 561/2376/2376
f 561/2377/2377 578/2378/2378 579/2379/2379
f 561/2377/2377 579/2379/2379 563/2380/2380
f 563/2381/2381 579/2382/2382 580/2383/2383
f 563/2381/2381 580/2383/2383 565/2384/2384
f 565/2385/2385 580/2386/2386 581/2387/2387
f 565/2385/2385 581/2387/2387 567/2388/2388
f 567/2389/2389 581/2390/2390 582/2391/2391
f 567/2389/2389 582/2391/2391 569/2392/2392
f 569/2393/2393 582/2394/2394 583/2395/2395
f 569/2393/2393 583/2395/2395 571/2396/2396
f 571/2397/2397 583/2398/2398 584/2399/2399
f 571/2397/2397 584/2399/2399 573/2400/2400
f 573/2401/2401 584/2402/2402 575/2403/2403
f 573/2401/2401 575/2403/2403 556/2404/2404
f 575/2405/2405 585/2406/2406 586/2407/2407
f 575/2405/2405 586/2407/2407 576/2408/2408
f 576/2409/2409 586/2410/2410 587/2411/2411
f 576/2409/2409 587/2411/2411 577/2412/2412
f 577/2413/2413 587/2414/2414 588/2415/2415
f 577/2413/2413 588/2415/2415 578/2416/2416
f 578/2417/2417 588/2418/2418 589/2419/2419
f 578/2417/2417 589/2419/2419 579/2420/2420
f 579/2421/2421 589/2422/2422 590/2423/2423
f 579/2421/2421 590/2423/2423 580/2424/2424
f 580/2425/2425 590/2426/2426 591/2427/2427
f 580/2425/2425 591/2427/2427 581/2428/2428
f 581/2429/2429 591/2430/2430 592/2431/2431
f 581/2429/2429 592/2431/2431 582/2432/2432
f 582/2433/2433 592/2434/2434 593/2435/2435
f 582/2433/2433 593/2435/2435 583/2436/2436
f 583/2437/2437 593/2438/2438 594/2439/2439
f 583/2437/2437 594/2439/2439 584/2440/2440
f 584/2441/2441 594/2442/2442 585/2443/2443
f 584/2441/2441 585/2443/2443 575/2444/2444
f 595/2445/2445 555/2446/2446 558/2447/2447
f 595/2448/2448 558/2449/2449 560/2450/2450
f 595/2451/2451 560/2452/2452 562/2453/2453
f 595/2454/2454 562/2455/2455 564/2456/2456
f 595/2457/2457 564/2458/2458 566/2459/2459
f 595/2460/2460 566/2461/2461 568/2462/2462
f 595/2463/2463 568/2464/2464 570/2465/2465
f 595/2466/2466 570/2467/2467 572/2468/2468
f 595/2469/2469 572/2470/2470 574/2471/2471
f 595/2472/2472 574/2473/2473 555/2474/2474
f 596/2475/2475 586/2476/2476 585/2477/2477
f 596/2478/2478 587/2479/2479 586/2480/2480
f 596/2481/2481 588/2482/2482 587/2483/2483
f 596/2484/2484 589/2485/2485 588/2486/2486
f 596/2487/2487 590/2488/2488 589/2489/2489
f 596/2490/2490 591/2491/2491 590/2492/2492
f 596/2493/2493 592/2494/2494 591/2495/2495
f 596/2496/2496 593/2497/2497 592/2498/2498
f 596/2499/2499 594/2500/2500 593/2501/2501
f 596/2502/2502 585/2503/2503 594/2504/2504
f 597/2505/2505 598/2506/2506 599/2507/2507
f 597/2505/2505 599/2507/2507 600/2508/2508
f 601/2509/2509 600/2510/2510 599/2511/2511
f 602/2512/2512 598/2513/2513 597/2514/2514
f 598/2515/2515 603/2516/2516 604/2517/2517
f 598/2515/2515 604/2517/2517 599/2518/2518
f 601/2519/2519 599/2520/2520 604/2521/2521
f 602/2522/2522 603/2523/2523 598/2524/2524
f 603/2525/2525 605/2526/2526 606/2527/2527
f 603/2525/2525 606/2527/2527 604/2528/2528
f 601/2529/2529 604/2530/2530 606/2531/2531
f 602/2532/2532 605/2533/2533 603/2534/2534
f 605/2535/2535 607/2536/2536 608/2537/2537
f 605/2535/2535 608/2537/2537 606/2538/2538
f 601/2539/2539 606/2540/2540 608/2541/2541
f 602/2542/2542 607/2543/2543 605/2544/2544
f 607/2545/2545 609/2546/2546 610/2547/2547
f 607/2545/2545 610/2547/2547 608/2548/2548
f 601/2549/2549 608/2550/2550 610/2551/2551
f 602/2552/2552 609/2553/2553 607/2554/2554
f 609/2555/2555 611/2556/2556 612/2557/2557
f 609/2555/2555 612/2557/2557 610/2558/2558
f 601/2559/2559 610/2560/2560 612/2561/2561
f 602/2562/2562 611/2563/2563 609/2564/2564
f 611/2565/2565 613/2566/2566 614/2567/2567
f 611/2565/2565 614/2567/2567 612/2568/2568
f 601/2569/2569 612/2570/2570 614/2571/2571
f 602/2572/2572 613/2573/2573 611/2574/2574
f 613/2575/2575 615/2576/2576 616/2577/2577
f 613/2575/2575 616/2577/2577 614/2578/2578
f 601/2579/2579 614/2580/2580 616/2581/2581
f 602/2582/2582 615/2583/2583 613/2584/2584
f 615/2585/2585 617/2586/2586 618/2587/2587
f 615/2585/2585 618/2587/2587 616/2588/2588
f 601/2589/2589 616/2590/2590 618/2591/2591
f 602/2592/2592 617/2593/2593 615/2594/2594
f 617/2595/2595 619/2596/2596 620/2597/2597
f 617/2595/2595 620/2597/2597 618/2598/2598
f 601/2599/2599 618/2600/2600 620/2601/2601
f 602/2602/2602 619/2603/2603 617/2604/2604
f 619/2605/2605 621/2606/2606 622/2607/2607
f 619/2605/2605 622/2607/2607 620/2608/2608
f 601/2609/2609 620/2610/2610 622/2611/2611
f 602/2612/2612 621/2613/2613 619/2614/2614
f 621/2615/2615 597/2616/2616 600/2617/2617
f 621/2615/2615 600/2617/2617 622/2618/2618
f 601/2619/2619 622/2620/2620 600/2621/2621
f 602/2622/2622 597/2623/2623 621/2624/2624
f 623/2625/2625 624/2626/2626 625/2627/2627
f 623/2625/2625 625/2627/2627 626/2628/2628
f 627/2629/2629 626/2630/2630 625/2631/2631
f 628/2632/2632 624/2633/2633 623/2634/2634
f 624/2635/2635 629/2636/2636 630/2637/2637
f 624/2635/2635 630/2637/2637 625/2638/2638
f 627/2639/2639 625/2640/2640 630/2641/2641
f 628/2642/2642 629/2643/2643 624/2644/2644
f 629/2645/2645 631/2646/2646 632/2647/2647
f 629/2645/2645 632/2647/2647 630/2648/2648
f 627/2649/2649 630/2650/2650 632/2651/2651
f 628/2652/2652 631/2653/2653 629/2654/2654
f 631/2655/2655 633/2656/2656 634/2657/2657
f 631/2655/2655 634/2657/2657 632/2658/2658
f 627/2659/2659 632/2660/2660 634/2661/2661
f 628/2662/2662 633/2663/2663 631/2664/2664
f 633/2665/2665 635/2666/2666 636/2667/2667
f 633/2665/2665 636/2667/2667 634/2668/2668
f 627/2669/2669 634/2670/2670 636/2671/2671
f 628/2672/2672 635/2673/2673 633/2674/2674
f 635/2675/2675 637/2676/2676 638/2677/2677
f 635/2675/2675 638/2677/2677 636/2678/2678
f 627/2679/2679 636/2680/2680 638/2681/2681
f 628/2682/2682 637/2683/2683 635/2684/2684
f 637/2685/2685 639/2686/2686 640/2687/2687
f 637/2685/2685 640/2687/2687 638/2688/2688
f 627/2689/2689 638/2690/2690 640/2691/2691
f 628/2692/2692 639/2693/2693 637/2694/2694
f 639/2695/2695 641/2696/2696 642/2697/2697
f 639/2695/2695 642/2697/2697 640/2698/2698
f 627/2699/2699 640/2700/2700 642/2701/2701
f 628/2702/2702 641/2703/2703 639/2704/2704
f 641/2705/2705 643/2706/2706 644/2707/2707
f 641/2705/2705 644/2707/2707 642/2708/2708
f 627/2709/2709 642/2710/2710 644/2711/2711
f 628/2712/2712 643/2713/2713 641/2714/2714
f 643/2715/2715 645/2716/2716 646/2717/2717
f 643/2715/2715 646/2717/2717 644/2718/2718
f 627/2719/2719 644/2720/2720 646/2721/2721
f 628/2722/2722 645/2723/2723 643/2724/2724
f 645/2725/2725 647/2726/2726 648/2727/2727
f 645/2725/2725 648/2727/2727 646/2728/2728
f 627/2729/2729 646/2730/2730 648/2731/2731
f 628/2732/2732 647/2733/2733 645/2734/2734
f 647/2735/2735 623/2736/2736 626/2737/2737
f 647/2735/2735 626/2737/2737 648/2738/2738
f 627/2739/2739 648/2740/2740 626/2741/2741
f 628/2742/2742 623/2743/2743 647/2744/2744
f 649/2745/2745 650/2746/2746 651/2747/2747
f 649/2745/2745 651/2747/2747 652/2748/2748
f 653/2749/2749 654/2750/2750 655/2751/2751
f 653/2749/2749 655/2751/2751 656/2752/2752
f 650/2753/2753 649/2754/2754 654/2755/2755
f 650/2753/2753 654/2755/2755 653/2756/2756
f 652/2757/2757 651/2758/2758 656/2759/2759
f 652/2757/2757 656/2759/2759 655/2760/2760
f 650/2761/2761 657/2762/2762 658/2763/2763
f 650/2761/2761 658/2763/2763 651/2764/2764
f 659/2765/2765 653/2766/2766 656/2767/2767
f 659/2765/2765 656/2767/2767 660/2768/2768
f 657/2769/2769 650/2770/2770 653/2771/2771
f 657/2769/2769 653/2771/2771 659/2772/2772
f 651/2773/2773 658/2774/2774 660/2775/2775
f 651/2773/2773 660/2775/2775 656/2776/2776
f 657/2777/2777 661/2778/2778 662/2779/2779
f 657/2777/2777 662/2779/2779 658/2780/2780
f 663/2781/2781 659/2782/2782 660/2783/2783
f 663/2781/2781 660/2783/2783 664/2784/2784
f 661/2785/2785 657/2786/2786 659/2787/2787
f 661/2785/2785 659/2787/2787 663/2788/2788
f 658/2789/2789 662/2790/2790 664/2791/2791
f 658/2789/2789 664/2791/2791 660/2792/2792
f 661/2793/2793 665/2794/2794 666/2795/2795
f 661/2793/2793 666/2795/2795 662/2796/2796
f 667/2797/2797 663/2798/2798 664/2799/2799
f 667/2797/2797 664/2799/2799 668/2800/2800
f 665/2801/2801 661/2802/2802 663/2803/2803
f 665/2801/2801 663/2803/2803 667/2804/2804
f 662/2805/2805 666/2806/2806 668/2807/2807
f 662/2805/2805 668/2807/2807 664/2808/2808
f 665/2809/2809 669/2810/2810 670/2811/2811
f 665/2809/2809 670/2811/2811 666/2812/2812
f 671/2813/2813 667/2814/2814 668/2815/2815
f 671/2813/2813 668/2815/2815 672/2816/2816
f 669/2817/2817 665/2818/2818 667/2819/2819
f 669/2817/2817 667/2819/2819 671/2820/2820
f 666/2821/2821 670/2822/2822 672/2823/2823
f 666/2821/2821 672/2823/2823 668/2824/2824
f 669/2825/2825 673/2826/2826 674/2827/2827
f 669/2825/2825 674/2827/2827 670/2828/2828
f 675/2829/2829 671/2830/2830 672/2831/2831
f 675/2829/2829 672/2831/2831 676/2832/2832
f 673/2833/2833 669/2834/2834 671/2835/2835
f 673/2833/2833 671/2835/2835 675/2836/2836
f 670/2837/2837 674/2838/2838 676/2839/2839
f 670/2837/2837 676/2839/2839 672/2840/2840
f 673/2841/2841 677/2842/2842 678/2843/2843
f 673/2841/2841 678/2843/2843 674/2844/2844
f 679/2845/2845 675/2846/2846 676/2847/2847
f 679/2845/2845 676/2847/2847 680/2848/2848
f 677/2849/2849 673/2850/2850 675/2851/2851
f 677/2849/2849 675/2851/2851 679/2852/2852
f 674/2853/2853 678/2854/2854 680/2855/2855
f 674/2853/2853 680/2855/2855 676/2856/2856
f 677/2857/2857 649/2858/2858 652/2859/2859
f 677/2857/2857 652/2859/2859 678/2860/2860
f 654/2861/2861 679/2862/2862 680/2863/2863
f 654/2861/2861 680/2863/2863 655/2864/2864
f 649/2865/2865 677/2866/2866 679/2867/2867
f 649/2865/2865 679/2867/2867 654/2868/2868
f 678/2869/2869 652/2870/2870 655/2871/2871
f 678/2869/2869 655/2871/2871 680/2872/2872
f 681/2873/2873 682/2874/2874 683/2875/2875
f 681/2873/2873 683/2875/2875 684/2876/2876
f 685/2877/2877 686/2878/2878 687/2879/2879
f 685/2877/2877 687/2879/2879 688/2880/2880
f 687/2881/2881 686/2882/2882 683/2883/2883
f 687/2881/2881 683/2883/2883 682/2884/2884
f 688/2885/2885 681/2886/2886 684/2887/2887
f 688/2885/2885 684/2887/2887 685/2888/2888
f 685/2889/2889 684/2890/2890 683/2891/2891
f 685/2889/2889 683/2891/2891 686/2892/2892
f 688/2893/2893 687/2894/2894 682/2895/2895
f 688/2893/2893 682/2895/2895 681/2896/2896
f 689/2897/2897 690/2898/2898 691/2899/2899
f 689/2897/2897 691/2899/2899 692/2900/2900
f 693/2901/2901 694/2902/2902 695/2903/2903
f 693/2901/2901 695/2903/2903 696/2904/2904
f 690/2905/2905 689/2906/2906 694/2907/2907
f 690/2905/2905 694/2907/2907 693/2908/2908
f 692/2909/2909 691/2910/2910 696/2911/2911
f 692/2909/2909 696/2911/2911 695/2912/2912
f 690/2913/2913 697/2914/2914 698/2915/2915
f 690/2913/2913 698/2915/2915 691/2916/2916
f 699/2917/2917 693/2918/2918 696/2919/2919
f 699/2917/2917 696/2919/2919 700/2920/2920
f 697/2921/2921 690/2922/2922 693/2923/2923
f 697/2921/2921 693/2923/2923 699/2924/2924
f 691/2925/2925 698/2926/2926 700/2927/2927
f 691/2925/2925 700/2927/2927 696/2928/2928
f 697/2929/2929 701/2930/2930 702/2931/2931
f 697/2929/2929 702/2931/2931 698/2932/2932
f 703/2933/2933 699/2934/2934 700/2935/2935
f 703/2933/2933 700/2935/2935 704/2936/2936
f 701/2937/2937 697/2938/2938 699/2939/2939
f 701/2937/2937 699/2939/2939 703/2940/2940
f 698/2941/2941 702/2942/2942 704/2943/2943
f 698/2941/2941 704/2943/2943 700/2944/2944
f 701/2945/2945 705/2946/2946 706/2947/2947
f 701/2945/2945 706/2947/2947 702/2948/2948
f 707/2949/2949 703/2950/2950 704/2951/2951
f 707/2949/2949 704/2951/2951 708/2952/2952
f 705/2953/2953 701/2954/2954 703/2955/2955
f 705/2953/2953 703/2955/2955 707/2956/2956
f 702/2957/2957 706/2958/2958 708/2959/2959
f 702/2957/2957 708/2959/2959 704/2960/2960
f 705/2961/2961 709/2962/2962 710/2963/2963
f 705/2961/2961 710/2963/2963 706/2964/2964
f 711/2965/2965 707/2966/2966 708/2967/2967
f 711/2965/2965 708/2967/2967 712/2968/2968
f 709/2969/2969 705/2970/2970 707/2971/2971
f 709/2969/2969 707/2971/2971 711/2972/2972
f 706/2973/2973 710/2974/2974 712/2975/2975
f 706/2973/2973 712/2975/2975 708/2976/2976
f 709/2977/2977 713/2978/2978 714/2979/2979
f 709/2977/2977 714/2979/2979 710/2980/2980
f 715/2981/2981 711/2982/2982 712/2983/2983
f 715/2981/2981 712/2983/2983 716/2984/2984
f 713/2985/2985 709/2986/2986 711/2987/2987
f 713/2985/2985 711/2987/2987 715/2988/2988
f 710/2989/2989 714/2990/2990 716/2991/2991
f 710/2989/2989 716/2991/2991 712/2992/2992
f 713/2993/2993 717/2994/2994 718/2995/2995
f 713/2993/2993 718/2995/2995 714/2996/2996
f 719/2997/2997 715/2998/2998 716/2999/2999
f 719/2997/2997 716/2999/2999 720/3000/3000
f 717/3001/3001 713/3002/3002 715/3003/3003
f 717/3001/3001 715/3003/3003 719/3004/3004
f 714/3005/3005 718/3006/3006 720/3007/3007
f 714/3005/3005 720/3007/3007 716/3008/3008
f 717/3009/3009 689/3010/3010 692/3011/3011
f 717/3009/3009 692/3011/3011 718/3012/3012
f 694/3013/3013 719/3014/3014 720/3015/3015
f 694/3013/3013 720/3015/3015 695/3016/3016
f 689/3017/3017 717/3018/3018 719/3019/3019
f 689/3017/3017 719/3019/3019 694/3020/3020
f 718/3021/3021 692/3022/3022 695/3023/3023
f 718/3021/3021 695/3023/3023 720/3024/3024
f 721/3025/3025 722/3026/3026 723/3027/3027
f 721/3025/3025 723/3027/3027 724/3028/3028
f 722/3029/3029 725/3030/3030 726/3031/3031
f 722/3029/3029 726/3031/3031 723/3032/3032
f 725/3033/3033 727/3034/3034 728/3035/3035
f 725/3033/3033 728/3035/3035 726/3036/3036
f 727/3037/3037 729/3038/3038 730/3039/3039
f 727/3037/3037 730/3039/3039 728/3040/3040
f 729/3041/3041 731/3042/3042 732/3043/3043
f 729/3041/3041 732/3043/3043 730/3044/3044
f 731/3045/3045 733/3046/3046 734/3047/3047
f 731/3045/3045 734/3047/3047 732/3048/3048
f 733/3049/3049 735/3050/3050 736/3051/3051
f 733/3049/3049 736/3051/3051 734/3052/3052
f 735/3053/3053 737/3054/3054 738/3055/3055
f 735/3053/3053 738/3055/3055 736/3056/3056
f 737/3057/3057 739/3058/3058 740/3059/3059
f 737/3057/3057 740/3059/3059 738/3060/3060
f 739/3061/3061 721/3062/3062 724/3063/3063
f 739/3061/3061 724/3063/3063 740/3064/3064
f 724/3065/3065 723/3066/3066 741/3067/3067
f 724/3065/3065 741/3067/3067 742/3068/3068
f 723/3069/3069 726/3070/3070 743/3071/3071
f 723/3069/3069 743/3071/3071 741/3072/3072
f 726/3073/3073 728/3074/3074 744/3075/3075
f 726/3073/3073 744/3075/3075 743/3076/3076
f 728/3077/3077 730/3078/3078 745/3079/3079
f 728/3077/3077 745/3079/3079 744/3080/3080
f 730/3081/3081 732/3082/3082 746/3083/3083
f 730/3081/3081 746/3083/3083 745/3084/3084
f 732/3085/3085 734/3086/3086 747/3087/3087
f 732/3085/3085 747/3087/3087 746/3088/3088
f 734/3089/3089 736/3090/3090 748/3091/3091
f 734/3089/3089 748/3091/3091 747/3092/3092
f 736/3093/3093 738/3094/3094 749/3095/3095
f 736/3093/3093 749/3095/3095 748/3096/3096
f 738/3097/3097 740/3098/3098 750/3099/3099
f 738/3097/3097 750/3099/3099 749/3100/3100
f 740/3101/3101 724/3102/3102 742/3103/3103
f 740/3101/3101 742/3103/3103 750/3104/3104
f 742/3105/3105 741/3106/3106 751/3107/3107
f 742/3105/3105 751/3107/3107 752/3108/3108
f 741/3109/3109 743/3110/3110 753/3111/3111
f 741/3109/3109 753/3111/3111 751/3112/3112
f 743/3113/3113 744/3114/3114 754/3115/3115
f 743/3113/3113 754/3115/3115 753/3116/3116
f 744/3117/3117 745/3118/3118 755/3119/3119
f 744/3117/3117 755/3119/3119 754/3120/3120
f 745/3121/3121 746/3122/3122 756/3123/3123
f 745/3121/3121 756/3123/3123 755/3124/3124
f 746/3125/3125 747/3126/3126 757/3127/3127
f 746/3125/3125 757/3127/3127 756/3128/3128
f 747/3129/3129 748/3130/3130 758/3131/3131
f 747/3129/3129 758/3131/3131 757/3132/3132
f 748/3133/3133 749/3134/3134 759/3135/3135
f 748/3133/3133 759/3135/3135 758/3136/3136
f 749/3137/3137 750/3138/3138 760/3139/3139
f 749/3137/3137 760/3139/3139 759/3140/3140
f 750/3141/3141 742/3142/3142 752/3143/3143
f 750/3141/3141 752/3143/3143 760/3144/3144
f 761/3145/3145 722/3146/3146 721/3147/3147
f 761/3148/3148 725/3149/3149 722/3150/3150
f 761/3151/3151 727/3152/3152 725/3153/3153
f 761/3154/3154 729/3155/3155 727/3156/3156
f 761/3157/3157 731/3158/3158 729/3159/3159
f 761/3160/3160 733/3161/3161 731/3162/3162
f 761/3163/3163 735/3164/3164 733/3165/3165
f 761/3166/3166 737/3167/3167 735/3168/3168
f 761/3169/3169 739/3170/3170 737/3171/3171
f 761/3172/3172 721/3173/3173 739/3174/3174
f 762/3175/3175 752/3176/3176 751/3177/3177
f 762/3178/3178 751/3179/3179 753/3180/3180
f 762/3181/3181 753/3182/3182 754/3183/3183
f 762/3184/3184 754/3185/3185 755/3186/3186
f 762/3187/3187 755/3188/3188 756/3189/3189
f 762/3190/3190 756/3191/3191 757/3192/3192
f 762/3193/3193 757/3194/3194 758/3195/3195
f 762/3196/3196 758/3197/3197 759/3198/3198
f 762/3199/3199 759/3200/3200 760/3201/3201
f 762/3202/3202 760/3203/3203 752/3204/3204
f 763/3205/3205 764/3206/3206 765/3207/3207
f 763/3205/3205 765/3207/3207 766/3208/3208
f 767/3209/3209 766/3210/3210 765/3211/3211
f 768/3212/3212 764/3213/3213 763/3214/3214
f 764/3215/3215 769/3216/3216 770/3217/3217
f 764/3215/3215 770/3217/3217 765/3218/3218
f 767/3219/3219 765/3220/3220 770/3221/3221
f 768/3222/3222 769/3223/3223 764/3224/3224
f 769/3225/3225 771/3226/3226 772/3227/3227
f 769/3225/3225 772/3227/3227 770/3228/3228
f 767/3229/3229 770/3230/3230 772/3231/3231
f 768/3232/3232 771/3233/3233 769/3234/3234
f 771/3235/3235 773/3236/3236 774/3237/3237
f 771/3235/3235 774/3237/3237 772/3238/3238
f 767/3239/3239 772/3240/3240 774/3241/3241
f 768/3242/3242 773/3243/3243 771/3244/3244
f 773/3245/3245 775/3246/3246 776/3247/3247
f 773/3245/3245 776/3247/3247 774/3248/3248
f 767/3249/3249 774/3250/3250 776/3251/3251
f 768/3252/3252 775/3253/3253 773/3254/3254
f 775/3255/3255 777/3256/3256 778/3257/3257
f 775/3255/3255 778/3257/3257 776/3258/3258
f 767/3259/3259 776/3260/3260 778/3261/3261
f 768/3262/3262 777/3263/3263 775/3264/3264
f 777/3265/3265 779/3266/3266 780/3267/3267
f 777/3265/3265 780/3267/3267 778/3268/3268
f 767/3269/3269 778/3270/3270 780/3271/3271
f 768/3272/3272 779/3273/3273 777/3274/3274
f 779/3275/3275 781/3276/3276 782/3277/3277
f 779/3275/3275 782/3277/3277 780/3278/3278
f 767/3279/3279 780/3280/3280 782/3281/3281
f 768/3282/3282 781/3283/3283 779/3284/3284
f 781/3285/3285 783/3286/3286 784/3287/3287
f 781/3285/3285 784/3287/3287 782/3288/3288
f 767/3289/3289 782/3290/3290 784/3291/3291
f 768/3292/3292 783/3293/3293 781/3294/3294
f 783/3295/3295 785/3296/3296 786/3297/3297
f 783/3295/3295 786/3297/3297 784/3298/3298
f 767/3299/3299 784/3300/3300 786/3301/3301
f 768/3302/3302 785/3303/3303 783/3304/3304
f 785/3305/3305 787/3306/3306 788/3307/3307
f 785/3305/3305 788/3307/3307 786/3308/3308
f 767/3309/3309 786/3310/3310 788/3311/3311
f 768/3312/3312 787/3313/3313 785/3314/3314
f 787/3315/3315 763/3316/3316 766/3317/3317
f 787/3315/3315 766/3317/3317 788/3318/3318
f 767/3319/3319 788/3320/3320 766/3321/3321
f 768/3322/3322 763/3323/3323 787/3324/3324
f 789/3325/3325 790/3326/3326 791/3327/3327
f 789/3325/3325 791/3327/3327 792/3328/3328
f 793/3329/3329 792/3330/3330 791/3331/3331
f 794/3332/3332 790/3333/3333 789/3334/3334
f 790/3335/3335 795/3336/3336 796/3337/3337
f 790/3335/3335 796/3337/3337 791/3338/3338
f 793/3339/3339 791/3340/3340 796/3341/3341
f 794/3342/3342 795/3343/3343 790/3344/3344
f 795/3345/3345 797/3346/3346 798/3347/3347
f 795/3345/3345 798/3347/3347 796/3348/3348
f 793/3349/3349 796/3350/3350 798/3351/3351
f 794/3352/3352 797/3353/3353 795/3354/3354
f 797/3355/3355 799/3356/3356 800/3357/3357
f 797/3355/3355 800/3357/3357 798/3358/3358
f 793/3359/3359 798/3360/3360 800/3361/3361
f 794/3362/3362 799/3363/3363 797/3364/3364
f 799/3365/3365 801/3366/3366 802/3367/3367
f 799/3365/3365 802/3367/3367 800/3368/3368
f 793/3369/3369 800/3370/3370 802/3371/3371
f 794/3372/3372 801/3373/3373 799/3374/3374
f 801/3375/3375 803/3376/3376 804/3377/3377
f 801/3375/3375 804/3377/3377 802/3378/3378
f 793/3379/3379 802/3380/3380 804/3381/3381
f 794/3382/3382 803/3383/3383 801/3384/3384
f 803/3385/3385 805/3386/3386 806/3387/3387
f 803/3385/3385 806/3387/3387 804/3388/3388
f 793/3389/3389 804/3390/3390 806/3391/3391
f 794/3392/3392 805/3393/3393 803/3394/3394
f 805/3395/3395 807/3396/3396 808/3397/3397
f 805/3395/3395 808/3397/3397 806/3398/3398
f 793/3399/3399 806/3400/3400 808/3401/3401
f 794/3402/3402 807/3403/3403 805/3404/3404
f 807/3405/3405 809/3406/3406 810/3407/3407
f 807/3405/3405 810/3407/3407 808/3408/3408
f 793/3409/3409 808/3410/3410 810/3411/3411
f 794/3412/3412 809/3413/3413 807/3414/3414
f 809/3415/3415 811/3416/3416 812/3417/3417
f 809/3415/3415 812/3417/3417 810/3418/3418
f 793/3419/3419 810/3420/3420 812/3421/3421
f 794/3422/3422 811/3423/3423 809/3424/3424
f 811/3425/3425 813/3426/3426 814/3427/3427
f 811/3425/3425 814/3427/3427 812/3428/3428
f 793/3429/3429 812/3430/3430 814/3431/3431
f 794/3432/3432 813/3433/3433 811/3434/3434
f 813/3435/3435 789/3436/3436 792/3437/3437
f 813/3435/3435 792/3437/3437 814/3438/3438
f 793/3439/3439 814/3440/3440 792/3441/3441
f 794/3442/3442 789/3443/3443 813/3444/3444
f 815/3445/3445 816/3446/3446 817/3447/3447
f 815/3445/3445 817/3447/3447 818/3448/3448
f 819/3449/3449 820/3450/3450 821/3451/3451
f 819/3449/3449 821/3451/3451 822/3452/3452
f 816/3453/3453 815/3454/3454 820/3455/3455
f 816/3453/3453 820/3455/3455 819/3456/3456
f 818/3457/3457 817/3458/3458 822/3459/3459
f 818/3457/3457 822/3459/3459 821/3460/3460
f 816/3461/3461 823/3462/3462 824/3463/3463
f 816/3461/3461 824/3463/3463 817/3464/3464
f 825/3465/3465 819/3466/3466 822/3467/3467
f 825/3465/3465 822/3467/3467 826/3468/3468
f 823/3469/3469 816/3470/3470 819/3471/3471
f 823/3469/3469 819/3471/3471 825/3472/3472
f 817/3473/3473 824/3474/3474 826/3475/3475
f 817/3473/3473 826/3475/3475 822/3476/3476
f 823/3477/3477 827/3478/3478 828/3479/3479
f 823/3477/3477 828/3479/3479 824/3480/3480
f 829/3481/3481 825/3482/3482 826/3483/3483
f 829/3481/3481 826/3483/3483 830/3484/3484
f 827/3485/3485 823/3486/3486 825/3487/3487
f 827/3485/3485 825/3487/3487 829/3488/3488
f 824/3489/3489 828/3490/3490 830/3491/3491
f 824/3489/3489 830/3491/3491 826/3492/3492
f 827/3493/3493 831/3494/3494 832/3495/3495
f 827/3493/3493 832/3495/3495 828/3496/3496
f 833/3497/3497 829/3498/3498 830/3499/3499
f 833/3497/3497 830/3499/3499 834/3500/3500
f 831/3501/3501 827/3502/3502 829/3503/3503
f 831/3501/3501 829/3503/3503 833/3504/3504
f 828/3505/3505 832/3506/3506 834/3507/3507
f 828/3505/3505 834/3507/3507 830/3508/3508
f 831/3509/3509 835/3510/3510 836/3511/3511
f 831/3509/3509 836/3511/3511 832/3512/3512
f 837/3513/3513 833/3514/3514 834/3515/3515
f 837/3513/3513 834/3515/3515 838/3516/3516
f 835/3517/3517 831/3518/3518 833/3519/3519
f 835/3517/3517 833/3519/3519 837/3520/3520
f 832/3521/3521 836/3522/3522 838/3523/3523
f 832/3521/3521 838/3523/3523 834/3524/3524
f 835/3525/3525 839/3526/3526 840/3527/3527
f 835/3525/3525 840/3527/3527 836/3528/3528
f 841/3529/3529 837/3530/3530 838/3531/3531
f 841/3529/3529 838/3531/3531 842/3532/3532
f 839/3533/3533 835/3534/3534 837/3535/3535
f 839/3533/3533 837/3535/3535 841/3536/3536
f 836/3537/3537 840/3538/3538 842/3539/3539
f 836/3537/3537 842/3539/3539 838/3540/3540
f 839/3541/3541 843/3542/3542 844/3543/3543
f 839/3541/3541 844/3543/3543 840/3544/3544
f 845/3545/3545 841/3546/3546 842/3547/3547
f 845/3545/3545 842/3547/3547 846/3548/3548
f 843/3549/3549 839/3550/3550 841/3551/3551
f 843/3549/3549 841/3551/3551 845/3552/3552
f 840/3553/3553 844/3554/3554 846/3555/3555
f 840/3553/3553 846/3555/3555 842/3556/3556
f 843/3557/3557 815/3558/3558 818/3559/3559
f 843/3557/3557 818/3559/3559 844/3560/3560
f 820/3561/3561 845/3562/3562 846/3563/3563
f 820/3561/3561 846/3563/3563 821/3564/3564
f 815/3565/3565 843/3566/3566 845/3567/3567
f 815/3565/3565 845/3567/3567 820/3568/3568
f 844/3569/3569 818/3570/3570 821/3571/3571
f 844/3569/3569 821/3571/3571 846/3572/3572
f 847/3573/3573 848/3574/3574 849/3575/3575
f 847/3573/3573 849/3575/3575 850/3576/3576
f 851/3577/3577 852/3578/3578 853/3579/3579
f 851/3577/3577 853/3579/3579 854/3580/3580
f 853/3581/3581 852/3582/3582 849/3583/3583
f 853/3581/3581 849/3583/3583 848/3584/3584
f 854/3585/3585 847/3586/3586 850/3587/3587
f 854/3585/3585 850/3587/3587 851/3588/3588
f 851/3589/3589 850/3590/3590 849/3591/3591
f 851/3589/3589 849/3591/3591 852/3592/3592
f 854/3593/3593 853/3594/3594 848/3595/3595
f 854/3593/3593 848/3595/3595 847/3596/3596
f 855/3597/3597 856/3598/3598 857/3599/3599
f 855/3597/3597 857/3599/3599 858/3600/3600
f 859/3601/3601 860/3602/3602 861/3603/3603
f 859/3601/3601 861/3603/3603 862/3604/3604
f 856/3605/3605 855/3606/3606 860/3607/3607
f 856/3605/3605 860/3607/3607 859/3608/3608
f 858/3609/3609 857/3610/3610 862/3611/3611
f 858/3609/3609 862/3611/3611 861/3612/3612
f 856/3613/3613 863/3614/3614 864/3615/3615
f 856/3613/3613 864/3615/3615 857/3616/3616
f 865/3617/3617 859/3618/3618 862/3619/3619
f 865/3617/3617 862/3619/3619 866/3620/3620
f 863/3621/3621 856/3622/3622 859/3623/3623
f 863/3621/3621 859/3623/3623 865/3624/3624
f 857/3625/3625 864/3626/3626 866/3627/3627
f 857/3625/3625 866/3627/3627 862/3628/3628
f 863/3629/3629 867/3630/3630 868/3631/3631
f 863/3629/3629 868/3631/3631 864/3632/3632
f 869/3633/3633 865/3634/3634 866/3635/3635
f 869/3633/3633 866/3635/3635 870/3636/3636
f 867/3637/3637 863/3638/3638 865/3639/3639
f 867/3637/3637 865/3639/3639 869/3640/3640
f 864/3641/3641 868/3642/3642 870/3643/3643
f 864/3641/3641 870/3643/3643 866/3644/3644
f 867/3645/3645 871/3646/3646 872/3647/3647
f 867/3645/3645 872/3647/3647 868/3648/3648
f 873/3649/3649 869/3650/3650 870/3651/3651
f 873/3649/3649 870/3651/3651 874/3652/3652
f 871/3653/3653 867/3654/3654 869/3655/3655
f 871/3653/3653 869/3655/3655 873/3656/3656
f 868/3657/3657 872/3658/3658 874/3659/3659
f 868/3657/3657 874/3659/3659 870/3660/3660
f 871/3661/3661 875/3662/3662 876/3663/3663
f 871/3661/3661 876/3663/3663 872/3664/3664
f 877/3665/3665 873/3666/3666 874/3667/3667
f 877/3665/3665 874/3667/3667 878/3668/3668
f 875/3669/3669 871/3670/3670 873/3671/3671
f 875/3669/3669 873/3671/3671 877/3672/3672
f 872/3673/3673 876/3674/3674 878/3675/3675
f 872/3673/3673 878/3675/3675 874/3676/3676
f 875/3677/3677 879/3678/3678 880/3679/3679
f 875/3677/3677 880/3679/3679 876/3680/3680
f 881/3681/3681 877/3682/3682 878/3683/3683
f 881/3681/3681 878/3683/3683 882/3684/3684
f 879/3685/3685 875/3686/3686 877/3687/3687
f 879/3685/3685 877/3687/3687 881/3688/3688
f 876/3689/3689 880/3690/3690 882/3691/3691
f 876/3689/3689 882/3691/3691 878/3692/3692
f 879/3693/3693 883/3694/3694 884/3695/3695
f 879/3693/3693 884/3695/3695 880/3696/3696
f 885/3697/3697 881/3698/3698 882/3699/3699
f 885/3697/3697 882/3699/3699 886/3700/3700
f 883/3701/3701 879/3702/3702 881/3703/3703
f 883/3701/3701 881/3703/3703 885/3704/3704
f 880/3705/3705 884/3706/3706 886/3707/3707
f 880/3705/3705 886/3707/3707 882/3708/3708
f 883/3709/3709 855/3710/3710 858/3711/3711
f 883/3709/3709 858/3711/3711 884/3712/3712
f 860/3713/3713 885/3714/3714 886/3715/3715
f 860/3713/3713 886/3715/3715 861/3716/3716
f 855/3717/3717 883/3718/3718 885/3719/3719
f 855/3717/3717 885/3719/3719 860/3720/3720
f 884/3721/3721 858/3722/3722 861/3723/3723
f 884/3721/3721 861/3723/3723 886/3724/3724
f 887/3725/3725 888/3726/3726 889/3727/3727
f 887/3725/3725 889/3727/3727 890/3728/3728
f 888/3729/3729 891/3730/3730 892/3731/3731
f 888/3729/3729 892/3731/3731 889/3732/3732
f 891/3733/3733 893/3734/3734 894/3735/3735
f 891/3733/3733 894/3735/3735 892/3736/3736
f 893/3737/3737 895/3738/3738 896/3739/3739
f 893/3737/3737 896/3739/3739 894/3740/3740
f 895/3741/3741 897/3742/3742 898/3743/3743
f 895/3741/3741 898/3743/3743 896/3744/3744
f 897/3745/3745 899/3746/3746 900/3747/3747
f 897/3745/3745 900/3747/3747 898/3748/3748
f 899/3749/3749 901/3750/3750 902/3751/3751
f 899/3749/3749 902/3751/3751 900/3752/3752
f 901/3753/3753 903/3754/3754 904/3755/3755
f 901/3753/3753 904/3755/3755 902/3756/3756
f 903/3757/3757 905/3758/3758 906/3759/3759
f 903/3757/3757 906/3759/3759 904/3760/3760
f 905/3761/3761 887/3762/3762 890/3763/3763
f 905/3761/3761 890/3763/3763 906/3764/3764
f 890/3765/3765 889/3766/3766 907/3767/3767
f 890/3765/3765 907/3767/3767 908/3768/3768
f 889/3769/3769 892/3770/3770 909/3771/3771
f 889/3769/3769 909/3771/3771 907/3772/3772
f 892/3773/3773 894/3774/3774 910/3775/3775
f 892/3773/3773 910/3775/3775 909/3776/3776
f 894/3777/3777 896/3778/3778 911/3779/3779
f 894/3777/3777 911/3779/3779 910/3780/3780
f 896/3781/3781 898/3782/3782 912/3783/3783
f 896/3781/3781 912/3783/3783 911/3784/3784
f 898/3785/3785 900/3786/3786 913/3787/3787
f 898/3785/3785 913/3787/3787 912/3788/3788
f 900/3789/3789 902/3790/3790 914/3791/3791
f 900/3789/3789 914/3791/3791 913/3792/3792
f 902/3793/3793 904/3794/3794 915/3795/3795
f 902/3793/3793 915/3795/3795 914/3796/3796
f 904/3797/3797 906/3798/3798 916/3799/3799
f 904/3797/3797 916/3799/3799 915/3800/3800
f 906/3801/3801 890/3802/3802 908/3803/3803
f 906/3801/3801 908/3803/3803 916/3804/3804
f 908/3805/3805 907/3806/3806 917/3807/3807
f 908/3805/3805 917/3807/3807 918/3808/3808
f 907/3809/3809 909/3810/3810 919/3811/3811
f 907/3809/3809 919/3811/3811 917/3812/3812
f 909/3813/3813 910/3814/3814 920/3815/3815
f 909/3813/3813 920/3815/3815 919/3816/3816
f 910/3817/3817 911/3818/3818 921/3819/3819
f 910/3817/3817 921/3819/3819 920/3820/3820
f 911/3821/3821 912/3822/3822 922/3823/3823
f 911/3821/3821 922/3823/3823 921/3824/3824
f 912/3825/3825 913/3826/3826 923/3827/3827
f 912/3825/3825 923/3827/3827 922/3828/3828
f 913/3829/3829 914/3830/3830 924/3831/3831
f 913/3829/3829 924/3831/3831 923/3832/3832
f 914/3833/3833 915/3834/3834 925/3835/3835
f 914/3833/3833 925/3835/3835 924/3836/3836
f 915/3837/3837 916/3838/3838 926/3839/3839
f 915/3837/3837 926/3839/3839 925/3840/3840
f 916/3841/3841 908/3842/3842 918/3843/3843
f 916/3841/3841 918/3843/3843 926/3844/3844
f 927/3845/3845 888/3846/3846 887/3847/3847
f 927/3848/3848 891/3849/3849 888/3850/3850
f 927/3851/3851 893/3852/3852 891/3853/3853
f 927/3854/3854 895/3855/3855 893/3856/3856
f 927/3857/3857 897/3858/3858 895/3859/3859
f 927/3860/3860 899/3861/3861 897/3862/3862
f 927/3863/3863 901/3864/3864 899/3865/3865
f 927/3866/3866 903/3867/3867 901/3868/3868
f 927/3869/3869 905/3870/3870 903/3871/3871
f 927/3872/3872 887/3873/3873 905/3874/3874
f 928/3875/3875 918/3876/3876 917/3877/3877
f 928/3878/3878 917/3879/3879 919/3880/3880
f 928/3881/3881 919/3882/3882 920/3883/3883
f 928/3884/3884 920/3885/3885 921/3886/3886
f 928/3887/3887 921/3888/3888 922/3889/3889
f 928/3890/3890 922/3891/3891 923/3892/3892
f 928/3893/3893 923/3894/3894 924/3895/3895
f 928/3896/3896 924/3897/3897 925/3898/3898
f 928/3899/3899 925/3900/3900 926/3901/3901
f 928/3902/3902 926/3903/3903 918/3904/3904
f 929/3905/3905 930/3906/3906 931/3907/3907
f 929/3905/3905 931/3907/3907 932/3908/3908
f 930/3909/3909 933/3910/3910 934/3911/3911
f 930/3909/3909 934/3911/3911 931/3912/3912
f 933/3913/3913 935/3914/3914 936/3915/3915
f 933/3913/3913 936/3915/3915 934/3916/3916
f 935/3917/3917 937/3918/3918 938/3919/3919
f 935/3917/3917 938/3919/3919 936/3920/3920
f 937/3921/3921 939/3922/3922 940/3923/3923
f 937/3921/3921 940/3923/3923 938/3924/3924
f 939/3925/3925 941/3926/3926 942/3927/3927
f 939/3925/3925 942/3927/3927 940/3928/3928
f 941/3929/3929 943/3930/3930 944/3931/3931
f 941/3929/3929 944/3931/3931 942/3932/3932
f 943/3933/3933 945/3934/3934 946/3935/3935
f 943/3933/3933 946/3935/3935 944/3936/3936
f 945/3937/3937 947/3938/3938 948/3939/3939
f 945/3937/3937 948/3939/3939 946/3940/3940
f 947/3941/3941 949/3942/3942 950/3943/3943
f 947/3941/3941 950/3943/3943 948/3944/3944
f 949/3945/3945 951/3946/3946 952/3947/3947
f 949/3945/3945 952/3947/3947 950/3948/3948
f 951/3949/3949 929/3950/3950 932/3951/3951
f 951/3949/3949 932/3951/3951 952/3952/3952
f 932/3953/3953 931/3954/3954 953/3955/3955
f 932/3953/3953 953/3955/3955 954/3956/3956
f 931/3957/3957 934/3958/3958 955/3959/3959
f 931/3957/3957 955/3959/3959 953/3960/3960
f 934/3961/3961 936/3962/3962 956/3963/3963
f 934/3961/3961 956/3963/3963 955/3964/3964
f 936/3965/3965 938/3966/3966 957/3967/3967
f 936/3965/3965 957/3967/3967 956/3968/3968
f 938/3969/3969 940/3970/3970 958/3971/3971
f 938/3969/3969 958/3971/3971 957/3972/3972
f 940/3973/3973 942/3974/3974 959/3975/3975
f 940/3973/3973 959/3975/3975 958/3976/3976
f 942/3977/3977 944/3978/3978 960/3979/3979
f 942/3977/3977 960/3979/3979 959/3980/3980
f 944/3981/3981 946/3982/3982 961/3983/3983
f 944/3981/3981 961/3983/3983 960/3984/3984
f 946/3985/3985 948/3986/3986 962/3987/3987
f 946/3985/3985 962/3987/3987 961/3988/3988
f 948/3989/3989 950/3990/3990 963/3991/3991
f 948/3989/3989 963/3991/3991 962/3992/3992
f 950/3993/3993 952/3994/3994 964/3995/3995
f 950/3993/3993 964/3995/3995 963/3996/3996
f 952/3997/3997 932/3998/3998 954/3999/3999
f 952/3997/3997 954/3999/3999 964/4000/4000
f 954/4001/4001 953/4002/4002 965/4003/4003
f 954/4001/4001 965/4003/4003 966/4004/4004
f 953/4005/4005 955/4006/4006 967/4007/4007
f 953/4005/4005 967/4007/4007 965/4008/4008
f 955/4009/4009 956/4010/4010 968/4011/4011
f 955/4009/4009 968/4011/4011 967/4012/4012
f 956/4013/4013 957/4014/4014 969/4015/4015
f 956/4013/4013 969/4015/4015 968/4016/4016
f 957/4017/4017 958/4018/4018 970/4019/4019
f 957/4017/4017 970/4019/4019 969/4020/4020
f 958/4021/4021 959/4022/4022 971/4023/4023
f 958/4021/4021 971/4023/4023 970/4024/4024
f 959/4025/4025 960/4026/4026 972/4027/4027
f 959/4025/4025 972/4027/4027 971/4028/4028
f 960/4029/4029 961/4030/4030 973/4031/4031
f 960/4029/4029 973/4031/4031 972/4032/4032
f 961/4033/4033 962/4034/4034 974/4035/4035
f 961/4033/4033 974/4035/4035 973/4036/4036
f 962/4037/4037 963/4038/4038 975/4039/4039
f 962/4037/4037 975/4039/4039 974/4040/4040
f 963/4041/4041 964/4042/4042 976/4043/4043
f 963/4041/4041 976/4043/4043 975/4044/4044
f 964/4045/4045 954/4046/4046 966/4047/4047
f 964/4045/4045 966/4047/4047 976/4048/4048
f 966/4049/4049 965/4050/4050 977/4051/4051
f 966/4049/4049 977/4051/4051 978/4052/4052
f 965/4053/4053 967/4054/4054 979/4055/4055
f 965/4053/4053 979/4055/4055 977/4056/4056
f 967/4057/4057 968/4058/4058 980/4059/4059
f 967/4057/4057 980/4059/4059 979/4060/4060
f 968/4061/4061 969/4062/4062 981/4063/4063
f 968/4061/4061 981/4063/4063 980/4064/4064
f 969/4065/4065 970/4066/4066 982/4067/4067
f 969/4065/4065 982/4067/4067 981/4068/4068
f 970/4069/4069 971/4070/4070 983/4071/4071
f 970/4069/4069 983/4071/4071 982/4072/4072
f 971/4073/4073 972/4074/4074 984/4075/4075
f 971/4073/4073 984/4075/4075 983/4076/4076
f 972/4077/4077 973/4078/4078 985/4079/4079
f 972/4077/4077 985/4079/4079 984/4080/4080
f 973/4081/4081 974/4082/4082 986/4083/4083
f 973/4081/4081 986/4083/4083 985/4084/4084
f 974/4085/4085 975/4086/4086 987/4087/4087
f 974/4085/4085 987/4087/4087 986/4088/4088
f 975/4089/4089 976/4090/4090 988/4091/4091
f 975/4089/4089 988/4091/4091 987/4092/4092
f 976/4093/4093 966/4094/4094 978/4095/4095
f 976/4093/4093 978/4095/4095 988/4096/4096
f 989/4097/4097 930/4098/4098 929/4099/4099
f 989/4100/4100 933/4101/4101 930/4102/4102
f 989/4103/4103 935/4104/4104 933/4105/4105
f 989/4106/4106 937/4107/4107 935/4108/4108
f 989/4109/4109 939/4110/4110 937/4111/4111
f 989/4112/4112 941/4113/4113 939/4114/4114
f 989/4115/4115 943/4116/4116 941/4117/4117
f 989/4118/4118 945/4119/4119 943/4120/4120
f 989/4121/4121 947/4122/4122 945/4123/4123
f 989/4124/4124 949/4125/4125 947/4126/4126
f 989/4127/4127 951/4128/4128 949/4129/4129
f 989/4130/4130 929/4131/4131 951/4132/4132
f 990/4133/4133 978/4134/4134 977/4135/4135
f 990/4136/4136 977/4137/4137 979/4138/4138
f 990/4139/4139 979/4140/4140 980/4141/4141
f 990/4142/4142 980/4143/4143 981/4144/4144
f 990/4145/4145 981/4146/4146 982/4147/4147
f 990/4148/4148 982/4149/4149 983/4150/4150
f 990/4151/4151 983/4152/4152 984/4153/4153
f 990/4154/4154 984/4155/4155 985/4156/4156
f 990/4157/4157 985/4158/4158 986/4159/4159
f 990/4160/4160 986/4161/4161 987/4162/4162
f 990/4163/4163 987/4164/4164 988/4165/4165
f 990/4166/4166 988/4167/4167 978/4168/4168
f 991/4169/4169 992/4170/4170 993/4171/4171
f 991/4169/4169 993/4171/4171 994/4172/4172
f 995/4173/4173 994/4174/4174 993/4175/4175
f 996/4176/4176 992/4177/4177 991/4178/4178
f 992/4179/4179 997/4180/4180 998/4181/4181
f 992/4179/4179 998/4181/4181 993/4182/4182
f 995/4183/4183 993/4184/4184 998/4185/4185
f 996/4186/4186 997/4187/4187 992/4188/4188
f 997/4189/4189 999/4190/4190 1000/4191/4191
f 997/4189/4189 1000/4191/4191 998/4192/4192
f 995/4193/4193 998/4194/4194 1000/4195/4195
f 996/4196/4196 999/4197/4197 997/4198/4198
f 999/4199/4199 1001/4200/4200 1002/4201/4201
f 999/4199/4199 1002/4201/4201 1000/4202/4202
f 995/4203/4203 1000/4204/4204 1002/4205/4205
f 996/4206/4206 1001/4207/4207 999/4208/4208
f 1001/4209/4209 1003/4210/4210 1004/4211/4211
f 1001/4209/4209 1004/4211/4211 1002/4212/4212
f 995/4213/4213 1002/4214/4214 1004/4215/4215
f 996/4216/4216 1003/4217/4217 1001/4218/4218
f 1003/4219/4219 1005/4220/4220 1006/4221/4221
f 1003/4219/4219 1006/4221/4221 1004/4222/4222
f 995/4223/4223 1004/4224/4224 1006/4225/4225
f 996/4226/4226 1005/4227/4227 1003/4228/4228
f 1005/4229/4229 1007/4230/4230 1008/4231/4231
f 1005/4229/4229 1008/4231/4231 1006/4232/4232
f 995/4233/4233 1006/4234/4234 1008/4235/4235
f 996/4236/4236 1007/4237/4237 1005/4238/4238
f 1007/4239/4239 1009/4240/4240 1010/4241/4241
f 1007/4239/4239 1010/4241/4241 1008/4242/4242
f 995/4243/4243 1008/4244/4244 1010/4245/4245
f 996/4246/4246 1009/4247/4247 1007/4248/4248
f 1009/4249/4249 1011/4250/4250 1012/4251/4251
f 1009/4249/4249 1012/4251/4251 1010/4252/4252
f 995/4253/4253 1010/4254/4254 1012/4255/4255
f 996/4256/4256 1011/4257/4257 1009/4258/4258
f 1011/4259/4259 1013/4260/4260 1014/4261/4261
f 1011/4259/4259 1014/4261/4261 1012/4262/4262
f 995/4263/4263 1012/4264/4264 1014/4265/4265
f 996/4266/4266 1013/4267/4267 1011/4268/4268
f 1013/4269/4269 1015/4270/4270 1016/4271/4271
f 1013/4269/4269 1016/4271/4271 1014/4272/4272
f 995/4273/4273 1014/4274/4274 1016/4275/4275
f 996/4276/4276 1015/4277/4277 1013/4278/4278
f 1015/4279/4279 991/4280/4280 994/4281/4281
f 1015/4279/4279 994/4281/4281 1016/4282/4282
f 995/4283/4283 1016/4284/4284 994/4285/4285
f 996/4286/4286 991/4287/4287 1015/4288/4288
f 1017/4289/4289 1018/4290/4290 1019/4291/4291
f 1017/4289/4289 1019/4291/4291 1020/4292/4292
f 1021/4293/4293 1020/4294/4294 1019/4295/4295
f 1022/4296/4296 1018/4297/4297 1017/4298/4298
f 1018/4299/4299 1023/4300/4300 1024/4301/4301
f 1018/4299/4299 1024/4301/4301 1019/4302/4302
f 1021/4303/4303 1019/4304/4304 1024/4305/4305
f 1022/4306/4306 1023/4307/4307 1018/4308/4308
f 1023/4309/4309 1025/4310/4310 1026/4311/4311
f 1023/4309/4309 1026/4311/4311 1024/4312/4312
f 1021/4313/4313 1024/4314/4314 1026/4315/4315
f 1022/4316/4316 1025/4317/4317 1023/4318/4318
f 1025/4319/4319 1027/4320/4320 1028/4321/4321
f 1025/4319/4319 1028/4321/4321 1026/4322/4322
f 1021/4323/4323 1026/4324/4324 1028/4325/4325
f 1022/4326/4326 1027/4327/4327 1025/4328/4328
f 1027/4329/4329 1029/4330/4330 1030/4331/4331
f 1027/4329/4329 1030/4331/4331 1028/4332/4332
f 1021/4333/4333 1028/4334/4334 1030/4335/4335
f 1022/4336/4336 1029/4337/4337 1027/4338/4338
f 1029/4339/4339 1031/4340/4340 1032/4341/4341
f 1029/4339/4339 1032/4341/4341 1030/4342/4342
f 1021/4343/4343 1030/4344/4344 1032/4345/4345
f 1022/4346/4346 1031/4347/4347 1029/4348/4348
f 1031/4349/4349 1033/4350/4350 1034/4351/4351
f 1031/4349/4349 1034/4351/4351 1032/4352/4352
f 1021/4353/4353 1032/4354/4354 1034/4355/4355
f 1022/4356/4356 1033/4357/4357 1031/4358/4358
f 1033/4359/4359 1035/4360/4360 1036/4361/4361
f 1033/4359/4359 1036/4361/4361 1034/4362/4362
f 1021/4363/4363 1034/4364/4364 1036/4365/4365
f 1022/4366/4366 1035/4367/4367 1033/4368/4368
f 1035/4369/4369 1037/4370/4370 1038/4371/4371
f 1035/4369/4369 1038/4371/4371 1036/4372/4372
f 1021/4373/4373 1036/4374/4374 1038/4375/4375
f 1022/4376/4376 1037/4377/4377 1035/4378/4378
f 1037/4379/4379 1039/4380/4380 1040/4381/4381
f 1037/4379/4379 1040/4381/4381 1038/4382/4382
f 1021/4383/4383 1038/4384/4384 1040/4385/4385
f 1022/4386/4386 1039/4387/4387 1037/4388/4388
f 1039/4389/4389 1041/4390/4390 1042/4391/4391
f 1039/4389/4389 1042/4391/4391 1040/4392/4392
f 1021/4393/4393 1040/4394/4394 1042/4395/4395
f 1022/4396/4396 1041/4397/4397 1039/4398/4398
f 1041/4399/4399 1017/4400/4400 1020/4401/4401
f 1041/4399/4399 1020/4401/4401 1042/4402/4402
f 1021/4403/4403 1042/4404/4404 1020/4405/4405
f 1022/4406/4406 1017/4407/4407 1041/4408/4408
f 1043/4409/4409 1044/4410/4410 1045/4411/4411
f 1043/4409/4409 1045/4411/4411 1046/4412/4412
f 1047/4413/4413 1048/4414/4414 1049/4415/4415
f 1047/4413/4413 1049/4415/4415 1050/4416/4416
f 1044/4417/4417 1043/4418/4418 1048/4419/4419
f 1044/4417/4417 1048/4419/4419 1047/4420/4420
f 1046/4421/4421 1045/4422/4422 1050/4423/4423
f 1046/4421/4421 1050/4423/4423 1049/4424/4424
f 1044/4425/4425 1051/4426/4426 1052/4427/4427
f 1044/4425/4425 1052/4427/4427 1045/4428/4428
f 1053/4429/4429 1047/4430/4430 1050/4431/4431
f 1053/4429/4429 1050/4431/4431 1054/4432/4432
f 1051/4433/4433 1044/4434/4434 1047/4435/4435
f 1051/4433/4433 1047/4435/4435 1053/4436/4436
f 1045/4437/4437 1052/4438/4438 1054/4439/4439
f 1045/4437/4437 1054/4439/4439 1050/4440/4440
f 1051/4441/4441 1055/4442/4442 1056/4443/4443
f 1051/4441/4441 1056/4443/4443 1052/4444/4444
f 1057/4445/4445 1053/4446/4446 1054/4447/4447
f 1057/4445/4445 1054/4447/4447 1058/4448/4448
f 1055/4449/4449 1051/4450/4450 1053/4451/4451
f 1055/4449/4449 1053/4451/4451 1057/4452/4452
f 1052/4453/4453 1056/4454/4454 1058/4455/4455
f 1052/4453/4453 1058/4455/4455 1054/4456/4456
f 1055/4457/4457 1059/4458/4458 1060/4459/4459
f 1055/4457/4457 1060/4459/4459 1056/4460/4460
f 1061/4461/4461 1057/4462/4462 1058/4463/4463
f 1061/4461/4461 1058/4463/4463 1062/4464/4464
f 1059/4465/4465 1055/4466/4466 1057/4467/4467
f 1059/4465/4465 1057/4467/4467 1061/4468/4468
f 1056/4469/4469 1060/4470/4470 1062/4471/4471
f 1056/4469/4469 1062/4471/4471 1058/4472/4472
f 1059/4473/4473 1063/4474/4474 1064/4475/4475
f 1059/4473/4473 1064/4475/4475 1060/4476/4476
f 1065/4477/4477 1061/4478/4478 1062/4479/4479
f 1065/4477/4477 1062/4479/4479 1066/4480/4480
f 1063/4481/4481 1059/4482/4482 1061/4483/4483
f 1063/4481/4481 1061/4483/4483 1065/4484/4484
f 1060/4485/4485 1064/4486/4486 1066/4487/4487
f 1060/4485/4485 1066/4487/4487 1062/4488/4488
f 1063/4489/4489 1067/4490/4490 1068/4491/4491
f 1063/4489/4489 1068/4491/4491 1064/4492/4492
f 1069/4493/4493 1065/4494/4494 1066/4495/4495
f 1069/4493/4493 1066/4495/4495 1070/4496/4496
f 1067/4497/4497 1063/4498/4498 1065/4499/4499
f 1067/4497/4497 1065/4499/4499 1069/4500/4500
f 1064/4501/4501 1068/4502/4502 1070/4503/4503
f 1064/4501/4501 1070/4503/4503 1066/4504/4504
f 1067/4505/4505 1071/4506/4506 1072/4507/4507
f 1067/4505/4505 1072/4507/4507 1068/4508/4508
f 1073/4509/4509 1069/4510/4510 1070/4511/4511
f 1073/4509/4509 1070/4511/4511 1074/4512/4512
f 1071/4513/4513 1067/4514/4514 1069/4515/4515
f 1071/4513/4513 1069/4515/4515 1073/4516/4516
f 1068/4517/4517 1072/4518/4518 1074/4519/4519
f 1068/4517/4517 1074/4519/4519 1070/4520/4520
f 1071/4521/4521 1043/4522/4522 1046/4523/4523
f 1071/4521/4521 1046/4523/4523 1072/4524/4524
f 1048/4525/4525 1073/4526/4526 1074/4527/4527
f 1048/4525/4525 1074/4527/4527 1049/4528/4528
f 1043/4529/4529 1071/4530/4530 1073/4531/4531
f 1043/4529/4529 1073/4531/4531 1048/4532/4532
f 1072/4533/4533 1046/4534/4534 1049/4535/4535
f 1072/4533/4533 1049/4535/4535 1074/4536/4536
f 1075/4537/4537 1076/4538/4538 1077/4539/4539
f 1075/4537/4537 1077/4539/4539 1078/4540/4540
f 1079/4541/4541 1080/4542/4542 1081/4543/4543
f 1079/4541/4541 1081/4543/4543 1082/4544/4544
f 1081/4545/4545 1080/4546/4546 1077/4547/4547
f 1081/4545/4545 1077/4547/4547 1076/4548/4548
f 1082/4549/4549 1075/4550/4550 1078/4551/4551
f 1082/4549/4549 1078/4551/4551 1079/4552/4552
f 1079/4553/4553 1078/4554/4554 1077/4555/4555
f 1079/4553/4553 1077/4555/4555 1080/4556/4556
f 1082/4557/4557 1081/4558/4558 1076/4559/4559
f 1082/4557/4557 1076/4559/4559 1075/4560/4560
f 1083/4561/4561 1084/4562/4562 1085/4563/4563
f 1083/4561/4561 1085/4563/4563 1086/4564/4564
f 1087/4565/4565 1088/4566/4566 1089/4567/4567
f 1087/4565/4565 1089/4567/4567 1090/4568/4568
f 1084/4569/4569 1083/4570/4570 1088/4571/4571
f 1084/4569/4569 1088/4571/4571 1087/4572/4572
f 1086/4573/4573 1085/4574/4574 1090/4575/4575
f 1086/4573/4573 1090/4575/4575 1089/4576/4576
f 1084/4577/4577 1091/4578/4578 1092/4579/4579
f 1084/4577/4577 1092/4579/4579 1085/4580/4580
f 1093/4581/4581 1087/4582/4582 1090/4583/4583
f 1093/4581/4581 1090/4583/4583 1094/4584/4584
f 1091/4585/4585 1084/4586/4586 1087/4587/4587
f 1091/4585/4585 1087/4587/4587 1093/4588/4588
f 1085/4589/4589 1092/4590/4590 1094/4591/4591
f 1085/4589/4589 1094/4591/4591 1090/4592/4592
f 1091/4593/4593 1095/4594/4594 1096/4595/4595
f 1091/4593/4593 1096/4595/4595 1092/4596/4596
f 1097/4597/4597 1093/4598/4598 1094/4599/4599
f 1097/4597/4597 1094/4599/4599 1098/4600/4600
f 1095/4601/4601 1091/4602/4602 1093/4603/4603
f 1095/4601/4601 1093/4603/4603 1097/4604/4604
f 1092/4605/4605 1096/4606/4606 1098/4607/4607
f 1092/4605/4605 1098/4607/4607 1094/4608/4608
f 1095/4609/4609 1099/4610/4610 1100/4611/4611
f 1095/4609/4609 1100/4611/4611 1096/4612/4612
f 1101/4613/4613 1097/4614/4614 1098/4615/4615
f 1101/4613/4613 1098/4615/4615 1102/4616/4616
f 1099/4617/4617 1095/4618/4618 1097/4619/4619
f 1099/4617/4617 1097/4619/4619 1101/4620/4620
f 1096/4621/4621 1100/4622/4622 1102/4623/4623
f 1096/4621/4621 1102/4623/4623 1098/4624/4624
f 1099/4625/4625 1103/4626/4626 1104/4627/4627
f 1099/4625/4625 1104/4627/4627 1100/4628/4628
f 1105/4629/4629 1101/4630/4630 1102/4631/4631
f 1105/4629/4629 1102/4631/4631 1106/4632/4632
f 1103/4633/4633 1099/4634/4634 1101/4635/4635
f 1103/4633/4633 1101/4635/4635 1105/4636/4636
f 1100/4637/4637 1104/4638/4638 1106/4639/4639
f 1100/4637/4637 1106/4639/4639 1102/4640/4640
f 1103/4641/4641 1107/4642/4642 1108/4643/4643
f 1103/4641/4641 1108/4643/4643 1104/4644/4644
f 1109/4645/4645 1105/4646/4646 1106/4647/4647
f 1109/4645/4645 1106/4647/4647 1110/4648/4648
f 1107/4649/4649 1103/4650/4650 1105/4651/4651
f 1107/4649/4649 1105/4651/4651 1109/4652/4652
f 1104/4653/4653 1108/4654/4654 1110/4655/4655
f 1104/4653/4653 1110/4655/4655 1106/4656/4656
f 1107/4657/4657 1111/4658/4658 1112/4659/4659
f 1107/4657/4657 1112/4659/4659 1108/4660/4660
f 1113/4661/4661 1109/4662/4662 1110/4663/4663
f 1113/4661/4661 1110/4663/4663 1114/4664/4664
f 1111/4665/4665 1107/4666/4666 1109/4667/4667
f 1111/4665/4665 1109/4667/4667 1113/4668/4668
f 1108/4669/4669 1112/4670/4670 1114/4671/4671
f 1108/4669/4669 1114/4671/4671 1110/4672/4672
f 1111/4673/4673 1083/4674/4674 1086/4675/4675
f 1111/4673/4673 1086/4675/4675 1112/4676/4676
f 1088/4677/4677 1113/4678/4678 1114/4679/4679
f 1088/4677/4677 1114/4679/4679 1089/4680/4680
f 1083/4681/4681 1111/4682/4682 1113/4683/4683
f 1083/4681/4681 1113/4683/4683 1088/4684/4684
f 1112/4685/4685 1086/4686/4686 1089/4687/4687
f 1112/4685/4685 1089/4687/4687 1114/4688/4688
f 1115/4689/4689 1116/4690/4690 1117/4691/4691
f 1115/4689/4689 1117/4691/4691 1118/4692/4692
f 1118/4693/4693 1117/4694/4694 1119/4695/4695
f 1118/4693/4693 1119/4695/4695 1120/4696/4696
f 1120/4697/4697 1119/4698/4698 1121/4699/4699
f 1120/4697/4697 1121/4699/4699 1122/4700/4700
f 1122/4701/4701 1121/4702/4702 1123/4703/4703
f 1122/4701/4701 1123/4703/4703 1124/4704/4704
f 1124/4705/4705 1123/4706/4706 1125/4707/4707
f 1124/4705/4705 1125/4707/4707 1126/4708/4708
f 1126/4709/4709 1125/4710/4710 1127/4711/4711
f 1126/4709/4709 1127/4711/4711 1128/4712/4712
f 1128/4713/4713 1127/4714/4714 1129/4715/4715
f 1128/4713/4713 1129/4715/4715 1130/4716/4716
f 1130/4717/4717 1129/4718/4718 1131/4719/4719
f 1130/4717/4717 1131/4719/4719 1132/4720/4720
f 1132/4721/4721 1131/4722/4722 1133/4723/4723
f 1132/4721/4721 1133/4723/4723 1134/4724/4724
f 1134/4725/4725 1133/4726/4726 1116/4727/4727
f 1134/4725/4725 1116/4727/4727 1115/4728/4728
f 1116/4729/4729 1135/4730/4730 1136/4731/4731
f 1116/4729/4729 1136/4731/4731 1117/4732/4732
f 1117/4733/4733 1136/4734/4734 1137/4735/4735
f 1117/4733/4733 1137/4735/4735 1119/4736/4736
f 1119/4737/4737 1137/4738/4738 1138/4739/4739
f 1119/4737/4737 1138/4739/4739 1121/4740/4740
f 1121/4741/4741 1138/4742/4742 1139/4743/4743
f 1121/4741/4741 1139/4743/4743 1123/4744/4744
f 1123/4745/4745 1139/4746/4746 1140/4747/4747
f 1123/4745/4745 1140/4747/4747 1125/4748/4748
f 1125/4749/4749 1140/4750/4750 1141/4751/4751
f 1125/4749/4749 1141/4751/4751 1127/4752/4752
f 1127/4753/4753 1141/4754/4754 1142/4755/4755
f 1127/4753/4753 1142/4755/4755 1129/4756/4756
f 1129/4757/4757 1142/4758/4758 1143/4759/4759
f 1129/4757/4757 1143/4759/4759 1131/4760/4760
f 1131/4761/4761 1143/4762/4762 1144/4763/4763
f 1131/4761/4761 1144/4763/4763 1133/4764/4764
f 1133/4765/4765 1144/4766/4766 1135/4767/4767
f 1133/4765/4765 1135/4767/4767 1116/4768/4768
f 1135/4769/4769 1145/4770/4770 1146/4771/4771
f 1135/4769/4769 1146/4771/4771 1136/4772/4772
f 1136/4773/4773 1146/4774/4774 1147/4775/4775
f 1136/4773/4773 1147/4775/4775 1137/4776/4776
f 1137/4777/4777 1147/4778/4778 1148/4779/4779
f 1137/4777/4777 1148/4779/4779 1138/4780/4780
f 1138/4781/4781 1148/4782/4782 1149/4783/4783
f 1138/4781/4781 1149/4783/4783 1139/4784/4784
f 1139/4785/4785 1149/4786/4786 1150/4787/4787
f 1139/4785/4785 1150/4787/4787 1140/4788/4788
f 1140/4789/4789 1150/4790/4790 1151/4791/4791
f 1140/4789/4789 1151/4791/4791 1141/4792/4792
f 1141/4793/4793 1151/4794/4794 1152/4795/4795
f 1141/4793/4793 1152/4795/4795 1142/4796/4796
f 1142/4797/4797 1152/4798/4798 1153/4799/4799
f 1142/4797/4797 1153/4799/4799 1143/4800/4800
f 1143/4801/4801 1153/4802/4802 1154/4803/4803
f 1143/4801/4801 1154/4803/4803 1144/4804/4804
f 1144/4805/4805 1154/4806/4806 1145/4807/4807
f 1144/4805/4805 1145/4807/4807 1135/4808/4808
f 1155/4809/4809 1115/4810/4810 1118/4811/4811
f 1155/4812/4812 1118/4813/4813 1120/4814/4814
f 1155/4815/4815 1120/4816/4816 1122/4817/4817
f 1155/4818/4818 1122/4819/4819 1124/4820/4820
f 1155/4821/4821 1124/4822/4822 1126/4823/4823
f 1155/4824/4824 1126/4825/4825 1128/4826/4826
f 1155/4827/4827 1128/4828/4828 1130/4829/4829
f 1155/4830/4830 1130/4831/4831 1132/4832/4832
f 1155/4833/4833 1132/4834/4834 1134/4835/4835
f 1155/4836/4836 1134/4837/4837 1115/4838/4838
f 1156/4839/4839 1146/4840/4840 1145/4841/4841
f 1156/4842/4842 1147/4843/4843 1146/4844/4844
f 1156/4845/4845 1148/4846/4846 1147/4847/4847
f 1156/4848/4848 1149/4849/4849 1148/4850/4850
f 1156/4851/4851 1150/4852/4852 1149/4853/4853
f 1156/4854/4854 1151/4855/4855 1150/4856/4856
f 1156/4857/4857 1152/4858/4858 1151/4859/4859
f 1156/4860/4860 1153/4861/4861 1152/4862/4862
f 1156/4863/4863 1154/4864/4864 1153/4865/4865
f 1156/4866/4866 1145/4867/4867 1154/4868/4868
f 1157/4869/4869 1158/4870/4870 1159/4871/4871
f 1157/4869/4869 1159/4871/4871 1160/4872/4872
f 1158/4873/4873 1161/4874/4874 1162/4875/4875
f 1158/4873/4873 1162/4875/4875 1159/4876/4876
f 1161/4877/4877 1163/4878/4878 1164/4879/4879
f 1161/4877/4877 1164/4879/4879 1162/4880/4880
f 1163/4881/4881 1165/4882/4882 1166/4883/4883
f 1163/4881/4881 1166/4883/4883 1164/4884/4884
f 1165/4885/4885 1167/4886/4886 1168/4887/4887
f 1165/4885/4885 1168/4887/4887 1166/4888/4888
f 1167/4889/4889 1169/4890/4890 1170/4891/4891
f 1167/4889/4889 1170/4891/4891 1168/4892/4892
f 1169/4893/4893 1171/4894/4894 1172/4895/4895
f 1169/4893/4893 1172/4895/4895 1170/4896/4896
f 1171/4897/4897 1173/4898/4898 1174/4899/4899
f 1171/4897/4897 1174/4899/4899 1172/4900/4900
f 1173/4901/4901 1175/4902/4902 1176/4903/4903
f 1173/4901/4901 1176/4903/4903 1174/4904/4904
f 1175/4905/4905 1157/4906/4906 1160/4907/4907
f 1175/4905/4905 1160/4907/4907 1176/4908/4908
f 1160/4909/4909 1159/4910/4910 1177/4911/4911
f 1160/4909/4909 1177/4911/4911 1178/4912/4912
f 1159/4913/4913 1162/4914/4914 1179/4915/4915
f 1159/4913/4913 1179/4915/4915 1177/4916/4916
f 1162/4917/4917 1164/4918/4918 1180/4919/4919
f 1162/4917/4917 1180/4919/4919 1179/4920/4920
f 1164/4921/4921 1166/4922/4922 1181/4923/4923
f 1164/4921/4921 1181/4923/4923 1180/4924/4924
f 1166/4925/4925 1168/4926/4926 1182/4927/4927
f 1166/4925/4925 1182/4927/4927 1181/4928/4928
f 1168/4929/4929 1170/4930/4930 1183/4931/4931
f 1168/4929/4929 1183/4931/4931 1182/4932/4932
f 1170/4933/4933 1172/4934/4934 1184/4935/4935
f 1170/4933/4933 1184/4935/4935 1183/4936/4936
f 1172/4937/4937 1174/4938/4938 1185/4939/4939
f 1172/4937/4937 1185/4939/4939 1184/4940/4940
f 1174/4941/4941 1176/4942/4942 1186/4943/4943
f 1174/4941/4941 1186/4943/4943 1185/4944/4944
f 1176/4945/4945 1160/4946/4946 1178/4947/4947
f 1176/4945/4945 1178/4947/4947 1186/4948/4948
f 1178/4949/4949 1177/4950/4950 1187/4951/4951
f 1178/4949/4949 1187/4951/4951 1188/4952/4952
f 1177/4953/4953 1179/4954/4954 1189/4955/4955
f 1177/4953/4953 1189/4955/4955 1187/4956/4956
f 1179/4957/4957 1180/4958/4958 1190/4959/4959
f 1179/4957/4957 1190/4959/4959 1189/4960/4960
f 1180/4961/4961 1181/4962/4962 1191/4963/4963
f 1180/4961/4961 1191/4963/4963 1190/4964/4964
f 1181/4965/4965 1182/4966/4966 1192/4967/4967
f 1181/4965/4965 1192/4967/4967 1191/4968/4968
f 1182/4969/4969 1183/4970/4970 1193/4971/4971
f 1182/4969/4969 1193/4971/4971 1192/4972/4972
f 1183/4973/4973 1184/4974/4974 1194/4975/4975
f 1183/4973/4973 1194/4975/4975 1193/4976/4976
f 1184/4977/4977 1185/4978/4978 1195/4979/4979
f 1184/4977/4977 1195/4979/4979 1194/4980/4980
f 1185/4981/4981 1186/4982/4982 1196/4983/4983
f 1185/4981/4981 1196/4983/4983 1195/4984/4984
f 1186/4985/4985 1178/4986/4986 1188/4987/4987
f 1186/4985/4985 1188/4987/4987 1196/4988/4988
f 1197/4989/4989 1158/4990/4990 1157/4991/4991
f 1197/4992/4992 1161/4993/4993 1158/4994/4994
f 1197/4995/4995 1163/4996/4996 1161/4997/4997
f 1197/4998/4998 1165/4999/4999 1163/5000/5000
f 1197/5001/5001 1167/5002/5002 1165/5003/5003
f 1197/5004/5004 1169/5005/5005 1167/5006/5006
f 1197/5007/5007 1171/5008/5008 1169/5009/5009
f 1197/5010/5010 1173/5011/5011 1171/5012/5012
f 1197/5013/5013 1175/5014/5014 1173/5015/5015
f 1197/5016/5016 1157/5017/5017 1175/5018/5018
f 1198/5019/5019 1188/5020/5020 1187/5021/5021
f 1198/5022/5022 1187/5023/5023 1189/5024/5024
f 1198/5025/5025 1189/5026/5026 1190/5027/5027
f 1198/5028/5028 1190/5029/5029 1191/5030/5030
f 1198/5031/5031 1191/5032/5032 1192/5033/5033
f 1198/5034/5034 1192/5035/5035 1193/5036/5036
f 1198/5037/5037 1193/5038/5038 1194/5039/5039
f 1198/5040/5040 1194/5041/5041 1195/5042/5042
f 1198/5043/5043 1195/5044/5044 1196/5045/5045
f 1198/5046/5046 1196/5047/5047 1188/5048/5048
f 1199/5049/5049 1200/5050/5050 1201/5051/5051
f 1199/5049/5049 1201/5051/5051 1202/5052/5052
f 1200/5053/5053 1203/5054/5054 1204/5055/5055
f 1200/5053/5053 1204/5055/5055 1201/5056/5056
f 1203/5057/5057 1205/5058/5058 1206/5059/5059
f 1203/5057/5057 1206/5059/5059 1204/5060/5060
f 1205/5061/5061 1199/5062/5062 1202/5063/5063
f 1205/5061/5061 1202/5063/5063 1206/5064/5064
f 1199/5065/5065 1205/5066/5066 1203/5067/5067
f 1199/5065/5065 1203/5067/5067 1200/5068/5068
f 1202/5069/5069 1201/5070/5070 1204/5071/5071
f 1202/5069/5069 1204/5071/5071 1206/5072/5072
f 1207/5073/5073 1208/5074/5074 1209/5075/5075
f 1207/5073/5073 1209/5075/5075 1210/5076/5076
f 1208/5077/5077 1211/5078/5078 1212/5079/5079
f 1208/5077/5077 1212/5079/5079 1209/5080/5080
f 1211/5081/5081 1213/5082/5082 1214/5083/5083
f 1211/5081/5081 1214/5083/5083 1212/5084/5084
f 1213/5085/5085 1207/5086/5086 1210/5087/5087
f 1213/5085/5085 1210/5087/5087 1214/5088/5088
f 1207/5089/5089 1213/5090/5090 1211/5091/5091
f 1207/5089/5089 1211/5091/5091 1208/5092/5092
f 1210/5093/5093 1209/5094/5094 1212/5095/5095
f 1210/5093/5093 1212/5095/5095 1214/5096/5096
f 1215/5097/5097 1216/5098/5098 1217/5099/5099
f 1215/5097/5097 1217/5099/5099 1218/5100/5100
f 1216/5101/5101 1219/5102/5102 1220/5103/5103
f 1216/5101/5101 1220/5103/5103 1217/5104/5104
f 1219/5105/5105 1221/5106/5106 1222/5107/5107
f 1219/5105/5105 1222/5107/5107 1220/5108/5108
f 1221/5109/5109 1215/5110/5110 1218/5111/5111
f 1221/5109/5109 1218/5111/5111 1222/5112/5112
f 1215/5113/5113 1221/5114/5114 1219/5115/5115
f 1215/5113/5113 1219/5115/5115 1216/5116/5116
f 1218/5117/5117 1217/5118/5118 1220/5119/5119
f 1218/5117/5117 1220/5119/5119 1222/5120/5120
f 1223/5121/5121 1224/5122/5122 1225/5123/5123
f 1223/5121/5121 1225/5123/5123 1226/5124/5124
f 1224/5125/5125 1227/5126/5126 1228/5127/5127
f 1224/5125/5125 1228/5127/5127 1225/5128/5128
f 1227/5129/5129 1229/5130/5130 1230/5131/5131
f 1227/5129/5129 1230/5131/5131 1228/5132/5132
f 1229/5133/5133 1223/5134/5134 1226/5135/5135
f 1229/5133/5133 1226/5135/5135 1230/5136/5136
f 1223/5137/5137 1229/5138/5138 1227/5139/5139
f 1223/5137/5137 1227/5139/5139 1224/5140/5140
f 1226/5141/5141 1225/5142/5142 1228/5143/5143
f 1226/5141/5141 1228/5143/5143 1230/5144/5144
f 1231/5145/5145 1232/5146/5146 1233/5147/5147
f 1231/5145/5145 1233/5147/5147 1234/5148/5148
f 1232/5149/5149 1235/5150/5150 1236/5151/5151
f 1232/5149/5149 1236/5151/5151 1233/5152/5152
f 1235/5153/5153 1237/5154/5154 1238/5155/5155
f 1235/5153/5153 1238/5155/5155 1236/5156/5156
f 1237/5157/5157 1231/5158/5158 1234/5159/5159
f 1237/5157/5157 1234/5159/5159 1238/5160/5160
f 1231/5161/5161 1237/5162/5162 1235/5163/5163
f 1231/5161/5161 1235/5163/5163 1232/5164/5164
f 1234/5165/5165 1233/5166/5166 1236/5167/5167
f 1234/5165/5165 1236/5167/5167 1238/5168/5168
f 1239/5169/5169 1240/5170/5170 1241/5171/5171
f 1239/5169/5169 1241/5171/5171 1242/5172/5172
f 1240/5173/5173 1243/5174/5174 1244/5175/5175
f 1240/5173/5173 1244/5175/5175 1241/5176/5176
f 1243/5177/5177 1245/5178/5178 1246/5179/5179
f 1243/5177/5177 1246/5179/5179 1244/5180/5180
f 1245/5181/5181 1239/5182/5182 1242/5183/5183
f 1245/5181/5181 1242/5183/5183 1246/5184/5184
f 1239/5185/5185 1245/5186/5186 1243/5187/5187
f 1239/5185/5185 1243/5187/5187 1240/5188/5188
f 1242/5189/5189 1241/5190/5190 1244/5191/5191
f 1242/5189/5189 1244/5191/5191 1246/5192/5192
f 1247/5193/5193 1248/5194/5194 1249/5195/5195
f 1247/5193/5193 1249/5195/5195 1250/5196/5196
f 1248/5197/5197 1251/5198/5198 1252/5199/5199
f 1248/5197/5197 1252/5199/5199 1249/5200/5200
f 1251/5201/5201 1253/5202/5202 1254/5203/5203
f 1251/5201/5201 1254/5203/5203 1252/5204/5204
f 1253/5205/5205 1247/5206/5206 1250/5207/5207
f 1253/5205/5205 1250/5207/5207 1254/5208/5208
f 1247/5209/5209 1253/5210/5210 1251/5211/5211
f 1247/5209/5209 1251/5211/5211 1248/5212/5212
f 1250/5213/5213 1249/5214/5214 1252/5215/5215
f 1250/5213/5213 1252/5215/5215 1254/5216/5216
f 1255/5217/5217 1256/5218/5218 1257/5219/5219
f 1255/5217/5217 1257/5219/5219 1258/5220/5220
f 1256/5221/5221 1259/5222/5222 1260/5223/5223
f 1256/5221/5221 1260/5223/5223 1257/5224/5224
f 1259/5225/5225 1261/5226/5226 1262/5227/5227
f 1259/5225/5225 1262/5227/5227 1260/5228/5228
f 1261/5229/5229 1255/5230/5230 1258/5231/5231
f 1261/5229/5229 1258/5231/5231 1262/5232/5232
f 1255/5233/5233 1261/5234/5234 1259/5235/5235
f 1255/5233/5233 1259/5235/5235 1256/5236/5236
f 1258/5237/5237 1257/5238/5238 1260/5239/5239
f 1258/5237/5237 1260/5239/5239 1262/5240/5240
f 1263/5241/5241 1264/5242/5242 1265/5243/5243
f 1263/5241/5241 1265/5243/5243 1266/5244/5244
f 1264/5245/5245 1267/5246/5246 1268/5247/5247
f 1264/5245/5245 1268/5247/5247 1265/5248/5248
f 1267/5249/5249 1269/5250/5250 1270/5251/5251
f 1267/5249/5249 1270/5251/5251 1268/5252/5252
f 1269/5253/5253 1263/5254/5254 1266/5255/5255
f 1269/5253/5253 1266/5255/5255 1270/5256/5256
f 1263/5257/5257 1269/5258/5258 1267/5259/5259
f 1263/5257/5257 1267/5259/5259 1264/5260/5260
f 1266/5261/5261 1265/5262/5262 1268/5263/5263
f 1266/5261/5261 1268/5263/5263 1270/5264/5264
f 1271/5265/5265 1272/5266/5266 1273/5267/5267
f 1271/5265/5265 1273/5267/5267 1274/5268/5268
f 1272/5269/5269 1275/5270/5270 1276/5271/5271
f 1272/5269/5269 1276/5271/5271 1273/5272/5272
f 1275/5273/5273 1277/5274/5274 1278/5275/5275
f 1275/5273/5273 1278/5275/5275 1276/5276/5276
f 1277/5277/5277 1271/5278/5278 1274/5279/5279
f 1277/5277/5277 1274/5279/5279 1278/5280/5280
f 1271/5281/5281 1277/5282/5282 1275/5283/5283
f 1271/5281/5281 1275/5283/5283 1272/5284/5284
f 1274/5285/5285 1273/5286/5286 1276/5287/5287
f 1274/5285/5285 1276/5287/5287 1278/5288/5288
f 1279/5289/5289 1280/5290/5290 1281/5291/5291
f 1279/5289/5289 1281/5291/5291 1282/5292/5292
f 1280/5293/5293 1283/5294/5294 1284/5295/5295
f 1280/5293/5293 1284/5295/5295 1281/5296/5296
f 1283/5297/5297 1285/5298/5298 1286/5299/5299
f 1283/5297/5297 1286/5299/5299 1284/5300/5300
f 1285/5301/5301 1279/5302/5302 1282/5303/5303
f 1285/5301/5301 1282/5303/5303 1286/5304/5304
f 1279/5305/5305 1285/5306/5306 1283/5307/5307
f 1279/5305/5305 1283/5307/5307 1280/5308/5308
f 1282/5309/5309 1281/5310/5310 1284/5311/5311
f 1282/5309/5309 1284/5311/5311 1286/5312/5312
f 1287/5313/5313 1288/5314/5314 1289/5315/5315
f 1287/5313/5313 1289/5315/5315 1290/5316/5316
f 1288/5317/5317 1291/5318/5318 1292/5319/5319
f 1288/5317/5317 1292/5319/5319 1289/5320/5320
f 1291/5321/5321 1293/5322/5322 1294/5323/5323
f 1291/5321/5321 1294/5323/5323 1292/5324/5324
f 1293/5325/5325 1287/5326/5326 1290/5327/5327
f 1293/5325/5325 1290/5327/5327 1294/5328/5328
f 1287/5329/5329 1293/5330/5330 1291/5331/5331
f 1287/5329/5329 1291/5331/5331 1288/5332/5332
f 1290/5333/5333 1289/5334/5334 1292/5335/5335
f 1290/5333/5333 1292/5335/5335 1294/5336/5336
f 1295/5337/5337 1296/5338/5338 1297/5339/5339
f 1295/5337/5337 1297/5339/5339 1298/5340/5340
f 1296/5341/5341 1299/5342/5342 1300/5343/5343
f 1296/5341/5341 1300/5343/5343 1297/5344/5344
f 1299/5345/5345 1301/5346/5346 1302/5347/5347
f 1299/5345/5345 1302/5347/5347 1300/5348/5348
f 1301/5349/5349 1295/5350/5350 1298/5351/5351
f 1301/5349/5349 1298/5351/5351 1302/5352/5352
f 1295/5353/5353 1301/5354/5354 1299/5355/5355
f 1295/5353/5353 1299/5355/5355 1296/5356/5356
f 1298/5357/5357 1297/5358/5358 1300/5359/5359
f 1298/5357/5357 1300/5359/5359 1302/5360/5360
f 1303/5361/5361 1304/5362/5362 1305/5363/5363
f 1303/5361/5361 1305/5363/5363 1306/5364/5364
f 1304/5365/5365 1307/5366/5366 1308/5367/5367
f 1304/5365/5365 1308/5367/5367 1305/5368/5368
f 1307/5369/5369 1309/5370/5370 1310/5371/5371
f 1307/5369/5369 1310/5371/5371 1308/5372/5372
f 1309/5373/5373 1303/5374/5374 1306/5375/5375
f 1309/5373/5373 1306/5375/5375 1310/5376/5376
f 1303/5377/5377 1309/5378/5378 1307/5379/5379
f 1303/5377/5377 1307/5379/5379 1304/5380/5380
f 1306/5381/5381 1305/5382/5382 1308/5383/5383
f 1306/5381/5381 1308/5383/5383 1310/5384/5384
f 1311/5385/5385 1312/5386/5386 1313/5387/5387
f 1311/5385/5385 1313/5387/5387 1314/5388/5388
f 1312/5389/5389 1315/5390/5390 1316/5391/5391
f 1312/5389/5389 1316/5391/5391 1313/5392/5392
f 1315/5393/5393 1317/5394/5394 1318/5395/5395
f 1315/5393/5393 1318/5395/5395 1316/5396/5396
f 1317/5397/5397 1319/5398/5398 1320/5399/5399
f 1317/5397/5397 1320/5399/5399 1318/5400/5400
f 1319/5401/5401 1321/5402/5402 1322/5403/5403
f 1319/5401/5401 1322/5403/5403 1320/5404/5404
f 1321/5405/5405 1323/5406/5406 1324/5407/5407
f 1321/5405/5405 1324/5407/5407 1322/5408/5408
f 1323/5409/5409 1325/5410/5410 1326/5411/5411
f 1323/5409/5409 1326/5411/5411 1324/5412/5412
f 1325/5413/5413 1327/5414/5414 1328/5415/5415
f 1325/5413/5413 1328/5415/5415 1326/5416/5416
f 1327/5417/5417 1329/5418/5418 1330/5419/5419
f 1327/5417/5417 1330/5419/5419 1328/5420/5420
f 1329/5421/5421 1311/5422/5422 1314/5423/5423
f 1329/5421/5421 1314/5423/5423 1330/5424/5424
f 1314/5425/5425 1313/5426/5426 1331/5427/5427
f 1314/5425/5425 1331/5427/5427 1332/5428/5428
f 1313/5429/5429 1316/5430/5430 1333/5431/5431
f 1313/5429/5429 1333/5431/5431 1331/5432/5432
f 1316/5433/5433 1318/5434/5434 1334/5435/5435
f 1316/5433/5433 1334/5435/5435 1333/5436/5436
f 1318/5437/5437 1320/5438/5438 1335/5439/5439
f 1318/5437/5437 1335/5439/5439 1334/5440/5440
f 1320/5441/5441 1322/5442/5442 1336/5443/5443
f 1320/5441/5441 1336/5443/5443 1335/5444/5444
f 1322/5445/5445 1324/5446/5446 1337/5447/5447
f 1322/5445/5445 1337/5447/5447 1336/5448/5448
f 1324/5449/5449 1326/5450/5450 1338/5451/5451
f 1324/5449/5449 1338/5451/5451 1337/5452/5452
f 1326/5453/5453 1328/5454/5454 1339/5455/5455
f 1326/5453/5453 1339/5455/5455 1338/5456/5456
f 1328/5457/5457 1330/5458/5458 1340/5459/5459
f 1328/5457/5457 1340/5459/5459 1339/5460/5460
f 1330/5461/5461 1314/5462/5462 1332/5463/5463
f 1330/5461/5461 1332/5463/5463 1340/5464/5464
f 1332/5465/5465 1331/5466/5466 1341/5467/5467
f 1332/5465/5465 1341/5467/5467 1342/5468/5468
f 1331/5469/5469 1333/5470/5470 1343/5471/5471
f 1331/5469/5469 1343/5471/5471 1341/5472/5472
f 1333/5473/5473 1334/5474/5474 1344/5475/5475
f 1333/5473/5473 1344/5475/5475 1343/5476/5476
f 1334/5477/5477 1335/5478/5478 1345/5479/5479
f 1334/5477/5477 1345/5479/5479 1344/5480/5480
f 1335/5481/5481 1336/5482/5482 1346/5483/5483
f 1335/5481/5481 1346/5483/5483 1345/5484/5484
f 1336/5485/5485 1337/5486/5486 1347/5487/5487
f 1336/5485/5485 1347/5487/5487 1346/5488/5488
f 1337/5489/5489 1338/5490/5490 1348/5491/5491
f 1337/5489/5489 1348/5491/5491 1347/5492/5492
f 1338/5493/5493 1339/5494/5494 1349/5495/5495
f 1338/5493/5493 1349/5495/5495 1348/5496/5496
f 1339/5497/5497 1340/5498/5498 1350/5499/5499
f 1339/5497/5497 1350/5499/5499 1349/5500/5500
f 1340/5501/5501 1332/5502/5502 1342/5503/5503
f 1340/5501/5501 1342/5503/5503 1350/5504/5504
f 1351/5505/5505 1312/5506/5506 1311/5507/5507
f 1351/5508/5508 1315/5509/5509 1312/5510/5510
f 1351/5511/5511 1317/5512/5512 1315/5513/5513
f 1351/5514/5514 1319/5515/5515 1317/5516/5516
f 1351/5517/5517 1321/5518/5518 1319/5519/5519
f 1351/5520/5520 1323/5521/5521 1321/5522/5522
f 1351/5523/5523 1325/5524/5524 1323/5525/5525
f 1351/5526/5526 1327/5527/5527 1325/5528/5528
f 1351/5529/5529 1329/5530/5530 1327/5531/5531
f 1351/5532/5532 1311/5533/5533 1329/5534/5534
f 1352/5535/5535 1342/5536/5536 1341/5537/5537
f 1352/5538/5538 1341/5539/5539 1343/5540/5540
f 1352/5541/5541 1343/5542/5542 1344/5543/5543
f 1352/5544/5544 1344/5545/5545 1345/5546/5546
f 1352/5547/5547 1345/5548/5548 1346/5549/5549
f 1352/5550/5550 1346/5551/5551 1347/5552/5552
f 1352/5553/5553 1347/5554/5554 1348/5555/5555
f 1352/5556/5556 1348/5557/5557 1349/5558/5558
f 1352/5559/5559 1349/5560/5560 1350/5561/5561
f 1352/5562/5562 1350/5563/5563 1342/5564/5564
f 1353/5565/5565 1354/5566/5566 1355/5567/5567
f 1353/5565/5565 1355/5567/5567 1356/5568/5568
f 1356/5569/5569 1355/5570/5570 1357/5571/5571
f 1356/5569/5569 1357/5571/5571 1358/5572/5572
f 1358/5573/5573 1357/5574/5574 1359/5575/5575
f 1358/5573/5573 1359/5575/5575 1360/5576/5576
f 1360/5577/5577 1359/5578/5578 1361/5579/5579
f 1360/5577/5577 1361/5579/5579 1362/5580/5580
f 1362/5581/5581 1361/5582/5582 1363/5583/5583
f 1362/5581/5581 1363/5583/5583 1364/5584/5584
f 1364/5585/5585 1363/5586/5586 1365/5587/5587
f 1364/5585/5585 1365/5587/5587 1366/5588/5588
f 1366/5589/5589 1365/5590/5590 1367/5591/5591
f 1366/5589/5589 1367/5591/5591 1368/5592/5592
f 1368/5593/5593 1367/5594/5594 1369/5595/5595
f 1368/5593/5593 1369/5595/5595 1370/5596/5596
f 1370/5597/5597 1369/5598/5598 1371/5599/5599
f 1370/5597/5597 1371/5599/5599 1372/5600/5600
f 1372/5601/5601 1371/5602/5602 1354/5603/5603
f 1372/5601/5601 1354/5603/5603 1353/5604/5604
f 1354/5605/5605 1373/5606/5606 1374/5607/5607
f 1354/5605/5605 1374/5607/5607 1355/5608/5608
f 1355/5609/5609 1374/5610/5610 1375/5611/5611
f 1355/5609/5609 1375/5611/5611 1357/5612/5612
f 1357/5613/5613 1375/5614/5614 1376/5615/5615
f 1357/5613/5613 1376/5615/5615 1359/5616/5616
f 1359/5617/5617 1376/5618/5618 1377/5619/5619
f 1359/5617/5617 1377/5619/5619 1361/5620/5620
f 1361/5621/5621 1377/5622/5622 1378/5623/5623
f 1361/5621/5621 1378/5623/5623 1363/5624/5624
f 1363/5625/5625 1378/5626/5626 1379/5627/5627
f 1363/5625/5625 1379/5627/5627 1365/5628/5628
f 1365/5629/5629 1379/5630/5630 1380/5631/5631
f 1365/5629/5629 1380/5631/5631 1367/5632/5632
f 1367/5633/5633 1380/5634/5634 1381/5635/5635
f 1367/5633/5633 1381/5635/5635 1369/5636/5636
f 1369/5637/5637 1381/5638/5638 1382/5639/5639
f 1369/5637/5637 1382/5639/5639 1371/5640/5640
f 1371/5641/5641 1382/5642/5642 1373/5643/5643
f 1371/5641/5641 1373/5643/5643 1354/5644/5644
f 1373/5645/5645 1383/5646/5646 1384/5647/5647
f 1373/5645/5645 1384/5647/5647 1374/5648/5648
f 1374/5649/5649 1384/5650/5650 1385/5651/5651
f 1374/5649/5649 1385/5651/5651 1375/5652/5652
f 1375/5653/5653 1385/5654/5654 1386/5655/5655
f 1375/5653/5653 1386/5655/5655 1376/5656/5656
f 1376/5657/5657 1386/5658/5658 1387/5659/5659
f 1376/5657/5657 1387/5659/5659 1377/5660/5660
f 1377/5661/5661 1387/5662/5662 1388/5663/5663
f 1377/5661/5661 1388/5663/5663 1378/5664/5664
f 1378/5665/5665 1388/5666/5666 1389/5667/5667
f 1378/5665/5665 1389/5667/5667 1379/5668/5668
f 1379/5669/5669 1389/5670/5670 1390/5671/5671
f 1379/5669/5669 1390/5671/5671 1380/5672/5672
f 1380/5673/5673 1390/5674/5674 1391/5675/5675
f 1380/5673/5673 1391/5675/5675 1381/5676/5676
f 1381/5677/5677 1391/5678/5678 1392/5679/5679
f 1381/5677/5677 1392/5679/5679 1382/5680/5680
f 1382/5681/5681 1392/5682/5682 1383/5683/5683
f 1382/5681/5681 1383/5683/5683 1373/5684/5684
f 1393/5685/5685 1353/5686/5686 1356/5687/5687
f 1393/5688/5688 1356/5689/5689 1358/5690/5690
f 1393/5691/5691 1358/5692/5692 1360/5693/5693
f 1393/5694/5694 1360/5695/5695 1362/5696/5696
f 1393/5697/5697 1362/5698/5698 1364/5699/5699
f 1393/5700/5700 1364/5701/5701 1366/5702/5702
f 1393/5703/5703 1366/5704/5704 1368/5705/5705
f 1393/5706/5706 1368/5707/5707 1370/5708/5708
f 1393/5709/5709 1370/5710/5710 1372/5711/5711
f 1393/5712/5712 1372/5713/5713 1353/5714/5714
f 1394/5715/5715 1384/5716/5716 1383/5717/5717
f 1394/5718/5718 1385/5719/5719 1384/5720/5720
f 1394/5721/5721 1386/5722/5722 1385/5723/5723
f 1394/5724/5724 1387/5725/5725 1386/5726/5726
f 1394/5727/5727 1388/5728/5728 1387/5729/5729
f 1394/5730/5730 1389/5731/5731 1388/5732/5732
f 1394/5733/5733 1390/5734/5734 1389/5735/5735
f 1394/5736/5736 1391/5737/5737 1390/5738/5738
f 1394/5739/5739 1392/5740/5740 1391/5741/5741
f 1394/5742/5742 1383/5743/5743 1392/5744/5744
f 1395/5745/5745 1396/5746/5746 1397/5747/5747
f 1395/5745/5745 1397/5747/5747 1398/5748/5748
f 1396/5749/5749 1399/5750/5750 1400/5751/5751
f 1396/5749/5749 1400/5751/5751 1397/5752/5752
f 1399/5753/5753 1401/5754/5754 1402/5755/5755
f 1399/5753/5753 1402/5755/5755 1400/5756/5756
f 1401/5757/5757 1403/5758/5758 1404/5759/5759
f 1401/5757/5757 1404/5759/5759 1402/5760/5760
f 1403/5761/5761 1405/5762/5762 1406/5763/5763
f 1403/5761/5761 1406/5763/5763 1404/5764/5764
f 1405/5765/5765 1407/5766/5766 1408/5767/5767
f 1405/5765/5765 1408/5767/5767 1406/5768/5768
f 1407/5769/5769 1409/5770/5770 1410/5771/5771
f 1407/5769/5769 1410/5771/5771 1408/5772/5772
f 1409/5773/5773 1411/5774/5774 1412/5775/5775
f 1409/5773/5773 1412/5775/5775 1410/5776/5776
f 1411/5777/5777 1413/5778/5778 1414/5779/5779
f 1411/5777/5777 1414/5779/5779 1412/5780/5780
f 1413/5781/5781 1395/5782/5782 1398/5783/5783
f 1413/5781/5781 1398/5783/5783 1414/5784/5784
f 1398/5785/5785 1397/5786/5786 1415/5787/5787
f 1398/5785/5785 1415/5787/5787 1416/5788/5788
f 1397/5789/5789 1400/5790/5790 1417/5791/5791
f 1397/5789/5789 1417/5791/5791 1415/5792/5792
f 1400/5793/5793 1402/5794/5794 1418/5795/5795
f 1400/5793/5793 1418/5795/5795 1417/5796/5796
f 1402/5797/5797 1404/5798/5798 1419/5799/5799
f 1402/5797/5797 1419/5799/5799 1418/5800/5800
f 1404/5801/5801 1406/5802/5802 1420/5803/5803
f 1404/5801/5801 1420/5803/5803 1419/5804/5804
f 1406/5805/5805 1408/5806/5806 1421/5807/5807
f 1406/5805/5805 1421/5807/5807 1420/5808/5808
f 1408/5809/5809 1410/5810/5810 1422/5811/5811
f 1408/5809/5809 1422/5811/5811 1421/5812/5812
f 1410/5813/5813 1412/5814/5814 1423/5815/5815
f 1410/5813/5813 1423/5815/5815 1422/5816/5816
f 1412/5817/5817 1414/5818/5818 1424/5819/5819
f 1412/5817/5817 1424/5819/5819 1423/5820/5820
f 1414/5821/5821 1398/5822/5822 1416/5823/5823
f 1414/5821/5821 1416/5823/5823 1424/5824/5824
f 1416/5825/5825 1415/5826/5826 1425/5827/5827
f 1416/5825/5825 1425/5827/5827 1426/5828/5828
f 1415/5829/5829 1417/5830/5830 1427/5831/5831
f 1415/5829/5829 1427/5831/5831 1425/5832/5832
f 1417/5833/5833 1418/5834/5834 1428/5835/5835
f 1417/5833/5833 1428/5835/5835 1427/5836/5836
f 1418/5837/5837 1419/5838/5838 1429/5839/5839
f 1418/5837/5837 1429/5839/5839 1428/5840/5840
f 1419/5841/5841 1420/5842/5842 1430/5843/5843
f 1419/5841/5841 1430/5843/5843 1429/5844/5844
f 1420/5845/5845 1421/5846/5846 1431/5847/5847
f 1420/5845/5845 1431/5847/5847 1430/5848/5848
f 1421/5849/5849 1422/5850/5850 1432/5851/5851
f 1421/5849/5849 1432/5851/5851 1431/5852/5852
f 1422/5853/5853 1423/5854/5854 1433/5855/5855
f 1422/5853/5853 1433/5855/5855 1432/5856/5856
f 1423/5857/5857 1424/5858/5858 1434/5859/5859
f 1423/5857/5857 1434/5859/5859 1433/5860/5860
f 1424/5861/5861 1416/5862/5862 1426/5863/5863
f 1424/5861/5861 1426/5863/5863 1434/5864/5864
f 1435/5865/5865 1396/5866/5866 1395/5867/5867
f 1435/5868/5868 1399/5869/5869 1396/5870/5870
f 1435/5871/5871 1401/5872/5872 1399/5873/5873
f 1435/5874/5874 1403/5875/5875 1401/5876/5876
f 1435/5877/5877 1405/5878/5878 1403/5879/5879
f 1435/5880/5880 1407/5881/5881 1405/5882/5882
f 1435/5883/5883 1409/5884/5884 1407/5885/5885
f 1435/5886/5886 1411/5887/5887 1409/5888/5888
f 1435/5889/5889 1413/5890/5890 1411/5891/5891
f 1435/5892/5892 1395/5893/5893 1413/5894/5894
f 1436/5895/5895 1426/5896/5896 1425/5897/5897
f 1436/5898/5898 1425/5899/5899 1427/5900/5900
f 1436/5901/5901 1427/5902/5902 1428/5903/5903
f 1436/5904/5904 1428/5905/5905 1429/5906/5906
f 1436/5907/5907 1429/5908/5908 1430/5909/5909
f 1436/5910/5910 1430/5911/5911 1431/5912/5912
f 1436/5913/5913 1431/5914/5914 1432/5915/5915
f 1436/5916/5916 1432/5917/5917 1433/5918/5918
f 1436/5919/5919 1433/5920/5920 1434/5921/5921
f 1436/5922/5922 1434/5923/5923 1426/5924/5924
f 1437/5925/5925 1438/5926/5926 1439/5927/5927
f 1437/5925/5925 1439/5927/5927 1440/5928/5928
f 1440/5929/5929 1439/5930/5930 1441/5931/5931
f 1440/5929/5929 1441/5931/5931 1442/5932/5932
f 1442/5933/5933 1441/5934/5934 1443/5935/5935
f 1442/5933/5933 1443/5935/5935 1444/5936/5936
f 1444/5937/5937 1443/5938/5938 1445/5939/5939
f 1444/5937/5937 1445/5939/5939 1446/5940/5940
f 1446/5941/5941 1445/5942/5942 1447/5943/5943
f 1446/5941/5941 1447/5943/5943 1448/5944/5944
f 1448/5945/5945 1447/5946/5946 1449/5947/5947
f 1448/5945/5945 1449/5947/5947 1450/5948/5948
f 1450/5949/5949 1449/5950/5950 1451/5951/5951
f 1450/5949/5949 1451/5951/5951 1452/5952/5952
f 1452/5953/5953 1451/5954/5954 1453/5955/5955
f 1452/5953/5953 1453/5955/5955 1454/5956/5956
f 1454/5957/5957 1453/5958/5958 1455/5959/5959
f 1454/5957/5957 1455/5959/5959 1456/5960/5960
f 1456/5961/5961 1455/5962/5962 1438/5963/5963
f 1456/5961/5961 1438/5963/5963 1437/5964/5964
f 1438/5965/5965 1457/5966/5966 1458/5967/5967
f 1438/5965/5965 1458/5967/5967 1439/5968/5968
f 1439/5969/5969 1458/5970/5970 1459/5971/5971
f 1439/5969/5969 1459/5971/5971 1441/5972/5972
f 1441/5973/5973 1459/5974/5974 1460/5975/5975
f 1441/5973/5973 1460/5975/5975 1443/5976/5976
f 1443/5977/5977 1460/5978/5978 1461/5979/5979
f 1443/5977/5977 1461/5979/5979 1445/5980/5980
f 1445/5981/5981 1461/5982/5982 1462/5983/5983
f 1445/5981/5981 1462/5983/5983 1447/5984/5984
f 1447/5985/5985 1462/5986/5986 1463/5987/5987
f 1447/5985/5985 1463/5987/5987 1449/5988/5988
f 1449/5989/5989 1463/5990/5990 1464/5991/5991
f 1449/5989/5989 1464/5991/5991 1451/5992/5992
f 1451/5993/5993 1464/5994/5994 1465/5995/5995
f 1451/5993/5993 1465/5995/5995 1453/5996/5996
f 1453/5997/5997 1465/5998/5998 1466/5999/5999
f 1453/5997/5997 1466/5999/5999 1455/6000/6000
f 1455/6001/6001 1466/6002/6002 1457/6003/6003
f 1455/6001/6001 1457/6003/6003 1438/6004/6004
f 1457/6005/6005 1467/6006/6006 1468/6007/6007
f 1457/6005/6005 1468/6007/6007 1458/6008/6008
f 1458/6009/6009 1468/6010/6010 1469/6011/6011
f 1458/6009/6009 1469/6011/6011 1459/6012/6012
f 1459/6013/6013 1469/6014/6014 1470/6015/6015
f 1459/6013/6013 1470/6015/6015 1460/6016/6016
f 1460/6017/6017 1470/6018/6018 1471/6019/6019
f 1460/6017/6017 1471/6019/6019 1461/6020/6020
f 1461/6021/6021 1471/6022/6022 1472/6023/6023
f 1461/6021/6021 1472/6023/6023 1462/6024/6024
f 1462/6025/6025 1472/6026/6026 1473/6027/6027
f 1462/6025/6025 1473/6027/6027 1463/6028/6028
f 1463/6029/6029 1473/6030/6030 1474/6031/6031
f 1463/6029/6029 1474/6031/6031 1464/6032/6032
f 1464/6033/6033 1474/6034/6034 1475/6035/6035
f 1464/6033/6033 1475/6035/6035 1465/6036/6036
f 1465/6037/6037 1475/6038/6038 1476/6039/6039
f 1465/6037/6037 1476/6039/6039 1466/6040/6040
f 1466/6041/6041 1476/6042/6042 1467/6043/6043
f 1466/6041/6041 1467/6043/6043 1457/6044/6044
f 1477/6045/6045 1437/6046/6046 1440/6047/6047
f 1477/6048/6048 1440/6049/6049 1442/6050/6050
f 1477/6051/6051 1442/6052/6052 1444/6053/6053
f 1477/6054/6054 1444/6055/6055 1446/6056/6056
f 1477/6057/6057 1446/6058/6058 1448/6059/6059
f 1477/6060/6060 1448/6061/6061 1450/6062/6062
f 1477/6063/6063 1450/6064/6064 1452/6065/6065
f 1477/6066/6066 1452/6067/6067 1454/6068/6068
f 1477/6069/6069 1454/6070/6070 1456/6071/6071
f 1477/6072/6072 1456/6073/6073 1437/6074/6074
f 1478/6075/6075 1468/6076/6076 1467/6077/6077
f 1478/6078/6078 1469/6079/6079 1468/6080/6080
f 1478/6081/6081 1470/6082/6082 1469/6083/6083
f 1478/6084/6084 1471/6085/6085 1470/6086/6086
f 1478/6087/6087 1472/6088/6088 1471/6089/6089
f 1478/6090/6090 1473/6091/6091 1472/6092/6092
f 1478/6093/6093 1474/6094/6094 1473/6095/6095
f 1478/6096/6096 1475/6097/6097 1474/6098/6098
f 1478/6099/6099 1476/6100/6100 1475/6101/6101
f 1478/6102/6102 1467/6103/6103 1476/6104/6104
f 1479/6105/6105 1480/6106/6106 1481/6107/6107
f 1479/6105/6105 1481/6107/6107 1482/6108/6108
f 1480/6109/6109 1483/6110/6110 1484/6111/6111
f 1480/6109/6109 1484/6111/6111 1481/6112/6112
f 1483/6113/6113 1485/6114/6114 1486/6115/6115
f 1483/6113/6113 1486/6115/6115 1484/6116/6116
f 1485/6117/6117 1487/6118/6118 1488/6119/6119
f 1485/6117/6117 1488/6119/6119 1486/6120/6120
f 1487/6121/6121 1489/6122/6122 1490/6123/6123
f 1487/6121/6121 1490/6123/6123 1488/6124/6124
f 1489/6125/6125 1491/6126/6126 1492/6127/6127
f 1489/6125/6125 1492/6127/6127 1490/6128/6128
f 1491/6129/6129 1493/6130/6130 1494/6131/6131
f 1491/6129/6129 1494/6131/6131 1492/6132/6132
f 1493/6133/6133 1495/6134/6134 1496/6135/6135
f 1493/6133/6133 1496/6135/6135 1494/6136/6136
f 1495/6137/6137 1497/6138/6138 1498/6139/6139
f 1495/6137/6137 1498/6139/6139 1496/6140/6140
f 1497/6141/6141 1479/6142/6142 1482/6143/6143
f 1497/6141/6141 1482/6143/6143 1498/6144/6144
f 1482/6145/6145 1481/6146/6146 1499/6147/6147
f 1482/6145/6145 1499/6147/6147 1500/6148/6148
f 1481/6149/6149 1484/6150/6150 1501/6151/6151
f 1481/6149/6149 1501/6151/6151 1499/6152/6152
f 1484/6153/6153 1486/6154/6154 1502/6155/6155
f 1484/6153/6153 1502/6155/6155 1501/6156/6156
f 1486/6157/6157 1488/6158/6158 1503/6159/6159
f 1486/6157/6157 1503/6159/6159 1502/6160/6160
f 1488/6161/6161 1490/6162/6162 1504/6163/6163
f 1488/6161/6161 1504/6163/6163 1503/6164/6164
f 1490/6165/6165 1492/6166/6166 1505/6167/6167
f 1490/6165/6165 1505/6167/6167 1504/6168/6168
f 1492/6169/6169 1494/6170/6170 1506/6171/6171
f 1492/6169/6169 1506/6171/6171 1505/6172/6172
f 1494/6173/6173 1496/6174/6174 1507/6175/6175
f 1494/6173/6173 1507/6175/6175 1506/6176/6176
f 1496/6177/6177 1498/6178/6178 1508/6179/6179
f 1496/6177/6177 1508/6179/6179 1507/6180/6180
f 1498/6181/6181 1482/6182/6182 1500/6183/6183
f 1498/6181/6181 1500/6183/6183 1508/6184/6184
f 1500/6185/6185 1499/6186/6186 1509/6187/6187
f 1500/6185/6185 1509/6187/6187 1510/6188/6188
f 1499/6189/6189 1501/6190/6190 1511/6191/6191
f 1499/6189/6189 1511/6191/6191 1509/6192/6192
f 1501/6193/6193 1502/6194/6194 1512/6195/6195
f 1501/6193/6193 1512/6195/6195 1511/6196/6196
f 1502/6197/6197 1503/6198/6198 1513/6199/6199
f 1502/6197/6197 1513/6199/6199 1512/6200/6200
f 1503/6201/6201 1504/6202/6202 1514/6203/6203
f 1503/6201/6201 1514/6203/6203 1513/6204/6204
f 1504/6205/6205 1505/6206/6206 1515/6207/6207
f 1504/6205/6205 1515/6207/6207 1514/6208/6208
f 1505/6209/6209 1506/6210/6210 1516/6211/6211
f 1505/6209/6209 1516/6211/6211 1515/6212/6212
f 1506/6213/6213 1507/6214/6214 1517/6215/6215
f 1506/6213/6213 1517/6215/6215 1516/6216/6216
f 1507/6217/6217 1508/6218/6218 1518/6219/6219
f 1507/6217/6217 1518/6219/6219 1517/6220/6220
f 1508/6221/6221 1500/6222/6222 1510/6223/6223
f 1508/6221/6221 1510/6223/6223 1518/6224/6224
f 1510/6225/6225 1509/6226/6226 1519/6227/6227
f 1510/6225/6225 1519/6227/6227 1520/6228/6228
f 1509/6229/6229 1511/6230/6230 1521/6231/6231
f 1509/6229/6229 1521/6231/6231 1519/6232/6232
f 1511/6233/6233 1512/6234/6234 1522/6235/6235
f 1511/6233/6233 1522/6235/6235 1521/6236/6236
f 1512/6237/6237 1513/6238/6238 1523/6239/6239
f 1512/6237/6237 1523/6239/6239 1522/6240/6240
f 1513/6241/6241 1514/6242/6242 1524/6243/6243
f 1513/6241/6241 1524/6243/6243 1523/6244/6244
f 1514/6245/6245 1515/6246/6246 1525/6247/6247
f 1514/6245/6245 1525/6247/6247 1524/6248/6248
f 1515/6249/6249 1516/6250/6250 1526/6251/6251
f 1515/6249/6249 1526/6251/6251 1525/6252/6252
f 1516/6253/6253 1517/6254/6254 1527/6255/6255
f 1516/6253/6253 1527/6255/6255 1526/6256/6256
f 1517/6257/6257 1518/6258/6258 1528/6259/6259
f 1517/6257/6257 1528/6259/6259 1527/6260/6260
f 1518/6261/6261 1510/6262/6262 1520/6263/6263
f 1518/6261/6261 1520/6263/6263 1528/6264/6264
f 1529/6265/6265 1480/6266/6266 1479/6267/6267
f 1529/6268/6268 1483/6269/6269 1480/6270/6270
f 1529/6271/6271 1485/6272/6272 1483/6273/6273
f 1529/6274/6274 1487/6275/6275 1485/6276/6276
f 1529/6277/6277 1489/6278/6278 1487/6279/6279
f 1529/6280/6280 1491/6281/6281 1489/6282/6282
f 1529/6283/6283 1493/6284/6284 1491/6285/6285
f 1529/6286/6286 1495/6287/6287 1493/6288/6288
f 1529/6289/6289 1497/6290/6290 1495/6291/6291
f 1529/6292/6292 1479/6293/6293 1497/6294/6294
f 1530/6295/6295 1520/6296/6296 1519/6297/6297
f 1530/6298/6298 1519/6299/6299 1521/6300/6300
f 1530/6301/6301 1521/6302/6302 1522/6303/6303
f 1530/6304/6304 1522/6305/6305 1523/6306/6306
f 1530/6307/6307 1523/6308/6308 1524/6309/6309
f 1530/6310/6310 1524/6311/6311 1525/6312/6312
f 1530/6313/6313 1525/6314/6314 1526/6315/6315
f 1530/6316/6316 1526/6317/6317 1527/6318/6318
f 1530/6319/6319 1527/6320/6320 1528/6321/6321
f 1530/6322/6322 1528/6323/6323 1520/6324/6324
f 1531/6325/6325 1532/6326/6326 1533/6327/6327
f 1531/6325/6325 1533/6327/6327 1534/6328/6328
f 1532/6329/6329 1535/6330/6330 1536/6331/6331
f 1532/6329/6329 1536/6331/6331 1533/6332/6332
f 1535/6333/6333 1537/6334/6334 1538/6335/6335
f 1535/6333/6333 1538/6335/6335 1536/6336/6336
f 1537/6337/6337 1531/6338/6338 1534/6339/6339
f 1537/6337/6337 1534/6339/6339 1538/6340/6340
f 1531/6341/6341 1537/6342/6342 1535/6343/6343
f 1531/6341/6341 1535/6343/6343 1532/6344/6344
f 1534/6345/6345 1533/6346/6346 1536/6347/6347
f 1534/6345/6345 1536/6347/6347 1538/6348/6348
f 1539/6349/6349 1540/6350/6350 1541/6351/6351
f 1539/6349/6349 1541/6351/6351 1542/6352/6352
f 1540/6353/6353 1543/6354/6354 1544/6355/6355
f 1540/6353/6353 1544/6355/6355 1541/6356/6356
f 1543/6357/6357 1545/6358/6358 1546/6359/6359
f 1543/6357/6357 1546/6359/6359 1544/6360/6360
f 1545/6361/6361 1547/6362/6362 1548/6363/6363
f 1545/6361/6361 1548/6363/6363 1546/6364/6364
f 1547/6365/6365 1549/6366/6366 1550/6367/6367
f 1547/6365/6365 1550/6367/6367 1548/6368/6368
f 1549/6369/6369 1551/6370/6370 1552/6371/6371
f 1549/6369/6369 1552/6371/6371 1550/6372/6372
f 1551/6373/6373 1553/6374/6374 1554/6375/6375
f 1551/6373/6373 1554/6375/6375 1552/6376/6376
f 1553/6377/6377 1555/6378/6378 1556/6379/6379
f 1553/6377/6377 1556/6379/6379 1554/6380/6380
f 1555/6381/6381 1557/6382/6382 1558/6383/6383
f 1555/6381/6381 1558/6383/6383 1556/6384/6384
f 1557/6385/6385 1539/6386/6386 1542/6387/6387
f 1557/6385/6385 1542/6387/6387 1558/6388/6388
f 1542/6389/6389 1541/6390/6390 1559/6391/6391
f 1542/6389/6389 1559/6391/6391 1560/6392/6392
f 1541/6393/6393 1544/6394/6394 1561/6395/6395
f 1541/6393/6393 1561/6395/6395 1559/6396/6396
f 1544/6397/6397 1546/6398/6398 1562/6399/6399
f 1544/6397/6397 1562/6399/6399 1561/6400/6400
f 1546/6401/6401 1548/6402/6402 1563/6403/6403
f 1546/6401/6401 1563/6403/6403 1562/6404/6404
f 1548/6405/6405 1550/6406/6406 1564/6407/6407
f 1548/6405/6405 1564/6407/6407 1563/6408/6408
f 1550/6409/6409 1552/6410/6410 1565/6411/6411
f 1550/6409/6409 1565/6411/6411 1564/6412/6412
f 1552/6413/6413 1554/6414/6414 1566/6415/6415
f 1552/6413/6413 1566/6415/6415 1565/6416/6416
f 1554/6417/6417 1556/6418/6418 1567/6419/6419
f 1554/6417/6417 1567/6419/6419 1566/6420/6420
f 1556/6421/6421 1558/6422/6422 1568/6423/6423
f 1556/6421/6421 1568/6423/6423 1567/6424/6424
f 1558/6425/6425 1542/6426/6426 1560/6427/6427
f 1558/6425/6425 1560/6427/6427 1568/6428/6428
f 1560/6429/6429 1559/6430/6430 1569/6431/6431
f 1560/6429/6429 1569/6431/6431 1570/6432/6432
f 1559/6433/6433 1561/6434/6434 1571/6435/6435
f 1559/6433/6433 1571/6435/6435 1569/6436/6436
f 1561/6437/6437 1562/6438/6438 1572/6439/6439
f 1561/6437/6437 1572/6439/6439 1571/6440/6440
f 1562/6441/6441 1563/6442/6442 1573/6443/6443
f 1562/6441/6441 1573/6443/6443 1572/6444/6444
f 1563/6445/6445 1564/6446/6446 1574/6447/6447
f 1563/6445/6445 1574/6447/6447 1573/6448/6448
f 1564/6449/6449 1565/6450/6450 1575/6451/6451
f 1564/6449/6449 1575/6451/6451 1574/6452/6452
f 1565/6453/6453 1566/6454/6454 1576/6455/6455
f 1565/6453/6453 1576/6455/6455 1575/6456/6456
f 1566/6457/6457 1567/6458/6458 1577/6459/6459
f 1566/6457/6457 1577/6459/6459 1576/6460/6460
f 1567/6461/6461 1568/6462/6462 1578/6463/6463
f 1567/6461/6461 1578/6463/6463 1577/6464/6464
f 1568/6465/6465 1560/6466/6466 1570/6467/6467
f 1568/6465/6465 1570/6467/6467 1578/6468/6468
f 1570/6469/6469 1569/6470/6470 1579/6471/6471
f 1570/6469/6469 1579/6471/6471 1580/6472/6472
f 1569/6473/6473 1571/6474/6474 1581/6475/6475
f 1569/6473/6473 1581/6475/6475 1579/6476/6476
f 1571/6477/6477 1572/6478/6478 1582/6479/6479
f 1571/6477/6477 1582/6479/6479 1581/6480/6480
f 1572/6481/6481 1573/6482/6482 1583/6483/6483
f 1572/6481/6481 1583/6483/6483 1582/6484/6484
f 1573/6485/6485 1574/6486/6486 1584/6487/6487
f 1573/6485/6485 1584/6487/6487 1583/6488/6488
f 1574/6489/6489 1575/6490/6490 1585/6491/6491
f 1574/6489/6489 1585/6491/6491 1584/6492/6492
f 1575/6493/6493 1576/6494/6494 1586/6495/6495
f 1575/6493/6493 1586/6495/6495 1585/6496/6496
f 1576/6497/6497 1577/6498/6498 1587/6499/6499
f 1576/6497/6497 1587/6499/6499 1586/6500/6500
f 1577/6501/6501 1578/6502/6502 1588/6503/6503
f 1577/6501/6501 1588/6503/6503 1587/6504/6504
f 1578/6505/6505 1570/6506/6506 1580/6507/6507
f 1578/6505/6505 1580/6507/6507 1588/6508/6508
f 1589/6509/6509 1540/6510/6510 1539/6511/6511
f 1589/6512/6512 1543/6513/6513 1540/6514/6514
f 1589/6515/6515 1545/6516/6516 1543/6517/6517
f 1589/6518/6518 1547/6519/6519 1545/6520/6520
f 1589/6521/6521 1549/6522/6522 1547/6523/6523
f 1589/6524/6524 1551/6525/6525 1549/6526/6526
f 1589/6527/6527 1553/6528/6528 1551/6529/6529
f 1589/6530/6530 1555/6531/6531 1553/6532/6532
f 1589/6533/6533 1557/6534/6534 1555/6535/6535
f 1589/6536/6536 1539/6537/6537 1557/6538/6538
f 1590/6539/6539 1580/6540/6540 1579/6541/6541
f 1590/6542/6542 1579/6543/6543 1581/6544/6544
f 1590/6545/6545 1581/6546/6546 1582/6547/6547
f 1590/6548/6548 1582/6549/6549 1583/6550/6550
f 1590/6551/6551 1583/6552/6552 1584/6553/6553
f 1590/6554/6554 1584/6555/6555 1585/6556/6556
f 1590/6557/6557 1585/6558/6558 1586/6559/6559
f 1590/6560/6560 1586/6561/6561 1587/6562/6562
f 1590/6563/6563 1587/6564/6564 1588/6565/6565
f 1590/6566/6566 1588/6567/6567 1580/6568/6568
f 1591/6569/6569 1592/6570/6570 1593/6571/6571
f 1591/6569/6569 1593/6571/6571 1594/6572/6572
f 1592/6573/6573 1595/6574/6574 1596/6575/6575
f 1592/6573/6573 1596/6575/6575 1593/6576/6576
f 1595/6577/6577 1597/6578/6578 1598/6579/6579
f 1595/6577/6577 1598/6579/6579 1596/6580/6580
f 1597/6581/6581 1599/6582/6582 1600/6583/6583
f 1597/6581/6581 1600/6583/6583 1598/6584/6584
f 1599/6585/6585 1601/6586/6586 1602/6587/6587
f 1599/6585/6585 1602/6587/6587 1600/6588/6588
f 1601/6589/6589 1603/6590/6590 1604/6591/6591
f 1601/6589/6589 1604/6591/6591 1602/6592/6592
f 1603/6593/6593 1605/6594/6594 1606/6595/6595
f 1603/6593/6593 1606/6595/6595 1604/6596/6596
f 1605/6597/6597 1607/6598/6598 1608/6599/6599
f 1605/6597/6597 1608/6599/6599 1606/6600/6600
f 1607/6601/6601 1609/6602/6602 1610/6603/6603
f 1607/6601/6601 1610/6603/6603 1608/6604/6604
f 1609/6605/6605 1591/6606/6606 1594/6607/6607
f 1609/6605/6605 1594/6607/6607 1610/6608/6608
f 1594/6609/6609 1593/6610/6610 1611/6611/6611
f 1594/6609/6609 1611/6611/6611 1612/6612/6612
f 1593/6613/6613 1596/6614/6614 1613/6615/6615
f 1593/6613/6613 1613/6615/6615 1611/6616/6616
f 1596/6617/6617 1598/6618/6618 1614/6619/6619
f 1596/6617/6617 1614/6619/6619 1613/6620/6620
f 1598/6621/6621 1600/6622/6622 1615/6623/6623
f 1598/6621/6621 1615/6623/6623 1614/6624/6624
f 1600/6625/6625 1602/6626/6626 1616/6627/6627
f 1600/6625/6625 1616/6627/6627 1615/6628/6628
f 1602/6629/6629 1604/6630/6630 1617/6631/6631
f 1602/6629/6629 1617/6631/6631 1616/6632/6632
f 1604/6633/6633 1606/6634/6634 1618/6635/6635
f 1604/6633/6633 1618/6635/6635 1617/6636/6636
f 1606/6637/6637 1608/6638/6638 1619/6639/6639
f 1606/6637/6637 1619/6639/6639 1618/6640/6640
f 1608/6641/6641 1610/6642/6642 1620/6643/6643
f 1608/6641/6641 1620/6643/6643 1619/6644/6644
f 1610/6645/6645 1594/6646/6646 1612/6647/6647
f 1610/6645/6645 1612/6647/6647 1620/6648/6648
f 1612/6649/6649 1611/6650/6650 1621/6651/6651
f 1612/6649/6649 1621/6651/6651 1622/6652/6652
f 1611/6653/6653 1613/6654/6654 1623/6655/6655
f 1611/6653/6653 1623/6655/6655 1621/6656/6656
f 1613/6657/6657 1614/6658/6658 1624/6659/6659
f 1613/6657/6657 1624/6659/6659 1623/6660/6660
f 1614/6661/6661 1615/6662/6662 1625/6663/6663
f 1614/6661/6661 1625/6663/6663 1624/6664/6664
f 1615/6665/6665 1616/6666/6666 1626/6667/6667
f 1615/6665/6665 1626/6667/6667 1625/6668/6668
f 1616/6669/6669 1617/6670/6670 1627/6671/6671
f 1616/6669/6669 1627/6671/6671 1626/6672/6672
f 1617/6673/6673 1618/6674/6674 1628/6675/6675
f 1617/6673/6673 1628/6675/6675 1627/6676/6676
f 1618/6677/6677 1619/6678/6678 1629/6679/6679
f 1618/6677/6677 1629/6679/6679 1628/6680/6680
f 1619/6681/6681 1620/6682/6682 1630/6683/6683
f 1619/6681/6681 1630/6683/6683 1629/6684/6684
f 1620/6685/6685 1612/6686/6686 1622/6687/6687
f 1620/6685/6685 1622/6687/6687 1630/6688/6688
f 1622/6689/6689 1621/6690/6690 1631/6691/6691
f 1622/6689/6689 1631/6691/6691 1632/6692/6692
f 1621/6693/6693 1623/6694/6694 1633/6695/6695
f 1621/6693/6693 1633/6695/6695 1631/6696/6696
f 1623/6697/6697 1624/6698/6698 1634/6699/6699
f 1623/6697/6697 1634/6699/6699 1633/6700/6700
f 1624/6701/6701 1625/6702/6702 1635/6703/6703
f 1624/6701/6701 1635/6703/6703 1634/6704/6704
f 1625/6705/6705 1626/6706/6706 1636/6707/6707
f 1625/6705/6705 1636/6707/6707 1635/6708/6708
f 1626/6709/6709 1627/6710/6710 1637/6711/6711
f 1626/6709/6709 1637/6711/6711 1636/6712/6712
f 1627/6713/6713 1628/6714/6714 1638/6715/6715
f 1627/6713/6713 1638/6715/6715 1637/6716/6716
f 1628/6717/6717 1629/6718/6718 1639/6719/6719
f 1628/6717/6717 1639/6719/6719 1638/6720/6720
f 1629/6721/6721 1630/6722/6722 1640/6723/6723
f 1629/6721/6721 1640/6723/6723 1639/6724/6724
f 1630/6725/6725 1622/6726/6726 1632/6727/6727
f 1630/6725/6725 1632/6727/6727 1640/6728/6728
f 1641/6729/6729 1592/6730/6730 1591/6731/6731
f 1641/6732/6732 1595/6733/6733 1592/6734/6734
f 1641/6735/6735 1597/6736/6736 1595/6737/6737
f 1641/6738/6738 1599/6739/6739 1597/6740/6740
f 1641/6741/6741 1601/6742/6742 1599/6743/6743
f 1641/6744/6744 1603/6745/6745 1601/6746/6746
f 1641/6747/6747 1605/6748/6748 1603/6749/6749
f 1641/6750/6750 1607/6751/6751 1605/6752/6752
f 1641/6753/6753 1609/6754/6754 1607/6755/6755
f 1641/6756/6756 1591/6757/6757 1609/6758/6758
f 1642/6759/6759 1632/6760/6760 1631/6761/6761
f 1642/6762/6762 1631/6763/6763 1633/6764/6764
f 1642/6765/6765 1633/6766/6766 1634/6767/6767
f 1642/6768/6768 1634/6769/6769 1635/6770/6770
f 1642/6771/6771 1635/6772/6772 1636/6773/6773
f 1642/6774/6774 1636/6775/6775 1637/6776/6776
f 1642/6777/6777 1637/6778/6778 1638/6779/6779
f 1642/6780/6780 1638/6781/6781 1639/6782/6782
f 1642/6783/6783 1639/6784/6784 1640/6785/6785
f 1642/6786/6786 1640/6787/6787 1632/6788/6788
f 1643/6789/6789 1644/6790/6790 1645/6791/6791
f 1643/6789/6789 1645/6791/6791 1646/6792/6792
f 1644/6793/6793 1647/6794/6794 1648/6795/6795
f 1644/6793/6793 1648/6795/6795 1645/6796/6796
f 1647/6797/6797 1649/6798/6798 1650/6799/6799
f 1647/6797/6797 1650/6799/6799 1648/6800/6800
f 1649/6801/6801 1651/6802/6802 1652/6803/6803
f 1649/6801/6801 1652/6803/6803 1650/6804/6804
f 1651/6805/6805 1653/6806/6806 1654/6807/6807
f 1651/6805/6805 1654/6807/6807 1652/6808/6808
f 1653/6809/6809 1655/6810/6810 1656/6811/6811
f 1653/6809/6809 1656/6811/6811 1654/6812/6812
f 1655/6813/6813 1657/6814/6814 1658/6815/6815
f 1655/6813/6813 1658/6815/6815 1656/6816/6816
f 1657/6817/6817 1659/6818/6818 1660/6819/6819
f 1657/6817/6817 1660/6819/6819 1658/6820/6820
f 1659/6821/6821 1661/6822/6822 1662/6823/6823
f 1659/6821/6821 1662/6823/6823 1660/6824/6824
f 1661/6825/6825 1643/6826/6826 1646/6827/6827
f 1661/6825/6825 1646/6827/6827 1662/6828/6828
f 1646/6829/6829 1645/6830/6830 1663/6831/6831
f 1646/6829/6829 1663/6831/6831 1664/6832/6832
f 1645/6833/6833 1648/6834/6834 1665/6835/6835
f 1645/6833/6833 1665/6835/6835 1663/6836/6836
f 1648/6837/6837 1650/6838/6838 1666/6839/6839
f 1648/6837/6837 1666/6839/6839 1665/6840/6840
f 1650/6841/6841 1652/6842/6842 1667/6843/6843
f 1650/6841/6841 1667/6843/6843 1666/6844/6844
f 1652/6845/6845 1654/6846/6846 1668/6847/6847
f 1652/6845/6845 1668/6847/6847 1667/6848/6848
f 1654/6849/6849 1656/6850/6850 1669/6851/6851
f 1654/6849/6849 1669/6851/6851 1668/6852/6852
f 1656/6853/6853 1658/6854/6854 1670/6855/6855
f 1656/6853/6853 1670/6855/6855 1669/6856/6856
f 1658/6857/6857 1660/6858/6858 1671/6859/6859
f 1658/6857/6857 1671/6859/6859 1670/6860/6860
f 1660/6861/6861 1662/6862/6862 1672/6863/6863
f 1660/6861/6861 1672/6863/6863 1671/6864/6864
f 1662/6865/6865 1646/6866/6866 1664/6867/6867
f 1662/6865/6865 1664/6867/6867 1672/6868/6868
f 1664/6869/6869 1663/6870/6870 1673/6871/6871
f 1664/6869/6869 1673/6871/6871 1674/6872/6872
f 1663/6873/6873 1665/6874/6874 1675/6875/6875
f 1663/6873/6873 1675/6875/6875 1673/6876/6876
f 1665/6877/6877 1666/6878/6878 1676/6879/6879
f 1665/6877/6877 1676/6879/6879 1675/6880/6880
f 1666/6881/6881 1667/6882/6882 1677/6883/6883
f 1666/6881/6881 1677/6883/6883 1676/6884/6884
f 1667/6885/6885 1668/6886/6886 1678/6887/6887
f 1667/6885/6885 1678/6887/6887 1677/6888/6888
f 1668/6889/6889 1669/6890/6890 1679/6891/6891
f 1668/6889/6889 1679/6891/6891 1678/6892/6892
f 1669/6893/6893 1670/6894/6894 1680/6895/6895
f 1669/6893/6893 1680/6895/6895 1679/6896/6896
f 1670/6897/6897 1671/6898/6898 1681/6899/6899
f 1670/6897/6897 1681/6899/6899 1680/6900/6900
f 1671/6901/6901 1672/6902/6902 1682/6903/6903
f 1671/6901/6901 1682/6903/6903 1681/6904/6904
f 1672/6905/6905 1664/6906/6906 1674/6907/6907
f 1672/6905/6905 1674/6907/6907 1682/6908/6908
f 1674/6909/6909 1673/6910/6910 1683/6911/6911
f 1674/6909/6909 1683/6911/6911 1684/6912/6912
f 1673/6913/6913 1675/6914/6914 1685/6915/6915
f 1673/6913/6913 1685/6915/6915 1683/6916/6916
f 1675/6917/6917 1676/6918/6918 1686/6919/6919
f 1675/6917/6917 1686/6919/6919 1685/6920/6920
f 1676/6921/6921 1677/6922/6922 1687/6923/6923
f 1676/6921/6921 1687/6923/6923 1686/6924/6924
f 1677/6925/6925 1678/6926/6926 1688/6927/6927
f 1677/6925/6925 1688/6927/6927 1687/6928/6928
f 1678/6929/6929 1679/6930/6930 1689/6931/6931
f 1678/6929/6929 1689/6931/6931 1688/6932/6932
f 1679/6933/6933 1680/6934/6934 1690/6935/6935
f 1679/6933/6933 1690/6935/6935 1689/6936/6936
f 1680/6937/6937 1681/6938/6938 1691/6939/6939
f 1680/6937/6937 1691/6939/6939 1690/6940/6940
f 1681/6941/6941 1682/6942/6942 1692/6943/6943
f 1681/6941/6941 1692/6943/6943 1691/6944/6944
f 1682/6945/6945 1674/6946/6946 1684/6947/6947
f 1682/6945/6945 1684/6947/6947 1692/6948/6948
f 1693/6949/6949 1644/6950/6950 1643/6951/6951
f 1693/6952/6952 1647/6953/6953 1644/6954/6954
f 1693/6955/6955 1649/6956/6956 1647/6957/6957
f 1693/6958/6958 1651/6959/6959 1649/6960/6960
f 1693/6961/6961 1653/6962/6962 1651/6963/6963
f 1693/6964/6964 1655/6965/6965 1653/6966/6966
f 1693/6967/6967 1657/6968/6968 1655/6969/6969
f 1693/6970/6970 1659/6971/6971 1657/6972/6972
f 1693/6973/6973 1661/6974/6974 1659/6975/6975
f 1693/6976/6976 1643/6977/6977 1661/6978/6978
f 1694/6979/6979 1684/6980/6980 1683/6981/6981
f 1694/6982/6982 1683/6983/6983 1685/6984/6984
f 1694/6985/6985 1685/6986/6986 1686/6987/6987
f 1694/6988/6988 1686/6989/6989 1687/6990/6990
f 1694/6991/6991 1687/6992/6992 1688/6993/6993
f 1694/6994/6994 1688/6995/6995 1689/6996/6996
f 1694/6997/6997 1689/6998/6998 1690/6999/6999
f 1694/7000/7000 1690/7001/7001 1691/7002/7002
f 1694/7003/7003 1691/7004/7004 1692/7005/7005
f 1694/7006/7006 1692/7007/7007 1684/7008/7008
f 1695/7009/7009 1696/7010/7010 1697/7011/7011
f 1695/7009/7009 1697/7011/7011 1698/7012/7012
f 1696/7013/7013 1699/7014/7014 1700/7015/7015
f 1696/7013/7013 1700/7015/7015 1697/7016/7016
f 1699/7017/7017 1701/7018/7018 1702/7019/7019
f 1699/7017/7017 1702/7019/7019 1700/7020/7020
f 1701/7021/7021 1703/7022/7022 1704/7023/7023
f 1701/7021/7021 1704/7023/7023 1702/7024/7024
f 1703/7025/7025 1705/7026/7026 1706/7027/7027
f 1703/7025/7025 1706/7027/7027 1704/7028/7028
f 1705/7029/7029 1707/7030/7030 1708/7031/7031
f 1705/7029/7029 1708/7031/7031 1706/7032/7032
f 1707/7033/7033 1709/7034/7034 1710/7035/7035
f 1707/7033/7033 1710/7035/7035 1708/7036/7036
f 1709/7037/7037 1711/7038/7038 1712/7039/7039
f 1709/7037/7037 1712/7039/7039 1710/7040/7040
f 1711/7041/7041 1713/7042/7042 1714/7043/7043
f 1711/7041/7041 1714/7043/7043 1712/7044/7044
f 1713/7045/7045 1695/7046/7046 1698/7047/7047
f 1713/7045/7045 1698/7047/7047 1714/7048/7048
f 1698/7049/7049 1697/7050/7050 1715/7051/7051
f 1698/7049/7049 1715/7051/7051 1716/7052/7052
f 1697/7053/7053 1700/7054/7054 1717/7055/7055
f 1697/7053/7053 1717/7055/7055 1715/7056/7056
f 1700/7057/7057 1702/7058/7058 1718/7059/7059
f 1700/7057/7057 1718/7059/7059 1717/7060/7060
f 1702/7061/7061 1704/7062/7062 1719/7063/7063
f 1702/7061/7061 1719/7063/7063 1718/7064/7064
f 1704/7065/7065 1706/7066/7066 1720/7067/7067
f 1704/7065/7065 1720/7067/7067 1719/7068/7068
f 1706/7069/7069 1708/7070/7070 1721/7071/7071
f 1706/7069/7069 1721/7071/7071 1720/7072/7072
f 1708/7073/7073 1710/7074/7074 1722/7075/7075
f 1708/7073/7073 1722/7075/7075 1721/7076/7076
f 1710/7077/7077 1712/7078/7078 1723/7079/7079
f 1710/7077/7077 1723/7079/7079 1722/7080/7080
f 1712/7081/7081 1714/7082/7082 1724/7083/7083
f 1712/7081/7081 1724/7083/7083 1723/7084/7084
f 1714/7085/7085 1698/7086/7086 1716/7087/7087
f 1714/7085/7085 1716/7087/7087 1724/7088/7088
f 1716/7089/7089 1715/7090/7090 1725/7091/7091
f 1716/7089/7089 1725/7091/7091 1726/7092/7092
f 1715/7093/7093 1717/7094/7094 1727/7095/7095
f 1715/7093/7093 1727/7095/7095 1725/7096/7096
f 1717/7097/7097 1718/7098/7098 1728/7099/7099
f 1717/7097/7097 1728/7099/7099 1727/7100/7100
f 1718/7101/7101 1719/7102/7102 1729/7103/7103
f 1718/7101/7101 1729/7103/7103 1728/7104/7104
f 1719/7105/7105 1720/7106/7106 1730/7107/7107
f 1719/7105/7105 1730/7107/7107 1729/7108/7108
f 1720/7109/7109 1721/7110/7110 1731/7111/7111
f 1720/7109/7109 1731/7111/7111 1730/7112/7112
f 1721/7113/7113 1722/7114/7114 1732/7115/7115
f 1721/7113/7113 1732/7115/7115 1731/7116/7116
f 1722/7117/7117 1723/7118/7118 1733/7119/7119
f 1722/7117/7117 1733/7119/7119 1732/7120/7120
f 1723/7121/7121 1724/7122/7122 1734/7123/7123
f 1723/7121/7121 1734/7123/7123 1733/7124/7124
f 1724/7125/7125 1716/7126/7126 1726/7127/7127
f 1724/7125/7125 1726/7127/7127 1734/7128/7128
f 1726/7129/7129 1725/7130/7130 1735/7131/7131
f 1726/7129/7129 1735/7131/7131 1736/7132/7132
f 1725/7133/7133 1727/7134/7134 1737/7135/7135
f 1725/7133/7133 1737/7135/7135 1735/7136/7136
f 1727/7137/7137 1728/7138/7138 1738/7139/7139
f 1727/7137/7137 1738/7139/7139 1737/7140/7140
f 1728/7141/7141 1729/7142/7142 1739/7143/7143
f 1728/7141/7141 1739/7143/7143 1738/7144/7144
f 1729/7145/7145 1730/7146/7146 1740/7147/7147
f 1729/7145/7145 1740/7147/7147 1739/7148/7148
f 1730/7149/7149 1731/7150/7150 1741/7151/7151
f 1730/7149/7149 1741/7151/7151 1740/7152/7152
f 1731/7153/7153 1732/7154/7154 1742/7155/7155
f 1731/7153/7153 1742/7155/7155 1741/7156/7156
f 1732/7157/7157 1733/7158/7158 1743/7159/7159
f 1732/7157/7157 1743/7159/7159 1742/7160/7160
f 1733/7161/7161 1734/7162/7162 1744/7163/7163
f 1733/7161/7161 1744/7163/7163 1743/7164/7164
f 1734/7165/7165 1726/7166/7166 1736/7167/7167
f 1734/7165/7165 1736/7167/7167 1744/7168/7168
f 1745/7169/7169 1696/7170/7170 1695/7171/7171
f 1745/7172/7172 1699/7173/7173 1696/7174/7174
f 1745/7175/7175 1701/7176/7176 1699/7177/7177
f 1745/7178/7178 1703/7179/7179 1701/7180/7180
f 1745/7181/7181 1705/7182/7182 1703/7183/7183
f 1745/7184/7184 1707/7185/7185 1705/7186/7186
f 1745/7187/7187 1709/7188/7188 1707/7189/7189
f 1745/7190/7190 1711/7191/7191 1709/7192/7192
f 1745/7193/7193 1713/7194/7194 1711/7195/7195
f 1745/7196/7196 1695/7197/7197 1713/7198/7198
f 1746/7199/7199 1736/7200/7200 1735/7201/7201
f 1746/7202/7202 1735/7203/7203 1737/7204/7204
f 1746/7205/7205 1737/7206/7206 1738/7207/7207
f 1746/7208/7208 1738/7209/7209 1739/7210/7210
f 1746/7211/7211 1739/7212/7212 1740/7213/7213
f 1746/7214/7214 1740/7215/7215 1741/7216/7216
f 1746/7217/7217 1741/7218/7218 1742/7219/7219
f 1746/7220/7220 1742/7221/7221 1743/7222/7222
f 1746/7223/7223 1743/7224/7224 1744/7225/7225
f 1746/7226/7226 1744/7227/7227 1736/7228/7228
f 1747/7229/7229 1748/7230/7230 1749/7231/7231
f 1747/7229/7229 1749/7231/7231 1750/7232/7232
f 1748/7233/7233 1751/7234/7234 1752/7235/7235
f 1748/7233/7233 1752/7235/7235 1749/7236/7236
f 1751/7237/7237 1753/7238/7238 1754/7239/7239
f 1751/7237/7237 1754/7239/7239 1752/7240/7240
f 1753/7241/7241 1755/7242/7242 1756/7243/7243
f 1753/7241/7241 1756/7243/7243 1754/7244/7244
f 1755/7245/7245 1757/7246/7246 1758/7247/7247
f 1755/7245/7245 1758/7247/7247 1756/7248/7248
f 1757/7249/7249 1759/7250/7250 1760/7251/7251
f 1757/7249/7249 1760/7251/7251 1758/7252/7252
f 1759/7253/7253 1761/7254/7254 1762/7255/7255
f 1759/7253/7253 1762/7255/7255 1760/7256/7256
f 1761/7257/7257 1763/7258/7258 1764/7259/7259
f 1761/7257/7257 1764/7259/7259 1762/7260/7260
f 1763/7261/7261 1765/7262/7262 1766/7263/7263
f 1763/7261/7261 1766/7263/7263 1764/7264/7264
f 1765/7265/7265 1747/7266/7266 1750/7267/7267
f 1765/7265/7265 1750/7267/7267 1766/7268/7268
f 1750/7269/7269 1749/7270/7270 1767/7271/7271
f 1750/7269/7269 1767/7271/7271 1768/7272/7272
f 1749/7273/7273 1752/7274/7274 1769/7275/7275
f 1749/7273/7273 1769/7275/7275 1767/7276/7276
f 1752/7277/7277 1754/7278/7278 1770/7279/7279
f 1752/7277/7277 1770/7279/7279 1769/7280/7280
f 1754/7281/7281 1756/7282/7282 1771/7283/7283
f 1754/7281/7281 1771/7283/7283 1770/7284/7284
f 1756/7285/7285 1758/7286/7286 1772/7287/7287
f 1756/7285/7285 1772/7287/7287 1771/7288/7288
f 1758/7289/7289 1760/7290/7290 1773/7291/7291
f 1758/7289/7289 1773/7291/7291 1772/7292/7292
f 1760/7293/7293 1762/7294/7294 1774/7295/7295
f 1760/7293/7293 1774/7295/7295 1773/7296/7296
f 1762/7297/7297 1764/7298/7298 1775/7299/7299
f 1762/7297/7297 1775/7299/7299 1774/7300/7300
f 1764/7301/7301 1766/7302/7302 1776/7303/7303
f 1764/7301/7301 1776/7303/7303 1775/7304/7304
f 1766/7305/7305 1750/7306/7306 1768/7307/7307
f 1766/7305/7305 1768/7307/7307 1776/7308/7308
f 1768/7309/7309 1767/7310/7310 1777/7311/7311
f 1768/7309/7309 1777/7311/7311 1778/7312/7312
f 1767/7313/7313 1769/7314/7314 1779/7315/7315
f 1767/7313/7313 1779/7315/7315 1777/7316/7316
f 1769/7317/7317 1770/7318/7318 1780/7319/7319
f 1769/7317/7317 1780/7319/7319 1779/7320/7320
f 1770/7321/7321 1771/7322/7322 1781/7323/7323
f 1770/7321/7321 1781/7323/7323 1780/7324/7324
f 1771/7325/7325 1772/7326/7326 1782/7327/7327
f 1771/7325/7325 1782/7327/7327 1781/7328/7328
f 1772/7329/7329 1773/7330/7330 1783/7331/7331
f 1772/7329/7329 1783/7331/7331 1782/7332/7332
f 1773/7333/7333 1774/7334/7334 1784/7335/7335
f 1773/7333/7333 1784/7335/7335 1783/7336/7336
f 1774/7337/7337 1775/7338/7338 1785/7339/7339
f 1774/7337/7337 1785/7339/7339 1784/7340/7340
f 1775/7341/7341 1776/7342/7342 1786/7343/7343
f 1775/7341/7341 1786/7343/7343 1785/7344/7344
f 1776/7345/7345 1768/7346/7346 1778/7347/7347
f 1776/7345/7345 1778/7347/7347 1786/7348/7348
f 1787/7349/7349 1748/7350/7350 1747/7351/7351
f 1787/7352/7352 1751/7353/7353 1748/7354/7354
f 1787/7355/7355 1753/7356/7356 1751/7357/7357
f 1787/7358/7358 1755/7359/7359 1753/7360/7360
f 1787/7361/7361 1757/7362/7362 1755/7363/7363
f 1787/7364/7364 1759/7365/7365 1757/7366/7366
f 1787/7367/7367 1761/7368/7368 1759/7369/7369
f 1787/7370/7370 1763/7371/7371 1761/7372/7372
f 1787/7373/7373 1765/7374/7374 1763/7375/7375
f 1787/7376/7376 1747/7377/7377 1765/7378/7378
f 1788/7379/7379 1778/7380/7380 1777/7381/7381
f 1788/7382/7382 1777/7383/7383 1779/7384/7384
f 1788/7385/7385 1779/7386/7386 1780/7387/7387
f 1788/7388/7388 1780/7389/7389 1781/7390/7390
f 1788/7391/7391 1781/7392/7392 1782/7393/7393
f 1788/7394/7394 1782/7395/7395 1783/7396/7396
f 1788/7397/7397 1783/7398/7398 1784/7399/7399
f 1788/7400/7400 1784/7401/7401 1785/7402/7402
f 1788/7403/7403 1785/7404/7404 1786/7405/7405
f 1788/7406/7406 1786/7407/7407 1778/7408/7408
f 1789/7409/7409 1790/7410/7410 1791/7411/7411
f 1789/7409/7409 1791/7411/7411 1792/7412/7412
f 1790/7413/7413 1793/7414/7414 1794/7415/7415
f 1790/7413/7413 1794/7415/7415 1791/7416/7416
f 1793/7417/7417 1795/7418/7418 1796/7419/7419
f 1793/7417/7417 1796/7419/7419 1794/7420/7420
f 1795/7421/7421 1797/7422/7422 1798/7423/7423
f 1795/7421/7421 1798/7423/7423 1796/7424/7424
f 1797/7425/7425 1799/7426/7426 1800/7427/7427
f 1797/7425/7425 1800/7427/7427 1798/7428/7428
f 1799/7429/7429 1801/7430/7430 1802/7431/7431
f 1799/7429/7429 1802/7431/7431 1800/7432/7432
f 1801/7433/7433 1803/7434/7434 1804/7435/7435
f 1801/7433/7433 1804/7435/7435 1802/7436/7436
f 1803/7437/7437 1805/7438/7438 1806/7439/7439
f 1803/7437/7437 1806/7439/7439 1804/7440/7440
f 1805/7441/7441 1807/7442/7442 1808/7443/7443
f 1805/7441/7441 1808/7443/7443 1806/7444/7444
f 1807/7445/7445 1809/7446/7446 1810/7447/7447
f 1807/7445/7445 1810/7447/7447 1808/7448/7448
f 1809/7449/7449 1811/7450/7450 1812/7451/7451
f 1809/7449/7449 1812/7451/7451 1810/7452/7452
f 1811/7453/7453 1789/7454/7454 1792/7455/7455
f 1811/7453/7453 1792/7455/7455 1812/7456/7456
f 1792/7457/7457 1791/7458/7458 1813/7459/7459
f 1792/7457/7457 1813/7459/7459 1814/7460/7460
f 1791/7461/7461 1794/7462/7462 1815/7463/7463
f 1791/7461/7461 1815/7463/7463 1813/7464/7464
f 1794/7465/7465 1796/7466/7466 1816/7467/7467
f 1794/7465/7465 1816/7467/7467 1815/7468/7468
f 1796/7469/7469 1798/7470/7470 1817/7471/7471
f 1796/7469/7469 1817/7471/7471 1816/7472/7472
f 1798/7473/7473 1800/7474/7474 1818/7475/7475
f 1798/7473/7473 1818/7475/7475 1817/7476/7476
f 1800/7477/7477 1802/7478/7478 1819/7479/7479
f 1800/7477/7477 1819/7479/7479 1818/7480/7480
f 1802/7481/7481 1804/7482/7482 1820/7483/7483
f 1802/7481/7481 1820/7483/7483 1819/7484/7484
f 1804/7485/7485 1806/7486/7486 1821/7487/7487
f 1804/7485/7485 1821/7487/7487 1820/7488/7488
f 1806/7489/7489 1808/7490/7490 1822/7491/7491
f 1806/7489/7489 1822/7491/7491 1821/7492/7492
f 1808/7493/7493 1810/7494/7494 1823/7495/7495
f 1808/7493/7493 1823/7495/7495 1822/7496/7496
f 1810/7497/7497 1812/7498/7498 1824/7499/7499
f 1810/7497/7497 1824/7499/7499 1823/7500/7500
f 1812/7501/7501 1792/7502/7502 1814/7503/7503
f 1812/7501/7501 1814/7503/7503 1824/7504/7504
f 1814/7505/7505 1813/7506/7506 1825/7507/7507
f 1814/7505/7505 1825/7507/7507 1826/7508/7508
f 1813/7509/7509 1815/7510/7510 1827/7511/7511
f 1813/7509/7509 1827/7511/7511 1825/7512/7512
f 1815/7513/7513 1816/7514/7514 1828/7515/7515
f 1815/7513/7513 1828/7515/7515 1827/7516/7516
f 1816/7517/7517 1817/7518/7518 1829/7519/7519
f 1816/7517/7517 1829/7519/7519 1828/7520/7520
f 1817/7521/7521 1818/7522/7522 1830/7523/7523
f 1817/7521/7521 1830/7523/7523 1829/7524/7524
f 1818/7525/7525 1819/7526/7526 1831/7527/7527
f 1818/7525/7525 1831/7527/7527 1830/7528/7528
f 1819/7529/7529 1820/7530/7530 1832/7531/7531
f 1819/7529/7529 1832/7531/7531 1831/7532/7532
f 1820/7533/7533 1821/7534/7534 1833/7535/7535
f 1820/7533/7533 1833/7535/7535 1832/7536/7536
f 1821/7537/7537 1822/7538/7538 1834/7539/7539
f 1821/7537/7537 1834/7539/7539 1833/7540/7540
f 1822/7541/7541 1823/7542/7542 1835/7543/7543
f 1822/7541/7541 1835/7543/7543 1834/7544/7544
f 1823/7545/7545 1824/7546/7546 1836/7547/7547
f 1823/7545/7545 1836/7547/7547 1835/7548/7548
f 1824/7549/7549 1814/7550/7550 1826/7551/7551
f 1824/7549/7549 1826/7551/7551 1836/7552/7552
f 1837/7553/7553 1790/7554/7554 1789/7555/7555
f 1837/7556/7556 1793/7557/7557 1790/7558/7558
f 1837/7559/7559 1795/7560/7560 1793/7561/7561
f 1837/7562/7562 1797/7563/7563 1795/7564/7564
f 1837/7565/7565 1799/7566/7566 1797/7567/7567
f 1837/7568/7568 1801/7569/7569 1799/7570/7570
f 1837/7571/7571 1803/7572/7572 1801/7573/7573
f 1837/7574/7574 1805/7575/7575 1803/7576/7576
f 1837/7577/7577 1807/7578/7578 1805/7579/7579
f 1837/7580/7580 1809/7581/7581 1807/7582/7582
f 1837/7583/7583 1811/7584/7584 1809/7585/7585
f 1837/7586/7586 1789/7587/7587 1811/7588/7588
f 1826/7589/7589 1825/7590/7590 1838/7591/7591
f 1825/7592/7592 1827/7593/7593 1838/7594/7594
f 1827/7595/7595 1828/7596/7596 1838/7597/7597
f 1828/7598/7598 1829/7599/7599 1838/7600/7600
f 1829/7601/7601 1830/7602/7602 1838/7603/7603
f 1830/7604/7604 1831/7605/7605 1838/7606/7606
f 1831/7607/7607 1832/7608/7608 1838/7609/7609
f 1832/7610/7610 1833/7611/7611 1838/7612/7612
f 1833/7613/7613 1834/7614/7614 1838/7615/7615
f 1834/7616/7616 1835/7617/7617 1838/7618/7618
f 1835/7619/7619 1836/7620/7620 1838/7621/7621
f 1836/7622/7622 1826/7623/7623 1838/7624/7624
f 1839/7625/7625 1840/7626/7626 1841/7627/7627
f 1839/7625/7625 1841/7627/7627 1842/7628/7628
f 1842/7629/7629 1841/7630/7630 1843/7631/7631
f 1842/7629/7629 1843/7631/7631 1844/7632/7632
f 1844/7633/7633 1843/7634/7634 1845/7635/7635
f 1844/7633/7633 1845/7635/7635 1846/7636/7636
f 1846/7637/7637 1845/7638/7638 1847/7639/7639
f 1846/7637/7637 1847/7639/7639 1848/7640/7640
f 1848/7641/7641 1847/7642/7642 1849/7643/7643
f 1848/7641/7641 1849/7643/7643 1850/7644/7644
f 1850/7645/7645 1849/7646/7646 1851/7647/7647
f 1850/7645/7645 1851/7647/7647 1852/7648/7648
f 1852/7649/7649 1851/7650/7650 1853/7651/7651
f 1852/7649/7649 1853/7651/7651 1854/7652/7652
f 1854/7653/7653 1853/7654/7654 1855/7655/7655
f 1854/7653/7653 1855/7655/7655 1856/7656/7656
f 1856/7657/7657 1855/7658/7658 1857/7659/7659
f 1856/7657/7657 1857/7659/7659 1858/7660/7660
f 1858/7661/7661 1857/7662/7662 1859/7663/7663
f 1858/7661/7661 1859/7663/7663 1860/7664/7664
f 1860/7665/7665 1859/7666/7666 1861/7667/7667
f 1860/7665/7665 1861/7667/7667 1862/7668/7668
f 1862/7669/7669 1861/7670/7670 1840/7671/7671
f 1862/7669/7669 1840/7671/7671 1839/7672/7672
f 1840/7673/7673 1863/7674/7674 1864/7675/7675
f 1840/7673/7673 1864/7675/7675 1841/7676/7676
f 1841/7677/7677 1864/7678/7678 1865/7679/7679
f 1841/7677/7677 1865/7679/7679 1843/7680/7680
f 1843/7681/7681 1865/7682/7682 1866/7683/7683
f 1843/7681/7681 1866/7683/7683 1845/7684/7684
f 1845/7685/7685 1866/7686/7686 1867/7687/7687
f 1845/7685/7685 1867/7687/7687 1847/7688/7688
f 1847/7689/7689 1867/7690/7690 1868/7691/7691
f 1847/7689/7689 1868/7691/7691 1849/7692/7692
f 1849/7693/7693 1868/7694/7694 1869/7695/7695
f 1849/7693/7693 1869/7695/7695 1851/7696/7696
f 1851/7697/7697 1869/7698/7698 1870/7699/7699
f 1851/7697/7697 1870/7699/7699 1853/7700/7700
f 1853/7701/7701 1870/7702/7702 1871/7703/7703
f 1853/7701/7701 1871/7703/7703 1855/7704/7704
f 1855/7705/7705 1871/7706/7706 1872/7707/7707
f 1855/7705/7705 1872/7707/7707 1857/7708/7708
f 1857/7709/7709 1872/7710/7710 1873/7711/7711
f 1857/7709/7709 1873/7711/7711 1859/7712/7712
f 1859/7713/7713 1873/7714/7714 1874/7715/7715
f 1859/7713/7713 1874/7715/7715 1861/7716/7716
f 1861/7717/7717 1874/7718/7718 1863/7719/7719
f 1861/7717/7717 1863/7719/7719 1840/7720/7720
f 1863/7721/7721 1875/7722/7722 1876/7723/7723
f 1863/7721/7721 1876/7723/7723 1864/7724/7724
f 1864/7725/7725 1876/7726/7726 1877/7727/7727
f 1864/7725/7725 1877/7727/7727 1865/7728/7728
f 1865/7729/7729 1877/7730/7730 1878/7731/7731
f 1865/7729/7729 1878/7731/7731 1866/7732/7732
f 1866/7733/7733 1878/7734/7734 1879/7735/7735
f 1866/7733/7733 1879/7735/7735 1867/7736/7736
f 1867/7737/7737 1879/7738/7738 1880/7739/7739
f 1867/7737/7737 1880/7739/7739 1868/7740/7740
f 1868/7741/7741 1880/7742/7742 1881/7743/7743
f 1868/7741/7741 1881/7743/7743 1869/7744/7744
f 1869/7745/7745 1881/7746/7746 1882/7747/7747
f 1869/7745/7745 1882/7747/7747 1870/7748/7748
f 1870/7749/7749 1882/7750/7750 1883/7751/7751
f 1870/7749/7749 1883/7751/7751 1871/7752/7752
f 1871/7753/7753 1883/7754/7754 1884/7755/7755
f 1871/7753/7753 1884/7755/7755 1872/7756/7756
f 1872/7757/7757 1884/7758/7758 1885/7759/7759
f 1872/7757/7757 1885/7759/7759 1873/7760/7760
f 1873/7761/7761 1885/7762/7762 1886/7763/7763
f 1873/7761/7761 1886/7763/7763 1874/7764/7764
f 1874/7765/7765 1886/7766/7766 1875/7767/7767
f 1874/7765/7765 1875/7767/7767 1863/7768/7768
f 1887/7769/7769 1839/7770/7770 1842/7771/7771
f 1887/7772/7772 1842/7773/7773 1844/7774/7774
f 1887/7775/7775 1844/7776/7776 1846/7777/7777
f 1887/7778/7778 1846/7779/7779 1848/7780/7780
f 1887/7781/7781 1848/7782/7782 1850/7783/7783
f 1887/7784/7784 1850/7785/7785 1852/7786/7786
f 1887/7787/7787 1852/7788/7788 1854/7789/7789
f 1887/7790/7790 1854/7791/7791 1856/7792/7792
f 1887/7793/7793 1856/7794/7794 1858/7795/7795
f 1887/7796/7796 1858/7797/7797 1860/7798/7798
f 1887/7799/7799 1860/7800/7800 1862/7801/7801
f 1887/7802/7802 1862/7803/7803 1839/7804/7804
f 1875/7805/7805 1888/7806/7806 1876/7807/7807
f 1876/7808/7808 1888/7809/7809 1877/7810/7810
f 1877/7811/7811 1888/7812/7812 1878/7813/7813
f 1878/7814/7814 1888/7815/7815 1879/7816/7816
f 1879/7817/7817 1888/7818/7818 1880/7819/7819
f 1880/7820/7820 1888/7821/7821 1881/7822/7822
f 1881/7823/7823 1888/7824/7824 1882/7825/7825
f 1882/7826/7826 1888/7827/7827 1883/7828/7828
f 1883/7829/7829 1888/7830/7830 1884/7831/7831
f 1884/7832/7832 1888/7833/7833 1885/7834/7834
f 1885/7835/7835 1888/7836/7836 1886/7837/7837
f 1886/7838/7838 1888/7839/7839 1875/7840/7840
f 1889/7841/7841 1890/7842/7842 1891/7843/7843
f 1889/7841/7841 1891/7843/7843 1892/7844/7844
f 1890/7845/7845 1893/7846/7846 1894/7847/7847
f 1890/7845/7845 1894/7847/7847 1891/7848/7848
f 1893/7849/7849 1895/7850/7850 1896/7851/7851
f 1893/7849/7849 1896/7851/7851 1894/7852/7852
f 1895/7853/7853 1897/7854/7854 1898/7855/7855
f 1895/7853/7853 1898/7855/7855 1896/7856/7856
f 1897/7857/7857 1899/7858/7858 1900/7859/7859
f 1897/7857/7857 1900/7859/7859 1898/7860/7860
f 1899/7861/7861 1901/7862/7862 1902/7863/7863
f 1899/7861/7861 1902/7863/7863 1900/7864/7864
f 1901/7865/7865 1903/7866/7866 1904/7867/7867
f 1901/7865/7865 1904/7867/7867 1902/7868/7868
f 1903/7869/7869 1905/7870/7870 1906/7871/7871
f 1903/7869/7869 1906/7871/7871 1904/7872/7872
f 1905/7873/7873 1907/7874/7874 1908/7875/7875
f 1905/7873/7873 1908/7875/7875 1906/7876/7876
f 1907/7877/7877 1909/7878/7878 1910/7879/7879
f 1907/7877/7877 1910/7879/7879 1908/7880/7880
f 1909/7881/7881 1911/7882/7882 1912/7883/7883
f 1909/7881/7881 1912/7883/7883 1910/7884/7884
f 1911/7885/7885 1889/7886/7886 1892/7887/7887
f 1911/7885/7885 1892/7887/7887 1912/7888/7888
f 1892/7889/7889 1891/7890/7890 1913/7891/7891
f 1892/7889/7889 1913/7891/7891 1914/7892/7892
f 1891/7893/7893 1894/7894/7894 1915/7895/7895
f 1891/7893/7893 1915/7895/7895 1913/7896/7896
f 1894/7897/7897 1896/7898/7898 1916/7899/7899
f 1894/7897/7897 1916/7899/7899 1915/7900/7900
f 1896/7901/7901 1898/7902/7902 1917/7903/7903
f 1896/7901/7901 1917/7903/7903 1916/7904/7904
f 1898/7905/7905 1900/7906/7906 1918/7907/7907
f 1898/7905/7905 1918/7907/7907 1917/7908/7908
f 1900/7909/7909 1902/7910/7910 1919/7911/7911
f 1900/7909/7909 1919/7911/7911 1918/7912/7912
f 1902/7913/7913 1904/7914/7914 1920/7915/7915
f 1902/7913/7913 1920/7915/7915 1919/7916/7916
f 1904/7917/7917 1906/7918/7918 1921/7919/7919
f 1904/7917/7917 1921/7919/7919 1920/7920/7920
f 1906/7921/7921 1908/7922/7922 1922/7923/7923
f 1906/7921/7921 1922/7923/7923 1921/7924/7924
f 1908/7925/7925 1910/7926/7926 1923/7927/7927
f 1908/7925/7925 1923/7927/7927 1922/7928/7928
f 1910/7929/7929 1912/7930/7930 1924/7931/7931
f 1910/7929/7929 1924/7931/7931 1923/7932/7932
f 1912/7933/7933 1892/7934/7934 1914/7935/7935
f 1912/7933/7933 1914/7935/7935 1924/7936/7936
f 1914/7937/7937 1913/7938/7938 1925/7939/7939
f 1914/7937/7937 1925/7939/7939 1926/7940/7940
f 1913/7941/7941 1915/7942/7942 1927/7943/7943
f 1913/7941/7941 1927/7943/7943 1925/7944/7944
f 1915/7945/7945 1916/7946/7946 1928/7947/7947
f 1915/7945/7945 1928/7947/7947 1927/7948/7948
f 1916/7949/7949 1917/7950/7950 1929/7951/7951
f 1916/7949/7949 1929/7951/7951 1928/7952/7952
f 1917/7953/7953 1918/7954/7954 1930/7955/7955
f 1917/7953/7953 1930/7955/7955 1929/7956/7956
f 1918/7957/7957 1919/7958/7958 1931/7959/7959
f 1918/7957/7957 1931/7959/7959 1930/7960/7960
f 1919/7961/7961 1920/7962/7962 1932/7963/7963
f 1919/7961/7961 1932/7963/7963 1931/7964/7964
f 1920/7965/7965 1921/7966/7966 1933/7967/7967
f 1920/7965/7965 1933/7967/7967 1932/7968/7968
f 1921/7969/7969 1922/7970/7970 1934/7971/7971
f 1921/7969/7969 1934/7971/7971 1933/7972/7972
f 1922/7973/7973 1923/7974/7974 1935/7975/7975
f 1922/7973/7973 1935/7975/7975 1934/7976/7976
f 1923/7977/7977 1924/7978/7978 1936/7979/7979
f 1923/7977/7977 1936/7979/7979 1935/7980/7980
f 1924/7981/7981 1914/7982/7982 1926/7983/7983
f 1924/7981/7981 1926/7983/7983 1936/7984/7984
f 1937/7985/7985 1890/7986/7986 1889/7987/7987
f 1937/7988/7988 1893/7989/7989 1890/7990/7990
f 1937/7991/7991 1895/7992/7992 1893/7993/7993
f 1937/7994/7994 1897/7995/7995 1895/7996/7996
f 1937/7997/7997 1899/7998/7998 1897/7999/7999
f 1937/8000/8000 1901/8001/8001 1899/8002/8002
f 1937/8003/8003 1903/8004/8004 1901/8005/8005
f 1937/8006/8006 1905/8007/8007 1903/8008/8008
f 1937/8009/8009 1907/8010/8010 1905/8011/8011
f 1937/8012/8012 1909/8013/8013 1907/8014/8014
f 1937/8015/8015 1911/8016/8016 1909/8017/8017
f 1937/8018/8018 1889/8019/8019 1911/8020/8020
f 1926/8021/8021 1925/8022/8022 1938/8023/8023
f 1925/8024/8024 1927/8025/8025 1938/8026/8026
f 1927/8027/8027 1928/8028/8028 1938/8029/8029
f 1928/8030/8030 1929/8031/8031 1938/8032/8032
f 1929/8033/8033 1930/8034/8034 1938/8035/8035
f 1930/8036/8036 1931/8037/8037 1938/8038/8038
f 1931/8039/8039 1932/8040/8040 1938/8041/8041
f 1932/8042/8042 1933/8043/8043 1938/8044/8044
f 1933/8045/8045 1934/8046/8046 1938/8047/8047
f 1934/8048/8048 1935/8049/8049 1938/8050/8050
f 1935/8051/8051 1936/8052/8052 1938/8053/8053
f 1936/8054/8054 1926/8055/8055 1938/8056/8056
f 1939/8057/8057 1940/8058/8058 1941/8059/8059
f 1939/8057/8057 1941/8059/8059 1942/8060/8060
f 1942/8061/8061 1941/8062/8062 1943/8063/8063
f 1942/8061/8061 1943/8063/8063 1944/8064/8064
f 1944/8065/8065 1943/8066/8066 1945/8067/8067
f 1944/8065/8065 1945/8067/8067 1946/8068/8068
f 1946/8069/8069 1945/8070/8070 1947/8071/8071
f 1946/8069/8069 1947/8071/8071 1948/8072/8072
f 1948/8073/8073 1947/8074/8074 1949/8075/8075
f 1948/8073/8073 1949/8075/8075 1950/8076/8076
f 1950/8077/8077 1949/8078/8078 1951/8079/8079
f 1950/8077/8077 1951/8079/8079 1952/8080/8080
f 1952/8081/8081 1951/8082/8082 1953/8083/8083
f 1952/8081/8081 1953/8083/8083 1954/8084/8084
f 1954/8085/8085 1953/8086/8086 1955/8087/8087
f 1954/8085/8085 1955/8087/8087 1956/8088/8088
f 1956/8089/8089 1955/8090/8090 1957/8091/8091
f 1956/8089/8089 1957/8091/8091 1958/8092/8092
f 1958/8093/8093 1957/8094/8094 1959/8095/8095
f 1958/8093/8093 1959/8095/8095 1960/8096/8096
f 1960/8097/8097 1959/8098/8098 1961/8099/8099
f 1960/8097/8097 1961/8099/8099 1962/8100/8100
f 1962/8101/8101 1961/8102/8102 1940/8103/8103
f 1962/8101/8101 1940/8103/8103 1939/8104/8104
f 1940/8105/8105 1963/8106/8106 1964/8107/8107
f 1940/8105/8105 1964/8107/8107 1941/8108/8108
f 1941/8109/8109 1964/8110/8110 1965/8111/8111
f 1941/8109/8109 1965/8111/8111 1943/8112/8112
f 1943/8113/8113 1965/8114/8114 1966/8115/8115
f 1943/8113/8113 1966/8115/8115 1945/8116/8116
f 1945/8117/8117 1966/8118/8118 1967/8119/8119
f 1945/8117/8117 1967/8119/8119 1947/8120/8120
f 1947/8121/8121 1967/8122/8122 1968/8123/8123
f 1947/8121/8121 1968/8123/8123 1949/8124/8124
f 1949/8125/8125 1968/8126/8126 1969/8127/8127
f 1949/8125/8125 1969/8127/8127 1951/8128/8128
f 1951/8129/8129 1969/8130/8130 1970/8131/8131
f 1951/8129/8129 1970/8131/8131 1953/8132/8132
f 1953/8133/8133 1970/8134/8134 1971/8135/8135
f 1953/8133/8133 1971/8135/8135 1955/8136/8136
f 1955/8137/8137 1971/8138/8138 1972/8139/8139
f 1955/8137/8137 1972/8139/8139 1957/8140/8140
f 1957/8141/8141 1972/8142/8142 1973/8143/8143
f 1957/8141/8141 1973/8143/8143 1959/8144/8144
f 1959/8145/8145 1973/8146/8146 1974/8147/8147
f 1959/8145/8145 1974/8147/8147 1961/8148/8148
f 1961/8149/8149 1974/8150/8150 1963/8151/8151
f 1961/8149/8149 1963/8151/8151 1940/8152/8152
f 1963/8153/8153 1975/8154/8154 1976/8155/8155
f 1963/8153/8153 1976/8155/8155 1964/8156/8156
f 1964/8157/8157 1976/8158/8158 1977/8159/8159
f 1964/8157/8157 1977/8159/8159 1965/8160/8160
f 1965/8161/8161 1977/8162/8162 1978/8163/8163
f 1965/8161/8161 1978/8163/8163 1966/8164/8164
f 1966/8165/8165 1978/8166/8166 1979/8167/8167
f 1966/8165/8165 1979/8167/8167 1967/8168/8168
f 1967/8169/8169 1979/8170/8170 1980/8171/8171
f 1967/8169/8169 1980/8171/8171 1968/8172/8172
f 1968/8173/8173 1980/8174/8174 1981/8175/8175
f 1968/8173/8173 1981/8175/8175 1969/8176/8176
f 1969/8177/8177 1981/8178/8178 1982/8179/8179
f 1969/8177/8177 1982/8179/8179 1970/8180/8180
f 1970/8181/8181 1982/8182/8182 1983/8183/8183
f 1970/8181/8181 1983/8183/8183 1971/8184/8184
f 1971/8185/8185 1983/8186/8186 1984/8187/8187
f 1971/8185/8185 1984/8187/8187 1972/8188/8188
f 1972/8189/8189 1984/8190/8190 1985/8191/8191
f 1972/8189/8189 1985/8191/8191 1973/8192/8192
f 1973/8193/8193 1985/8194/8194 1986/8195/8195
f 1973/8193/8193 1986/8195/8195 1974/8196/8196
f 1974/8197/8197 1986/8198/8198 1975/8199/8199
f 1974/8197/8197 1975/8199/8199 1963/8200/8200
f 1987/8201/8201 1939/8202/8202 1942/8203/8203
f 1987/8204/8204 1942/8205/8205 1944/8206/8206
f 1987/8207/8207 1944/8208/8208 1946/8209/8209
f 1987/8210/8210 1946/8211/8211 1948/8212/8212
f 1987/8213/8213 1948/8214/8214 1950/8215/8215
f 1987/8216/8216 1950/8217/8217 1952/8218/8218
f 1987/8219/8219 1952/8220/8220 1954/8221/8221
f 1987/8222/8222 1954/8223/8223 1956/8224/8224
f 1987/8225/8225 1956/8226/8226 1958/8227/8227
f 1987/8228/8228 1958/8229/8229 1960/8230/8230
f 1987/8231/8231 1960/8232/8232 1962/8233/8233
f 1987/8234/8234 1962/8235/8235 1939/8236/8236
f 1975/8237/8237 1988/8238/8238 1976/8239/8239
f 1976/8240/8240 1988/8241/8241 1977/8242/8242
f 1977/8243/8243 1988/8244/8244 1978/8245/8245
f 1978/8246/8246 1988/8247/8247 1979/8248/8248
f 1979/8249/8249 1988/8250/8250 1980/8251/8251
f 1980/8252/8252 1988/8253/8253 1981/8254/8254
f 1981/8255/8255 1988/8256/8256 1982/8257/8257
f 1982/8258/8258 1988/8259/8259 1983/8260/8260
f 1983/8261/8261 1988/8262/8262 1984/8263/8263
f 1984/8264/8264 1988/8265/8265 1985/8266/8266
f 1985/8267/8267 1988/8268/8268 1986/8269/8269
f 1986/8270/8270 1988/8271/8271 1975/8272/8272
f 1989/8273/8273 1990/8274/8274 1991/8275/8275
f 1989/8273/8273 1991/8275/8275 1992/8276/8276
f 1990/8277/8277 1993/8278/8278 1994/8279/8279
f 1990/8277/8277 1994/8279/8279 1991/8280/8280
f 1993/8281/8281 1995/8282/8282 1996/8283/8283
f 1993/8281/8281 1996/8283/8283 1994/8284/8284
f 1995/8285/8285 1997/8286/8286 1998/8287/8287
f 1995/8285/8285 1998/8287/8287 1996/8288/8288
f 1997/8289/8289 1999/8290/8290 2000/8291/8291
f 1997/8289/8289 2000/8291/8291 1998/8292/8292
f 1999/8293/8293 2001/8294/8294 2002/8295/8295
f 1999/8293/8293 2002/8295/8295 2000/8296/8296
f 2001/8297/8297 2003/8298/8298 2004/8299/8299
f 2001/8297/8297 2004/8299/8299 2002/8300/8300
f 2003/8301/8301 2005/8302/8302 2006/8303/8303
f 2003/8301/8301 2006/8303/8303 2004/8304/8304
f 2005/8305/8305 2007/8306/8306 2008/8307/8307
f 2005/8305/8305 2008/8307/8307 2006/8308/8308
f 2007/8309/8309 2009/8310/8310 2010/8311/8311
f 2007/8309/8309 2010/8311/8311 2008/8312/8312
f 2009/8313/8313 2011/8314/8314 2012/8315/8315
f 2009/8313/8313 2012/8315/8315 2010/8316/8316
f 2011/8317/8317 1989/8318/8318 1992/8319/8319
f 2011/8317/8317 1992/8319/8319 2012/8320/8320
f 1992/8321/8321 1991/8322/8322 2013/8323/8323
f 1992/8321/8321 2013/8323/8323 2014/8324/8324
f 1991/8325/8325 1994/8326/8326 2015/8327/8327
f 1991/8325/8325 2015/8327/8327 2013/8328/8328
f 1994/8329/8329 1996/8330/8330 2016/8331/8331
f 1994/8329/8329 2016/8331/8331 2015/8332/8332
f 1996/8333/8333 1998/8334/8334 2017/8335/8335
f 1996/8333/8333 2017/8335/8335 2016/8336/8336
f 1998/8337/8337 2000/8338/8338 2018/8339/8339
f 1998/8337/8337 2018/8339/8339 2017/8340/8340
f 2000/8341/8341 2002/8342/8342 2019/8343/8343
f 2000/8341/8341 2019/8343/8343 2018/8344/8344
f 2002/8345/8345 2004/8346/8346 2020/8347/8347
f 2002/8345/8345 2020/8347/8347 2019/8348/8348
f 2004/8349/8349 2006/8350/8350 2021/8351/8351
f 2004/8349/8349 2021/8351/8351 2020/8352/8352
f 2006/8353/8353 2008/8354/8354 2022/8355/8355
f 2006/8353/8353 2022/8355/8355 2021/8356/8356
f 2008/8357/8357 2010/8358/8358 2023/8359/8359
f 2008/8357/8357 2023/8359/8359 2022/8360/8360
f 2010/8361/8361 2012/8362/8362 2024/8363/8363
f 2010/8361/8361 2024/8363/8363 2023/8364/8364
f 2012/8365/8365 1992/8366/8366 2014/8367/8367
f 2012/8365/8365 2014/8367/8367 2024/8368/8368
f 2014/8369/8369 2013/8370/8370 2025/8371/8371
f 2014/8369/8369 2025/8371/8371 2026/8372/8372
f 2013/8373/8373 2015/8374/8374 2027/8375/8375
f 2013/8373/8373 2027/8375/8375 2025/8376/8376
f 2015/8377/8377 2016/8378/8378 2028/8379/8379
f 2015/8377/8377 2028/8379/8379 2027/8380/8380
f 2016/8381/8381 2017/8382/8382 2029/8383/8383
f 2016/8381/8381 2029/8383/8383 2028/8384/8384
f 2017/8385/8385 2018/8386/8386 2030/8387/8387
f 2017/8385/8385 2030/8387/8387 2029/8388/8388
f 2018/8389/8389 2019/8390/8390 2031/8391/8391
f 2018/8389/8389 2031/8391/8391 2030/8392/8392
f 2019/8393/8393 2020/8394/8394 2032/8395/8395
f 2019/8393/8393 2032/8395/8395 2031/8396/8396
f 2020/8397/8397 2021/8398/8398 2033/8399/8399
f 2020/8397/8397 2033/8399/8399 2032/8400/8400
f 2021/8401/8401 2022/8402/8402 2034/8403/8403
f 2021/8401/8401 2034/8403/8403 2033/8404/8404
f 2022/8405/8405 2023/8406/8406 2035/8407/8407
f 2022/8405/8405 2035/8407/8407 2034/8408/8408
f 2023/8409/8409 2024/8410/8410 2036/8411/8411
f 2023/8409/8409 2036/8411/8411 2035/8412/8412
f 2024/8413/8413 2014/8414/8414 2026/8415/8415
f 2024/8413/8413 2026/8415/8415 2036/8416/8416
f 2037/8417/8417 1990/8418/8418 1989/8419/8419
f 2037/8420/8420 1993/8421/8421 1990/8422/8422
f 2037/8423/8423 1995/8424/8424 1993/8425/8425
f 2037/8426/8426 1997/8427/8427 1995/8428/8428
f 2037/8429/8429 1999/8430/8430 1997/8431/8431
f 2037/8432/8432 2001/8433/8433 1999/8434/8434
f 2037/8435/8435 2003/8436/8436 2001/8437/8437
f 2037/8438/8438 2005/8439/8439 2003/8440/8440
f 2037/8441/8441 2007/8442/8442 2005/8443/8443
f 2037/8444/8444 2009/8445/8445 2007/8446/8446
f 2037/8447/8447 2011/8448/8448 2009/8449/8449
f 2037/8450/8450 1989/8451/8451 2011/8452/8452
f 2026/8453/8453 2025/8454/8454 2038/8455/8455
f 2025/8456/8456 2027/8457/8457 2038/8458/8458
f 2027/8459/8459 2028/8460/8460 2038/8461/8461
f 2028/8462/8462 2029/8463/8463 2038/8464/8464
f 2029/8465/8465 2030/8466/8466 2038/8467/8467
f 2030/8468/8468 2031/8469/8469 2038/8470/8470
f 2031/8471/8471 2032/8472/8472 2038/8473/8473
f 2032/8474/8474 2033/8475/8475 2038/8476/8476
f 2033/8477/8477 2034/8478/8478 2038/8479/8479
f 2034/8480/8480 2035/8481/8481 2038/8482/8482
f 2035/8483/8483 2036/8484/8484 2038/8485/8485
f 2036/8486/8486 2026/8487/8487 2038/8488/8488
f 2039/8489/8489 2040/8490/8490 2041/8491/8491
f 2039/8489/8489 2041/8491/8491 2042/8492/8492
f 2042/8493/8493 2041/8494/8494 2043/8495/8495
f 2042/8493/8493 2043/8495/8495 2044/8496/8496
f 2044/8497/8497 2043/8498/8498 2045/8499/8499
f 2044/8497/8497 2045/8499/8499 2046/8500/8500
f 2046/8501/8501 2045/8502/8502 2047/8503/8503
f 2046/8501/8501 2047/8503/8503 2048/8504/8504
f 2048/8505/8505 2047/8506/8506 2049/8507/8507
f 2048/8505/8505 2049/8507/8507 2050/8508/8508
f 2050/8509/8509 2049/8510/8510 2051/8511/8511
f 2050/8509/8509 2051/8511/8511 2052/8512/8512
f 2052/8513/8513 2051/8514/8514 2053/8515/8515
f 2052/8513/8513 2053/8515/8515 2054/8516/8516
f 2054/8517/8517 2053/8518/8518 2055/8519/8519
f 2054/8517/8517 2055/8519/8519 2056/8520/8520
f 2056/8521/8521 2055/8522/8522 2057/8523/8523
f 2056/8521/8521 2057/8523/8523 2058/8524/8524
f 2058/8525/8525 2057/8526/8526 2059/8527/8527
f 2058/8525/8525 2059/8527/8527 2060/8528/8528
f 2060/8529/8529 2059/8530/8530 2061/8531/8531
f 2060/8529/8529 2061/8531/8531 2062/8532/8532
f 2062/8533/8533 2061/8534/8534 2040/8535/8535
f 2062/8533/8533 2040/8535/8535 2039/8536/8536
f 2040/8537/8537 2063/8538/8538 2064/8539/8539
f 2040/8537/8537 2064/8539/8539 2041/8540/8540
f 2041/8541/8541 2064/8542/8542 2065/8543/8543
f 2041/8541/8541 2065/8543/8543 2043/8544/8544
f 2043/8545/8545 2065/8546/8546 2066/8547/8547
f 2043/8545/8545 2066/8547/8547 2045/8548/8548
f 2045/8549/8549 2066/8550/8550 2067/8551/8551
f 2045/8549/8549 2067/8551/8551 2047/8552/8552
f 2047/8553/8553 2067/8554/8554 2068/8555/8555
f 2047/8553/8553 2068/8555/8555 2049/8556/8556
f 2049/8557/8557 2068/8558/8558 2069/8559/8559
f 2049/8557/8557 2069/8559/8559 2051/8560/8560
f 2051/8561/8561 2069/8562/8562 2070/8563/8563
f 2051/8561/8561 2070/8563/8563 2053/8564/8564
f 2053/8565/8565 2070/8566/8566 2071/8567/8567
f 2053/8565/8565 2071/8567/8567 2055/8568/8568
f 2055/8569/8569 2071/8570/8570 2072/8571/8571
f 2055/8569/8569 2072/8571/8571 2057/8572/8572
f 2057/8573/8573 2072/8574/8574 2073/8575/8575
f 2057/8573/8573 2073/8575/8575 2059/8576/8576
f 2059/8577/8577 2073/8578/8578 2074/8579/8579
f 2059/8577/8577 2074/8579/8579 2061/8580/8580
f 2061/8581/8581 2074/8582/8582 2063/8583/8583
f 2061/8581/8581 2063/8583/8583 2040/8584/8584
f 2063/8585/8585 2075/8586/8586 2076/8587/8587
f 2063/8585/8585 2076/8587/8587 2064/8588/8588
f 2064/8589/8589 2076/8590/8590 2077/8591/8591
f 2064/8589/8589 2077/8591/8591 2065/8592/8592
f 2065/8593/8593 2077/8594/8594 2078/8595/8595
f 2065/8593/8593 2078/8595/8595 2066/8596/8596
f 2066/8597/8597 2078/8598/8598 2079/8599/8599
f 2066/8597/8597 2079/8599/8599 2067/8600/8600
f 2067/8601/8601 2079/8602/8602 2080/8603/8603
f 2067/8601/8601 2080/8603/8603 2068/8604/8604
f 2068/8605/8605 2080/8606/8606 2081/8607/8607
f 2068/8605/8605 2081/8607/8607 2069/8608/8608
f 2069/8609/8609 2081/8610/8610 2082/8611/8611
f 2069/8609/8609 2082/8611/8611 2070/8612/8612
f 2070/8613/8613 2082/8614/8614 2083/8615/8615
f 2070/8613/8613 2083/8615/8615 2071/8616/8616
f 2071/8617/8617 2083/8618/8618 2084/8619/8619
f 2071/8617/8617 2084/8619/8619 2072/8620/8620
f 2072/8621/8621 2084/8622/8622 2085/8623/8623
f 2072/8621/8621 2085/8623/8623 2073/8624/8624
f 2073/8625/8625 2085/8626/8626 2086/8627/8627
f 2073/8625/8625 2086/8627/8627 2074/8628/8628
f 2074/8629/8629 2086/8630/8630 2075/8631/8631
f 2074/8629/8629 2075/8631/8631 2063/8632/8632
f 2087/8633/8633 2039/8634/8634 2042/8635/8635
f 2087/8636/8636 2042/8637/8637 2044/8638/8638
f 2087/8639/8639 2044/8640/8640 2046/8641/8641
f 2087/8642/8642 2046/8643/8643 2048/8644/8644
f 2087/8645/8645 2048/8646/8646 2050/8647/8647
f 2087/8648/8648 2050/8649/8649 2052/8650/8650
f 2087/8651/8651 2052/8652/8652 2054/8653/8653
f 2087/8654/8654 2054/8655/8655 2056/8656/8656
f 2087/8657/8657 2056/8658/8658 2058/8659/8659
f 2087/8660/8660 2058/8661/8661 2060/8662/8662
f 2087/8663/8663 2060/8664/8664 2062/8665/8665
f 2087/8666/8666 2062/8667/8667 2039/8668/8668
f 2075/8669/8669 2088/8670/8670 2076/8671/8671
f 2076/8672/8672 2088/8673/8673 2077/8674/8674
f 2077/8675/8675 2088/8676/8676 2078/8677/8677
f 2078/8678/8678 2088/8679/8679 2079/8680/8680
f 2079/8681/8681 2088/8682/8682 2080/8683/8683
f 2080/8684/8684 2088/8685/8685 2081/8686/8686
f 2081/8687/8687 2088/8688/8688 2082/8689/8689
f 2082/8690/8690 2088/8691/8691 2083/8692/8692
f 2083/8693/8693 2088/8694/8694 2084/8695/8695
f 2084/8696/8696 2088/8697/8697 2085/8698/8698
f 2085/8699/8699 2088/8700/8700 2086/8701/8701
f 2086/8702/8702 2088/8703/8703 2075/8704/8704
f 2089/8705/8705 2090/8706/8706 2091/8707/8707
f 2089/8705/8705 2091/8707/8707 2092/8708/8708
f 2090/8709/8709 2093/8710/8710 2094/8711/8711
f 2090/8709/8709 2094/8711/8711 2091/8712/8712
f 2093/8713/8713 2095/8714/8714 2096/8715/8715
f 2093/8713/8713 2096/8715/8715 2094/8716/8716
f 2095/8717/8717 2097/8718/8718 2098/8719/8719
f 2095/8717/8717 2098/8719/8719 2096/8720/8720
f 2097/8721/8721 2099/8722/8722 2100/8723/8723
f 2097/8721/8721 2100/8723/8723 2098/8724/8724
f 2099/8725/8725 2101/8726/8726 2102/8727/8727
f 2099/8725/8725 2102/8727/8727 2100/8728/8728
f 2101/8729/8729 2103/8730/8730 2104/8731/8731
f 2101/8729/8729 2104/8731/8731 2102/8732/8732
f 2103/8733/8733 2105/8734/8734 2106/8735/8735
f 2103/8733/8733 2106/8735/8735 2104/8736/8736
f 2105/8737/8737 2107/8738/8738 2108/8739/8739
f 2105/8737/8737 2108/8739/8739 2106/8740/8740
f 2107/8741/8741 2109/8742/8742 2110/8743/8743
f 2107/8741/8741 2110/8743/8743 2108/8744/8744
f 2109/8745/8745 2111/8746/8746 2112/8747/8747
f 2109/8745/8745 2112/8747/8747 2110/8748/8748
f 2111/8749/8749 2089/8750/8750 2092/8751/8751
f 2111/8749/8749 2092/8751/8751 2112/8752/8752
f 2092/8753/8753 2091/8754/8754 2113/8755/8755
f 2092/8753/8753 2113/8755/8755 2114/8756/8756
f 2091/8757/8757 2094/8758/8758 2115/8759/8759
f 2091/8757/8757 2115/8759/8759 2113/8760/8760
f 2094/8761/8761 2096/8762/8762 2116/8763/8763
f 2094/8761/8761 2116/8763/8763 2115/8764/8764
f 2096/8765/8765 2098/8766/8766 2117/8767/8767
f 2096/8765/8765 2117/8767/8767 2116/8768/8768
f 2098/8769/8769 2100/8770/8770 2118/8771/8771
f 2098/8769/8769 2118/8771/8771 2117/8772/8772
f 2100/8773/8773 2102/8774/8774 2119/8775/8775
f 2100/8773/8773 2119/8775/8775 2118/8776/8776
f 2102/8777/8777 2104/8778/8778 2120/8779/8779
f 2102/8777/8777 2120/8779/8779 2119/8780/8780
f 2104/8781/8781 2106/8782/8782 2121/8783/8783
f 2104/8781/8781 2121/8783/8783 2120/8784/8784
f 2106/8785/8785 2108/8786/8786 2122/8787/8787
f 2106/8785/8785 2122/8787/8787 2121/8788/8788
f 2108/8789/8789 2110/8790/8790 2123/8791/8791
f 2108/8789/8789 2123/8791/8791 2122/8792/8792
f 2110/8793/8793 2112/8794/8794 2124/8795/8795
f 2110/8793/8793 2124/8795/8795 2123/8796/8796
f 2112/8797/8797 2092/8798/8798 2114/8799/8799
f 2112/8797/8797 2114/8799/8799 2124/8800/8800
f 2114/8801/8801 2113/8802/8802 2125/8803/8803
f 2114/8801/8801 2125/8803/8803 2126/8804/8804
f 2113/8805/8805 2115/8806/8806 2127/8807/8807
f 2113/8805/8805 2127/8807/8807 2125/8808/8808
f 2115/8809/8809 2116/8810/8810 2128/8811/8811
f 2115/8809/8809 2128/8811/8811 2127/8812/8812
f 2116/8813/8813 2117/8814/8814 2129/8815/8815
f 2116/8813/8813 2129/8815/8815 2128/8816/8816
f 2117/8817/8817 2118/8818/8818 2130/8819/8819
f 2117/8817/8817 2130/8819/8819 2129/8820/8820
f 2118/8821/8821 2119/8822/8822 2131/8823/8823
f 2118/8821/8821 2131/8823/8823 2130/8824/8824
f 2119/8825/8825 2120/8826/8826 2132/8827/8827
f 2119/8825/8825 2132/8827/8827 2131/8828/8828
f 2120/8829/8829 2121/8830/8830 2133/8831/8831
f 2120/8829/8829 2133/8831/8831 2132/8832/8832
f 2121/8833/8833 2122/8834/8834 2134/8835/8835
f 2121/8833/8833 2134/8835/8835 2133/8836/8836
f 2122/8837/8837 2123/8838/8838 2135/8839/8839
f 2122/8837/8837 2135/8839/8839 2134/8840/8840
f 2123/8841/8841 2124/8842/8842 2136/8843/8843
f 2123/8841/8841 2136/8843/8843 2135/8844/8844
f 2124/8845/8845 2114/8846/8846 2126/8847/8847
f 2124/8845/8845 2126/8847/8847 2136/8848/8848
f 2137/8849/8849 2090/8850/8850 2089/8851/8851
f 2137/8852/8852 2093/8853/8853 2090/8854/8854
f 2137/8855/8855 2095/8856/8856 2093/8857/8857
f 2137/8858/8858 2097/8859/8859 2095/8860/8860
f 2137/8861/8861 2099/8862/8862 2097/8863/8863
f 2137/8864/8864 2101/8865/8865 2099/8866/8866
f 2137/8867/8867 2103/8868/8868 2101/8869/8869
f 2137/8870/8870 2105/8871/8871 2103/8872/8872
f 2137/8873/8873 2107/8874/8874 2105/8875/8875
f 2137/8876/8876 2109/8877/8877 2107/8878/8878
f 2137/8879/8879 2111/8880/8880 2109/8881/8881
f 2137/8882/8882 2089/8883/8883 2111/8884/8884
f 2126/8885/8885 2125/8886/8886 2138/8887/8887
f 2125/8888/8888 2127/8889/8889 2138/8890/8890
f 2127/8891/8891 2128/8892/8892 2138/8893/8893
f 2128/8894/8894 2129/8895/8895 2138/8896/8896
f 2129/8897/8897 2130/8898/8898 2138/8899/8899
f 2130/8900/8900 2131/8901/8901 2138/8902/8902
f 2131/8903/8903 2132/8904/8904 2138/8905/8905
f 2132/8906/8906 2133/8907/8907 2138/8908/8908
f 2133/8909/8909 2134/8910/8910 2138/8911/8911
f 2134/8912/8912 2135/8913/8913 2138/8914/8914
f 2135/8915/8915 2136/8916/8916 2138/8917/8917
f 2136/8918/8918 2126/8919/8919 2138/8920/8920
f 2139/8921/8921 2140/8922/8922 2141/8923/8923
f 2139/8921/8921 2141/8923/8923 2142/8924/8924
f 2142/8925/8925 2141/8926/8926 2143/8927/8927
f 2142/8925/8925 2143/8927/8927 2144/8928/8928
f 2144/8929/8929 2143/8930/8930 2145/8931/8931
f 2144/8929/8929 2145/8931/8931 2146/8932/8932
f 2146/8933/8933 2145/8934/8934 2147/8935/8935
f 2146/8933/8933 2147/8935/8935 2148/8936/8936
f 2148/8937/8937 2147/8938/8938 2149/8939/8939
f 2148/8937/8937 2149/8939/8939 2150/8940/8940
f 2150/8941/8941 2149/8942/8942 2151/8943/8943
f 2150/8941/8941 2151/8943/8943 2152/8944/8944
f 2152/8945/8945 2151/8946/8946 2153/8947/8947
f 2152/8945/8945 2153/8947/8947 2154/8948/8948
f 2154/8949/8949 2153/8950/8950 2155/8951/8951
f 2154/8949/8949 2155/8951/8951 2156/8952/8952
f 2156/8953/8953 2155/8954/8954 2157/8955/8955
f 2156/8953/8953 2157/8955/8955 2158/8956/8956
f 2158/8957/8957 2157/8958/8958 2159/8959/8959
f 2158/8957/8957 2159/8959/8959 2160/8960/8960
f 2160/8961/8961 2159/8962/8962 2161/8963/8963
f 2160/8961/8961 2161/8963/8963 2162/8964/8964
f 2162/8965/8965 2161/8966/8966 2140/8967/8967
f 2162/8965/8965 2140/8967/8967 2139/8968/8968
f 2140/8969/8969 2163/8970/8970 2164/8971/8971
f 2140/8969/8969 2164/8971/8971 2141/8972/8972
f 2141/8973/8973 2164/8974/8974 2165/8975/8975
f 2141/8973/8973 2165/8975/8975 2143/8976/8976
f 2143/8977/8977 2165/8978/8978 2166/8979/8979
f 2143/8977/8977 2166/8979/8979 2145/8980/8980
f 2145/8981/8981 2166/8982/8982 2167/8983/8983
f 2145/8981/8981 2167/8983/8983 2147/8984/8984
f 2147/8985/8985 2167/8986/8986 2168/8987/8987
f 2147/8985/8985 2168/8987/8987 2149/8988/8988
f 2149/8989/8989 2168/8990/8990 2169/8991/8991
f 2149/8989/8989 2169/8991/8991 2151/8992/8992
f 2151/8993/8993 2169/8994/8994 2170/8995/8995
f 2151/8993/8993 2170/8995/8995 2153/8996/8996
f 2153/8997/8997 2170/8998/8998 2171/8999/8999
f 2153/8997/8997 2171/8999/8999 2155/9000/9000
f 2155/9001/9001 2171/9002/9002 2172/9003/9003
f 2155/9001/9001 2172/9003/9003 2157/9004/9004
f 2157/9005/9005 2172/9006/9006 2173/9007/9007
f 2157/9005/9005 2173/9007/9007 2159/9008/9008
f 2159/9009/9009 2173/9010/9010 2174/9011/9011
f 2159/9009/9009 2174/9011/9011 2161/9012/9012
f 2161/9013/9013 2174/9014/9014 2163/9015/9015
f 2161/9013/9013 2163/9015/9015 2140/9016/9016
f 2163/9017/9017 2175/9018/9018 2176/9019/9019
f 2163/9017/9017 2176/9019/9019 2164/9020/9020
f 2164/9021/9021 2176/9022/9022 2177/9023/9023
f 2164/9021/9021 2177/9023/9023 2165/9024/9024
f 2165/9025/9025 2177/9026/9026 2178/9027/9027
f 2165/9025/9025 2178/9027/9027 2166/9028/9028
f 2166/9029/9029 2178/9030/9030 2179/9031/9031
f 2166/9029/9029 2179/9031/9031 2167/9032/9032
f 2167/9033/9033 2179/9034/9034 2180/9035/9035
f 2167/9033/9033 2180/9035/9035 2168/9036/9036
f 2168/9037/9037 2180/9038/9038 2181/9039/9039
f 2168/9037/9037 2181/9039/9039 2169/9040/9040
f 2169/9041/9041 2181/9042/9042 2182/9043/9043
f 2169/9041/9041 2182/9043/9043 2170/9044/9044
f 2170/9045/9045 2182/9046/9046 2183/9047/9047
f 2170/9045/9045 2183/9047/9047 2171/9048/9048
f 2171/9049/9049 2183/9050/9050 2184/9051/9051
f 2171/9049/9049 2184/9051/9051 2172/9052/9052
f 2172/9053/9053 2184/9054/9054 2185/9055/9055
f 2172/9053/9053 2185/9055/9055 2173/9056/9056
f 2173/9057/9057 2185/9058/9058 2186/9059/9059
f 2173/9057/9057 2186/9059/9059 2174/9060/9060
f 2174/9061/9061 2186/9062/9062 2175/9063/9063
f 2174/9061/9061 2175/9063/9063 2163/9064/9064
f 2187/9065/9065 2139/9066/9066 2142/9067/9067
f 2187/9068/9068 2142/9069/9069 2144/9070/9070
f 2187/9071/9071 2144/9072/9072 2146/9073/9073
f 2187/9074/9074 2146/9075/9075 2148/9076/9076
f 2187/9077/9077 2148/9078/9078 2150/9079/9079
f 2187/9080/9080 2150/9081/9081 2152/9082/9082
f 2187/9083/9083 2152/9084/9084 2154/9085/9085
f 2187/9086/9086 2154/9087/9087 2156/9088/9088
f 2187/9089/9089 2156/9090/9090 2158/9091/9091
f 2187/9092/9092 2158/9093/9093 2160/9094/9094
f 2187/9095/9095 2160/9096/9096 2162/9097/9097
f 2187/9098/9098 2162/9099/9099 2139/9100/9100
f 2175/9101/9101 2188/9102/9102 2176/9103/9103
f 2176/9104/9104 2188/9105/9105 2177/9106/9106
f 2177/9107/9107 2188/9108/9108 2178/9109/9109
f 2178/9110/9110 2188/9111/9111 2179/9112/9112
f 2179/9113/9113 2188/9114/9114 2180/9115/9115
f 2180/9116/9116 2188/9117/9117 2181/9118/9118
f 2181/9119/9119 2188/9120/9120 2182/9121/9121
f 2182/9122/9122 2188/9123/9123 2183/9124/9124
f 2183/9125/9125 2188/9126/9126 2184/9127/9127
f 2184/9128/9128 2188/9129/9129 2185/9130/9130
f 2185/9131/9131 2188/9132/9132 2186/9133/9133
f 2186/9134/9134 2188/9135/9135 2175/9136/9136
