mtllib spaceship_fastElite.mtl
o spaceship_fastElite
v -0.02887500 0.00366080 2.67499995
v -0.02646875 0.02090320 2.67499995
v -0.08080283 0.02573021 2.60448599
v -0.08814853 0.00559080 2.60448599
v -0.02887500 -0.01267200 2.67499995
v -0.08814853 -0.01823932 2.60448599
v -0.08080283 -0.03358375 2.60448599
v -0.02646875 -0.02632086 2.67499995
v -0.02406250 0.03785058 2.67499995
v -0.07345711 0.04552511 2.60448599
v -0.07345711 -0.04866569 2.60448599
v -0.02406250 -0.03973618 2.67499995
v -0.02165625 0.05421298 2.67499995
v -0.06611140 0.06463665 2.60448599
v -0.06611140 -0.06322697 2.60448599
v -0.02165625 -0.05268844 2.67499995
v -0.01925000 0.06971040 2.67499995
v -0.05876569 0.08273792 2.60448599
v -0.05876569 -0.07701851 2.60448599
v -0.01925000 -0.06495600 2.67499995
v -0.01684375 0.08407770 2.67499995
v -0.05141998 0.09951919 2.60448599
v -0.05141998 -0.08980434 2.60448599
v -0.01684375 -0.07632897 2.67499995
v -0.01443750 0.09706905 2.67499995
v -0.04407427 0.11469331 2.60448599
v -0.04407427 -0.10136566 2.60448599
v -0.01443750 -0.08661275 2.67499995
v -0.01203125 0.10846215 2.67499995
v -0.03672855 0.12800066 2.60448599
v -0.03672855 -0.11150467 2.60448599
v -0.01203125 -0.09563138 2.67499995
v -0.00962500 0.11806207 2.67499995
v -0.02938285 0.13921352 2.60448599
v -0.02938285 -0.12004788 2.60448599
v -0.00962500 -0.10323054 2.67499995
v -0.00721875 0.12570456 2.67499995
v -0.02203713 0.14814007 2.60448599
v -0.02203713 -0.12684911 2.60448599
v -0.00721875 -0.10928024 2.67499995
v -0.00481250 0.13125883 2.67499995
v -0.01469142 0.15462758 2.60448599
v -0.01469142 -0.13179201 2.60448599
v -0.00481250 -0.11367694 2.67499995
v -0.00240625 0.13462989 2.67499995
v -0.00734571 0.15856503 2.60448599
v -0.00734571 -0.13479200 2.60448599
v -0.00240625 -0.11634541 2.67499995
v 0.00000000 0.13576001 2.67499995
v 0.00000000 0.15988503 2.60448599
v 0.00000000 -0.13579772 2.60448599
v 0.00000000 -0.11724000 2.67499995
v 0.00240625 0.13462989 2.67499995
v 0.00734571 0.15856503 2.60448599
v 0.00734571 -0.13479200 2.60448599
v 0.00240625 -0.11634541 2.67499995
v 0.00481250 0.13125883 2.67499995
v 0.01469142 0.15462758 2.60448599
v 0.01469142 -0.13179201 2.60448599
v 0.00481250 -0.11367694 2.67499995
v 0.00721875 0.12570456 2.67499995
v 0.02203713 0.14814007 2.60448599
v 0.02203713 -0.12684911 2.60448599
v 0.00721875 -0.10928024 2.67499995
v 0.00962500 0.11806207 2.67499995
v 0.02938285 0.13921352 2.60448599
v 0.02938285 -0.12004788 2.60448599
v 0.00962500 -0.10323054 2.67499995
v 0.01203125 0.10846215 2.67499995
v 0.03672855 0.12800066 2.60448599
v 0.03672855 -0.11150467 2.60448599
v 0.01203125 -0.09563138 2.67499995
v 0.01443750 0.09706905 2.67499995
v 0.04407427 0.11469331 2.60448599
v 0.04407427 -0.10136566 2.60448599
v 0.01443750 -0.08661275 2.67499995
v 0.01684375 0.08407770 2.67499995
v 0.05141998 0.09951919 2.60448599
v 0.05141998 -0.08980434 2.60448599
v 0.01684375 -0.07632897 2.67499995
v 0.01925000 0.06971040 2.67499995
v 0.05876569 0.08273792 2.60448599
v 0.05876569 -0.07701851 2.60448599
v 0.01925000 -0.06495600 2.67499995
v 0.02165625 0.05421298 2.67499995
v 0.06611140 0.06463665 2.60448599
v 0.06611140 -0.06322697 2.60448599
v 0.02165625 -0.05268844 2.67499995
v 0.02406250 0.03785058 2.67499995
v 0.07345711 0.04552511 2.60448599
v 0.07345711 -0.04866569 2.60448599
v 0.02406250 -0.03973618 2.67499995
v 0.02646875 0.02090320 2.67499995
v 0.08080283 0.02573021 2.60448599
v 0.08080283 -0.03358375 2.60448599
v 0.02646875 -0.02632086 2.67499995
v 0.02887500 0.00366080 2.67499995
v 0.08814853 0.00559080 2.60448599
v 0.08814853 -0.01823932 2.60448599
v 0.02887500 -0.01267200 2.67499995
v -0.21197689 0.03738372 2.43424988
v -0.23124750 0.01025024 2.43424988
v -0.23124750 -0.03168000 2.43424988
v -0.21197689 -0.05111796 2.43424988
v -0.19270624 0.06405297 2.43424988
v -0.19270624 -0.07022335 2.43424988
v -0.17343563 0.08980161 2.43424988
v -0.17343563 -0.08866923 2.43424988
v -0.15416500 0.11418911 2.43424988
v -0.15416500 -0.10614000 2.43424988
v -0.13489437 0.13679820 2.43424988
v -0.13489437 -0.12233676 2.43424988
v -0.11562375 0.15724202 2.43424988
v -0.11562375 -0.13698235 2.43424988
v -0.09635312 0.17517075 2.43424988
v -0.09635312 -0.14982620 2.43424988
v -0.07708250 0.19027765 2.43424988
v -0.07708250 -0.16064851 2.43424988
v -0.05781187 0.20230424 2.43424988
v -0.05781187 -0.16926415 2.43424988
v -0.03854125 0.21104473 2.43424988
v -0.03854125 -0.17552570 2.43424988
v -0.01927062 0.21634957 2.43424988
v -0.01927062 -0.17932598 2.43424988
v 0.00000000 0.21812800 2.43424988
v 0.00000000 -0.18060002 2.43424988
v 0.01927062 0.21634957 2.43424988
v 0.01927062 -0.17932598 2.43424988
v 0.03854125 0.21104473 2.43424988
v 0.03854125 -0.17552570 2.43424988
v 0.05781187 0.20230424 2.43424988
v 0.05781187 -0.16926415 2.43424988
v 0.07708250 0.19027765 2.43424988
v 0.07708250 -0.16064851 2.43424988
v 0.09635312 0.17517075 2.43424988
v 0.09635312 -0.14982620 2.43424988
v 0.11562375 0.15724202 2.43424988
v 0.11562375 -0.13698235 2.43424988
v 0.13489437 0.13679820 2.43424988
v 0.13489437 -0.12233676 2.43424988
v 0.15416500 0.11418911 2.43424988
v 0.15416500 -0.10614000 2.43424988
v 0.17343563 0.08980161 2.43424988
v 0.17343563 -0.08866923 2.43424988
v 0.19270624 0.06405297 2.43424988
v 0.19270624 -0.07022335 2.43424988
v 0.21197689 0.03738372 2.43424988
v 0.21197689 -0.05111796 2.43424988
v 0.23124750 0.01025024 2.43424988
v 0.23124750 -0.03168000 2.43424988
v -0.34315097 0.04903717 2.26401401
v -0.37434649 0.01490968 2.26401401
v -0.37434649 -0.04512069 2.26401401
v -0.34315097 -0.06865213 2.26401401
v -0.31195539 0.08258088 2.26401401
v -0.31195539 -0.09178104 2.26401401
v -0.28075987 0.11496658 2.26401401
v -0.28075987 -0.11411148 2.26401401
v -0.24956433 0.14564031 2.26401401
v -0.24956433 -0.13526149 2.26401401
v -0.21836878 0.17407721 2.26401401
v -0.21836878 -0.15486918 2.26401401
v -0.18717325 0.19979072 2.26401401
v -0.18717325 -0.17259905 2.26401401
v -0.15597770 0.22234088 2.26401401
v -0.15597770 -0.18814772 2.26401401
v -0.12478217 0.24134180 2.26401401
v -0.12478217 -0.20124915 2.26401401
v -0.09358662 0.25646842 2.26401401
v -0.09358662 -0.21167919 2.26401401
v -0.06239108 0.26746190 2.26401401
v -0.06239108 -0.21925935 2.26401401
v -0.03119554 0.27413413 2.26401401
v -0.03119554 -0.22385997 2.26401401
v 0.00000000 0.27637097 2.26401401
v 0.00000000 -0.22540230 2.26401401
v 0.03119554 0.27413413 2.26401401
v 0.03119554 -0.22385997 2.26401401
v 0.06239108 0.26746190 2.26401401
v 0.06239108 -0.21925935 2.26401401
v 0.09358662 0.25646842 2.26401401
v 0.09358662 -0.21167919 2.26401401
v 0.12478217 0.24134180 2.26401401
v 0.12478217 -0.20124915 2.26401401
v 0.15597770 0.22234088 2.26401401
v 0.15597770 -0.18814772 2.26401401
v 0.18717325 0.19979072 2.26401401
v 0.18717325 -0.17259905 2.26401401
v 0.21836878 0.17407721 2.26401401
v 0.21836878 -0.15486918 2.26401401
v 0.24956433 0.14564031 2.26401401
v 0.24956433 -0.13526149 2.26401401
v 0.28075987 0.11496658 2.26401401
v 0.28075987 -0.11411148 2.26401401
v 0.31195539 0.08258088 2.26401401
v 0.31195539 -0.09178104 2.26401401
v 0.34315097 0.04903717 2.26401401
v 0.34315097 -0.06865213 2.26401401
v 0.37434649 0.01490968 2.26401401
v 0.37434649 -0.04512069 2.26401401
v -0.39748502 0.05386424 2.19350004
v -0.43362001 0.01683968 2.19350004
v -0.43362001 -0.05068800 2.19350004
v -0.39748502 -0.07591505 2.19350004
v -0.36135000 0.09025533 2.19350004
v -0.36135000 -0.10071048 2.19350004
v -0.32521501 0.12539025 2.19350004
v -0.32521501 -0.12465000 2.19350004
v -0.28908002 0.15866782 2.19350004
v -0.28908002 -0.14732400 2.19350004
v -0.25294501 0.18951869 2.19350004
v -0.25294501 -0.16834454 2.19350004
v -0.21681000 0.21741498 2.19350004
v -0.21681000 -0.18735194 2.19350004
v -0.18067500 0.24187934 2.19350004
v -0.18067500 -0.20402099 2.19350004
v -0.14454001 0.26249322 2.19350004
v -0.14454001 -0.21806647 2.19350004
v -0.10840500 0.27890393 2.19350004
v -0.10840500 -0.22924805 2.19350004
v -0.07227001 0.29083061 2.19350004
v -0.07227001 -0.23737442 2.19350004
v -0.03613500 0.29806927 2.19350004
v -0.03613500 -0.24230655 2.19350004
v 0.00000000 0.30049598 2.19350004
v 0.00000000 -0.24396001 2.19350004
v 0.03613500 0.29806927 2.19350004
v 0.03613500 -0.24230655 2.19350004
v 0.07227001 0.29083061 2.19350004
v 0.07227001 -0.23737442 2.19350004
v 0.10840500 0.27890393 2.19350004
v 0.10840500 -0.22924805 2.19350004
v 0.14454001 0.26249322 2.19350004
v 0.14454001 -0.21806647 2.19350004
v 0.18067500 0.24187934 2.19350004
v 0.18067500 -0.20402099 2.19350004
v 0.21681000 0.21741498 2.19350004
v 0.21681000 -0.18735194 2.19350004
v 0.25294501 0.18951869 2.19350004
v 0.25294501 -0.16834454 2.19350004
v 0.28908002 0.15866782 2.19350004
v 0.28908002 -0.14732400 2.19350004
v 0.32521501 0.12539025 2.19350004
v 0.32521501 -0.12465000 2.19350004
v 0.36135000 0.09025533 2.19350004
v 0.36135000 -0.10071048 2.19350004
v 0.39748502 0.05386424 2.19350004
v 0.39748502 -0.07591505 2.19350004
v 0.43362001 0.01683968 2.19350004
v 0.43362001 -0.05068800 2.19350004
v -0.41901487 0.05788676 2.09948134
v -0.45710713 0.01844801 2.09948134
v -0.45710713 -0.05588416 2.09948134
v -0.41901487 -0.08269376 2.09948134
v -0.38092259 0.09665075 2.09948134
v -0.38092259 -0.10904466 2.09948134
v -0.34283036 0.13407660 2.09948134
v -0.34283036 -0.13448593 2.09948134
v -0.30473810 0.16952407 2.09948134
v -0.30473810 -0.15858234 2.09948134
v -0.26664582 0.20238659 2.09948134
v -0.26664582 -0.18092155 2.09948134
v -0.22855356 0.23210184 2.09948134
v -0.22855356 -0.20112133 2.09948134
v -0.19046129 0.25816143 2.09948134
v -0.19046129 -0.21883605 2.09948134
v -0.15236905 0.28011948 2.09948134
v -0.15236905 -0.23376264 2.09948134
v -0.11427678 0.29760021 2.09948134
v -0.11427678 -0.24564566 2.09948134
v -0.07618453 0.31030458 2.09948134
v -0.07618453 -0.25428182 2.09948134
v -0.03809226 0.31801525 2.09948134
v -0.03809226 -0.25952333 2.09948134
v 0.00000000 0.32060018 2.09948134
v 0.00000000 -0.26128054 2.09948134
v 0.03809226 0.31801525 2.09948134
v 0.03809226 -0.25952333 2.09948134
v 0.07618453 0.31030458 2.09948134
v 0.07618453 -0.25428182 2.09948134
v 0.11427678 0.29760021 2.09948134
v 0.11427678 -0.24564566 2.09948134
v 0.15236905 0.28011948 2.09948134
v 0.15236905 -0.23376264 2.09948134
v 0.19046129 0.25816143 2.09948134
v 0.19046129 -0.21883605 2.09948134
v 0.22855356 0.23210184 2.09948134
v 0.22855356 -0.20112133 2.09948134
v 0.26664582 0.20238659 2.09948134
v 0.26664582 -0.18092155 2.09948134
v 0.30473810 0.16952407 2.09948134
v 0.30473810 -0.15858234 2.09948134
v 0.34283036 0.13407660 2.09948134
v 0.34283036 -0.13448593 2.09948134
v 0.38092259 0.09665075 2.09948134
v 0.38092259 -0.10904466 2.09948134
v 0.41901487 0.05788676 2.09948134
v 0.41901487 -0.08269376 2.09948134
v 0.45710713 0.01844801 2.09948134
v 0.45710713 -0.05588416 2.09948134
v -0.47099254 0.06759800 1.87249994
v -0.51381004 0.02233088 1.87249994
v -0.51381004 -0.06842881 1.87249994
v -0.47099254 -0.09905900 1.87249994
v -0.42817503 0.11209065 1.87249994
v -0.42817503 -0.12916514 1.87249994
v -0.38535753 0.15504745 1.87249994
v -0.38535753 -0.15823205 1.87249994
v -0.34254003 0.19573341 1.87249994
v -0.34254003 -0.18576239 1.87249994
v -0.29972252 0.23345244 1.87249994
v -0.29972252 -0.21128514 1.87249994
v -0.25690502 0.26755911 1.87249994
v -0.25690502 -0.23436356 1.87249994
v -0.21408752 0.29746985 1.87249994
v -0.21408752 -0.25460279 1.87249994
v -0.17127001 0.32267290 1.87249994
v -0.17127001 -0.27165654 1.87249994
v -0.12845251 0.34273699 1.87249994
v -0.12845251 -0.28523302 1.87249994
v -0.08563501 0.35731888 1.87249994
v -0.08563501 -0.29509988 1.87249994
v -0.04281750 0.36616901 1.87249994
v -0.04281750 -0.30108839 1.87249994
v 0.00000000 0.36913598 1.87249994
v 0.00000000 -0.30309600 1.87249994
v 0.04281750 0.36616901 1.87249994
v 0.04281750 -0.30108839 1.87249994
v 0.08563501 0.35731888 1.87249994
v 0.08563501 -0.29509988 1.87249994
v 0.12845251 0.34273699 1.87249994
v 0.12845251 -0.28523302 1.87249994
v 0.17127001 0.32267290 1.87249994
v 0.17127001 -0.27165654 1.87249994
v 0.21408752 0.29746985 1.87249994
v 0.21408752 -0.25460279 1.87249994
v 0.25690502 0.26755911 1.87249994
v 0.25690502 -0.23436356 1.87249994
v 0.29972252 0.23345244 1.87249994
v 0.29972252 -0.21128514 1.87249994
v 0.34254003 0.19573341 1.87249994
v 0.34254003 -0.18576239 1.87249994
v 0.38535753 0.15504745 1.87249994
v 0.38535753 -0.15823205 1.87249994
v 0.42817503 0.11209065 1.87249994
v 0.42817503 -0.12916514 1.87249994
v 0.47099254 0.06759800 1.87249994
v 0.47099254 -0.09905900 1.87249994
v 0.51381004 0.02233088 1.87249994
v 0.51381004 -0.06842881 1.87249994
v -0.52297020 0.07730924 1.64551866
v -0.57051295 0.02621374 1.64551866
v -0.57051295 -0.08097345 1.64551866
v -0.52297020 -0.11542425 1.64551866
v -0.47542745 0.12753054 1.64551866
v -0.47542745 -0.14928564 1.64551866
v -0.42788470 0.17601824 1.64551866
v -0.42788470 -0.18197815 1.64551866
v -0.38034198 0.22194274 1.64551866
v -0.38034198 -0.21294244 1.64551866
v -0.33279920 0.26451829 1.64551866
v -0.33279920 -0.24164873 1.64551866
v -0.28525648 0.30301636 1.64551866
v -0.28525648 -0.26760578 1.64551866
v -0.23771372 0.33677825 1.64551866
v -0.23771372 -0.29036954 1.64551866
v -0.19017099 0.36522633 1.64551866
v -0.19017099 -0.30955046 1.64551866
v -0.14262824 0.38787380 1.64551866
v -0.14262824 -0.32482037 1.64551866
v -0.09508549 0.40433314 1.64551866
v -0.09508549 -0.33591798 1.64551866
v -0.04754275 0.41432279 1.64551866
v -0.04754275 -0.34265342 1.64551866
v 0.00000000 0.41767177 1.64551866
v 0.00000000 -0.34491146 1.64551866
v 0.04754275 0.41432279 1.64551866
v 0.04754275 -0.34265342 1.64551866
v 0.09508549 0.40433314 1.64551866
v 0.09508549 -0.33591798 1.64551866
v 0.14262824 0.38787380 1.64551866
v 0.14262824 -0.32482037 1.64551866
v 0.19017099 0.36522633 1.64551866
v 0.19017099 -0.30955046 1.64551866
v 0.23771372 0.33677825 1.64551866
v 0.23771372 -0.29036954 1.64551866
v 0.28525648 0.30301636 1.64551866
v 0.28525648 -0.26760578 1.64551866
v 0.33279920 0.26451829 1.64551866
v 0.33279920 -0.24164873 1.64551866
v 0.38034198 0.22194274 1.64551866
v 0.38034198 -0.21294244 1.64551866
v 0.42788470 0.17601824 1.64551866
v 0.42788470 -0.18197815 1.64551866
v 0.47542745 0.12753054 1.64551866
v 0.47542745 -0.14928564 1.64551866
v 0.52297020 0.07730924 1.64551866
v 0.52297020 -0.11542425 1.64551866
v 0.57051295 0.02621374 1.64551866
v 0.57051295 -0.08097345 1.64551866
v -0.54450005 0.08133177 1.55149996
v -0.59400004 0.02782208 1.55149996
v -0.59400004 -0.08616961 1.55149996
v -0.54450005 -0.12220296 1.55149996
v -0.49500003 0.13392597 1.55149996
v -0.49500003 -0.15761983 1.55149996
v -0.44550002 0.18470463 1.55149996
v -0.44550002 -0.19181412 1.55149996
v -0.39600003 0.23279901 1.55149996
v -0.39600003 -0.22420081 1.55149996
v -0.34650001 0.27738619 1.55149996
v -0.34650001 -0.25422576 1.55149996
v -0.29700002 0.31770325 1.55149996
v -0.29700002 -0.28137523 1.55149996
v -0.24750002 0.35306036 1.55149996
v -0.24750002 -0.30518466 1.55149996
v -0.19800001 0.38285255 1.55149996
v -0.19800001 -0.32524669 1.55149996
v -0.14850001 0.40657008 1.55149996
v -0.14850001 -0.34121802 1.55149996
v -0.09900001 0.42380711 1.55149996
v -0.09900001 -0.35282543 1.55149996
v -0.04950000 0.43426877 1.55149996
v -0.04950000 -0.35987028 1.55149996
v 0.00000000 0.43777597 1.55149996
v 0.00000000 -0.36223203 1.55149996
v 0.04950000 0.43426877 1.55149996
v 0.04950000 -0.35987028 1.55149996
v 0.09900001 0.42380711 1.55149996
v 0.09900001 -0.35282543 1.55149996
v 0.14850001 0.40657008 1.55149996
v 0.14850001 -0.34121802 1.55149996
v 0.19800001 0.38285255 1.55149996
v 0.19800001 -0.32524669 1.55149996
v 0.24750002 0.35306036 1.55149996
v 0.24750002 -0.30518466 1.55149996
v 0.29700002 0.31770325 1.55149996
v 0.29700002 -0.28137523 1.55149996
v 0.34650001 0.27738619 1.55149996
v 0.34650001 -0.25422576 1.55149996
v 0.39600003 0.23279901 1.55149996
v 0.39600003 -0.22420081 1.55149996
v 0.44550002 0.18470463 1.55149996
v 0.44550002 -0.19181412 1.55149996
v 0.49500003 0.13392597 1.55149996
v 0.49500003 -0.15761983 1.55149996
v 0.54450005 0.08133177 1.55149996
v 0.54450005 -0.12220296 1.55149996
v 0.59400004 0.02782208 1.55149996
v 0.59400004 -0.08616961 1.55149996
v -0.56665009 0.08347712 1.44181144
v -0.61816370 0.02867986 1.44181144
v -0.61816370 -0.08988115 1.44181144
v -0.56665009 -0.12704490 1.44181144
v -0.51513642 0.13733687 1.44181144
v -0.51513642 -0.16357280 1.44181144
v -0.46362278 0.18933740 1.44181144
v -0.46362278 -0.19883978 1.44181144
v -0.41210914 0.23858903 1.44181144
v -0.41210914 -0.23224247 1.44181144
v -0.36059549 0.28424907 1.44181144
v -0.36059549 -0.26320934 1.44181144
v -0.30908185 0.32553625 1.44181144
v -0.30908185 -0.29121047 1.44181144
v -0.25756821 0.36174414 1.44181144
v -0.25756821 -0.31576681 1.44181144
v -0.20605457 0.39225322 1.44181144
v -0.20605457 -0.33645821 1.44181144
v -0.15454093 0.41654143 1.44181144
v -0.15454093 -0.35293058 1.44181144
v -0.10302728 0.43419325 1.44181144
v -0.10302728 -0.36490211 1.44181144
v -0.05151364 0.44490662 1.44181144
v -0.05151364 -0.37216797 1.44181144
v 0.00000000 0.44849822 1.44181144
v 0.00000000 -0.37460381 1.44181144
v 0.05151364 0.44490662 1.44181144
v 0.05151364 -0.37216797 1.44181144
v 0.10302728 0.43419325 1.44181144
v 0.10302728 -0.36490211 1.44181144
v 0.15454093 0.41654143 1.44181144
v 0.15454093 -0.35293058 1.44181144
v 0.20605457 0.39225322 1.44181144
v 0.20605457 -0.33645821 1.44181144
v 0.25756821 0.36174414 1.44181144
v 0.25756821 -0.31576681 1.44181144
v 0.30908185 0.32553625 1.44181144
v 0.30908185 -0.29121047 1.44181144
v 0.36059549 0.28424907 1.44181144
v 0.36059549 -0.26320934 1.44181144
v 0.41210914 0.23858903 1.44181144
v 0.41210914 -0.23224247 1.44181144
v 0.46362278 0.18933740 1.44181144
v 0.46362278 -0.19883978 1.44181144
v 0.51513642 0.13733687 1.44181144
v 0.51513642 -0.16357280 1.44181144
v 0.56665009 0.08347712 1.44181144
v 0.56665009 -0.12704490 1.44181144
v 0.61816370 0.02867986 1.44181144
v 0.61816370 -0.08988115 1.44181144
v -0.62012506 0.08865640 1.17700005
v -0.67650002 0.03075072 1.17700005
v -0.67650002 -0.09884161 1.17700005
v -0.62012506 -0.13873433 1.17700005
v -0.56375003 0.14557141 1.17700005
v -0.56375003 -0.17794454 1.17700005
v -0.50737500 0.20052181 1.17700005
v -0.50737500 -0.21580130 1.17700005
v -0.45100003 0.25256732 1.17700005
v -0.45100003 -0.25165677 1.17700005
v -0.39462501 0.30081755 1.17700005
v -0.39462501 -0.28489760 1.17700005
v -0.33825001 0.34444681 1.17700005
v -0.33825001 -0.31495494 1.17700005
v -0.28187501 0.38270864 1.17700005
v -0.28187501 -0.34131449 1.17700005
v -0.22550002 0.41494837 1.17700005
v -0.22550002 -0.36352527 1.17700005
v -0.16912501 0.44061440 1.17700005
v -0.16912501 -0.38120726 1.17700005
v -0.11275001 0.45926753 1.17700005
v -0.11275001 -0.39405790 1.17700005
v -0.05637500 0.47058865 1.17700005
v -0.05637500 -0.40185729 1.17700005
v 0.00000000 0.47438398 1.17700005
v 0.00000000 -0.40447199 1.17700005
v 0.05637500 0.47058865 1.17700005
v 0.05637500 -0.40185729 1.17700005
v 0.11275001 0.45926753 1.17700005
v 0.11275001 -0.39405790 1.17700005
v 0.16912501 0.44061440 1.17700005
v 0.16912501 -0.38120726 1.17700005
v 0.22550002 0.41494837 1.17700005
v 0.22550002 -0.36352527 1.17700005
v 0.28187501 0.38270864 1.17700005
v 0.28187501 -0.34131449 1.17700005
v 0.33825001 0.34444681 1.17700005
v 0.33825001 -0.31495494 1.17700005
v 0.39462501 0.30081755 1.17700005
v 0.39462501 -0.28489760 1.17700005
v 0.45100003 0.25256732 1.17700005
v 0.45100003 -0.25165677 1.17700005
v 0.50737500 0.20052181 1.17700005
v 0.50737500 -0.21580130 1.17700005
v 0.56375003 0.14557141 1.17700005
v 0.56375003 -0.17794454 1.17700005
v 0.62012506 0.08865640 1.17700005
v 0.62012506 -0.13873433 1.17700005
v 0.67650002 0.03075072 1.17700005
v 0.67650002 -0.09884161 1.17700005
v -0.67360002 0.09383573 0.91218847
v -0.73483634 0.03282158 0.91218847
v -0.73483634 -0.10780206 0.91218847
v -0.67360002 -0.15042378 0.91218847
v -0.61236358 0.15380615 0.91218847
v -0.61236358 -0.19231640 0.91218847
v -0.55112725 0.21170627 0.91218847
v -0.55112725 -0.23276278 0.91218847
v -0.48989090 0.26654565 0.91218847
v -0.48989090 -0.27107111 0.91218847
v -0.42865452 0.31738600 0.91218847
v -0.42865452 -0.30658588 0.91218847
v -0.36741817 0.36335737 0.91218847
v -0.36741817 -0.33869937 0.91218847
v -0.30618179 0.40367317 0.91218847
v -0.30618179 -0.36686218 0.91218847
v -0.24494545 0.43764359 0.91218847
v -0.24494545 -0.39059237 0.91218847
v -0.18370908 0.46468738 0.91218847
v -0.18370908 -0.40948394 0.91218847
v -0.12247273 0.48434186 0.91218847
v -0.12247273 -0.42321366 0.91218847
v -0.06123636 0.49627069 0.91218847
v -0.06123636 -0.43154660 0.91218847
v 0.00000000 0.50026977 0.91218847
v 0.00000000 -0.43434018 0.91218847
v 0.06123636 0.49627069 0.91218847
v 0.06123636 -0.43154660 0.91218847
v 0.12247273 0.48434186 0.91218847
v 0.12247273 -0.42321366 0.91218847
v 0.18370908 0.46468738 0.91218847
v 0.18370908 -0.40948394 0.91218847
v 0.24494545 0.43764359 0.91218847
v 0.24494545 -0.39059237 0.91218847
v 0.30618179 0.40367317 0.91218847
v 0.30618179 -0.36686218 0.91218847
v 0.36741817 0.36335737 0.91218847
v 0.36741817 -0.33869937 0.91218847
v 0.42865452 0.31738600 0.91218847
v 0.42865452 -0.30658588 0.91218847
v 0.48989090 0.26654565 0.91218847
v 0.48989090 -0.27107111 0.91218847
v 0.55112725 0.21170627 0.91218847
v 0.55112725 -0.23276278 0.91218847
v 0.61236358 0.15380615 0.91218847
v 0.61236358 -0.19231640 0.91218847
v 0.67360002 0.09383573 0.91218847
v 0.67360002 -0.15042378 0.91218847
v 0.73483634 0.03282158 0.91218847
v 0.73483634 -0.10780206 0.91218847
v -0.69575000 0.09598112 0.80250001
v -0.75900000 0.03367936 0.80250001
v -0.75900000 -0.11151361 0.80250001
v -0.69575000 -0.15526575 0.80250001
v -0.63249999 0.15721697 0.80250001
v -0.63249999 -0.19826934 0.80250001
v -0.56924999 0.21633899 0.80250001
v -0.56924999 -0.23978847 0.80250001
v -0.50600004 0.27233562 0.80250001
v -0.50600004 -0.27911276 0.80250001
v -0.44274998 0.32424888 0.80250001
v -0.44274998 -0.31556946 0.80250001
v -0.37950000 0.37119034 0.80250001
v -0.37950000 -0.34853467 0.80250001
v -0.31625000 0.41235691 0.80250001
v -0.31625000 -0.37744439 0.80250001
v -0.25300002 0.44704422 0.80250001
v -0.25300002 -0.40180394 0.80250001
v -0.18975000 0.47465873 0.80250001
v -0.18975000 -0.42119655 0.80250001
v -0.12650001 0.49472794 0.80250001
v -0.12650001 -0.43529040 0.80250001
v -0.06325001 0.50690854 0.80250001
v -0.06325001 -0.44384435 0.80250001
v 0.00000000 0.51099199 0.80250001
v 0.00000000 -0.44671202 0.80250001
v 0.06325001 0.50690854 0.80250001
v 0.06325001 -0.44384435 0.80250001
v 0.12650001 0.49472794 0.80250001
v 0.12650001 -0.43529040 0.80250001
v 0.18975000 0.47465873 0.80250001
v 0.18975000 -0.42119655 0.80250001
v 0.25300002 0.44704422 0.80250001
v 0.25300002 -0.40180394 0.80250001
v 0.31625000 0.41235691 0.80250001
v 0.31625000 -0.37744439 0.80250001
v 0.37950000 0.37119034 0.80250001
v 0.37950000 -0.34853467 0.80250001
v 0.44274998 0.32424888 0.80250001
v 0.44274998 -0.31556946 0.80250001
v 0.50600004 0.27233562 0.80250001
v 0.50600004 -0.27911276 0.80250001
v 0.56924999 0.21633899 0.80250001
v 0.56924999 -0.23978847 0.80250001
v 0.63249999 0.15721697 0.80250001
v 0.63249999 -0.19826934 0.80250001
v 0.69575000 0.09598112 0.80250001
v 0.69575000 -0.15526575 0.80250001
v 0.75900000 0.03367936 0.80250001
v 0.75900000 -0.11151361 0.80250001
v -0.70461005 0.09705380 0.68497658
v -0.76866549 0.03410825 0.68497658
v -0.76866549 -0.11374053 0.68497658
v -0.70461005 -0.15817091 0.68497658
v -0.64055455 0.15892242 0.68497658
v -0.64055455 -0.20184112 0.68497658
v -0.57649910 0.21865538 0.68497658
v -0.57649910 -0.24400386 0.68497658
v -0.51244366 0.27523068 0.68497658
v -0.51244366 -0.28393778 0.68497658
v -0.44838819 0.32768032 0.68497658
v -0.44838819 -0.32095960 0.68497658
v -0.38433275 0.37510687 0.68497658
v -0.38433275 -0.35443580 0.68497658
v -0.32027727 0.41669881 0.68497658
v -0.32027727 -0.38379365 0.68497658
v -0.25622183 0.45174456 0.68497658
v -0.25622183 -0.40853083 0.68497658
v -0.19216637 0.47964442 0.68497658
v -0.19216637 -0.42822406 0.68497658
v -0.12811092 0.49992102 0.68497658
v -0.12811092 -0.44253638 0.68497658
v -0.06405546 0.51222748 0.68497658
v -0.06405546 -0.45122296 0.68497658
v 0.00000000 0.51635313 0.68497658
v 0.00000000 -0.45413506 0.68497658
v 0.06405546 0.51222748 0.68497658
v 0.06405546 -0.45122296 0.68497658
v 0.12811092 0.49992102 0.68497658
v 0.12811092 -0.44253638 0.68497658
v 0.19216637 0.47964442 0.68497658
v 0.19216637 -0.42822406 0.68497658
v 0.25622183 0.45174456 0.68497658
v 0.25622183 -0.40853083 0.68497658
v 0.32027727 0.41669881 0.68497658
v 0.32027727 -0.38379365 0.68497658
v 0.38433275 0.37510687 0.68497658
v 0.38433275 -0.35443580 0.68497658
v 0.44838819 0.32768032 0.68497658
v 0.44838819 -0.32095960 0.68497658
v 0.51244366 0.27523068 0.68497658
v 0.51244366 -0.28393778 0.68497658
v 0.57649910 0.21865538 0.68497658
v 0.57649910 -0.24400386 0.68497658
v 0.64055455 0.15892242 0.68497658
v 0.64055455 -0.20184112 0.68497658
v 0.70461005 0.09705380 0.68497658
v 0.70461005 -0.15817091 0.68497658
v 0.76866549 0.03410825 0.68497658
v 0.76866549 -0.11374053 0.68497658
v -0.72600001 0.09964347 0.40125000
v -0.79200000 0.03514368 0.40125000
v -0.79200000 -0.11911680 0.40125000
v -0.72600001 -0.16518459 0.40125000
v -0.65999997 0.16303971 0.40125000
v -0.65999997 -0.21046419 0.40125000
v -0.59399998 0.22424757 0.40125000
v -0.59399998 -0.25418079 0.40125000
v -0.52800000 0.28221983 0.40125000
v -0.52800000 -0.29558638 0.40125000
v -0.46199998 0.33596453 0.40125000
v -0.46199998 -0.33397257 0.40125000
v -0.39600000 0.38456210 0.40125000
v -0.39600000 -0.36868250 0.40125000
v -0.32999998 0.42718104 0.40125000
v -0.32999998 -0.39912230 0.40125000
v -0.26400000 0.46309212 0.40125000
v -0.26400000 -0.42477107 0.40125000
v -0.19800000 0.49168086 0.40125000
v -0.19800000 -0.44519007 0.40125000
v -0.13200000 0.51245815 0.40125000
v -0.13200000 -0.46002990 0.40125000
v -0.06600000 0.52506846 0.40125000
v -0.06600000 -0.46903658 0.40125000
v 0.00000000 0.52929598 0.40125000
v 0.00000000 -0.47205597 0.40125000
v 0.06600000 0.52506846 0.40125000
v 0.06600000 -0.46903658 0.40125000
v 0.13200000 0.51245815 0.40125000
v 0.13200000 -0.46002990 0.40125000
v 0.19800000 0.49168086 0.40125000
v 0.19800000 -0.44519007 0.40125000
v 0.26400000 0.46309212 0.40125000
v 0.26400000 -0.42477107 0.40125000
v 0.32999998 0.42718104 0.40125000
v 0.32999998 -0.39912230 0.40125000
v 0.39600000 0.38456210 0.40125000
v 0.39600000 -0.36868250 0.40125000
v 0.46199998 0.33596453 0.40125000
v 0.46199998 -0.33397257 0.40125000
v 0.52800000 0.28221983 0.40125000
v 0.52800000 -0.29558638 0.40125000
v 0.59399998 0.22424757 0.40125000
v 0.59399998 -0.25418079 0.40125000
v 0.65999997 0.16303971 0.40125000
v 0.65999997 -0.21046419 0.40125000
v 0.72600001 0.09964347 0.40125000
v 0.72600001 -0.16518459 0.40125000
v 0.79200000 0.03514368 0.40125000
v 0.79200000 -0.11911680 0.40125000
v -0.74738997 0.10223313 0.11752337
v -0.81533450 0.03617911 0.11752337
v -0.81533450 -0.12449308 0.11752337
v -0.74738997 -0.17219828 0.11752337
v -0.67944539 0.16715701 0.11752337
v -0.67944539 -0.21908727 0.11752337
v -0.61150086 0.22983977 0.11752337
v -0.61150086 -0.26435769 0.11752337
v -0.54355633 0.28920892 0.11752337
v -0.54355633 -0.30723500 0.11752337
v -0.47561178 0.34424871 0.11752337
v -0.47561178 -0.34698555 0.11752337
v -0.40766725 0.39401734 0.11752337
v -0.40766725 -0.38292921 0.11752337
v -0.33972269 0.43766326 0.11752337
v -0.33972269 -0.41445091 0.11752337
v -0.27177817 0.47443965 0.11752337
v -0.27177817 -0.44101140 0.11752337
v -0.20383362 0.50371730 0.11752337
v -0.20383362 -0.46215612 0.11752337
v -0.13588908 0.52499527 0.11752337
v -0.13588908 -0.47752339 0.11752337
v -0.06794454 0.53790945 0.11752337
v -0.06794454 -0.48685017 0.11752337
v 0.00000000 0.54223883 0.11752337
v 0.00000000 -0.48997694 0.11752337
v 0.06794454 0.53790945 0.11752337
v 0.06794454 -0.48685017 0.11752337
v 0.13588908 0.52499527 0.11752337
v 0.13588908 -0.47752339 0.11752337
v 0.20383362 0.50371730 0.11752337
v 0.20383362 -0.46215612 0.11752337
v 0.27177817 0.47443965 0.11752337
v 0.27177817 -0.44101140 0.11752337
v 0.33972269 0.43766326 0.11752337
v 0.33972269 -0.41445091 0.11752337
v 0.40766725 0.39401734 0.11752337
v 0.40766725 -0.38292921 0.11752337
v 0.47561178 0.34424871 0.11752337
v 0.47561178 -0.34698555 0.11752337
v 0.54355633 0.28920892 0.11752337
v 0.54355633 -0.30723500 0.11752337
v 0.61150086 0.22983977 0.11752337
v 0.61150086 -0.26435769 0.11752337
v 0.67944539 0.16715701 0.11752337
v 0.67944539 -0.21908727 0.11752337
v 0.74738997 0.10223313 0.11752337
v 0.74738997 -0.17219828 0.11752337
v 0.81533450 0.03617911 0.11752337
v 0.81533450 -0.12449308 0.11752337
v -0.75625002 0.10330580 0.00000000
v -0.82499999 0.03660800 0.00000000
v -0.82499999 -0.12672001 0.00000000
v -0.75625002 -0.17510343 0.00000000
v -0.68750000 0.16886240 0.00000000
v -0.68750000 -0.22265902 0.00000000
v -0.61874998 0.23215616 0.00000000
v -0.61874998 -0.26857311 0.00000000
v -0.55000001 0.29210395 0.00000000
v -0.55000001 -0.31206000 0.00000000
v -0.48124999 0.34768021 0.00000000
v -0.48124999 -0.35237569 0.00000000
v -0.41249999 0.39793390 0.00000000
v -0.41249999 -0.38883033 0.00000000
v -0.34375000 0.44200522 0.00000000
v -0.34375000 -0.42080021 0.00000000
v -0.27500001 0.47914004 0.00000000
v -0.27500001 -0.44773829 0.00000000
v -0.20625000 0.50870299 0.00000000
v -0.20625000 -0.46918365 0.00000000
v -0.13750000 0.53018832 0.00000000
v -0.13750000 -0.48476937 0.00000000
v -0.06875000 0.54322839 0.00000000
v -0.06875000 -0.49422878 0.00000000
v 0.00000000 0.54759997 0.00000000
v 0.00000000 -0.49739999 0.00000000
v 0.06875000 0.54322839 0.00000000
v 0.06875000 -0.49422878 0.00000000
v 0.13750000 0.53018832 0.00000000
v 0.13750000 -0.48476937 0.00000000
v 0.20625000 0.50870299 0.00000000
v 0.20625000 -0.46918365 0.00000000
v 0.27500001 0.47914004 0.00000000
v 0.27500001 -0.44773829 0.00000000
v 0.34375000 0.44200522 0.00000000
v 0.34375000 -0.42080021 0.00000000
v 0.41249999 0.39793390 0.00000000
v 0.41249999 -0.38883033 0.00000000
v 0.48124999 0.34768021 0.00000000
v 0.48124999 -0.35237569 0.00000000
v 0.55000001 0.29210395 0.00000000
v 0.55000001 -0.31206000 0.00000000
v 0.61874998 0.23215616 0.00000000
v 0.61874998 -0.26857311 0.00000000
v 0.68750000 0.16886240 0.00000000
v 0.68750000 -0.22265902 0.00000000
v 0.75625002 0.10330580 0.00000000
v 0.75625002 -0.17510343 0.00000000
v 0.82499999 0.03660800 0.00000000
v 0.82499999 -0.12672001 0.00000000
v -0.75181997 0.10116045 -0.13319319
v -0.82016724 0.03575022 -0.13319319
v -0.82016724 -0.12412193 -0.13319319
v -0.75181997 -0.17171407 -0.13319319
v -0.68347269 0.16545159 -0.13319319
v -0.68347269 -0.21849197 -0.13319319
v -0.61512542 0.22752342 -0.13319319
v -0.61512542 -0.26365513 -0.13319319
v -0.54677820 0.28631395 -0.13319319
v -0.54677820 -0.30643082 -0.13319319
v -0.47843087 0.34081733 -0.13319319
v -0.47843087 -0.34608719 -0.13319319
v -0.41008362 0.39010090 -0.13319319
v -0.41008362 -0.38194564 -0.13319319
v -0.34173635 0.43332142 -0.13319319
v -0.34173635 -0.41339266 -0.13319319
v -0.27338910 0.46973938 -0.13319319
v -0.27338910 -0.43989021 -0.13319319
v -0.20504181 0.49873167 -0.13319319
v -0.20504181 -0.46098486 -0.13319319
v -0.13669455 0.51980227 -0.13319319
v -0.13669455 -0.47631568 -0.13319319
v -0.06834728 0.53259057 -0.13319319
v -0.06834728 -0.48562038 -0.13319319
v 0.00000000 0.53687775 -0.13319319
v 0.00000000 -0.48873973 -0.13319319
v 0.06834728 0.53259057 -0.13319319
v 0.06834728 -0.48562038 -0.13319319
v 0.13669455 0.51980227 -0.13319319
v 0.13669455 -0.47631568 -0.13319319
v 0.20504181 0.49873167 -0.13319319
v 0.20504181 -0.46098486 -0.13319319
v 0.27338910 0.46973938 -0.13319319
v 0.27338910 -0.43989021 -0.13319319
v 0.34173635 0.43332142 -0.13319319
v 0.34173635 -0.41339266 -0.13319319
v 0.41008362 0.39010090 -0.13319319
v 0.41008362 -0.38194564 -0.13319319
v 0.47843087 0.34081733 -0.13319319
v 0.47843087 -0.34608719 -0.13319319
v 0.54677820 0.28631395 -0.13319319
v 0.54677820 -0.30643082 -0.13319319
v 0.61512542 0.22752342 -0.13319319
v 0.61512542 -0.26365513 -0.13319319
v 0.68347269 0.16545159 -0.13319319
v 0.68347269 -0.21849197 -0.13319319
v 0.75181997 0.10116045 -0.13319319
v 0.75181997 -0.17171407 -0.13319319
v 0.82016724 0.03575022 -0.13319319
v 0.82016724 -0.12412193 -0.13319319
v -0.74112499 0.09598111 -0.45475000
v -0.80849999 0.03367935 -0.45475000
v -0.80849999 -0.11784960 -0.45475000
v -0.74112499 -0.16353144 -0.45475000
v -0.67374998 0.15721695 -0.45475000
v -0.67374998 -0.20843172 -0.45475000
v -0.60637498 0.21633896 -0.45475000
v -0.60637498 -0.25178206 -0.45475000
v -0.53900003 0.27233562 -0.45475000
v -0.53900003 -0.29284078 -0.45475000
v -0.47162497 0.32424885 -0.45475000
v -0.47162497 -0.33090538 -0.45475000
v -0.40425000 0.37119031 -0.45475000
v -0.40425000 -0.36532450 -0.45475000
v -0.33687499 0.41235688 -0.45475000
v -0.33687499 -0.39550927 -0.45475000
v -0.26950002 0.44704416 -0.45475000
v -0.26950002 -0.42094323 -0.45475000
v -0.20212500 0.47465867 -0.45475000
v -0.20212500 -0.44119114 -0.45475000
v -0.13475001 0.49472788 -0.45475000
v -0.13475001 -0.45590660 -0.45475000
v -0.06737500 0.50690848 -0.45475000
v -0.06737500 -0.46483782 -0.45475000
v 0.00000000 0.51099193 -0.45475000
v 0.00000000 -0.46783197 -0.45475000
v 0.06737500 0.50690848 -0.45475000
v 0.06737500 -0.46483782 -0.45475000
v 0.13475001 0.49472788 -0.45475000
v 0.13475001 -0.45590660 -0.45475000
v 0.20212500 0.47465867 -0.45475000
v 0.20212500 -0.44119114 -0.45475000
v 0.26950002 0.44704416 -0.45475000
v 0.26950002 -0.42094323 -0.45475000
v 0.33687499 0.41235688 -0.45475000
v 0.33687499 -0.39550927 -0.45475000
v 0.40425000 0.37119031 -0.45475000
v 0.40425000 -0.36532450 -0.45475000
v 0.47162497 0.32424885 -0.45475000
v 0.47162497 -0.33090538 -0.45475000
v 0.53900003 0.27233562 -0.45475000
v 0.53900003 -0.29284078 -0.45475000
v 0.60637498 0.21633896 -0.45475000
v 0.60637498 -0.25178206 -0.45475000
v 0.67374998 0.15721695 -0.45475000
v 0.67374998 -0.20843172 -0.45475000
v 0.74112499 0.09598111 -0.45475000
v 0.74112499 -0.16353144 -0.45475000
v 0.80849999 0.03367935 -0.45475000
v 0.80849999 -0.11784960 -0.45475000
v -0.73043001 0.09080179 -0.77630681
v -0.79683274 0.03160850 -0.77630681
v -0.79683274 -0.11157728 -0.77630681
v -0.73043001 -0.15534882 -0.77630681
v -0.66402727 0.14898235 -0.77630681
v -0.66402727 -0.19837147 -0.77630681
v -0.59762454 0.20515455 -0.77630681
v -0.59762454 -0.23990902 -0.77630681
v -0.53122187 0.25835729 -0.77630681
v -0.53122187 -0.27925074 -0.77630681
v -0.46481907 0.30768040 -0.77630681
v -0.46481907 -0.31572360 -0.77630681
v -0.39841637 0.35227978 -0.77630681
v -0.39841637 -0.34870341 -0.77630681
v -0.33201364 0.39139241 -0.77630681
v -0.33201364 -0.37762591 -0.77630681
v -0.26561093 0.42434901 -0.77630681
v -0.26561093 -0.40199628 -0.77630681
v -0.19920819 0.45058572 -0.77630681
v -0.19920819 -0.42139748 -0.77630681
v -0.13280547 0.46965364 -0.77630681
v -0.13280547 -0.43549758 -0.77630681
v -0.06640273 0.48122647 -0.77630681
v -0.06640273 -0.44405535 -0.77630681
v 0.00000000 0.48510620 -0.77630681
v 0.00000000 -0.44692427 -0.77630681
v 0.06640273 0.48122647 -0.77630681
v 0.06640273 -0.44405535 -0.77630681
v 0.13280547 0.46965364 -0.77630681
v 0.13280547 -0.43549758 -0.77630681
v 0.19920819 0.45058572 -0.77630681
v 0.19920819 -0.42139748 -0.77630681
v 0.26561093 0.42434901 -0.77630681
v 0.26561093 -0.40199628 -0.77630681
v 0.33201364 0.39139241 -0.77630681
v 0.33201364 -0.37762591 -0.77630681
v 0.39841637 0.35227978 -0.77630681
v 0.39841637 -0.34870341 -0.77630681
v 0.46481907 0.30768040 -0.77630681
v 0.46481907 -0.31572360 -0.77630681
v 0.53122187 0.25835729 -0.77630681
v 0.53122187 -0.27925074 -0.77630681
v 0.59762454 0.20515455 -0.77630681
v 0.59762454 -0.23990902 -0.77630681
v 0.66402727 0.14898235 -0.77630681
v 0.66402727 -0.19837147 -0.77630681
v 0.73043001 0.09080179 -0.77630681
v 0.73043001 -0.15534882 -0.77630681
v 0.79683274 0.03160850 -0.77630681
v 0.79683274 -0.11157728 -0.77630681
v -0.72600001 0.08865644 -0.90950000
v -0.79200000 0.03075071 -0.90950000
v -0.79200000 -0.10897920 -0.90950000
v -0.72600001 -0.15195948 -0.90950000
v -0.65999997 0.14557146 -0.90950000
v -0.65999997 -0.19420439 -0.90950000
v -0.59399998 0.20052180 -0.90950000
v -0.59399998 -0.23499104 -0.90950000
v -0.52800000 0.25256732 -0.90950000
v -0.52800000 -0.27362159 -0.90950000
v -0.46199998 0.30081752 -0.90950000
v -0.46199998 -0.30943510 -0.90950000
v -0.39600000 0.34444678 -0.90950000
v -0.39600000 -0.34181872 -0.90950000
v -0.32999998 0.38270861 -0.90950000
v -0.32999998 -0.37021840 -0.90950000
v -0.26400000 0.41494837 -0.90950000
v -0.26400000 -0.39414820 -0.90950000
v -0.19800000 0.44061437 -0.90950000
v -0.19800000 -0.41319868 -0.90950000
v -0.13200000 0.45926750 -0.90950000
v -0.13200000 -0.42704388 -0.90950000
v -0.06600000 0.47058862 -0.90950000
v -0.06600000 -0.43544695 -0.90950000
v 0.00000000 0.47438395 -0.90950000
v 0.00000000 -0.43826401 -0.90950000
v 0.06600000 0.47058862 -0.90950000
v 0.06600000 -0.43544695 -0.90950000
v 0.13200000 0.45926750 -0.90950000
v 0.13200000 -0.42704388 -0.90950000
v 0.19800000 0.44061437 -0.90950000
v 0.19800000 -0.41319868 -0.90950000
v 0.26400000 0.41494837 -0.90950000
v 0.26400000 -0.39414820 -0.90950000
v 0.32999998 0.38270861 -0.90950000
v 0.32999998 -0.37021840 -0.90950000
v 0.39600000 0.34444678 -0.90950000
v 0.39600000 -0.34181872 -0.90950000
v 0.46199998 0.30081752 -0.90950000
v 0.46199998 -0.30943510 -0.90950000
v 0.52800000 0.25256732 -0.90950000
v 0.52800000 -0.27362159 -0.90950000
v 0.59399998 0.20052180 -0.90950000
v 0.59399998 -0.23499104 -0.90950000
v 0.65999997 0.14557146 -0.90950000
v 0.65999997 -0.19420439 -0.90950000
v 0.72600001 0.08865644 -0.90950000
v 0.72600001 -0.15195948 -0.90950000
v 0.79200000 0.03075071 -0.90950000
v 0.79200000 -0.10897920 -0.90950000
v -0.70606494 0.08463392 -1.01918852
v -0.77025265 0.02914238 -1.01918852
v -0.77025265 -0.10378304 -1.01918852
v -0.70606494 -0.14518076 -1.01918852
v -0.64187717 0.13917604 -1.01918852
v -0.64187717 -0.18587020 -1.01918852
v -0.57768947 0.19183540 -1.01918852
v -0.57768947 -0.22515507 -1.01918852
v -0.51350176 0.24171105 -1.01918852
v -0.51350176 -0.26236323 -1.01918852
v -0.44931403 0.28794962 -1.01918852
v -0.44931403 -0.29685807 -1.01918852
v -0.38512632 0.32975990 -1.01918852
v -0.38512632 -0.32804930 -1.01918852
v -0.32093859 0.36642653 -1.01918852
v -0.32093859 -0.35540330 -1.01918852
v -0.25675088 0.39732215 -1.01918852
v -0.25675088 -0.37845200 -1.01918852
v -0.19256316 0.42191809 -1.01918852
v -0.19256316 -0.39680102 -1.01918852
v -0.12837544 0.43979353 -1.01918852
v -0.12837544 -0.41013646 -1.01918852
v -0.06418772 0.45064265 -1.01918852
v -0.06418772 -0.41823009 -1.01918852
v 0.00000000 0.45427975 -1.01918852
v 0.00000000 -0.42094344 -1.01918852
v 0.06418772 0.45064265 -1.01918852
v 0.06418772 -0.41823009 -1.01918852
v 0.12837544 0.43979353 -1.01918852
v 0.12837544 -0.41013646 -1.01918852
v 0.19256316 0.42191809 -1.01918852
v 0.19256316 -0.39680102 -1.01918852
v 0.25675088 0.39732215 -1.01918852
v 0.25675088 -0.37845200 -1.01918852
v 0.32093859 0.36642653 -1.01918852
v 0.32093859 -0.35540330 -1.01918852
v 0.38512632 0.32975990 -1.01918852
v 0.38512632 -0.32804930 -1.01918852
v 0.44931403 0.28794962 -1.01918852
v 0.44931403 -0.29685807 -1.01918852
v 0.51350176 0.24171105 -1.01918852
v 0.51350176 -0.26236323 -1.01918852
v 0.57768947 0.19183540 -1.01918852
v 0.57768947 -0.22515507 -1.01918852
v 0.64187717 0.13917604 -1.01918852
v 0.64187717 -0.18587020 -1.01918852
v 0.70606494 0.08463392 -1.01918852
v 0.70606494 -0.14518076 -1.01918852
v 0.77025265 0.02914238 -1.01918852
v 0.77025265 -0.10378304 -1.01918852
v -0.65793747 0.07492268 -1.28399992
v -0.71774995 0.02525952 -1.28399992
v -0.71774995 -0.09123840 -1.28399992
v -0.65793747 -0.12881552 -1.28399992
v -0.59812492 0.12373620 -1.28399992
v -0.59812492 -0.16574976 -1.28399992
v -0.53831244 0.17086467 -1.28399992
v -0.53831244 -0.20140901 -1.28399992
v -0.47849998 0.21550173 -1.28399992
v -0.47849998 -0.23518318 -1.28399992
v -0.41868746 0.25688377 -1.28399992
v -0.41868746 -0.26649448 -1.28399992
v -0.35887498 0.29430267 -1.28399992
v -0.35887498 -0.29480708 -1.28399992
v -0.29906246 0.32711816 -1.28399992
v -0.29906246 -0.31963655 -1.28399992
v -0.23924999 0.35476872 -1.28399992
v -0.23924999 -0.34055808 -1.28399992
v -0.17943749 0.37678131 -1.28399992
v -0.17943749 -0.35721368 -1.28399992
v -0.11962499 0.39277929 -1.28399992
v -0.11962499 -0.36931837 -1.28399992
v -0.05981250 0.40248889 -1.28399992
v -0.05981250 -0.37666506 -1.28399992
v 0.00000000 0.40574399 -1.28399992
v 0.00000000 -0.37912798 -1.28399992
v 0.05981250 0.40248889 -1.28399992
v 0.05981250 -0.37666506 -1.28399992
v 0.11962499 0.39277929 -1.28399992
v 0.11962499 -0.36931837 -1.28399992
v 0.17943749 0.37678131 -1.28399992
v 0.17943749 -0.35721368 -1.28399992
v 0.23924999 0.35476872 -1.28399992
v 0.23924999 -0.34055808 -1.28399992
v 0.29906246 0.32711816 -1.28399992
v 0.29906246 -0.31963655 -1.28399992
v 0.35887498 0.29430267 -1.28399992
v 0.35887498 -0.29480708 -1.28399992
v 0.41868746 0.25688377 -1.28399992
v 0.41868746 -0.26649448 -1.28399992
v 0.47849998 0.21550173 -1.28399992
v 0.47849998 -0.23518318 -1.28399992
v 0.53831244 0.17086467 -1.28399992
v 0.53831244 -0.20140901 -1.28399992
v 0.59812492 0.12373620 -1.28399992
v 0.59812492 -0.16574976 -1.28399992
v 0.65793747 0.07492268 -1.28399992
v 0.65793747 -0.12881552 -1.28399992
v 0.71774995 0.02525952 -1.28399992
v 0.71774995 -0.09123840 -1.28399992
v -0.60981005 0.06521144 -1.54881144
v -0.66524732 0.02137665 -1.54881144
v -0.66524732 -0.07869376 -1.54881144
v -0.60981005 -0.11245027 -1.54881144
v -0.55437273 0.10829630 -1.54881144
v -0.55437273 -0.14562926 -1.54881144
v -0.49893549 0.14989381 -1.54881144
v -0.49893549 -0.17766288 -1.54881144
v -0.44349822 0.18929240 -1.54881144
v -0.44349822 -0.20800313 -1.54881144
v -0.38806093 0.22581793 -1.54881144
v -0.38806093 -0.23613089 -1.54881144
v -0.33262366 0.25884539 -1.54881144
v -0.33262366 -0.26156485 -1.54881144
v -0.27718636 0.28780970 -1.54881144
v -0.27718636 -0.28386983 -1.54881144
v -0.22174911 0.31221527 -1.54881144
v -0.22174911 -0.30266419 -1.54881144
v -0.16631183 0.33164451 -1.54881144
v -0.16631183 -0.31762636 -1.54881144
v -0.11087456 0.34576496 -1.54881144
v -0.11087456 -0.32850033 -1.54881144
v -0.05543728 0.35433510 -1.54881144
v -0.05543728 -0.33510000 -1.54881144
v 0.00000000 0.35720816 -1.54881144
v 0.00000000 -0.33731252 -1.54881144
v 0.05543728 0.35433510 -1.54881144
v 0.05543728 -0.33510000 -1.54881144
v 0.11087456 0.34576496 -1.54881144
v 0.11087456 -0.32850033 -1.54881144
v 0.16631183 0.33164451 -1.54881144
v 0.16631183 -0.31762636 -1.54881144
v 0.22174911 0.31221527 -1.54881144
v 0.22174911 -0.30266419 -1.54881144
v 0.27718636 0.28780970 -1.54881144
v 0.27718636 -0.28386983 -1.54881144
v 0.33262366 0.25884539 -1.54881144
v 0.33262366 -0.26156485 -1.54881144
v 0.38806093 0.22581793 -1.54881144
v 0.38806093 -0.23613089 -1.54881144
v 0.44349822 0.18929240 -1.54881144
v 0.44349822 -0.20800313 -1.54881144
v 0.49893549 0.14989381 -1.54881144
v 0.49893549 -0.17766288 -1.54881144
v 0.55437273 0.10829630 -1.54881144
v 0.55437273 -0.14562926 -1.54881144
v 0.60981005 0.06521144 -1.54881144
v 0.60981005 -0.11245027 -1.54881144
v 0.66524732 0.02137665 -1.54881144
v 0.66524732 -0.07869376 -1.54881144
v -0.58987498 0.06118891 -1.65849996
v -0.64349997 0.01976832 -1.65849996
v -0.64349997 -0.07349760 -1.65849996
v -0.58987498 -0.10567156 -1.65849996
v -0.53624994 0.10190088 -1.65849996
v -0.53624994 -0.13729508 -1.65849996
v -0.48262498 0.14120741 -1.65849996
v -0.48262498 -0.16782692 -1.65849996
v -0.42899999 0.17843613 -1.65849996
v -0.42899999 -0.19674480 -1.65849996
v -0.37537497 0.21295002 -1.65849996
v -0.37537497 -0.22355390 -1.65849996
v -0.32174999 0.24415851 -1.65849996
v -0.32174999 -0.24779546 -1.65849996
v -0.26812497 0.27152765 -1.65849996
v -0.26812497 -0.26905477 -1.65849996
v -0.21450000 0.29458907 -1.65849996
v -0.21450000 -0.28696802 -1.65849996
v -0.16087499 0.31294826 -1.65849996
v -0.16087499 -0.30122873 -1.65849996
v -0.10725000 0.32629102 -1.65849996
v -0.10725000 -0.31159291 -1.65849996
v -0.05362500 0.33438915 -1.65849996
v -0.05362500 -0.31788322 -1.65849996
v 0.00000000 0.33710399 -1.65849996
v 0.00000000 -0.31999201 -1.65849996
v 0.05362500 0.33438915 -1.65849996
v 0.05362500 -0.31788322 -1.65849996
v 0.10725000 0.32629102 -1.65849996
v 0.10725000 -0.31159291 -1.65849996
v 0.16087499 0.31294826 -1.65849996
v 0.16087499 -0.30122873 -1.65849996
v 0.21450000 0.29458907 -1.65849996
v 0.21450000 -0.28696802 -1.65849996
v 0.26812497 0.27152765 -1.65849996
v 0.26812497 -0.26905477 -1.65849996
v 0.32174999 0.24415851 -1.65849996
v 0.32174999 -0.24779546 -1.65849996
v 0.37537497 0.21295002 -1.65849996
v 0.37537497 -0.22355390 -1.65849996
v 0.42899999 0.17843613 -1.65849996
v 0.42899999 -0.19674480 -1.65849996
v 0.48262498 0.14120741 -1.65849996
v 0.48262498 -0.16782692 -1.65849996
v 0.53624994 0.10190088 -1.65849996
v 0.53624994 -0.13729508 -1.65849996
v 0.58987498 0.06118891 -1.65849996
v 0.58987498 -0.10567156 -1.65849996
v 0.64349997 0.01976832 -1.65849996
v 0.64349997 -0.07349760 -1.65849996
v -0.56550997 0.05797086 -1.74468374
v -0.61691993 0.01848165 -1.74468374
v -0.61691993 -0.06904375 -1.74468374
v -0.56550997 -0.09986120 -1.74468374
v -0.51409996 0.09678448 -1.74468374
v -0.51409996 -0.13015144 -1.74468374
v -0.46268994 0.13425831 -1.74468374
v -0.46268994 -0.15939608 -1.74468374
v -0.41127998 0.16975115 -1.74468374
v -0.41127998 -0.18709476 -1.74468374
v -0.35986996 0.20265575 -1.74468374
v -0.35986996 -0.21277356 -1.74468374
v -0.30845997 0.23240905 -1.74468374
v -0.30845997 -0.23599309 -1.74468374
v -0.25704998 0.25850198 -1.74468374
v -0.25704998 -0.25635609 -1.74468374
v -0.20563999 0.28048810 -1.74468374
v -0.20563999 -0.27351412 -1.74468374
v -0.15422998 0.29799125 -1.74468374
v -0.15422998 -0.28717360 -1.74468374
v -0.10281999 0.31071189 -1.74468374
v -0.10281999 -0.29710081 -1.74468374
v -0.05141000 0.31843242 -1.74468374
v -0.05141000 -0.30312592 -1.74468374
v 0.00000000 0.32102066 -1.74468374
v 0.00000000 -0.30514580 -1.74468374
v 0.05141000 0.31843242 -1.74468374
v 0.05141000 -0.30312592 -1.74468374
v 0.10281999 0.31071189 -1.74468374
v 0.10281999 -0.29710081 -1.74468374
v 0.15422998 0.29799125 -1.74468374
v 0.15422998 -0.28717360 -1.74468374
v 0.20563999 0.28048810 -1.74468374
v 0.20563999 -0.27351412 -1.74468374
v 0.25704998 0.25850198 -1.74468374
v 0.25704998 -0.25635609 -1.74468374
v 0.30845997 0.23240905 -1.74468374
v 0.30845997 -0.23599309 -1.74468374
v 0.35986996 0.20265575 -1.74468374
v 0.35986996 -0.21277356 -1.74468374
v 0.41127998 0.16975115 -1.74468374
v 0.41127998 -0.18709476 -1.74468374
v 0.46268994 0.13425831 -1.74468374
v 0.46268994 -0.15939608 -1.74468374
v 0.51409996 0.09678448 -1.74468374
v 0.51409996 -0.13015144 -1.74468374
v 0.56550997 0.05797086 -1.74468374
v 0.56550997 -0.09986120 -1.74468374
v 0.61691993 0.01848165 -1.74468374
v 0.61691993 -0.06904375 -1.74468374
v -0.50668752 0.05020187 -1.95274997
v -0.55274999 0.01537536 -1.95274997
v -0.55274999 -0.05829120 -1.95274997
v -0.50668752 -0.08583385 -1.95274997
v -0.46062499 0.08443259 -1.95274997
v -0.46062499 -0.11290534 -1.95274997
v -0.41456249 0.11748167 -1.95274997
v -0.41456249 -0.13904229 -1.95274997
v -0.36849999 0.14878367 -1.95274997
v -0.36849999 -0.16379759 -1.95274997
v -0.32243749 0.17780304 -1.95274997
v -0.32243749 -0.18674764 -1.95274997
v -0.27637500 0.20404322 -1.95274997
v -0.27637500 -0.20749976 -1.95274997
v -0.23031250 0.22705524 -1.95274997
v -0.23031250 -0.22569889 -1.95274997
v -0.18425000 0.24644534 -1.95274997
v -0.18425000 -0.24103363 -1.95274997
v -0.13818750 0.26188180 -1.95274997
v -0.13818750 -0.25324160 -1.95274997
v -0.09212500 0.27310044 -1.95274997
v -0.09212500 -0.26211390 -1.95274997
v -0.04606250 0.27990934 -1.95274997
v -0.04606250 -0.26749873 -1.95274997
v 0.00000000 0.28219199 -1.95274997
v 0.00000000 -0.26930398 -1.95274997
v 0.04606250 0.27990934 -1.95274997
v 0.04606250 -0.26749873 -1.95274997
v 0.09212500 0.27310044 -1.95274997
v 0.09212500 -0.26211390 -1.95274997
v 0.13818750 0.26188180 -1.95274997
v 0.13818750 -0.25324160 -1.95274997
v 0.18425000 0.24644534 -1.95274997
v 0.18425000 -0.24103363 -1.95274997
v 0.23031250 0.22705524 -1.95274997
v 0.23031250 -0.22569889 -1.95274997
v 0.27637500 0.20404322 -1.95274997
v 0.27637500 -0.20749976 -1.95274997
v 0.32243749 0.17780304 -1.95274997
v 0.32243749 -0.18674764 -1.95274997
v 0.36849999 0.14878367 -1.95274997
v 0.36849999 -0.16379759 -1.95274997
v 0.41456249 0.11748167 -1.95274997
v 0.41456249 -0.13904229 -1.95274997
v 0.46062499 0.08443259 -1.95274997
v 0.46062499 -0.11290534 -1.95274997
v 0.50668752 0.05020187 -1.95274997
v 0.50668752 -0.08583385 -1.95274997
v 0.55274999 0.01537536 -1.95274997
v 0.55274999 -0.05829120 -1.95274997
v -0.44786504 0.04243294 -2.16081619
v -0.48858005 0.01226907 -2.16081619
v -0.48858005 -0.04753865 -2.16081619
v -0.44786504 -0.07180655 -2.16081619
v -0.40715003 0.07208068 -2.16081619
v -0.40715003 -0.09565920 -2.16081619
v -0.36643505 0.10070499 -2.16081619
v -0.36643505 -0.11868848 -2.16081619
v -0.32572004 0.12781620 -2.16081619
v -0.32572004 -0.14050040 -2.16081619
v -0.28500503 0.15295033 -2.16081619
v -0.28500503 -0.16072169 -2.16081619
v -0.24429002 0.17567740 -2.16081619
v -0.24429002 -0.17900643 -2.16081619
v -0.20357502 0.19560848 -2.16081619
v -0.20357502 -0.19504169 -2.16081619
v -0.16286002 0.21240258 -2.16081619
v -0.16286002 -0.20855314 -2.16081619
v -0.12214501 0.22577234 -2.16081619
v -0.12214501 -0.21930958 -2.16081619
v -0.08143001 0.23548900 -2.16081619
v -0.08143001 -0.22712697 -2.16081619
v -0.04071501 0.24138631 -2.16081619
v -0.04071501 -0.23187158 -2.16081619
v 0.00000000 0.24336335 -2.16081619
v 0.00000000 -0.23346217 -2.16081619
v 0.04071501 0.24138631 -2.16081619
v 0.04071501 -0.23187158 -2.16081619
v 0.08143001 0.23548900 -2.16081619
v 0.08143001 -0.22712697 -2.16081619
v 0.12214501 0.22577234 -2.16081619
v 0.12214501 -0.21930958 -2.16081619
v 0.16286002 0.21240258 -2.16081619
v 0.16286002 -0.20855314 -2.16081619
v 0.20357502 0.19560848 -2.16081619
v 0.20357502 -0.19504169 -2.16081619
v 0.24429002 0.17567740 -2.16081619
v 0.24429002 -0.17900643 -2.16081619
v 0.28500503 0.15295033 -2.16081619
v 0.28500503 -0.16072169 -2.16081619
v 0.32572004 0.12781620 -2.16081619
v 0.32572004 -0.14050040 -2.16081619
v 0.36643505 0.10070499 -2.16081619
v 0.36643505 -0.11868848 -2.16081619
v 0.40715003 0.07208068 -2.16081619
v 0.40715003 -0.09565920 -2.16081619
v 0.44786504 0.04243294 -2.16081619
v 0.44786504 -0.07180655 -2.16081619
v 0.48858005 0.01226907 -2.16081619
v 0.48858005 -0.04753865 -2.16081619
v -0.42350000 0.03921489 -2.24699998
v -0.46199998 0.01098240 -2.24699998
v -0.46199998 -0.04308480 -2.24699998
v -0.42350000 -0.06599621 -2.24699998
v -0.38499999 0.06696432 -2.24699998
v -0.38499999 -0.08851561 -2.24699998
v -0.34649998 0.09375592 -2.24699998
v -0.34649998 -0.11025769 -2.24699998
v -0.30800000 0.11913120 -2.24699998
v -0.30800000 -0.13085040 -2.24699998
v -0.26949999 0.14265604 -2.24699998
v -0.26949999 -0.14994143 -2.24699998
v -0.23099999 0.16392790 -2.24699998
v -0.23099999 -0.16720411 -2.24699998
v -0.19250000 0.18258283 -2.24699998
v -0.19250000 -0.18234307 -2.24699998
v -0.15400000 0.19830161 -2.24699998
v -0.15400000 -0.19509928 -2.24699998
v -0.11550000 0.21081533 -2.24699998
v -0.11550000 -0.20525448 -2.24699998
v -0.07700000 0.21990985 -2.24699998
v -0.07700000 -0.21263492 -2.24699998
v -0.03850000 0.22542955 -2.24699998
v -0.03850000 -0.21711431 -2.24699998
v 0.00000000 0.22728001 -2.24699998
v 0.00000000 -0.21861601 -2.24699998
v 0.03850000 0.22542955 -2.24699998
v 0.03850000 -0.21711431 -2.24699998
v 0.07700000 0.21990985 -2.24699998
v 0.07700000 -0.21263492 -2.24699998
v 0.11550000 0.21081533 -2.24699998
v 0.11550000 -0.20525448 -2.24699998
v 0.15400000 0.19830161 -2.24699998
v 0.15400000 -0.19509928 -2.24699998
v 0.19250000 0.18258283 -2.24699998
v 0.19250000 -0.18234307 -2.24699998
v 0.23099999 0.16392790 -2.24699998
v 0.23099999 -0.16720411 -2.24699998
v 0.26949999 0.14265604 -2.24699998
v 0.26949999 -0.14994143 -2.24699998
v 0.30800000 0.11913120 -2.24699998
v 0.30800000 -0.13085040 -2.24699998
v 0.34649998 0.09375592 -2.24699998
v 0.34649998 -0.11025769 -2.24699998
v 0.38499999 0.06696432 -2.24699998
v 0.38499999 -0.08851561 -2.24699998
v 0.42350000 0.03921489 -2.24699998
v 0.42350000 -0.06599621 -2.24699998
v 0.46199998 0.01098240 -2.24699998
v 0.46199998 -0.04308480 -2.24699998
v -0.40772915 0.03680137 -2.30967903
v -0.44479543 0.01001740 -2.30967903
v -0.44479543 -0.03974441 -2.30967903
v -0.40772915 -0.06163847 -2.30967903
v -0.37066284 0.06312710 -2.30967903
v -0.37066284 -0.08315794 -2.30967903
v -0.33359659 0.08854404 -2.30967903
v -0.33359659 -0.10393456 -2.30967903
v -0.29653031 0.11261743 -2.30967903
v -0.29653031 -0.12361290 -2.30967903
v -0.25946400 0.13493530 -2.30967903
v -0.25946400 -0.14185622 -2.30967903
v -0.22239771 0.15511577 -2.30967903
v -0.22239771 -0.15835238 -2.30967903
v -0.18533142 0.17281356 -2.30967903
v -0.18533142 -0.17281911 -2.30967903
v -0.14826515 0.18772589 -2.30967903
v -0.14826515 -0.18500888 -2.30967903
v -0.11119886 0.19959755 -2.30967903
v -0.11119886 -0.19471318 -2.30967903
v -0.07413258 0.20822546 -2.30967903
v -0.07413258 -0.20176589 -2.30967903
v -0.03706629 0.21346198 -2.30967903
v -0.03706629 -0.20604637 -2.30967903
v 0.00000000 0.21521749 -2.30967903
v 0.00000000 -0.20748138 -2.30967903
v 0.03706629 0.21346198 -2.30967903
v 0.03706629 -0.20604637 -2.30967903
v 0.07413258 0.20822546 -2.30967903
v 0.07413258 -0.20176589 -2.30967903
v 0.11119886 0.19959755 -2.30967903
v 0.11119886 -0.19471318 -2.30967903
v 0.14826515 0.18772589 -2.30967903
v 0.14826515 -0.18500888 -2.30967903
v 0.18533142 0.17281356 -2.30967903
v 0.18533142 -0.17281911 -2.30967903
v 0.22239771 0.15511577 -2.30967903
v 0.22239771 -0.15835238 -2.30967903
v 0.25946400 0.13493530 -2.30967903
v 0.25946400 -0.14185622 -2.30967903
v 0.29653031 0.11261743 -2.30967903
v 0.29653031 -0.12361290 -2.30967903
v 0.33359659 0.08854404 -2.30967903
v 0.33359659 -0.10393456 -2.30967903
v 0.37066284 0.06312710 -2.30967903
v 0.37066284 -0.08315794 -2.30967903
v 0.40772915 0.03680137 -2.30967903
v 0.40772915 -0.06163847 -2.30967903
v 0.44479543 0.01001740 -2.30967903
v 0.44479543 -0.03974441 -2.30967903
v -0.36965501 0.03097463 -2.46099997
v -0.40325999 0.00768768 -2.46099997
v -0.40325999 -0.03168000 -2.46099997
v -0.36965501 -0.05111795 -2.46099997
v -0.33604997 0.05386316 -2.46099997
v -0.33604997 -0.07022334 -2.46099997
v -0.30244499 0.07596159 -2.46099997
v -0.30244499 -0.08866922 -2.46099997
v -0.26884001 0.09689184 -2.46099997
v -0.26884001 -0.10614000 -2.46099997
v -0.23523499 0.11629578 -2.46099997
v -0.23523499 -0.12233675 -2.46099997
v -0.20163000 0.13384141 -2.46099997
v -0.20163000 -0.13698235 -2.46099997
v -0.16802499 0.14922851 -2.46099997
v -0.16802499 -0.14982617 -2.46099997
v -0.13442001 0.16219380 -2.46099997
v -0.13442001 -0.16064851 -2.46099997
v -0.10081500 0.17251547 -2.46099997
v -0.10081500 -0.16926414 -2.46099997
v -0.06721000 0.18001688 -2.46099997
v -0.06721000 -0.17552568 -2.46099997
v -0.03360500 0.18456969 -2.46099997
v -0.03360500 -0.17932597 -2.46099997
v 0.00000000 0.18609600 -2.46099997
v 0.00000000 -0.18060000 -2.46099997
v 0.03360500 0.18456969 -2.46099997
v 0.03360500 -0.17932597 -2.46099997
v 0.06721000 0.18001688 -2.46099997
v 0.06721000 -0.17552568 -2.46099997
v 0.10081500 0.17251547 -2.46099997
v 0.10081500 -0.16926414 -2.46099997
v 0.13442001 0.16219380 -2.46099997
v 0.13442001 -0.16064851 -2.46099997
v 0.16802499 0.14922851 -2.46099997
v 0.16802499 -0.14982617 -2.46099997
v 0.20163000 0.13384141 -2.46099997
v 0.20163000 -0.13698235 -2.46099997
v 0.23523499 0.11629578 -2.46099997
v 0.23523499 -0.12233675 -2.46099997
v 0.26884001 0.09689184 -2.46099997
v 0.26884001 -0.10614000 -2.46099997
v 0.30244499 0.07596159 -2.46099997
v 0.30244499 -0.08866922 -2.46099997
v 0.33604997 0.05386316 -2.46099997
v 0.33604997 -0.07022334 -2.46099997
v 0.36965501 0.03097463 -2.46099997
v 0.36965501 -0.05111795 -2.46099997
v 0.40325999 0.00768768 -2.46099997
v 0.40325999 -0.03168000 -2.46099997
v -0.33158085 0.02514788 -2.61232090
v -0.36172456 0.00535796 -2.61232090
v -0.36172456 -0.02361559 -2.61232090
v -0.33158085 -0.04059744 -2.61232090
v -0.30143711 0.04459924 -2.61232090
v -0.30143711 -0.05728875 -2.61232090
v -0.27129340 0.06337912 -2.61232090
v -0.27129340 -0.07340388 -2.61232090
v -0.24114971 0.08116622 -2.61232090
v -0.24114971 -0.08866710 -2.61232090
v -0.21100599 0.09765626 -2.61232090
v -0.21100599 -0.10281730 -2.61232090
v -0.18086228 0.11256704 -2.61232090
v -0.18086228 -0.11561233 -2.61232090
v -0.15071855 0.12564346 -2.61232090
v -0.15071855 -0.12683327 -2.61232090
v -0.12057485 0.13666174 -2.61232090
v -0.12057485 -0.13628812 -2.61232090
v -0.09043114 0.14543338 -2.61232090
v -0.09043114 -0.14381512 -2.61232090
v -0.06028743 0.15180829 -2.61232090
v -0.06028743 -0.14928547 -2.61232090
v -0.03014371 0.15567741 -2.61232090
v -0.03014371 -0.15260558 -2.61232090
v 0.00000000 0.15697451 -2.61232090
v 0.00000000 -0.15371862 -2.61232090
v 0.03014371 0.15567741 -2.61232090
v 0.03014371 -0.15260558 -2.61232090
v 0.06028743 0.15180829 -2.61232090
v 0.06028743 -0.14928547 -2.61232090
v 0.09043114 0.14543338 -2.61232090
v 0.09043114 -0.14381512 -2.61232090
v 0.12057485 0.13666174 -2.61232090
v 0.12057485 -0.13628812 -2.61232090
v 0.15071855 0.12564346 -2.61232090
v 0.15071855 -0.12683327 -2.61232090
v 0.18086228 0.11256704 -2.61232090
v 0.18086228 -0.11561233 -2.61232090
v 0.21100599 0.09765626 -2.61232090
v 0.21100599 -0.10281730 -2.61232090
v 0.24114971 0.08116622 -2.61232090
v 0.24114971 -0.08866710 -2.61232090
v 0.27129340 0.06337912 -2.61232090
v 0.27129340 -0.07340388 -2.61232090
v 0.30143711 0.04459924 -2.61232090
v 0.30143711 -0.05728875 -2.61232090
v 0.33158085 0.02514788 -2.61232090
v 0.33158085 -0.04059744 -2.61232090
v 0.36172456 0.00535796 -2.61232090
v 0.36172456 -0.02361559 -2.61232090
v -0.31580999 0.02273438 -2.67499995
v -0.34452000 0.00439296 -2.67499995
v -0.34452000 -0.02027520 -2.67499995
v -0.31580999 -0.03623971 -2.67499995
v -0.28709999 0.04076197 -2.67499995
v -0.28709999 -0.05193105 -2.67499995
v -0.25839001 0.05816727 -2.67499995
v -0.25839001 -0.06708075 -2.67499995
v -0.22968000 0.07465248 -2.67499995
v -0.22968000 -0.08142959 -2.67499995
v -0.20096999 0.08993554 -2.67499995
v -0.20096999 -0.09473208 -2.67499995
v -0.17226000 0.10375493 -2.67499995
v -0.17226000 -0.10676058 -2.67499995
v -0.14354999 0.11587422 -2.67499995
v -0.14354999 -0.11730929 -2.67499995
v -0.11484000 0.12608603 -2.67499995
v -0.11484000 -0.12619773 -2.67499995
v -0.08613000 0.13421562 -2.67499995
v -0.08613000 -0.13327378 -2.67499995
v -0.05742000 0.14012393 -2.67499995
v -0.05742000 -0.13841642 -2.67499995
v -0.02871000 0.14370987 -2.67499995
v -0.02871000 -0.14153762 -2.67499995
v 0.00000000 0.14491200 -2.67499995
v 0.00000000 -0.14258400 -2.67499995
v 0.02871000 0.14370987 -2.67499995
v 0.02871000 -0.14153762 -2.67499995
v 0.05742000 0.14012393 -2.67499995
v 0.05742000 -0.13841642 -2.67499995
v 0.08613000 0.13421562 -2.67499995
v 0.08613000 -0.13327378 -2.67499995
v 0.11484000 0.12608603 -2.67499995
v 0.11484000 -0.12619773 -2.67499995
v 0.14354999 0.11587422 -2.67499995
v 0.14354999 -0.11730929 -2.67499995
v 0.17226000 0.10375493 -2.67499995
v 0.17226000 -0.10676058 -2.67499995
v 0.20096999 0.08993554 -2.67499995
v 0.20096999 -0.09473208 -2.67499995
v 0.22968000 0.07465248 -2.67499995
v 0.22968000 -0.08142959 -2.67499995
v 0.25839001 0.05816727 -2.67499995
v 0.25839001 -0.06708075 -2.67499995
v 0.28709999 0.04076197 -2.67499995
v 0.28709999 -0.05193105 -2.67499995
v 0.31580999 0.02273438 -2.67499995
v 0.31580999 -0.03623971 -2.67499995
v 0.34452000 0.00439296 -2.67499995
v 0.34452000 -0.02027520 -2.67499995
v -0.00000000 0.00389530 2.67500114
v -0.00000000 -0.00238442 -2.67500114
v 0.46199998 0.07014400 1.29999995
v 0.72407997 0.05870403 1.15249276
v 0.72407997 0.23116231 0.70796680
v 0.46199998 0.25040001 0.82599998
v 0.72407997 0.30019844 0.04117775
v 0.46199998 0.32240000 0.11499989
v 0.72407997 0.32704583 -0.69969893
v 0.46199998 0.35040000 -0.67500007
v 0.72407997 0.26951569 -1.44057560
v 0.46199998 0.29040000 -1.46500015
v 0.72407997 0.05870403 -2.55189061
v 0.46199998 0.07014400 -2.65000010
v 0.72407997 0.01034101 -2.55189061
v 0.46199998 0.01945600 -2.65000010
v 0.72407997 -0.03171569 -1.44057560
v 0.46199998 -0.02480000 -1.46500015
v 0.72407997 -0.00870364 -0.69969893
v 0.46199998 -0.00080000 -0.67500007
v 0.72407997 -0.02404501 0.04117775
v 0.46199998 -0.01680000 0.11499989
v 0.72407997 -0.04705705 0.70796680
v 0.46199998 -0.04080000 0.82599998
v 0.72407997 0.01034101 1.15249276
v 0.46199998 0.01945600 1.29999995
v 0.98615992 0.02984798 0.78042233
v 0.98615992 0.18263742 0.41024122
v 0.98615992 0.24419753 -0.14503050
v 0.98615992 0.26813757 -0.76199901
v 0.98615992 0.21683748 -1.37896740
v 0.98615992 0.02984798 -2.30442047
v 0.98615992 -0.01265051 -2.30442047
v 0.98615992 -0.04915973 -1.37896740
v 0.98615992 -0.02863969 -0.76199901
v 0.98615992 -0.04231972 -0.14503050
v 0.98615992 -0.06283976 0.41024122
v 0.98615992 -0.01265051 0.78042233
v 1.28099990 -0.01322800 0.22499990
v 1.28099990 0.11020000 -0.03420007
v 1.28099990 0.16060001 -0.42300010
v 1.28099990 0.18020001 -0.85500002
v 1.28099990 0.13820000 -1.28699994
v 1.28099990 -0.01322800 -1.93500006
v 1.28099990 -0.04697200 -1.93500006
v 1.28099990 -0.07520000 -1.28699994
v 1.28099990 -0.05840000 -0.85500002
v 1.28099990 -0.06960000 -0.42300010
v 1.28099990 -0.08640000 -0.03420007
v 1.28099990 -0.04697200 0.22499990
v 1.57584000 -0.05630398 -0.33042252
v 1.57584000 0.03776259 -0.47864136
v 1.57584000 0.07700247 -0.70096964
v 1.57584000 0.09226242 -0.94800103
v 1.57584000 0.05956252 -1.19503236
v 1.57584000 -0.05630398 -1.56557953
v 1.57584000 -0.08129349 -1.56557953
v 1.57584000 -0.10124027 -1.19503236
v 1.57584000 -0.08816031 -0.94800103
v 1.57584000 -0.09688029 -0.70096964
v 1.57584000 -0.10996024 -0.47864136
v 1.57584000 -0.08129349 -0.33042252
v 1.83791983 -0.08516002 -0.70249295
v 1.83791983 -0.01076231 -0.77636695
v 1.83791983 0.02100156 -0.88717794
v 1.83791983 0.03335417 -1.01030123
v 1.83791983 0.00688428 -1.13342452
v 1.83791983 -0.08516002 -1.31810951
v 1.83791983 -0.10428501 -1.31810951
v 1.83791983 -0.11868431 -1.13342452
v 1.83791983 -0.10809636 -1.01030123
v 1.83791983 -0.11515500 -0.88717794
v 1.83791983 -0.12574296 -0.77636695
v 1.83791983 -0.10428501 -0.70249295
v 2.09999990 -0.09660000 -0.85000014
v 2.09999990 -0.02999999 -0.89440012
v 2.09999990 -0.00119999 -0.96100008
v 2.09999990 0.01000001 -1.03500009
v 2.09999990 -0.01399999 -1.10900009
v 2.09999990 -0.09660000 -1.22000003
v 2.09999990 -0.11340000 -1.22000003
v 2.09999990 -0.12560000 -1.10900009
v 2.09999990 -0.11600000 -1.03500009
v 2.09999990 -0.12240000 -0.96100008
v 2.09999990 -0.13200000 -0.89440012
v 2.09999990 -0.11340000 -0.85000014
v 0.46199995 0.10913335 -0.42483348
v 2.10000038 -0.07926666 -1.01156688
v -0.46199998 0.07014400 1.29999995
v -0.46199998 0.25040001 0.82599998
v -0.72407997 0.23116231 0.70796680
v -0.72407997 0.05870403 1.15249276
v -0.46199998 0.32240000 0.11499989
v -0.72407997 0.30019844 0.04117775
v -0.46199998 0.35040000 -0.67500007
v -0.72407997 0.32704583 -0.69969893
v -0.46199998 0.29040000 -1.46500015
v -0.72407997 0.26951569 -1.44057560
v -0.46199998 0.07014400 -2.65000010
v -0.72407997 0.05870403 -2.55189061
v -0.46199998 0.01945600 -2.65000010
v -0.72407997 0.01034101 -2.55189061
v -0.46199998 -0.02480000 -1.46500015
v -0.72407997 -0.03171569 -1.44057560
v -0.46199998 -0.00080000 -0.67500007
v -0.72407997 -0.00870364 -0.69969893
v -0.46199998 -0.01680000 0.11499989
v -0.72407997 -0.02404501 0.04117775
v -0.46199998 -0.04080000 0.82599998
v -0.72407997 -0.04705705 0.70796680
v -0.46199998 0.01945600 1.29999995
v -0.72407997 0.01034101 1.15249276
v -0.98615992 0.18263742 0.41024122
v -0.98615992 0.02984798 0.78042233
v -0.98615992 0.24419753 -0.14503050
v -0.98615992 0.26813757 -0.76199901
v -0.98615992 0.21683748 -1.37896740
v -0.98615992 0.02984798 -2.30442047
v -0.98615992 -0.01265051 -2.30442047
v -0.98615992 -0.04915973 -1.37896740
v -0.98615992 -0.02863969 -0.76199901
v -0.98615992 -0.04231972 -0.14503050
v -0.98615992 -0.06283976 0.41024122
v -0.98615992 -0.01265051 0.78042233
v -1.28099990 0.11020000 -0.03420007
v -1.28099990 -0.01322800 0.22499990
v -1.28099990 0.16060001 -0.42300010
v -1.28099990 0.18020001 -0.85500002
v -1.28099990 0.13820000 -1.28699994
v -1.28099990 -0.01322800 -1.93500006
v -1.28099990 -0.04697200 -1.93500006
v -1.28099990 -0.07520000 -1.28699994
v -1.28099990 -0.05840000 -0.85500002
v -1.28099990 -0.06960000 -0.42300010
v -1.28099990 -0.08640000 -0.03420007
v -1.28099990 -0.04697200 0.22499990
v -1.57584000 0.03776259 -0.47864136
v -1.57584000 -0.05630398 -0.33042252
v -1.57584000 0.07700247 -0.70096964
v -1.57584000 0.09226242 -0.94800103
v -1.57584000 0.05956252 -1.19503236
v -1.57584000 -0.05630398 -1.56557953
v -1.57584000 -0.08129349 -1.56557953
v -1.57584000 -0.10124027 -1.19503236
v -1.57584000 -0.08816031 -0.94800103
v -1.57584000 -0.09688029 -0.70096964
v -1.57584000 -0.10996024 -0.47864136
v -1.57584000 -0.08129349 -0.33042252
v -1.83791983 -0.01076231 -0.77636695
v -1.83791983 -0.08516002 -0.70249295
v -1.83791983 0.02100156 -0.88717794
v -1.83791983 0.03335417 -1.01030123
v -1.83791983 0.00688428 -1.13342452
v -1.83791983 -0.08516002 -1.31810951
v -1.83791983 -0.10428501 -1.31810951
v -1.83791983 -0.11868431 -1.13342452
v -1.83791983 -0.10809636 -1.01030123
v -1.83791983 -0.11515500 -0.88717794
v -1.83791983 -0.12574296 -0.77636695
v -1.83791983 -0.10428501 -0.70249295
v -2.09999990 -0.02999999 -0.89440012
v -2.09999990 -0.09660000 -0.85000014
v -2.09999990 -0.00119999 -0.96100008
v -2.09999990 0.01000001 -1.03500009
v -2.09999990 -0.01399999 -1.10900009
v -2.09999990 -0.09660000 -1.22000003
v -2.09999990 -0.11340000 -1.22000003
v -2.09999990 -0.12560000 -1.10900009
v -2.09999990 -0.11600000 -1.03500009
v -2.09999990 -0.12240000 -0.96100008
v -2.09999990 -0.13200000 -0.89440012
v -2.09999990 -0.11340000 -0.85000014
v -0.46199995 0.10913335 -0.42483348
v -2.10000038 -0.07926666 -1.01156688
v -0.29639998 0.43599999 0.45000005
v -0.38999999 0.39399999 0.91800004
v -0.32759997 0.56140000 0.91800004
v -0.24897598 0.53644001 0.45000005
v -0.13259999 0.66399997 0.91800004
v -0.10077599 0.59799999 0.45000005
v 0.13259999 0.66399997 0.91800004
v 0.10077599 0.59799999 0.45000005
v 0.32759997 0.56140000 0.91800004
v 0.24897598 0.53644001 0.45000005
v 0.38999999 0.39399999 0.91800004
v 0.29639998 0.43599999 0.45000005
v -0.28080001 0.42999998 1.46399999
v -0.23587200 0.56019998 1.46399999
v -0.09547201 0.63999999 1.46399999
v 0.09547201 0.63999999 1.46399999
v 0.23587200 0.56019998 1.46399999
v 0.28080001 0.42999998 1.46399999
v -0.10140000 0.48999998 1.75000000
v -0.08517599 0.54951996 1.75000000
v -0.03447600 0.58599997 1.75000000
v 0.03447600 0.58599997 1.75000000
v 0.08517599 0.54951996 1.75000000
v 0.10140000 0.48999998 1.75000000
v 0.00000000 0.52348006 0.45000005
v 0.00000000 0.54183996 1.75000000
v -0.82270181 0.02148899 -2.34278631
v -0.85178250 0.09963095 -2.34278631
v -0.75476038 0.13996229 -2.09934449
v -0.71067035 0.02148899 -2.09934449
v -0.93123233 0.15683487 -2.34278631
v -0.87521660 0.22669080 -2.09934449
v -1.03976285 0.17777291 -2.34278631
v -1.03976285 0.25843561 -2.09934449
v -1.14829338 0.15683484 -2.34278631
v -1.20430911 0.22669077 -2.09934449
v -1.22774327 0.09963093 -2.34278631
v -1.32476532 0.13996226 -2.09934449
v -1.25682390 0.02148897 -2.34278631
v -1.36885536 0.02148897 -2.09934449
v -1.22774315 -0.05665301 -2.34278631
v -1.32476532 -0.09698436 -2.09934449
v -1.14829338 -0.11385689 -2.34278631
v -1.20430911 -0.18371281 -2.09934449
v -1.03976285 -0.13479495 -2.34278631
v -1.03976285 -0.21545762 -2.09934449
v -0.93123227 -0.11385684 -2.34278631
v -0.87521648 -0.18371275 -2.09934449
v -0.85178244 -0.05665294 -2.34278631
v -0.75476038 -0.09698425 -2.09934449
v -0.73656875 0.14752442 -1.52138567
v -0.68966448 0.02148899 -1.52138567
v -0.86471367 0.23978877 -1.52138567
v -1.03976285 0.27355984 -1.52138567
v -1.21481204 0.23978874 -1.52138567
v -1.34295702 0.14752439 -1.52138567
v -1.38986123 0.02148896 -1.52138567
v -1.34295690 -0.10454648 -1.52138567
v -1.21481204 -0.19681081 -1.52138567
v -1.03976285 -0.23058185 -1.52138567
v -0.86471355 -0.19681072 -1.52138567
v -0.73656869 -0.10454638 -1.52138567
v -0.77295208 0.13240017 -1.03468347
v -0.73167622 0.02148899 -1.03468347
v -0.88571954 0.21359280 -1.03468347
v -1.03976285 0.24331135 -1.03468347
v -1.19380617 0.21359277 -1.03468347
v -1.30657363 0.13240013 -1.03468347
v -1.34784949 0.02148897 -1.03468347
v -1.30657363 -0.08942223 -1.03468347
v -1.19380617 -0.17061481 -1.03468347
v -1.03976285 -0.20033339 -1.03468347
v -0.88571942 -0.17061475 -1.03468347
v -0.77295196 -0.08942213 -1.03468347
v -0.88210189 0.08702741 -0.91300797
v -0.85771167 0.02148899 -0.91300797
v -0.94873726 0.13500488 -0.91300797
v -1.03976285 0.15256584 -0.91300797
v -1.13078845 0.13500486 -0.91300797
v -1.19742382 0.08702739 -0.91300797
v -1.22181404 0.02148898 -0.91300797
v -1.19742382 -0.04404946 -0.91300797
v -1.13078845 -0.09202690 -0.91300797
v -1.03976285 -0.10958786 -0.91300797
v -0.94873720 -0.09202687 -0.91300797
v -0.88210189 -0.04404940 -0.91300797
v -1.03976297 0.02148898 -2.34278679
v -1.03976297 0.02148899 -0.91300786
v -1.05726779 0.02148899 -2.65101314
v -1.07321525 0.08100571 -2.65101314
v -1.07321525 0.08100571 -2.43395209
v -1.05726779 0.02148899 -2.43395209
v -1.17630124 0.02148899 -2.43395209
v -1.17630124 0.02148899 -2.65101314
v -1.11678457 0.12457499 -2.65101314
v -1.11678457 0.12457499 -2.43395209
v -1.17630124 0.14052245 -2.65101314
v -1.17630124 0.14052245 -2.43395209
v -1.23581803 0.12457498 -2.65101314
v -1.23581803 0.12457498 -2.43395209
v -1.27938724 0.08100569 -2.65101314
v -1.27938724 0.08100569 -2.43395209
v -1.29533470 0.02148898 -2.65101314
v -1.29533470 0.02148898 -2.43395209
v -1.27938724 -0.03802776 -2.65101314
v -1.27938724 -0.03802776 -2.43395209
v -1.23581791 -0.08159702 -2.65101314
v -1.23581791 -0.08159702 -2.43395209
v -1.17630124 -0.09754447 -2.65101314
v -1.17630124 -0.09754447 -2.43395209
v -1.11678445 -0.08159699 -2.65101314
v -1.11678445 -0.08159699 -2.43395209
v -1.07321525 -0.03802771 -2.65101314
v -1.07321525 -0.03802771 -2.43395209
v -0.78419101 0.02148899 -2.65101314
v -0.80013847 0.08100571 -2.65101314
v -0.80013847 0.08100571 -2.43395209
v -0.78419101 0.02148899 -2.43395209
v -0.90322447 0.02148899 -2.43395209
v -0.90322447 0.02148899 -2.65101314
v -0.84370774 0.12457499 -2.65101314
v -0.84370774 0.12457499 -2.43395209
v -0.90322447 0.14052245 -2.65101314
v -0.90322447 0.14052245 -2.43395209
v -0.96274120 0.12457498 -2.65101314
v -0.96274120 0.12457498 -2.43395209
v -1.00631046 0.08100569 -2.65101314
v -1.00631046 0.08100569 -2.43395209
v -1.02225792 0.02148898 -2.65101314
v -1.02225792 0.02148898 -2.43395209
v -1.00631046 -0.03802776 -2.65101314
v -1.00631046 -0.03802776 -2.43395209
v -0.96274120 -0.08159702 -2.65101314
v -0.96274120 -0.08159702 -2.43395209
v -0.90322447 -0.09754447 -2.65101314
v -0.90322447 -0.09754447 -2.43395209
v -0.84370768 -0.08159699 -2.65101314
v -0.84370768 -0.08159699 -2.43395209
v -0.80013847 -0.03802771 -2.65101314
v -0.80013847 -0.03802771 -2.43395209
v -0.62664676 0.02148899 -2.69899225
v -0.70554495 0.26431254 -2.69899225
v -0.70554495 0.26431254 -2.65992117
v -0.62664676 0.02148899 -2.65992117
v -0.78575718 0.20603490 -2.69899225
v -0.72579461 0.02148899 -2.69899225
v -0.72579461 0.02148899 -2.65992117
v -0.78575718 0.20603490 -2.65992117
v -0.91210294 0.41438577 -2.69899225
v -0.91210294 0.41438577 -2.65992117
v -0.94274133 0.32009053 -2.69899225
v -0.94274133 0.32009053 -2.65992117
v -1.16742277 0.41438574 -2.69899225
v -1.16742277 0.41438574 -2.65992117
v -1.13678443 0.32009053 -2.69899225
v -1.13678443 0.32009053 -2.65992117
v -1.37398076 0.26431251 -2.69899225
v -1.37398076 0.26431251 -2.65992117
v -1.29376853 0.20603487 -2.69899225
v -1.29376853 0.20603487 -2.65992117
v -1.45287895 0.02148895 -2.69899225
v -1.45287895 0.02148895 -2.65992117
v -1.35373116 0.02148896 -2.69899225
v -1.35373116 0.02148896 -2.65992117
v -1.37398076 -0.22133461 -2.69899225
v -1.37398076 -0.22133461 -2.65992117
v -1.29376853 -0.16305694 -2.69899225
v -1.29376853 -0.16305694 -2.65992117
v -1.16742265 -0.37140781 -2.69899225
v -1.16742265 -0.37140781 -2.65992117
v -1.13678432 -0.27711257 -2.69899225
v -1.13678432 -0.27711257 -2.65992117
v -0.91210294 -0.37140775 -2.69899225
v -0.91210294 -0.37140775 -2.65992117
v -0.94274127 -0.27711254 -2.69899225
v -0.94274127 -0.27711254 -2.65992117
v -0.70554495 -0.22133458 -2.69899225
v -0.70554495 -0.22133458 -2.65992117
v -0.78575718 -0.16305694 -2.69899225
v -0.78575718 -0.16305694 -2.65992117
v -0.78769201 0.02148899 -2.73316646
v -0.83583325 0.16965252 -2.73316646
v -0.83583325 0.16965252 -2.66804814
v -0.78769201 0.02148899 -2.66804814
v -0.88477635 0.13409325 -2.73316646
v -0.84818900 0.02148899 -2.73316646
v -0.84818900 0.02148899 -2.66804814
v -0.88477635 0.13409325 -2.66804814
v -0.96186870 0.26122260 -2.73316646
v -0.96186870 0.26122260 -2.66804814
v -0.98056328 0.20368654 -2.73316646
v -0.98056328 0.20368654 -2.66804814
v -1.11765707 0.26122260 -2.73316646
v -1.11765707 0.26122260 -2.66804814
v -1.09896243 0.20368654 -2.73316646
v -1.09896243 0.20368654 -2.66804814
v -1.24369252 0.16965249 -2.73316646
v -1.24369252 0.16965249 -2.66804814
v -1.19474936 0.13409325 -2.73316646
v -1.19474936 0.13409325 -2.66804814
v -1.29183364 0.02148896 -2.73316646
v -1.29183364 0.02148896 -2.66804814
v -1.23133671 0.02148897 -2.73316646
v -1.23133671 0.02148897 -2.66804814
v -1.24369240 -0.12667456 -2.73316646
v -1.24369240 -0.12667456 -2.66804814
v -1.19474936 -0.09111531 -2.73316646
v -1.19474936 -0.09111531 -2.66804814
v -1.11765695 -0.21824464 -2.73316646
v -1.11765695 -0.21824464 -2.66804814
v -1.09896231 -0.16070858 -2.73316646
v -1.09896231 -0.16070858 -2.66804814
v -0.96186864 -0.21824461 -2.73316646
v -0.96186864 -0.21824461 -2.66804814
v -0.98056328 -0.16070855 -2.73316646
v -0.98056328 -0.16070855 -2.66804814
v -0.83583325 -0.12667456 -2.73316646
v -0.83583325 -0.12667456 -2.66804814
v -0.88477635 -0.09111530 -2.73316646
v -0.88477635 -0.09111530 -2.66804814
v -1.32684350 -0.22708088 -2.64751220
v -1.32684350 0.27005884 -2.64751220
v -1.32684350 0.27005884 -2.52847886
v -1.32684350 -0.22708088 -2.52847886
v -1.39686322 -0.22708088 -2.52847886
v -1.39686322 0.27005884 -2.52847886
v -1.39686322 0.27005884 -2.64751220
v -1.39686322 -0.22708088 -2.64751220
v -0.68266249 -0.22708088 -2.64751220
v -0.68266249 0.27005884 -2.64751220
v -0.68266249 0.27005884 -2.52847886
v -0.68266249 -0.22708088 -2.52847886
v -0.75268221 -0.22708088 -2.52847886
v -0.75268221 0.27005884 -2.52847886
v -0.75268221 0.27005884 -2.64751220
v -0.75268221 -0.22708088 -2.64751220
v -0.71767235 0.02148899 -2.68255854
v -0.77918613 0.21080905 -2.68255854
v -0.77918613 0.21080905 -2.65805149
v -0.71767235 0.02148899 -2.65805149
v -0.84172451 0.16537225 -2.68255854
v -0.79497403 0.02148899 -2.68255854
v -0.79497403 0.02148899 -2.65805149
v -0.84172451 0.16537225 -2.65805149
v -0.94023144 0.32781529 -2.68255854
v -0.94023144 0.32781529 -2.65805149
v -0.96411896 0.25429699 -2.68255854
v -0.96411896 0.25429699 -2.65805149
v -1.13929427 0.32781529 -2.68255854
v -1.13929427 0.32781529 -2.65805149
v -1.11540675 0.25429696 -2.68255854
v -1.11540675 0.25429696 -2.65805149
v -1.30033958 0.21080902 -2.68255854
v -1.30033958 0.21080902 -2.65805149
v -1.23780119 0.16537222 -2.68255854
v -1.23780119 0.16537222 -2.65805149
v -1.36185336 0.02148896 -2.68255854
v -1.36185336 0.02148896 -2.65805149
v -1.28455162 0.02148897 -2.68255854
v -1.28455162 0.02148897 -2.65805149
v -1.30033958 -0.16783112 -2.68255854
v -1.30033958 -0.16783112 -2.65805149
v -1.23780119 -0.12239429 -2.68255854
v -1.23780119 -0.12239429 -2.65805149
v -1.13929415 -0.28483734 -2.68255854
v -1.13929415 -0.28483734 -2.65805149
v -1.11540663 -0.21131903 -2.68255854
v -1.11540663 -0.21131903 -2.65805149
v -0.94023138 -0.28483731 -2.68255854
v -0.94023138 -0.28483731 -2.65805149
v -0.96411890 -0.21131900 -2.68255854
v -0.96411890 -0.21131900 -2.65805149
v -0.77918613 -0.16783109 -2.68255854
v -0.77918613 -0.16783109 -2.65805149
v -0.84172457 -0.12239427 -2.68255854
v -0.84172457 -0.12239427 -2.65805149
v 1.25682390 0.02148899 -2.34278631
v 1.22774315 0.09963095 -2.34278631
v 1.32476532 0.13996229 -2.09934449
v 1.36885536 0.02148899 -2.09934449
v 1.14829338 0.15683487 -2.34278631
v 1.20430911 0.22669080 -2.09934449
v 1.03976285 0.17777291 -2.34278631
v 1.03976285 0.25843561 -2.09934449
v 0.93123233 0.15683484 -2.34278631
v 0.87521660 0.22669077 -2.09934449
v 0.85178250 0.09963093 -2.34278631
v 0.75476038 0.13996226 -2.09934449
v 0.82270181 0.02148897 -2.34278631
v 0.71067035 0.02148897 -2.09934449
v 0.85178256 -0.05665301 -2.34278631
v 0.75476038 -0.09698436 -2.09934449
v 0.93123239 -0.11385689 -2.34278631
v 0.87521660 -0.18371281 -2.09934449
v 1.03976285 -0.13479495 -2.34278631
v 1.03976285 -0.21545762 -2.09934449
v 1.14829350 -0.11385684 -2.34278631
v 1.20430923 -0.18371275 -2.09934449
v 1.22774327 -0.05665294 -2.34278631
v 1.32476532 -0.09698425 -2.09934449
v 1.34295702 0.14752442 -1.52138567
v 1.38986123 0.02148899 -1.52138567
v 1.21481204 0.23978877 -1.52138567
v 1.03976285 0.27355984 -1.52138567
v 0.86471367 0.23978874 -1.52138567
v 0.73656869 0.14752439 -1.52138567
v 0.68966448 0.02148896 -1.52138567
v 0.73656881 -0.10454648 -1.52138567
v 0.86471367 -0.19681081 -1.52138567
v 1.03976285 -0.23058185 -1.52138567
v 1.21481216 -0.19681072 -1.52138567
v 1.34295702 -0.10454638 -1.52138567
v 1.30657363 0.13240017 -1.03468347
v 1.34784949 0.02148899 -1.03468347
v 1.19380617 0.21359280 -1.03468347
v 1.03976285 0.24331135 -1.03468347
v 0.88571954 0.21359277 -1.03468347
v 0.77295202 0.13240013 -1.03468347
v 0.73167622 0.02148897 -1.03468347
v 0.77295208 -0.08942223 -1.03468347
v 0.88571960 -0.17061481 -1.03468347
v 1.03976285 -0.20033339 -1.03468347
v 1.19380629 -0.17061475 -1.03468347
v 1.30657375 -0.08942213 -1.03468347
v 1.19742382 0.08702741 -0.91300797
v 1.22181404 0.02148899 -0.91300797
v 1.13078845 0.13500488 -0.91300797
v 1.03976285 0.15256584 -0.91300797
v 0.94873726 0.13500486 -0.91300797
v 0.88210189 0.08702739 -0.91300797
v 0.85771167 0.02148898 -0.91300797
v 0.88210195 -0.04404946 -0.91300797
v 0.94873726 -0.09202690 -0.91300797
v 1.03976285 -0.10958786 -0.91300797
v 1.13078845 -0.09202687 -0.91300797
v 1.19742382 -0.04404940 -0.91300797
v 1.03976297 0.02148898 -2.34278679
v 1.03976297 0.02148899 -0.91300786
v 1.02225792 0.02148899 -2.65101314
v 1.00631046 0.08100571 -2.65101314
v 1.00631046 0.08100571 -2.43395209
v 1.02225792 0.02148899 -2.43395209
v 0.90322447 0.02148899 -2.43395209
v 0.90322447 0.02148899 -2.65101314
v 0.96274120 0.12457499 -2.65101314
v 0.96274120 0.12457499 -2.43395209
v 0.90322447 0.14052245 -2.65101314
v 0.90322447 0.14052245 -2.43395209
v 0.84370774 0.12457498 -2.65101314
v 0.84370774 0.12457498 -2.43395209
v 0.80013847 0.08100569 -2.65101314
v 0.80013847 0.08100569 -2.43395209
v 0.78419101 0.02148898 -2.65101314
v 0.78419101 0.02148898 -2.43395209
v 0.80013847 -0.03802776 -2.65101314
v 0.80013847 -0.03802776 -2.43395209
v 0.84370774 -0.08159702 -2.65101314
v 0.84370774 -0.08159702 -2.43395209
v 0.90322447 -0.09754447 -2.65101314
v 0.90322447 -0.09754447 -2.43395209
v 0.96274126 -0.08159699 -2.65101314
v 0.96274126 -0.08159699 -2.43395209
v 1.00631046 -0.03802771 -2.65101314
v 1.00631046 -0.03802771 -2.43395209
v 1.29533470 0.02148899 -2.65101314
v 1.27938724 0.08100571 -2.65101314
v 1.27938724 0.08100571 -2.43395209
v 1.29533470 0.02148899 -2.43395209
v 1.17630124 0.02148899 -2.43395209
v 1.17630124 0.02148899 -2.65101314
v 1.23581791 0.12457499 -2.65101314
v 1.23581791 0.12457499 -2.43395209
v 1.17630124 0.14052245 -2.65101314
v 1.17630124 0.14052245 -2.43395209
v 1.11678445 0.12457498 -2.65101314
v 1.11678445 0.12457498 -2.43395209
v 1.07321525 0.08100569 -2.65101314
v 1.07321525 0.08100569 -2.43395209
v 1.05726779 0.02148898 -2.65101314
v 1.05726779 0.02148898 -2.43395209
v 1.07321525 -0.03802776 -2.65101314
v 1.07321525 -0.03802776 -2.43395209
v 1.11678457 -0.08159702 -2.65101314
v 1.11678457 -0.08159702 -2.43395209
v 1.17630124 -0.09754447 -2.65101314
v 1.17630124 -0.09754447 -2.43395209
v 1.23581803 -0.08159699 -2.65101314
v 1.23581803 -0.08159699 -2.43395209
v 1.27938724 -0.03802771 -2.65101314
v 1.27938724 -0.03802771 -2.43395209
v 1.45287895 0.02148899 -2.69899225
v 1.37398076 0.26431254 -2.69899225
v 1.37398076 0.26431254 -2.65992117
v 1.45287895 0.02148899 -2.65992117
v 1.29376853 0.20603490 -2.69899225
v 1.35373116 0.02148899 -2.69899225
v 1.35373116 0.02148899 -2.65992117
v 1.29376853 0.20603490 -2.65992117
v 1.16742277 0.41438577 -2.69899225
v 1.16742277 0.41438577 -2.65992117
v 1.13678432 0.32009053 -2.69899225
v 1.13678432 0.32009053 -2.65992117
v 0.91210294 0.41438574 -2.69899225
v 0.91210294 0.41438574 -2.65992117
v 0.94274133 0.32009053 -2.69899225
v 0.94274133 0.32009053 -2.65992117
v 0.70554489 0.26431251 -2.69899225
v 0.70554489 0.26431251 -2.65992117
v 0.78575718 0.20603487 -2.69899225
v 0.78575718 0.20603487 -2.65992117
v 0.62664676 0.02148895 -2.69899225
v 0.62664676 0.02148895 -2.65992117
v 0.72579461 0.02148896 -2.69899225
v 0.72579461 0.02148896 -2.65992117
v 0.70554495 -0.22133461 -2.69899225
v 0.70554495 -0.22133461 -2.65992117
v 0.78575718 -0.16305694 -2.69899225
v 0.78575718 -0.16305694 -2.65992117
v 0.91210312 -0.37140781 -2.69899225
v 0.91210312 -0.37140781 -2.65992117
v 0.94274145 -0.27711257 -2.69899225
v 0.94274145 -0.27711257 -2.65992117
v 1.16742277 -0.37140775 -2.69899225
v 1.16742277 -0.37140775 -2.65992117
v 1.13678443 -0.27711254 -2.69899225
v 1.13678443 -0.27711254 -2.65992117
v 1.37398076 -0.22133458 -2.69899225
v 1.37398076 -0.22133458 -2.65992117
v 1.29376853 -0.16305694 -2.69899225
v 1.29376853 -0.16305694 -2.65992117
v 1.29183364 0.02148899 -2.73316646
v 1.24369240 0.16965252 -2.73316646
v 1.24369240 0.16965252 -2.66804814
v 1.29183364 0.02148899 -2.66804814
v 1.19474936 0.13409325 -2.73316646
v 1.23133671 0.02148899 -2.73316646
v 1.23133671 0.02148899 -2.66804814
v 1.19474936 0.13409325 -2.66804814
v 1.11765707 0.26122260 -2.73316646
v 1.11765707 0.26122260 -2.66804814
v 1.09896243 0.20368654 -2.73316646
v 1.09896243 0.20368654 -2.66804814
v 0.96186864 0.26122260 -2.73316646
v 0.96186864 0.26122260 -2.66804814
v 0.98056328 0.20368654 -2.73316646
v 0.98056328 0.20368654 -2.66804814
v 0.83583325 0.16965249 -2.73316646
v 0.83583325 0.16965249 -2.66804814
v 0.88477635 0.13409325 -2.73316646
v 0.88477635 0.13409325 -2.66804814
v 0.78769201 0.02148896 -2.73316646
v 0.78769201 0.02148896 -2.66804814
v 0.84818900 0.02148897 -2.73316646
v 0.84818900 0.02148897 -2.66804814
v 0.83583325 -0.12667456 -2.73316646
v 0.83583325 -0.12667456 -2.66804814
v 0.88477635 -0.09111531 -2.73316646
v 0.88477635 -0.09111531 -2.66804814
v 0.96186876 -0.21824464 -2.73316646
v 0.96186876 -0.21824464 -2.66804814
v 0.98056334 -0.16070858 -2.73316646
v 0.98056334 -0.16070858 -2.66804814
v 1.11765707 -0.21824461 -2.73316646
v 1.11765707 -0.21824461 -2.66804814
v 1.09896243 -0.16070855 -2.73316646
v 1.09896243 -0.16070855 -2.66804814
v 1.24369240 -0.12667456 -2.73316646
v 1.24369240 -0.12667456 -2.66804814
v 1.19474936 -0.09111530 -2.73316646
v 1.19474936 -0.09111530 -2.66804814
v 0.75268221 -0.22708088 -2.64751220
v 0.75268221 0.27005884 -2.64751220
v 0.75268221 0.27005884 -2.52847886
v 0.75268221 -0.22708088 -2.52847886
v 0.68266249 -0.22708088 -2.52847886
v 0.68266249 0.27005884 -2.52847886
v 0.68266249 0.27005884 -2.64751220
v 0.68266249 -0.22708088 -2.64751220
v 1.39686322 -0.22708088 -2.64751220
v 1.39686322 0.27005884 -2.64751220
v 1.39686322 0.27005884 -2.52847886
v 1.39686322 -0.22708088 -2.52847886
v 1.32684350 -0.22708088 -2.52847886
v 1.32684350 0.27005884 -2.52847886
v 1.32684350 0.27005884 -2.64751220
v 1.32684350 -0.22708088 -2.64751220
v 1.36185336 0.02148899 -2.68255854
v 1.30033958 0.21080905 -2.68255854
v 1.30033958 0.21080905 -2.65805149
v 1.36185336 0.02148899 -2.65805149
v 1.23780119 0.16537225 -2.68255854
v 1.28455162 0.02148899 -2.68255854
v 1.28455162 0.02148899 -2.65805149
v 1.23780119 0.16537225 -2.65805149
v 1.13929427 0.32781529 -2.68255854
v 1.13929427 0.32781529 -2.65805149
v 1.11540675 0.25429699 -2.68255854
v 1.11540675 0.25429699 -2.65805149
v 0.94023138 0.32781529 -2.68255854
v 0.94023138 0.32781529 -2.65805149
v 0.96411896 0.25429696 -2.68255854
v 0.96411896 0.25429696 -2.65805149
v 0.77918613 0.21080902 -2.68255854
v 0.77918613 0.21080902 -2.65805149
v 0.84172451 0.16537222 -2.68255854
v 0.84172451 0.16537222 -2.65805149
v 0.71767235 0.02148896 -2.68255854
v 0.71767235 0.02148896 -2.65805149
v 0.79497403 0.02148897 -2.68255854
v 0.79497403 0.02148897 -2.65805149
v 0.77918613 -0.16783112 -2.68255854
v 0.77918613 -0.16783112 -2.65805149
v 0.84172457 -0.12239429 -2.68255854
v 0.84172457 -0.12239429 -2.65805149
v 0.94023150 -0.28483734 -2.68255854
v 0.94023150 -0.28483734 -2.65805149
v 0.96411902 -0.21131903 -2.68255854
v 0.96411902 -0.21131903 -2.65805149
v 1.13929439 -0.28483731 -2.68255854
v 1.13929439 -0.28483731 -2.65805149
v 1.11540675 -0.21131900 -2.68255854
v 1.11540675 -0.21131900 -2.65805149
v 1.30033958 -0.16783109 -2.68255854
v 1.30033958 -0.16783109 -2.65805149
v 1.23780119 -0.12239427 -2.68255854
v 1.23780119 -0.12239427 -2.65805149
v -0.72229511 -0.05203008 -1.79691386
v -0.21453542 -0.05203008 -1.06262207
v -0.85609746 -0.04852910 -0.76796174
v -1.22447217 -0.04852910 -1.30068326
v -0.21349144 0.20003757 -1.06334400
v -0.85505354 0.20353857 -0.76868367
v -0.72125119 0.20003757 -1.79763579
v -1.22342813 0.20353857 -1.30140519
v 0.21453542 -0.05203008 -1.06262207
v 0.72229511 -0.05203008 -1.79691386
v 1.22447217 -0.04852910 -1.30068326
v 0.85609746 -0.04852910 -0.76796174
v 0.72125119 0.20003757 -1.79763579
v 1.22342813 0.20353857 -1.30140519
v 0.21349144 0.20003757 -1.06334400
v 0.85505354 0.20353857 -0.76868367
v 0.24905996 0.44814539 -0.90536493
v 0.20149374 0.48341250 -0.90536493
v 0.38619637 0.51574069 -0.69532430
v 0.47736496 0.44814539 -0.69532430
v 0.07696375 0.50520879 -0.90536493
v 0.14751387 0.55751687 -0.69532430
v -0.07696377 0.50520879 -0.90536493
v -0.14751390 0.55751687 -0.69532430
v -0.20149375 0.48341250 -0.90536493
v -0.38619637 0.51574069 -0.69532430
v -0.24905996 0.44814539 -0.90536493
v -0.47736496 0.44814539 -0.69532430
v -0.20149373 0.41287827 -0.90536493
v -0.38619635 0.38055009 -0.69532430
v -0.07696368 0.39108199 -0.90536493
v -0.14751372 0.33877388 -0.69532430
v 0.07696380 0.39108199 -0.90536493
v 0.14751396 0.33877391 -0.69532430
v 0.20149373 0.41287827 -0.90536493
v 0.38619635 0.38055009 -0.69532430
v 0.45336094 0.52749640 -0.42799997
v 0.56038499 0.44814539 -0.42799997
v 0.17316847 0.57653803 -0.42799997
v -0.17316850 0.57653803 -0.42799997
v -0.45336097 0.52749640 -0.42799997
v -0.56038499 0.44814539 -0.42799997
v -0.45336092 0.36879435 -0.42799997
v -0.17316829 0.31975275 -0.42799997
v 0.17316855 0.31975275 -0.42799997
v 0.45336092 0.36879438 -0.42799997
v 0.37780076 0.51427126 -0.16067564
v 0.46698743 0.44814539 -0.16067564
v 0.14430703 0.55513924 -0.16067564
v -0.14430706 0.55513924 -0.16067564
v -0.37780079 0.51427120 -0.16067564
v -0.46698743 0.44814539 -0.16067564
v -0.37780073 0.38201952 -0.16067564
v -0.14430690 0.34115154 -0.16067564
v 0.14430712 0.34115154 -0.16067564
v 0.37780073 0.38201955 -0.16067564
v 0.19309819 0.48194304 0.04936498
v 0.23868248 0.44814539 0.04936498
v 0.07375693 0.50283116 0.04936498
v -0.07375695 0.50283116 0.04936498
v -0.19309819 0.48194304 0.04936498
v -0.23868248 0.44814539 0.04936498
v -0.19309817 0.41434774 0.04936498
v -0.07375686 0.39345962 0.04936498
v 0.07375698 0.39345965 0.04936498
v 0.19309817 0.41434774 0.04936498
v 0.00000001 0.44814539 -0.90536493
v 0.00000001 0.44814539 0.04936498
v -0.23519999 0.52927887 -0.14500001
v 0.23519999 0.52927887 -0.14500001
v 0.19319999 0.52927887 0.35900000
v -0.19319999 0.52927887 0.35900000
v 0.23519999 0.55951893 -0.14500001
v 0.19319999 0.55951893 0.35900000
v -0.23519999 0.55951893 -0.14500001
v -0.19319999 0.55951893 0.35900000
v -0.80737495 0.31356633 -0.65445000
v -0.55737495 0.31356633 -0.65445000
v -0.57362497 0.31356633 -0.36205000
v -0.79112494 0.31356633 -0.36205000
v -0.55737495 0.34856635 -0.65445000
v -0.57362497 0.34856635 -0.36205000
v -0.80737495 0.34856635 -0.65445000
v -0.79112494 0.34856635 -0.36205000
v 0.55737495 0.31356633 -0.65445000
v 0.80737495 0.31356633 -0.65445000
v 0.79112494 0.31356633 -0.36205000
v 0.57362497 0.31356633 -0.36205000
v 0.80737495 0.34856635 -0.65445000
v 0.79112494 0.34856635 -0.36205000
v 0.55737495 0.34856635 -0.65445000
v 0.57362497 0.34856635 -0.36205000
v 1.29400003 0.18700001 -0.51999998
v 1.34700000 0.11600000 -0.36700001
v 1.42299998 0.10800000 -0.41000000
v 1.38199997 0.16300000 -0.52899998
v 1.48399997 0.01800000 -0.27100000
v 1.52999997 0.03200000 -0.33500001
v 1.66799998 -0.07900000 -0.25799999
v 1.67299998 -0.04400000 -0.32400000
v 1.85000002 -0.15099999 -0.33100000
v 1.81500006 -0.10000000 -0.38100001
v 1.98099995 -0.17800000 -0.47000000
v 1.91799998 -0.12100000 -0.49000001
v 2.02600002 -0.15300000 -0.63900000
v 1.95299995 -0.10200000 -0.62199998
v 1.97300005 -0.08200000 -0.79200000
v 1.91100001 -0.04600000 -0.74100000
v 1.83700001 0.01500000 -0.88800001
v 1.80499995 0.03000000 -0.81599998
v 1.65199995 0.11300000 -0.90100002
v 1.66100001 0.10600000 -0.82599998
v 1.47000003 0.18500000 -0.82800001
v 1.51900005 0.16200000 -0.76899999
v 1.33899999 0.21200000 -0.68900001
v 1.41700006 0.18300000 -0.66100001
v 1.54100001 0.15899999 -0.44299999
v 1.51400006 0.19599999 -0.52200001
v 1.61199999 0.10800000 -0.39300001
v 1.70799994 0.05700000 -0.38600001
v 1.80299997 0.02000000 -0.42399999
v 1.87100005 0.00600000 -0.49700001
v 1.89400005 0.01900000 -0.58399999
v 1.86699998 0.05600000 -0.66399997
v 1.79600000 0.10700000 -0.71399999
v 1.70000005 0.15700001 -0.72100002
v 1.60500002 0.19499999 -0.68300003
v 1.53699994 0.20900001 -0.61000001
v 1.66600001 0.22900000 -0.46799999
v 1.65100002 0.24800000 -0.50999999
v 1.70299995 0.20299999 -0.44200000
v 1.75199997 0.17700000 -0.43900001
v 1.80100000 0.15700001 -0.45899999
v 1.83700001 0.15000001 -0.49599999
v 1.84899998 0.15700001 -0.54200000
v 1.83500004 0.17600000 -0.58300000
v 1.79799998 0.20200001 -0.60900003
v 1.74800003 0.22900000 -0.61299998
v 1.69900000 0.24800000 -0.59299999
v 1.66299999 0.25500000 -0.55500001
v 1.66008353 0.01691667 -0.57950008
v 1.77300000 0.25000000 -0.51200002
v -1.29400003 0.18700001 -0.51999998
v -1.38199997 0.16300000 -0.52899998
v -1.42299998 0.10800000 -0.41000000
v -1.34700000 0.11600000 -0.36700001
v -1.52999997 0.03200000 -0.33500001
v -1.48399997 0.01800000 -0.27100000
v -1.67299998 -0.04400000 -0.32400000
v -1.66799998 -0.07900000 -0.25799999
v -1.81500006 -0.10000000 -0.38100001
v -1.85000002 -0.15099999 -0.33100000
v -1.91799998 -0.12100000 -0.49000001
v -1.98099995 -0.17800000 -0.47000000
v -1.95299995 -0.10200000 -0.62199998
v -2.02600002 -0.15300000 -0.63900000
v -1.91100001 -0.04600000 -0.74100000
v -1.97300005 -0.08200000 -0.79200000
v -1.80499995 0.03000000 -0.81599998
v -1.83700001 0.01500000 -0.88800001
v -1.66100001 0.10600000 -0.82599998
v -1.65199995 0.11300000 -0.90100002
v -1.51900005 0.16200000 -0.76899999
v -1.47000003 0.18500000 -0.82800001
v -1.41700006 0.18300000 -0.66100001
v -1.33899999 0.21200000 -0.68900001
v -1.51400006 0.19599999 -0.52200001
v -1.54100001 0.15899999 -0.44299999
v -1.61199999 0.10800000 -0.39300001
v -1.70799994 0.05700000 -0.38600001
v -1.80299997 0.02000000 -0.42399999
v -1.87100005 0.00600000 -0.49700001
v -1.89400005 0.01900000 -0.58399999
v -1.86699998 0.05600000 -0.66399997
v -1.79600000 0.10700000 -0.71399999
v -1.70000005 0.15700001 -0.72100002
v -1.60500002 0.19499999 -0.68300003
v -1.53699994 0.20900001 -0.61000001
v -1.65100002 0.24800000 -0.50999999
v -1.66600001 0.22900000 -0.46799999
v -1.70299995 0.20299999 -0.44200000
v -1.75199997 0.17700000 -0.43900001
v -1.80100000 0.15700001 -0.45899999
v -1.83700001 0.15000001 -0.49599999
v -1.84899998 0.15700001 -0.54200000
v -1.83500004 0.17600000 -0.58300000
v -1.79799998 0.20200001 -0.60900003
v -1.74800003 0.22900000 -0.61299998
v -1.69900000 0.24800000 -0.59299999
v -1.66299999 0.25500000 -0.55500001
v -1.66008353 0.01691667 -0.57950008
v -1.77300000 0.25000000 -0.51200002
vt 0.24882574 0.64121664
vt 0.24892358 0.64121664
vt 0.24671401 0.64408422
vt 0.24641529 0.64408422
vt 0.24882574 0.64121664
vt 0.24641529 0.64408422
vt 0.24671401 0.64408422
vt 0.24892358 0.64121664
vt 0.24892358 0.64121664
vt 0.24902144 0.64121664
vt 0.24701273 0.64408422
vt 0.24671401 0.64408422
vt 0.24892358 0.64121664
vt 0.24671401 0.64408422
vt 0.24701273 0.64408422
vt 0.24902144 0.64121664
vt 0.24902144 0.64121664
vt 0.24911930 0.64121664
vt 0.24731146 0.64408422
vt 0.24701273 0.64408422
vt 0.24902144 0.64121664
vt 0.24701273 0.64408422
vt 0.24731146 0.64408422
vt 0.24911930 0.64121664
vt 0.24911930 0.64121664
vt 0.24921715 0.64121664
vt 0.24761018 0.64408422
vt 0.24731146 0.64408422
vt 0.24911930 0.64121664
vt 0.24731146 0.64408422
vt 0.24761018 0.64408422
vt 0.24921715 0.64121664
vt 0.24921715 0.64121664
vt 0.24931499 0.64121664
vt 0.24790891 0.64408422
vt 0.24761018 0.64408422
vt 0.24921715 0.64121664
vt 0.24761018 0.64408422
vt 0.24790891 0.64408422
vt 0.24931499 0.64121664
vt 0.24931499 0.64121664
vt 0.24941286 0.64121664
vt 0.24820763 0.64408422
vt 0.24790891 0.64408422
vt 0.24931499 0.64121664
vt 0.24790891 0.64408422
vt 0.24820763 0.64408422
vt 0.24941286 0.64121664
vt 0.24941286 0.64121664
vt 0.24951071 0.64121664
vt 0.24850637 0.64408422
vt 0.24820763 0.64408422
vt 0.24941286 0.64121664
vt 0.24820763 0.64408422
vt 0.24850637 0.64408422
vt 0.24951071 0.64121664
vt 0.24951071 0.64121664
vt 0.24960858 0.64121664
vt 0.24880509 0.64408422
vt 0.24850637 0.64408422
vt 0.24951071 0.64121664
vt 0.24850637 0.64408422
vt 0.24880509 0.64408422
vt 0.24960858 0.64121664
vt 0.24960858 0.64121664
vt 0.24970642 0.64121664
vt 0.24910381 0.64408422
vt 0.24880509 0.64408422
vt 0.24960858 0.64121664
vt 0.24880509 0.64408422
vt 0.24910381 0.64408422
vt 0.24970642 0.64121664
vt 0.24970642 0.64121664
vt 0.24980427 0.64121664
vt 0.24940254 0.64408422
vt 0.24910381 0.64408422
vt 0.24970642 0.64121664
vt 0.24910381 0.64408422
vt 0.24940254 0.64408422
vt 0.24980427 0.64121664
vt 0.24980427 0.64121664
vt 0.24990213 0.64121664
vt 0.24970126 0.64408422
vt 0.24940254 0.64408422
vt 0.24980427 0.64121664
vt 0.24940254 0.64408422
vt 0.24970126 0.64408422
vt 0.24990213 0.64121664
vt 0.24990213 0.64121664
vt 0.24999999 0.64121664
vt 0.24999999 0.64408422
vt 0.24970126 0.64408422
vt 0.24990213 0.64121664
vt 0.24970126 0.64408422
vt 0.24999999 0.64408422
vt 0.24999999 0.64121664
vt 0.24999999 0.64121664
vt 0.25009784 0.64121664
vt 0.25029871 0.64408422
vt 0.24999999 0.64408422
vt 0.24999999 0.64121664
vt 0.24999999 0.64408422
vt 0.25029871 0.64408422
vt 0.25009784 0.64121664
vt 0.25009784 0.64121664
vt 0.25019568 0.64121664
vt 0.25059745 0.64408422
vt 0.25029871 0.64408422
vt 0.25009784 0.64121664
vt 0.25029871 0.64408422
vt 0.25059745 0.64408422
vt 0.25019568 0.64121664
vt 0.25019568 0.64121664
vt 0.25029358 0.64121664
vt 0.25089616 0.64408422
vt 0.25059745 0.64408422
vt 0.25019568 0.64121664
vt 0.25059745 0.64408422
vt 0.25089616 0.64408422
vt 0.25029358 0.64121664
vt 0.25029358 0.64121664
vt 0.25039142 0.64121664
vt 0.25119489 0.64408422
vt 0.25089616 0.64408422
vt 0.25029358 0.64121664
vt 0.25089616 0.64408422
vt 0.25119489 0.64408422
vt 0.25039142 0.64121664
vt 0.25039142 0.64121664
vt 0.25048926 0.64121664
vt 0.25149360 0.64408422
vt 0.25119489 0.64408422
vt 0.25039142 0.64121664
vt 0.25119489 0.64408422
vt 0.25149360 0.64408422
vt 0.25048926 0.64121664
vt 0.25048926 0.64121664
vt 0.25058711 0.64121664
vt 0.25179234 0.64408422
vt 0.25149360 0.64408422
vt 0.25048926 0.64121664
vt 0.25149360 0.64408422
vt 0.25179234 0.64408422
vt 0.25058711 0.64121664
vt 0.25058711 0.64121664
vt 0.25068498 0.64121664
vt 0.25209105 0.64408422
vt 0.25179234 0.64408422
vt 0.25058711 0.64121664
vt 0.25179234 0.64408422
vt 0.25209105 0.64408422
vt 0.25068498 0.64121664
vt 0.25068498 0.64121664
vt 0.25078282 0.64121664
vt 0.25238979 0.64408422
vt 0.25209105 0.64408422
vt 0.25068498 0.64121664
vt 0.25209105 0.64408422
vt 0.25238979 0.64408422
vt 0.25078282 0.64121664
vt 0.25078282 0.64121664
vt 0.25088069 0.64121664
vt 0.25268850 0.64408422
vt 0.25238979 0.64408422
vt 0.25078282 0.64121664
vt 0.25238979 0.64408422
vt 0.25268850 0.64408422
vt 0.25088069 0.64121664
vt 0.25088069 0.64121664
vt 0.25097853 0.64121664
vt 0.25298724 0.64408422
vt 0.25268850 0.64408422
vt 0.25088069 0.64121664
vt 0.25268850 0.64408422
vt 0.25298724 0.64408422
vt 0.25097853 0.64121664
vt 0.25097853 0.64121664
vt 0.25107640 0.64121664
vt 0.25328597 0.64408422
vt 0.25298724 0.64408422
vt 0.25097853 0.64121664
vt 0.25298724 0.64408422
vt 0.25328597 0.64408422
vt 0.25107640 0.64121664
vt 0.25107640 0.64121664
vt 0.25117424 0.64121664
vt 0.25358471 0.64408422
vt 0.25328597 0.64408422
vt 0.25107640 0.64121664
vt 0.25328597 0.64408422
vt 0.25358471 0.64408422
vt 0.25117424 0.64121664
vt 0.24882574 0.64121664
vt 0.24641529 0.64408422
vt 0.24641529 0.64408422
vt 0.24882574 0.64121664
vt 0.25117424 0.64121664
vt 0.25117424 0.64121664
vt 0.25358471 0.64408422
vt 0.25358471 0.64408422
vt 0.24641529 0.64408422
vt 0.24671401 0.64408422
vt 0.24137960 0.65100718
vt 0.24059592 0.65100718
vt 0.24641529 0.64408422
vt 0.24059592 0.65100718
vt 0.24137960 0.65100718
vt 0.24671401 0.64408422
vt 0.24671401 0.64408422
vt 0.24701273 0.64408422
vt 0.24216326 0.65100718
vt 0.24137960 0.65100718
vt 0.24671401 0.64408422
vt 0.24137960 0.65100718
vt 0.24216326 0.65100718
vt 0.24701273 0.64408422
vt 0.24701273 0.64408422
vt 0.24731146 0.64408422
vt 0.24294694 0.65100718
vt 0.24216326 0.65100718
vt 0.24701273 0.64408422
vt 0.24216326 0.65100718
vt 0.24294694 0.65100718
vt 0.24731146 0.64408422
vt 0.24731146 0.64408422
vt 0.24761018 0.64408422
vt 0.24373060 0.65100718
vt 0.24294694 0.65100718
vt 0.24731146 0.64408422
vt 0.24294694 0.65100718
vt 0.24373060 0.65100718
vt 0.24761018 0.64408422
vt 0.24761018 0.64408422
vt 0.24790891 0.64408422
vt 0.24451429 0.65100718
vt 0.24373060 0.65100718
vt 0.24761018 0.64408422
vt 0.24373060 0.65100718
vt 0.24451429 0.65100718
vt 0.24790891 0.64408422
vt 0.24790891 0.64408422
vt 0.24820763 0.64408422
vt 0.24529795 0.65100718
vt 0.24451429 0.65100718
vt 0.24790891 0.64408422
vt 0.24451429 0.65100718
vt 0.24529795 0.65100718
vt 0.24820763 0.64408422
vt 0.24820763 0.64408422
vt 0.24850637 0.64408422
vt 0.24608162 0.65100718
vt 0.24529795 0.65100718
vt 0.24820763 0.64408422
vt 0.24529795 0.65100718
vt 0.24608162 0.65100718
vt 0.24850637 0.64408422
vt 0.24850637 0.64408422
vt 0.24880509 0.64408422
vt 0.24686530 0.65100718
vt 0.24608162 0.65100718
vt 0.24850637 0.64408422
vt 0.24608162 0.65100718
vt 0.24686530 0.65100718
vt 0.24880509 0.64408422
vt 0.24880509 0.64408422
vt 0.24910381 0.64408422
vt 0.24764897 0.65100718
vt 0.24686530 0.65100718
vt 0.24880509 0.64408422
vt 0.24686530 0.65100718
vt 0.24764897 0.65100718
vt 0.24910381 0.64408422
vt 0.24910381 0.64408422
vt 0.24940254 0.64408422
vt 0.24843264 0.65100718
vt 0.24764897 0.65100718
vt 0.24910381 0.64408422
vt 0.24764897 0.65100718
vt 0.24843264 0.65100718
vt 0.24940254 0.64408422
vt 0.24940254 0.64408422
vt 0.24970126 0.64408422
vt 0.24921630 0.65100718
vt 0.24843264 0.65100718
vt 0.24940254 0.64408422
vt 0.24843264 0.65100718
vt 0.24921630 0.65100718
vt 0.24970126 0.64408422
vt 0.24970126 0.64408422
vt 0.24999999 0.64408422
vt 0.24999999 0.65100718
vt 0.24921630 0.65100718
vt 0.24970126 0.64408422
vt 0.24921630 0.65100718
vt 0.24999999 0.65100718
vt 0.24999999 0.64408422
vt 0.24999999 0.64408422
vt 0.25029871 0.64408422
vt 0.25078365 0.65100718
vt 0.24999999 0.65100718
vt 0.24999999 0.64408422
vt 0.24999999 0.65100718
vt 0.25078365 0.65100718
vt 0.25029871 0.64408422
vt 0.25029871 0.64408422
vt 0.25059745 0.64408422
vt 0.25156736 0.65100718
vt 0.25078365 0.65100718
vt 0.25029871 0.64408422
vt 0.25078365 0.65100718
vt 0.25156736 0.65100718
vt 0.25059745 0.64408422
vt 0.25059745 0.64408422
vt 0.25089616 0.64408422
vt 0.25235102 0.65100718
vt 0.25156736 0.65100718
vt 0.25059745 0.64408422
vt 0.25156736 0.65100718
vt 0.25235102 0.65100718
vt 0.25089616 0.64408422
vt 0.25089616 0.64408422
vt 0.25119489 0.64408422
vt 0.25313467 0.65100718
vt 0.25235102 0.65100718
vt 0.25089616 0.64408422
vt 0.25235102 0.65100718
vt 0.25313467 0.65100718
vt 0.25119489 0.64408422
vt 0.25119489 0.64408422
vt 0.25149360 0.64408422
vt 0.25391835 0.65100718
vt 0.25313467 0.65100718
vt 0.25119489 0.64408422
vt 0.25313467 0.65100718
vt 0.25391835 0.65100718
vt 0.25149360 0.64408422
vt 0.25149360 0.64408422
vt 0.25179234 0.64408422
vt 0.25470203 0.65100718
vt 0.25391835 0.65100718
vt 0.25149360 0.64408422
vt 0.25391835 0.65100718
vt 0.25470203 0.65100718
vt 0.25179234 0.64408422
vt 0.25179234 0.64408422
vt 0.25209105 0.64408422
vt 0.25548568 0.65100718
vt 0.25470203 0.65100718
vt 0.25179234 0.64408422
vt 0.25470203 0.65100718
vt 0.25548568 0.65100718
vt 0.25209105 0.64408422
vt 0.25209105 0.64408422
vt 0.25238979 0.64408422
vt 0.25626937 0.65100718
vt 0.25548568 0.65100718
vt 0.25209105 0.64408422
vt 0.25548568 0.65100718
vt 0.25626937 0.65100718
vt 0.25238979 0.64408422
vt 0.25238979 0.64408422
vt 0.25268850 0.64408422
vt 0.25705305 0.65100718
vt 0.25626937 0.65100718
vt 0.25238979 0.64408422
vt 0.25626937 0.65100718
vt 0.25705305 0.65100718
vt 0.25268850 0.64408422
vt 0.25268850 0.64408422
vt 0.25298724 0.64408422
vt 0.25783673 0.65100718
vt 0.25705305 0.65100718
vt 0.25268850 0.64408422
vt 0.25705305 0.65100718
vt 0.25783673 0.65100718
vt 0.25298724 0.64408422
vt 0.25298724 0.64408422
vt 0.25328597 0.64408422
vt 0.25862038 0.65100718
vt 0.25783673 0.65100718
vt 0.25298724 0.64408422
vt 0.25783673 0.65100718
vt 0.25862038 0.65100718
vt 0.25328597 0.64408422
vt 0.25328597 0.64408422
vt 0.25358471 0.64408422
vt 0.25940406 0.65100718
vt 0.25862038 0.65100718
vt 0.25328597 0.64408422
vt 0.25862038 0.65100718
vt 0.25940406 0.65100718
vt 0.25358471 0.64408422
vt 0.24641529 0.64408422
vt 0.24059592 0.65100718
vt 0.24059592 0.65100718
vt 0.24641529 0.64408422
vt 0.25358471 0.64408422
vt 0.25358471 0.64408422
vt 0.25940406 0.65100718
vt 0.25940406 0.65100718
vt 0.24059592 0.65100718
vt 0.24137960 0.65100718
vt 0.23604518 0.65793014
vt 0.23477656 0.65793014
vt 0.24059592 0.65100718
vt 0.23477656 0.65793014
vt 0.23604518 0.65793014
vt 0.24137960 0.65100718
vt 0.24137960 0.65100718
vt 0.24216326 0.65100718
vt 0.23731381 0.65793014
vt 0.23604518 0.65793014
vt 0.24137960 0.65100718
vt 0.23604518 0.65793014
vt 0.23731381 0.65793014
vt 0.24216326 0.65100718
vt 0.24216326 0.65100718
vt 0.24294694 0.65100718
vt 0.23858242 0.65793014
vt 0.23731381 0.65793014
vt 0.24216326 0.65100718
vt 0.23731381 0.65793014
vt 0.23858242 0.65793014
vt 0.24294694 0.65100718
vt 0.24294694 0.65100718
vt 0.24373060 0.65100718
vt 0.23985104 0.65793014
vt 0.23858242 0.65793014
vt 0.24294694 0.65100718
vt 0.23858242 0.65793014
vt 0.23985104 0.65793014
vt 0.24373060 0.65100718
vt 0.24373060 0.65100718
vt 0.24451429 0.65100718
vt 0.24111967 0.65793014
vt 0.23985104 0.65793014
vt 0.24373060 0.65100718
vt 0.23985104 0.65793014
vt 0.24111967 0.65793014
vt 0.24451429 0.65100718
vt 0.24451429 0.65100718
vt 0.24529795 0.65100718
vt 0.24238828 0.65793014
vt 0.24111967 0.65793014
vt 0.24451429 0.65100718
vt 0.24111967 0.65793014
vt 0.24238828 0.65793014
vt 0.24529795 0.65100718
vt 0.24529795 0.65100718
vt 0.24608162 0.65100718
vt 0.24365690 0.65793014
vt 0.24238828 0.65793014
vt 0.24529795 0.65100718
vt 0.24238828 0.65793014
vt 0.24365690 0.65793014
vt 0.24608162 0.65100718
vt 0.24608162 0.65100718
vt 0.24686530 0.65100718
vt 0.24492551 0.65793014
vt 0.24365690 0.65793014
vt 0.24608162 0.65100718
vt 0.24365690 0.65793014
vt 0.24492551 0.65793014
vt 0.24686530 0.65100718
vt 0.24686530 0.65100718
vt 0.24764897 0.65100718
vt 0.24619414 0.65793014
vt 0.24492551 0.65793014
vt 0.24686530 0.65100718
vt 0.24492551 0.65793014
vt 0.24619414 0.65793014
vt 0.24764897 0.65100718
vt 0.24764897 0.65100718
vt 0.24843264 0.65100718
vt 0.24746275 0.65793014
vt 0.24619414 0.65793014
vt 0.24764897 0.65100718
vt 0.24619414 0.65793014
vt 0.24746275 0.65793014
vt 0.24843264 0.65100718
vt 0.24843264 0.65100718
vt 0.24921630 0.65100718
vt 0.24873137 0.65793014
vt 0.24746275 0.65793014
vt 0.24843264 0.65100718
vt 0.24746275 0.65793014
vt 0.24873137 0.65793014
vt 0.24921630 0.65100718
vt 0.24921630 0.65100718
vt 0.24999999 0.65100718
vt 0.24999999 0.65793014
vt 0.24873137 0.65793014
vt 0.24921630 0.65100718
vt 0.24873137 0.65793014
vt 0.24999999 0.65793014
vt 0.24999999 0.65100718
vt 0.24999999 0.65100718
vt 0.25078365 0.65100718
vt 0.25126863 0.65793014
vt 0.24999999 0.65793014
vt 0.24999999 0.65100718
vt 0.24999999 0.65793014
vt 0.25126863 0.65793014
vt 0.25078365 0.65100718
vt 0.25078365 0.65100718
vt 0.25156736 0.65100718
vt 0.25253722 0.65793014
vt 0.25126863 0.65793014
vt 0.25078365 0.65100718
vt 0.25126863 0.65793014
vt 0.25253722 0.65793014
vt 0.25156736 0.65100718
vt 0.25156736 0.65100718
vt 0.25235102 0.65100718
vt 0.25380585 0.65793014
vt 0.25253722 0.65793014
vt 0.25156736 0.65100718
vt 0.25253722 0.65793014
vt 0.25380585 0.65793014
vt 0.25235102 0.65100718
vt 0.25235102 0.65100718
vt 0.25313467 0.65100718
vt 0.25507447 0.65793014
vt 0.25380585 0.65793014
vt 0.25235102 0.65100718
vt 0.25380585 0.65793014
vt 0.25507447 0.65793014
vt 0.25313467 0.65100718
vt 0.25313467 0.65100718
vt 0.25391835 0.65100718
vt 0.25634310 0.65793014
vt 0.25507447 0.65793014
vt 0.25313467 0.65100718
vt 0.25507447 0.65793014
vt 0.25634310 0.65793014
vt 0.25391835 0.65100718
vt 0.25391835 0.65100718
vt 0.25470203 0.65100718
vt 0.25761169 0.65793014
vt 0.25634310 0.65793014
vt 0.25391835 0.65100718
vt 0.25634310 0.65793014
vt 0.25761169 0.65793014
vt 0.25470203 0.65100718
vt 0.25470203 0.65100718
vt 0.25548568 0.65100718
vt 0.25888035 0.65793014
vt 0.25761169 0.65793014
vt 0.25470203 0.65100718
vt 0.25761169 0.65793014
vt 0.25888035 0.65793014
vt 0.25548568 0.65100718
vt 0.25548568 0.65100718
vt 0.25626937 0.65100718
vt 0.26014894 0.65793014
vt 0.25888035 0.65793014
vt 0.25548568 0.65100718
vt 0.25888035 0.65793014
vt 0.26014894 0.65793014
vt 0.25626937 0.65100718
vt 0.25626937 0.65100718
vt 0.25705305 0.65100718
vt 0.26141757 0.65793014
vt 0.26014894 0.65793014
vt 0.25626937 0.65100718
vt 0.26014894 0.65793014
vt 0.26141757 0.65793014
vt 0.25705305 0.65100718
vt 0.25705305 0.65100718
vt 0.25783673 0.65100718
vt 0.26268616 0.65793014
vt 0.26141757 0.65793014
vt 0.25705305 0.65100718
vt 0.26141757 0.65793014
vt 0.26268616 0.65793014
vt 0.25783673 0.65100718
vt 0.25783673 0.65100718
vt 0.25862038 0.65100718
vt 0.26395482 0.65793014
vt 0.26268616 0.65793014
vt 0.25783673 0.65100718
vt 0.26268616 0.65793014
vt 0.26395482 0.65793014
vt 0.25862038 0.65100718
vt 0.25862038 0.65100718
vt 0.25940406 0.65100718
vt 0.26522341 0.65793014
vt 0.26395482 0.65793014
vt 0.25862038 0.65100718
vt 0.26395482 0.65793014
vt 0.26522341 0.65793014
vt 0.25940406 0.65100718
vt 0.24059592 0.65100718
vt 0.23477656 0.65793014
vt 0.23477656 0.65793014
vt 0.24059592 0.65100718
vt 0.25940406 0.65100718
vt 0.25940406 0.65100718
vt 0.26522341 0.65793014
vt 0.26522341 0.65793014
vt 0.23477656 0.65793014
vt 0.23604518 0.65793014
vt 0.23383559 0.66079772
vt 0.23236611 0.66079772
vt 0.23477656 0.65793014
vt 0.23236611 0.66079772
vt 0.23383559 0.66079772
vt 0.23604518 0.65793014
vt 0.23604518 0.65793014
vt 0.23731381 0.65793014
vt 0.23530509 0.66079772
vt 0.23383559 0.66079772
vt 0.23604518 0.65793014
vt 0.23383559 0.66079772
vt 0.23530509 0.66079772
vt 0.23731381 0.65793014
vt 0.23731381 0.65793014
vt 0.23858242 0.65793014
vt 0.23677458 0.66079772
vt 0.23530509 0.66079772
vt 0.23731381 0.65793014
vt 0.23530509 0.66079772
vt 0.23677458 0.66079772
vt 0.23858242 0.65793014
vt 0.23858242 0.65793014
vt 0.23985104 0.65793014
vt 0.23824407 0.66079772
vt 0.23677458 0.66079772
vt 0.23858242 0.65793014
vt 0.23677458 0.66079772
vt 0.23824407 0.66079772
vt 0.23985104 0.65793014
vt 0.23985104 0.65793014
vt 0.24111967 0.65793014
vt 0.23971355 0.66079772
vt 0.23824407 0.66079772
vt 0.23985104 0.65793014
vt 0.23824407 0.66079772
vt 0.23971355 0.66079772
vt 0.24111967 0.65793014
vt 0.24111967 0.65793014
vt 0.24238828 0.65793014
vt 0.24118304 0.66079772
vt 0.23971355 0.66079772
vt 0.24111967 0.65793014
vt 0.23971355 0.66079772
vt 0.24118304 0.66079772
vt 0.24238828 0.65793014
vt 0.24238828 0.65793014
vt 0.24365690 0.65793014
vt 0.24265254 0.66079772
vt 0.24118304 0.66079772
vt 0.24238828 0.65793014
vt 0.24118304 0.66079772
vt 0.24265254 0.66079772
vt 0.24365690 0.65793014
vt 0.24365690 0.65793014
vt 0.24492551 0.65793014
vt 0.24412203 0.66079772
vt 0.24265254 0.66079772
vt 0.24365690 0.65793014
vt 0.24265254 0.66079772
vt 0.24412203 0.66079772
vt 0.24492551 0.65793014
vt 0.24492551 0.65793014
vt 0.24619414 0.65793014
vt 0.24559152 0.66079772
vt 0.24412203 0.66079772
vt 0.24492551 0.65793014
vt 0.24412203 0.66079772
vt 0.24559152 0.66079772
vt 0.24619414 0.65793014
vt 0.24619414 0.65793014
vt 0.24746275 0.65793014
vt 0.24706100 0.66079772
vt 0.24559152 0.66079772
vt 0.24619414 0.65793014
vt 0.24559152 0.66079772
vt 0.24706100 0.66079772
vt 0.24746275 0.65793014
vt 0.24746275 0.65793014
vt 0.24873137 0.65793014
vt 0.24853049 0.66079772
vt 0.24706100 0.66079772
vt 0.24746275 0.65793014
vt 0.24706100 0.66079772
vt 0.24853049 0.66079772
vt 0.24873137 0.65793014
vt 0.24873137 0.65793014
vt 0.24999999 0.65793014
vt 0.24999999 0.66079772
vt 0.24853049 0.66079772
vt 0.24873137 0.65793014
vt 0.24853049 0.66079772
vt 0.24999999 0.66079772
vt 0.24999999 0.65793014
vt 0.24999999 0.65793014
vt 0.25126863 0.65793014
vt 0.25146946 0.66079772
vt 0.24999999 0.66079772
vt 0.24999999 0.65793014
vt 0.24999999 0.66079772
vt 0.25146946 0.66079772
vt 0.25126863 0.65793014
vt 0.25126863 0.65793014
vt 0.25253722 0.65793014
vt 0.25293899 0.66079772
vt 0.25146946 0.66079772
vt 0.25126863 0.65793014
vt 0.25146946 0.66079772
vt 0.25293899 0.66079772
vt 0.25253722 0.65793014
vt 0.25253722 0.65793014
vt 0.25380585 0.65793014
vt 0.25440845 0.66079772
vt 0.25293899 0.66079772
vt 0.25253722 0.65793014
vt 0.25293899 0.66079772
vt 0.25440845 0.66079772
vt 0.25380585 0.65793014
vt 0.25380585 0.65793014
vt 0.25507447 0.65793014
vt 0.25587797 0.66079772
vt 0.25440845 0.66079772
vt 0.25380585 0.65793014
vt 0.25440845 0.66079772
vt 0.25587797 0.66079772
vt 0.25507447 0.65793014
vt 0.25507447 0.65793014
vt 0.25634310 0.65793014
vt 0.25734746 0.66079772
vt 0.25587797 0.66079772
vt 0.25507447 0.65793014
vt 0.25587797 0.66079772
vt 0.25734746 0.66079772
vt 0.25634310 0.65793014
vt 0.25634310 0.65793014
vt 0.25761169 0.65793014
vt 0.25881693 0.66079772
vt 0.25734746 0.66079772
vt 0.25634310 0.65793014
vt 0.25734746 0.66079772
vt 0.25881693 0.66079772
vt 0.25761169 0.65793014
vt 0.25761169 0.65793014
vt 0.25888035 0.65793014
vt 0.26028645 0.66079772
vt 0.25881693 0.66079772
vt 0.25761169 0.65793014
vt 0.25881693 0.66079772
vt 0.26028645 0.66079772
vt 0.25888035 0.65793014
vt 0.25888035 0.65793014
vt 0.26014894 0.65793014
vt 0.26175591 0.66079772
vt 0.26028645 0.66079772
vt 0.25888035 0.65793014
vt 0.26028645 0.66079772
vt 0.26175591 0.66079772
vt 0.26014894 0.65793014
vt 0.26014894 0.65793014
vt 0.26141757 0.65793014
vt 0.26322544 0.66079772
vt 0.26175591 0.66079772
vt 0.26014894 0.65793014
vt 0.26175591 0.66079772
vt 0.26322544 0.66079772
vt 0.26141757 0.65793014
vt 0.26141757 0.65793014
vt 0.26268616 0.65793014
vt 0.26469490 0.66079772
vt 0.26322544 0.66079772
vt 0.26141757 0.65793014
vt 0.26322544 0.66079772
vt 0.26469490 0.66079772
vt 0.26268616 0.65793014
vt 0.26268616 0.65793014
vt 0.26395482 0.65793014
vt 0.26616439 0.66079772
vt 0.26469490 0.66079772
vt 0.26268616 0.65793014
vt 0.26469490 0.66079772
vt 0.26616439 0.66079772
vt 0.26395482 0.65793014
vt 0.26395482 0.65793014
vt 0.26522341 0.65793014
vt 0.26763389 0.66079772
vt 0.26616439 0.66079772
vt 0.26395482 0.65793014
vt 0.26616439 0.66079772
vt 0.26763389 0.66079772
vt 0.26522341 0.65793014
vt 0.23477656 0.65793014
vt 0.23236611 0.66079772
vt 0.23236611 0.66079772
vt 0.23477656 0.65793014
vt 0.26522341 0.65793014
vt 0.26522341 0.65793014
vt 0.26763389 0.66079772
vt 0.26763389 0.66079772
vt 0.23236611 0.66079772
vt 0.23383559 0.66079772
vt 0.23296006 0.66462111
vt 0.23141097 0.66462111
vt 0.23236611 0.66079772
vt 0.23141097 0.66462111
vt 0.23296006 0.66462111
vt 0.23383559 0.66079772
vt 0.23383559 0.66079772
vt 0.23530509 0.66079772
vt 0.23450913 0.66462111
vt 0.23296006 0.66462111
vt 0.23383559 0.66079772
vt 0.23296006 0.66462111
vt 0.23450913 0.66462111
vt 0.23530509 0.66079772
vt 0.23530509 0.66079772
vt 0.23677458 0.66079772
vt 0.23605822 0.66462111
vt 0.23450913 0.66462111
vt 0.23530509 0.66079772
vt 0.23450913 0.66462111
vt 0.23605822 0.66462111
vt 0.23677458 0.66079772
vt 0.23677458 0.66079772
vt 0.23824407 0.66079772
vt 0.23760730 0.66462111
vt 0.23605822 0.66462111
vt 0.23677458 0.66079772
vt 0.23605822 0.66462111
vt 0.23760730 0.66462111
vt 0.23824407 0.66079772
vt 0.23824407 0.66079772
vt 0.23971355 0.66079772
vt 0.23915638 0.66462111
vt 0.23760730 0.66462111
vt 0.23824407 0.66079772
vt 0.23760730 0.66462111
vt 0.23915638 0.66462111
vt 0.23971355 0.66079772
vt 0.23971355 0.66079772
vt 0.24118304 0.66079772
vt 0.24070548 0.66462111
vt 0.23915638 0.66462111
vt 0.23971355 0.66079772
vt 0.23915638 0.66462111
vt 0.24070548 0.66462111
vt 0.24118304 0.66079772
vt 0.24118304 0.66079772
vt 0.24265254 0.66079772
vt 0.24225457 0.66462111
vt 0.24070548 0.66462111
vt 0.24118304 0.66079772
vt 0.24070548 0.66462111
vt 0.24225457 0.66462111
vt 0.24265254 0.66079772
vt 0.24265254 0.66079772
vt 0.24412203 0.66079772
vt 0.24380364 0.66462111
vt 0.24225457 0.66462111
vt 0.24265254 0.66079772
vt 0.24225457 0.66462111
vt 0.24380364 0.66462111
vt 0.24412203 0.66079772
vt 0.24412203 0.66079772
vt 0.24559152 0.66079772
vt 0.24535273 0.66462111
vt 0.24380364 0.66462111
vt 0.24412203 0.66079772
vt 0.24380364 0.66462111
vt 0.24535273 0.66462111
vt 0.24559152 0.66079772
vt 0.24559152 0.66079772
vt 0.24706100 0.66079772
vt 0.24690183 0.66462111
vt 0.24535273 0.66462111
vt 0.24559152 0.66079772
vt 0.24535273 0.66462111
vt 0.24690183 0.66462111
vt 0.24706100 0.66079772
vt 0.24706100 0.66079772
vt 0.24853049 0.66079772
vt 0.24845089 0.66462111
vt 0.24690183 0.66462111
vt 0.24706100 0.66079772
vt 0.24690183 0.66462111
vt 0.24845089 0.66462111
vt 0.24853049 0.66079772
vt 0.24853049 0.66079772
vt 0.24999999 0.66079772
vt 0.24999999 0.66462111
vt 0.24845089 0.66462111
vt 0.24853049 0.66079772
vt 0.24845089 0.66462111
vt 0.24999999 0.66462111
vt 0.24999999 0.66079772
vt 0.24999999 0.66079772
vt 0.25146946 0.66079772
vt 0.25154909 0.66462111
vt 0.24999999 0.66462111
vt 0.24999999 0.66079772
vt 0.24999999 0.66462111
vt 0.25154909 0.66462111
vt 0.25146946 0.66079772
vt 0.25146946 0.66079772
vt 0.25293899 0.66079772
vt 0.25309816 0.66462111
vt 0.25154909 0.66462111
vt 0.25146946 0.66079772
vt 0.25154909 0.66462111
vt 0.25309816 0.66462111
vt 0.25293899 0.66079772
vt 0.25293899 0.66079772
vt 0.25440845 0.66079772
vt 0.25464725 0.66462111
vt 0.25309816 0.66462111
vt 0.25293899 0.66079772
vt 0.25309816 0.66462111
vt 0.25464725 0.66462111
vt 0.25440845 0.66079772
vt 0.25440845 0.66079772
vt 0.25587797 0.66079772
vt 0.25619632 0.66462111
vt 0.25464725 0.66462111
vt 0.25440845 0.66079772
vt 0.25464725 0.66462111
vt 0.25619632 0.66462111
vt 0.25587797 0.66079772
vt 0.25587797 0.66079772
vt 0.25734746 0.66079772
vt 0.25774541 0.66462111
vt 0.25619632 0.66462111
vt 0.25587797 0.66079772
vt 0.25619632 0.66462111
vt 0.25774541 0.66462111
vt 0.25734746 0.66079772
vt 0.25734746 0.66079772
vt 0.25881693 0.66079772
vt 0.25929451 0.66462111
vt 0.25774541 0.66462111
vt 0.25734746 0.66079772
vt 0.25774541 0.66462111
vt 0.25929451 0.66462111
vt 0.25881693 0.66079772
vt 0.25881693 0.66079772
vt 0.26028645 0.66079772
vt 0.26084360 0.66462111
vt 0.25929451 0.66462111
vt 0.25881693 0.66079772
vt 0.25929451 0.66462111
vt 0.26084360 0.66462111
vt 0.26028645 0.66079772
vt 0.26028645 0.66079772
vt 0.26175591 0.66079772
vt 0.26239270 0.66462111
vt 0.26084360 0.66462111
vt 0.26028645 0.66079772
vt 0.26084360 0.66462111
vt 0.26239270 0.66462111
vt 0.26175591 0.66079772
vt 0.26175591 0.66079772
vt 0.26322544 0.66079772
vt 0.26394176 0.66462111
vt 0.26239270 0.66462111
vt 0.26175591 0.66079772
vt 0.26239270 0.66462111
vt 0.26394176 0.66462111
vt 0.26322544 0.66079772
vt 0.26322544 0.66079772
vt 0.26469490 0.66079772
vt 0.26549083 0.66462111
vt 0.26394176 0.66462111
vt 0.26322544 0.66079772
vt 0.26394176 0.66462111
vt 0.26549083 0.66462111
vt 0.26469490 0.66079772
vt 0.26469490 0.66079772
vt 0.26616439 0.66079772
vt 0.26703992 0.66462111
vt 0.26549083 0.66462111
vt 0.26469490 0.66079772
vt 0.26549083 0.66462111
vt 0.26703992 0.66462111
vt 0.26616439 0.66079772
vt 0.26616439 0.66079772
vt 0.26763389 0.66079772
vt 0.26858902 0.66462111
vt 0.26703992 0.66462111
vt 0.26616439 0.66079772
vt 0.26703992 0.66462111
vt 0.26858902 0.66462111
vt 0.26763389 0.66079772
vt 0.23236611 0.66079772
vt 0.23141097 0.66462111
vt 0.23141097 0.66462111
vt 0.23236611 0.66079772
vt 0.26763389 0.66079772
vt 0.26763389 0.66079772
vt 0.26858902 0.66462111
vt 0.26858902 0.66462111
vt 0.23141097 0.66462111
vt 0.23296006 0.66462111
vt 0.23084629 0.67385167
vt 0.22910504 0.67385167
vt 0.23141097 0.66462111
vt 0.22910504 0.67385167
vt 0.23084629 0.67385167
vt 0.23296006 0.66462111
vt 0.23296006 0.66462111
vt 0.23450913 0.66462111
vt 0.23258753 0.67385167
vt 0.23084629 0.67385167
vt 0.23296006 0.66462111
vt 0.23084629 0.67385167
vt 0.23258753 0.67385167
vt 0.23450913 0.66462111
vt 0.23450913 0.66462111
vt 0.23605822 0.66462111
vt 0.23432878 0.67385167
vt 0.23258753 0.67385167
vt 0.23450913 0.66462111
vt 0.23258753 0.67385167
vt 0.23432878 0.67385167
vt 0.23605822 0.66462111
vt 0.23605822 0.66462111
vt 0.23760730 0.66462111
vt 0.23607004 0.67385167
vt 0.23432878 0.67385167
vt 0.23605822 0.66462111
vt 0.23432878 0.67385167
vt 0.23607004 0.67385167
vt 0.23760730 0.66462111
vt 0.23760730 0.66462111
vt 0.23915638 0.66462111
vt 0.23781127 0.67385167
vt 0.23607004 0.67385167
vt 0.23760730 0.66462111
vt 0.23607004 0.67385167
vt 0.23781127 0.67385167
vt 0.23915638 0.66462111
vt 0.23915638 0.66462111
vt 0.24070548 0.66462111
vt 0.23955253 0.67385167
vt 0.23781127 0.67385167
vt 0.23915638 0.66462111
vt 0.23781127 0.67385167
vt 0.23955253 0.67385167
vt 0.24070548 0.66462111
vt 0.24070548 0.66462111
vt 0.24225457 0.66462111
vt 0.24129376 0.67385167
vt 0.23955253 0.67385167
vt 0.24070548 0.66462111
vt 0.23955253 0.67385167
vt 0.24129376 0.67385167
vt 0.24225457 0.66462111
vt 0.24225457 0.66462111
vt 0.24380364 0.66462111
vt 0.24303500 0.67385167
vt 0.24129376 0.67385167
vt 0.24225457 0.66462111
vt 0.24129376 0.67385167
vt 0.24303500 0.67385167
vt 0.24380364 0.66462111
vt 0.24380364 0.66462111
vt 0.24535273 0.66462111
vt 0.24477625 0.67385167
vt 0.24303500 0.67385167
vt 0.24380364 0.66462111
vt 0.24303500 0.67385167
vt 0.24477625 0.67385167
vt 0.24535273 0.66462111
vt 0.24535273 0.66462111
vt 0.24690183 0.66462111
vt 0.24651749 0.67385167
vt 0.24477625 0.67385167
vt 0.24535273 0.66462111
vt 0.24477625 0.67385167
vt 0.24651749 0.67385167
vt 0.24690183 0.66462111
vt 0.24690183 0.66462111
vt 0.24845089 0.66462111
vt 0.24825874 0.67385167
vt 0.24651749 0.67385167
vt 0.24690183 0.66462111
vt 0.24651749 0.67385167
vt 0.24825874 0.67385167
vt 0.24845089 0.66462111
vt 0.24845089 0.66462111
vt 0.24999999 0.66462111
vt 0.24999999 0.67385167
vt 0.24825874 0.67385167
vt 0.24845089 0.66462111
vt 0.24825874 0.67385167
vt 0.24999999 0.67385167
vt 0.24999999 0.66462111
vt 0.24999999 0.66462111
vt 0.25154909 0.66462111
vt 0.25174123 0.67385167
vt 0.24999999 0.67385167
vt 0.24999999 0.66462111
vt 0.24999999 0.67385167
vt 0.25174123 0.67385167
vt 0.25154909 0.66462111
vt 0.25154909 0.66462111
vt 0.25309816 0.66462111
vt 0.25348246 0.67385167
vt 0.25174123 0.67385167
vt 0.25154909 0.66462111
vt 0.25174123 0.67385167
vt 0.25348246 0.67385167
vt 0.25309816 0.66462111
vt 0.25309816 0.66462111
vt 0.25464725 0.66462111
vt 0.25522375 0.67385167
vt 0.25348246 0.67385167
vt 0.25309816 0.66462111
vt 0.25348246 0.67385167
vt 0.25522375 0.67385167
vt 0.25464725 0.66462111
vt 0.25464725 0.66462111
vt 0.25619632 0.66462111
vt 0.25696498 0.67385167
vt 0.25522375 0.67385167
vt 0.25464725 0.66462111
vt 0.25522375 0.67385167
vt 0.25696498 0.67385167
vt 0.25619632 0.66462111
vt 0.25619632 0.66462111
vt 0.25774541 0.66462111
vt 0.25870621 0.67385167
vt 0.25696498 0.67385167
vt 0.25619632 0.66462111
vt 0.25696498 0.67385167
vt 0.25870621 0.67385167
vt 0.25774541 0.66462111
vt 0.25774541 0.66462111
vt 0.25929451 0.66462111
vt 0.26044747 0.67385167
vt 0.25870621 0.67385167
vt 0.25774541 0.66462111
vt 0.25870621 0.67385167
vt 0.26044747 0.67385167
vt 0.25929451 0.66462111
vt 0.25929451 0.66462111
vt 0.26084360 0.66462111
vt 0.26218870 0.67385167
vt 0.26044747 0.67385167
vt 0.25929451 0.66462111
vt 0.26044747 0.67385167
vt 0.26218870 0.67385167
vt 0.26084360 0.66462111
vt 0.26084360 0.66462111
vt 0.26239270 0.66462111
vt 0.26392996 0.67385167
vt 0.26218870 0.67385167
vt 0.26084360 0.66462111
vt 0.26218870 0.67385167
vt 0.26392996 0.67385167
vt 0.26239270 0.66462111
vt 0.26239270 0.66462111
vt 0.26394176 0.66462111
vt 0.26567122 0.67385167
vt 0.26392996 0.67385167
vt 0.26239270 0.66462111
vt 0.26392996 0.67385167
vt 0.26567122 0.67385167
vt 0.26394176 0.66462111
vt 0.26394176 0.66462111
vt 0.26549083 0.66462111
vt 0.26741245 0.67385167
vt 0.26567122 0.67385167
vt 0.26394176 0.66462111
vt 0.26567122 0.67385167
vt 0.26741245 0.67385167
vt 0.26549083 0.66462111
vt 0.26549083 0.66462111
vt 0.26703992 0.66462111
vt 0.26915368 0.67385167
vt 0.26741245 0.67385167
vt 0.26549083 0.66462111
vt 0.26741245 0.67385167
vt 0.26915368 0.67385167
vt 0.26703992 0.66462111
vt 0.26703992 0.66462111
vt 0.26858902 0.66462111
vt 0.27089491 0.67385167
vt 0.26915368 0.67385167
vt 0.26703992 0.66462111
vt 0.26915368 0.67385167
vt 0.27089491 0.67385167
vt 0.26858902 0.66462111
vt 0.23141097 0.66462111
vt 0.22910504 0.67385167
vt 0.22910504 0.67385167
vt 0.23141097 0.66462111
vt 0.26858902 0.66462111
vt 0.26858902 0.66462111
vt 0.27089491 0.67385167
vt 0.27089491 0.67385167
vt 0.22910504 0.67385167
vt 0.23084629 0.67385167
vt 0.22873253 0.68308222
vt 0.22679913 0.68308222
vt 0.22910504 0.67385167
vt 0.22679913 0.68308222
vt 0.22873253 0.68308222
vt 0.23084629 0.67385167
vt 0.23084629 0.67385167
vt 0.23258753 0.67385167
vt 0.23066592 0.68308222
vt 0.22873253 0.68308222
vt 0.23084629 0.67385167
vt 0.22873253 0.68308222
vt 0.23066592 0.68308222
vt 0.23258753 0.67385167
vt 0.23258753 0.67385167
vt 0.23432878 0.67385167
vt 0.23259935 0.68308222
vt 0.23066592 0.68308222
vt 0.23258753 0.67385167
vt 0.23066592 0.68308222
vt 0.23259935 0.68308222
vt 0.23432878 0.67385167
vt 0.23432878 0.67385167
vt 0.23607004 0.67385167
vt 0.23453274 0.68308222
vt 0.23259935 0.68308222
vt 0.23432878 0.67385167
vt 0.23259935 0.68308222
vt 0.23453274 0.68308222
vt 0.23607004 0.67385167
vt 0.23607004 0.67385167
vt 0.23781127 0.67385167
vt 0.23646615 0.68308222
vt 0.23453274 0.68308222
vt 0.23607004 0.67385167
vt 0.23453274 0.68308222
vt 0.23646615 0.68308222
vt 0.23781127 0.67385167
vt 0.23781127 0.67385167
vt 0.23955253 0.67385167
vt 0.23839955 0.68308222
vt 0.23646615 0.68308222
vt 0.23781127 0.67385167
vt 0.23646615 0.68308222
vt 0.23839955 0.68308222
vt 0.23955253 0.67385167
vt 0.23955253 0.67385167
vt 0.24129376 0.67385167
vt 0.24033296 0.68308222
vt 0.23839955 0.68308222
vt 0.23955253 0.67385167
vt 0.23839955 0.68308222
vt 0.24033296 0.68308222
vt 0.24129376 0.67385167
vt 0.24129376 0.67385167
vt 0.24303500 0.67385167
vt 0.24226636 0.68308222
vt 0.24033296 0.68308222
vt 0.24129376 0.67385167
vt 0.24033296 0.68308222
vt 0.24226636 0.68308222
vt 0.24303500 0.67385167
vt 0.24303500 0.67385167
vt 0.24477625 0.67385167
vt 0.24419978 0.68308222
vt 0.24226636 0.68308222
vt 0.24303500 0.67385167
vt 0.24226636 0.68308222
vt 0.24419978 0.68308222
vt 0.24477625 0.67385167
vt 0.24477625 0.67385167
vt 0.24651749 0.67385167
vt 0.24613318 0.68308222
vt 0.24419978 0.68308222
vt 0.24477625 0.67385167
vt 0.24419978 0.68308222
vt 0.24613318 0.68308222
vt 0.24651749 0.67385167
vt 0.24651749 0.67385167
vt 0.24825874 0.67385167
vt 0.24806659 0.68308222
vt 0.24613318 0.68308222
vt 0.24651749 0.67385167
vt 0.24613318 0.68308222
vt 0.24806659 0.68308222
vt 0.24825874 0.67385167
vt 0.24825874 0.67385167
vt 0.24999999 0.67385167
vt 0.24999999 0.68308222
vt 0.24806659 0.68308222
vt 0.24825874 0.67385167
vt 0.24806659 0.68308222
vt 0.24999999 0.68308222
vt 0.24999999 0.67385167
vt 0.24999999 0.67385167
vt 0.25174123 0.67385167
vt 0.25193340 0.68308222
vt 0.24999999 0.68308222
vt 0.24999999 0.67385167
vt 0.24999999 0.68308222
vt 0.25193340 0.68308222
vt 0.25174123 0.67385167
vt 0.25174123 0.67385167
vt 0.25348246 0.67385167
vt 0.25386679 0.68308222
vt 0.25193340 0.68308222
vt 0.25174123 0.67385167
vt 0.25193340 0.68308222
vt 0.25386679 0.68308222
vt 0.25348246 0.67385167
vt 0.25348246 0.67385167
vt 0.25522375 0.67385167
vt 0.25580022 0.68308222
vt 0.25386679 0.68308222
vt 0.25348246 0.67385167
vt 0.25386679 0.68308222
vt 0.25580022 0.68308222
vt 0.25522375 0.67385167
vt 0.25522375 0.67385167
vt 0.25696498 0.67385167
vt 0.25773361 0.68308222
vt 0.25580022 0.68308222
vt 0.25522375 0.67385167
vt 0.25580022 0.68308222
vt 0.25773361 0.68308222
vt 0.25696498 0.67385167
vt 0.25696498 0.67385167
vt 0.25870621 0.67385167
vt 0.25966704 0.68308222
vt 0.25773361 0.68308222
vt 0.25696498 0.67385167
vt 0.25773361 0.68308222
vt 0.25966704 0.68308222
vt 0.25870621 0.67385167
vt 0.25870621 0.67385167
vt 0.26044747 0.67385167
vt 0.26160040 0.68308222
vt 0.25966704 0.68308222
vt 0.25870621 0.67385167
vt 0.25966704 0.68308222
vt 0.26160040 0.68308222
vt 0.26044747 0.67385167
vt 0.26044747 0.67385167
vt 0.26218870 0.67385167
vt 0.26353383 0.68308222
vt 0.26160040 0.68308222
vt 0.26044747 0.67385167
vt 0.26160040 0.68308222
vt 0.26353383 0.68308222
vt 0.26218870 0.67385167
vt 0.26218870 0.67385167
vt 0.26392996 0.67385167
vt 0.26546726 0.68308222
vt 0.26353383 0.68308222
vt 0.26218870 0.67385167
vt 0.26353383 0.68308222
vt 0.26546726 0.68308222
vt 0.26392996 0.67385167
vt 0.26392996 0.67385167
vt 0.26567122 0.67385167
vt 0.26740065 0.68308222
vt 0.26546726 0.68308222
vt 0.26392996 0.67385167
vt 0.26546726 0.68308222
vt 0.26740065 0.68308222
vt 0.26567122 0.67385167
vt 0.26567122 0.67385167
vt 0.26741245 0.67385167
vt 0.26933405 0.68308222
vt 0.26740065 0.68308222
vt 0.26567122 0.67385167
vt 0.26740065 0.68308222
vt 0.26933405 0.68308222
vt 0.26741245 0.67385167
vt 0.26741245 0.67385167
vt 0.26915368 0.67385167
vt 0.27126744 0.68308222
vt 0.26933405 0.68308222
vt 0.26741245 0.67385167
vt 0.26933405 0.68308222
vt 0.27126744 0.68308222
vt 0.26915368 0.67385167
vt 0.26915368 0.67385167
vt 0.27089491 0.67385167
vt 0.27320087 0.68308222
vt 0.27126744 0.68308222
vt 0.26915368 0.67385167
vt 0.27126744 0.68308222
vt 0.27320087 0.68308222
vt 0.27089491 0.67385167
vt 0.22910504 0.67385167
vt 0.22679913 0.68308222
vt 0.22679913 0.68308222
vt 0.22910504 0.67385167
vt 0.27089491 0.67385167
vt 0.27089491 0.67385167
vt 0.27320087 0.68308222
vt 0.27320087 0.68308222
vt 0.22679913 0.68308222
vt 0.22873253 0.68308222
vt 0.22785699 0.68690568
vt 0.22584400 0.68690568
vt 0.22679913 0.68308222
vt 0.22584400 0.68690568
vt 0.22785699 0.68690568
vt 0.22873253 0.68308222
vt 0.22873253 0.68308222
vt 0.23066592 0.68308222
vt 0.22986999 0.68690568
vt 0.22785699 0.68690568
vt 0.22873253 0.68308222
vt 0.22785699 0.68690568
vt 0.22986999 0.68690568
vt 0.23066592 0.68308222
vt 0.23066592 0.68308222
vt 0.23259935 0.68308222
vt 0.23188299 0.68690568
vt 0.22986999 0.68690568
vt 0.23066592 0.68308222
vt 0.22986999 0.68690568
vt 0.23188299 0.68690568
vt 0.23259935 0.68308222
vt 0.23259935 0.68308222
vt 0.23453274 0.68308222
vt 0.23389599 0.68690568
vt 0.23188299 0.68690568
vt 0.23259935 0.68308222
vt 0.23188299 0.68690568
vt 0.23389599 0.68690568
vt 0.23453274 0.68308222
vt 0.23453274 0.68308222
vt 0.23646615 0.68308222
vt 0.23590899 0.68690568
vt 0.23389599 0.68690568
vt 0.23453274 0.68308222
vt 0.23389599 0.68690568
vt 0.23590899 0.68690568
vt 0.23646615 0.68308222
vt 0.23646615 0.68308222
vt 0.23839955 0.68308222
vt 0.23792198 0.68690568
vt 0.23590899 0.68690568
vt 0.23646615 0.68308222
vt 0.23590899 0.68690568
vt 0.23792198 0.68690568
vt 0.23839955 0.68308222
vt 0.23839955 0.68308222
vt 0.24033296 0.68308222
vt 0.23993498 0.68690568
vt 0.23792198 0.68690568
vt 0.23839955 0.68308222
vt 0.23792198 0.68690568
vt 0.23993498 0.68690568
vt 0.24033296 0.68308222
vt 0.24033296 0.68308222
vt 0.24226636 0.68308222
vt 0.24194799 0.68690568
vt 0.23993498 0.68690568
vt 0.24033296 0.68308222
vt 0.23993498 0.68690568
vt 0.24194799 0.68690568
vt 0.24226636 0.68308222
vt 0.24226636 0.68308222
vt 0.24419978 0.68308222
vt 0.24396099 0.68690568
vt 0.24194799 0.68690568
vt 0.24226636 0.68308222
vt 0.24194799 0.68690568
vt 0.24396099 0.68690568
vt 0.24419978 0.68308222
vt 0.24419978 0.68308222
vt 0.24613318 0.68308222
vt 0.24597399 0.68690568
vt 0.24396099 0.68690568
vt 0.24419978 0.68308222
vt 0.24396099 0.68690568
vt 0.24597399 0.68690568
vt 0.24613318 0.68308222
vt 0.24613318 0.68308222
vt 0.24806659 0.68308222
vt 0.24798699 0.68690568
vt 0.24597399 0.68690568
vt 0.24613318 0.68308222
vt 0.24597399 0.68690568
vt 0.24798699 0.68690568
vt 0.24806659 0.68308222
vt 0.24806659 0.68308222
vt 0.24999999 0.68308222
vt 0.24999999 0.68690568
vt 0.24798699 0.68690568
vt 0.24806659 0.68308222
vt 0.24798699 0.68690568
vt 0.24999999 0.68690568
vt 0.24999999 0.68308222
vt 0.24999999 0.68308222
vt 0.25193340 0.68308222
vt 0.25201300 0.68690568
vt 0.24999999 0.68690568
vt 0.24999999 0.68308222
vt 0.24999999 0.68690568
vt 0.25201300 0.68690568
vt 0.25193340 0.68308222
vt 0.25193340 0.68308222
vt 0.25386679 0.68308222
vt 0.25402600 0.68690568
vt 0.25201300 0.68690568
vt 0.25193340 0.68308222
vt 0.25201300 0.68690568
vt 0.25402600 0.68690568
vt 0.25386679 0.68308222
vt 0.25386679 0.68308222
vt 0.25580022 0.68308222
vt 0.25603899 0.68690568
vt 0.25402600 0.68690568
vt 0.25386679 0.68308222
vt 0.25402600 0.68690568
vt 0.25603899 0.68690568
vt 0.25580022 0.68308222
vt 0.25580022 0.68308222
vt 0.25773361 0.68308222
vt 0.25805199 0.68690568
vt 0.25603899 0.68690568
vt 0.25580022 0.68308222
vt 0.25603899 0.68690568
vt 0.25805199 0.68690568
vt 0.25773361 0.68308222
vt 0.25773361 0.68308222
vt 0.25966704 0.68308222
vt 0.26006499 0.68690568
vt 0.25805199 0.68690568
vt 0.25773361 0.68308222
vt 0.25805199 0.68690568
vt 0.26006499 0.68690568
vt 0.25966704 0.68308222
vt 0.25966704 0.68308222
vt 0.26160040 0.68308222
vt 0.26207799 0.68690568
vt 0.26006499 0.68690568
vt 0.25966704 0.68308222
vt 0.26006499 0.68690568
vt 0.26207799 0.68690568
vt 0.26160040 0.68308222
vt 0.26160040 0.68308222
vt 0.26353383 0.68308222
vt 0.26409099 0.68690568
vt 0.26207799 0.68690568
vt 0.26160040 0.68308222
vt 0.26207799 0.68690568
vt 0.26409099 0.68690568
vt 0.26353383 0.68308222
vt 0.26353383 0.68308222
vt 0.26546726 0.68308222
vt 0.26610398 0.68690568
vt 0.26409099 0.68690568
vt 0.26353383 0.68308222
vt 0.26409099 0.68690568
vt 0.26610398 0.68690568
vt 0.26546726 0.68308222
vt 0.26546726 0.68308222
vt 0.26740065 0.68308222
vt 0.26811698 0.68690568
vt 0.26610398 0.68690568
vt 0.26546726 0.68308222
vt 0.26610398 0.68690568
vt 0.26811698 0.68690568
vt 0.26740065 0.68308222
vt 0.26740065 0.68308222
vt 0.26933405 0.68308222
vt 0.27013001 0.68690568
vt 0.26811698 0.68690568
vt 0.26740065 0.68308222
vt 0.26811698 0.68690568
vt 0.27013001 0.68690568
vt 0.26933405 0.68308222
vt 0.26933405 0.68308222
vt 0.27126744 0.68308222
vt 0.27214301 0.68690568
vt 0.27013001 0.68690568
vt 0.26933405 0.68308222
vt 0.27013001 0.68690568
vt 0.27214301 0.68690568
vt 0.27126744 0.68308222
vt 0.27126744 0.68308222
vt 0.27320087 0.68308222
vt 0.27415600 0.68690568
vt 0.27214301 0.68690568
vt 0.27126744 0.68308222
vt 0.27214301 0.68690568
vt 0.27415600 0.68690568
vt 0.27320087 0.68308222
vt 0.22679913 0.68308222
vt 0.22584400 0.68690568
vt 0.22584400 0.68690568
vt 0.22679913 0.68308222
vt 0.27320087 0.68308222
vt 0.27320087 0.68308222
vt 0.27415600 0.68690568
vt 0.27415600 0.68690568
vt 0.22584400 0.68690568
vt 0.22785699 0.68690568
vt 0.22695622 0.69136631
vt 0.22486132 0.69136631
vt 0.22584400 0.68690568
vt 0.22486132 0.69136631
vt 0.22695622 0.69136631
vt 0.22785699 0.68690568
vt 0.22785699 0.68690568
vt 0.22986999 0.68690568
vt 0.22905110 0.69136631
vt 0.22695622 0.69136631
vt 0.22785699 0.68690568
vt 0.22695622 0.69136631
vt 0.22905110 0.69136631
vt 0.22986999 0.68690568
vt 0.22986999 0.68690568
vt 0.23188299 0.68690568
vt 0.23114599 0.69136631
vt 0.22905110 0.69136631
vt 0.22986999 0.68690568
vt 0.22905110 0.69136631
vt 0.23114599 0.69136631
vt 0.23188299 0.68690568
vt 0.23188299 0.68690568
vt 0.23389599 0.68690568
vt 0.23324087 0.69136631
vt 0.23114599 0.69136631
vt 0.23188299 0.68690568
vt 0.23114599 0.69136631
vt 0.23324087 0.69136631
vt 0.23389599 0.68690568
vt 0.23389599 0.68690568
vt 0.23590899 0.68690568
vt 0.23533577 0.69136631
vt 0.23324087 0.69136631
vt 0.23389599 0.68690568
vt 0.23324087 0.69136631
vt 0.23533577 0.69136631
vt 0.23590899 0.68690568
vt 0.23590899 0.68690568
vt 0.23792198 0.68690568
vt 0.23743065 0.69136631
vt 0.23533577 0.69136631
vt 0.23590899 0.68690568
vt 0.23533577 0.69136631
vt 0.23743065 0.69136631
vt 0.23792198 0.68690568
vt 0.23792198 0.68690568
vt 0.23993498 0.68690568
vt 0.23952554 0.69136631
vt 0.23743065 0.69136631
vt 0.23792198 0.68690568
vt 0.23743065 0.69136631
vt 0.23952554 0.69136631
vt 0.23993498 0.68690568
vt 0.23993498 0.68690568
vt 0.24194799 0.68690568
vt 0.24162044 0.69136631
vt 0.23952554 0.69136631
vt 0.23993498 0.68690568
vt 0.23952554 0.69136631
vt 0.24162044 0.69136631
vt 0.24194799 0.68690568
vt 0.24194799 0.68690568
vt 0.24396099 0.68690568
vt 0.24371532 0.69136631
vt 0.24162044 0.69136631
vt 0.24194799 0.68690568
vt 0.24162044 0.69136631
vt 0.24371532 0.69136631
vt 0.24396099 0.68690568
vt 0.24396099 0.68690568
vt 0.24597399 0.68690568
vt 0.24581021 0.69136631
vt 0.24371532 0.69136631
vt 0.24396099 0.68690568
vt 0.24371532 0.69136631
vt 0.24581021 0.69136631
vt 0.24597399 0.68690568
vt 0.24597399 0.68690568
vt 0.24798699 0.68690568
vt 0.24790509 0.69136631
vt 0.24581021 0.69136631
vt 0.24597399 0.68690568
vt 0.24581021 0.69136631
vt 0.24790509 0.69136631
vt 0.24798699 0.68690568
vt 0.24798699 0.68690568
vt 0.24999999 0.68690568
vt 0.24999999 0.69136631
vt 0.24790509 0.69136631
vt 0.24798699 0.68690568
vt 0.24790509 0.69136631
vt 0.24999999 0.69136631
vt 0.24999999 0.68690568
vt 0.24999999 0.68690568
vt 0.25201300 0.68690568
vt 0.25209486 0.69136631
vt 0.24999999 0.69136631
vt 0.24999999 0.68690568
vt 0.24999999 0.69136631
vt 0.25209486 0.69136631
vt 0.25201300 0.68690568
vt 0.25201300 0.68690568
vt 0.25402600 0.68690568
vt 0.25418979 0.69136631
vt 0.25209486 0.69136631
vt 0.25201300 0.68690568
vt 0.25209486 0.69136631
vt 0.25418979 0.69136631
vt 0.25402600 0.68690568
vt 0.25402600 0.68690568
vt 0.25603899 0.68690568
vt 0.25628465 0.69136631
vt 0.25418979 0.69136631
vt 0.25402600 0.68690568
vt 0.25418979 0.69136631
vt 0.25628465 0.69136631
vt 0.25603899 0.68690568
vt 0.25603899 0.68690568
vt 0.25805199 0.68690568
vt 0.25837955 0.69136631
vt 0.25628465 0.69136631
vt 0.25603899 0.68690568
vt 0.25628465 0.69136631
vt 0.25837955 0.69136631
vt 0.25805199 0.68690568
vt 0.25805199 0.68690568
vt 0.26006499 0.68690568
vt 0.26047441 0.69136631
vt 0.25837955 0.69136631
vt 0.25805199 0.68690568
vt 0.25837955 0.69136631
vt 0.26047441 0.69136631
vt 0.26006499 0.68690568
vt 0.26006499 0.68690568
vt 0.26207799 0.68690568
vt 0.26256934 0.69136631
vt 0.26047441 0.69136631
vt 0.26006499 0.68690568
vt 0.26047441 0.69136631
vt 0.26256934 0.69136631
vt 0.26207799 0.68690568
vt 0.26207799 0.68690568
vt 0.26409099 0.68690568
vt 0.26466420 0.69136631
vt 0.26256934 0.69136631
vt 0.26207799 0.68690568
vt 0.26256934 0.69136631
vt 0.26466420 0.69136631
vt 0.26409099 0.68690568
vt 0.26409099 0.68690568
vt 0.26610398 0.68690568
vt 0.26675910 0.69136631
vt 0.26466420 0.69136631
vt 0.26409099 0.68690568
vt 0.26466420 0.69136631
vt 0.26675910 0.69136631
vt 0.26610398 0.68690568
vt 0.26610398 0.68690568
vt 0.26811698 0.68690568
vt 0.26885399 0.69136631
vt 0.26675910 0.69136631
vt 0.26610398 0.68690568
vt 0.26675910 0.69136631
vt 0.26885399 0.69136631
vt 0.26811698 0.68690568
vt 0.26811698 0.68690568
vt 0.27013001 0.68690568
vt 0.27094889 0.69136631
vt 0.26885399 0.69136631
vt 0.26811698 0.68690568
vt 0.26885399 0.69136631
vt 0.27094889 0.69136631
vt 0.27013001 0.68690568
vt 0.27013001 0.68690568
vt 0.27214301 0.68690568
vt 0.27304375 0.69136631
vt 0.27094889 0.69136631
vt 0.27013001 0.68690568
vt 0.27094889 0.69136631
vt 0.27304375 0.69136631
vt 0.27214301 0.68690568
vt 0.27214301 0.68690568
vt 0.27415600 0.68690568
vt 0.27513868 0.69136631
vt 0.27304375 0.69136631
vt 0.27214301 0.68690568
vt 0.27304375 0.69136631
vt 0.27513868 0.69136631
vt 0.27415600 0.68690568
vt 0.22584400 0.68690568
vt 0.22486132 0.69136631
vt 0.22486132 0.69136631
vt 0.22584400 0.68690568
vt 0.27415600 0.68690568
vt 0.27415600 0.68690568
vt 0.27513868 0.69136631
vt 0.27513868 0.69136631
vt 0.22486132 0.69136631
vt 0.22695622 0.69136631
vt 0.22478157 0.70213532
vt 0.22248898 0.70213532
vt 0.22486132 0.69136631
vt 0.22248898 0.70213532
vt 0.22478157 0.70213532
vt 0.22695622 0.69136631
vt 0.22695622 0.69136631
vt 0.22905110 0.69136631
vt 0.22707416 0.70213532
vt 0.22478157 0.70213532
vt 0.22695622 0.69136631
vt 0.22478157 0.70213532
vt 0.22707416 0.70213532
vt 0.22905110 0.69136631
vt 0.22905110 0.69136631
vt 0.23114599 0.69136631
vt 0.22936673 0.70213532
vt 0.22707416 0.70213532
vt 0.22905110 0.69136631
vt 0.22707416 0.70213532
vt 0.22936673 0.70213532
vt 0.23114599 0.69136631
vt 0.23114599 0.69136631
vt 0.23324087 0.69136631
vt 0.23165931 0.70213532
vt 0.22936673 0.70213532
vt 0.23114599 0.69136631
vt 0.22936673 0.70213532
vt 0.23165931 0.70213532
vt 0.23324087 0.69136631
vt 0.23324087 0.69136631
vt 0.23533577 0.69136631
vt 0.23395190 0.70213532
vt 0.23165931 0.70213532
vt 0.23324087 0.69136631
vt 0.23165931 0.70213532
vt 0.23395190 0.70213532
vt 0.23533577 0.69136631
vt 0.23533577 0.69136631
vt 0.23743065 0.69136631
vt 0.23624448 0.70213532
vt 0.23395190 0.70213532
vt 0.23533577 0.69136631
vt 0.23395190 0.70213532
vt 0.23624448 0.70213532
vt 0.23743065 0.69136631
vt 0.23743065 0.69136631
vt 0.23952554 0.69136631
vt 0.23853706 0.70213532
vt 0.23624448 0.70213532
vt 0.23743065 0.69136631
vt 0.23624448 0.70213532
vt 0.23853706 0.70213532
vt 0.23952554 0.69136631
vt 0.23952554 0.69136631
vt 0.24162044 0.69136631
vt 0.24082965 0.70213532
vt 0.23853706 0.70213532
vt 0.23952554 0.69136631
vt 0.23853706 0.70213532
vt 0.24082965 0.70213532
vt 0.24162044 0.69136631
vt 0.24162044 0.69136631
vt 0.24371532 0.69136631
vt 0.24312223 0.70213532
vt 0.24082965 0.70213532
vt 0.24162044 0.69136631
vt 0.24082965 0.70213532
vt 0.24312223 0.70213532
vt 0.24371532 0.69136631
vt 0.24371532 0.69136631
vt 0.24581021 0.69136631
vt 0.24541482 0.70213532
vt 0.24312223 0.70213532
vt 0.24371532 0.69136631
vt 0.24312223 0.70213532
vt 0.24541482 0.70213532
vt 0.24581021 0.69136631
vt 0.24581021 0.69136631
vt 0.24790509 0.69136631
vt 0.24770740 0.70213532
vt 0.24541482 0.70213532
vt 0.24581021 0.69136631
vt 0.24541482 0.70213532
vt 0.24770740 0.70213532
vt 0.24790509 0.69136631
vt 0.24790509 0.69136631
vt 0.24999999 0.69136631
vt 0.24999999 0.70213532
vt 0.24770740 0.70213532
vt 0.24790509 0.69136631
vt 0.24770740 0.70213532
vt 0.24999999 0.70213532
vt 0.24999999 0.69136631
vt 0.24999999 0.69136631
vt 0.25209486 0.69136631
vt 0.25229257 0.70213532
vt 0.24999999 0.70213532
vt 0.24999999 0.69136631
vt 0.24999999 0.70213532
vt 0.25229257 0.70213532
vt 0.25209486 0.69136631
vt 0.25209486 0.69136631
vt 0.25418979 0.69136631
vt 0.25458515 0.70213532
vt 0.25229257 0.70213532
vt 0.25209486 0.69136631
vt 0.25229257 0.70213532
vt 0.25458515 0.70213532
vt 0.25418979 0.69136631
vt 0.25418979 0.69136631
vt 0.25628465 0.69136631
vt 0.25687775 0.70213532
vt 0.25458515 0.70213532
vt 0.25418979 0.69136631
vt 0.25458515 0.70213532
vt 0.25687775 0.70213532
vt 0.25628465 0.69136631
vt 0.25628465 0.69136631
vt 0.25837955 0.69136631
vt 0.25917032 0.70213532
vt 0.25687775 0.70213532
vt 0.25628465 0.69136631
vt 0.25687775 0.70213532
vt 0.25917032 0.70213532
vt 0.25837955 0.69136631
vt 0.25837955 0.69136631
vt 0.26047441 0.69136631
vt 0.26146293 0.70213532
vt 0.25917032 0.70213532
vt 0.25837955 0.69136631
vt 0.25917032 0.70213532
vt 0.26146293 0.70213532
vt 0.26047441 0.69136631
vt 0.26047441 0.69136631
vt 0.26256934 0.69136631
vt 0.26375550 0.70213532
vt 0.26146293 0.70213532
vt 0.26047441 0.69136631
vt 0.26146293 0.70213532
vt 0.26375550 0.70213532
vt 0.26256934 0.69136631
vt 0.26256934 0.69136631
vt 0.26466420 0.69136631
vt 0.26604810 0.70213532
vt 0.26375550 0.70213532
vt 0.26256934 0.69136631
vt 0.26375550 0.70213532
vt 0.26604810 0.70213532
vt 0.26466420 0.69136631
vt 0.26466420 0.69136631
vt 0.26675910 0.69136631
vt 0.26834068 0.70213532
vt 0.26604810 0.70213532
vt 0.26466420 0.69136631
vt 0.26604810 0.70213532
vt 0.26834068 0.70213532
vt 0.26675910 0.69136631
vt 0.26675910 0.69136631
vt 0.26885399 0.69136631
vt 0.27063325 0.70213532
vt 0.26834068 0.70213532
vt 0.26675910 0.69136631
vt 0.26834068 0.70213532
vt 0.27063325 0.70213532
vt 0.26885399 0.69136631
vt 0.26885399 0.69136631
vt 0.27094889 0.69136631
vt 0.27292585 0.70213532
vt 0.27063325 0.70213532
vt 0.26885399 0.69136631
vt 0.27063325 0.70213532
vt 0.27292585 0.70213532
vt 0.27094889 0.69136631
vt 0.27094889 0.69136631
vt 0.27304375 0.69136631
vt 0.27521843 0.70213532
vt 0.27292585 0.70213532
vt 0.27094889 0.69136631
vt 0.27292585 0.70213532
vt 0.27521843 0.70213532
vt 0.27304375 0.69136631
vt 0.27304375 0.69136631
vt 0.27513868 0.69136631
vt 0.27751100 0.70213532
vt 0.27521843 0.70213532
vt 0.27304375 0.69136631
vt 0.27521843 0.70213532
vt 0.27751100 0.70213532
vt 0.27513868 0.69136631
vt 0.22486132 0.69136631
vt 0.22248898 0.70213532
vt 0.22248898 0.70213532
vt 0.22486132 0.69136631
vt 0.27513868 0.69136631
vt 0.27513868 0.69136631
vt 0.27751100 0.70213532
vt 0.27751100 0.70213532
vt 0.22248898 0.70213532
vt 0.22478157 0.70213532
vt 0.22260693 0.71290433
vt 0.22011665 0.71290433
vt 0.22248898 0.70213532
vt 0.22011665 0.71290433
vt 0.22260693 0.71290433
vt 0.22478157 0.70213532
vt 0.22478157 0.70213532
vt 0.22707416 0.70213532
vt 0.22509719 0.71290433
vt 0.22260693 0.71290433
vt 0.22478157 0.70213532
vt 0.22260693 0.71290433
vt 0.22509719 0.71290433
vt 0.22707416 0.70213532
vt 0.22707416 0.70213532
vt 0.22936673 0.70213532
vt 0.22758748 0.71290433
vt 0.22509719 0.71290433
vt 0.22707416 0.70213532
vt 0.22509719 0.71290433
vt 0.22758748 0.71290433
vt 0.22936673 0.70213532
vt 0.22936673 0.70213532
vt 0.23165931 0.70213532
vt 0.23007776 0.71290433
vt 0.22758748 0.71290433
vt 0.22936673 0.70213532
vt 0.22758748 0.71290433
vt 0.23007776 0.71290433
vt 0.23165931 0.70213532
vt 0.23165931 0.70213532
vt 0.23395190 0.70213532
vt 0.23256804 0.71290433
vt 0.23007776 0.71290433
vt 0.23165931 0.70213532
vt 0.23007776 0.71290433
vt 0.23256804 0.71290433
vt 0.23395190 0.70213532
vt 0.23395190 0.70213532
vt 0.23624448 0.70213532
vt 0.23505831 0.71290433
vt 0.23256804 0.71290433
vt 0.23395190 0.70213532
vt 0.23256804 0.71290433
vt 0.23505831 0.71290433
vt 0.23624448 0.70213532
vt 0.23624448 0.70213532
vt 0.23853706 0.70213532
vt 0.23754860 0.71290433
vt 0.23505831 0.71290433
vt 0.23624448 0.70213532
vt 0.23505831 0.71290433
vt 0.23754860 0.71290433
vt 0.23853706 0.70213532
vt 0.23853706 0.70213532
vt 0.24082965 0.70213532
vt 0.24003887 0.71290433
vt 0.23754860 0.71290433
vt 0.23853706 0.70213532
vt 0.23754860 0.71290433
vt 0.24003887 0.71290433
vt 0.24082965 0.70213532
vt 0.24082965 0.70213532
vt 0.24312223 0.70213532
vt 0.24252915 0.71290433
vt 0.24003887 0.71290433
vt 0.24082965 0.70213532
vt 0.24003887 0.71290433
vt 0.24252915 0.71290433
vt 0.24312223 0.70213532
vt 0.24312223 0.70213532
vt 0.24541482 0.70213532
vt 0.24501942 0.71290433
vt 0.24252915 0.71290433
vt 0.24312223 0.70213532
vt 0.24252915 0.71290433
vt 0.24501942 0.71290433
vt 0.24541482 0.70213532
vt 0.24541482 0.70213532
vt 0.24770740 0.70213532
vt 0.24750972 0.71290433
vt 0.24501942 0.71290433
vt 0.24541482 0.70213532
vt 0.24501942 0.71290433
vt 0.24750972 0.71290433
vt 0.24770740 0.70213532
vt 0.24770740 0.70213532
vt 0.24999999 0.70213532
vt 0.24999999 0.71290433
vt 0.24750972 0.71290433
vt 0.24770740 0.70213532
vt 0.24750972 0.71290433
vt 0.24999999 0.71290433
vt 0.24999999 0.70213532
vt 0.24999999 0.70213532
vt 0.25229257 0.70213532
vt 0.25249028 0.71290433
vt 0.24999999 0.71290433
vt 0.24999999 0.70213532
vt 0.24999999 0.71290433
vt 0.25249028 0.71290433
vt 0.25229257 0.70213532
vt 0.25229257 0.70213532
vt 0.25458515 0.70213532
vt 0.25498053 0.71290433
vt 0.25249028 0.71290433
vt 0.25229257 0.70213532
vt 0.25249028 0.71290433
vt 0.25498053 0.71290433
vt 0.25458515 0.70213532
vt 0.25458515 0.70213532
vt 0.25687775 0.70213532
vt 0.25747085 0.71290433
vt 0.25498053 0.71290433
vt 0.25458515 0.70213532
vt 0.25498053 0.71290433
vt 0.25747085 0.71290433
vt 0.25687775 0.70213532
vt 0.25687775 0.70213532
vt 0.25917032 0.70213532
vt 0.25996113 0.71290433
vt 0.25747085 0.71290433
vt 0.25687775 0.70213532
vt 0.25747085 0.71290433
vt 0.25996113 0.71290433
vt 0.25917032 0.70213532
vt 0.25917032 0.70213532
vt 0.26146293 0.70213532
vt 0.26245138 0.71290433
vt 0.25996113 0.71290433
vt 0.25917032 0.70213532
vt 0.25996113 0.71290433
vt 0.26245138 0.71290433
vt 0.26146293 0.70213532
vt 0.26146293 0.70213532
vt 0.26375550 0.70213532
vt 0.26494166 0.71290433
vt 0.26245138 0.71290433
vt 0.26146293 0.70213532
vt 0.26245138 0.71290433
vt 0.26494166 0.71290433
vt 0.26375550 0.70213532
vt 0.26375550 0.70213532
vt 0.26604810 0.70213532
vt 0.26743194 0.71290433
vt 0.26494166 0.71290433
vt 0.26375550 0.70213532
vt 0.26494166 0.71290433
vt 0.26743194 0.71290433
vt 0.26604810 0.70213532
vt 0.26604810 0.70213532
vt 0.26834068 0.70213532
vt 0.26992223 0.71290433
vt 0.26743194 0.71290433
vt 0.26604810 0.70213532
vt 0.26743194 0.71290433
vt 0.26992223 0.71290433
vt 0.26834068 0.70213532
vt 0.26834068 0.70213532
vt 0.27063325 0.70213532
vt 0.27241251 0.71290433
vt 0.26992223 0.71290433
vt 0.26834068 0.70213532
vt 0.26992223 0.71290433
vt 0.27241251 0.71290433
vt 0.27063325 0.70213532
vt 0.27063325 0.70213532
vt 0.27292585 0.70213532
vt 0.27490276 0.71290433
vt 0.27241251 0.71290433
vt 0.27063325 0.70213532
vt 0.27241251 0.71290433
vt 0.27490276 0.71290433
vt 0.27292585 0.70213532
vt 0.27292585 0.70213532
vt 0.27521843 0.70213532
vt 0.27739307 0.71290433
vt 0.27490276 0.71290433
vt 0.27292585 0.70213532
vt 0.27490276 0.71290433
vt 0.27739307 0.71290433
vt 0.27521843 0.70213532
vt 0.27521843 0.70213532
vt 0.27751100 0.70213532
vt 0.27988335 0.71290433
vt 0.27739307 0.71290433
vt 0.27521843 0.70213532
vt 0.27739307 0.71290433
vt 0.27988335 0.71290433
vt 0.27751100 0.70213532
vt 0.22248898 0.70213532
vt 0.22011665 0.71290433
vt 0.22011665 0.71290433
vt 0.22248898 0.70213532
vt 0.27751100 0.70213532
vt 0.27751100 0.70213532
vt 0.27988335 0.71290433
vt 0.27988335 0.71290433
vt 0.22011665 0.71290433
vt 0.22260693 0.71290433
vt 0.22170615 0.71736503
vt 0.21913399 0.71736503
vt 0.22011665 0.71290433
vt 0.21913399 0.71736503
vt 0.22170615 0.71736503
vt 0.22260693 0.71290433
vt 0.22260693 0.71290433
vt 0.22509719 0.71290433
vt 0.22427832 0.71736503
vt 0.22170615 0.71736503
vt 0.22260693 0.71290433
vt 0.22170615 0.71736503
vt 0.22427832 0.71736503
vt 0.22509719 0.71290433
vt 0.22509719 0.71290433
vt 0.22758748 0.71290433
vt 0.22685049 0.71736503
vt 0.22427832 0.71736503
vt 0.22509719 0.71290433
vt 0.22427832 0.71736503
vt 0.22685049 0.71736503
vt 0.22758748 0.71290433
vt 0.22758748 0.71290433
vt 0.23007776 0.71290433
vt 0.22942264 0.71736503
vt 0.22685049 0.71736503
vt 0.22758748 0.71290433
vt 0.22685049 0.71736503
vt 0.22942264 0.71736503
vt 0.23007776 0.71290433
vt 0.23007776 0.71290433
vt 0.23256804 0.71290433
vt 0.23199482 0.71736503
vt 0.22942264 0.71736503
vt 0.23007776 0.71290433
vt 0.22942264 0.71736503
vt 0.23199482 0.71736503
vt 0.23256804 0.71290433
vt 0.23256804 0.71290433
vt 0.23505831 0.71290433
vt 0.23456699 0.71736503
vt 0.23199482 0.71736503
vt 0.23256804 0.71290433
vt 0.23199482 0.71736503
vt 0.23456699 0.71736503
vt 0.23505831 0.71290433
vt 0.23505831 0.71290433
vt 0.23754860 0.71290433
vt 0.23713915 0.71736503
vt 0.23456699 0.71736503
vt 0.23505831 0.71290433
vt 0.23456699 0.71736503
vt 0.23713915 0.71736503
vt 0.23754860 0.71290433
vt 0.23754860 0.71290433
vt 0.24003887 0.71290433
vt 0.23971133 0.71736503
vt 0.23713915 0.71736503
vt 0.23754860 0.71290433
vt 0.23713915 0.71736503
vt 0.23971133 0.71736503
vt 0.24003887 0.71290433
vt 0.24003887 0.71290433
vt 0.24252915 0.71290433
vt 0.24228349 0.71736503
vt 0.23971133 0.71736503
vt 0.24003887 0.71290433
vt 0.23971133 0.71736503
vt 0.24228349 0.71736503
vt 0.24252915 0.71290433
vt 0.24252915 0.71290433
vt 0.24501942 0.71290433
vt 0.24485564 0.71736503
vt 0.24228349 0.71736503
vt 0.24252915 0.71290433
vt 0.24228349 0.71736503
vt 0.24485564 0.71736503
vt 0.24501942 0.71290433
vt 0.24501942 0.71290433
vt 0.24750972 0.71290433
vt 0.24742782 0.71736503
vt 0.24485564 0.71736503
vt 0.24501942 0.71290433
vt 0.24485564 0.71736503
vt 0.24742782 0.71736503
vt 0.24750972 0.71290433
vt 0.24750972 0.71290433
vt 0.24999999 0.71290433
vt 0.24999999 0.71736503
vt 0.24742782 0.71736503
vt 0.24750972 0.71290433
vt 0.24742782 0.71736503
vt 0.24999999 0.71736503
vt 0.24999999 0.71290433
vt 0.24999999 0.71290433
vt 0.25249028 0.71290433
vt 0.25257215 0.71736503
vt 0.24999999 0.71736503
vt 0.24999999 0.71290433
vt 0.24999999 0.71736503
vt 0.25257215 0.71736503
vt 0.25249028 0.71290433
vt 0.25249028 0.71290433
vt 0.25498053 0.71290433
vt 0.25514433 0.71736503
vt 0.25257215 0.71736503
vt 0.25249028 0.71290433
vt 0.25257215 0.71736503
vt 0.25514433 0.71736503
vt 0.25498053 0.71290433
vt 0.25498053 0.71290433
vt 0.25747085 0.71290433
vt 0.25771651 0.71736503
vt 0.25514433 0.71736503
vt 0.25498053 0.71290433
vt 0.25514433 0.71736503
vt 0.25771651 0.71736503
vt 0.25747085 0.71290433
vt 0.25747085 0.71290433
vt 0.25996113 0.71290433
vt 0.26028869 0.71736503
vt 0.25771651 0.71736503
vt 0.25747085 0.71290433
vt 0.25771651 0.71736503
vt 0.26028869 0.71736503
vt 0.25996113 0.71290433
vt 0.25996113 0.71290433
vt 0.26245138 0.71290433
vt 0.26286083 0.71736503
vt 0.26028869 0.71736503
vt 0.25996113 0.71290433
vt 0.26028869 0.71736503
vt 0.26286083 0.71736503
vt 0.26245138 0.71290433
vt 0.26245138 0.71290433
vt 0.26494166 0.71290433
vt 0.26543298 0.71736503
vt 0.26286083 0.71736503
vt 0.26245138 0.71290433
vt 0.26286083 0.71736503
vt 0.26543298 0.71736503
vt 0.26494166 0.71290433
vt 0.26494166 0.71290433
vt 0.26743194 0.71290433
vt 0.26800516 0.71736503
vt 0.26543298 0.71736503
vt 0.26494166 0.71290433
vt 0.26543298 0.71736503
vt 0.26800516 0.71736503
vt 0.26743194 0.71290433
vt 0.26743194 0.71290433
vt 0.26992223 0.71290433
vt 0.27057731 0.71736503
vt 0.26800516 0.71736503
vt 0.26743194 0.71290433
vt 0.26800516 0.71736503
vt 0.27057731 0.71736503
vt 0.26992223 0.71290433
vt 0.26992223 0.71290433
vt 0.27241251 0.71290433
vt 0.27314949 0.71736503
vt 0.27057731 0.71736503
vt 0.26992223 0.71290433
vt 0.27057731 0.71736503
vt 0.27314949 0.71736503
vt 0.27241251 0.71290433
vt 0.27241251 0.71290433
vt 0.27490276 0.71290433
vt 0.27572167 0.71736503
vt 0.27314949 0.71736503
vt 0.27241251 0.71290433
vt 0.27314949 0.71736503
vt 0.27572167 0.71736503
vt 0.27490276 0.71290433
vt 0.27490276 0.71290433
vt 0.27739307 0.71290433
vt 0.27829382 0.71736503
vt 0.27572167 0.71736503
vt 0.27490276 0.71290433
vt 0.27572167 0.71736503
vt 0.27829382 0.71736503
vt 0.27739307 0.71290433
vt 0.27739307 0.71290433
vt 0.27988335 0.71290433
vt 0.28086600 0.71736503
vt 0.27829382 0.71736503
vt 0.27739307 0.71290433
vt 0.27829382 0.71736503
vt 0.28086600 0.71736503
vt 0.27988335 0.71290433
vt 0.22011665 0.71290433
vt 0.21913399 0.71736503
vt 0.21913399 0.71736503
vt 0.22011665 0.71290433
vt 0.27988335 0.71290433
vt 0.27988335 0.71290433
vt 0.28086600 0.71736503
vt 0.28086600 0.71736503
vt 0.21913399 0.71736503
vt 0.22170615 0.71736503
vt 0.22134586 0.72214425
vt 0.21874093 0.72214425
vt 0.21913399 0.71736503
vt 0.21874093 0.72214425
vt 0.22134586 0.72214425
vt 0.22170615 0.71736503
vt 0.22170615 0.71736503
vt 0.22427832 0.71736503
vt 0.22395077 0.72214425
vt 0.22134586 0.72214425
vt 0.22170615 0.71736503
vt 0.22134586 0.72214425
vt 0.22395077 0.72214425
vt 0.22427832 0.71736503
vt 0.22427832 0.71736503
vt 0.22685049 0.71736503
vt 0.22655569 0.72214425
vt 0.22395077 0.72214425
vt 0.22427832 0.71736503
vt 0.22395077 0.72214425
vt 0.22655569 0.72214425
vt 0.22685049 0.71736503
vt 0.22685049 0.71736503
vt 0.22942264 0.71736503
vt 0.22916062 0.72214425
vt 0.22655569 0.72214425
vt 0.22685049 0.71736503
vt 0.22655569 0.72214425
vt 0.22916062 0.72214425
vt 0.22942264 0.71736503
vt 0.22942264 0.71736503
vt 0.23199482 0.71736503
vt 0.23176554 0.72214425
vt 0.22916062 0.72214425
vt 0.22942264 0.71736503
vt 0.22916062 0.72214425
vt 0.23176554 0.72214425
vt 0.23199482 0.71736503
vt 0.23199482 0.71736503
vt 0.23456699 0.71736503
vt 0.23437046 0.72214425
vt 0.23176554 0.72214425
vt 0.23199482 0.71736503
vt 0.23176554 0.72214425
vt 0.23437046 0.72214425
vt 0.23456699 0.71736503
vt 0.23456699 0.71736503
vt 0.23713915 0.71736503
vt 0.23697537 0.72214425
vt 0.23437046 0.72214425
vt 0.23456699 0.71736503
vt 0.23437046 0.72214425
vt 0.23697537 0.72214425
vt 0.23713915 0.71736503
vt 0.23713915 0.71736503
vt 0.23971133 0.71736503
vt 0.23958030 0.72214425
vt 0.23697537 0.72214425
vt 0.23713915 0.71736503
vt 0.23697537 0.72214425
vt 0.23958030 0.72214425
vt 0.23971133 0.71736503
vt 0.23971133 0.71736503
vt 0.24228349 0.71736503
vt 0.24218522 0.72214425
vt 0.23958030 0.72214425
vt 0.23971133 0.71736503
vt 0.23958030 0.72214425
vt 0.24218522 0.72214425
vt 0.24228349 0.71736503
vt 0.24228349 0.71736503
vt 0.24485564 0.71736503
vt 0.24479014 0.72214425
vt 0.24218522 0.72214425
vt 0.24228349 0.71736503
vt 0.24218522 0.72214425
vt 0.24479014 0.72214425
vt 0.24485564 0.71736503
vt 0.24485564 0.71736503
vt 0.24742782 0.71736503
vt 0.24739507 0.72214425
vt 0.24479014 0.72214425
vt 0.24485564 0.71736503
vt 0.24479014 0.72214425
vt 0.24739507 0.72214425
vt 0.24742782 0.71736503
vt 0.24742782 0.71736503
vt 0.24999999 0.71736503
vt 0.24999999 0.72214425
vt 0.24739507 0.72214425
vt 0.24742782 0.71736503
vt 0.24739507 0.72214425
vt 0.24999999 0.72214425
vt 0.24999999 0.71736503
vt 0.24999999 0.71736503
vt 0.25257215 0.71736503
vt 0.25260490 0.72214425
vt 0.24999999 0.72214425
vt 0.24999999 0.71736503
vt 0.24999999 0.72214425
vt 0.25260490 0.72214425
vt 0.25257215 0.71736503
vt 0.25257215 0.71736503
vt 0.25514433 0.71736503
vt 0.25520983 0.72214425
vt 0.25260490 0.72214425
vt 0.25257215 0.71736503
vt 0.25260490 0.72214425
vt 0.25520983 0.72214425
vt 0.25514433 0.71736503
vt 0.25514433 0.71736503
vt 0.25771651 0.71736503
vt 0.25781476 0.72214425
vt 0.25520983 0.72214425
vt 0.25514433 0.71736503
vt 0.25520983 0.72214425
vt 0.25781476 0.72214425
vt 0.25771651 0.71736503
vt 0.25771651 0.71736503
vt 0.26028869 0.71736503
vt 0.26041970 0.72214425
vt 0.25781476 0.72214425
vt 0.25771651 0.71736503
vt 0.25781476 0.72214425
vt 0.26041970 0.72214425
vt 0.26028869 0.71736503
vt 0.26028869 0.71736503
vt 0.26286083 0.71736503
vt 0.26302460 0.72214425
vt 0.26041970 0.72214425
vt 0.26028869 0.71736503
vt 0.26041970 0.72214425
vt 0.26302460 0.72214425
vt 0.26286083 0.71736503
vt 0.26286083 0.71736503
vt 0.26543298 0.71736503
vt 0.26562953 0.72214425
vt 0.26302460 0.72214425
vt 0.26286083 0.71736503
vt 0.26302460 0.72214425
vt 0.26562953 0.72214425
vt 0.26543298 0.71736503
vt 0.26543298 0.71736503
vt 0.26800516 0.71736503
vt 0.26823446 0.72214425
vt 0.26562953 0.72214425
vt 0.26543298 0.71736503
vt 0.26562953 0.72214425
vt 0.26823446 0.72214425
vt 0.26800516 0.71736503
vt 0.26800516 0.71736503
vt 0.27057731 0.71736503
vt 0.27083936 0.72214425
vt 0.26823446 0.72214425
vt 0.26800516 0.71736503
vt 0.26823446 0.72214425
vt 0.27083936 0.72214425
vt 0.27057731 0.71736503
vt 0.27057731 0.71736503
vt 0.27314949 0.71736503
vt 0.27344429 0.72214425
vt 0.27083936 0.72214425
vt 0.27057731 0.71736503
vt 0.27083936 0.72214425
vt 0.27344429 0.72214425
vt 0.27314949 0.71736503
vt 0.27314949 0.71736503
vt 0.27572167 0.71736503
vt 0.27604923 0.72214425
vt 0.27344429 0.72214425
vt 0.27314949 0.71736503
vt 0.27344429 0.72214425
vt 0.27604923 0.72214425
vt 0.27572167 0.71736503
vt 0.27572167 0.71736503
vt 0.27829382 0.71736503
vt 0.27865413 0.72214425
vt 0.27604923 0.72214425
vt 0.27572167 0.71736503
vt 0.27604923 0.72214425
vt 0.27865413 0.72214425
vt 0.27829382 0.71736503
vt 0.27829382 0.71736503
vt 0.28086600 0.71736503
vt 0.28125906 0.72214425
vt 0.27865413 0.72214425
vt 0.27829382 0.71736503
vt 0.27865413 0.72214425
vt 0.28125906 0.72214425
vt 0.28086600 0.71736503
vt 0.21913399 0.71736503
vt 0.21874093 0.72214425
vt 0.21874093 0.72214425
vt 0.21913399 0.71736503
vt 0.28086600 0.71736503
vt 0.28086600 0.71736503
vt 0.28125906 0.72214425
vt 0.28125906 0.72214425
vt 0.21874093 0.72214425
vt 0.22134586 0.72214425
vt 0.22047599 0.73368251
vt 0.21779199 0.73368251
vt 0.21874093 0.72214425
vt 0.21779199 0.73368251
vt 0.22047599 0.73368251
vt 0.22134586 0.72214425
vt 0.22134586 0.72214425
vt 0.22395077 0.72214425
vt 0.22315998 0.73368251
vt 0.22047599 0.73368251
vt 0.22134586 0.72214425
vt 0.22047599 0.73368251
vt 0.22315998 0.73368251
vt 0.22395077 0.72214425
vt 0.22395077 0.72214425
vt 0.22655569 0.72214425
vt 0.22584400 0.73368251
vt 0.22315998 0.73368251
vt 0.22395077 0.72214425
vt 0.22315998 0.73368251
vt 0.22584400 0.73368251
vt 0.22655569 0.72214425
vt 0.22655569 0.72214425
vt 0.22916062 0.72214425
vt 0.22852799 0.73368251
vt 0.22584400 0.73368251
vt 0.22655569 0.72214425
vt 0.22584400 0.73368251
vt 0.22852799 0.73368251
vt 0.22916062 0.72214425
vt 0.22916062 0.72214425
vt 0.23176554 0.72214425
vt 0.23121198 0.73368251
vt 0.22852799 0.73368251
vt 0.22916062 0.72214425
vt 0.22852799 0.73368251
vt 0.23121198 0.73368251
vt 0.23176554 0.72214425
vt 0.23176554 0.72214425
vt 0.23437046 0.72214425
vt 0.23389599 0.73368251
vt 0.23121198 0.73368251
vt 0.23176554 0.72214425
vt 0.23121198 0.73368251
vt 0.23389599 0.73368251
vt 0.23437046 0.72214425
vt 0.23437046 0.72214425
vt 0.23697537 0.72214425
vt 0.23657998 0.73368251
vt 0.23389599 0.73368251
vt 0.23437046 0.72214425
vt 0.23389599 0.73368251
vt 0.23657998 0.73368251
vt 0.23697537 0.72214425
vt 0.23697537 0.72214425
vt 0.23958030 0.72214425
vt 0.23926398 0.73368251
vt 0.23657998 0.73368251
vt 0.23697537 0.72214425
vt 0.23657998 0.73368251
vt 0.23926398 0.73368251
vt 0.23958030 0.72214425
vt 0.23958030 0.72214425
vt 0.24218522 0.72214425
vt 0.24194799 0.73368251
vt 0.23926398 0.73368251
vt 0.23958030 0.72214425
vt 0.23926398 0.73368251
vt 0.24194799 0.73368251
vt 0.24218522 0.72214425
vt 0.24218522 0.72214425
vt 0.24479014 0.72214425
vt 0.24463198 0.73368251
vt 0.24194799 0.73368251
vt 0.24218522 0.72214425
vt 0.24194799 0.73368251
vt 0.24463198 0.73368251
vt 0.24479014 0.72214425
vt 0.24479014 0.72214425
vt 0.24739507 0.72214425
vt 0.24731599 0.73368251
vt 0.24463198 0.73368251
vt 0.24479014 0.72214425
vt 0.24463198 0.73368251
vt 0.24731599 0.73368251
vt 0.24739507 0.72214425
vt 0.24739507 0.72214425
vt 0.24999999 0.72214425
vt 0.24999999 0.73368251
vt 0.24731599 0.73368251
vt 0.24739507 0.72214425
vt 0.24731599 0.73368251
vt 0.24999999 0.73368251
vt 0.24999999 0.72214425
vt 0.24999999 0.72214425
vt 0.25260490 0.72214425
vt 0.25268400 0.73368251
vt 0.24999999 0.73368251
vt 0.24999999 0.72214425
vt 0.24999999 0.73368251
vt 0.25268400 0.73368251
vt 0.25260490 0.72214425
vt 0.25260490 0.72214425
vt 0.25520983 0.72214425
vt 0.25536799 0.73368251
vt 0.25268400 0.73368251
vt 0.25260490 0.72214425
vt 0.25268400 0.73368251
vt 0.25536799 0.73368251
vt 0.25520983 0.72214425
vt 0.25520983 0.72214425
vt 0.25781476 0.72214425
vt 0.25805199 0.73368251
vt 0.25536799 0.73368251
vt 0.25520983 0.72214425
vt 0.25536799 0.73368251
vt 0.25805199 0.73368251
vt 0.25781476 0.72214425
vt 0.25781476 0.72214425
vt 0.26041970 0.72214425
vt 0.26073602 0.73368251
vt 0.25805199 0.73368251
vt 0.25781476 0.72214425
vt 0.25805199 0.73368251
vt 0.26073602 0.73368251
vt 0.26041970 0.72214425
vt 0.26041970 0.72214425
vt 0.26302460 0.72214425
vt 0.26341999 0.73368251
vt 0.26073602 0.73368251
vt 0.26041970 0.72214425
vt 0.26073602 0.73368251
vt 0.26341999 0.73368251
vt 0.26302460 0.72214425
vt 0.26302460 0.72214425
vt 0.26562953 0.72214425
vt 0.26610398 0.73368251
vt 0.26341999 0.73368251
vt 0.26302460 0.72214425
vt 0.26341999 0.73368251
vt 0.26610398 0.73368251
vt 0.26562953 0.72214425
vt 0.26562953 0.72214425
vt 0.26823446 0.72214425
vt 0.26878801 0.73368251
vt 0.26610398 0.73368251
vt 0.26562953 0.72214425
vt 0.26610398 0.73368251
vt 0.26878801 0.73368251
vt 0.26823446 0.72214425
vt 0.26823446 0.72214425
vt 0.27083936 0.72214425
vt 0.27147201 0.73368251
vt 0.26878801 0.73368251
vt 0.26823446 0.72214425
vt 0.26878801 0.73368251
vt 0.27147201 0.73368251
vt 0.27083936 0.72214425
vt 0.27083936 0.72214425
vt 0.27344429 0.72214425
vt 0.27415600 0.73368251
vt 0.27147201 0.73368251
vt 0.27083936 0.72214425
vt 0.27147201 0.73368251
vt 0.27415600 0.73368251
vt 0.27344429 0.72214425
vt 0.27344429 0.72214425
vt 0.27604923 0.72214425
vt 0.27684000 0.73368251
vt 0.27415600 0.73368251
vt 0.27344429 0.72214425
vt 0.27415600 0.73368251
vt 0.27684000 0.73368251
vt 0.27604923 0.72214425
vt 0.27604923 0.72214425
vt 0.27865413 0.72214425
vt 0.27952400 0.73368251
vt 0.27684000 0.73368251
vt 0.27604923 0.72214425
vt 0.27684000 0.73368251
vt 0.27952400 0.73368251
vt 0.27865413 0.72214425
vt 0.27865413 0.72214425
vt 0.28125906 0.72214425
vt 0.28220800 0.73368251
vt 0.27952400 0.73368251
vt 0.27865413 0.72214425
vt 0.27952400 0.73368251
vt 0.28220800 0.73368251
vt 0.28125906 0.72214425
vt 0.21874093 0.72214425
vt 0.21779199 0.73368251
vt 0.21779199 0.73368251
vt 0.21874093 0.72214425
vt 0.28125906 0.72214425
vt 0.28125906 0.72214425
vt 0.28220800 0.73368251
vt 0.28220800 0.73368251
vt 0.21779199 0.73368251
vt 0.22047599 0.73368251
vt 0.21960613 0.74522072
vt 0.21684305 0.74522072
vt 0.21779199 0.73368251
vt 0.21684305 0.74522072
vt 0.21960613 0.74522072
vt 0.22047599 0.73368251
vt 0.22047599 0.73368251
vt 0.22315998 0.73368251
vt 0.22236921 0.74522072
vt 0.21960613 0.74522072
vt 0.22047599 0.73368251
vt 0.21960613 0.74522072
vt 0.22236921 0.74522072
vt 0.22315998 0.73368251
vt 0.22315998 0.73368251
vt 0.22584400 0.73368251
vt 0.22513229 0.74522072
vt 0.22236921 0.74522072
vt 0.22315998 0.73368251
vt 0.22236921 0.74522072
vt 0.22513229 0.74522072
vt 0.22584400 0.73368251
vt 0.22584400 0.73368251
vt 0.22852799 0.73368251
vt 0.22789536 0.74522072
vt 0.22513229 0.74522072
vt 0.22584400 0.73368251
vt 0.22513229 0.74522072
vt 0.22789536 0.74522072
vt 0.22852799 0.73368251
vt 0.22852799 0.73368251
vt 0.23121198 0.73368251
vt 0.23065844 0.74522072
vt 0.22789536 0.74522072
vt 0.22852799 0.73368251
vt 0.22789536 0.74522072
vt 0.23065844 0.74522072
vt 0.23121198 0.73368251
vt 0.23121198 0.73368251
vt 0.23389599 0.73368251
vt 0.23342152 0.74522072
vt 0.23065844 0.74522072
vt 0.23121198 0.73368251
vt 0.23065844 0.74522072
vt 0.23342152 0.74522072
vt 0.23389599 0.73368251
vt 0.23389599 0.73368251
vt 0.23657998 0.73368251
vt 0.23618458 0.74522072
vt 0.23342152 0.74522072
vt 0.23389599 0.73368251
vt 0.23342152 0.74522072
vt 0.23618458 0.74522072
vt 0.23657998 0.73368251
vt 0.23657998 0.73368251
vt 0.23926398 0.73368251
vt 0.23894767 0.74522072
vt 0.23618458 0.74522072
vt 0.23657998 0.73368251
vt 0.23618458 0.74522072
vt 0.23894767 0.74522072
vt 0.23926398 0.73368251
vt 0.23926398 0.73368251
vt 0.24194799 0.73368251
vt 0.24171075 0.74522072
vt 0.23894767 0.74522072
vt 0.23926398 0.73368251
vt 0.23894767 0.74522072
vt 0.24171075 0.74522072
vt 0.24194799 0.73368251
vt 0.24194799 0.73368251
vt 0.24463198 0.73368251
vt 0.24447383 0.74522072
vt 0.24171075 0.74522072
vt 0.24194799 0.73368251
vt 0.24171075 0.74522072
vt 0.24447383 0.74522072
vt 0.24463198 0.73368251
vt 0.24463198 0.73368251
vt 0.24731599 0.73368251
vt 0.24723691 0.74522072
vt 0.24447383 0.74522072
vt 0.24463198 0.73368251
vt 0.24447383 0.74522072
vt 0.24723691 0.74522072
vt 0.24731599 0.73368251
vt 0.24731599 0.73368251
vt 0.24999999 0.73368251
vt 0.24999999 0.74522072
vt 0.24723691 0.74522072
vt 0.24731599 0.73368251
vt 0.24723691 0.74522072
vt 0.24999999 0.74522072
vt 0.24999999 0.73368251
vt 0.24999999 0.73368251
vt 0.25268400 0.73368251
vt 0.25276306 0.74522072
vt 0.24999999 0.74522072
vt 0.24999999 0.73368251
vt 0.24999999 0.74522072
vt 0.25276306 0.74522072
vt 0.25268400 0.73368251
vt 0.25268400 0.73368251
vt 0.25536799 0.73368251
vt 0.25552616 0.74522072
vt 0.25276306 0.74522072
vt 0.25268400 0.73368251
vt 0.25276306 0.74522072
vt 0.25552616 0.74522072
vt 0.25536799 0.73368251
vt 0.25536799 0.73368251
vt 0.25805199 0.73368251
vt 0.25828922 0.74522072
vt 0.25552616 0.74522072
vt 0.25536799 0.73368251
vt 0.25552616 0.74522072
vt 0.25828922 0.74522072
vt 0.25805199 0.73368251
vt 0.25805199 0.73368251
vt 0.26073602 0.73368251
vt 0.26105231 0.74522072
vt 0.25828922 0.74522072
vt 0.25805199 0.73368251
vt 0.25828922 0.74522072
vt 0.26105231 0.74522072
vt 0.26073602 0.73368251
vt 0.26073602 0.73368251
vt 0.26341999 0.73368251
vt 0.26381540 0.74522072
vt 0.26105231 0.74522072
vt 0.26073602 0.73368251
vt 0.26105231 0.74522072
vt 0.26381540 0.74522072
vt 0.26341999 0.73368251
vt 0.26341999 0.73368251
vt 0.26610398 0.73368251
vt 0.26657847 0.74522072
vt 0.26381540 0.74522072
vt 0.26341999 0.73368251
vt 0.26381540 0.74522072
vt 0.26657847 0.74522072
vt 0.26610398 0.73368251
vt 0.26610398 0.73368251
vt 0.26878801 0.73368251
vt 0.26934153 0.74522072
vt 0.26657847 0.74522072
vt 0.26610398 0.73368251
vt 0.26657847 0.74522072
vt 0.26934153 0.74522072
vt 0.26878801 0.73368251
vt 0.26878801 0.73368251
vt 0.27147201 0.73368251
vt 0.27210462 0.74522072
vt 0.26934153 0.74522072
vt 0.26878801 0.73368251
vt 0.26934153 0.74522072
vt 0.27210462 0.74522072
vt 0.27147201 0.73368251
vt 0.27147201 0.73368251
vt 0.27415600 0.73368251
vt 0.27486768 0.74522072
vt 0.27210462 0.74522072
vt 0.27147201 0.73368251
vt 0.27210462 0.74522072
vt 0.27486768 0.74522072
vt 0.27415600 0.73368251
vt 0.27415600 0.73368251
vt 0.27684000 0.73368251
vt 0.27763081 0.74522072
vt 0.27486768 0.74522072
vt 0.27415600 0.73368251
vt 0.27486768 0.74522072
vt 0.27763081 0.74522072
vt 0.27684000 0.73368251
vt 0.27684000 0.73368251
vt 0.27952400 0.73368251
vt 0.28039387 0.74522072
vt 0.27763081 0.74522072
vt 0.27684000 0.73368251
vt 0.27763081 0.74522072
vt 0.28039387 0.74522072
vt 0.27952400 0.73368251
vt 0.27952400 0.73368251
vt 0.28220800 0.73368251
vt 0.28315693 0.74522072
vt 0.28039387 0.74522072
vt 0.27952400 0.73368251
vt 0.28039387 0.74522072
vt 0.28315693 0.74522072
vt 0.28220800 0.73368251
vt 0.21779199 0.73368251
vt 0.21684305 0.74522072
vt 0.21684305 0.74522072
vt 0.21779199 0.73368251
vt 0.28220800 0.73368251
vt 0.28220800 0.73368251
vt 0.28315693 0.74522072
vt 0.28315693 0.74522072
vt 0.21684305 0.74522072
vt 0.21960613 0.74522072
vt 0.21924582 0.75000000
vt 0.21644999 0.75000000
vt 0.21684305 0.74522072
vt 0.21644999 0.75000000
vt 0.21924582 0.75000000
vt 0.21960613 0.74522072
vt 0.21960613 0.74522072
vt 0.22236921 0.74522072
vt 0.22204165 0.75000000
vt 0.21924582 0.75000000
vt 0.21960613 0.74522072
vt 0.21924582 0.75000000
vt 0.22204165 0.75000000
vt 0.22236921 0.74522072
vt 0.22236921 0.74522072
vt 0.22513229 0.74522072
vt 0.22483750 0.75000000
vt 0.22204165 0.75000000
vt 0.22236921 0.74522072
vt 0.22204165 0.75000000
vt 0.22483750 0.75000000
vt 0.22513229 0.74522072
vt 0.22513229 0.74522072
vt 0.22789536 0.74522072
vt 0.22763331 0.75000000
vt 0.22483750 0.75000000
vt 0.22513229 0.74522072
vt 0.22483750 0.75000000
vt 0.22763331 0.75000000
vt 0.22789536 0.74522072
vt 0.22789536 0.74522072
vt 0.23065844 0.74522072
vt 0.23042916 0.75000000
vt 0.22763331 0.75000000
vt 0.22789536 0.74522072
vt 0.22763331 0.75000000
vt 0.23042916 0.75000000
vt 0.23065844 0.74522072
vt 0.23065844 0.74522072
vt 0.23342152 0.74522072
vt 0.23322497 0.75000000
vt 0.23042916 0.75000000
vt 0.23065844 0.74522072
vt 0.23042916 0.75000000
vt 0.23322497 0.75000000
vt 0.23342152 0.74522072
vt 0.23342152 0.74522072
vt 0.23618458 0.74522072
vt 0.23602082 0.75000000
vt 0.23322497 0.75000000
vt 0.23342152 0.74522072
vt 0.23322497 0.75000000
vt 0.23602082 0.75000000
vt 0.23618458 0.74522072
vt 0.23618458 0.74522072
vt 0.23894767 0.74522072
vt 0.23881665 0.75000000
vt 0.23602082 0.75000000
vt 0.23618458 0.74522072
vt 0.23602082 0.75000000
vt 0.23881665 0.75000000
vt 0.23894767 0.74522072
vt 0.23894767 0.74522072
vt 0.24171075 0.74522072
vt 0.24161248 0.75000000
vt 0.23881665 0.75000000
vt 0.23894767 0.74522072
vt 0.23881665 0.75000000
vt 0.24161248 0.75000000
vt 0.24171075 0.74522072
vt 0.24171075 0.74522072
vt 0.24447383 0.74522072
vt 0.24440831 0.75000000
vt 0.24161248 0.75000000
vt 0.24171075 0.74522072
vt 0.24161248 0.75000000
vt 0.24440831 0.75000000
vt 0.24447383 0.74522072
vt 0.24447383 0.74522072
vt 0.24723691 0.74522072
vt 0.24720415 0.75000000
vt 0.24440831 0.75000000
vt 0.24447383 0.74522072
vt 0.24440831 0.75000000
vt 0.24720415 0.75000000
vt 0.24723691 0.74522072
vt 0.24723691 0.74522072
vt 0.24999999 0.74522072
vt 0.24999999 0.75000000
vt 0.24720415 0.75000000
vt 0.24723691 0.74522072
vt 0.24720415 0.75000000
vt 0.24999999 0.75000000
vt 0.24999999 0.74522072
vt 0.24999999 0.74522072
vt 0.25276306 0.74522072
vt 0.25279582 0.75000000
vt 0.24999999 0.75000000
vt 0.24999999 0.74522072
vt 0.24999999 0.75000000
vt 0.25279582 0.75000000
vt 0.25276306 0.74522072
vt 0.25276306 0.74522072
vt 0.25552616 0.74522072
vt 0.25559166 0.75000000
vt 0.25279582 0.75000000
vt 0.25276306 0.74522072
vt 0.25279582 0.75000000
vt 0.25559166 0.75000000
vt 0.25552616 0.74522072
vt 0.25552616 0.74522072
vt 0.25828922 0.74522072
vt 0.25838748 0.75000000
vt 0.25559166 0.75000000
vt 0.25552616 0.74522072
vt 0.25559166 0.75000000
vt 0.25838748 0.75000000
vt 0.25828922 0.74522072
vt 0.25828922 0.74522072
vt 0.26105231 0.74522072
vt 0.26118335 0.75000000
vt 0.25838748 0.75000000
vt 0.25828922 0.74522072
vt 0.25838748 0.75000000
vt 0.26118335 0.75000000
vt 0.26105231 0.74522072
vt 0.26105231 0.74522072
vt 0.26381540 0.74522072
vt 0.26397917 0.75000000
vt 0.26118335 0.75000000
vt 0.26105231 0.74522072
vt 0.26118335 0.75000000
vt 0.26397917 0.75000000
vt 0.26381540 0.74522072
vt 0.26381540 0.74522072
vt 0.26657847 0.74522072
vt 0.26677501 0.75000000
vt 0.26397917 0.75000000
vt 0.26381540 0.74522072
vt 0.26397917 0.75000000
vt 0.26677501 0.75000000
vt 0.26657847 0.74522072
vt 0.26657847 0.74522072
vt 0.26934153 0.74522072
vt 0.26957083 0.75000000
vt 0.26677501 0.75000000
vt 0.26657847 0.74522072
vt 0.26677501 0.75000000
vt 0.26957083 0.75000000
vt 0.26934153 0.74522072
vt 0.26934153 0.74522072
vt 0.27210462 0.74522072
vt 0.27236667 0.75000000
vt 0.26957083 0.75000000
vt 0.26934153 0.74522072
vt 0.26957083 0.75000000
vt 0.27236667 0.75000000
vt 0.27210462 0.74522072
vt 0.27210462 0.74522072
vt 0.27486768 0.74522072
vt 0.27516249 0.75000000
vt 0.27236667 0.75000000
vt 0.27210462 0.74522072
vt 0.27236667 0.75000000
vt 0.27516249 0.75000000
vt 0.27486768 0.74522072
vt 0.27486768 0.74522072
vt 0.27763081 0.74522072
vt 0.27795833 0.75000000
vt 0.27516249 0.75000000
vt 0.27486768 0.74522072
vt 0.27516249 0.75000000
vt 0.27795833 0.75000000
vt 0.27763081 0.74522072
vt 0.27763081 0.74522072
vt 0.28039387 0.74522072
vt 0.28075415 0.75000000
vt 0.27795833 0.75000000
vt 0.27763081 0.74522072
vt 0.27795833 0.75000000
vt 0.28075415 0.75000000
vt 0.28039387 0.74522072
vt 0.28039387 0.74522072
vt 0.28315693 0.74522072
vt 0.28355002 0.75000000
vt 0.28075415 0.75000000
vt 0.28039387 0.74522072
vt 0.28075415 0.75000000
vt 0.28355002 0.75000000
vt 0.28315693 0.74522072
vt 0.21684305 0.74522072
vt 0.21644999 0.75000000
vt 0.21644999 0.75000000
vt 0.21684305 0.74522072
vt 0.28315693 0.74522072
vt 0.28315693 0.74522072
vt 0.28355002 0.75000000
vt 0.28355002 0.75000000
vt 0.21644999 0.75000000
vt 0.21924582 0.75000000
vt 0.21942598 0.75541651
vt 0.21664652 0.75541651
vt 0.21644999 0.75000000
vt 0.21664652 0.75541651
vt 0.21942598 0.75541651
vt 0.21924582 0.75000000
vt 0.21924582 0.75000000
vt 0.22204165 0.75000000
vt 0.22220543 0.75541651
vt 0.21942598 0.75541651
vt 0.21924582 0.75000000
vt 0.21942598 0.75541651
vt 0.22220543 0.75541651
vt 0.22204165 0.75000000
vt 0.22204165 0.75000000
vt 0.22483750 0.75000000
vt 0.22498488 0.75541651
vt 0.22220543 0.75541651
vt 0.22204165 0.75000000
vt 0.22220543 0.75541651
vt 0.22498488 0.75541651
vt 0.22483750 0.75000000
vt 0.22483750 0.75000000
vt 0.22763331 0.75000000
vt 0.22776434 0.75541651
vt 0.22498488 0.75541651
vt 0.22483750 0.75000000
vt 0.22498488 0.75541651
vt 0.22776434 0.75541651
vt 0.22763331 0.75000000
vt 0.22763331 0.75000000
vt 0.23042916 0.75000000
vt 0.23054379 0.75541651
vt 0.22776434 0.75541651
vt 0.22763331 0.75000000
vt 0.22776434 0.75541651
vt 0.23054379 0.75541651
vt 0.23042916 0.75000000
vt 0.23042916 0.75000000
vt 0.23322497 0.75000000
vt 0.23332325 0.75541651
vt 0.23054379 0.75541651
vt 0.23042916 0.75000000
vt 0.23054379 0.75541651
vt 0.23332325 0.75541651
vt 0.23322497 0.75000000
vt 0.23322497 0.75000000
vt 0.23602082 0.75000000
vt 0.23610272 0.75541651
vt 0.23332325 0.75541651
vt 0.23322497 0.75000000
vt 0.23332325 0.75541651
vt 0.23610272 0.75541651
vt 0.23602082 0.75000000
vt 0.23602082 0.75000000
vt 0.23881665 0.75000000
vt 0.23888217 0.75541651
vt 0.23610272 0.75541651
vt 0.23602082 0.75000000
vt 0.23610272 0.75541651
vt 0.23888217 0.75541651
vt 0.23881665 0.75000000
vt 0.23881665 0.75000000
vt 0.24161248 0.75000000
vt 0.24166162 0.75541651
vt 0.23888217 0.75541651
vt 0.23881665 0.75000000
vt 0.23888217 0.75541651
vt 0.24166162 0.75541651
vt 0.24161248 0.75000000
vt 0.24161248 0.75000000
vt 0.24440831 0.75000000
vt 0.24444106 0.75541651
vt 0.24166162 0.75541651
vt 0.24161248 0.75000000
vt 0.24166162 0.75541651
vt 0.24444106 0.75541651
vt 0.24440831 0.75000000
vt 0.24440831 0.75000000
vt 0.24720415 0.75000000
vt 0.24722053 0.75541651
vt 0.24444106 0.75541651
vt 0.24440831 0.75000000
vt 0.24444106 0.75541651
vt 0.24722053 0.75541651
vt 0.24720415 0.75000000
vt 0.24720415 0.75000000
vt 0.24999999 0.75000000
vt 0.24999999 0.75541651
vt 0.24722053 0.75541651
vt 0.24720415 0.75000000
vt 0.24722053 0.75541651
vt 0.24999999 0.75541651
vt 0.24999999 0.75000000
vt 0.24999999 0.75000000
vt 0.25279582 0.75000000
vt 0.25277942 0.75541651
vt 0.24999999 0.75541651
vt 0.24999999 0.75000000
vt 0.24999999 0.75541651
vt 0.25277942 0.75541651
vt 0.25279582 0.75000000
vt 0.25279582 0.75000000
vt 0.25559166 0.75000000
vt 0.25555891 0.75541651
vt 0.25277942 0.75541651
vt 0.25279582 0.75000000
vt 0.25277942 0.75541651
vt 0.25555891 0.75541651
vt 0.25559166 0.75000000
vt 0.25559166 0.75000000
vt 0.25838748 0.75000000
vt 0.25833836 0.75541651
vt 0.25555891 0.75541651
vt 0.25559166 0.75000000
vt 0.25555891 0.75541651
vt 0.25833836 0.75541651
vt 0.25838748 0.75000000
vt 0.25838748 0.75000000
vt 0.26118335 0.75000000
vt 0.26111785 0.75541651
vt 0.25833836 0.75541651
vt 0.25838748 0.75000000
vt 0.25833836 0.75541651
vt 0.26111785 0.75541651
vt 0.26118335 0.75000000
vt 0.26118335 0.75000000
vt 0.26397917 0.75000000
vt 0.26389727 0.75541651
vt 0.26111785 0.75541651
vt 0.26118335 0.75000000
vt 0.26111785 0.75541651
vt 0.26389727 0.75541651
vt 0.26397917 0.75000000
vt 0.26397917 0.75000000
vt 0.26677501 0.75000000
vt 0.26667672 0.75541651
vt 0.26389727 0.75541651
vt 0.26397917 0.75000000
vt 0.26389727 0.75541651
vt 0.26667672 0.75541651
vt 0.26677501 0.75000000
vt 0.26677501 0.75000000
vt 0.26957083 0.75000000
vt 0.26945618 0.75541651
vt 0.26667672 0.75541651
vt 0.26677501 0.75000000
vt 0.26667672 0.75541651
vt 0.26945618 0.75541651
vt 0.26957083 0.75000000
vt 0.26957083 0.75000000
vt 0.27236667 0.75000000
vt 0.27223563 0.75541651
vt 0.26945618 0.75541651
vt 0.26957083 0.75000000
vt 0.26945618 0.75541651
vt 0.27223563 0.75541651
vt 0.27236667 0.75000000
vt 0.27236667 0.75000000
vt 0.27516249 0.75000000
vt 0.27501512 0.75541651
vt 0.27223563 0.75541651
vt 0.27236667 0.75000000
vt 0.27223563 0.75541651
vt 0.27501512 0.75541651
vt 0.27516249 0.75000000
vt 0.27516249 0.75000000
vt 0.27795833 0.75000000
vt 0.27779454 0.75541651
vt 0.27501512 0.75541651
vt 0.27516249 0.75000000
vt 0.27501512 0.75541651
vt 0.27779454 0.75541651
vt 0.27795833 0.75000000
vt 0.27795833 0.75000000
vt 0.28075415 0.75000000
vt 0.28057399 0.75541651
vt 0.27779454 0.75541651
vt 0.27795833 0.75000000
vt 0.27779454 0.75541651
vt 0.28057399 0.75541651
vt 0.28075415 0.75000000
vt 0.28075415 0.75000000
vt 0.28355002 0.75000000
vt 0.28335348 0.75541651
vt 0.28057399 0.75541651
vt 0.28075415 0.75000000
vt 0.28057399 0.75541651
vt 0.28335348 0.75541651
vt 0.28355002 0.75000000
vt 0.21644999 0.75000000
vt 0.21664652 0.75541651
vt 0.21664652 0.75541651
vt 0.21644999 0.75000000
vt 0.28355002 0.75000000
vt 0.28355002 0.75000000
vt 0.28335348 0.75541651
vt 0.28335348 0.75541651
vt 0.21664652 0.75541651
vt 0.21942598 0.75541651
vt 0.21986090 0.76849318
vt 0.21712099 0.76849318
vt 0.21664652 0.75541651
vt 0.21712099 0.76849318
vt 0.21986090 0.76849318
vt 0.21942598 0.75541651
vt 0.21942598 0.75541651
vt 0.22220543 0.75541651
vt 0.22260082 0.76849318
vt 0.21986090 0.76849318
vt 0.21942598 0.75541651
vt 0.21986090 0.76849318
vt 0.22260082 0.76849318
vt 0.22220543 0.75541651
vt 0.22220543 0.75541651
vt 0.22498488 0.75541651
vt 0.22534074 0.76849318
vt 0.22260082 0.76849318
vt 0.22220543 0.75541651
vt 0.22260082 0.76849318
vt 0.22534074 0.76849318
vt 0.22498488 0.75541651
vt 0.22498488 0.75541651
vt 0.22776434 0.75541651
vt 0.22808066 0.76849318
vt 0.22534074 0.76849318
vt 0.22498488 0.75541651
vt 0.22534074 0.76849318
vt 0.22808066 0.76849318
vt 0.22776434 0.75541651
vt 0.22776434 0.75541651
vt 0.23054379 0.75541651
vt 0.23082057 0.76849318
vt 0.22808066 0.76849318
vt 0.22776434 0.75541651
vt 0.22808066 0.76849318
vt 0.23082057 0.76849318
vt 0.23054379 0.75541651
vt 0.23054379 0.75541651
vt 0.23332325 0.75541651
vt 0.23356049 0.76849318
vt 0.23082057 0.76849318
vt 0.23054379 0.75541651
vt 0.23082057 0.76849318
vt 0.23356049 0.76849318
vt 0.23332325 0.75541651
vt 0.23332325 0.75541651
vt 0.23610272 0.75541651
vt 0.23630039 0.76849318
vt 0.23356049 0.76849318
vt 0.23332325 0.75541651
vt 0.23356049 0.76849318
vt 0.23630039 0.76849318
vt 0.23610272 0.75541651
vt 0.23610272 0.75541651
vt 0.23888217 0.75541651
vt 0.23904032 0.76849318
vt 0.23630039 0.76849318
vt 0.23610272 0.75541651
vt 0.23630039 0.76849318
vt 0.23904032 0.76849318
vt 0.23888217 0.75541651
vt 0.23888217 0.75541651
vt 0.24166162 0.75541651
vt 0.24178024 0.76849318
vt 0.23904032 0.76849318
vt 0.23888217 0.75541651
vt 0.23904032 0.76849318
vt 0.24178024 0.76849318
vt 0.24166162 0.75541651
vt 0.24166162 0.75541651
vt 0.24444106 0.75541651
vt 0.24452016 0.76849318
vt 0.24178024 0.76849318
vt 0.24166162 0.75541651
vt 0.24178024 0.76849318
vt 0.24452016 0.76849318
vt 0.24444106 0.75541651
vt 0.24444106 0.75541651
vt 0.24722053 0.75541651
vt 0.24726006 0.76849318
vt 0.24452016 0.76849318
vt 0.24444106 0.75541651
vt 0.24452016 0.76849318
vt 0.24726006 0.76849318
vt 0.24722053 0.75541651
vt 0.24722053 0.75541651
vt 0.24999999 0.75541651
vt 0.24999999 0.76849318
vt 0.24726006 0.76849318
vt 0.24722053 0.75541651
vt 0.24726006 0.76849318
vt 0.24999999 0.76849318
vt 0.24999999 0.75541651
vt 0.24999999 0.75541651
vt 0.25277942 0.75541651
vt 0.25273991 0.76849318
vt 0.24999999 0.76849318
vt 0.24999999 0.75541651
vt 0.24999999 0.76849318
vt 0.25273991 0.76849318
vt 0.25277942 0.75541651
vt 0.25277942 0.75541651
vt 0.25555891 0.75541651
vt 0.25547981 0.76849318
vt 0.25273991 0.76849318
vt 0.25277942 0.75541651
vt 0.25273991 0.76849318
vt 0.25547981 0.76849318
vt 0.25555891 0.75541651
vt 0.25555891 0.75541651
vt 0.25833836 0.75541651
vt 0.25821975 0.76849318
vt 0.25547981 0.76849318
vt 0.25555891 0.75541651
vt 0.25547981 0.76849318
vt 0.25821975 0.76849318
vt 0.25833836 0.75541651
vt 0.25833836 0.75541651
vt 0.26111785 0.75541651
vt 0.26095966 0.76849318
vt 0.25821975 0.76849318
vt 0.25833836 0.75541651
vt 0.25821975 0.76849318
vt 0.26095966 0.76849318
vt 0.26111785 0.75541651
vt 0.26111785 0.75541651
vt 0.26389727 0.75541651
vt 0.26369956 0.76849318
vt 0.26095966 0.76849318
vt 0.26111785 0.75541651
vt 0.26095966 0.76849318
vt 0.26369956 0.76849318
vt 0.26389727 0.75541651
vt 0.26389727 0.75541651
vt 0.26667672 0.75541651
vt 0.26643950 0.76849318
vt 0.26369956 0.76849318
vt 0.26389727 0.75541651
vt 0.26369956 0.76849318
vt 0.26643950 0.76849318
vt 0.26667672 0.75541651
vt 0.26667672 0.75541651
vt 0.26945618 0.75541651
vt 0.26917943 0.76849318
vt 0.26643950 0.76849318
vt 0.26667672 0.75541651
vt 0.26643950 0.76849318
vt 0.26917943 0.76849318
vt 0.26945618 0.75541651
vt 0.26945618 0.75541651
vt 0.27223563 0.75541651
vt 0.27191934 0.76849318
vt 0.26917943 0.76849318
vt 0.26945618 0.75541651
vt 0.26917943 0.76849318
vt 0.27191934 0.76849318
vt 0.27223563 0.75541651
vt 0.27223563 0.75541651
vt 0.27501512 0.75541651
vt 0.27465925 0.76849318
vt 0.27191934 0.76849318
vt 0.27223563 0.75541651
vt 0.27191934 0.76849318
vt 0.27465925 0.76849318
vt 0.27501512 0.75541651
vt 0.27501512 0.75541651
vt 0.27779454 0.75541651
vt 0.27739918 0.76849318
vt 0.27465925 0.76849318
vt 0.27501512 0.75541651
vt 0.27465925 0.76849318
vt 0.27739918 0.76849318
vt 0.27779454 0.75541651
vt 0.27779454 0.75541651
vt 0.28057399 0.75541651
vt 0.28013909 0.76849318
vt 0.27739918 0.76849318
vt 0.27779454 0.75541651
vt 0.27739918 0.76849318
vt 0.28013909 0.76849318
vt 0.28057399 0.75541651
vt 0.28057399 0.75541651
vt 0.28335348 0.75541651
vt 0.28287899 0.76849318
vt 0.28013909 0.76849318
vt 0.28057399 0.75541651
vt 0.28013909 0.76849318
vt 0.28287899 0.76849318
vt 0.28335348 0.75541651
vt 0.21664652 0.75541651
vt 0.21712099 0.76849318
vt 0.21712099 0.76849318
vt 0.21664652 0.75541651
vt 0.28335348 0.75541651
vt 0.28335348 0.75541651
vt 0.28287899 0.76849318
vt 0.28287899 0.76849318
vt 0.21712099 0.76849318
vt 0.21986090 0.76849318
vt 0.22029583 0.78156984
vt 0.21759546 0.78156984
vt 0.21712099 0.76849318
vt 0.21759546 0.78156984
vt 0.22029583 0.78156984
vt 0.21986090 0.76849318
vt 0.21986090 0.76849318
vt 0.22260082 0.76849318
vt 0.22299621 0.78156984
vt 0.22029583 0.78156984
vt 0.21986090 0.76849318
vt 0.22029583 0.78156984
vt 0.22299621 0.78156984
vt 0.22260082 0.76849318
vt 0.22260082 0.76849318
vt 0.22534074 0.76849318
vt 0.22569659 0.78156984
vt 0.22299621 0.78156984
vt 0.22260082 0.76849318
vt 0.22299621 0.78156984
vt 0.22569659 0.78156984
vt 0.22534074 0.76849318
vt 0.22534074 0.76849318
vt 0.22808066 0.76849318
vt 0.22839697 0.78156984
vt 0.22569659 0.78156984
vt 0.22534074 0.76849318
vt 0.22569659 0.78156984
vt 0.22839697 0.78156984
vt 0.22808066 0.76849318
vt 0.22808066 0.76849318
vt 0.23082057 0.76849318
vt 0.23109736 0.78156984
vt 0.22839697 0.78156984
vt 0.22808066 0.76849318
vt 0.22839697 0.78156984
vt 0.23109736 0.78156984
vt 0.23082057 0.76849318
vt 0.23082057 0.76849318
vt 0.23356049 0.76849318
vt 0.23379771 0.78156984
vt 0.23109736 0.78156984
vt 0.23082057 0.76849318
vt 0.23109736 0.78156984
vt 0.23379771 0.78156984
vt 0.23356049 0.76849318
vt 0.23356049 0.76849318
vt 0.23630039 0.76849318
vt 0.23649810 0.78156984
vt 0.23379771 0.78156984
vt 0.23356049 0.76849318
vt 0.23379771 0.78156984
vt 0.23649810 0.78156984
vt 0.23630039 0.76849318
vt 0.23630039 0.76849318
vt 0.23904032 0.76849318
vt 0.23919848 0.78156984
vt 0.23649810 0.78156984
vt 0.23630039 0.76849318
vt 0.23649810 0.78156984
vt 0.23919848 0.78156984
vt 0.23904032 0.76849318
vt 0.23904032 0.76849318
vt 0.24178024 0.76849318
vt 0.24189886 0.78156984
vt 0.23919848 0.78156984
vt 0.23904032 0.76849318
vt 0.23919848 0.78156984
vt 0.24189886 0.78156984
vt 0.24178024 0.76849318
vt 0.24178024 0.76849318
vt 0.24452016 0.76849318
vt 0.24459922 0.78156984
vt 0.24189886 0.78156984
vt 0.24178024 0.76849318
vt 0.24189886 0.78156984
vt 0.24459922 0.78156984
vt 0.24452016 0.76849318
vt 0.24452016 0.76849318
vt 0.24726006 0.76849318
vt 0.24729960 0.78156984
vt 0.24459922 0.78156984
vt 0.24452016 0.76849318
vt 0.24459922 0.78156984
vt 0.24729960 0.78156984
vt 0.24726006 0.76849318
vt 0.24726006 0.76849318
vt 0.24999999 0.76849318
vt 0.24999999 0.78156984
vt 0.24729960 0.78156984
vt 0.24726006 0.76849318
vt 0.24729960 0.78156984
vt 0.24999999 0.78156984
vt 0.24999999 0.76849318
vt 0.24999999 0.76849318
vt 0.25273991 0.76849318
vt 0.25270039 0.78156984
vt 0.24999999 0.78156984
vt 0.24999999 0.76849318
vt 0.24999999 0.78156984
vt 0.25270039 0.78156984
vt 0.25273991 0.76849318
vt 0.25273991 0.76849318
vt 0.25547981 0.76849318
vt 0.25540078 0.78156984
vt 0.25270039 0.78156984
vt 0.25273991 0.76849318
vt 0.25270039 0.78156984
vt 0.25540078 0.78156984
vt 0.25547981 0.76849318
vt 0.25547981 0.76849318
vt 0.25821975 0.76849318
vt 0.25810114 0.78156984
vt 0.25540078 0.78156984
vt 0.25547981 0.76849318
vt 0.25540078 0.78156984
vt 0.25810114 0.78156984
vt 0.25821975 0.76849318
vt 0.25821975 0.76849318
vt 0.26095966 0.76849318
vt 0.26080152 0.78156984
vt 0.25810114 0.78156984
vt 0.25821975 0.76849318
vt 0.25810114 0.78156984
vt 0.26080152 0.78156984
vt 0.26095966 0.76849318
vt 0.26095966 0.76849318
vt 0.26369956 0.76849318
vt 0.26350188 0.78156984
vt 0.26080152 0.78156984
vt 0.26095966 0.76849318
vt 0.26080152 0.78156984
vt 0.26350188 0.78156984
vt 0.26369956 0.76849318
vt 0.26369956 0.76849318
vt 0.26643950 0.76849318
vt 0.26620224 0.78156984
vt 0.26350188 0.78156984
vt 0.26369956 0.76849318
vt 0.26350188 0.78156984
vt 0.26620224 0.78156984
vt 0.26643950 0.76849318
vt 0.26643950 0.76849318
vt 0.26917943 0.76849318
vt 0.26890263 0.78156984
vt 0.26620224 0.78156984
vt 0.26643950 0.76849318
vt 0.26620224 0.78156984
vt 0.26890263 0.78156984
vt 0.26917943 0.76849318
vt 0.26917943 0.76849318
vt 0.27191934 0.76849318
vt 0.27160302 0.78156984
vt 0.26890263 0.78156984
vt 0.26917943 0.76849318
vt 0.26890263 0.78156984
vt 0.27160302 0.78156984
vt 0.27191934 0.76849318
vt 0.27191934 0.76849318
vt 0.27465925 0.76849318
vt 0.27430341 0.78156984
vt 0.27160302 0.78156984
vt 0.27191934 0.76849318
vt 0.27160302 0.78156984
vt 0.27430341 0.78156984
vt 0.27465925 0.76849318
vt 0.27465925 0.76849318
vt 0.27739918 0.76849318
vt 0.27700377 0.78156984
vt 0.27430341 0.78156984
vt 0.27465925 0.76849318
vt 0.27430341 0.78156984
vt 0.27700377 0.78156984
vt 0.27739918 0.76849318
vt 0.27739918 0.76849318
vt 0.28013909 0.76849318
vt 0.27970415 0.78156984
vt 0.27700377 0.78156984
vt 0.27739918 0.76849318
vt 0.27700377 0.78156984
vt 0.27970415 0.78156984
vt 0.28013909 0.76849318
vt 0.28013909 0.76849318
vt 0.28287899 0.76849318
vt 0.28240454 0.78156984
vt 0.27970415 0.78156984
vt 0.28013909 0.76849318
vt 0.27970415 0.78156984
vt 0.28240454 0.78156984
vt 0.28287899 0.76849318
vt 0.21712099 0.76849318
vt 0.21759546 0.78156984
vt 0.21759546 0.78156984
vt 0.21712099 0.76849318
vt 0.28287899 0.76849318
vt 0.28287899 0.76849318
vt 0.28240454 0.78156984
vt 0.28240454 0.78156984
vt 0.21759546 0.78156984
vt 0.22029583 0.78156984
vt 0.22047599 0.78698635
vt 0.21779199 0.78698635
vt 0.21759546 0.78156984
vt 0.21779199 0.78698635
vt 0.22047599 0.78698635
vt 0.22029583 0.78156984
vt 0.22029583 0.78156984
vt 0.22299621 0.78156984
vt 0.22315998 0.78698635
vt 0.22047599 0.78698635
vt 0.22029583 0.78156984
vt 0.22047599 0.78698635
vt 0.22315998 0.78698635
vt 0.22299621 0.78156984
vt 0.22299621 0.78156984
vt 0.22569659 0.78156984
vt 0.22584400 0.78698635
vt 0.22315998 0.78698635
vt 0.22299621 0.78156984
vt 0.22315998 0.78698635
vt 0.22584400 0.78698635
vt 0.22569659 0.78156984
vt 0.22569659 0.78156984
vt 0.22839697 0.78156984
vt 0.22852799 0.78698635
vt 0.22584400 0.78698635
vt 0.22569659 0.78156984
vt 0.22584400 0.78698635
vt 0.22852799 0.78698635
vt 0.22839697 0.78156984
vt 0.22839697 0.78156984
vt 0.23109736 0.78156984
vt 0.23121198 0.78698635
vt 0.22852799 0.78698635
vt 0.22839697 0.78156984
vt 0.22852799 0.78698635
vt 0.23121198 0.78698635
vt 0.23109736 0.78156984
vt 0.23109736 0.78156984
vt 0.23379771 0.78156984
vt 0.23389599 0.78698635
vt 0.23121198 0.78698635
vt 0.23109736 0.78156984
vt 0.23121198 0.78698635
vt 0.23389599 0.78698635
vt 0.23379771 0.78156984
vt 0.23379771 0.78156984
vt 0.23649810 0.78156984
vt 0.23657998 0.78698635
vt 0.23389599 0.78698635
vt 0.23379771 0.78156984
vt 0.23389599 0.78698635
vt 0.23657998 0.78698635
vt 0.23649810 0.78156984
vt 0.23649810 0.78156984
vt 0.23919848 0.78156984
vt 0.23926398 0.78698635
vt 0.23657998 0.78698635
vt 0.23649810 0.78156984
vt 0.23657998 0.78698635
vt 0.23926398 0.78698635
vt 0.23919848 0.78156984
vt 0.23919848 0.78156984
vt 0.24189886 0.78156984
vt 0.24194799 0.78698635
vt 0.23926398 0.78698635
vt 0.23919848 0.78156984
vt 0.23926398 0.78698635
vt 0.24194799 0.78698635
vt 0.24189886 0.78156984
vt 0.24189886 0.78156984
vt 0.24459922 0.78156984
vt 0.24463198 0.78698635
vt 0.24194799 0.78698635
vt 0.24189886 0.78156984
vt 0.24194799 0.78698635
vt 0.24463198 0.78698635
vt 0.24459922 0.78156984
vt 0.24459922 0.78156984
vt 0.24729960 0.78156984
vt 0.24731599 0.78698635
vt 0.24463198 0.78698635
vt 0.24459922 0.78156984
vt 0.24463198 0.78698635
vt 0.24731599 0.78698635
vt 0.24729960 0.78156984
vt 0.24729960 0.78156984
vt 0.24999999 0.78156984
vt 0.24999999 0.78698635
vt 0.24731599 0.78698635
vt 0.24729960 0.78156984
vt 0.24731599 0.78698635
vt 0.24999999 0.78698635
vt 0.24999999 0.78156984
vt 0.24999999 0.78156984
vt 0.25270039 0.78156984
vt 0.25268400 0.78698635
vt 0.24999999 0.78698635
vt 0.24999999 0.78156984
vt 0.24999999 0.78698635
vt 0.25268400 0.78698635
vt 0.25270039 0.78156984
vt 0.25270039 0.78156984
vt 0.25540078 0.78156984
vt 0.25536799 0.78698635
vt 0.25268400 0.78698635
vt 0.25270039 0.78156984
vt 0.25268400 0.78698635
vt 0.25536799 0.78698635
vt 0.25540078 0.78156984
vt 0.25540078 0.78156984
vt 0.25810114 0.78156984
vt 0.25805199 0.78698635
vt 0.25536799 0.78698635
vt 0.25540078 0.78156984
vt 0.25536799 0.78698635
vt 0.25805199 0.78698635
vt 0.25810114 0.78156984
vt 0.25810114 0.78156984
vt 0.26080152 0.78156984
vt 0.26073602 0.78698635
vt 0.25805199 0.78698635
vt 0.25810114 0.78156984
vt 0.25805199 0.78698635
vt 0.26073602 0.78698635
vt 0.26080152 0.78156984
vt 0.26080152 0.78156984
vt 0.26350188 0.78156984
vt 0.26341999 0.78698635
vt 0.26073602 0.78698635
vt 0.26080152 0.78156984
vt 0.26073602 0.78698635
vt 0.26341999 0.78698635
vt 0.26350188 0.78156984
vt 0.26350188 0.78156984
vt 0.26620224 0.78156984
vt 0.26610398 0.78698635
vt 0.26341999 0.78698635
vt 0.26350188 0.78156984
vt 0.26341999 0.78698635
vt 0.26610398 0.78698635
vt 0.26620224 0.78156984
vt 0.26620224 0.78156984
vt 0.26890263 0.78156984
vt 0.26878801 0.78698635
vt 0.26610398 0.78698635
vt 0.26620224 0.78156984
vt 0.26610398 0.78698635
vt 0.26878801 0.78698635
vt 0.26890263 0.78156984
vt 0.26890263 0.78156984
vt 0.27160302 0.78156984
vt 0.27147201 0.78698635
vt 0.26878801 0.78698635
vt 0.26890263 0.78156984
vt 0.26878801 0.78698635
vt 0.27147201 0.78698635
vt 0.27160302 0.78156984
vt 0.27160302 0.78156984
vt 0.27430341 0.78156984
vt 0.27415600 0.78698635
vt 0.27147201 0.78698635
vt 0.27160302 0.78156984
vt 0.27147201 0.78698635
vt 0.27415600 0.78698635
vt 0.27430341 0.78156984
vt 0.27430341 0.78156984
vt 0.27700377 0.78156984
vt 0.27684000 0.78698635
vt 0.27415600 0.78698635
vt 0.27430341 0.78156984
vt 0.27415600 0.78698635
vt 0.27684000 0.78698635
vt 0.27700377 0.78156984
vt 0.27700377 0.78156984
vt 0.27970415 0.78156984
vt 0.27952400 0.78698635
vt 0.27684000 0.78698635
vt 0.27700377 0.78156984
vt 0.27684000 0.78698635
vt 0.27952400 0.78698635
vt 0.27970415 0.78156984
vt 0.27970415 0.78156984
vt 0.28240454 0.78156984
vt 0.28220800 0.78698635
vt 0.27952400 0.78698635
vt 0.27970415 0.78156984
vt 0.27952400 0.78698635
vt 0.28220800 0.78698635
vt 0.28240454 0.78156984
vt 0.21759546 0.78156984
vt 0.21779199 0.78698635
vt 0.21779199 0.78698635
vt 0.21759546 0.78156984
vt 0.28240454 0.78156984
vt 0.28240454 0.78156984
vt 0.28220800 0.78698635
vt 0.28220800 0.78698635
vt 0.21779199 0.78698635
vt 0.22047599 0.78698635
vt 0.22128667 0.79144704
vt 0.21867639 0.79144704
vt 0.21779199 0.78698635
vt 0.21867639 0.79144704
vt 0.22128667 0.79144704
vt 0.22047599 0.78698635
vt 0.22047599 0.78698635
vt 0.22315998 0.78698635
vt 0.22389698 0.79144704
vt 0.22128667 0.79144704
vt 0.22047599 0.78698635
vt 0.22128667 0.79144704
vt 0.22389698 0.79144704
vt 0.22315998 0.78698635
vt 0.22315998 0.78698635
vt 0.22584400 0.78698635
vt 0.22650728 0.79144704
vt 0.22389698 0.79144704
vt 0.22315998 0.78698635
vt 0.22389698 0.79144704
vt 0.22650728 0.79144704
vt 0.22584400 0.78698635
vt 0.22584400 0.78698635
vt 0.22852799 0.78698635
vt 0.22911759 0.79144704
vt 0.22650728 0.79144704
vt 0.22584400 0.78698635
vt 0.22650728 0.79144704
vt 0.22911759 0.79144704
vt 0.22852799 0.78698635
vt 0.22852799 0.78698635
vt 0.23121198 0.78698635
vt 0.23172788 0.79144704
vt 0.22911759 0.79144704
vt 0.22852799 0.78698635
vt 0.22911759 0.79144704
vt 0.23172788 0.79144704
vt 0.23121198 0.78698635
vt 0.23121198 0.78698635
vt 0.23389599 0.78698635
vt 0.23433818 0.79144704
vt 0.23172788 0.79144704
vt 0.23121198 0.78698635
vt 0.23172788 0.79144704
vt 0.23433818 0.79144704
vt 0.23389599 0.78698635
vt 0.23389599 0.78698635
vt 0.23657998 0.78698635
vt 0.23694849 0.79144704
vt 0.23433818 0.79144704
vt 0.23389599 0.78698635
vt 0.23433818 0.79144704
vt 0.23694849 0.79144704
vt 0.23657998 0.78698635
vt 0.23657998 0.78698635
vt 0.23926398 0.78698635
vt 0.23955877 0.79144704
vt 0.23694849 0.79144704
vt 0.23657998 0.78698635
vt 0.23694849 0.79144704
vt 0.23955877 0.79144704
vt 0.23926398 0.78698635
vt 0.23926398 0.78698635
vt 0.24194799 0.78698635
vt 0.24216908 0.79144704
vt 0.23955877 0.79144704
vt 0.23926398 0.78698635
vt 0.23955877 0.79144704
vt 0.24216908 0.79144704
vt 0.24194799 0.78698635
vt 0.24194799 0.78698635
vt 0.24463198 0.78698635
vt 0.24477938 0.79144704
vt 0.24216908 0.79144704
vt 0.24194799 0.78698635
vt 0.24216908 0.79144704
vt 0.24477938 0.79144704
vt 0.24463198 0.78698635
vt 0.24463198 0.78698635
vt 0.24731599 0.78698635
vt 0.24738969 0.79144704
vt 0.24477938 0.79144704
vt 0.24463198 0.78698635
vt 0.24477938 0.79144704
vt 0.24738969 0.79144704
vt 0.24731599 0.78698635
vt 0.24731599 0.78698635
vt 0.24999999 0.78698635
vt 0.24999999 0.79144704
vt 0.24738969 0.79144704
vt 0.24731599 0.78698635
vt 0.24738969 0.79144704
vt 0.24999999 0.79144704
vt 0.24999999 0.78698635
vt 0.24999999 0.78698635
vt 0.25268400 0.78698635
vt 0.25261030 0.79144704
vt 0.24999999 0.79144704
vt 0.24999999 0.78698635
vt 0.24999999 0.79144704
vt 0.25261030 0.79144704
vt 0.25268400 0.78698635
vt 0.25268400 0.78698635
vt 0.25536799 0.78698635
vt 0.25522059 0.79144704
vt 0.25261030 0.79144704
vt 0.25268400 0.78698635
vt 0.25261030 0.79144704
vt 0.25522059 0.79144704
vt 0.25536799 0.78698635
vt 0.25536799 0.78698635
vt 0.25805199 0.78698635
vt 0.25783092 0.79144704
vt 0.25522059 0.79144704
vt 0.25536799 0.78698635
vt 0.25522059 0.79144704
vt 0.25783092 0.79144704
vt 0.25805199 0.78698635
vt 0.25805199 0.78698635
vt 0.26073602 0.78698635
vt 0.26044121 0.79144704
vt 0.25783092 0.79144704
vt 0.25805199 0.78698635
vt 0.25783092 0.79144704
vt 0.26044121 0.79144704
vt 0.26073602 0.78698635
vt 0.26073602 0.78698635
vt 0.26341999 0.78698635
vt 0.26305151 0.79144704
vt 0.26044121 0.79144704
vt 0.26073602 0.78698635
vt 0.26044121 0.79144704
vt 0.26305151 0.79144704
vt 0.26341999 0.78698635
vt 0.26341999 0.78698635
vt 0.26610398 0.78698635
vt 0.26566181 0.79144704
vt 0.26305151 0.79144704
vt 0.26341999 0.78698635
vt 0.26305151 0.79144704
vt 0.26566181 0.79144704
vt 0.26610398 0.78698635
vt 0.26610398 0.78698635
vt 0.26878801 0.78698635
vt 0.26827210 0.79144704
vt 0.26566181 0.79144704
vt 0.26610398 0.78698635
vt 0.26566181 0.79144704
vt 0.26827210 0.79144704
vt 0.26878801 0.78698635
vt 0.26878801 0.78698635
vt 0.27147201 0.78698635
vt 0.27088243 0.79144704
vt 0.26827210 0.79144704
vt 0.26878801 0.78698635
vt 0.26827210 0.79144704
vt 0.27088243 0.79144704
vt 0.27147201 0.78698635
vt 0.27147201 0.78698635
vt 0.27415600 0.78698635
vt 0.27349269 0.79144704
vt 0.27088243 0.79144704
vt 0.27147201 0.78698635
vt 0.27088243 0.79144704
vt 0.27349269 0.79144704
vt 0.27415600 0.78698635
vt 0.27415600 0.78698635
vt 0.27684000 0.78698635
vt 0.27610299 0.79144704
vt 0.27349269 0.79144704
vt 0.27415600 0.78698635
vt 0.27349269 0.79144704
vt 0.27610299 0.79144704
vt 0.27684000 0.78698635
vt 0.27684000 0.78698635
vt 0.27952400 0.78698635
vt 0.27871329 0.79144704
vt 0.27610299 0.79144704
vt 0.27684000 0.78698635
vt 0.27610299 0.79144704
vt 0.27871329 0.79144704
vt 0.27952400 0.78698635
vt 0.27952400 0.78698635
vt 0.28220800 0.78698635
vt 0.28132361 0.79144704
vt 0.27871329 0.79144704
vt 0.27952400 0.78698635
vt 0.27871329 0.79144704
vt 0.28132361 0.79144704
vt 0.28220800 0.78698635
vt 0.21779199 0.78698635
vt 0.21867639 0.79144704
vt 0.21867639 0.79144704
vt 0.21779199 0.78698635
vt 0.28220800 0.78698635
vt 0.28220800 0.78698635
vt 0.28132361 0.79144704
vt 0.28132361 0.79144704
vt 0.21867639 0.79144704
vt 0.22128667 0.79144704
vt 0.22324388 0.80221599
vt 0.22081149 0.80221599
vt 0.21867639 0.79144704
vt 0.22081149 0.80221599
vt 0.22324388 0.80221599
vt 0.22128667 0.79144704
vt 0.22128667 0.79144704
vt 0.22389698 0.79144704
vt 0.22567625 0.80221599
vt 0.22324388 0.80221599
vt 0.22128667 0.79144704
vt 0.22324388 0.80221599
vt 0.22567625 0.80221599
vt 0.22389698 0.79144704
vt 0.22389698 0.79144704
vt 0.22650728 0.79144704
vt 0.22810861 0.80221599
vt 0.22567625 0.80221599
vt 0.22389698 0.79144704
vt 0.22567625 0.80221599
vt 0.22810861 0.80221599
vt 0.22650728 0.79144704
vt 0.22650728 0.79144704
vt 0.22911759 0.79144704
vt 0.23054099 0.80221599
vt 0.22810861 0.80221599
vt 0.22650728 0.79144704
vt 0.22810861 0.80221599
vt 0.23054099 0.80221599
vt 0.22911759 0.79144704
vt 0.22911759 0.79144704
vt 0.23172788 0.79144704
vt 0.23297337 0.80221599
vt 0.23054099 0.80221599
vt 0.22911759 0.79144704
vt 0.23054099 0.80221599
vt 0.23297337 0.80221599
vt 0.23172788 0.79144704
vt 0.23172788 0.79144704
vt 0.23433818 0.79144704
vt 0.23540574 0.80221599
vt 0.23297337 0.80221599
vt 0.23172788 0.79144704
vt 0.23297337 0.80221599
vt 0.23540574 0.80221599
vt 0.23433818 0.79144704
vt 0.23433818 0.79144704
vt 0.23694849 0.79144704
vt 0.23783812 0.80221599
vt 0.23540574 0.80221599
vt 0.23433818 0.79144704
vt 0.23540574 0.80221599
vt 0.23783812 0.80221599
vt 0.23694849 0.79144704
vt 0.23694849 0.79144704
vt 0.23955877 0.79144704
vt 0.24027050 0.80221599
vt 0.23783812 0.80221599
vt 0.23694849 0.79144704
vt 0.23783812 0.80221599
vt 0.24027050 0.80221599
vt 0.23955877 0.79144704
vt 0.23955877 0.79144704
vt 0.24216908 0.79144704
vt 0.24270286 0.80221599
vt 0.24027050 0.80221599
vt 0.23955877 0.79144704
vt 0.24027050 0.80221599
vt 0.24270286 0.80221599
vt 0.24216908 0.79144704
vt 0.24216908 0.79144704
vt 0.24477938 0.79144704
vt 0.24513523 0.80221599
vt 0.24270286 0.80221599
vt 0.24216908 0.79144704
vt 0.24270286 0.80221599
vt 0.24513523 0.80221599
vt 0.24477938 0.79144704
vt 0.24477938 0.79144704
vt 0.24738969 0.79144704
vt 0.24756761 0.80221599
vt 0.24513523 0.80221599
vt 0.24477938 0.79144704
vt 0.24513523 0.80221599
vt 0.24756761 0.80221599
vt 0.24738969 0.79144704
vt 0.24738969 0.79144704
vt 0.24999999 0.79144704
vt 0.24999999 0.80221599
vt 0.24756761 0.80221599
vt 0.24738969 0.79144704
vt 0.24756761 0.80221599
vt 0.24999999 0.80221599
vt 0.24999999 0.79144704
vt 0.24999999 0.79144704
vt 0.25261030 0.79144704
vt 0.25243238 0.80221599
vt 0.24999999 0.80221599
vt 0.24999999 0.79144704
vt 0.24999999 0.80221599
vt 0.25243238 0.80221599
vt 0.25261030 0.79144704
vt 0.25261030 0.79144704
vt 0.25522059 0.79144704
vt 0.25486475 0.80221599
vt 0.25243238 0.80221599
vt 0.25261030 0.79144704
vt 0.25243238 0.80221599
vt 0.25486475 0.80221599
vt 0.25522059 0.79144704
vt 0.25522059 0.79144704
vt 0.25783092 0.79144704
vt 0.25729713 0.80221599
vt 0.25486475 0.80221599
vt 0.25522059 0.79144704
vt 0.25486475 0.80221599
vt 0.25729713 0.80221599
vt 0.25783092 0.79144704
vt 0.25783092 0.79144704
vt 0.26044121 0.79144704
vt 0.25972950 0.80221599
vt 0.25729713 0.80221599
vt 0.25783092 0.79144704
vt 0.25729713 0.80221599
vt 0.25972950 0.80221599
vt 0.26044121 0.79144704
vt 0.26044121 0.79144704
vt 0.26305151 0.79144704
vt 0.26216188 0.80221599
vt 0.25972950 0.80221599
vt 0.26044121 0.79144704
vt 0.25972950 0.80221599
vt 0.26216188 0.80221599
vt 0.26305151 0.79144704
vt 0.26305151 0.79144704
vt 0.26566181 0.79144704
vt 0.26459426 0.80221599
vt 0.26216188 0.80221599
vt 0.26305151 0.79144704
vt 0.26216188 0.80221599
vt 0.26459426 0.80221599
vt 0.26566181 0.79144704
vt 0.26566181 0.79144704
vt 0.26827210 0.79144704
vt 0.26702663 0.80221599
vt 0.26459426 0.80221599
vt 0.26566181 0.79144704
vt 0.26459426 0.80221599
vt 0.26702663 0.80221599
vt 0.26827210 0.79144704
vt 0.26827210 0.79144704
vt 0.27088243 0.79144704
vt 0.26945898 0.80221599
vt 0.26702663 0.80221599
vt 0.26827210 0.79144704
vt 0.26702663 0.80221599
vt 0.26945898 0.80221599
vt 0.27088243 0.79144704
vt 0.27088243 0.79144704
vt 0.27349269 0.79144704
vt 0.27189136 0.80221599
vt 0.26945898 0.80221599
vt 0.27088243 0.79144704
vt 0.26945898 0.80221599
vt 0.27189136 0.80221599
vt 0.27349269 0.79144704
vt 0.27349269 0.79144704
vt 0.27610299 0.79144704
vt 0.27432373 0.80221599
vt 0.27189136 0.80221599
vt 0.27349269 0.79144704
vt 0.27189136 0.80221599
vt 0.27432373 0.80221599
vt 0.27610299 0.79144704
vt 0.27610299 0.79144704
vt 0.27871329 0.79144704
vt 0.27675611 0.80221599
vt 0.27432373 0.80221599
vt 0.27610299 0.79144704
vt 0.27432373 0.80221599
vt 0.27675611 0.80221599
vt 0.27871329 0.79144704
vt 0.27871329 0.79144704
vt 0.28132361 0.79144704
vt 0.27918848 0.80221599
vt 0.27675611 0.80221599
vt 0.27871329 0.79144704
vt 0.27675611 0.80221599
vt 0.27918848 0.80221599
vt 0.28132361 0.79144704
vt 0.21867639 0.79144704
vt 0.22081149 0.80221599
vt 0.22081149 0.80221599
vt 0.21867639 0.79144704
vt 0.28132361 0.79144704
vt 0.28132361 0.79144704
vt 0.27918848 0.80221599
vt 0.27918848 0.80221599
vt 0.22081149 0.80221599
vt 0.22324388 0.80221599
vt 0.22520106 0.81298500
vt 0.22294660 0.81298500
vt 0.22081149 0.80221599
vt 0.22294660 0.81298500
vt 0.22520106 0.81298500
vt 0.22324388 0.80221599
vt 0.22324388 0.80221599
vt 0.22567625 0.80221599
vt 0.22745550 0.81298500
vt 0.22520106 0.81298500
vt 0.22324388 0.80221599
vt 0.22520106 0.81298500
vt 0.22745550 0.81298500
vt 0.22567625 0.80221599
vt 0.22567625 0.80221599
vt 0.22810861 0.80221599
vt 0.22970994 0.81298500
vt 0.22745550 0.81298500
vt 0.22567625 0.80221599
vt 0.22745550 0.81298500
vt 0.22970994 0.81298500
vt 0.22810861 0.80221599
vt 0.22810861 0.80221599
vt 0.23054099 0.80221599
vt 0.23196439 0.81298500
vt 0.22970994 0.81298500
vt 0.22810861 0.80221599
vt 0.22970994 0.81298500
vt 0.23196439 0.81298500
vt 0.23054099 0.80221599
vt 0.23054099 0.80221599
vt 0.23297337 0.80221599
vt 0.23421884 0.81298500
vt 0.23196439 0.81298500
vt 0.23054099 0.80221599
vt 0.23196439 0.81298500
vt 0.23421884 0.81298500
vt 0.23297337 0.80221599
vt 0.23297337 0.80221599
vt 0.23540574 0.80221599
vt 0.23647329 0.81298500
vt 0.23421884 0.81298500
vt 0.23297337 0.80221599
vt 0.23421884 0.81298500
vt 0.23647329 0.81298500
vt 0.23540574 0.80221599
vt 0.23540574 0.80221599
vt 0.23783812 0.80221599
vt 0.23872775 0.81298500
vt 0.23647329 0.81298500
vt 0.23540574 0.80221599
vt 0.23647329 0.81298500
vt 0.23872775 0.81298500
vt 0.23783812 0.80221599
vt 0.23783812 0.80221599
vt 0.24027050 0.80221599
vt 0.24098219 0.81298500
vt 0.23872775 0.81298500
vt 0.23783812 0.80221599
vt 0.23872775 0.81298500
vt 0.24098219 0.81298500
vt 0.24027050 0.80221599
vt 0.24027050 0.80221599
vt 0.24270286 0.80221599
vt 0.24323663 0.81298500
vt 0.24098219 0.81298500
vt 0.24027050 0.80221599
vt 0.24098219 0.81298500
vt 0.24323663 0.81298500
vt 0.24270286 0.80221599
vt 0.24270286 0.80221599
vt 0.24513523 0.80221599
vt 0.24549109 0.81298500
vt 0.24323663 0.81298500
vt 0.24270286 0.80221599
vt 0.24323663 0.81298500
vt 0.24549109 0.81298500
vt 0.24513523 0.80221599
vt 0.24513523 0.80221599
vt 0.24756761 0.80221599
vt 0.24774553 0.81298500
vt 0.24549109 0.81298500
vt 0.24513523 0.80221599
vt 0.24549109 0.81298500
vt 0.24774553 0.81298500
vt 0.24756761 0.80221599
vt 0.24756761 0.80221599
vt 0.24999999 0.80221599
vt 0.24999999 0.81298500
vt 0.24774553 0.81298500
vt 0.24756761 0.80221599
vt 0.24774553 0.81298500
vt 0.24999999 0.81298500
vt 0.24999999 0.80221599
vt 0.24999999 0.80221599
vt 0.25243238 0.80221599
vt 0.25225446 0.81298500
vt 0.24999999 0.81298500
vt 0.24999999 0.80221599
vt 0.24999999 0.81298500
vt 0.25225446 0.81298500
vt 0.25243238 0.80221599
vt 0.25243238 0.80221599
vt 0.25486475 0.80221599
vt 0.25450888 0.81298500
vt 0.25225446 0.81298500
vt 0.25243238 0.80221599
vt 0.25225446 0.81298500
vt 0.25450888 0.81298500
vt 0.25486475 0.80221599
vt 0.25486475 0.80221599
vt 0.25729713 0.80221599
vt 0.25676334 0.81298500
vt 0.25450888 0.81298500
vt 0.25486475 0.80221599
vt 0.25450888 0.81298500
vt 0.25676334 0.81298500
vt 0.25729713 0.80221599
vt 0.25729713 0.80221599
vt 0.25972950 0.80221599
vt 0.25901780 0.81298500
vt 0.25676334 0.81298500
vt 0.25729713 0.80221599
vt 0.25676334 0.81298500
vt 0.25901780 0.81298500
vt 0.25972950 0.80221599
vt 0.25972950 0.80221599
vt 0.26216188 0.80221599
vt 0.26127225 0.81298500
vt 0.25901780 0.81298500
vt 0.25972950 0.80221599
vt 0.25901780 0.81298500
vt 0.26127225 0.81298500
vt 0.26216188 0.80221599
vt 0.26216188 0.80221599
vt 0.26459426 0.80221599
vt 0.26352671 0.81298500
vt 0.26127225 0.81298500
vt 0.26216188 0.80221599
vt 0.26127225 0.81298500
vt 0.26352671 0.81298500
vt 0.26459426 0.80221599
vt 0.26459426 0.80221599
vt 0.26702663 0.80221599
vt 0.26578113 0.81298500
vt 0.26352671 0.81298500
vt 0.26459426 0.80221599
vt 0.26352671 0.81298500
vt 0.26578113 0.81298500
vt 0.26702663 0.80221599
vt 0.26702663 0.80221599
vt 0.26945898 0.80221599
vt 0.26803559 0.81298500
vt 0.26578113 0.81298500
vt 0.26702663 0.80221599
vt 0.26578113 0.81298500
vt 0.26803559 0.81298500
vt 0.26945898 0.80221599
vt 0.26945898 0.80221599
vt 0.27189136 0.80221599
vt 0.27029002 0.81298500
vt 0.26803559 0.81298500
vt 0.26945898 0.80221599
vt 0.26803559 0.81298500
vt 0.27029002 0.81298500
vt 0.27189136 0.80221599
vt 0.27189136 0.80221599
vt 0.27432373 0.80221599
vt 0.27254447 0.81298500
vt 0.27029002 0.81298500
vt 0.27189136 0.80221599
vt 0.27029002 0.81298500
vt 0.27254447 0.81298500
vt 0.27432373 0.80221599
vt 0.27432373 0.80221599
vt 0.27675611 0.80221599
vt 0.27479893 0.81298500
vt 0.27254447 0.81298500
vt 0.27432373 0.80221599
vt 0.27254447 0.81298500
vt 0.27479893 0.81298500
vt 0.27675611 0.80221599
vt 0.27675611 0.80221599
vt 0.27918848 0.80221599
vt 0.27705339 0.81298500
vt 0.27479893 0.81298500
vt 0.27675611 0.80221599
vt 0.27479893 0.81298500
vt 0.27705339 0.81298500
vt 0.27918848 0.80221599
vt 0.22081149 0.80221599
vt 0.22294660 0.81298500
vt 0.22294660 0.81298500
vt 0.22081149 0.80221599
vt 0.27918848 0.80221599
vt 0.27918848 0.80221599
vt 0.27705339 0.81298500
vt 0.27705339 0.81298500
vt 0.22294660 0.81298500
vt 0.22520106 0.81298500
vt 0.22601174 0.81744570
vt 0.22383100 0.81744570
vt 0.22294660 0.81298500
vt 0.22383100 0.81744570
vt 0.22601174 0.81744570
vt 0.22520106 0.81298500
vt 0.22520106 0.81298500
vt 0.22745550 0.81298500
vt 0.22819248 0.81744570
vt 0.22601174 0.81744570
vt 0.22520106 0.81298500
vt 0.22601174 0.81744570
vt 0.22819248 0.81744570
vt 0.22745550 0.81298500
vt 0.22745550 0.81298500
vt 0.22970994 0.81298500
vt 0.23037323 0.81744570
vt 0.22819248 0.81744570
vt 0.22745550 0.81298500
vt 0.22819248 0.81744570
vt 0.23037323 0.81744570
vt 0.22970994 0.81298500
vt 0.22970994 0.81298500
vt 0.23196439 0.81298500
vt 0.23255399 0.81744570
vt 0.23037323 0.81744570
vt 0.22970994 0.81298500
vt 0.23037323 0.81744570
vt 0.23255399 0.81744570
vt 0.23196439 0.81298500
vt 0.23196439 0.81298500
vt 0.23421884 0.81298500
vt 0.23473474 0.81744570
vt 0.23255399 0.81744570
vt 0.23196439 0.81298500
vt 0.23255399 0.81744570
vt 0.23473474 0.81744570
vt 0.23421884 0.81298500
vt 0.23421884 0.81298500
vt 0.23647329 0.81298500
vt 0.23691548 0.81744570
vt 0.23473474 0.81744570
vt 0.23421884 0.81298500
vt 0.23473474 0.81744570
vt 0.23691548 0.81744570
vt 0.23647329 0.81298500
vt 0.23647329 0.81298500
vt 0.23872775 0.81298500
vt 0.23909624 0.81744570
vt 0.23691548 0.81744570
vt 0.23647329 0.81298500
vt 0.23691548 0.81744570
vt 0.23909624 0.81744570
vt 0.23872775 0.81298500
vt 0.23872775 0.81298500
vt 0.24098219 0.81298500
vt 0.24127699 0.81744570
vt 0.23909624 0.81744570
vt 0.23872775 0.81298500
vt 0.23909624 0.81744570
vt 0.24127699 0.81744570
vt 0.24098219 0.81298500
vt 0.24098219 0.81298500
vt 0.24323663 0.81298500
vt 0.24345773 0.81744570
vt 0.24127699 0.81744570
vt 0.24098219 0.81298500
vt 0.24127699 0.81744570
vt 0.24345773 0.81744570
vt 0.24323663 0.81298500
vt 0.24323663 0.81298500
vt 0.24549109 0.81298500
vt 0.24563847 0.81744570
vt 0.24345773 0.81744570
vt 0.24323663 0.81298500
vt 0.24345773 0.81744570
vt 0.24563847 0.81744570
vt 0.24549109 0.81298500
vt 0.24549109 0.81298500
vt 0.24774553 0.81298500
vt 0.24781924 0.81744570
vt 0.24563847 0.81744570
vt 0.24549109 0.81298500
vt 0.24563847 0.81744570
vt 0.24781924 0.81744570
vt 0.24774553 0.81298500
vt 0.24774553 0.81298500
vt 0.24999999 0.81298500
vt 0.24999999 0.81744570
vt 0.24781924 0.81744570
vt 0.24774553 0.81298500
vt 0.24781924 0.81744570
vt 0.24999999 0.81744570
vt 0.24999999 0.81298500
vt 0.24999999 0.81298500
vt 0.25225446 0.81298500
vt 0.25218073 0.81744570
vt 0.24999999 0.81744570
vt 0.24999999 0.81298500
vt 0.24999999 0.81744570
vt 0.25218073 0.81744570
vt 0.25225446 0.81298500
vt 0.25225446 0.81298500
vt 0.25450888 0.81298500
vt 0.25436148 0.81744570
vt 0.25218073 0.81744570
vt 0.25225446 0.81298500
vt 0.25218073 0.81744570
vt 0.25436148 0.81744570
vt 0.25450888 0.81298500
vt 0.25450888 0.81298500
vt 0.25676334 0.81298500
vt 0.25654227 0.81744570
vt 0.25436148 0.81744570
vt 0.25450888 0.81298500
vt 0.25436148 0.81744570
vt 0.25654227 0.81744570
vt 0.25676334 0.81298500
vt 0.25676334 0.81298500
vt 0.25901780 0.81298500
vt 0.25872302 0.81744570
vt 0.25654227 0.81744570
vt 0.25676334 0.81298500
vt 0.25654227 0.81744570
vt 0.25872302 0.81744570
vt 0.25901780 0.81298500
vt 0.25901780 0.81298500
vt 0.26127225 0.81298500
vt 0.26090375 0.81744570
vt 0.25872302 0.81744570
vt 0.25901780 0.81298500
vt 0.25872302 0.81744570
vt 0.26090375 0.81744570
vt 0.26127225 0.81298500
vt 0.26127225 0.81298500
vt 0.26352671 0.81298500
vt 0.26308450 0.81744570
vt 0.26090375 0.81744570
vt 0.26127225 0.81298500
vt 0.26090375 0.81744570
vt 0.26308450 0.81744570
vt 0.26352671 0.81298500
vt 0.26352671 0.81298500
vt 0.26578113 0.81298500
vt 0.26526523 0.81744570
vt 0.26308450 0.81744570
vt 0.26352671 0.81298500
vt 0.26308450 0.81744570
vt 0.26526523 0.81744570
vt 0.26578113 0.81298500
vt 0.26578113 0.81298500
vt 0.26803559 0.81298500
vt 0.26744598 0.81744570
vt 0.26526523 0.81744570
vt 0.26578113 0.81298500
vt 0.26526523 0.81744570
vt 0.26744598 0.81744570
vt 0.26803559 0.81298500
vt 0.26803559 0.81298500
vt 0.27029002 0.81298500
vt 0.26962677 0.81744570
vt 0.26744598 0.81744570
vt 0.26803559 0.81298500
vt 0.26744598 0.81744570
vt 0.26962677 0.81744570
vt 0.27029002 0.81298500
vt 0.27029002 0.81298500
vt 0.27254447 0.81298500
vt 0.27180749 0.81744570
vt 0.26962677 0.81744570
vt 0.27029002 0.81298500
vt 0.26962677 0.81744570
vt 0.27180749 0.81744570
vt 0.27254447 0.81298500
vt 0.27254447 0.81298500
vt 0.27479893 0.81298500
vt 0.27398825 0.81744570
vt 0.27180749 0.81744570
vt 0.27254447 0.81298500
vt 0.27180749 0.81744570
vt 0.27398825 0.81744570
vt 0.27479893 0.81298500
vt 0.27479893 0.81298500
vt 0.27705339 0.81298500
vt 0.27616900 0.81744570
vt 0.27398825 0.81744570
vt 0.27479893 0.81298500
vt 0.27398825 0.81744570
vt 0.27616900 0.81744570
vt 0.27705339 0.81298500
vt 0.22294660 0.81298500
vt 0.22383100 0.81744570
vt 0.22383100 0.81744570
vt 0.22294660 0.81298500
vt 0.27705339 0.81298500
vt 0.27705339 0.81298500
vt 0.27616900 0.81744570
vt 0.27616900 0.81744570
vt 0.22383100 0.81744570
vt 0.22601174 0.81744570
vt 0.22700259 0.82095051
vt 0.22491191 0.82095051
vt 0.22383100 0.81744570
vt 0.22491191 0.82095051
vt 0.22700259 0.82095051
vt 0.22601174 0.81744570
vt 0.22601174 0.81744570
vt 0.22819248 0.81744570
vt 0.22909325 0.82095051
vt 0.22700259 0.82095051
vt 0.22601174 0.81744570
vt 0.22700259 0.82095051
vt 0.22909325 0.82095051
vt 0.22819248 0.81744570
vt 0.22819248 0.81744570
vt 0.23037323 0.81744570
vt 0.23118393 0.82095051
vt 0.22909325 0.82095051
vt 0.22819248 0.81744570
vt 0.22909325 0.82095051
vt 0.23118393 0.82095051
vt 0.23037323 0.81744570
vt 0.23037323 0.81744570
vt 0.23255399 0.81744570
vt 0.23327461 0.82095051
vt 0.23118393 0.82095051
vt 0.23037323 0.81744570
vt 0.23118393 0.82095051
vt 0.23327461 0.82095051
vt 0.23255399 0.81744570
vt 0.23255399 0.81744570
vt 0.23473474 0.81744570
vt 0.23536529 0.82095051
vt 0.23327461 0.82095051
vt 0.23255399 0.81744570
vt 0.23327461 0.82095051
vt 0.23536529 0.82095051
vt 0.23473474 0.81744570
vt 0.23473474 0.81744570
vt 0.23691548 0.81744570
vt 0.23745593 0.82095051
vt 0.23536529 0.82095051
vt 0.23473474 0.81744570
vt 0.23536529 0.82095051
vt 0.23745593 0.82095051
vt 0.23691548 0.81744570
vt 0.23691548 0.81744570
vt 0.23909624 0.81744570
vt 0.23954661 0.82095051
vt 0.23745593 0.82095051
vt 0.23691548 0.81744570
vt 0.23745593 0.82095051
vt 0.23954661 0.82095051
vt 0.23909624 0.81744570
vt 0.23909624 0.81744570
vt 0.24127699 0.81744570
vt 0.24163729 0.82095051
vt 0.23954661 0.82095051
vt 0.23909624 0.81744570
vt 0.23954661 0.82095051
vt 0.24163729 0.82095051
vt 0.24127699 0.81744570
vt 0.24127699 0.81744570
vt 0.24345773 0.81744570
vt 0.24372797 0.82095051
vt 0.24163729 0.82095051
vt 0.24127699 0.81744570
vt 0.24163729 0.82095051
vt 0.24372797 0.82095051
vt 0.24345773 0.81744570
vt 0.24345773 0.81744570
vt 0.24563847 0.81744570
vt 0.24581863 0.82095051
vt 0.24372797 0.82095051
vt 0.24345773 0.81744570
vt 0.24372797 0.82095051
vt 0.24581863 0.82095051
vt 0.24563847 0.81744570
vt 0.24563847 0.81744570
vt 0.24781924 0.81744570
vt 0.24790931 0.82095051
vt 0.24581863 0.82095051
vt 0.24563847 0.81744570
vt 0.24581863 0.82095051
vt 0.24790931 0.82095051
vt 0.24781924 0.81744570
vt 0.24781924 0.81744570
vt 0.24999999 0.81744570
vt 0.24999999 0.82095051
vt 0.24790931 0.82095051
vt 0.24781924 0.81744570
vt 0.24790931 0.82095051
vt 0.24999999 0.82095051
vt 0.24999999 0.81744570
vt 0.24999999 0.81744570
vt 0.25218073 0.81744570
vt 0.25209066 0.82095051
vt 0.24999999 0.82095051
vt 0.24999999 0.81744570
vt 0.24999999 0.82095051
vt 0.25209066 0.82095051
vt 0.25218073 0.81744570
vt 0.25218073 0.81744570
vt 0.25436148 0.81744570
vt 0.25418136 0.82095051
vt 0.25209066 0.82095051
vt 0.25218073 0.81744570
vt 0.25209066 0.82095051
vt 0.25418136 0.82095051
vt 0.25436148 0.81744570
vt 0.25436148 0.81744570
vt 0.25654227 0.81744570
vt 0.25627202 0.82095051
vt 0.25418136 0.82095051
vt 0.25436148 0.81744570
vt 0.25418136 0.82095051
vt 0.25627202 0.82095051
vt 0.25654227 0.81744570
vt 0.25654227 0.81744570
vt 0.25872302 0.81744570
vt 0.25836271 0.82095051
vt 0.25627202 0.82095051
vt 0.25654227 0.81744570
vt 0.25627202 0.82095051
vt 0.25836271 0.82095051
vt 0.25872302 0.81744570
vt 0.25872302 0.81744570
vt 0.26090375 0.81744570
vt 0.26045337 0.82095051
vt 0.25836271 0.82095051
vt 0.25872302 0.81744570
vt 0.25836271 0.82095051
vt 0.26045337 0.82095051
vt 0.26090375 0.81744570
vt 0.26090375 0.81744570
vt 0.26308450 0.81744570
vt 0.26254404 0.82095051
vt 0.26045337 0.82095051
vt 0.26090375 0.81744570
vt 0.26045337 0.82095051
vt 0.26254404 0.82095051
vt 0.26308450 0.81744570
vt 0.26308450 0.81744570
vt 0.26526523 0.81744570
vt 0.26463473 0.82095051
vt 0.26254404 0.82095051
vt 0.26308450 0.81744570
vt 0.26254404 0.82095051
vt 0.26463473 0.82095051
vt 0.26526523 0.81744570
vt 0.26526523 0.81744570
vt 0.26744598 0.81744570
vt 0.26672539 0.82095051
vt 0.26463473 0.82095051
vt 0.26526523 0.81744570
vt 0.26463473 0.82095051
vt 0.26672539 0.82095051
vt 0.26744598 0.81744570
vt 0.26744598 0.81744570
vt 0.26962677 0.81744570
vt 0.26881605 0.82095051
vt 0.26672539 0.82095051
vt 0.26744598 0.81744570
vt 0.26672539 0.82095051
vt 0.26881605 0.82095051
vt 0.26962677 0.81744570
vt 0.26962677 0.81744570
vt 0.27180749 0.81744570
vt 0.27090675 0.82095051
vt 0.26881605 0.82095051
vt 0.26962677 0.81744570
vt 0.26881605 0.82095051
vt 0.27090675 0.82095051
vt 0.27180749 0.81744570
vt 0.27180749 0.81744570
vt 0.27398825 0.81744570
vt 0.27299741 0.82095051
vt 0.27090675 0.82095051
vt 0.27180749 0.81744570
vt 0.27090675 0.82095051
vt 0.27299741 0.82095051
vt 0.27398825 0.81744570
vt 0.27398825 0.81744570
vt 0.27616900 0.81744570
vt 0.27508810 0.82095051
vt 0.27299741 0.82095051
vt 0.27398825 0.81744570
vt 0.27299741 0.82095051
vt 0.27508810 0.82095051
vt 0.27616900 0.81744570
vt 0.22383100 0.81744570
vt 0.22491191 0.82095051
vt 0.22491191 0.82095051
vt 0.22383100 0.81744570
vt 0.27616900 0.81744570
vt 0.27616900 0.81744570
vt 0.27508810 0.82095051
vt 0.27508810 0.82095051
vt 0.22491191 0.82095051
vt 0.22700259 0.82095051
vt 0.22939469 0.82941186
vt 0.22752148 0.82941186
vt 0.22491191 0.82095051
vt 0.22752148 0.82941186
vt 0.22939469 0.82941186
vt 0.22700259 0.82095051
vt 0.22700259 0.82095051
vt 0.22909325 0.82095051
vt 0.23126790 0.82941186
vt 0.22939469 0.82941186
vt 0.22700259 0.82095051
vt 0.22939469 0.82941186
vt 0.23126790 0.82941186
vt 0.22909325 0.82095051
vt 0.22909325 0.82095051
vt 0.23118393 0.82095051
vt 0.23314111 0.82941186
vt 0.23126790 0.82941186
vt 0.22909325 0.82095051
vt 0.23126790 0.82941186
vt 0.23314111 0.82941186
vt 0.23118393 0.82095051
vt 0.23118393 0.82095051
vt 0.23327461 0.82095051
vt 0.23501432 0.82941186
vt 0.23314111 0.82941186
vt 0.23118393 0.82095051
vt 0.23314111 0.82941186
vt 0.23501432 0.82941186
vt 0.23327461 0.82095051
vt 0.23327461 0.82095051
vt 0.23536529 0.82095051
vt 0.23688751 0.82941186
vt 0.23501432 0.82941186
vt 0.23327461 0.82095051
vt 0.23501432 0.82941186
vt 0.23688751 0.82941186
vt 0.23536529 0.82095051
vt 0.23536529 0.82095051
vt 0.23745593 0.82095051
vt 0.23876074 0.82941186
vt 0.23688751 0.82941186
vt 0.23536529 0.82095051
vt 0.23688751 0.82941186
vt 0.23876074 0.82941186
vt 0.23745593 0.82095051
vt 0.23745593 0.82095051
vt 0.23954661 0.82095051
vt 0.24063395 0.82941186
vt 0.23876074 0.82941186
vt 0.23745593 0.82095051
vt 0.23876074 0.82941186
vt 0.24063395 0.82941186
vt 0.23954661 0.82095051
vt 0.23954661 0.82095051
vt 0.24163729 0.82095051
vt 0.24250716 0.82941186
vt 0.24063395 0.82941186
vt 0.23954661 0.82095051
vt 0.24063395 0.82941186
vt 0.24250716 0.82941186
vt 0.24163729 0.82095051
vt 0.24163729 0.82095051
vt 0.24372797 0.82095051
vt 0.24438037 0.82941186
vt 0.24250716 0.82941186
vt 0.24163729 0.82095051
vt 0.24250716 0.82941186
vt 0.24438037 0.82941186
vt 0.24372797 0.82095051
vt 0.24372797 0.82095051
vt 0.24581863 0.82095051
vt 0.24625356 0.82941186
vt 0.24438037 0.82941186
vt 0.24372797 0.82095051
vt 0.24438037 0.82941186
vt 0.24625356 0.82941186
vt 0.24581863 0.82095051
vt 0.24581863 0.82095051
vt 0.24790931 0.82095051
vt 0.24812678 0.82941186
vt 0.24625356 0.82941186
vt 0.24581863 0.82095051
vt 0.24625356 0.82941186
vt 0.24812678 0.82941186
vt 0.24790931 0.82095051
vt 0.24790931 0.82095051
vt 0.24999999 0.82095051
vt 0.24999999 0.82941186
vt 0.24812678 0.82941186
vt 0.24790931 0.82095051
vt 0.24812678 0.82941186
vt 0.24999999 0.82941186
vt 0.24999999 0.82095051
vt 0.24999999 0.82095051
vt 0.25209066 0.82095051
vt 0.25187320 0.82941186
vt 0.24999999 0.82941186
vt 0.24999999 0.82095051
vt 0.24999999 0.82941186
vt 0.25187320 0.82941186
vt 0.25209066 0.82095051
vt 0.25209066 0.82095051
vt 0.25418136 0.82095051
vt 0.25374642 0.82941186
vt 0.25187320 0.82941186
vt 0.25209066 0.82095051
vt 0.25187320 0.82941186
vt 0.25374642 0.82941186
vt 0.25418136 0.82095051
vt 0.25418136 0.82095051
vt 0.25627202 0.82095051
vt 0.25561962 0.82941186
vt 0.25374642 0.82941186
vt 0.25418136 0.82095051
vt 0.25374642 0.82941186
vt 0.25561962 0.82941186
vt 0.25627202 0.82095051
vt 0.25627202 0.82095051
vt 0.25836271 0.82095051
vt 0.25749284 0.82941186
vt 0.25561962 0.82941186
vt 0.25627202 0.82095051
vt 0.25561962 0.82941186
vt 0.25749284 0.82941186
vt 0.25836271 0.82095051
vt 0.25836271 0.82095051
vt 0.26045337 0.82095051
vt 0.25936604 0.82941186
vt 0.25749284 0.82941186
vt 0.25836271 0.82095051
vt 0.25749284 0.82941186
vt 0.25936604 0.82941186
vt 0.26045337 0.82095051
vt 0.26045337 0.82095051
vt 0.26254404 0.82095051
vt 0.26123923 0.82941186
vt 0.25936604 0.82941186
vt 0.26045337 0.82095051
vt 0.25936604 0.82941186
vt 0.26123923 0.82941186
vt 0.26254404 0.82095051
vt 0.26254404 0.82095051
vt 0.26463473 0.82095051
vt 0.26311246 0.82941186
vt 0.26123923 0.82941186
vt 0.26254404 0.82095051
vt 0.26123923 0.82941186
vt 0.26311246 0.82941186
vt 0.26463473 0.82095051
vt 0.26463473 0.82095051
vt 0.26672539 0.82095051
vt 0.26498565 0.82941186
vt 0.26311246 0.82941186
vt 0.26463473 0.82095051
vt 0.26311246 0.82941186
vt 0.26498565 0.82941186
vt 0.26672539 0.82095051
vt 0.26672539 0.82095051
vt 0.26881605 0.82095051
vt 0.26685888 0.82941186
vt 0.26498565 0.82941186
vt 0.26672539 0.82095051
vt 0.26498565 0.82941186
vt 0.26685888 0.82941186
vt 0.26881605 0.82095051
vt 0.26881605 0.82095051
vt 0.27090675 0.82095051
vt 0.26873207 0.82941186
vt 0.26685888 0.82941186
vt 0.26881605 0.82095051
vt 0.26685888 0.82941186
vt 0.26873207 0.82941186
vt 0.27090675 0.82095051
vt 0.27090675 0.82095051
vt 0.27299741 0.82095051
vt 0.27060527 0.82941186
vt 0.26873207 0.82941186
vt 0.27090675 0.82095051
vt 0.26873207 0.82941186
vt 0.27060527 0.82941186
vt 0.27299741 0.82095051
vt 0.27299741 0.82095051
vt 0.27508810 0.82095051
vt 0.27247849 0.82941186
vt 0.27060527 0.82941186
vt 0.27299741 0.82095051
vt 0.27060527 0.82941186
vt 0.27247849 0.82941186
vt 0.27508810 0.82095051
vt 0.22491191 0.82095051
vt 0.22752148 0.82941186
vt 0.22752148 0.82941186
vt 0.22491191 0.82095051
vt 0.27508810 0.82095051
vt 0.27508810 0.82095051
vt 0.27247849 0.82941186
vt 0.27247849 0.82941186
vt 0.22752148 0.82941186
vt 0.22939469 0.82941186
vt 0.23178682 0.83787322
vt 0.23013106 0.83787322
vt 0.22752148 0.82941186
vt 0.23013106 0.83787322
vt 0.23178682 0.83787322
vt 0.22939469 0.82941186
vt 0.22939469 0.82941186
vt 0.23126790 0.82941186
vt 0.23344254 0.83787322
vt 0.23178682 0.83787322
vt 0.22939469 0.82941186
vt 0.23178682 0.83787322
vt 0.23344254 0.83787322
vt 0.23126790 0.82941186
vt 0.23126790 0.82941186
vt 0.23314111 0.82941186
vt 0.23509829 0.83787322
vt 0.23344254 0.83787322
vt 0.23126790 0.82941186
vt 0.23344254 0.83787322
vt 0.23509829 0.83787322
vt 0.23314111 0.82941186
vt 0.23314111 0.82941186
vt 0.23501432 0.82941186
vt 0.23675404 0.83787322
vt 0.23509829 0.83787322
vt 0.23314111 0.82941186
vt 0.23509829 0.83787322
vt 0.23675404 0.83787322
vt 0.23501432 0.82941186
vt 0.23501432 0.82941186
vt 0.23688751 0.82941186
vt 0.23840977 0.83787322
vt 0.23675404 0.83787322
vt 0.23501432 0.82941186
vt 0.23675404 0.83787322
vt 0.23840977 0.83787322
vt 0.23688751 0.82941186
vt 0.23688751 0.82941186
vt 0.23876074 0.82941186
vt 0.24006553 0.83787322
vt 0.23840977 0.83787322
vt 0.23688751 0.82941186
vt 0.23840977 0.83787322
vt 0.24006553 0.83787322
vt 0.23876074 0.82941186
vt 0.23876074 0.82941186
vt 0.24063395 0.82941186
vt 0.24172127 0.83787322
vt 0.24006553 0.83787322
vt 0.23876074 0.82941186
vt 0.24006553 0.83787322
vt 0.24172127 0.83787322
vt 0.24063395 0.82941186
vt 0.24063395 0.82941186
vt 0.24250716 0.82941186
vt 0.24337700 0.83787322
vt 0.24172127 0.83787322
vt 0.24063395 0.82941186
vt 0.24172127 0.83787322
vt 0.24337700 0.83787322
vt 0.24250716 0.82941186
vt 0.24250716 0.82941186
vt 0.24438037 0.82941186
vt 0.24503276 0.83787322
vt 0.24337700 0.83787322
vt 0.24250716 0.82941186
vt 0.24337700 0.83787322
vt 0.24503276 0.83787322
vt 0.24438037 0.82941186
vt 0.24438037 0.82941186
vt 0.24625356 0.82941186
vt 0.24668850 0.83787322
vt 0.24503276 0.83787322
vt 0.24438037 0.82941186
vt 0.24503276 0.83787322
vt 0.24668850 0.83787322
vt 0.24625356 0.82941186
vt 0.24625356 0.82941186
vt 0.24812678 0.82941186
vt 0.24834424 0.83787322
vt 0.24668850 0.83787322
vt 0.24625356 0.82941186
vt 0.24668850 0.83787322
vt 0.24834424 0.83787322
vt 0.24812678 0.82941186
vt 0.24812678 0.82941186
vt 0.24999999 0.82941186
vt 0.24999999 0.83787322
vt 0.24834424 0.83787322
vt 0.24812678 0.82941186
vt 0.24834424 0.83787322
vt 0.24999999 0.83787322
vt 0.24999999 0.82941186
vt 0.24999999 0.82941186
vt 0.25187320 0.82941186
vt 0.25165576 0.83787322
vt 0.24999999 0.83787322
vt 0.24999999 0.82941186
vt 0.24999999 0.83787322
vt 0.25165576 0.83787322
vt 0.25187320 0.82941186
vt 0.25187320 0.82941186
vt 0.25374642 0.82941186
vt 0.25331146 0.83787322
vt 0.25165576 0.83787322
vt 0.25187320 0.82941186
vt 0.25165576 0.83787322
vt 0.25331146 0.83787322
vt 0.25374642 0.82941186
vt 0.25374642 0.82941186
vt 0.25561962 0.82941186
vt 0.25496721 0.83787322
vt 0.25331146 0.83787322
vt 0.25374642 0.82941186
vt 0.25331146 0.83787322
vt 0.25496721 0.83787322
vt 0.25561962 0.82941186
vt 0.25561962 0.82941186
vt 0.25749284 0.82941186
vt 0.25662297 0.83787322
vt 0.25496721 0.83787322
vt 0.25561962 0.82941186
vt 0.25496721 0.83787322
vt 0.25662297 0.83787322
vt 0.25749284 0.82941186
vt 0.25749284 0.82941186
vt 0.25936604 0.82941186
vt 0.25827870 0.83787322
vt 0.25662297 0.83787322
vt 0.25749284 0.82941186
vt 0.25662297 0.83787322
vt 0.25827870 0.83787322
vt 0.25936604 0.82941186
vt 0.25936604 0.82941186
vt 0.26123923 0.82941186
vt 0.25993446 0.83787322
vt 0.25827870 0.83787322
vt 0.25936604 0.82941186
vt 0.25827870 0.83787322
vt 0.25993446 0.83787322
vt 0.26123923 0.82941186
vt 0.26123923 0.82941186
vt 0.26311246 0.82941186
vt 0.26159021 0.83787322
vt 0.25993446 0.83787322
vt 0.26123923 0.82941186
vt 0.25993446 0.83787322
vt 0.26159021 0.83787322
vt 0.26311246 0.82941186
vt 0.26311246 0.82941186
vt 0.26498565 0.82941186
vt 0.26324597 0.83787322
vt 0.26159021 0.83787322
vt 0.26311246 0.82941186
vt 0.26159021 0.83787322
vt 0.26324597 0.83787322
vt 0.26498565 0.82941186
vt 0.26498565 0.82941186
vt 0.26685888 0.82941186
vt 0.26490167 0.83787322
vt 0.26324597 0.83787322
vt 0.26498565 0.82941186
vt 0.26324597 0.83787322
vt 0.26490167 0.83787322
vt 0.26685888 0.82941186
vt 0.26685888 0.82941186
vt 0.26873207 0.82941186
vt 0.26655743 0.83787322
vt 0.26490167 0.83787322
vt 0.26685888 0.82941186
vt 0.26490167 0.83787322
vt 0.26655743 0.83787322
vt 0.26873207 0.82941186
vt 0.26873207 0.82941186
vt 0.27060527 0.82941186
vt 0.26821318 0.83787322
vt 0.26655743 0.83787322
vt 0.26873207 0.82941186
vt 0.26655743 0.83787322
vt 0.26821318 0.83787322
vt 0.27060527 0.82941186
vt 0.27060527 0.82941186
vt 0.27247849 0.82941186
vt 0.26986891 0.83787322
vt 0.26821318 0.83787322
vt 0.27060527 0.82941186
vt 0.26821318 0.83787322
vt 0.26986891 0.83787322
vt 0.27247849 0.82941186
vt 0.22752148 0.82941186
vt 0.23013106 0.83787322
vt 0.23013106 0.83787322
vt 0.22752148 0.82941186
vt 0.27247849 0.82941186
vt 0.27247849 0.82941186
vt 0.26986891 0.83787322
vt 0.26986891 0.83787322
vt 0.23013106 0.83787322
vt 0.23178682 0.83787322
vt 0.23277766 0.84137803
vt 0.23121198 0.84137803
vt 0.23013106 0.83787322
vt 0.23121198 0.84137803
vt 0.23277766 0.84137803
vt 0.23178682 0.83787322
vt 0.23178682 0.83787322
vt 0.23344254 0.83787322
vt 0.23434332 0.84137803
vt 0.23277766 0.84137803
vt 0.23178682 0.83787322
vt 0.23277766 0.84137803
vt 0.23434332 0.84137803
vt 0.23344254 0.83787322
vt 0.23344254 0.83787322
vt 0.23509829 0.83787322
vt 0.23590899 0.84137803
vt 0.23434332 0.84137803
vt 0.23344254 0.83787322
vt 0.23434332 0.84137803
vt 0.23590899 0.84137803
vt 0.23509829 0.83787322
vt 0.23509829 0.83787322
vt 0.23675404 0.83787322
vt 0.23747467 0.84137803
vt 0.23590899 0.84137803
vt 0.23509829 0.83787322
vt 0.23590899 0.84137803
vt 0.23747467 0.84137803
vt 0.23675404 0.83787322
vt 0.23675404 0.83787322
vt 0.23840977 0.83787322
vt 0.23904032 0.84137803
vt 0.23747467 0.84137803
vt 0.23675404 0.83787322
vt 0.23747467 0.84137803
vt 0.23904032 0.84137803
vt 0.23840977 0.83787322
vt 0.23840977 0.83787322
vt 0.24006553 0.83787322
vt 0.24060598 0.84137803
vt 0.23904032 0.84137803
vt 0.23840977 0.83787322
vt 0.23904032 0.84137803
vt 0.24060598 0.84137803
vt 0.24006553 0.83787322
vt 0.24006553 0.83787322
vt 0.24172127 0.83787322
vt 0.24217165 0.84137803
vt 0.24060598 0.84137803
vt 0.24006553 0.83787322
vt 0.24060598 0.84137803
vt 0.24217165 0.84137803
vt 0.24172127 0.83787322
vt 0.24172127 0.83787322
vt 0.24337700 0.83787322
vt 0.24373733 0.84137803
vt 0.24217165 0.84137803
vt 0.24172127 0.83787322
vt 0.24217165 0.84137803
vt 0.24373733 0.84137803
vt 0.24337700 0.83787322
vt 0.24337700 0.83787322
vt 0.24503276 0.83787322
vt 0.24530299 0.84137803
vt 0.24373733 0.84137803
vt 0.24337700 0.83787322
vt 0.24373733 0.84137803
vt 0.24530299 0.84137803
vt 0.24503276 0.83787322
vt 0.24503276 0.83787322
vt 0.24668850 0.83787322
vt 0.24686864 0.84137803
vt 0.24530299 0.84137803
vt 0.24503276 0.83787322
vt 0.24530299 0.84137803
vt 0.24686864 0.84137803
vt 0.24668850 0.83787322
vt 0.24668850 0.83787322
vt 0.24834424 0.83787322
vt 0.24843432 0.84137803
vt 0.24686864 0.84137803
vt 0.24668850 0.83787322
vt 0.24686864 0.84137803
vt 0.24843432 0.84137803
vt 0.24834424 0.83787322
vt 0.24834424 0.83787322
vt 0.24999999 0.83787322
vt 0.24999999 0.84137803
vt 0.24843432 0.84137803
vt 0.24834424 0.83787322
vt 0.24843432 0.84137803
vt 0.24999999 0.84137803
vt 0.24999999 0.83787322
vt 0.24999999 0.83787322
vt 0.25165576 0.83787322
vt 0.25156567 0.84137803
vt 0.24999999 0.84137803
vt 0.24999999 0.83787322
vt 0.24999999 0.84137803
vt 0.25156567 0.84137803
vt 0.25165576 0.83787322
vt 0.25165576 0.83787322
vt 0.25331146 0.83787322
vt 0.25313133 0.84137803
vt 0.25156567 0.84137803
vt 0.25165576 0.83787322
vt 0.25156567 0.84137803
vt 0.25313133 0.84137803
vt 0.25331146 0.83787322
vt 0.25331146 0.83787322
vt 0.25496721 0.83787322
vt 0.25469700 0.84137803
vt 0.25313133 0.84137803
vt 0.25331146 0.83787322
vt 0.25313133 0.84137803
vt 0.25469700 0.84137803
vt 0.25496721 0.83787322
vt 0.25496721 0.83787322
vt 0.25662297 0.83787322
vt 0.25626269 0.84137803
vt 0.25469700 0.84137803
vt 0.25496721 0.83787322
vt 0.25469700 0.84137803
vt 0.25626269 0.84137803
vt 0.25662297 0.83787322
vt 0.25662297 0.83787322
vt 0.25827870 0.83787322
vt 0.25782833 0.84137803
vt 0.25626269 0.84137803
vt 0.25662297 0.83787322
vt 0.25626269 0.84137803
vt 0.25782833 0.84137803
vt 0.25827870 0.83787322
vt 0.25827870 0.83787322
vt 0.25993446 0.83787322
vt 0.25939399 0.84137803
vt 0.25782833 0.84137803
vt 0.25827870 0.83787322
vt 0.25782833 0.84137803
vt 0.25939399 0.84137803
vt 0.25993446 0.83787322
vt 0.25993446 0.83787322
vt 0.26159021 0.83787322
vt 0.26095966 0.84137803
vt 0.25939399 0.84137803
vt 0.25993446 0.83787322
vt 0.25939399 0.84137803
vt 0.26095966 0.84137803
vt 0.26159021 0.83787322
vt 0.26159021 0.83787322
vt 0.26324597 0.83787322
vt 0.26252532 0.84137803
vt 0.26095966 0.84137803
vt 0.26159021 0.83787322
vt 0.26095966 0.84137803
vt 0.26252532 0.84137803
vt 0.26324597 0.83787322
vt 0.26324597 0.83787322
vt 0.26490167 0.83787322
vt 0.26409099 0.84137803
vt 0.26252532 0.84137803
vt 0.26324597 0.83787322
vt 0.26252532 0.84137803
vt 0.26409099 0.84137803
vt 0.26490167 0.83787322
vt 0.26490167 0.83787322
vt 0.26655743 0.83787322
vt 0.26565668 0.84137803
vt 0.26409099 0.84137803
vt 0.26490167 0.83787322
vt 0.26409099 0.84137803
vt 0.26565668 0.84137803
vt 0.26655743 0.83787322
vt 0.26655743 0.83787322
vt 0.26821318 0.83787322
vt 0.26722234 0.84137803
vt 0.26565668 0.84137803
vt 0.26655743 0.83787322
vt 0.26565668 0.84137803
vt 0.26722234 0.84137803
vt 0.26821318 0.83787322
vt 0.26821318 0.83787322
vt 0.26986891 0.83787322
vt 0.26878801 0.84137803
vt 0.26722234 0.84137803
vt 0.26821318 0.83787322
vt 0.26722234 0.84137803
vt 0.26878801 0.84137803
vt 0.26986891 0.83787322
vt 0.23013106 0.83787322
vt 0.23121198 0.84137803
vt 0.23121198 0.84137803
vt 0.23013106 0.83787322
vt 0.26986891 0.83787322
vt 0.26986891 0.83787322
vt 0.26878801 0.84137803
vt 0.26878801 0.84137803
vt 0.23121198 0.84137803
vt 0.23277766 0.84137803
vt 0.23341900 0.84392697
vt 0.23191164 0.84392697
vt 0.23121198 0.84137803
vt 0.23191164 0.84392697
vt 0.23341900 0.84392697
vt 0.23277766 0.84137803
vt 0.23277766 0.84137803
vt 0.23434332 0.84137803
vt 0.23492637 0.84392697
vt 0.23341900 0.84392697
vt 0.23277766 0.84137803
vt 0.23341900 0.84392697
vt 0.23492637 0.84392697
vt 0.23434332 0.84137803
vt 0.23434332 0.84137803
vt 0.23590899 0.84137803
vt 0.23643371 0.84392697
vt 0.23492637 0.84392697
vt 0.23434332 0.84137803
vt 0.23492637 0.84392697
vt 0.23643371 0.84392697
vt 0.23590899 0.84137803
vt 0.23590899 0.84137803
vt 0.23747467 0.84137803
vt 0.23794109 0.84392697
vt 0.23643371 0.84392697
vt 0.23590899 0.84137803
vt 0.23643371 0.84392697
vt 0.23794109 0.84392697
vt 0.23747467 0.84137803
vt 0.23747467 0.84137803
vt 0.23904032 0.84137803
vt 0.23944844 0.84392697
vt 0.23794109 0.84392697
vt 0.23747467 0.84137803
vt 0.23794109 0.84392697
vt 0.23944844 0.84392697
vt 0.23904032 0.84137803
vt 0.23904032 0.84137803
vt 0.24060598 0.84137803
vt 0.24095581 0.84392697
vt 0.23944844 0.84392697
vt 0.23904032 0.84137803
vt 0.23944844 0.84392697
vt 0.24095581 0.84392697
vt 0.24060598 0.84137803
vt 0.24060598 0.84137803
vt 0.24217165 0.84137803
vt 0.24246317 0.84392697
vt 0.24095581 0.84392697
vt 0.24060598 0.84137803
vt 0.24095581 0.84392697
vt 0.24246317 0.84392697
vt 0.24217165 0.84137803
vt 0.24217165 0.84137803
vt 0.24373733 0.84137803
vt 0.24397054 0.84392697
vt 0.24246317 0.84392697
vt 0.24217165 0.84137803
vt 0.24246317 0.84392697
vt 0.24397054 0.84392697
vt 0.24373733 0.84137803
vt 0.24373733 0.84137803
vt 0.24530299 0.84137803
vt 0.24547789 0.84392697
vt 0.24397054 0.84392697
vt 0.24373733 0.84137803
vt 0.24397054 0.84392697
vt 0.24547789 0.84392697
vt 0.24530299 0.84137803
vt 0.24530299 0.84137803
vt 0.24686864 0.84137803
vt 0.24698526 0.84392697
vt 0.24547789 0.84392697
vt 0.24530299 0.84137803
vt 0.24547789 0.84392697
vt 0.24698526 0.84392697
vt 0.24686864 0.84137803
vt 0.24686864 0.84137803
vt 0.24843432 0.84137803
vt 0.24849261 0.84392697
vt 0.24698526 0.84392697
vt 0.24686864 0.84137803
vt 0.24698526 0.84392697
vt 0.24849261 0.84392697
vt 0.24843432 0.84137803
vt 0.24843432 0.84137803
vt 0.24999999 0.84137803
vt 0.24999999 0.84392697
vt 0.24849261 0.84392697
vt 0.24843432 0.84137803
vt 0.24849261 0.84392697
vt 0.24999999 0.84392697
vt 0.24999999 0.84137803
vt 0.24999999 0.84137803
vt 0.25156567 0.84137803
vt 0.25150734 0.84392697
vt 0.24999999 0.84392697
vt 0.24999999 0.84137803
vt 0.24999999 0.84392697
vt 0.25150734 0.84392697
vt 0.25156567 0.84137803
vt 0.25156567 0.84137803
vt 0.25313133 0.84137803
vt 0.25301471 0.84392697
vt 0.25150734 0.84392697
vt 0.25156567 0.84137803
vt 0.25150734 0.84392697
vt 0.25301471 0.84392697
vt 0.25313133 0.84137803
vt 0.25313133 0.84137803
vt 0.25469700 0.84137803
vt 0.25452209 0.84392697
vt 0.25301471 0.84392697
vt 0.25313133 0.84137803
vt 0.25301471 0.84392697
vt 0.25452209 0.84392697
vt 0.25469700 0.84137803
vt 0.25469700 0.84137803
vt 0.25626269 0.84137803
vt 0.25602946 0.84392697
vt 0.25452209 0.84392697
vt 0.25469700 0.84137803
vt 0.25452209 0.84392697
vt 0.25602946 0.84392697
vt 0.25626269 0.84137803
vt 0.25626269 0.84137803
vt 0.25782833 0.84137803
vt 0.25753680 0.84392697
vt 0.25602946 0.84392697
vt 0.25626269 0.84137803
vt 0.25602946 0.84392697
vt 0.25753680 0.84392697
vt 0.25782833 0.84137803
vt 0.25782833 0.84137803
vt 0.25939399 0.84137803
vt 0.25904420 0.84392697
vt 0.25753680 0.84392697
vt 0.25782833 0.84137803
vt 0.25753680 0.84392697
vt 0.25904420 0.84392697
vt 0.25939399 0.84137803
vt 0.25939399 0.84137803
vt 0.26095966 0.84137803
vt 0.26055154 0.84392697
vt 0.25904420 0.84392697
vt 0.25939399 0.84137803
vt 0.25904420 0.84392697
vt 0.26055154 0.84392697
vt 0.26095966 0.84137803
vt 0.26095966 0.84137803
vt 0.26252532 0.84137803
vt 0.26205888 0.84392697
vt 0.26055154 0.84392697
vt 0.26095966 0.84137803
vt 0.26055154 0.84392697
vt 0.26205888 0.84392697
vt 0.26252532 0.84137803
vt 0.26252532 0.84137803
vt 0.26409099 0.84137803
vt 0.26356626 0.84392697
vt 0.26205888 0.84392697
vt 0.26252532 0.84137803
vt 0.26205888 0.84392697
vt 0.26356626 0.84392697
vt 0.26409099 0.84137803
vt 0.26409099 0.84137803
vt 0.26565668 0.84137803
vt 0.26507363 0.84392697
vt 0.26356626 0.84392697
vt 0.26409099 0.84137803
vt 0.26356626 0.84392697
vt 0.26507363 0.84392697
vt 0.26565668 0.84137803
vt 0.26565668 0.84137803
vt 0.26722234 0.84137803
vt 0.26658100 0.84392697
vt 0.26507363 0.84392697
vt 0.26565668 0.84137803
vt 0.26507363 0.84392697
vt 0.26658100 0.84392697
vt 0.26722234 0.84137803
vt 0.26722234 0.84137803
vt 0.26878801 0.84137803
vt 0.26808834 0.84392697
vt 0.26658100 0.84392697
vt 0.26722234 0.84137803
vt 0.26658100 0.84392697
vt 0.26808834 0.84392697
vt 0.26878801 0.84137803
vt 0.23121198 0.84137803
vt 0.23191164 0.84392697
vt 0.23191164 0.84392697
vt 0.23121198 0.84137803
vt 0.26878801 0.84137803
vt 0.26878801 0.84137803
vt 0.26808834 0.84392697
vt 0.26808834 0.84392697
vt 0.23191164 0.84392697
vt 0.23341900 0.84392697
vt 0.23496735 0.85008067
vt 0.23360074 0.85008067
vt 0.23191164 0.84392697
vt 0.23360074 0.85008067
vt 0.23496735 0.85008067
vt 0.23341900 0.84392697
vt 0.23341900 0.84392697
vt 0.23492637 0.84392697
vt 0.23633395 0.85008067
vt 0.23496735 0.85008067
vt 0.23341900 0.84392697
vt 0.23496735 0.85008067
vt 0.23633395 0.85008067
vt 0.23492637 0.84392697
vt 0.23492637 0.84392697
vt 0.23643371 0.84392697
vt 0.23770055 0.85008067
vt 0.23633395 0.85008067
vt 0.23492637 0.84392697
vt 0.23633395 0.85008067
vt 0.23770055 0.85008067
vt 0.23643371 0.84392697
vt 0.23643371 0.84392697
vt 0.23794109 0.84392697
vt 0.23906717 0.85008067
vt 0.23770055 0.85008067
vt 0.23643371 0.84392697
vt 0.23770055 0.85008067
vt 0.23906717 0.85008067
vt 0.23794109 0.84392697
vt 0.23794109 0.84392697
vt 0.23944844 0.84392697
vt 0.24043375 0.85008067
vt 0.23906717 0.85008067
vt 0.23794109 0.84392697
vt 0.23906717 0.85008067
vt 0.24043375 0.85008067
vt 0.23944844 0.84392697
vt 0.23944844 0.84392697
vt 0.24095581 0.84392697
vt 0.24180037 0.85008067
vt 0.24043375 0.85008067
vt 0.23944844 0.84392697
vt 0.24043375 0.85008067
vt 0.24180037 0.85008067
vt 0.24095581 0.84392697
vt 0.24095581 0.84392697
vt 0.24246317 0.84392697
vt 0.24316697 0.85008067
vt 0.24180037 0.85008067
vt 0.24095581 0.84392697
vt 0.24180037 0.85008067
vt 0.24316697 0.85008067
vt 0.24246317 0.84392697
vt 0.24246317 0.84392697
vt 0.24397054 0.84392697
vt 0.24453357 0.85008067
vt 0.24316697 0.85008067
vt 0.24246317 0.84392697
vt 0.24316697 0.85008067
vt 0.24453357 0.85008067
vt 0.24397054 0.84392697
vt 0.24397054 0.84392697
vt 0.24547789 0.84392697
vt 0.24590018 0.85008067
vt 0.24453357 0.85008067
vt 0.24397054 0.84392697
vt 0.24453357 0.85008067
vt 0.24590018 0.85008067
vt 0.24547789 0.84392697
vt 0.24547789 0.84392697
vt 0.24698526 0.84392697
vt 0.24726677 0.85008067
vt 0.24590018 0.85008067
vt 0.24547789 0.84392697
vt 0.24590018 0.85008067
vt 0.24726677 0.85008067
vt 0.24698526 0.84392697
vt 0.24698526 0.84392697
vt 0.24849261 0.84392697
vt 0.24863338 0.85008067
vt 0.24726677 0.85008067
vt 0.24698526 0.84392697
vt 0.24726677 0.85008067
vt 0.24863338 0.85008067
vt 0.24849261 0.84392697
vt 0.24849261 0.84392697
vt 0.24999999 0.84392697
vt 0.24999999 0.85008067
vt 0.24863338 0.85008067
vt 0.24849261 0.84392697
vt 0.24863338 0.85008067
vt 0.24999999 0.85008067
vt 0.24999999 0.84392697
vt 0.24999999 0.84392697
vt 0.25150734 0.84392697
vt 0.25136659 0.85008067
vt 0.24999999 0.85008067
vt 0.24999999 0.84392697
vt 0.24999999 0.85008067
vt 0.25136659 0.85008067
vt 0.25150734 0.84392697
vt 0.25150734 0.84392697
vt 0.25301471 0.84392697
vt 0.25273320 0.85008067
vt 0.25136659 0.85008067
vt 0.25150734 0.84392697
vt 0.25136659 0.85008067
vt 0.25273320 0.85008067
vt 0.25301471 0.84392697
vt 0.25301471 0.84392697
vt 0.25452209 0.84392697
vt 0.25409982 0.85008067
vt 0.25273320 0.85008067
vt 0.25301471 0.84392697
vt 0.25273320 0.85008067
vt 0.25409982 0.85008067
vt 0.25452209 0.84392697
vt 0.25452209 0.84392697
vt 0.25602946 0.84392697
vt 0.25546640 0.85008067
vt 0.25409982 0.85008067
vt 0.25452209 0.84392697
vt 0.25409982 0.85008067
vt 0.25546640 0.85008067
vt 0.25602946 0.84392697
vt 0.25602946 0.84392697
vt 0.25753680 0.84392697
vt 0.25683302 0.85008067
vt 0.25546640 0.85008067
vt 0.25602946 0.84392697
vt 0.25546640 0.85008067
vt 0.25683302 0.85008067
vt 0.25753680 0.84392697
vt 0.25753680 0.84392697
vt 0.25904420 0.84392697
vt 0.25819960 0.85008067
vt 0.25683302 0.85008067
vt 0.25753680 0.84392697
vt 0.25683302 0.85008067
vt 0.25819960 0.85008067
vt 0.25904420 0.84392697
vt 0.25904420 0.84392697
vt 0.26055154 0.84392697
vt 0.25956622 0.85008067
vt 0.25819960 0.85008067
vt 0.25904420 0.84392697
vt 0.25819960 0.85008067
vt 0.25956622 0.85008067
vt 0.26055154 0.84392697
vt 0.26055154 0.84392697
vt 0.26205888 0.84392697
vt 0.26093283 0.85008067
vt 0.25956622 0.85008067
vt 0.26055154 0.84392697
vt 0.25956622 0.85008067
vt 0.26093283 0.85008067
vt 0.26205888 0.84392697
vt 0.26205888 0.84392697
vt 0.26356626 0.84392697
vt 0.26229945 0.85008067
vt 0.26093283 0.85008067
vt 0.26205888 0.84392697
vt 0.26093283 0.85008067
vt 0.26229945 0.85008067
vt 0.26356626 0.84392697
vt 0.26356626 0.84392697
vt 0.26507363 0.84392697
vt 0.26366603 0.85008067
vt 0.26229945 0.85008067
vt 0.26356626 0.84392697
vt 0.26229945 0.85008067
vt 0.26366603 0.85008067
vt 0.26507363 0.84392697
vt 0.26507363 0.84392697
vt 0.26658100 0.84392697
vt 0.26503262 0.85008067
vt 0.26366603 0.85008067
vt 0.26507363 0.84392697
vt 0.26366603 0.85008067
vt 0.26503262 0.85008067
vt 0.26658100 0.84392697
vt 0.26658100 0.84392697
vt 0.26808834 0.84392697
vt 0.26639923 0.85008067
vt 0.26503262 0.85008067
vt 0.26658100 0.84392697
vt 0.26503262 0.85008067
vt 0.26639923 0.85008067
vt 0.26808834 0.84392697
vt 0.23191164 0.84392697
vt 0.23360074 0.85008067
vt 0.23360074 0.85008067
vt 0.23191164 0.84392697
vt 0.26808834 0.84392697
vt 0.26808834 0.84392697
vt 0.26639923 0.85008067
vt 0.26639923 0.85008067
vt 0.23360074 0.85008067
vt 0.23496735 0.85008067
vt 0.23651570 0.85623437
vt 0.23528986 0.85623437
vt 0.23360074 0.85008067
vt 0.23528986 0.85623437
vt 0.23651570 0.85623437
vt 0.23496735 0.85008067
vt 0.23496735 0.85008067
vt 0.23633395 0.85008067
vt 0.23774154 0.85623437
vt 0.23651570 0.85623437
vt 0.23496735 0.85008067
vt 0.23651570 0.85623437
vt 0.23774154 0.85623437
vt 0.23633395 0.85008067
vt 0.23633395 0.85008067
vt 0.23770055 0.85008067
vt 0.23896739 0.85623437
vt 0.23774154 0.85623437
vt 0.23633395 0.85008067
vt 0.23774154 0.85623437
vt 0.23896739 0.85623437
vt 0.23770055 0.85008067
vt 0.23770055 0.85008067
vt 0.23906717 0.85008067
vt 0.24019323 0.85623437
vt 0.23896739 0.85623437
vt 0.23770055 0.85008067
vt 0.23896739 0.85623437
vt 0.24019323 0.85623437
vt 0.23906717 0.85008067
vt 0.23906717 0.85008067
vt 0.24043375 0.85008067
vt 0.24141906 0.85623437
vt 0.24019323 0.85623437
vt 0.23906717 0.85008067
vt 0.24019323 0.85623437
vt 0.24141906 0.85623437
vt 0.24043375 0.85008067
vt 0.24043375 0.85008067
vt 0.24180037 0.85008067
vt 0.24264491 0.85623437
vt 0.24141906 0.85623437
vt 0.24043375 0.85008067
vt 0.24141906 0.85623437
vt 0.24264491 0.85623437
vt 0.24180037 0.85008067
vt 0.24180037 0.85008067
vt 0.24316697 0.85008067
vt 0.24387076 0.85623437
vt 0.24264491 0.85623437
vt 0.24180037 0.85008067
vt 0.24264491 0.85623437
vt 0.24387076 0.85623437
vt 0.24316697 0.85008067
vt 0.24316697 0.85008067
vt 0.24453357 0.85008067
vt 0.24509661 0.85623437
vt 0.24387076 0.85623437
vt 0.24316697 0.85008067
vt 0.24387076 0.85623437
vt 0.24509661 0.85623437
vt 0.24453357 0.85008067
vt 0.24453357 0.85008067
vt 0.24590018 0.85008067
vt 0.24632245 0.85623437
vt 0.24509661 0.85623437
vt 0.24453357 0.85008067
vt 0.24509661 0.85623437
vt 0.24632245 0.85623437
vt 0.24590018 0.85008067
vt 0.24590018 0.85008067
vt 0.24726677 0.85008067
vt 0.24754830 0.85623437
vt 0.24632245 0.85623437
vt 0.24590018 0.85008067
vt 0.24632245 0.85623437
vt 0.24754830 0.85623437
vt 0.24726677 0.85008067
vt 0.24726677 0.85008067
vt 0.24863338 0.85008067
vt 0.24877414 0.85623437
vt 0.24754830 0.85623437
vt 0.24726677 0.85008067
vt 0.24754830 0.85623437
vt 0.24877414 0.85623437
vt 0.24863338 0.85008067
vt 0.24863338 0.85008067
vt 0.24999999 0.85008067
vt 0.24999999 0.85623437
vt 0.24877414 0.85623437
vt 0.24863338 0.85008067
vt 0.24877414 0.85623437
vt 0.24999999 0.85623437
vt 0.24999999 0.85008067
vt 0.24999999 0.85008067
vt 0.25136659 0.85008067
vt 0.25122583 0.85623437
vt 0.24999999 0.85623437
vt 0.24999999 0.85008067
vt 0.24999999 0.85623437
vt 0.25122583 0.85623437
vt 0.25136659 0.85008067
vt 0.25136659 0.85008067
vt 0.25273320 0.85008067
vt 0.25245169 0.85623437
vt 0.25122583 0.85623437
vt 0.25136659 0.85008067
vt 0.25122583 0.85623437
vt 0.25245169 0.85623437
vt 0.25273320 0.85008067
vt 0.25273320 0.85008067
vt 0.25409982 0.85008067
vt 0.25367752 0.85623437
vt 0.25245169 0.85623437
vt 0.25273320 0.85008067
vt 0.25245169 0.85623437
vt 0.25367752 0.85623437
vt 0.25409982 0.85008067
vt 0.25409982 0.85008067
vt 0.25546640 0.85008067
vt 0.25490338 0.85623437
vt 0.25367752 0.85623437
vt 0.25409982 0.85008067
vt 0.25367752 0.85623437
vt 0.25490338 0.85623437
vt 0.25546640 0.85008067
vt 0.25546640 0.85008067
vt 0.25683302 0.85008067
vt 0.25612924 0.85623437
vt 0.25490338 0.85623437
vt 0.25546640 0.85008067
vt 0.25490338 0.85623437
vt 0.25612924 0.85623437
vt 0.25683302 0.85008067
vt 0.25683302 0.85008067
vt 0.25819960 0.85008067
vt 0.25735506 0.85623437
vt 0.25612924 0.85623437
vt 0.25683302 0.85008067
vt 0.25612924 0.85623437
vt 0.25735506 0.85623437
vt 0.25819960 0.85008067
vt 0.25819960 0.85008067
vt 0.25956622 0.85008067
vt 0.25858092 0.85623437
vt 0.25735506 0.85623437
vt 0.25819960 0.85008067
vt 0.25735506 0.85623437
vt 0.25858092 0.85623437
vt 0.25956622 0.85008067
vt 0.25956622 0.85008067
vt 0.26093283 0.85008067
vt 0.25980675 0.85623437
vt 0.25858092 0.85623437
vt 0.25956622 0.85008067
vt 0.25858092 0.85623437
vt 0.25980675 0.85623437
vt 0.26093283 0.85008067
vt 0.26093283 0.85008067
vt 0.26229945 0.85008067
vt 0.26103261 0.85623437
vt 0.25980675 0.85623437
vt 0.26093283 0.85008067
vt 0.25980675 0.85623437
vt 0.26103261 0.85623437
vt 0.26229945 0.85008067
vt 0.26229945 0.85008067
vt 0.26366603 0.85008067
vt 0.26225844 0.85623437
vt 0.26103261 0.85623437
vt 0.26229945 0.85008067
vt 0.26103261 0.85623437
vt 0.26225844 0.85623437
vt 0.26366603 0.85008067
vt 0.26366603 0.85008067
vt 0.26503262 0.85008067
vt 0.26348430 0.85623437
vt 0.26225844 0.85623437
vt 0.26366603 0.85008067
vt 0.26225844 0.85623437
vt 0.26348430 0.85623437
vt 0.26503262 0.85008067
vt 0.26503262 0.85008067
vt 0.26639923 0.85008067
vt 0.26471016 0.85623437
vt 0.26348430 0.85623437
vt 0.26503262 0.85008067
vt 0.26348430 0.85623437
vt 0.26471016 0.85623437
vt 0.26639923 0.85008067
vt 0.23360074 0.85008067
vt 0.23528986 0.85623437
vt 0.23528986 0.85623437
vt 0.23360074 0.85008067
vt 0.26639923 0.85008067
vt 0.26639923 0.85008067
vt 0.26471016 0.85623437
vt 0.26471016 0.85623437
vt 0.23528986 0.85623437
vt 0.23651570 0.85623437
vt 0.23715705 0.85878336
vt 0.23598950 0.85878336
vt 0.23528986 0.85623437
vt 0.23598950 0.85878336
vt 0.23715705 0.85878336
vt 0.23651570 0.85623437
vt 0.23651570 0.85623437
vt 0.23774154 0.85623437
vt 0.23832458 0.85878336
vt 0.23715705 0.85878336
vt 0.23651570 0.85623437
vt 0.23715705 0.85878336
vt 0.23832458 0.85878336
vt 0.23774154 0.85623437
vt 0.23774154 0.85623437
vt 0.23896739 0.85623437
vt 0.23949212 0.85878336
vt 0.23832458 0.85878336
vt 0.23774154 0.85623437
vt 0.23832458 0.85878336
vt 0.23949212 0.85878336
vt 0.23896739 0.85623437
vt 0.23896739 0.85623437
vt 0.24019323 0.85623437
vt 0.24065967 0.85878336
vt 0.23949212 0.85878336
vt 0.23896739 0.85623437
vt 0.23949212 0.85878336
vt 0.24065967 0.85878336
vt 0.24019323 0.85623437
vt 0.24019323 0.85623437
vt 0.24141906 0.85623437
vt 0.24182720 0.85878336
vt 0.24065967 0.85878336
vt 0.24019323 0.85623437
vt 0.24065967 0.85878336
vt 0.24182720 0.85878336
vt 0.24141906 0.85623437
vt 0.24141906 0.85623437
vt 0.24264491 0.85623437
vt 0.24299474 0.85878336
vt 0.24182720 0.85878336
vt 0.24141906 0.85623437
vt 0.24182720 0.85878336
vt 0.24299474 0.85878336
vt 0.24264491 0.85623437
vt 0.24264491 0.85623437
vt 0.24387076 0.85623437
vt 0.24416228 0.85878336
vt 0.24299474 0.85878336
vt 0.24264491 0.85623437
vt 0.24299474 0.85878336
vt 0.24416228 0.85878336
vt 0.24387076 0.85623437
vt 0.24387076 0.85623437
vt 0.24509661 0.85623437
vt 0.24532983 0.85878336
vt 0.24416228 0.85878336
vt 0.24387076 0.85623437
vt 0.24416228 0.85878336
vt 0.24532983 0.85878336
vt 0.24509661 0.85623437
vt 0.24509661 0.85623437
vt 0.24632245 0.85623437
vt 0.24649736 0.85878336
vt 0.24532983 0.85878336
vt 0.24509661 0.85623437
vt 0.24532983 0.85878336
vt 0.24649736 0.85878336
vt 0.24632245 0.85623437
vt 0.24632245 0.85623437
vt 0.24754830 0.85623437
vt 0.24766490 0.85878336
vt 0.24649736 0.85878336
vt 0.24632245 0.85623437
vt 0.24649736 0.85878336
vt 0.24766490 0.85878336
vt 0.24754830 0.85623437
vt 0.24754830 0.85623437
vt 0.24877414 0.85623437
vt 0.24883245 0.85878336
vt 0.24766490 0.85878336
vt 0.24754830 0.85623437
vt 0.24766490 0.85878336
vt 0.24883245 0.85878336
vt 0.24877414 0.85623437
vt 0.24877414 0.85623437
vt 0.24999999 0.85623437
vt 0.24999999 0.85878336
vt 0.24883245 0.85878336
vt 0.24877414 0.85623437
vt 0.24883245 0.85878336
vt 0.24999999 0.85878336
vt 0.24999999 0.85623437
vt 0.24999999 0.85623437
vt 0.25122583 0.85623437
vt 0.25116751 0.85878336
vt 0.24999999 0.85878336
vt 0.24999999 0.85623437
vt 0.24999999 0.85878336
vt 0.25116751 0.85878336
vt 0.25122583 0.85623437
vt 0.25122583 0.85623437
vt 0.25245169 0.85623437
vt 0.25233507 0.85878336
vt 0.25116751 0.85878336
vt 0.25122583 0.85623437
vt 0.25116751 0.85878336
vt 0.25233507 0.85878336
vt 0.25245169 0.85623437
vt 0.25245169 0.85623437
vt 0.25367752 0.85623437
vt 0.25350261 0.85878336
vt 0.25233507 0.85878336
vt 0.25245169 0.85623437
vt 0.25233507 0.85878336
vt 0.25350261 0.85878336
vt 0.25367752 0.85623437
vt 0.25367752 0.85623437
vt 0.25490338 0.85623437
vt 0.25467014 0.85878336
vt 0.25350261 0.85878336
vt 0.25367752 0.85623437
vt 0.25350261 0.85878336
vt 0.25467014 0.85878336
vt 0.25490338 0.85623437
vt 0.25490338 0.85623437
vt 0.25612924 0.85623437
vt 0.25583768 0.85878336
vt 0.25467014 0.85878336
vt 0.25490338 0.85623437
vt 0.25467014 0.85878336
vt 0.25583768 0.85878336
vt 0.25612924 0.85623437
vt 0.25612924 0.85623437
vt 0.25735506 0.85623437
vt 0.25700524 0.85878336
vt 0.25583768 0.85878336
vt 0.25612924 0.85623437
vt 0.25583768 0.85878336
vt 0.25700524 0.85878336
vt 0.25735506 0.85623437
vt 0.25735506 0.85623437
vt 0.25858092 0.85623437
vt 0.25817278 0.85878336
vt 0.25700524 0.85878336
vt 0.25735506 0.85623437
vt 0.25700524 0.85878336
vt 0.25817278 0.85878336
vt 0.25858092 0.85623437
vt 0.25858092 0.85623437
vt 0.25980675 0.85623437
vt 0.25934032 0.85878336
vt 0.25817278 0.85878336
vt 0.25858092 0.85623437
vt 0.25817278 0.85878336
vt 0.25934032 0.85878336
vt 0.25980675 0.85623437
vt 0.25980675 0.85623437
vt 0.26103261 0.85623437
vt 0.26050785 0.85878336
vt 0.25934032 0.85878336
vt 0.25980675 0.85623437
vt 0.25934032 0.85878336
vt 0.26050785 0.85878336
vt 0.26103261 0.85623437
vt 0.26103261 0.85623437
vt 0.26225844 0.85623437
vt 0.26167542 0.85878336
vt 0.26050785 0.85878336
vt 0.26103261 0.85623437
vt 0.26050785 0.85878336
vt 0.26167542 0.85878336
vt 0.26225844 0.85623437
vt 0.26225844 0.85623437
vt 0.26348430 0.85623437
vt 0.26284292 0.85878336
vt 0.26167542 0.85878336
vt 0.26225844 0.85623437
vt 0.26167542 0.85878336
vt 0.26284292 0.85878336
vt 0.26348430 0.85623437
vt 0.26348430 0.85623437
vt 0.26471016 0.85623437
vt 0.26401049 0.85878336
vt 0.26284292 0.85878336
vt 0.26348430 0.85623437
vt 0.26284292 0.85878336
vt 0.26401049 0.85878336
vt 0.26471016 0.85623437
vt 0.23528986 0.85623437
vt 0.23598950 0.85878336
vt 0.23598950 0.85878336
vt 0.23528986 0.85623437
vt 0.26471016 0.85623437
vt 0.26471016 0.85623437
vt 0.26401049 0.85878336
vt 0.26401049 0.85878336
vt 0.50599998 0.99400002
vt 0.99400002 0.99400002
vt 0.99400002 0.50600004
vt 0.50599998 0.99400002
vt 0.99400002 0.99400002
vt 0.99400002 0.50600004
vt 0.50599998 0.99400002
vt 0.99400002 0.99400002
vt 0.99400002 0.50600004
vt 0.50599998 0.99400002
vt 0.99400002 0.99400002
vt 0.99400002 0.50600004
vt 0.50599998 0.99400002
vt 0.99400002 0.99400002
vt 0.99400002 0.50600004
vt 0.50599998 0.99400002
vt 0.99400002 0.99400002
vt 0.99400002 0.50600004
vt 0.50599998 0.99400002
vt 0.99400002 0.99400002
vt 0.99400002 0.50600004
vt 0.50599998 0.99400002
vt 0.99400002 0.99400002
vt 0.99400002 0.50600004
vt 0.50599998 0.99400002
vt 0.99400002 0.99400002
vt 0.99400002 0.50600004
vt 0.50599998 0.99400002
vt 0.99400002 0.99400002
vt 0.99400002 0.50600004
vt 0.50599998 0.99400002
vt 0.99400002 0.99400002
vt 0.99400002 0.50600004
vt 0.50599998 0.99400002
vt 0.99400002 0.99400002
vt 0.99400002 0.50600004
vt 0.50599998 0.99400002
vt 0.99400002 0.99400002
vt 0.99400002 0.50600004
vt 0.50599998 0.99400002
vt 0.99400002 0.99400002
vt 0.99400002 0.50600004
vt 0.50599998 0.99400002
vt 0.99400002 0.99400002
vt 0.99400002 0.50600004
vt 0.50599998 0.99400002
vt 0.99400002 0.99400002
vt 0.99400002 0.50600004
vt 0.50599998 0.99400002
vt 0.99400002 0.99400002
vt 0.99400002 0.50600004
vt 0.50599998 0.99400002
vt 0.99400002 0.99400002
vt 0.99400002 0.50600004
vt 0.50599998 0.99400002
vt 0.99400002 0.99400002
vt 0.99400002 0.50600004
vt 0.50599998 0.99400002
vt 0.99400002 0.99400002
vt 0.99400002 0.50600004
vt 0.50599998 0.99400002
vt 0.99400002 0.99400002
vt 0.99400002 0.50600004
vt 0.50599998 0.99400002
vt 0.99400002 0.99400002
vt 0.99400002 0.50600004
vt 0.50599998 0.99400002
vt 0.99400002 0.99400002
vt 0.99400002 0.50600004
vt 0.50599998 0.99400002
vt 0.99400002 0.99400002
vt 0.99400002 0.50600004
vt 0.50599998 0.99400002
vt 0.99400002 0.99400002
vt 0.99400002 0.50600004
vt 0.50599998 0.99400002
vt 0.99400002 0.99400002
vt 0.99400002 0.50600004
vt 0.50599998 0.99400002
vt 0.99400002 0.99400002
vt 0.99400002 0.50600004
vt 0.50599998 0.99400002
vt 0.99400002 0.99400002
vt 0.99400002 0.50600004
vt 0.50599998 0.99400002
vt 0.99400002 0.99400002
vt 0.99400002 0.50600004
vt 0.50599998 0.99400002
vt 0.99400002 0.99400002
vt 0.99400002 0.50600004
vt 0.50599998 0.99400002
vt 0.99400002 0.99400002
vt 0.99400002 0.50600004
vt 0.50599998 0.99400002
vt 0.99400002 0.99400002
vt 0.99400002 0.50600004
vt 0.50599998 0.99400002
vt 0.99400002 0.99400002
vt 0.99400002 0.50600004
vt 0.50599998 0.99400002
vt 0.99400002 0.99400002
vt 0.99400002 0.50600004
vt 0.50599998 0.99400002
vt 0.99400002 0.99400002
vt 0.99400002 0.50600004
vt 0.50599998 0.99400002
vt 0.99400002 0.99400002
vt 0.99400002 0.50600004
vt 0.50599998 0.99400002
vt 0.99400002 0.99400002
vt 0.99400002 0.50600004
vt 0.50599998 0.99400002
vt 0.99400002 0.99400002
vt 0.99400002 0.50600004
vt 0.50599998 0.99400002
vt 0.99400002 0.99400002
vt 0.99400002 0.50600004
vt 0.50599998 0.99400002
vt 0.99400002 0.99400002
vt 0.99400002 0.50600004
vt 0.50599998 0.99400002
vt 0.99400002 0.99400002
vt 0.99400002 0.50600004
vt 0.50599998 0.99400002
vt 0.99400002 0.99400002
vt 0.99400002 0.50600004
vt 0.50599998 0.99400002
vt 0.99400002 0.99400002
vt 0.99400002 0.50600004
vt 0.50599998 0.99400002
vt 0.99400002 0.99400002
vt 0.99400002 0.50600004
vt 0.50599998 0.99400002
vt 0.99400002 0.99400002
vt 0.99400002 0.50600004
vt 0.50599998 0.99400002
vt 0.99400002 0.99400002
vt 0.99400002 0.50600004
vt 0.50599998 0.99400002
vt 0.99400002 0.99400002
vt 0.99400002 0.50600004
vt 0.50599998 0.99400002
vt 0.99400002 0.99400002
vt 0.99400002 0.50600004
vt 0.50599998 0.99400002
vt 0.99400002 0.99400002
vt 0.99400002 0.50600004
vt 0.50599998 0.99400002
vt 0.99400002 0.99400002
vt 0.99400002 0.50600004
vt 0.50599998 0.99400002
vt 0.99400002 0.99400002
vt 0.99400002 0.50600004
vt 0.50599998 0.99400002
vt 0.99400002 0.99400002
vt 0.99400002 0.50600004
vt 0.50599998 0.99400002
vt 0.99400002 0.99400002
vt 0.99400002 0.50600004
vt 0.50599998 0.99400002
vt 0.99400002 0.99400002
vt 0.99400002 0.50600004
vt 0.50599998 0.99400002
vt 0.99400002 0.99400002
vt 0.99400002 0.50600004
vt 0.50599998 0.99400002
vt 0.99400002 0.99400002
vt 0.99400002 0.50600004
vt 0.50599998 0.99400002
vt 0.99400002 0.99400002
vt 0.99400002 0.50600004
vt 0.50599998 0.99400002
vt 0.99400002 0.99400002
vt 0.99400002 0.50600004
vt 0.50599998 0.99400002
vt 0.99400002 0.99400002
vt 0.99400002 0.50600004
vt 0.50599998 0.99400002
vt 0.99400002 0.99400002
vt 0.99400002 0.50600004
vt 0.50599998 0.99400002
vt 0.99400002 0.99400002
vt 0.99400002 0.50600004
vt 0.50599998 0.99400002
vt 0.99400002 0.99400002
vt 0.99400002 0.50600004
vt 0.50599998 0.99400002
vt 0.99400002 0.99400002
vt 0.99400002 0.50600004
vt 0.50599998 0.99400002
vt 0.99400002 0.99400002
vt 0.99400002 0.50600004
vt 0.50599998 0.99400002
vt 0.99400002 0.99400002
vt 0.99400002 0.50600004
vt 0.50599998 0.99400002
vt 0.99400002 0.99400002
vt 0.99400002 0.50600004
vt 0.50599998 0.99400002
vt 0.99400002 0.99400002
vt 0.99400002 0.50600004
vt 0.50599998 0.99400002
vt 0.99400002 0.99400002
vt 0.99400002 0.50600004
vt 0.50599998 0.99400002
vt 0.99400002 0.99400002
vt 0.99400002 0.50600004
vt 0.50599998 0.99400002
vt 0.99400002 0.99400002
vt 0.99400002 0.50600004
vt 0.50599998 0.99400002
vt 0.99400002 0.99400002
vt 0.99400002 0.50600004
vt 0.50599998 0.99400002
vt 0.99400002 0.99400002
vt 0.99400002 0.50600004
vt 0.50599998 0.99400002
vt 0.99400002 0.99400002
vt 0.99400002 0.50600004
vt 0.50599998 0.99400002
vt 0.99400002 0.99400002
vt 0.99400002 0.50600004
vt 0.50599998 0.99400002
vt 0.99400002 0.99400002
vt 0.99400002 0.50600004
vt 0.50599998 0.99400002
vt 0.99400002 0.99400002
vt 0.99400002 0.50600004
vt 0.50599998 0.99400002
vt 0.99400002 0.99400002
vt 0.99400002 0.50600004
vt 0.50599998 0.99400002
vt 0.99400002 0.99400002
vt 0.99400002 0.50600004
vt 0.50599998 0.99400002
vt 0.99400002 0.99400002
vt 0.99400002 0.50600004
vt 0.50599998 0.99400002
vt 0.99400002 0.99400002
vt 0.99400002 0.50600004
vt 0.50599998 0.99400002
vt 0.99400002 0.99400002
vt 0.99400002 0.50600004
vt 0.50599998 0.99400002
vt 0.99400002 0.99400002
vt 0.99400002 0.50600004
vt 0.50599998 0.99400002
vt 0.99400002 0.99400002
vt 0.99400002 0.50600004
vt 0.50599998 0.99400002
vt 0.99400002 0.99400002
vt 0.99400002 0.50600004
vt 0.50599998 0.99400002
vt 0.99400002 0.99400002
vt 0.99400002 0.50600004
vt 0.50599998 0.99400002
vt 0.99400002 0.99400002
vt 0.99400002 0.50600004
vt 0.50599998 0.99400002
vt 0.99400002 0.99400002
vt 0.99400002 0.50600004
vt 0.50599998 0.99400002
vt 0.99400002 0.99400002
vt 0.99400002 0.50600004
vt 0.50599998 0.99400002
vt 0.99400002 0.99400002
vt 0.99400002 0.50600004
vt 0.50599998 0.99400002
vt 0.99400002 0.99400002
vt 0.99400002 0.50600004
vt 0.50599998 0.99400002
vt 0.99400002 0.99400002
vt 0.99400002 0.50600004
vt 0.50599998 0.99400002
vt 0.99400002 0.99400002
vt 0.99400002 0.50600004
vt 0.50599998 0.99400002
vt 0.99400002 0.99400002
vt 0.99400002 0.50600004
vt 0.50599998 0.99400002
vt 0.99400002 0.99400002
vt 0.99400002 0.50600004
vt 0.50599998 0.99400002
vt 0.99400002 0.99400002
vt 0.99400002 0.50600004
vt 0.50599998 0.99400002
vt 0.99400002 0.99400002
vt 0.99400002 0.50600004
vt 0.50599998 0.99400002
vt 0.99400002 0.99400002
vt 0.99400002 0.50600004
vt 0.50599998 0.99400002
vt 0.99400002 0.99400002
vt 0.99400002 0.50600004
vt 0.50599998 0.99400002
vt 0.99400002 0.99400002
vt 0.99400002 0.50600004
vt 0.50599998 0.99400002
vt 0.99400002 0.99400002
vt 0.99400002 0.50600004
vt 0.26878801 0.69713330
vt 0.27944592 0.70313191
vt 0.27944592 0.72120935
vt 0.26878801 0.71640933
vt 0.26878801 0.71640933
vt 0.27944592 0.72120935
vt 0.27944592 0.74832547
vt 0.26878801 0.74532330
vt 0.26878801 0.74532330
vt 0.27944592 0.74832547
vt 0.27944592 0.77845442
vt 0.26878801 0.77745003
vt 0.26878801 0.77745003
vt 0.27944592 0.77845442
vt 0.27944592 0.80858338
vt 0.26878801 0.80957669
vt 0.26878801 0.80957669
vt 0.27944592 0.80858338
vt 0.27944592 0.85377693
vt 0.26878801 0.85776669
vt 0.26878801 0.85776669
vt 0.27944592 0.85377693
vt 0.27944592 0.85377693
vt 0.26878801 0.85776669
vt 0.26878801 0.85776669
vt 0.27944592 0.85377693
vt 0.27944592 0.80858338
vt 0.26878801 0.80957669
vt 0.26878801 0.80957669
vt 0.27944592 0.80858338
vt 0.27944592 0.77845442
vt 0.26878801 0.77745003
vt 0.26878801 0.77745003
vt 0.27944592 0.77845442
vt 0.27944592 0.74832547
vt 0.26878801 0.74532330
vt 0.26878801 0.74532330
vt 0.27944592 0.74832547
vt 0.27944592 0.72120935
vt 0.26878801 0.71640933
vt 0.26878801 0.71640933
vt 0.27944592 0.72120935
vt 0.27944592 0.70313191
vt 0.26878801 0.69713330
vt 0.26878801 0.69713330
vt 0.27944592 0.70313191
vt 0.27944592 0.70313191
vt 0.26878801 0.69713330
vt 0.27944592 0.70313191
vt 0.29010385 0.71826279
vt 0.29010385 0.73331684
vt 0.27944592 0.72120935
vt 0.27944592 0.72120935
vt 0.29010385 0.73331684
vt 0.29010385 0.75589794
vt 0.27944592 0.74832547
vt 0.27944592 0.74832547
vt 0.29010385 0.75589794
vt 0.29010385 0.78098798
vt 0.27944592 0.77845442
vt 0.27944592 0.77845442
vt 0.29010385 0.78098798
vt 0.29010385 0.80607802
vt 0.27944592 0.80858338
vt 0.27944592 0.80858338
vt 0.29010385 0.80607802
vt 0.29010385 0.84371310
vt 0.27944592 0.85377693
vt 0.27944592 0.85377693
vt 0.29010385 0.84371310
vt 0.29010385 0.84371310
vt 0.27944592 0.85377693
vt 0.27944592 0.85377693
vt 0.29010385 0.84371310
vt 0.29010385 0.80607802
vt 0.27944592 0.80858338
vt 0.27944592 0.80858338
vt 0.29010385 0.80607802
vt 0.29010385 0.78098798
vt 0.27944592 0.77845442
vt 0.27944592 0.77845442
vt 0.29010385 0.78098798
vt 0.29010385 0.75589794
vt 0.27944592 0.74832547
vt 0.27944592 0.74832547
vt 0.29010385 0.75589794
vt 0.29010385 0.73331684
vt 0.27944592 0.72120935
vt 0.27944592 0.72120935
vt 0.29010385 0.73331684
vt 0.29010385 0.71826279
vt 0.27944592 0.70313191
vt 0.27944592 0.70313191
vt 0.29010385 0.71826279
vt 0.29010385 0.71826279
vt 0.27944592 0.70313191
vt 0.29010385 0.71826279
vt 0.30209401 0.74084997
vt 0.30209401 0.75139081
vt 0.29010385 0.73331684
vt 0.29010385 0.73331684
vt 0.30209401 0.75139081
vt 0.30209401 0.76720202
vt 0.29010385 0.75589794
vt 0.29010385 0.75589794
vt 0.30209401 0.76720202
vt 0.30209401 0.78477001
vt 0.29010385 0.78098798
vt 0.29010385 0.78098798
vt 0.30209401 0.78477001
vt 0.30209401 0.80233800
vt 0.29010385 0.80607802
vt 0.29010385 0.80607802
vt 0.30209401 0.80233800
vt 0.30209401 0.82868999
vt 0.29010385 0.84371310
vt 0.29010385 0.84371310
vt 0.30209401 0.82868999
vt 0.30209401 0.82868999
vt 0.29010385 0.84371310
vt 0.29010385 0.84371310
vt 0.30209401 0.82868999
vt 0.30209401 0.80233800
vt 0.29010385 0.80607802
vt 0.29010385 0.80607802
vt 0.30209401 0.80233800
vt 0.30209401 0.78477001
vt 0.29010385 0.78098798
vt 0.29010385 0.78098798
vt 0.30209401 0.78477001
vt 0.30209401 0.76720202
vt 0.29010385 0.75589794
vt 0.29010385 0.75589794
vt 0.30209401 0.76720202
vt 0.30209401 0.75139081
vt 0.29010385 0.73331684
vt 0.29010385 0.73331684
vt 0.30209401 0.75139081
vt 0.30209401 0.74084997
vt 0.29010385 0.71826279
vt 0.29010385 0.71826279
vt 0.30209401 0.74084997
vt 0.30209401 0.74084997
vt 0.29010385 0.71826279
vt 0.30209401 0.74084997
vt 0.31408414 0.76343721
vt 0.31408414 0.76946473
vt 0.30209401 0.75139081
vt 0.30209401 0.75139081
vt 0.31408414 0.76946473
vt 0.31408414 0.77850610
vt 0.30209401 0.76720202
vt 0.30209401 0.76720202
vt 0.31408414 0.77850610
vt 0.31408414 0.78855205
vt 0.30209401 0.78477001
vt 0.30209401 0.78477001
vt 0.31408414 0.78855205
vt 0.31408414 0.79859799
vt 0.30209401 0.80233800
vt 0.30209401 0.80233800
vt 0.31408414 0.79859799
vt 0.31408414 0.81366694
vt 0.30209401 0.82868999
vt 0.30209401 0.82868999
vt 0.31408414 0.81366694
vt 0.31408414 0.81366694
vt 0.30209401 0.82868999
vt 0.30209401 0.82868999
vt 0.31408414 0.81366694
vt 0.31408414 0.79859799
vt 0.30209401 0.80233800
vt 0.30209401 0.80233800
vt 0.31408414 0.79859799
vt 0.31408414 0.78855205
vt 0.30209401 0.78477001
vt 0.30209401 0.78477001
vt 0.31408414 0.78855205
vt 0.31408414 0.77850610
vt 0.30209401 0.76720202
vt 0.30209401 0.76720202
vt 0.31408414 0.77850610
vt 0.31408414 0.76946473
vt 0.30209401 0.75139081
vt 0.30209401 0.75139081
vt 0.31408414 0.76946473
vt 0.31408414 0.76343721
vt 0.30209401 0.74084997
vt 0.30209401 0.74084997
vt 0.31408414 0.76343721
vt 0.31408414 0.76343721
vt 0.30209401 0.74084997
vt 0.31408414 0.76343721
vt 0.32474208 0.77856803
vt 0.32474208 0.78157228
vt 0.31408414 0.76946473
vt 0.31408414 0.76946473
vt 0.32474208 0.78157228
vt 0.32474208 0.78607857
vt 0.31408414 0.77850610
vt 0.31408414 0.77850610
vt 0.32474208 0.78607857
vt 0.32474208 0.79108560
vt 0.31408414 0.78855205
vt 0.31408414 0.78855205
vt 0.32474208 0.79108560
vt 0.32474208 0.79609263
vt 0.31408414 0.79859799
vt 0.31408414 0.79859799
vt 0.32474208 0.79609263
vt 0.32474208 0.80360311
vt 0.31408414 0.81366694
vt 0.31408414 0.81366694
vt 0.32474208 0.80360311
vt 0.32474208 0.80360311
vt 0.31408414 0.81366694
vt 0.31408414 0.81366694
vt 0.32474208 0.80360311
vt 0.32474208 0.79609263
vt 0.31408414 0.79859799
vt 0.31408414 0.79859799
vt 0.32474208 0.79609263
vt 0.32474208 0.79108560
vt 0.31408414 0.78855205
vt 0.31408414 0.78855205
vt 0.32474208 0.79108560
vt 0.32474208 0.78607857
vt 0.31408414 0.77850610
vt 0.31408414 0.77850610
vt 0.32474208 0.78607857
vt 0.32474208 0.78157228
vt 0.31408414 0.76946473
vt 0.31408414 0.76946473
vt 0.32474208 0.78157228
vt 0.32474208 0.77856803
vt 0.31408414 0.76343721
vt 0.31408414 0.76343721
vt 0.32474208 0.77856803
vt 0.32474208 0.77856803
vt 0.31408414 0.76343721
vt 0.32474208 0.77856803
vt 0.33540002 0.78456670
vt 0.33540002 0.78637230
vt 0.32474208 0.78157228
vt 0.32474208 0.78157228
vt 0.33540002 0.78637230
vt 0.33540002 0.78908068
vt 0.32474208 0.78607857
vt 0.32474208 0.78607857
vt 0.33540002 0.78908068
vt 0.33540002 0.79209000
vt 0.32474208 0.79108560
vt 0.32474208 0.79108560
vt 0.33540002 0.79209000
vt 0.33540002 0.79509938
vt 0.32474208 0.79609263
vt 0.32474208 0.79609263
vt 0.33540002 0.79509938
vt 0.33540002 0.79961336
vt 0.32474208 0.80360311
vt 0.32474208 0.80360311
vt 0.33540002 0.79961336
vt 0.33540002 0.79961336
vt 0.32474208 0.80360311
vt 0.32474208 0.80360311
vt 0.33540002 0.79961336
vt 0.33540002 0.79509938
vt 0.32474208 0.79609263
vt 0.32474208 0.79609263
vt 0.33540002 0.79509938
vt 0.33540002 0.79209000
vt 0.32474208 0.79108560
vt 0.32474208 0.79108560
vt 0.33540002 0.79209000
vt 0.33540002 0.78908068
vt 0.32474208 0.78607857
vt 0.32474208 0.78607857
vt 0.33540002 0.78908068
vt 0.33540002 0.78637230
vt 0.32474208 0.78157228
vt 0.32474208 0.78157228
vt 0.33540002 0.78637230
vt 0.33540002 0.78456670
vt 0.32474208 0.77856803
vt 0.32474208 0.77856803
vt 0.33540002 0.78456670
vt 0.33540002 0.78456670
vt 0.32474208 0.77856803
vt 0.26878801 0.76727659
vt 0.26878801 0.69713330
vt 0.26878801 0.71640933
vt 0.26878801 0.76727659
vt 0.26878801 0.71640933
vt 0.26878801 0.74532330
vt 0.26878801 0.76727659
vt 0.26878801 0.74532330
vt 0.26878801 0.77745003
vt 0.26878801 0.76727659
vt 0.26878801 0.77745003
vt 0.26878801 0.80957669
vt 0.26878801 0.76727659
vt 0.26878801 0.80957669
vt 0.26878801 0.85776669
vt 0.26878801 0.76727659
vt 0.26878801 0.85776669
vt 0.26878801 0.85776669
vt 0.26878801 0.76727659
vt 0.26878801 0.85776669
vt 0.26878801 0.80957669
vt 0.26878801 0.76727659
vt 0.26878801 0.80957669
vt 0.26878801 0.77745003
vt 0.26878801 0.76727659
vt 0.26878801 0.77745003
vt 0.26878801 0.74532330
vt 0.26878801 0.76727659
vt 0.26878801 0.74532330
vt 0.26878801 0.71640933
vt 0.26878801 0.76727659
vt 0.26878801 0.71640933
vt 0.26878801 0.69713330
vt 0.26878801 0.76727659
vt 0.26878801 0.69713330
vt 0.26878801 0.69713330
vt 0.33540002 0.79113710
vt 0.33540002 0.78637230
vt 0.33540002 0.78456670
vt 0.33540002 0.79113710
vt 0.33540002 0.78908068
vt 0.33540002 0.78637230
vt 0.33540002 0.79113710
vt 0.33540002 0.79209000
vt 0.33540002 0.78908068
vt 0.33540002 0.79113710
vt 0.33540002 0.79509938
vt 0.33540002 0.79209000
vt 0.33540002 0.79113710
vt 0.33540002 0.79961336
vt 0.33540002 0.79509938
vt 0.33540002 0.79113710
vt 0.33540002 0.79961336
vt 0.33540002 0.79961336
vt 0.33540002 0.79113710
vt 0.33540002 0.79509938
vt 0.33540002 0.79961336
vt 0.33540002 0.79113710
vt 0.33540002 0.79209000
vt 0.33540002 0.79509938
vt 0.33540002 0.79113710
vt 0.33540002 0.78908068
vt 0.33540002 0.79209000
vt 0.33540002 0.79113710
vt 0.33540002 0.78637230
vt 0.33540002 0.78908068
vt 0.33540002 0.79113710
vt 0.33540002 0.78456670
vt 0.33540002 0.78637230
vt 0.33540002 0.79113710
vt 0.33540002 0.78456670
vt 0.33540002 0.78456670
vt 0.23121198 0.69713330
vt 0.23121198 0.71640933
vt 0.22055407 0.72120935
vt 0.22055407 0.70313191
vt 0.23121198 0.71640933
vt 0.23121198 0.74532330
vt 0.22055407 0.74832547
vt 0.22055407 0.72120935
vt 0.23121198 0.74532330
vt 0.23121198 0.77745003
vt 0.22055407 0.77845442
vt 0.22055407 0.74832547
vt 0.23121198 0.77745003
vt 0.23121198 0.80957669
vt 0.22055407 0.80858338
vt 0.22055407 0.77845442
vt 0.23121198 0.80957669
vt 0.23121198 0.85776669
vt 0.22055407 0.85377693
vt 0.22055407 0.80858338
vt 0.23121198 0.85776669
vt 0.23121198 0.85776669
vt 0.22055407 0.85377693
vt 0.22055407 0.85377693
vt 0.23121198 0.85776669
vt 0.23121198 0.80957669
vt 0.22055407 0.80858338
vt 0.22055407 0.85377693
vt 0.23121198 0.80957669
vt 0.23121198 0.77745003
vt 0.22055407 0.77845442
vt 0.22055407 0.80858338
vt 0.23121198 0.77745003
vt 0.23121198 0.74532330
vt 0.22055407 0.74832547
vt 0.22055407 0.77845442
vt 0.23121198 0.74532330
vt 0.23121198 0.71640933
vt 0.22055407 0.72120935
vt 0.22055407 0.74832547
vt 0.23121198 0.71640933
vt 0.23121198 0.69713330
vt 0.22055407 0.70313191
vt 0.22055407 0.72120935
vt 0.23121198 0.69713330
vt 0.23121198 0.69713330
vt 0.22055407 0.70313191
vt 0.22055407 0.70313191
vt 0.22055407 0.70313191
vt 0.22055407 0.72120935
vt 0.20989615 0.73331684
vt 0.20989615 0.71826279
vt 0.22055407 0.72120935
vt 0.22055407 0.74832547
vt 0.20989615 0.75589794
vt 0.20989615 0.73331684
vt 0.22055407 0.74832547
vt 0.22055407 0.77845442
vt 0.20989615 0.78098798
vt 0.20989615 0.75589794
vt 0.22055407 0.77845442
vt 0.22055407 0.80858338
vt 0.20989615 0.80607802
vt 0.20989615 0.78098798
vt 0.22055407 0.80858338
vt 0.22055407 0.85377693
vt 0.20989615 0.84371310
vt 0.20989615 0.80607802
vt 0.22055407 0.85377693
vt 0.22055407 0.85377693
vt 0.20989615 0.84371310
vt 0.20989615 0.84371310
vt 0.22055407 0.85377693
vt 0.22055407 0.80858338
vt 0.20989615 0.80607802
vt 0.20989615 0.84371310
vt 0.22055407 0.80858338
vt 0.22055407 0.77845442
vt 0.20989615 0.78098798
vt 0.20989615 0.80607802
vt 0.22055407 0.77845442
vt 0.22055407 0.74832547
vt 0.20989615 0.75589794
vt 0.20989615 0.78098798
vt 0.22055407 0.74832547
vt 0.22055407 0.72120935
vt 0.20989615 0.73331684
vt 0.20989615 0.75589794
vt 0.22055407 0.72120935
vt 0.22055407 0.70313191
vt 0.20989615 0.71826279
vt 0.20989615 0.73331684
vt 0.22055407 0.70313191
vt 0.22055407 0.70313191
vt 0.20989615 0.71826279
vt 0.20989615 0.71826279
vt 0.20989615 0.71826279
vt 0.20989615 0.73331684
vt 0.19790600 0.75139081
vt 0.19790600 0.74084997
vt 0.20989615 0.73331684
vt 0.20989615 0.75589794
vt 0.19790600 0.76720202
vt 0.19790600 0.75139081
vt 0.20989615 0.75589794
vt 0.20989615 0.78098798
vt 0.19790600 0.78477001
vt 0.19790600 0.76720202
vt 0.20989615 0.78098798
vt 0.20989615 0.80607802
vt 0.19790600 0.80233800
vt 0.19790600 0.78477001
vt 0.20989615 0.80607802
vt 0.20989615 0.84371310
vt 0.19790600 0.82868999
vt 0.19790600 0.80233800
vt 0.20989615 0.84371310
vt 0.20989615 0.84371310
vt 0.19790600 0.82868999
vt 0.19790600 0.82868999
vt 0.20989615 0.84371310
vt 0.20989615 0.80607802
vt 0.19790600 0.80233800
vt 0.19790600 0.82868999
vt 0.20989615 0.80607802
vt 0.20989615 0.78098798
vt 0.19790600 0.78477001
vt 0.19790600 0.80233800
vt 0.20989615 0.78098798
vt 0.20989615 0.75589794
vt 0.19790600 0.76720202
vt 0.19790600 0.78477001
vt 0.20989615 0.75589794
vt 0.20989615 0.73331684
vt 0.19790600 0.75139081
vt 0.19790600 0.76720202
vt 0.20989615 0.73331684
vt 0.20989615 0.71826279
vt 0.19790600 0.74084997
vt 0.19790600 0.75139081
vt 0.20989615 0.71826279
vt 0.20989615 0.71826279
vt 0.19790600 0.74084997
vt 0.19790600 0.74084997
vt 0.19790600 0.74084997
vt 0.19790600 0.75139081
vt 0.18591583 0.76946473
vt 0.18591583 0.76343721
vt 0.19790600 0.75139081
vt 0.19790600 0.76720202
vt 0.18591583 0.77850610
vt 0.18591583 0.76946473
vt 0.19790600 0.76720202
vt 0.19790600 0.78477001
vt 0.18591583 0.78855205
vt 0.18591583 0.77850610
vt 0.19790600 0.78477001
vt 0.19790600 0.80233800
vt 0.18591583 0.79859799
vt 0.18591583 0.78855205
vt 0.19790600 0.80233800
vt 0.19790600 0.82868999
vt 0.18591583 0.81366694
vt 0.18591583 0.79859799
vt 0.19790600 0.82868999
vt 0.19790600 0.82868999
vt 0.18591583 0.81366694
vt 0.18591583 0.81366694
vt 0.19790600 0.82868999
vt 0.19790600 0.80233800
vt 0.18591583 0.79859799
vt 0.18591583 0.81366694
vt 0.19790600 0.80233800
vt 0.19790600 0.78477001
vt 0.18591583 0.78855205
vt 0.18591583 0.79859799
vt 0.19790600 0.78477001
vt 0.19790600 0.76720202
vt 0.18591583 0.77850610
vt 0.18591583 0.78855205
vt 0.19790600 0.76720202
vt 0.19790600 0.75139081
vt 0.18591583 0.76946473
vt 0.18591583 0.77850610
vt 0.19790600 0.75139081
vt 0.19790600 0.74084997
vt 0.18591583 0.76343721
vt 0.18591583 0.76946473
vt 0.19790600 0.74084997
vt 0.19790600 0.74084997
vt 0.18591583 0.76343721
vt 0.18591583 0.76343721
vt 0.18591583 0.76343721
vt 0.18591583 0.76946473
vt 0.17525792 0.78157228
vt 0.17525792 0.77856803
vt 0.18591583 0.76946473
vt 0.18591583 0.77850610
vt 0.17525792 0.78607857
vt 0.17525792 0.78157228
vt 0.18591583 0.77850610
vt 0.18591583 0.78855205
vt 0.17525792 0.79108560
vt 0.17525792 0.78607857
vt 0.18591583 0.78855205
vt 0.18591583 0.79859799
vt 0.17525792 0.79609263
vt 0.17525792 0.79108560
vt 0.18591583 0.79859799
vt 0.18591583 0.81366694
vt 0.17525792 0.80360311
vt 0.17525792 0.79609263
vt 0.18591583 0.81366694
vt 0.18591583 0.81366694
vt 0.17525792 0.80360311
vt 0.17525792 0.80360311
vt 0.18591583 0.81366694
vt 0.18591583 0.79859799
vt 0.17525792 0.79609263
vt 0.17525792 0.80360311
vt 0.18591583 0.79859799
vt 0.18591583 0.78855205
vt 0.17525792 0.79108560
vt 0.17525792 0.79609263
vt 0.18591583 0.78855205
vt 0.18591583 0.77850610
vt 0.17525792 0.78607857
vt 0.17525792 0.79108560
vt 0.18591583 0.77850610
vt 0.18591583 0.76946473
vt 0.17525792 0.78157228
vt 0.17525792 0.78607857
vt 0.18591583 0.76946473
vt 0.18591583 0.76343721
vt 0.17525792 0.77856803
vt 0.17525792 0.78157228
vt 0.18591583 0.76343721
vt 0.18591583 0.76343721
vt 0.17525792 0.77856803
vt 0.17525792 0.77856803
vt 0.17525792 0.77856803
vt 0.17525792 0.78157228
vt 0.16459998 0.78637230
vt 0.16459998 0.78456670
vt 0.17525792 0.78157228
vt 0.17525792 0.78607857
vt 0.16459998 0.78908068
vt 0.16459998 0.78637230
vt 0.17525792 0.78607857
vt 0.17525792 0.79108560
vt 0.16459998 0.79209000
vt 0.16459998 0.78908068
vt 0.17525792 0.79108560
vt 0.17525792 0.79609263
vt 0.16459998 0.79509938
vt 0.16459998 0.79209000
vt 0.17525792 0.79609263
vt 0.17525792 0.80360311
vt 0.16459998 0.79961336
vt 0.16459998 0.79509938
vt 0.17525792 0.80360311
vt 0.17525792 0.80360311
vt 0.16459998 0.79961336
vt 0.16459998 0.79961336
vt 0.17525792 0.80360311
vt 0.17525792 0.79609263
vt 0.16459998 0.79509938
vt 0.16459998 0.79961336
vt 0.17525792 0.79609263
vt 0.17525792 0.79108560
vt 0.16459998 0.79209000
vt 0.16459998 0.79509938
vt 0.17525792 0.79108560
vt 0.17525792 0.78607857
vt 0.16459998 0.78908068
vt 0.16459998 0.79209000
vt 0.17525792 0.78607857
vt 0.17525792 0.78157228
vt 0.16459998 0.78637230
vt 0.16459998 0.78908068
vt 0.17525792 0.78157228
vt 0.17525792 0.77856803
vt 0.16459998 0.78456670
vt 0.16459998 0.78637230
vt 0.17525792 0.77856803
vt 0.17525792 0.77856803
vt 0.16459998 0.78456670
vt 0.16459998 0.78456670
vt 0.23121198 0.76727659
vt 0.23121198 0.71640933
vt 0.23121198 0.69713330
vt 0.23121198 0.76727659
vt 0.23121198 0.74532330
vt 0.23121198 0.71640933
vt 0.23121198 0.76727659
vt 0.23121198 0.77745003
vt 0.23121198 0.74532330
vt 0.23121198 0.76727659
vt 0.23121198 0.80957669
vt 0.23121198 0.77745003
vt 0.23121198 0.76727659
vt 0.23121198 0.85776669
vt 0.23121198 0.80957669
vt 0.23121198 0.76727659
vt 0.23121198 0.85776669
vt 0.23121198 0.85776669
vt 0.23121198 0.76727659
vt 0.23121198 0.80957669
vt 0.23121198 0.85776669
vt 0.23121198 0.76727659
vt 0.23121198 0.77745003
vt 0.23121198 0.80957669
vt 0.23121198 0.76727659
vt 0.23121198 0.74532330
vt 0.23121198 0.77745003
vt 0.23121198 0.76727659
vt 0.23121198 0.71640933
vt 0.23121198 0.74532330
vt 0.23121198 0.76727659
vt 0.23121198 0.69713330
vt 0.23121198 0.71640933
vt 0.23121198 0.76727659
vt 0.23121198 0.69713330
vt 0.23121198 0.69713330
vt 0.16459998 0.79113710
vt 0.16459998 0.78456670
vt 0.16459998 0.78637230
vt 0.16459998 0.79113710
vt 0.16459998 0.78637230
vt 0.16459998 0.78908068
vt 0.16459998 0.79113710
vt 0.16459998 0.78908068
vt 0.16459998 0.79209000
vt 0.16459998 0.79113710
vt 0.16459998 0.79209000
vt 0.16459998 0.79509938
vt 0.16459998 0.79113710
vt 0.16459998 0.79509938
vt 0.16459998 0.79961336
vt 0.16459998 0.79113710
vt 0.16459998 0.79961336
vt 0.16459998 0.79961336
vt 0.16459998 0.79113710
vt 0.16459998 0.79961336
vt 0.16459998 0.79509938
vt 0.16459998 0.79113710
vt 0.16459998 0.79509938
vt 0.16459998 0.79209000
vt 0.16459998 0.79113710
vt 0.16459998 0.79209000
vt 0.16459998 0.78908068
vt 0.16459998 0.79113710
vt 0.16459998 0.78908068
vt 0.16459998 0.78637230
vt 0.16459998 0.79113710
vt 0.16459998 0.78637230
vt 0.16459998 0.78456670
vt 0.16459998 0.79113710
vt 0.16459998 0.78456670
vt 0.16459998 0.78456670
vt 0.00600000 0.49400002
vt 0.49399999 0.49400002
vt 0.49399999 0.00599998
vt 0.00600000 0.00599998
vt 0.00600000 0.49400002
vt 0.49399999 0.49400002
vt 0.49399999 0.00599998
vt 0.00600000 0.00599998
vt 0.00600000 0.49400002
vt 0.49399999 0.49400002
vt 0.49399999 0.00599998
vt 0.00600000 0.00599998
vt 0.00600000 0.49400002
vt 0.49399999 0.49400002
vt 0.49399999 0.00599998
vt 0.00600000 0.00599998
vt 0.00600000 0.49400002
vt 0.49399999 0.49400002
vt 0.49399999 0.00599998
vt 0.00600000 0.00599998
vt 0.00600000 0.49400002
vt 0.49399999 0.49400002
vt 0.49399999 0.00599998
vt 0.00600000 0.00599998
vt 0.00600000 0.49400002
vt 0.49399999 0.49400002
vt 0.49399999 0.00599998
vt 0.00600000 0.00599998
vt 0.00600000 0.49400002
vt 0.49399999 0.49400002
vt 0.49399999 0.00599998
vt 0.00600000 0.00599998
vt 0.00600000 0.49400002
vt 0.49399999 0.49400002
vt 0.49399999 0.00599998
vt 0.00600000 0.00599998
vt 0.00600000 0.49400002
vt 0.49399999 0.49400002
vt 0.49399999 0.00599998
vt 0.00600000 0.00599998
vt 0.00600000 0.49400002
vt 0.49399999 0.49400002
vt 0.49399999 0.00599998
vt 0.00600000 0.00599998
vt 0.00600000 0.49400002
vt 0.49399999 0.49400002
vt 0.49399999 0.00599998
vt 0.00600000 0.00599998
vt 0.00600000 0.49400002
vt 0.49399999 0.49400002
vt 0.49399999 0.00599998
vt 0.00600000 0.00599998
vt 0.00600000 0.49400002
vt 0.49399999 0.49400002
vt 0.49399999 0.00599998
vt 0.00600000 0.00599998
vt 0.00600000 0.49400002
vt 0.49399999 0.49400002
vt 0.49399999 0.00599998
vt 0.00600000 0.00599998
vt 0.00600000 0.49400002
vt 0.49399999 0.49400002
vt 0.49399999 0.00599998
vt 0.00600000 0.00599998
vt 0.00600000 0.49400002
vt 0.49399999 0.49400002
vt 0.49399999 0.00599998
vt 0.00600000 0.00599998
vt 0.00600000 0.49400002
vt 0.49399999 0.49400002
vt 0.49399999 0.00599998
vt 0.00600000 0.00599998
vt 0.00600000 0.49400002
vt 0.49399999 0.49400002
vt 0.49399999 0.00599998
vt 0.00600000 0.49400002
vt 0.49399999 0.49400002
vt 0.49399999 0.00599998
vt 0.00600000 0.49400002
vt 0.49399999 0.49400002
vt 0.49399999 0.00599998
vt 0.00600000 0.49400002
vt 0.49399999 0.49400002
vt 0.49399999 0.00599998
vt 0.00600000 0.49400002
vt 0.49399999 0.49400002
vt 0.49399999 0.00599998
vt 0.00600000 0.49400002
vt 0.49399999 0.49400002
vt 0.49399999 0.00599998
vt 0.00600000 0.49400002
vt 0.49399999 0.49400002
vt 0.49399999 0.00599998
vt 0.00600000 0.49400002
vt 0.49399999 0.49400002
vt 0.49399999 0.00599998
vt 0.00600000 0.49400002
vt 0.49399999 0.49400002
vt 0.49399999 0.00599998
vt 0.00600000 0.49400002
vt 0.49399999 0.49400002
vt 0.49399999 0.00599998
vt 0.00600000 0.49400002
vt 0.49399999 0.49400002
vt 0.49399999 0.00599998
vt 0.00600000 0.49400002
vt 0.49399999 0.49400002
vt 0.49399999 0.00599998
vt 0.21654345 0.84527332
vt 0.21536084 0.84527332
vt 0.21930639 0.83537334
vt 0.22109939 0.83537334
vt 0.21536084 0.84527332
vt 0.21212988 0.84527332
vt 0.21440785 0.83537334
vt 0.21930639 0.83537334
vt 0.21212988 0.84527332
vt 0.20771629 0.84527332
vt 0.20771629 0.83537334
vt 0.21440785 0.83537334
vt 0.20771629 0.84527332
vt 0.20330273 0.84527332
vt 0.20102476 0.83537334
vt 0.20771629 0.83537334
vt 0.20330273 0.84527332
vt 0.20007177 0.84527332
vt 0.19612621 0.83537334
vt 0.20102476 0.83537334
vt 0.20007177 0.84527332
vt 0.19888915 0.84527332
vt 0.19433321 0.83537334
vt 0.19612621 0.83537334
vt 0.19888915 0.84527332
vt 0.20007177 0.84527332
vt 0.19612621 0.83537334
vt 0.19433321 0.83537334
vt 0.20007177 0.84527332
vt 0.20330273 0.84527332
vt 0.20102476 0.83537334
vt 0.19612621 0.83537334
vt 0.20330273 0.84527332
vt 0.20771629 0.84527332
vt 0.20771629 0.83537334
vt 0.20102476 0.83537334
vt 0.20771629 0.84527332
vt 0.21212988 0.84527332
vt 0.21440785 0.83537334
vt 0.20771629 0.83537334
vt 0.21212988 0.84527332
vt 0.21536084 0.84527332
vt 0.21930639 0.83537334
vt 0.21440785 0.83537334
vt 0.21536084 0.84527332
vt 0.21654345 0.84527332
vt 0.22109939 0.83537334
vt 0.21930639 0.83537334
vt 0.22109939 0.83537334
vt 0.21930639 0.83537334
vt 0.22004618 0.81186968
vt 0.22195363 0.81186968
vt 0.21930639 0.83537334
vt 0.21440785 0.83537334
vt 0.21483496 0.81186968
vt 0.22004618 0.81186968
vt 0.21440785 0.83537334
vt 0.20771629 0.83537334
vt 0.20771629 0.81186968
vt 0.21483496 0.81186968
vt 0.20771629 0.83537334
vt 0.20102476 0.83537334
vt 0.20059763 0.81186968
vt 0.20771629 0.81186968
vt 0.20102476 0.83537334
vt 0.19612621 0.83537334
vt 0.19538641 0.81186968
vt 0.20059763 0.81186968
vt 0.19612621 0.83537334
vt 0.19433321 0.83537334
vt 0.19347896 0.81186968
vt 0.19538641 0.81186968
vt 0.19433321 0.83537334
vt 0.19612621 0.83537334
vt 0.19538641 0.81186968
vt 0.19347896 0.81186968
vt 0.19612621 0.83537334
vt 0.20102476 0.83537334
vt 0.20059763 0.81186968
vt 0.19538641 0.81186968
vt 0.20102476 0.83537334
vt 0.20771629 0.83537334
vt 0.20771629 0.81186968
vt 0.20059763 0.81186968
vt 0.20771629 0.83537334
vt 0.21440785 0.83537334
vt 0.21483497 0.81186968
vt 0.20771629 0.81186968
vt 0.21440785 0.83537334
vt 0.21930639 0.83537334
vt 0.22004619 0.81186968
vt 0.21483497 0.81186968
vt 0.21930639 0.83537334
vt 0.22109939 0.83537334
vt 0.22195363 0.81186968
vt 0.22004619 0.81186968
vt 0.22195363 0.81186968
vt 0.22004618 0.81186968
vt 0.21856660 0.79207712
vt 0.22024515 0.79207712
vt 0.22004618 0.81186968
vt 0.21483496 0.81186968
vt 0.21398073 0.79207712
vt 0.21856660 0.79207712
vt 0.21483496 0.81186968
vt 0.20771629 0.81186968
vt 0.20771629 0.79207712
vt 0.21398073 0.79207712
vt 0.20771629 0.81186968
vt 0.20059763 0.81186968
vt 0.20145187 0.79207712
vt 0.20771629 0.79207712
vt 0.20059763 0.81186968
vt 0.19538641 0.81186968
vt 0.19686599 0.79207712
vt 0.20145187 0.79207712
vt 0.19538641 0.81186968
vt 0.19347896 0.81186968
vt 0.19518745 0.79207712
vt 0.19686599 0.79207712
vt 0.19347896 0.81186968
vt 0.19538641 0.81186968
vt 0.19686599 0.79207712
vt 0.19518745 0.79207712
vt 0.19538641 0.81186968
vt 0.20059763 0.81186968
vt 0.20145187 0.79207712
vt 0.19686599 0.79207712
vt 0.20059763 0.81186968
vt 0.20771629 0.81186968
vt 0.20771629 0.79207712
vt 0.20145187 0.79207712
vt 0.20771629 0.81186968
vt 0.21483497 0.81186968
vt 0.21398073 0.79207712
vt 0.20771629 0.79207712
vt 0.21483497 0.81186968
vt 0.22004619 0.81186968
vt 0.21856661 0.79207712
vt 0.21398073 0.79207712
vt 0.22004619 0.81186968
vt 0.22195363 0.81186968
vt 0.22024515 0.79207712
vt 0.21856661 0.79207712
vt 0.22024515 0.79207712
vt 0.21856660 0.79207712
vt 0.21412784 0.78712898
vt 0.21511970 0.78712898
vt 0.21856660 0.79207712
vt 0.21398073 0.79207712
vt 0.21141800 0.78712898
vt 0.21412784 0.78712898
vt 0.21398073 0.79207712
vt 0.20771629 0.79207712
vt 0.20771629 0.78712898
vt 0.21141800 0.78712898
vt 0.20771629 0.79207712
vt 0.20145187 0.79207712
vt 0.20401458 0.78712898
vt 0.20771629 0.78712898
vt 0.20145187 0.79207712
vt 0.19686599 0.79207712
vt 0.20130475 0.78712898
vt 0.20401458 0.78712898
vt 0.19686599 0.79207712
vt 0.19518745 0.79207712
vt 0.20031288 0.78712898
vt 0.20130475 0.78712898
vt 0.19518745 0.79207712
vt 0.19686599 0.79207712
vt 0.20130475 0.78712898
vt 0.20031288 0.78712898
vt 0.19686599 0.79207712
vt 0.20145187 0.79207712
vt 0.20401458 0.78712898
vt 0.20130475 0.78712898
vt 0.20145187 0.79207712
vt 0.20771629 0.79207712
vt 0.20771629 0.78712898
vt 0.20401458 0.78712898
vt 0.20771629 0.79207712
vt 0.21398073 0.79207712
vt 0.21141800 0.78712898
vt 0.20771629 0.78712898
vt 0.21398073 0.79207712
vt 0.21856661 0.79207712
vt 0.21412784 0.78712898
vt 0.21141800 0.78712898
vt 0.21856661 0.79207712
vt 0.22024515 0.79207712
vt 0.21511970 0.78712898
vt 0.21412784 0.78712898
vt 0.20771629 0.84527332
vt 0.21536084 0.84527332
vt 0.21654345 0.84527332
vt 0.20771629 0.84527332
vt 0.21212988 0.84527332
vt 0.21536084 0.84527332
vt 0.20771629 0.84527332
vt 0.20771629 0.84527332
vt 0.21212988 0.84527332
vt 0.20771629 0.84527332
vt 0.20330273 0.84527332
vt 0.20771629 0.84527332
vt 0.20771629 0.84527332
vt 0.20007177 0.84527332
vt 0.20330273 0.84527332
vt 0.20771629 0.84527332
vt 0.19888915 0.84527332
vt 0.20007177 0.84527332
vt 0.20771629 0.84527332
vt 0.20007177 0.84527332
vt 0.19888915 0.84527332
vt 0.20771629 0.84527332
vt 0.20330273 0.84527332
vt 0.20007177 0.84527332
vt 0.20771629 0.84527332
vt 0.20771629 0.84527332
vt 0.20330273 0.84527332
vt 0.20771629 0.84527332
vt 0.21212988 0.84527332
vt 0.20771629 0.84527332
vt 0.20771629 0.84527332
vt 0.21536084 0.84527332
vt 0.21212988 0.84527332
vt 0.20771629 0.84527332
vt 0.21654345 0.84527332
vt 0.21536084 0.84527332
vt 0.20771629 0.78712898
vt 0.21511970 0.78712898
vt 0.21412784 0.78712898
vt 0.20771629 0.78712898
vt 0.21412784 0.78712898
vt 0.21141800 0.78712898
vt 0.20771629 0.78712898
vt 0.21141800 0.78712898
vt 0.20771629 0.78712898
vt 0.20771629 0.78712898
vt 0.20771629 0.78712898
vt 0.20401458 0.78712898
vt 0.20771629 0.78712898
vt 0.20401458 0.78712898
vt 0.20130475 0.78712898
vt 0.20771629 0.78712898
vt 0.20130475 0.78712898
vt 0.20031288 0.78712898
vt 0.20771629 0.78712898
vt 0.20031288 0.78712898
vt 0.20130475 0.78712898
vt 0.20771629 0.78712898
vt 0.20130475 0.78712898
vt 0.20401458 0.78712898
vt 0.20771629 0.78712898
vt 0.20401458 0.78712898
vt 0.20771629 0.78712898
vt 0.20771629 0.78712898
vt 0.20771629 0.78712898
vt 0.21141800 0.78712898
vt 0.20771629 0.78712898
vt 0.21141800 0.78712898
vt 0.21412784 0.78712898
vt 0.20771629 0.78712898
vt 0.21412784 0.78712898
vt 0.21511970 0.78712898
vt 0.50599998 0.49400002
vt 0.99400002 0.49400002
vt 0.99400002 0.00599998
vt 0.50599998 0.00599998
vt 0.50599998 0.49400002
vt 0.99400002 0.49400002
vt 0.99400002 0.00599998
vt 0.50599998 0.49400002
vt 0.99400002 0.49400002
vt 0.99400002 0.00599998
vt 0.50599998 0.49400002
vt 0.99400002 0.49400002
vt 0.99400002 0.00599998
vt 0.50599998 0.00599998
vt 0.50599998 0.49400002
vt 0.99400002 0.49400002
vt 0.99400002 0.00599998
vt 0.50599998 0.49400002
vt 0.99400002 0.49400002
vt 0.99400002 0.00599998
vt 0.50599998 0.49400002
vt 0.99400002 0.49400002
vt 0.99400002 0.00599998
vt 0.50599998 0.00599998
vt 0.50599998 0.49400002
vt 0.99400002 0.49400002
vt 0.99400002 0.00599998
vt 0.50599998 0.49400002
vt 0.99400002 0.49400002
vt 0.99400002 0.00599998
vt 0.50599998 0.49400002
vt 0.99400002 0.49400002
vt 0.99400002 0.00599998
vt 0.50599998 0.00599998
vt 0.50599998 0.49400002
vt 0.99400002 0.49400002
vt 0.99400002 0.00599998
vt 0.50599998 0.49400002
vt 0.99400002 0.49400002
vt 0.99400002 0.00599998
vt 0.50599998 0.49400002
vt 0.99400002 0.49400002
vt 0.99400002 0.00599998
vt 0.50599998 0.00599998
vt 0.50599998 0.49400002
vt 0.99400002 0.49400002
vt 0.99400002 0.00599998
vt 0.50599998 0.49400002
vt 0.99400002 0.49400002
vt 0.99400002 0.00599998
vt 0.50599998 0.49400002
vt 0.99400002 0.49400002
vt 0.99400002 0.00599998
vt 0.50599998 0.00599998
vt 0.50599998 0.49400002
vt 0.99400002 0.49400002
vt 0.99400002 0.00599998
vt 0.50599998 0.49400002
vt 0.99400002 0.49400002
vt 0.99400002 0.00599998
vt 0.50599998 0.49400002
vt 0.99400002 0.49400002
vt 0.99400002 0.00599998
vt 0.50599998 0.00599998
vt 0.50599998 0.49400002
vt 0.99400002 0.49400002
vt 0.99400002 0.00599998
vt 0.50599998 0.49400002
vt 0.99400002 0.49400002
vt 0.99400002 0.00599998
vt 0.50599998 0.49400002
vt 0.99400002 0.49400002
vt 0.99400002 0.00599998
vt 0.50599998 0.00599998
vt 0.50599998 0.49400002
vt 0.99400002 0.49400002
vt 0.99400002 0.00599998
vt 0.50599998 0.49400002
vt 0.99400002 0.49400002
vt 0.99400002 0.00599998
vt 0.50599998 0.49400002
vt 0.99400002 0.49400002
vt 0.99400002 0.00599998
vt 0.50599998 0.00599998
vt 0.50599998 0.49400002
vt 0.99400002 0.49400002
vt 0.99400002 0.00599998
vt 0.50599998 0.49400002
vt 0.99400002 0.49400002
vt 0.99400002 0.00599998
vt 0.50599998 0.49400002
vt 0.99400002 0.49400002
vt 0.99400002 0.00599998
vt 0.50599998 0.00599998
vt 0.50599998 0.49400002
vt 0.99400002 0.49400002
vt 0.99400002 0.00599998
vt 0.50599998 0.49400002
vt 0.99400002 0.49400002
vt 0.99400002 0.00599998
vt 0.50599998 0.49400002
vt 0.99400002 0.49400002
vt 0.99400002 0.00599998
vt 0.50599998 0.00599998
vt 0.50599998 0.49400002
vt 0.99400002 0.49400002
vt 0.99400002 0.00599998
vt 0.50599998 0.49400002
vt 0.99400002 0.49400002
vt 0.99400002 0.00599998
vt 0.50599998 0.49400002
vt 0.99400002 0.49400002
vt 0.99400002 0.00599998
vt 0.50599998 0.00599998
vt 0.50599998 0.49400002
vt 0.99400002 0.49400002
vt 0.99400002 0.00599998
vt 0.50599998 0.49400002
vt 0.99400002 0.49400002
vt 0.99400002 0.00599998
vt 0.50599998 0.49400002
vt 0.99400002 0.49400002
vt 0.99400002 0.00599998
vt 0.50599998 0.00599998
vt 0.50599998 0.49400002
vt 0.99400002 0.49400002
vt 0.99400002 0.00599998
vt 0.50599998 0.49400002
vt 0.99400002 0.49400002
vt 0.99400002 0.00599998
vt 0.50599998 0.49400002
vt 0.99400002 0.49400002
vt 0.99400002 0.00599998
vt 0.50599998 0.00599998
vt 0.50599998 0.49400002
vt 0.99400002 0.49400002
vt 0.99400002 0.00599998
vt 0.50599998 0.49400002
vt 0.99400002 0.49400002
vt 0.99400002 0.00599998
vt 0.50599998 0.49400002
vt 0.99400002 0.49400002
vt 0.99400002 0.00599998
vt 0.50599998 0.00599998
vt 0.50599998 0.49400002
vt 0.99400002 0.49400002
vt 0.99400002 0.00599998
vt 0.50599998 0.49400002
vt 0.99400002 0.49400002
vt 0.99400002 0.00599998
vt 0.50599998 0.49400002
vt 0.99400002 0.49400002
vt 0.99400002 0.00599998
vt 0.50599998 0.00599998
vt 0.50599998 0.49400002
vt 0.99400002 0.49400002
vt 0.99400002 0.00599998
vt 0.50599998 0.49400002
vt 0.99400002 0.49400002
vt 0.99400002 0.00599998
vt 0.50599998 0.49400002
vt 0.99400002 0.49400002
vt 0.99400002 0.00599998
vt 0.50599998 0.00599998
vt 0.50599998 0.49400002
vt 0.99400002 0.49400002
vt 0.99400002 0.00599998
vt 0.50599998 0.49400002
vt 0.99400002 0.49400002
vt 0.99400002 0.00599998
vt 0.50599998 0.49400002
vt 0.99400002 0.49400002
vt 0.99400002 0.00599998
vt 0.50599998 0.00599998
vt 0.50599998 0.49400002
vt 0.99400002 0.49400002
vt 0.99400002 0.00599998
vt 0.50599998 0.49400002
vt 0.99400002 0.49400002
vt 0.99400002 0.00599998
vt 0.50599998 0.49400002
vt 0.99400002 0.49400002
vt 0.99400002 0.00599998
vt 0.50599998 0.00599998
vt 0.50599998 0.49400002
vt 0.99400002 0.49400002
vt 0.99400002 0.00599998
vt 0.50599998 0.49400002
vt 0.99400002 0.49400002
vt 0.99400002 0.00599998
vt 0.50599998 0.49400002
vt 0.99400002 0.49400002
vt 0.99400002 0.00599998
vt 0.50599998 0.00599998
vt 0.50599998 0.49400002
vt 0.99400002 0.49400002
vt 0.99400002 0.00599998
vt 0.50599998 0.49400002
vt 0.99400002 0.49400002
vt 0.99400002 0.00599998
vt 0.50599998 0.49400002
vt 0.99400002 0.49400002
vt 0.99400002 0.00599998
vt 0.50599998 0.00599998
vt 0.50599998 0.49400002
vt 0.99400002 0.49400002
vt 0.99400002 0.00599998
vt 0.50599998 0.49400002
vt 0.99400002 0.49400002
vt 0.99400002 0.00599998
vt 0.50599998 0.49400002
vt 0.99400002 0.49400002
vt 0.99400002 0.00599998
vt 0.50599998 0.00599998
vt 0.50599998 0.49400002
vt 0.99400002 0.49400002
vt 0.99400002 0.00599998
vt 0.50599998 0.49400002
vt 0.99400002 0.49400002
vt 0.99400002 0.00599998
vt 0.50599998 0.49400002
vt 0.99400002 0.49400002
vt 0.99400002 0.00599998
vt 0.50599998 0.00599998
vt 0.50599998 0.49400002
vt 0.99400002 0.49400002
vt 0.99400002 0.00599998
vt 0.50599998 0.49400002
vt 0.99400002 0.49400002
vt 0.99400002 0.00599998
vt 0.50599998 0.49400002
vt 0.99400002 0.49400002
vt 0.99400002 0.00599998
vt 0.50599998 0.00599998
vt 0.50599998 0.49400002
vt 0.99400002 0.49400002
vt 0.99400002 0.00599998
vt 0.50599998 0.49400002
vt 0.99400002 0.49400002
vt 0.99400002 0.00599998
vt 0.50599998 0.99400002
vt 0.99400002 0.99400002
vt 0.99400002 0.50600004
vt 0.50599998 0.50600004
vt 0.50599998 0.99400002
vt 0.99400002 0.99400002
vt 0.99400002 0.50600004
vt 0.50599998 0.50600004
vt 0.50599998 0.99400002
vt 0.99400002 0.99400002
vt 0.99400002 0.50600004
vt 0.50599998 0.50600004
vt 0.50599998 0.99400002
vt 0.99400002 0.99400002
vt 0.99400002 0.50600004
vt 0.50599998 0.50600004
vt 0.50599998 0.99400002
vt 0.99400002 0.99400002
vt 0.99400002 0.50600004
vt 0.50599998 0.50600004
vt 0.50599998 0.99400002
vt 0.99400002 0.99400002
vt 0.99400002 0.50600004
vt 0.50599998 0.50600004
vt 0.50599998 0.99400002
vt 0.99400002 0.99400002
vt 0.99400002 0.50600004
vt 0.50599998 0.50600004
vt 0.50599998 0.99400002
vt 0.99400002 0.99400002
vt 0.99400002 0.50600004
vt 0.50599998 0.50600004
vt 0.50599998 0.99400002
vt 0.99400002 0.99400002
vt 0.99400002 0.50600004
vt 0.50599998 0.50600004
vt 0.50599998 0.99400002
vt 0.99400002 0.99400002
vt 0.99400002 0.50600004
vt 0.50599998 0.50600004
vt 0.50599998 0.99400002
vt 0.99400002 0.99400002
vt 0.99400002 0.50600004
vt 0.50599998 0.50600004
vt 0.50599998 0.99400002
vt 0.99400002 0.99400002
vt 0.99400002 0.50600004
vt 0.50599998 0.50600004
vt 0.50599998 0.99400002
vt 0.99400002 0.99400002
vt 0.99400002 0.50600004
vt 0.50599998 0.50600004
vt 0.50599998 0.99400002
vt 0.99400002 0.99400002
vt 0.99400002 0.50600004
vt 0.50599998 0.50600004
vt 0.50599998 0.99400002
vt 0.99400002 0.99400002
vt 0.99400002 0.50600004
vt 0.50599998 0.50600004
vt 0.50599998 0.99400002
vt 0.99400002 0.99400002
vt 0.99400002 0.50600004
vt 0.50599998 0.50600004
vt 0.50599998 0.99400002
vt 0.99400002 0.99400002
vt 0.99400002 0.50600004
vt 0.50599998 0.50600004
vt 0.50599998 0.99400002
vt 0.99400002 0.99400002
vt 0.99400002 0.50600004
vt 0.50599998 0.50600004
vt 0.50599998 0.99400002
vt 0.99400002 0.99400002
vt 0.99400002 0.50600004
vt 0.50599998 0.50600004
vt 0.50599998 0.99400002
vt 0.99400002 0.99400002
vt 0.99400002 0.50600004
vt 0.50599998 0.50600004
vt 0.50599998 0.99400002
vt 0.99400002 0.99400002
vt 0.99400002 0.50600004
vt 0.50599998 0.50600004
vt 0.50599998 0.99400002
vt 0.99400002 0.99400002
vt 0.99400002 0.50600004
vt 0.50599998 0.50600004
vt 0.50599998 0.99400002
vt 0.99400002 0.99400002
vt 0.99400002 0.50600004
vt 0.50599998 0.50600004
vt 0.50599998 0.99400002
vt 0.99400002 0.99400002
vt 0.99400002 0.50600004
vt 0.50599998 0.50600004
vt 0.50599998 0.99400002
vt 0.99400002 0.99400002
vt 0.99400002 0.50600004
vt 0.50599998 0.50600004
vt 0.50599998 0.99400002
vt 0.99400002 0.99400002
vt 0.99400002 0.50600004
vt 0.50599998 0.50600004
vt 0.50599998 0.99400002
vt 0.99400002 0.99400002
vt 0.99400002 0.50600004
vt 0.50599998 0.50600004
vt 0.50599998 0.99400002
vt 0.99400002 0.99400002
vt 0.99400002 0.50600004
vt 0.50599998 0.50600004
vt 0.50599998 0.99400002
vt 0.99400002 0.99400002
vt 0.99400002 0.50600004
vt 0.50599998 0.50600004
vt 0.50599998 0.99400002
vt 0.99400002 0.99400002
vt 0.99400002 0.50600004
vt 0.50599998 0.50600004
vt 0.50599998 0.99400002
vt 0.99400002 0.99400002
vt 0.99400002 0.50600004
vt 0.50599998 0.50600004
vt 0.50599998 0.99400002
vt 0.99400002 0.99400002
vt 0.99400002 0.50600004
vt 0.50599998 0.50600004
vt 0.50599998 0.99400002
vt 0.99400002 0.99400002
vt 0.99400002 0.50600004
vt 0.50599998 0.50600004
vt 0.50599998 0.99400002
vt 0.99400002 0.99400002
vt 0.99400002 0.50600004
vt 0.50599998 0.50600004
vt 0.50599998 0.99400002
vt 0.99400002 0.99400002
vt 0.99400002 0.50600004
vt 0.50599998 0.50600004
vt 0.50599998 0.99400002
vt 0.99400002 0.99400002
vt 0.99400002 0.50600004
vt 0.50599998 0.50600004
vt 0.50599998 0.99400002
vt 0.99400002 0.99400002
vt 0.99400002 0.50600004
vt 0.50599998 0.50600004
vt 0.50599998 0.99400002
vt 0.99400002 0.99400002
vt 0.99400002 0.50600004
vt 0.50599998 0.50600004
vt 0.50599998 0.99400002
vt 0.99400002 0.99400002
vt 0.99400002 0.50600004
vt 0.50599998 0.50600004
vt 0.50599998 0.99400002
vt 0.99400002 0.99400002
vt 0.99400002 0.50600004
vt 0.50599998 0.50600004
vt 0.50599998 0.49400002
vt 0.99400002 0.49400002
vt 0.99400002 0.00599998
vt 0.50599998 0.00599998
vt 0.50599998 0.49400002
vt 0.99400002 0.49400002
vt 0.99400002 0.00599998
vt 0.50599998 0.00599998
vt 0.50599998 0.49400002
vt 0.99400002 0.49400002
vt 0.99400002 0.00599998
vt 0.50599998 0.00599998
vt 0.50599998 0.49400002
vt 0.99400002 0.49400002
vt 0.99400002 0.00599998
vt 0.50599998 0.00599998
vt 0.50599998 0.49400002
vt 0.99400002 0.49400002
vt 0.99400002 0.00599998
vt 0.50599998 0.00599998
vt 0.50599998 0.49400002
vt 0.99400002 0.49400002
vt 0.99400002 0.00599998
vt 0.50599998 0.00599998
vt 0.50599998 0.49400002
vt 0.99400002 0.49400002
vt 0.99400002 0.00599998
vt 0.50599998 0.00599998
vt 0.50599998 0.49400002
vt 0.99400002 0.49400002
vt 0.99400002 0.00599998
vt 0.50599998 0.00599998
vt 0.50599998 0.49400002
vt 0.99400002 0.49400002
vt 0.99400002 0.00599998
vt 0.50599998 0.00599998
vt 0.50599998 0.49400002
vt 0.99400002 0.49400002
vt 0.99400002 0.00599998
vt 0.50599998 0.00599998
vt 0.50599998 0.49400002
vt 0.99400002 0.49400002
vt 0.99400002 0.00599998
vt 0.50599998 0.00599998
vt 0.50599998 0.49400002
vt 0.99400002 0.49400002
vt 0.99400002 0.00599998
vt 0.50599998 0.00599998
vt 0.50599998 0.49400002
vt 0.99400002 0.49400002
vt 0.99400002 0.00599998
vt 0.50599998 0.00599998
vt 0.50599998 0.49400002
vt 0.99400002 0.49400002
vt 0.99400002 0.00599998
vt 0.50599998 0.00599998
vt 0.50599998 0.49400002
vt 0.99400002 0.49400002
vt 0.99400002 0.00599998
vt 0.50599998 0.00599998
vt 0.50599998 0.49400002
vt 0.99400002 0.49400002
vt 0.99400002 0.00599998
vt 0.50599998 0.00599998
vt 0.50599998 0.49400002
vt 0.99400002 0.49400002
vt 0.99400002 0.00599998
vt 0.50599998 0.00599998
vt 0.50599998 0.49400002
vt 0.99400002 0.49400002
vt 0.99400002 0.00599998
vt 0.50599998 0.00599998
vt 0.50599998 0.49400002
vt 0.99400002 0.49400002
vt 0.99400002 0.00599998
vt 0.50599998 0.00599998
vt 0.50599998 0.49400002
vt 0.99400002 0.49400002
vt 0.99400002 0.00599998
vt 0.50599998 0.00599998
vt 0.50599998 0.49400002
vt 0.99400002 0.49400002
vt 0.99400002 0.00599998
vt 0.50599998 0.00599998
vt 0.50599998 0.49400002
vt 0.99400002 0.49400002
vt 0.99400002 0.00599998
vt 0.50599998 0.00599998
vt 0.50599998 0.49400002
vt 0.99400002 0.49400002
vt 0.99400002 0.00599998
vt 0.50599998 0.00599998
vt 0.50599998 0.49400002
vt 0.99400002 0.49400002
vt 0.99400002 0.00599998
vt 0.50599998 0.00599998
vt 0.50599998 0.49400002
vt 0.99400002 0.49400002
vt 0.99400002 0.00599998
vt 0.50599998 0.00599998
vt 0.50599998 0.49400002
vt 0.99400002 0.49400002
vt 0.99400002 0.00599998
vt 0.50599998 0.00599998
vt 0.50599998 0.49400002
vt 0.99400002 0.49400002
vt 0.99400002 0.00599998
vt 0.50599998 0.00599998
vt 0.50599998 0.49400002
vt 0.99400002 0.49400002
vt 0.99400002 0.00599998
vt 0.50599998 0.00599998
vt 0.50599998 0.49400002
vt 0.99400002 0.49400002
vt 0.99400002 0.00599998
vt 0.50599998 0.00599998
vt 0.50599998 0.49400002
vt 0.99400002 0.49400002
vt 0.99400002 0.00599998
vt 0.50599998 0.00599998
vt 0.50599998 0.49400002
vt 0.99400002 0.49400002
vt 0.99400002 0.00599998
vt 0.50599998 0.00599998
vt 0.50599998 0.49400002
vt 0.99400002 0.49400002
vt 0.99400002 0.00599998
vt 0.50599998 0.00599998
vt 0.50599998 0.49400002
vt 0.99400002 0.49400002
vt 0.99400002 0.00599998
vt 0.50599998 0.00599998
vt 0.50599998 0.49400002
vt 0.99400002 0.49400002
vt 0.99400002 0.00599998
vt 0.50599998 0.00599998
vt 0.50599998 0.49400002
vt 0.99400002 0.49400002
vt 0.99400002 0.00599998
vt 0.50599998 0.00599998
vt 0.50599998 0.49400002
vt 0.99400002 0.49400002
vt 0.99400002 0.00599998
vt 0.50599998 0.00599998
vt 0.50599998 0.49400002
vt 0.99400002 0.49400002
vt 0.99400002 0.00599998
vt 0.50599998 0.00599998
vt 0.50599998 0.49400002
vt 0.99400002 0.49400002
vt 0.99400002 0.00599998
vt 0.50599998 0.00599998
vt 0.50599998 0.49400002
vt 0.99400002 0.49400002
vt 0.99400002 0.00599998
vt 0.50599998 0.00599998
vt 0.50599998 0.49400002
vt 0.99400002 0.49400002
vt 0.99400002 0.00599998
vt 0.50599998 0.00599998
vt 0.50599998 0.99400002
vt 0.99400002 0.99400002
vt 0.99400002 0.50600004
vt 0.50599998 0.50600004
vt 0.50599998 0.99400002
vt 0.99400002 0.99400002
vt 0.99400002 0.50600004
vt 0.50599998 0.50600004
vt 0.50599998 0.99400002
vt 0.99400002 0.99400002
vt 0.99400002 0.50600004
vt 0.50599998 0.50600004
vt 0.50599998 0.99400002
vt 0.99400002 0.99400002
vt 0.99400002 0.50600004
vt 0.50599998 0.50600004
vt 0.50599998 0.99400002
vt 0.99400002 0.99400002
vt 0.99400002 0.50600004
vt 0.50599998 0.50600004
vt 0.50599998 0.99400002
vt 0.99400002 0.99400002
vt 0.99400002 0.50600004
vt 0.50599998 0.50600004
vt 0.50599998 0.99400002
vt 0.99400002 0.99400002
vt 0.99400002 0.50600004
vt 0.50599998 0.50600004
vt 0.50599998 0.99400002
vt 0.99400002 0.99400002
vt 0.99400002 0.50600004
vt 0.50599998 0.50600004
vt 0.50599998 0.99400002
vt 0.99400002 0.99400002
vt 0.99400002 0.50600004
vt 0.50599998 0.50600004
vt 0.50599998 0.99400002
vt 0.99400002 0.99400002
vt 0.99400002 0.50600004
vt 0.50599998 0.50600004
vt 0.50599998 0.99400002
vt 0.99400002 0.99400002
vt 0.99400002 0.50600004
vt 0.50599998 0.50600004
vt 0.50599998 0.99400002
vt 0.99400002 0.99400002
vt 0.99400002 0.50600004
vt 0.50599998 0.50600004
vt 0.50599998 0.99400002
vt 0.99400002 0.99400002
vt 0.99400002 0.50600004
vt 0.50599998 0.50600004
vt 0.50599998 0.99400002
vt 0.99400002 0.99400002
vt 0.99400002 0.50600004
vt 0.50599998 0.50600004
vt 0.50599998 0.99400002
vt 0.99400002 0.99400002
vt 0.99400002 0.50600004
vt 0.50599998 0.50600004
vt 0.50599998 0.99400002
vt 0.99400002 0.99400002
vt 0.99400002 0.50600004
vt 0.50599998 0.50600004
vt 0.50599998 0.99400002
vt 0.99400002 0.99400002
vt 0.99400002 0.50600004
vt 0.50599998 0.50600004
vt 0.50599998 0.99400002
vt 0.99400002 0.99400002
vt 0.99400002 0.50600004
vt 0.50599998 0.50600004
vt 0.50599998 0.99400002
vt 0.99400002 0.99400002
vt 0.99400002 0.50600004
vt 0.50599998 0.50600004
vt 0.50599998 0.99400002
vt 0.99400002 0.99400002
vt 0.99400002 0.50600004
vt 0.50599998 0.50600004
vt 0.50599998 0.99400002
vt 0.99400002 0.99400002
vt 0.99400002 0.50600004
vt 0.50599998 0.50600004
vt 0.50599998 0.99400002
vt 0.99400002 0.99400002
vt 0.99400002 0.50600004
vt 0.50599998 0.50600004
vt 0.50599998 0.99400002
vt 0.99400002 0.99400002
vt 0.99400002 0.50600004
vt 0.50599998 0.50600004
vt 0.50599998 0.99400002
vt 0.99400002 0.99400002
vt 0.99400002 0.50600004
vt 0.50599998 0.50600004
vt 0.50599998 0.99400002
vt 0.99400002 0.99400002
vt 0.99400002 0.50600004
vt 0.50599998 0.50600004
vt 0.50599998 0.99400002
vt 0.99400002 0.99400002
vt 0.99400002 0.50600004
vt 0.50599998 0.50600004
vt 0.50599998 0.99400002
vt 0.99400002 0.99400002
vt 0.99400002 0.50600004
vt 0.50599998 0.50600004
vt 0.50599998 0.99400002
vt 0.99400002 0.99400002
vt 0.99400002 0.50600004
vt 0.50599998 0.50600004
vt 0.50599998 0.99400002
vt 0.99400002 0.99400002
vt 0.99400002 0.50600004
vt 0.50599998 0.50600004
vt 0.50599998 0.99400002
vt 0.99400002 0.99400002
vt 0.99400002 0.50600004
vt 0.50599998 0.50600004
vt 0.50599998 0.99400002
vt 0.99400002 0.99400002
vt 0.99400002 0.50600004
vt 0.50599998 0.50600004
vt 0.50599998 0.99400002
vt 0.99400002 0.99400002
vt 0.99400002 0.50600004
vt 0.50599998 0.50600004
vt 0.50599998 0.99400002
vt 0.99400002 0.99400002
vt 0.99400002 0.50600004
vt 0.50599998 0.50600004
vt 0.50599998 0.99400002
vt 0.99400002 0.99400002
vt 0.99400002 0.50600004
vt 0.50599998 0.50600004
vt 0.50599998 0.99400002
vt 0.99400002 0.99400002
vt 0.99400002 0.50600004
vt 0.50599998 0.50600004
vt 0.50599998 0.99400002
vt 0.99400002 0.99400002
vt 0.99400002 0.50600004
vt 0.50599998 0.50600004
vt 0.50599998 0.99400002
vt 0.99400002 0.99400002
vt 0.99400002 0.50600004
vt 0.50599998 0.50600004
vt 0.50599998 0.99400002
vt 0.99400002 0.99400002
vt 0.99400002 0.50600004
vt 0.50599998 0.50600004
vt 0.50599998 0.99400002
vt 0.99400002 0.99400002
vt 0.99400002 0.50600004
vt 0.50599998 0.50600004
vt 0.50599998 0.99400002
vt 0.99400002 0.99400002
vt 0.99400002 0.50600004
vt 0.50599998 0.50600004
vt 0.50599998 0.99400002
vt 0.99400002 0.99400002
vt 0.99400002 0.50600004
vt 0.50599998 0.50600004
vt 0.50599998 0.99400002
vt 0.99400002 0.99400002
vt 0.99400002 0.50600004
vt 0.50599998 0.50600004
vt 0.50599998 0.99400002
vt 0.99400002 0.99400002
vt 0.99400002 0.50600004
vt 0.50599998 0.50600004
vt 0.50599998 0.99400002
vt 0.99400002 0.99400002
vt 0.99400002 0.50600004
vt 0.50599998 0.50600004
vt 0.50599998 0.99400002
vt 0.99400002 0.99400002
vt 0.99400002 0.50600004
vt 0.50599998 0.50600004
vt 0.50599998 0.99400002
vt 0.99400002 0.99400002
vt 0.99400002 0.50600004
vt 0.50599998 0.50600004
vt 0.50599998 0.99400002
vt 0.99400002 0.99400002
vt 0.99400002 0.50600004
vt 0.50599998 0.50600004
vt 0.50599998 0.99400002
vt 0.99400002 0.99400002
vt 0.99400002 0.50600004
vt 0.50599998 0.50600004
vt 0.50599998 0.99400002
vt 0.99400002 0.99400002
vt 0.99400002 0.50600004
vt 0.50599998 0.50600004
vt 0.50599998 0.99400002
vt 0.99400002 0.99400002
vt 0.99400002 0.50600004
vt 0.50599998 0.50600004
vt 0.50599998 0.99400002
vt 0.99400002 0.99400002
vt 0.99400002 0.50600004
vt 0.50599998 0.50600004
vt 0.50599998 0.99400002
vt 0.99400002 0.99400002
vt 0.99400002 0.50600004
vt 0.50599998 0.50600004
vt 0.30111083 0.84527332
vt 0.29992822 0.84527332
vt 0.30387378 0.83537334
vt 0.30566677 0.83537334
vt 0.29992822 0.84527332
vt 0.29669726 0.84527332
vt 0.29897523 0.83537334
vt 0.30387378 0.83537334
vt 0.29669726 0.84527332
vt 0.29228368 0.84527332
vt 0.29228368 0.83537334
vt 0.29897523 0.83537334
vt 0.29228368 0.84527332
vt 0.28787011 0.84527332
vt 0.28559217 0.83537334
vt 0.29228368 0.83537334
vt 0.28787011 0.84527332
vt 0.28463915 0.84527332
vt 0.28069359 0.83537334
vt 0.28559217 0.83537334
vt 0.28463915 0.84527332
vt 0.28345653 0.84527332
vt 0.27890059 0.83537334
vt 0.28069359 0.83537334
vt 0.28345653 0.84527332
vt 0.28463915 0.84527332
vt 0.28069359 0.83537334
vt 0.27890059 0.83537334
vt 0.28463915 0.84527332
vt 0.28787011 0.84527332
vt 0.28559217 0.83537334
vt 0.28069359 0.83537334
vt 0.28787011 0.84527332
vt 0.29228368 0.84527332
vt 0.29228368 0.83537334
vt 0.28559217 0.83537334
vt 0.29228368 0.84527332
vt 0.29669729 0.84527332
vt 0.29897523 0.83537334
vt 0.29228368 0.83537334
vt 0.29669729 0.84527332
vt 0.29992825 0.84527332
vt 0.30387378 0.83537334
vt 0.29897523 0.83537334
vt 0.29992825 0.84527332
vt 0.30111083 0.84527332
vt 0.30566677 0.83537334
vt 0.30387378 0.83537334
vt 0.30566677 0.83537334
vt 0.30387378 0.83537334
vt 0.30461359 0.81186968
vt 0.30652103 0.81186968
vt 0.30387378 0.83537334
vt 0.29897523 0.83537334
vt 0.29940236 0.81186968
vt 0.30461359 0.81186968
vt 0.29897523 0.83537334
vt 0.29228368 0.83537334
vt 0.29228368 0.81186968
vt 0.29940236 0.81186968
vt 0.29228368 0.83537334
vt 0.28559217 0.83537334
vt 0.28516501 0.81186968
vt 0.29228368 0.81186968
vt 0.28559217 0.83537334
vt 0.28069359 0.83537334
vt 0.27995381 0.81186968
vt 0.28516501 0.81186968
vt 0.28069359 0.83537334
vt 0.27890059 0.83537334
vt 0.27804637 0.81186968
vt 0.27995381 0.81186968
vt 0.27890059 0.83537334
vt 0.28069359 0.83537334
vt 0.27995381 0.81186968
vt 0.27804637 0.81186968
vt 0.28069359 0.83537334
vt 0.28559217 0.83537334
vt 0.28516501 0.81186968
vt 0.27995381 0.81186968
vt 0.28559217 0.83537334
vt 0.29228368 0.83537334
vt 0.29228368 0.81186968
vt 0.28516501 0.81186968
vt 0.29228368 0.83537334
vt 0.29897523 0.83537334
vt 0.29940236 0.81186968
vt 0.29228368 0.81186968
vt 0.29897523 0.83537334
vt 0.30387378 0.83537334
vt 0.30461359 0.81186968
vt 0.29940236 0.81186968
vt 0.30387378 0.83537334
vt 0.30566677 0.83537334
vt 0.30652103 0.81186968
vt 0.30461359 0.81186968
vt 0.30652103 0.81186968
vt 0.30461359 0.81186968
vt 0.30313399 0.79207712
vt 0.30481255 0.79207712
vt 0.30461359 0.81186968
vt 0.29940236 0.81186968
vt 0.29854810 0.79207712
vt 0.30313399 0.79207712
vt 0.29940236 0.81186968
vt 0.29228368 0.81186968
vt 0.29228368 0.79207712
vt 0.29854810 0.79207712
vt 0.29228368 0.81186968
vt 0.28516501 0.81186968
vt 0.28601927 0.79207712
vt 0.29228368 0.79207712
vt 0.28516501 0.81186968
vt 0.27995381 0.81186968
vt 0.28143337 0.79207712
vt 0.28601927 0.79207712
vt 0.27995381 0.81186968
vt 0.27804637 0.81186968
vt 0.27975485 0.79207712
vt 0.28143337 0.79207712
vt 0.27804637 0.81186968
vt 0.27995381 0.81186968
vt 0.28143337 0.79207712
vt 0.27975485 0.79207712
vt 0.27995381 0.81186968
vt 0.28516501 0.81186968
vt 0.28601927 0.79207712
vt 0.28143337 0.79207712
vt 0.28516501 0.81186968
vt 0.29228368 0.81186968
vt 0.29228368 0.79207712
vt 0.28601927 0.79207712
vt 0.29228368 0.81186968
vt 0.29940236 0.81186968
vt 0.29854810 0.79207712
vt 0.29228368 0.79207712
vt 0.29940236 0.81186968
vt 0.30461359 0.81186968
vt 0.30313399 0.79207712
vt 0.29854810 0.79207712
vt 0.30461359 0.81186968
vt 0.30652103 0.81186968
vt 0.30481255 0.79207712
vt 0.30313399 0.79207712
vt 0.30481255 0.79207712
vt 0.30313399 0.79207712
vt 0.29869524 0.78712898
vt 0.29968712 0.78712898
vt 0.30313399 0.79207712
vt 0.29854810 0.79207712
vt 0.29598540 0.78712898
vt 0.29869524 0.78712898
vt 0.29854810 0.79207712
vt 0.29228368 0.79207712
vt 0.29228368 0.78712898
vt 0.29598540 0.78712898
vt 0.29228368 0.79207712
vt 0.28601927 0.79207712
vt 0.28858200 0.78712898
vt 0.29228368 0.78712898
vt 0.28601927 0.79207712
vt 0.28143337 0.79207712
vt 0.28587216 0.78712898
vt 0.28858200 0.78712898
vt 0.28143337 0.79207712
vt 0.27975485 0.79207712
vt 0.28488028 0.78712898
vt 0.28587216 0.78712898
vt 0.27975485 0.79207712
vt 0.28143337 0.79207712
vt 0.28587216 0.78712898
vt 0.28488028 0.78712898
vt 0.28143337 0.79207712
vt 0.28601927 0.79207712
vt 0.28858200 0.78712898
vt 0.28587216 0.78712898
vt 0.28601927 0.79207712
vt 0.29228368 0.79207712
vt 0.29228368 0.78712898
vt 0.28858200 0.78712898
vt 0.29228368 0.79207712
vt 0.29854810 0.79207712
vt 0.29598540 0.78712898
vt 0.29228368 0.78712898
vt 0.29854810 0.79207712
vt 0.30313399 0.79207712
vt 0.29869524 0.78712898
vt 0.29598540 0.78712898
vt 0.30313399 0.79207712
vt 0.30481255 0.79207712
vt 0.29968712 0.78712898
vt 0.29869524 0.78712898
vt 0.29228368 0.84527332
vt 0.29992822 0.84527332
vt 0.30111083 0.84527332
vt 0.29228368 0.84527332
vt 0.29669726 0.84527332
vt 0.29992822 0.84527332
vt 0.29228368 0.84527332
vt 0.29228368 0.84527332
vt 0.29669726 0.84527332
vt 0.29228368 0.84527332
vt 0.28787011 0.84527332
vt 0.29228368 0.84527332
vt 0.29228368 0.84527332
vt 0.28463915 0.84527332
vt 0.28787011 0.84527332
vt 0.29228368 0.84527332
vt 0.28345653 0.84527332
vt 0.28463915 0.84527332
vt 0.29228368 0.84527332
vt 0.28463915 0.84527332
vt 0.28345653 0.84527332
vt 0.29228368 0.84527332
vt 0.28787011 0.84527332
vt 0.28463915 0.84527332
vt 0.29228368 0.84527332
vt 0.29228368 0.84527332
vt 0.28787011 0.84527332
vt 0.29228368 0.84527332
vt 0.29669729 0.84527332
vt 0.29228368 0.84527332
vt 0.29228368 0.84527332
vt 0.29992825 0.84527332
vt 0.29669729 0.84527332
vt 0.29228368 0.84527332
vt 0.30111083 0.84527332
vt 0.29992825 0.84527332
vt 0.29228368 0.78712898
vt 0.29968712 0.78712898
vt 0.29869524 0.78712898
vt 0.29228368 0.78712898
vt 0.29869524 0.78712898
vt 0.29598540 0.78712898
vt 0.29228368 0.78712898
vt 0.29598540 0.78712898
vt 0.29228368 0.78712898
vt 0.29228368 0.78712898
vt 0.29228368 0.78712898
vt 0.28858200 0.78712898
vt 0.29228368 0.78712898
vt 0.28858200 0.78712898
vt 0.28587216 0.78712898
vt 0.29228368 0.78712898
vt 0.28587216 0.78712898
vt 0.28488028 0.78712898
vt 0.29228368 0.78712898
vt 0.28488028 0.78712898
vt 0.28587216 0.78712898
vt 0.29228368 0.78712898
vt 0.28587216 0.78712898
vt 0.28858200 0.78712898
vt 0.29228368 0.78712898
vt 0.28858200 0.78712898
vt 0.29228368 0.78712898
vt 0.29228368 0.78712898
vt 0.29228368 0.78712898
vt 0.29598540 0.78712898
vt 0.29228368 0.78712898
vt 0.29598540 0.78712898
vt 0.29869524 0.78712898
vt 0.29228368 0.78712898
vt 0.29869524 0.78712898
vt 0.29968712 0.78712898
vt 0.50599998 0.49400002
vt 0.99400002 0.49400002
vt 0.99400002 0.00599998
vt 0.50599998 0.00599998
vt 0.50599998 0.49400002
vt 0.99400002 0.49400002
vt 0.99400002 0.00599998
vt 0.50599998 0.49400002
vt 0.99400002 0.49400002
vt 0.99400002 0.00599998
vt 0.50599998 0.49400002
vt 0.99400002 0.49400002
vt 0.99400002 0.00599998
vt 0.50599998 0.00599998
vt 0.50599998 0.49400002
vt 0.99400002 0.49400002
vt 0.99400002 0.00599998
vt 0.50599998 0.49400002
vt 0.99400002 0.49400002
vt 0.99400002 0.00599998
vt 0.50599998 0.49400002
vt 0.99400002 0.49400002
vt 0.99400002 0.00599998
vt 0.50599998 0.00599998
vt 0.50599998 0.49400002
vt 0.99400002 0.49400002
vt 0.99400002 0.00599998
vt 0.50599998 0.49400002
vt 0.99400002 0.49400002
vt 0.99400002 0.00599998
vt 0.50599998 0.49400002
vt 0.99400002 0.49400002
vt 0.99400002 0.00599998
vt 0.50599998 0.00599998
vt 0.50599998 0.49400002
vt 0.99400002 0.49400002
vt 0.99400002 0.00599998
vt 0.50599998 0.49400002
vt 0.99400002 0.49400002
vt 0.99400002 0.00599998
vt 0.50599998 0.49400002
vt 0.99400002 0.49400002
vt 0.99400002 0.00599998
vt 0.50599998 0.00599998
vt 0.50599998 0.49400002
vt 0.99400002 0.49400002
vt 0.99400002 0.00599998
vt 0.50599998 0.49400002
vt 0.99400002 0.49400002
vt 0.99400002 0.00599998
vt 0.50599998 0.49400002
vt 0.99400002 0.49400002
vt 0.99400002 0.00599998
vt 0.50599998 0.00599998
vt 0.50599998 0.49400002
vt 0.99400002 0.49400002
vt 0.99400002 0.00599998
vt 0.50599998 0.49400002
vt 0.99400002 0.49400002
vt 0.99400002 0.00599998
vt 0.50599998 0.49400002
vt 0.99400002 0.49400002
vt 0.99400002 0.00599998
vt 0.50599998 0.00599998
vt 0.50599998 0.49400002
vt 0.99400002 0.49400002
vt 0.99400002 0.00599998
vt 0.50599998 0.49400002
vt 0.99400002 0.49400002
vt 0.99400002 0.00599998
vt 0.50599998 0.49400002
vt 0.99400002 0.49400002
vt 0.99400002 0.00599998
vt 0.50599998 0.00599998
vt 0.50599998 0.49400002
vt 0.99400002 0.49400002
vt 0.99400002 0.00599998
vt 0.50599998 0.49400002
vt 0.99400002 0.49400002
vt 0.99400002 0.00599998
vt 0.50599998 0.49400002
vt 0.99400002 0.49400002
vt 0.99400002 0.00599998
vt 0.50599998 0.00599998
vt 0.50599998 0.49400002
vt 0.99400002 0.49400002
vt 0.99400002 0.00599998
vt 0.50599998 0.49400002
vt 0.99400002 0.49400002
vt 0.99400002 0.00599998
vt 0.50599998 0.49400002
vt 0.99400002 0.49400002
vt 0.99400002 0.00599998
vt 0.50599998 0.00599998
vt 0.50599998 0.49400002
vt 0.99400002 0.49400002
vt 0.99400002 0.00599998
vt 0.50599998 0.49400002
vt 0.99400002 0.49400002
vt 0.99400002 0.00599998
vt 0.50599998 0.49400002
vt 0.99400002 0.49400002
vt 0.99400002 0.00599998
vt 0.50599998 0.00599998
vt 0.50599998 0.49400002
vt 0.99400002 0.49400002
vt 0.99400002 0.00599998
vt 0.50599998 0.49400002
vt 0.99400002 0.49400002
vt 0.99400002 0.00599998
vt 0.50599998 0.49400002
vt 0.99400002 0.49400002
vt 0.99400002 0.00599998
vt 0.50599998 0.00599998
vt 0.50599998 0.49400002
vt 0.99400002 0.49400002
vt 0.99400002 0.00599998
vt 0.50599998 0.49400002
vt 0.99400002 0.49400002
vt 0.99400002 0.00599998
vt 0.50599998 0.49400002
vt 0.99400002 0.49400002
vt 0.99400002 0.00599998
vt 0.50599998 0.00599998
vt 0.50599998 0.49400002
vt 0.99400002 0.49400002
vt 0.99400002 0.00599998
vt 0.50599998 0.49400002
vt 0.99400002 0.49400002
vt 0.99400002 0.00599998
vt 0.50599998 0.49400002
vt 0.99400002 0.49400002
vt 0.99400002 0.00599998
vt 0.50599998 0.00599998
vt 0.50599998 0.49400002
vt 0.99400002 0.49400002
vt 0.99400002 0.00599998
vt 0.50599998 0.49400002
vt 0.99400002 0.49400002
vt 0.99400002 0.00599998
vt 0.50599998 0.49400002
vt 0.99400002 0.49400002
vt 0.99400002 0.00599998
vt 0.50599998 0.00599998
vt 0.50599998 0.49400002
vt 0.99400002 0.49400002
vt 0.99400002 0.00599998
vt 0.50599998 0.49400002
vt 0.99400002 0.49400002
vt 0.99400002 0.00599998
vt 0.50599998 0.49400002
vt 0.99400002 0.49400002
vt 0.99400002 0.00599998
vt 0.50599998 0.00599998
vt 0.50599998 0.49400002
vt 0.99400002 0.49400002
vt 0.99400002 0.00599998
vt 0.50599998 0.49400002
vt 0.99400002 0.49400002
vt 0.99400002 0.00599998
vt 0.50599998 0.49400002
vt 0.99400002 0.49400002
vt 0.99400002 0.00599998
vt 0.50599998 0.00599998
vt 0.50599998 0.49400002
vt 0.99400002 0.49400002
vt 0.99400002 0.00599998
vt 0.50599998 0.49400002
vt 0.99400002 0.49400002
vt 0.99400002 0.00599998
vt 0.50599998 0.49400002
vt 0.99400002 0.49400002
vt 0.99400002 0.00599998
vt 0.50599998 0.00599998
vt 0.50599998 0.49400002
vt 0.99400002 0.49400002
vt 0.99400002 0.00599998
vt 0.50599998 0.49400002
vt 0.99400002 0.49400002
vt 0.99400002 0.00599998
vt 0.50599998 0.49400002
vt 0.99400002 0.49400002
vt 0.99400002 0.00599998
vt 0.50599998 0.00599998
vt 0.50599998 0.49400002
vt 0.99400002 0.49400002
vt 0.99400002 0.00599998
vt 0.50599998 0.49400002
vt 0.99400002 0.49400002
vt 0.99400002 0.00599998
vt 0.50599998 0.49400002
vt 0.99400002 0.49400002
vt 0.99400002 0.00599998
vt 0.50599998 0.00599998
vt 0.50599998 0.49400002
vt 0.99400002 0.49400002
vt 0.99400002 0.00599998
vt 0.50599998 0.49400002
vt 0.99400002 0.49400002
vt 0.99400002 0.00599998
vt 0.50599998 0.49400002
vt 0.99400002 0.49400002
vt 0.99400002 0.00599998
vt 0.50599998 0.00599998
vt 0.50599998 0.49400002
vt 0.99400002 0.49400002
vt 0.99400002 0.00599998
vt 0.50599998 0.49400002
vt 0.99400002 0.49400002
vt 0.99400002 0.00599998
vt 0.50599998 0.49400002
vt 0.99400002 0.49400002
vt 0.99400002 0.00599998
vt 0.50599998 0.00599998
vt 0.50599998 0.49400002
vt 0.99400002 0.49400002
vt 0.99400002 0.00599998
vt 0.50599998 0.49400002
vt 0.99400002 0.49400002
vt 0.99400002 0.00599998
vt 0.50599998 0.49400002
vt 0.99400002 0.49400002
vt 0.99400002 0.00599998
vt 0.50599998 0.00599998
vt 0.50599998 0.49400002
vt 0.99400002 0.49400002
vt 0.99400002 0.00599998
vt 0.50599998 0.49400002
vt 0.99400002 0.49400002
vt 0.99400002 0.00599998
vt 0.50599998 0.49400002
vt 0.99400002 0.49400002
vt 0.99400002 0.00599998
vt 0.50599998 0.00599998
vt 0.50599998 0.49400002
vt 0.99400002 0.49400002
vt 0.99400002 0.00599998
vt 0.50599998 0.49400002
vt 0.99400002 0.49400002
vt 0.99400002 0.00599998
vt 0.50599998 0.99400002
vt 0.99400002 0.99400002
vt 0.99400002 0.50600004
vt 0.50599998 0.50600004
vt 0.50599998 0.99400002
vt 0.99400002 0.99400002
vt 0.99400002 0.50600004
vt 0.50599998 0.50600004
vt 0.50599998 0.99400002
vt 0.99400002 0.99400002
vt 0.99400002 0.50600004
vt 0.50599998 0.50600004
vt 0.50599998 0.99400002
vt 0.99400002 0.99400002
vt 0.99400002 0.50600004
vt 0.50599998 0.50600004
vt 0.50599998 0.99400002
vt 0.99400002 0.99400002
vt 0.99400002 0.50600004
vt 0.50599998 0.50600004
vt 0.50599998 0.99400002
vt 0.99400002 0.99400002
vt 0.99400002 0.50600004
vt 0.50599998 0.50600004
vt 0.50599998 0.99400002
vt 0.99400002 0.99400002
vt 0.99400002 0.50600004
vt 0.50599998 0.50600004
vt 0.50599998 0.99400002
vt 0.99400002 0.99400002
vt 0.99400002 0.50600004
vt 0.50599998 0.50600004
vt 0.50599998 0.99400002
vt 0.99400002 0.99400002
vt 0.99400002 0.50600004
vt 0.50599998 0.50600004
vt 0.50599998 0.99400002
vt 0.99400002 0.99400002
vt 0.99400002 0.50600004
vt 0.50599998 0.50600004
vt 0.50599998 0.99400002
vt 0.99400002 0.99400002
vt 0.99400002 0.50600004
vt 0.50599998 0.50600004
vt 0.50599998 0.99400002
vt 0.99400002 0.99400002
vt 0.99400002 0.50600004
vt 0.50599998 0.50600004
vt 0.50599998 0.99400002
vt 0.99400002 0.99400002
vt 0.99400002 0.50600004
vt 0.50599998 0.50600004
vt 0.50599998 0.99400002
vt 0.99400002 0.99400002
vt 0.99400002 0.50600004
vt 0.50599998 0.50600004
vt 0.50599998 0.99400002
vt 0.99400002 0.99400002
vt 0.99400002 0.50600004
vt 0.50599998 0.50600004
vt 0.50599998 0.99400002
vt 0.99400002 0.99400002
vt 0.99400002 0.50600004
vt 0.50599998 0.50600004
vt 0.50599998 0.99400002
vt 0.99400002 0.99400002
vt 0.99400002 0.50600004
vt 0.50599998 0.50600004
vt 0.50599998 0.99400002
vt 0.99400002 0.99400002
vt 0.99400002 0.50600004
vt 0.50599998 0.50600004
vt 0.50599998 0.99400002
vt 0.99400002 0.99400002
vt 0.99400002 0.50600004
vt 0.50599998 0.50600004
vt 0.50599998 0.99400002
vt 0.99400002 0.99400002
vt 0.99400002 0.50600004
vt 0.50599998 0.50600004
vt 0.50599998 0.99400002
vt 0.99400002 0.99400002
vt 0.99400002 0.50600004
vt 0.50599998 0.50600004
vt 0.50599998 0.99400002
vt 0.99400002 0.99400002
vt 0.99400002 0.50600004
vt 0.50599998 0.50600004
vt 0.50599998 0.99400002
vt 0.99400002 0.99400002
vt 0.99400002 0.50600004
vt 0.50599998 0.50600004
vt 0.50599998 0.99400002
vt 0.99400002 0.99400002
vt 0.99400002 0.50600004
vt 0.50599998 0.50600004
vt 0.50599998 0.99400002
vt 0.99400002 0.99400002
vt 0.99400002 0.50600004
vt 0.50599998 0.50600004
vt 0.50599998 0.99400002
vt 0.99400002 0.99400002
vt 0.99400002 0.50600004
vt 0.50599998 0.50600004
vt 0.50599998 0.99400002
vt 0.99400002 0.99400002
vt 0.99400002 0.50600004
vt 0.50599998 0.50600004
vt 0.50599998 0.99400002
vt 0.99400002 0.99400002
vt 0.99400002 0.50600004
vt 0.50599998 0.50600004
vt 0.50599998 0.99400002
vt 0.99400002 0.99400002
vt 0.99400002 0.50600004
vt 0.50599998 0.50600004
vt 0.50599998 0.99400002
vt 0.99400002 0.99400002
vt 0.99400002 0.50600004
vt 0.50599998 0.50600004
vt 0.50599998 0.99400002
vt 0.99400002 0.99400002
vt 0.99400002 0.50600004
vt 0.50599998 0.50600004
vt 0.50599998 0.99400002
vt 0.99400002 0.99400002
vt 0.99400002 0.50600004
vt 0.50599998 0.50600004
vt 0.50599998 0.99400002
vt 0.99400002 0.99400002
vt 0.99400002 0.50600004
vt 0.50599998 0.50600004
vt 0.50599998 0.99400002
vt 0.99400002 0.99400002
vt 0.99400002 0.50600004
vt 0.50599998 0.50600004
vt 0.50599998 0.99400002
vt 0.99400002 0.99400002
vt 0.99400002 0.50600004
vt 0.50599998 0.50600004
vt 0.50599998 0.99400002
vt 0.99400002 0.99400002
vt 0.99400002 0.50600004
vt 0.50599998 0.50600004
vt 0.50599998 0.99400002
vt 0.99400002 0.99400002
vt 0.99400002 0.50600004
vt 0.50599998 0.50600004
vt 0.50599998 0.99400002
vt 0.99400002 0.99400002
vt 0.99400002 0.50600004
vt 0.50599998 0.50600004
vt 0.50599998 0.99400002
vt 0.99400002 0.99400002
vt 0.99400002 0.50600004
vt 0.50599998 0.50600004
vt 0.50599998 0.99400002
vt 0.99400002 0.99400002
vt 0.99400002 0.50600004
vt 0.50599998 0.50600004
vt 0.50599998 0.49400002
vt 0.99400002 0.49400002
vt 0.99400002 0.00599998
vt 0.50599998 0.00599998
vt 0.50599998 0.49400002
vt 0.99400002 0.49400002
vt 0.99400002 0.00599998
vt 0.50599998 0.00599998
vt 0.50599998 0.49400002
vt 0.99400002 0.49400002
vt 0.99400002 0.00599998
vt 0.50599998 0.00599998
vt 0.50599998 0.49400002
vt 0.99400002 0.49400002
vt 0.99400002 0.00599998
vt 0.50599998 0.00599998
vt 0.50599998 0.49400002
vt 0.99400002 0.49400002
vt 0.99400002 0.00599998
vt 0.50599998 0.00599998
vt 0.50599998 0.49400002
vt 0.99400002 0.49400002
vt 0.99400002 0.00599998
vt 0.50599998 0.00599998
vt 0.50599998 0.49400002
vt 0.99400002 0.49400002
vt 0.99400002 0.00599998
vt 0.50599998 0.00599998
vt 0.50599998 0.49400002
vt 0.99400002 0.49400002
vt 0.99400002 0.00599998
vt 0.50599998 0.00599998
vt 0.50599998 0.49400002
vt 0.99400002 0.49400002
vt 0.99400002 0.00599998
vt 0.50599998 0.00599998
vt 0.50599998 0.49400002
vt 0.99400002 0.49400002
vt 0.99400002 0.00599998
vt 0.50599998 0.00599998
vt 0.50599998 0.49400002
vt 0.99400002 0.49400002
vt 0.99400002 0.00599998
vt 0.50599998 0.00599998
vt 0.50599998 0.49400002
vt 0.99400002 0.49400002
vt 0.99400002 0.00599998
vt 0.50599998 0.00599998
vt 0.50599998 0.49400002
vt 0.99400002 0.49400002
vt 0.99400002 0.00599998
vt 0.50599998 0.00599998
vt 0.50599998 0.49400002
vt 0.99400002 0.49400002
vt 0.99400002 0.00599998
vt 0.50599998 0.00599998
vt 0.50599998 0.49400002
vt 0.99400002 0.49400002
vt 0.99400002 0.00599998
vt 0.50599998 0.00599998
vt 0.50599998 0.49400002
vt 0.99400002 0.49400002
vt 0.99400002 0.00599998
vt 0.50599998 0.00599998
vt 0.50599998 0.49400002
vt 0.99400002 0.49400002
vt 0.99400002 0.00599998
vt 0.50599998 0.00599998
vt 0.50599998 0.49400002
vt 0.99400002 0.49400002
vt 0.99400002 0.00599998
vt 0.50599998 0.00599998
vt 0.50599998 0.49400002
vt 0.99400002 0.49400002
vt 0.99400002 0.00599998
vt 0.50599998 0.00599998
vt 0.50599998 0.49400002
vt 0.99400002 0.49400002
vt 0.99400002 0.00599998
vt 0.50599998 0.00599998
vt 0.50599998 0.49400002
vt 0.99400002 0.49400002
vt 0.99400002 0.00599998
vt 0.50599998 0.00599998
vt 0.50599998 0.49400002
vt 0.99400002 0.49400002
vt 0.99400002 0.00599998
vt 0.50599998 0.00599998
vt 0.50599998 0.49400002
vt 0.99400002 0.49400002
vt 0.99400002 0.00599998
vt 0.50599998 0.00599998
vt 0.50599998 0.49400002
vt 0.99400002 0.49400002
vt 0.99400002 0.00599998
vt 0.50599998 0.00599998
vt 0.50599998 0.49400002
vt 0.99400002 0.49400002
vt 0.99400002 0.00599998
vt 0.50599998 0.00599998
vt 0.50599998 0.49400002
vt 0.99400002 0.49400002
vt 0.99400002 0.00599998
vt 0.50599998 0.00599998
vt 0.50599998 0.49400002
vt 0.99400002 0.49400002
vt 0.99400002 0.00599998
vt 0.50599998 0.00599998
vt 0.50599998 0.49400002
vt 0.99400002 0.49400002
vt 0.99400002 0.00599998
vt 0.50599998 0.00599998
vt 0.50599998 0.49400002
vt 0.99400002 0.49400002
vt 0.99400002 0.00599998
vt 0.50599998 0.00599998
vt 0.50599998 0.49400002
vt 0.99400002 0.49400002
vt 0.99400002 0.00599998
vt 0.50599998 0.00599998
vt 0.50599998 0.49400002
vt 0.99400002 0.49400002
vt 0.99400002 0.00599998
vt 0.50599998 0.00599998
vt 0.50599998 0.49400002
vt 0.99400002 0.49400002
vt 0.99400002 0.00599998
vt 0.50599998 0.00599998
vt 0.50599998 0.49400002
vt 0.99400002 0.49400002
vt 0.99400002 0.00599998
vt 0.50599998 0.00599998
vt 0.50599998 0.49400002
vt 0.99400002 0.49400002
vt 0.99400002 0.00599998
vt 0.50599998 0.00599998
vt 0.50599998 0.49400002
vt 0.99400002 0.49400002
vt 0.99400002 0.00599998
vt 0.50599998 0.00599998
vt 0.50599998 0.49400002
vt 0.99400002 0.49400002
vt 0.99400002 0.00599998
vt 0.50599998 0.00599998
vt 0.50599998 0.49400002
vt 0.99400002 0.49400002
vt 0.99400002 0.00599998
vt 0.50599998 0.00599998
vt 0.50599998 0.49400002
vt 0.99400002 0.49400002
vt 0.99400002 0.00599998
vt 0.50599998 0.00599998
vt 0.50599998 0.49400002
vt 0.99400002 0.49400002
vt 0.99400002 0.00599998
vt 0.50599998 0.00599998
vt 0.50599998 0.49400002
vt 0.99400002 0.49400002
vt 0.99400002 0.00599998
vt 0.50599998 0.00599998
vt 0.50599998 0.99400002
vt 0.99400002 0.99400002
vt 0.99400002 0.50600004
vt 0.50599998 0.50600004
vt 0.50599998 0.99400002
vt 0.99400002 0.99400002
vt 0.99400002 0.50600004
vt 0.50599998 0.50600004
vt 0.50599998 0.99400002
vt 0.99400002 0.99400002
vt 0.99400002 0.50600004
vt 0.50599998 0.50600004
vt 0.50599998 0.99400002
vt 0.99400002 0.99400002
vt 0.99400002 0.50600004
vt 0.50599998 0.50600004
vt 0.50599998 0.99400002
vt 0.99400002 0.99400002
vt 0.99400002 0.50600004
vt 0.50599998 0.50600004
vt 0.50599998 0.99400002
vt 0.99400002 0.99400002
vt 0.99400002 0.50600004
vt 0.50599998 0.50600004
vt 0.50599998 0.99400002
vt 0.99400002 0.99400002
vt 0.99400002 0.50600004
vt 0.50599998 0.50600004
vt 0.50599998 0.99400002
vt 0.99400002 0.99400002
vt 0.99400002 0.50600004
vt 0.50599998 0.50600004
vt 0.50599998 0.99400002
vt 0.99400002 0.99400002
vt 0.99400002 0.50600004
vt 0.50599998 0.50600004
vt 0.50599998 0.99400002
vt 0.99400002 0.99400002
vt 0.99400002 0.50600004
vt 0.50599998 0.50600004
vt 0.50599998 0.99400002
vt 0.99400002 0.99400002
vt 0.99400002 0.50600004
vt 0.50599998 0.50600004
vt 0.50599998 0.99400002
vt 0.99400002 0.99400002
vt 0.99400002 0.50600004
vt 0.50599998 0.50600004
vt 0.50599998 0.99400002
vt 0.99400002 0.99400002
vt 0.99400002 0.50600004
vt 0.50599998 0.50600004
vt 0.50599998 0.99400002
vt 0.99400002 0.99400002
vt 0.99400002 0.50600004
vt 0.50599998 0.50600004
vt 0.50599998 0.99400002
vt 0.99400002 0.99400002
vt 0.99400002 0.50600004
vt 0.50599998 0.50600004
vt 0.50599998 0.99400002
vt 0.99400002 0.99400002
vt 0.99400002 0.50600004
vt 0.50599998 0.50600004
vt 0.50599998 0.99400002
vt 0.99400002 0.99400002
vt 0.99400002 0.50600004
vt 0.50599998 0.50600004
vt 0.50599998 0.99400002
vt 0.99400002 0.99400002
vt 0.99400002 0.50600004
vt 0.50599998 0.50600004
vt 0.50599998 0.99400002
vt 0.99400002 0.99400002
vt 0.99400002 0.50600004
vt 0.50599998 0.50600004
vt 0.50599998 0.99400002
vt 0.99400002 0.99400002
vt 0.99400002 0.50600004
vt 0.50599998 0.50600004
vt 0.50599998 0.99400002
vt 0.99400002 0.99400002
vt 0.99400002 0.50600004
vt 0.50599998 0.50600004
vt 0.50599998 0.99400002
vt 0.99400002 0.99400002
vt 0.99400002 0.50600004
vt 0.50599998 0.50600004
vt 0.50599998 0.99400002
vt 0.99400002 0.99400002
vt 0.99400002 0.50600004
vt 0.50599998 0.50600004
vt 0.50599998 0.99400002
vt 0.99400002 0.99400002
vt 0.99400002 0.50600004
vt 0.50599998 0.50600004
vt 0.50599998 0.99400002
vt 0.99400002 0.99400002
vt 0.99400002 0.50600004
vt 0.50599998 0.50600004
vt 0.50599998 0.99400002
vt 0.99400002 0.99400002
vt 0.99400002 0.50600004
vt 0.50599998 0.50600004
vt 0.50599998 0.99400002
vt 0.99400002 0.99400002
vt 0.99400002 0.50600004
vt 0.50599998 0.50600004
vt 0.50599998 0.99400002
vt 0.99400002 0.99400002
vt 0.99400002 0.50600004
vt 0.50599998 0.50600004
vt 0.50599998 0.99400002
vt 0.99400002 0.99400002
vt 0.99400002 0.50600004
vt 0.50599998 0.50600004
vt 0.50599998 0.99400002
vt 0.99400002 0.99400002
vt 0.99400002 0.50600004
vt 0.50599998 0.50600004
vt 0.50599998 0.99400002
vt 0.99400002 0.99400002
vt 0.99400002 0.50600004
vt 0.50599998 0.50600004
vt 0.50599998 0.99400002
vt 0.99400002 0.99400002
vt 0.99400002 0.50600004
vt 0.50599998 0.50600004
vt 0.50599998 0.99400002
vt 0.99400002 0.99400002
vt 0.99400002 0.50600004
vt 0.50599998 0.50600004
vt 0.50599998 0.99400002
vt 0.99400002 0.99400002
vt 0.99400002 0.50600004
vt 0.50599998 0.50600004
vt 0.50599998 0.99400002
vt 0.99400002 0.99400002
vt 0.99400002 0.50600004
vt 0.50599998 0.50600004
vt 0.50599998 0.99400002
vt 0.99400002 0.99400002
vt 0.99400002 0.50600004
vt 0.50599998 0.50600004
vt 0.50599998 0.99400002
vt 0.99400002 0.99400002
vt 0.99400002 0.50600004
vt 0.50599998 0.50600004
vt 0.50599998 0.99400002
vt 0.99400002 0.99400002
vt 0.99400002 0.50600004
vt 0.50599998 0.50600004
vt 0.50599998 0.99400002
vt 0.99400002 0.99400002
vt 0.99400002 0.50600004
vt 0.50599998 0.50600004
vt 0.50599998 0.99400002
vt 0.99400002 0.99400002
vt 0.99400002 0.50600004
vt 0.50599998 0.50600004
vt 0.50599998 0.99400002
vt 0.99400002 0.99400002
vt 0.99400002 0.50600004
vt 0.50599998 0.50600004
vt 0.50599998 0.99400002
vt 0.99400002 0.99400002
vt 0.99400002 0.50600004
vt 0.50599998 0.50600004
vt 0.50599998 0.99400002
vt 0.99400002 0.99400002
vt 0.99400002 0.50600004
vt 0.50599998 0.50600004
vt 0.50599998 0.99400002
vt 0.99400002 0.99400002
vt 0.99400002 0.50600004
vt 0.50599998 0.50600004
vt 0.50599998 0.99400002
vt 0.99400002 0.99400002
vt 0.99400002 0.50600004
vt 0.50599998 0.50600004
vt 0.50599998 0.99400002
vt 0.99400002 0.99400002
vt 0.99400002 0.50600004
vt 0.50599998 0.50600004
vt 0.50599998 0.99400002
vt 0.99400002 0.99400002
vt 0.99400002 0.50600004
vt 0.50599998 0.50600004
vt 0.50599998 0.99400002
vt 0.99400002 0.99400002
vt 0.99400002 0.50600004
vt 0.50599998 0.50600004
vt 0.50599998 0.99400002
vt 0.99400002 0.99400002
vt 0.99400002 0.50600004
vt 0.50599998 0.50600004
vt 0.50599998 0.99400002
vt 0.99400002 0.99400002
vt 0.99400002 0.50600004
vt 0.50599998 0.50600004
vt 0.50599998 0.99400002
vt 0.99400002 0.99400002
vt 0.99400002 0.50600004
vt 0.50599998 0.50600004
vt 0.50599998 0.99400002
vt 0.99400002 0.99400002
vt 0.99400002 0.50600004
vt 0.50599998 0.50600004
vt 0.22062665 0.82307452
vt 0.24127555 0.79321331
vt 0.21518536 0.78123045
vt 0.20020479 0.80289447
vt 0.24127555 0.79321331
vt 0.24131800 0.79324269
vt 0.21522781 0.78125978
vt 0.21518536 0.78123045
vt 0.24131800 0.79324269
vt 0.22066911 0.82310385
vt 0.20024724 0.80292380
vt 0.21522781 0.78125978
vt 0.22066911 0.82310385
vt 0.22062665 0.82307452
vt 0.20020479 0.80289447
vt 0.20024724 0.80292380
vt 0.22062665 0.82307452
vt 0.22066911 0.82310385
vt 0.24131800 0.79324269
vt 0.24127555 0.79321331
vt 0.20020479 0.80289447
vt 0.21518536 0.78123045
vt 0.21522781 0.78125978
vt 0.20024724 0.80292380
vt 0.25872442 0.79321331
vt 0.27937335 0.82307452
vt 0.29979518 0.80289447
vt 0.28481463 0.78123045
vt 0.27937335 0.82307452
vt 0.27933088 0.82310385
vt 0.29975271 0.80292380
vt 0.29979518 0.80289447
vt 0.27933088 0.82310385
vt 0.25868198 0.79324269
vt 0.28477219 0.78125978
vt 0.29975271 0.80292380
vt 0.25868198 0.79324269
vt 0.25872442 0.79321331
vt 0.28481463 0.78123045
vt 0.28477219 0.78125978
vt 0.25872442 0.79321331
vt 0.25868198 0.79324269
vt 0.27933088 0.82310385
vt 0.27937335 0.82307452
vt 0.28481463 0.78123045
vt 0.29979518 0.80289447
vt 0.29975271 0.80292380
vt 0.28477219 0.78125978
vt 0.26012844 0.78681821
vt 0.25819409 0.78681821
vt 0.26570532 0.77827656
vt 0.26941285 0.77827656
vt 0.25819409 0.78681821
vt 0.25312984 0.78681821
vt 0.25599888 0.77827656
vt 0.26570532 0.77827656
vt 0.25312984 0.78681821
vt 0.24687013 0.78681821
vt 0.24400109 0.77827656
vt 0.25599888 0.77827656
vt 0.24687013 0.78681821
vt 0.24180591 0.78681821
vt 0.23429467 0.77827656
vt 0.24400109 0.77827656
vt 0.24180591 0.78681821
vt 0.23987155 0.78681821
vt 0.23058714 0.77827656
vt 0.23429467 0.77827656
vt 0.23987155 0.78681821
vt 0.24180591 0.78681821
vt 0.23429467 0.77827656
vt 0.23058714 0.77827656
vt 0.24180591 0.78681821
vt 0.24687013 0.78681821
vt 0.24400109 0.77827656
vt 0.23429467 0.77827656
vt 0.24687013 0.78681821
vt 0.25312984 0.78681821
vt 0.25599888 0.77827656
vt 0.24400109 0.77827656
vt 0.25312984 0.78681821
vt 0.25819409 0.78681821
vt 0.26570532 0.77827656
vt 0.25599888 0.77827656
vt 0.25819409 0.78681821
vt 0.26012844 0.78681821
vt 0.26941285 0.77827656
vt 0.26570532 0.77827656
vt 0.26941285 0.77827656
vt 0.26570532 0.77827656
vt 0.26843670 0.76740533
vt 0.27278900 0.76740533
vt 0.26570532 0.77827656
vt 0.25599888 0.77827656
vt 0.25704217 0.76740533
vt 0.26843670 0.76740533
vt 0.25599888 0.77827656
vt 0.24400109 0.77827656
vt 0.24295780 0.76740533
vt 0.25704217 0.76740533
vt 0.24400109 0.77827656
vt 0.23429467 0.77827656
vt 0.23156331 0.76740533
vt 0.24295780 0.76740533
vt 0.23429467 0.77827656
vt 0.23058714 0.77827656
vt 0.22721100 0.76740533
vt 0.23156331 0.76740533
vt 0.23058714 0.77827656
vt 0.23429467 0.77827656
vt 0.23156331 0.76740533
vt 0.22721100 0.76740533
vt 0.23429467 0.77827656
vt 0.24400109 0.77827656
vt 0.24295780 0.76740533
vt 0.23156331 0.76740533
vt 0.24400109 0.77827656
vt 0.25599888 0.77827656
vt 0.25704217 0.76740533
vt 0.24295780 0.76740533
vt 0.25599888 0.77827656
vt 0.26570532 0.77827656
vt 0.26843667 0.76740533
vt 0.25704217 0.76740533
vt 0.26570532 0.77827656
vt 0.26941285 0.77827656
vt 0.27278900 0.76740533
vt 0.26843667 0.76740533
vt 0.27278900 0.76740533
vt 0.26843670 0.76740533
vt 0.26536390 0.75653416
vt 0.26899081 0.75653416
vt 0.26843670 0.76740533
vt 0.25704217 0.76740533
vt 0.25586849 0.75653416
vt 0.26536390 0.75653416
vt 0.25704217 0.76740533
vt 0.24295780 0.76740533
vt 0.24413149 0.75653416
vt 0.25586849 0.75653416
vt 0.24295780 0.76740533
vt 0.23156331 0.76740533
vt 0.23463608 0.75653416
vt 0.24413149 0.75653416
vt 0.23156331 0.76740533
vt 0.22721100 0.76740533
vt 0.23100916 0.75653416
vt 0.23463608 0.75653416
vt 0.22721100 0.76740533
vt 0.23156331 0.76740533
vt 0.23463610 0.75653416
vt 0.23100916 0.75653416
vt 0.23156331 0.76740533
vt 0.24295780 0.76740533
vt 0.24413151 0.75653416
vt 0.23463610 0.75653416
vt 0.24295780 0.76740533
vt 0.25704217 0.76740533
vt 0.25586849 0.75653416
vt 0.24413151 0.75653416
vt 0.25704217 0.76740533
vt 0.26843667 0.76740533
vt 0.26536390 0.75653416
vt 0.25586849 0.75653416
vt 0.26843667 0.76740533
vt 0.27278900 0.76740533
vt 0.26899081 0.75653416
vt 0.26536390 0.75653416
vt 0.26899081 0.75653416
vt 0.26536390 0.75653416
vt 0.25785267 0.74799252
vt 0.25970641 0.74799252
vt 0.26536390 0.75653416
vt 0.25586849 0.75653416
vt 0.25299945 0.74799252
vt 0.25785267 0.74799252
vt 0.25586849 0.75653416
vt 0.24413149 0.75653416
vt 0.24700055 0.74799252
vt 0.25299945 0.74799252
vt 0.24413149 0.75653416
vt 0.23463608 0.75653416
vt 0.24214733 0.74799252
vt 0.24700055 0.74799252
vt 0.23463608 0.75653416
vt 0.23100916 0.75653416
vt 0.24029356 0.74799252
vt 0.24214733 0.74799252
vt 0.23100916 0.75653416
vt 0.23463610 0.75653416
vt 0.24214733 0.74799252
vt 0.24029356 0.74799252
vt 0.23463610 0.75653416
vt 0.24413151 0.75653416
vt 0.24700055 0.74799252
vt 0.24214733 0.74799252
vt 0.24413151 0.75653416
vt 0.25586849 0.75653416
vt 0.25299945 0.74799252
vt 0.24700055 0.74799252
vt 0.25586849 0.75653416
vt 0.26536390 0.75653416
vt 0.25785267 0.74799252
vt 0.25299945 0.74799252
vt 0.26536390 0.75653416
vt 0.26899081 0.75653416
vt 0.25970641 0.74799252
vt 0.25785267 0.74799252
vt 0.24999999 0.78681821
vt 0.25819409 0.78681821
vt 0.26012844 0.78681821
vt 0.24999999 0.78681821
vt 0.25312984 0.78681821
vt 0.25819409 0.78681821
vt 0.24999999 0.78681821
vt 0.24687013 0.78681821
vt 0.25312984 0.78681821
vt 0.24999999 0.78681821
vt 0.24180591 0.78681821
vt 0.24687013 0.78681821
vt 0.24999999 0.78681821
vt 0.23987155 0.78681821
vt 0.24180591 0.78681821
vt 0.24999999 0.78681821
vt 0.24180591 0.78681821
vt 0.23987155 0.78681821
vt 0.24999999 0.78681821
vt 0.24687013 0.78681821
vt 0.24180591 0.78681821
vt 0.24999999 0.78681821
vt 0.25312984 0.78681821
vt 0.24687013 0.78681821
vt 0.24999999 0.78681821
vt 0.25819409 0.78681821
vt 0.25312984 0.78681821
vt 0.24999999 0.78681821
vt 0.26012844 0.78681821
vt 0.25819409 0.78681821
vt 0.24999999 0.74799252
vt 0.25970641 0.74799252
vt 0.25785267 0.74799252
vt 0.24999999 0.74799252
vt 0.25785267 0.74799252
vt 0.25299945 0.74799252
vt 0.24999999 0.74799252
vt 0.25299945 0.74799252
vt 0.24700055 0.74799252
vt 0.24999999 0.74799252
vt 0.24700055 0.74799252
vt 0.24214733 0.74799252
vt 0.24999999 0.74799252
vt 0.24214733 0.74799252
vt 0.24029356 0.74799252
vt 0.24999999 0.74799252
vt 0.24029356 0.74799252
vt 0.24214733 0.74799252
vt 0.24999999 0.74799252
vt 0.24214733 0.74799252
vt 0.24700055 0.74799252
vt 0.24999999 0.74799252
vt 0.24700055 0.74799252
vt 0.25299945 0.74799252
vt 0.24999999 0.74799252
vt 0.25299945 0.74799252
vt 0.25785267 0.74799252
vt 0.24999999 0.74799252
vt 0.25785267 0.74799252
vt 0.25970641 0.74799252
vt 0.50599998 0.99400002
vt 0.99400002 0.99400002
vt 0.99400002 0.50600004
vt 0.50599998 0.50600004
vt 0.50599998 0.99400002
vt 0.99400002 0.99400002
vt 0.99400002 0.50600004
vt 0.50599998 0.50600004
vt 0.50599998 0.99400002
vt 0.99400002 0.99400002
vt 0.99400002 0.50600004
vt 0.50599998 0.50600004
vt 0.50599998 0.99400002
vt 0.99400002 0.99400002
vt 0.99400002 0.50600004
vt 0.50599998 0.50600004
vt 0.50599998 0.99400002
vt 0.99400002 0.99400002
vt 0.99400002 0.50600004
vt 0.50599998 0.50600004
vt 0.50599998 0.99400002
vt 0.99400002 0.99400002
vt 0.99400002 0.50600004
vt 0.50599998 0.50600004
vt 0.50599998 0.99400002
vt 0.99400002 0.99400002
vt 0.99400002 0.50600004
vt 0.50599998 0.50600004
vt 0.50599998 0.99400002
vt 0.99400002 0.99400002
vt 0.99400002 0.50600004
vt 0.50599998 0.50600004
vt 0.50599998 0.99400002
vt 0.99400002 0.99400002
vt 0.99400002 0.50600004
vt 0.50599998 0.50600004
vt 0.50599998 0.99400002
vt 0.99400002 0.99400002
vt 0.99400002 0.50600004
vt 0.50599998 0.50600004
vt 0.50599998 0.99400002
vt 0.99400002 0.99400002
vt 0.99400002 0.50600004
vt 0.50599998 0.50600004
vt 0.50599998 0.99400002
vt 0.99400002 0.99400002
vt 0.99400002 0.50600004
vt 0.50599998 0.50600004
vt 0.50599998 0.99400002
vt 0.99400002 0.99400002
vt 0.99400002 0.50600004
vt 0.50599998 0.50600004
vt 0.50599998 0.99400002
vt 0.99400002 0.99400002
vt 0.99400002 0.50600004
vt 0.50599998 0.50600004
vt 0.50599998 0.99400002
vt 0.99400002 0.99400002
vt 0.99400002 0.50600004
vt 0.50599998 0.50600004
vt 0.50599998 0.99400002
vt 0.99400002 0.99400002
vt 0.99400002 0.50600004
vt 0.50599998 0.50600004
vt 0.50599998 0.99400002
vt 0.99400002 0.99400002
vt 0.99400002 0.50600004
vt 0.50599998 0.50600004
vt 0.50599998 0.99400002
vt 0.99400002 0.99400002
vt 0.99400002 0.50600004
vt 0.50599998 0.50600004
vt 0.30262265 0.77114666
vt 0.30477798 0.76492465
vt 0.30786866 0.76667333
vt 0.30620134 0.77151269
vt 0.30477798 0.76492465
vt 0.31034932 0.76102066
vt 0.31222001 0.76362336
vt 0.30786866 0.76667333
vt 0.31034932 0.76102066
vt 0.31783199 0.76049203
vt 0.31803533 0.76317602
vt 0.31222001 0.76362336
vt 0.31783199 0.76049203
vt 0.32523334 0.76346070
vt 0.32381001 0.76549399
vt 0.31803533 0.76317602
vt 0.32523334 0.76346070
vt 0.33056068 0.76911336
vt 0.32799864 0.76992667
vt 0.32381001 0.76549399
vt 0.33056068 0.76911336
vt 0.33239067 0.77598602
vt 0.32942200 0.77529466
vt 0.32799864 0.76992667
vt 0.33239067 0.77598602
vt 0.33023533 0.78220803
vt 0.32771400 0.78013402
vt 0.32942200 0.77529466
vt 0.33023533 0.78220803
vt 0.32470465 0.78611201
vt 0.32340333 0.78318399
vt 0.32771400 0.78013402
vt 0.32470465 0.78611201
vt 0.31718132 0.78664070
vt 0.31754732 0.78359067
vt 0.32340333 0.78318399
vt 0.31718132 0.78664070
vt 0.30978000 0.78367203
vt 0.31177267 0.78127265
vt 0.31754732 0.78359067
vt 0.30978000 0.78367203
vt 0.30445269 0.77801937
vt 0.30762467 0.77688068
vt 0.31177267 0.78127265
vt 0.30445269 0.77801937
vt 0.30262265 0.77114666
vt 0.30620134 0.77151269
vt 0.30762467 0.77688068
vt 0.30620134 0.77151269
vt 0.30786866 0.76667333
vt 0.31266734 0.76801538
vt 0.31156933 0.77122802
vt 0.30786866 0.76667333
vt 0.31222001 0.76362336
vt 0.31555465 0.76598203
vt 0.31266734 0.76801538
vt 0.31222001 0.76362336
vt 0.31803533 0.76317602
vt 0.31945866 0.76569736
vt 0.31555465 0.76598203
vt 0.31803533 0.76317602
vt 0.32381001 0.76549399
vt 0.32332200 0.76724267
vt 0.31945866 0.76569736
vt 0.32381001 0.76549399
vt 0.32799864 0.76992667
vt 0.32608736 0.77021134
vt 0.32332200 0.76724267
vt 0.32799864 0.76992667
vt 0.32942200 0.77529466
vt 0.32702267 0.77374935
vt 0.32608736 0.77021134
vt 0.32942200 0.77529466
vt 0.32771400 0.78013402
vt 0.32592466 0.77700269
vt 0.32702267 0.77374935
vt 0.32771400 0.78013402
vt 0.32340333 0.78318399
vt 0.32303733 0.77903605
vt 0.32592466 0.77700269
vt 0.32340333 0.78318399
vt 0.31754732 0.78359067
vt 0.31913331 0.77932066
vt 0.32303733 0.77903605
vt 0.31754732 0.78359067
vt 0.31177267 0.78127265
vt 0.31527001 0.77777535
vt 0.31913331 0.77932066
vt 0.31177267 0.78127265
vt 0.30762467 0.77688068
vt 0.31250468 0.77480668
vt 0.31527001 0.77777535
vt 0.30762467 0.77688068
vt 0.30620134 0.77151269
vt 0.31156933 0.77122802
vt 0.31250468 0.77480668
vt 0.31156933 0.77122802
vt 0.31266734 0.76801538
vt 0.31775066 0.76903200
vt 0.31714067 0.77074003
vt 0.31266734 0.76801538
vt 0.31555465 0.76598203
vt 0.31925532 0.76797467
vt 0.31775066 0.76903200
vt 0.31555465 0.76598203
vt 0.31945866 0.76569736
vt 0.32124802 0.76785266
vt 0.31925532 0.76797467
vt 0.31945866 0.76569736
vt 0.32332200 0.76724267
vt 0.32324064 0.76866603
vt 0.32124802 0.76785266
vt 0.32332200 0.76724267
vt 0.32608736 0.77021134
vt 0.32470465 0.77017069
vt 0.32324064 0.76866603
vt 0.32608736 0.77021134
vt 0.32702267 0.77374935
vt 0.32519266 0.77204132
vt 0.32470465 0.77017069
vt 0.32702267 0.77374935
vt 0.32592466 0.77700269
vt 0.32462332 0.77370870
vt 0.32519266 0.77204132
vt 0.32592466 0.77700269
vt 0.32303733 0.77903605
vt 0.32311866 0.77476603
vt 0.32462332 0.77370870
vt 0.32303733 0.77903605
vt 0.31913331 0.77932066
vt 0.32108533 0.77492869
vt 0.32311866 0.77476603
vt 0.31913331 0.77932066
vt 0.31527001 0.77777535
vt 0.31909266 0.77411532
vt 0.32108533 0.77492869
vt 0.31527001 0.77777535
vt 0.31250468 0.77480668
vt 0.31762865 0.77257001
vt 0.31909266 0.77411532
vt 0.31250468 0.77480668
vt 0.31156933 0.77122802
vt 0.31714067 0.77074003
vt 0.31762865 0.77257001
vt 0.31751007 0.77356637
vt 0.30477798 0.76492465
vt 0.30262265 0.77114666
vt 0.31751007 0.77356637
vt 0.31034932 0.76102066
vt 0.30477798 0.76492465
vt 0.31751007 0.77356637
vt 0.31783199 0.76049203
vt 0.31034932 0.76102066
vt 0.31751007 0.77356637
vt 0.32523334 0.76346070
vt 0.31783199 0.76049203
vt 0.31751007 0.77356637
vt 0.33056068 0.76911336
vt 0.32523334 0.76346070
vt 0.31751007 0.77356637
vt 0.33239067 0.77598602
vt 0.33056068 0.76911336
vt 0.31751007 0.77356637
vt 0.33023533 0.78220803
vt 0.33239067 0.77598602
vt 0.31751007 0.77356637
vt 0.32470465 0.78611201
vt 0.33023533 0.78220803
vt 0.31751007 0.77356637
vt 0.31718132 0.78664070
vt 0.32470465 0.78611201
vt 0.31751007 0.77356637
vt 0.30978000 0.78367203
vt 0.31718132 0.78664070
vt 0.31751007 0.77356637
vt 0.30445269 0.77801937
vt 0.30978000 0.78367203
vt 0.31751007 0.77356637
vt 0.30262265 0.77114666
vt 0.30445269 0.77801937
vt 0.31714067 0.77074003
vt 0.31775066 0.76903200
vt 0.32210201 0.77082133
vt 0.31775066 0.76903200
vt 0.31925532 0.76797467
vt 0.32210201 0.77082133
vt 0.31925532 0.76797467
vt 0.32124802 0.76785266
vt 0.32210201 0.77082133
vt 0.32124802 0.76785266
vt 0.32324064 0.76866603
vt 0.32210201 0.77082133
vt 0.32324064 0.76866603
vt 0.32470465 0.77017069
vt 0.32210201 0.77082133
vt 0.32470465 0.77017069
vt 0.32519266 0.77204132
vt 0.32210201 0.77082133
vt 0.32519266 0.77204132
vt 0.32462332 0.77370870
vt 0.32210201 0.77082133
vt 0.32462332 0.77370870
vt 0.32311866 0.77476603
vt 0.32210201 0.77082133
vt 0.32311866 0.77476603
vt 0.32108533 0.77492869
vt 0.32210201 0.77082133
vt 0.32108533 0.77492869
vt 0.31909266 0.77411532
vt 0.32210201 0.77082133
vt 0.31909266 0.77411532
vt 0.31762865 0.77257001
vt 0.32210201 0.77082133
vt 0.31762865 0.77257001
vt 0.31714067 0.77074003
vt 0.32210201 0.77082133
vt 0.19737732 0.77114666
vt 0.19379866 0.77151269
vt 0.19213133 0.76667333
vt 0.19522199 0.76492465
vt 0.19522199 0.76492465
vt 0.19213133 0.76667333
vt 0.18777999 0.76362336
vt 0.18965065 0.76102066
vt 0.18965065 0.76102066
vt 0.18777999 0.76362336
vt 0.18196465 0.76317602
vt 0.18216799 0.76049203
vt 0.18216799 0.76049203
vt 0.18196465 0.76317602
vt 0.17618999 0.76549399
vt 0.17476666 0.76346070
vt 0.17476666 0.76346070
vt 0.17618999 0.76549399
vt 0.17200133 0.76992667
vt 0.16943932 0.76911336
vt 0.16943932 0.76911336
vt 0.17200133 0.76992667
vt 0.17057799 0.77529466
vt 0.16760933 0.77598602
vt 0.16760933 0.77598602
vt 0.17057799 0.77529466
vt 0.17228597 0.78013402
vt 0.16976465 0.78220803
vt 0.16976465 0.78220803
vt 0.17228597 0.78013402
vt 0.17659666 0.78318399
vt 0.17529532 0.78611201
vt 0.17529532 0.78611201
vt 0.17659666 0.78318399
vt 0.18245266 0.78359067
vt 0.18281867 0.78664070
vt 0.18281867 0.78664070
vt 0.18245266 0.78359067
vt 0.18822733 0.78127265
vt 0.19021998 0.78367203
vt 0.19021998 0.78367203
vt 0.18822733 0.78127265
vt 0.19237532 0.77688068
vt 0.19554733 0.77801937
vt 0.19554733 0.77801937
vt 0.19237532 0.77688068
vt 0.19379866 0.77151269
vt 0.19737732 0.77114666
vt 0.19379866 0.77151269
vt 0.18843065 0.77122802
vt 0.18733266 0.76801538
vt 0.19213133 0.76667333
vt 0.19213133 0.76667333
vt 0.18733266 0.76801538
vt 0.18444534 0.76598203
vt 0.18777999 0.76362336
vt 0.18777999 0.76362336
vt 0.18444534 0.76598203
vt 0.18054132 0.76569736
vt 0.18196465 0.76317602
vt 0.18196465 0.76317602
vt 0.18054132 0.76569736
vt 0.17667799 0.76724267
vt 0.17618999 0.76549399
vt 0.17618999 0.76549399
vt 0.17667799 0.76724267
vt 0.17391264 0.77021134
vt 0.17200133 0.76992667
vt 0.17200133 0.76992667
vt 0.17391264 0.77021134
vt 0.17297731 0.77374935
vt 0.17057799 0.77529466
vt 0.17057799 0.77529466
vt 0.17297731 0.77374935
vt 0.17407532 0.77700269
vt 0.17228597 0.78013402
vt 0.17228597 0.78013402
vt 0.17407532 0.77700269
vt 0.17696266 0.77903605
vt 0.17659666 0.78318399
vt 0.17659666 0.78318399
vt 0.17696266 0.77903605
vt 0.18086666 0.77932066
vt 0.18245266 0.78359067
vt 0.18245266 0.78359067
vt 0.18086666 0.77932066
vt 0.18472998 0.77777535
vt 0.18822733 0.78127265
vt 0.18822733 0.78127265
vt 0.18472998 0.77777535
vt 0.18749532 0.77480668
vt 0.19237532 0.77688068
vt 0.19237532 0.77688068
vt 0.18749532 0.77480668
vt 0.18843065 0.77122802
vt 0.19379866 0.77151269
vt 0.18843065 0.77122802
vt 0.18285933 0.77074003
vt 0.18224932 0.76903200
vt 0.18733266 0.76801538
vt 0.18733266 0.76801538
vt 0.18224932 0.76903200
vt 0.18074466 0.76797467
vt 0.18444534 0.76598203
vt 0.18444534 0.76598203
vt 0.18074466 0.76797467
vt 0.17875199 0.76785266
vt 0.18054132 0.76569736
vt 0.18054132 0.76569736
vt 0.17875199 0.76785266
vt 0.17675932 0.76866603
vt 0.17667799 0.76724267
vt 0.17667799 0.76724267
vt 0.17675932 0.76866603
vt 0.17529532 0.77017069
vt 0.17391264 0.77021134
vt 0.17391264 0.77021134
vt 0.17529532 0.77017069
vt 0.17480734 0.77204132
vt 0.17297731 0.77374935
vt 0.17297731 0.77374935
vt 0.17480734 0.77204132
vt 0.17537665 0.77370870
vt 0.17407532 0.77700269
vt 0.17407532 0.77700269
vt 0.17537665 0.77370870
vt 0.17688133 0.77476603
vt 0.17696266 0.77903605
vt 0.17696266 0.77903605
vt 0.17688133 0.77476603
vt 0.17891467 0.77492869
vt 0.18086666 0.77932066
vt 0.18086666 0.77932066
vt 0.17891467 0.77492869
vt 0.18090732 0.77411532
vt 0.18472998 0.77777535
vt 0.18472998 0.77777535
vt 0.18090732 0.77411532
vt 0.18237132 0.77257001
vt 0.18749532 0.77480668
vt 0.18749532 0.77480668
vt 0.18237132 0.77257001
vt 0.18285933 0.77074003
vt 0.18843065 0.77122802
vt 0.18248993 0.77356637
vt 0.19737732 0.77114666
vt 0.19522199 0.76492465
vt 0.18248993 0.77356637
vt 0.19522199 0.76492465
vt 0.18965065 0.76102066
vt 0.18248993 0.77356637
vt 0.18965065 0.76102066
vt 0.18216799 0.76049203
vt 0.18248993 0.77356637
vt 0.18216799 0.76049203
vt 0.17476666 0.76346070
vt 0.18248993 0.77356637
vt 0.17476666 0.76346070
vt 0.16943932 0.76911336
vt 0.18248993 0.77356637
vt 0.16943932 0.76911336
vt 0.16760933 0.77598602
vt 0.18248993 0.77356637
vt 0.16760933 0.77598602
vt 0.16976465 0.78220803
vt 0.18248993 0.77356637
vt 0.16976465 0.78220803
vt 0.17529532 0.78611201
vt 0.18248993 0.77356637
vt 0.17529532 0.78611201
vt 0.18281867 0.78664070
vt 0.18248993 0.77356637
vt 0.18281867 0.78664070
vt 0.19021998 0.78367203
vt 0.18248993 0.77356637
vt 0.19021998 0.78367203
vt 0.19554733 0.77801937
vt 0.18248993 0.77356637
vt 0.19554733 0.77801937
vt 0.19737732 0.77114666
vt 0.18285933 0.77074003
vt 0.17789797 0.77082133
vt 0.18224932 0.76903200
vt 0.18224932 0.76903200
vt 0.17789797 0.77082133
vt 0.18074466 0.76797467
vt 0.18074466 0.76797467
vt 0.17789797 0.77082133
vt 0.17875199 0.76785266
vt 0.17875199 0.76785266
vt 0.17789797 0.77082133
vt 0.17675932 0.76866603
vt 0.17675932 0.76866603
vt 0.17789797 0.77082133
vt 0.17529532 0.77017069
vt 0.17529532 0.77017069
vt 0.17789797 0.77082133
vt 0.17480734 0.77204132
vt 0.17480734 0.77204132
vt 0.17789797 0.77082133
vt 0.17537665 0.77370870
vt 0.17537665 0.77370870
vt 0.17789797 0.77082133
vt 0.17688133 0.77476603
vt 0.17688133 0.77476603
vt 0.17789797 0.77082133
vt 0.17891467 0.77492869
vt 0.17891467 0.77492869
vt 0.17789797 0.77082133
vt 0.18090732 0.77411532
vt 0.18090732 0.77411532
vt 0.17789797 0.77082133
vt 0.18237132 0.77257001
vt 0.18237132 0.77257001
vt 0.17789797 0.77082133
vt 0.18285933 0.77074003
vn -0.73392314 0.26769322 0.62425739
vn -0.73392314 0.26769322 0.62425733
vn -0.73392314 0.26769322 0.62425739
vn -0.73392314 0.26769322 0.62425739
vn -0.77776134 -0.13711679 0.61342180
vn -0.77776134 -0.13711677 0.61342180
vn -0.77776134 -0.13711677 0.61342180
vn -0.77776134 -0.13711679 0.61342180
vn -0.75138295 0.27883175 0.59806055
vn -0.75138301 0.27883178 0.59806067
vn -0.75138301 0.27883178 0.59806067
vn -0.75138295 0.27883175 0.59806055
vn -0.80187488 -0.14382893 0.57992232
vn -0.80187500 -0.14382893 0.57992226
vn -0.80187500 -0.14382893 0.57992226
vn -0.80187488 -0.14382893 0.57992232
vn -0.76724017 0.29489627 0.56954271
vn -0.76724017 0.29489627 0.56954271
vn -0.76724017 0.29489627 0.56954271
vn -0.76724017 0.29489627 0.56954271
vn -0.82541698 -0.15334468 0.54329753
vn -0.82541698 -0.15334469 0.54329753
vn -0.82541698 -0.15334469 0.54329753
vn -0.82541698 -0.15334468 0.54329753
vn -0.78054005 0.31675258 0.53891098
vn -0.78054005 0.31675255 0.53891104
vn -0.78054005 0.31675255 0.53891104
vn -0.78054005 0.31675258 0.53891098
vn -0.84780800 -0.16629526 0.50355494
vn -0.84780800 -0.16629525 0.50355494
vn -0.84780800 -0.16629525 0.50355494
vn -0.84780800 -0.16629526 0.50355494
vn -0.78987038 0.34575233 0.50651765
vn -0.78987044 0.34575233 0.50651771
vn -0.78987044 0.34575233 0.50651771
vn -0.78987038 0.34575233 0.50651765
vn -0.86825633 -0.18370247 0.46085179
vn -0.86825633 -0.18370245 0.46085173
vn -0.86825633 -0.18370245 0.46085173
vn -0.86825633 -0.18370247 0.46085179
vn -0.79305476 0.38391370 0.47294235
vn -0.79305476 0.38391373 0.47294241
vn -0.79305476 0.38391373 0.47294241
vn -0.79305476 0.38391370 0.47294235
vn -0.88563389 -0.20722511 0.41558439
vn -0.88563389 -0.20722510 0.41558436
vn -0.88563389 -0.20722510 0.41558436
vn -0.88563389 -0.20722511 0.41558439
vn -0.78655648 0.43418241 0.43910643
vn -0.78655648 0.43418241 0.43910643
vn -0.78655648 0.43418241 0.43910643
vn -0.78655648 0.43418241 0.43910643
vn -0.89819330 -0.23964588 0.36853585
vn -0.89819336 -0.23964588 0.36853585
vn -0.89819336 -0.23964588 0.36853585
vn -0.89819330 -0.23964588 0.36853585
vn -0.76428217 0.50069261 0.40642306
vn -0.76428217 0.50069261 0.40642306
vn -0.76428217 0.50069261 0.40642306
vn -0.76428217 0.50069261 0.40642306
vn -0.90284508 -0.28588271 0.32115707
vn -0.90284508 -0.28588271 0.32115710
vn -0.90284508 -0.28588271 0.32115710
vn -0.90284508 -0.28588271 0.32115707
vn -0.71520919 0.58854955 0.37694186
vn -0.71520919 0.58854955 0.37694186
vn -0.71520919 0.58854955 0.37694186
vn -0.71520919 0.58854955 0.37694186
vn -0.89305723 -0.35521132 0.27617690
vn -0.89305729 -0.35521132 0.27617693
vn -0.89305729 -0.35521132 0.27617693
vn -0.89305723 -0.35521132 0.27617690
vn -0.61928844 0.70121169 0.35324776
vn -0.61928844 0.70121169 0.35324776
vn -0.61928844 0.70121169 0.35324776
vn -0.61928844 0.70121169 0.35324776
vn -0.85177767 -0.46616551 0.23909120
vn -0.85177767 -0.46616551 0.23909120
vn -0.85177767 -0.46616551 0.23909120
vn -0.85177767 -0.46616551 0.23909120
vn -0.44474822 0.82972211 0.33728352
vn -0.44474822 0.82972223 0.33728352
vn -0.44474822 0.82972223 0.33728352
vn -0.44474822 0.82972211 0.33728352
vn -0.72419649 -0.65303069 0.22156362
vn -0.72419649 -0.65303069 0.22156362
vn -0.72419649 -0.65303069 0.22156362
vn -0.72419649 -0.65303069 0.22156362
vn -0.16711786 0.92999578 0.32738271
vn -0.16711786 0.92999578 0.32738268
vn -0.16711786 0.92999578 0.32738268
vn -0.16711786 0.92999578 0.32738271
vn -0.33833244 -0.91003847 0.23950206
vn -0.33833241 -0.91003841 0.23950206
vn -0.33833241 -0.91003841 0.23950206
vn -0.33833244 -0.91003847 0.23950206
vn 0.16761647 0.93277061 0.31912985
vn 0.16761647 0.93277061 0.31912982
vn 0.16761647 0.93277061 0.31912982
vn 0.16761647 0.93277061 0.31912985
vn 0.33645999 -0.90500206 0.26031911
vn 0.33645999 -0.90500206 0.26031911
vn 0.33645999 -0.90500206 0.26031911
vn 0.33645999 -0.90500206 0.26031911
vn 0.44833136 0.83640683 0.31531388
vn 0.44833136 0.83640683 0.31531388
vn 0.44833136 0.83640683 0.31531388
vn 0.44833136 0.83640683 0.31531388
vn 0.71587253 -0.64552480 0.26612854
vn 0.71587253 -0.64552480 0.26612854
vn 0.71587253 -0.64552480 0.26612854
vn 0.71587253 -0.64552480 0.26612854
vn 0.62651271 0.70939177 0.32287034
vn 0.62651271 0.70939177 0.32287034
vn 0.62651271 0.70939177 0.32287034
vn 0.62651271 0.70939177 0.32287034
vn 0.83930296 -0.45933837 0.29082426
vn 0.83930296 -0.45933837 0.29082426
vn 0.83930296 -0.45933837 0.29082426
vn 0.83930296 -0.45933837 0.29082426
vn 0.72548926 0.59700918 0.34241134
vn 0.72548926 0.59700918 0.34241134
vn 0.72548926 0.59700918 0.34241134
vn 0.72548926 0.59700918 0.34241134
vn 0.87743872 -0.34899905 0.32909134
vn 0.87743872 -0.34899905 0.32909134
vn 0.87743872 -0.34899905 0.32909134
vn 0.87743872 -0.34899905 0.32909134
vn 0.77698767 0.50901622 0.37039515
vn 0.77698767 0.50901622 0.37039515
vn 0.77698767 0.50901622 0.37039515
vn 0.77698767 0.50901622 0.37039515
vn 0.88459224 -0.28010303 0.37287936
vn 0.88459224 -0.28010303 0.37287936
vn 0.88459224 -0.28010303 0.37287936
vn 0.88459224 -0.28010303 0.37287936
vn 0.80117536 0.44225201 0.40315163
vn 0.80117536 0.44225201 0.40315163
vn 0.80117536 0.44225201 0.40315163
vn 0.80117536 0.44225201 0.40315163
vn 0.87777561 -0.23419824 0.41792482
vn 0.87777561 -0.23419824 0.41792482
vn 0.87777561 -0.23419824 0.41792482
vn 0.87777561 -0.23419824 0.41792482
vn 0.80915487 0.39170745 0.43798822
vn 0.80915487 0.39170745 0.43798822
vn 0.80915487 0.39170745 0.43798822
vn 0.80915487 0.39170745 0.43798822
vn 0.86353368 -0.20205399 0.46204311
vn 0.86353368 -0.20205399 0.46204311
vn 0.86353368 -0.20205399 0.46204311
vn 0.86353368 -0.20205399 0.46204311
vn 0.80707026 0.35328114 0.47310680
vn 0.80707026 0.35328114 0.47310680
vn 0.80707026 0.35328114 0.47310680
vn 0.80707026 0.35328114 0.47310680
vn 0.84494841 -0.17877106 0.50408661
vn 0.84494841 -0.17877106 0.50408661
vn 0.84494841 -0.17877106 0.50408661
vn 0.84494841 -0.17877106 0.50408661
vn 0.79849958 0.32404074 0.50734222
vn 0.79849958 0.32404074 0.50734222
vn 0.79849958 0.32404074 0.50734222
vn 0.79849958 0.32404074 0.50734222
vn 0.82373428 -0.16157328 0.54346657
vn 0.82373428 -0.16157328 0.54346657
vn 0.82373428 -0.16157328 0.54346657
vn 0.82373428 -0.16157328 0.54346657
vn 0.78565919 0.30197582 0.53995389
vn 0.78565919 0.30197582 0.53995389
vn 0.78565919 0.30197582 0.53995389
vn 0.78565919 0.30197582 0.53995389
vn 0.80096984 -0.14880292 0.57991815
vn 0.80096984 -0.14880292 0.57991815
vn 0.80096984 -0.14880292 0.57991815
vn 0.80096984 -0.14880292 0.57991815
vn 0.77000207 0.28574136 0.57048112
vn 0.77000207 0.28574136 0.57048112
vn 0.77000207 0.28574136 0.57048112
vn 0.77000207 0.28574136 0.57048112
vn 0.77738750 -0.13943672 0.61337274
vn 0.77738750 -0.13943672 0.61337274
vn 0.77738750 -0.13943672 0.61337274
vn 0.77738750 -0.13943672 0.61337274
vn 0.75252306 0.27447751 0.59864110
vn 0.75252306 0.27447751 0.59864110
vn 0.75252306 0.27447751 0.59864110
vn 0.75252306 0.27447751 0.59864110
vn 0.75350630 -0.13284069 0.64388019
vn 0.75350630 -0.13284069 0.64388019
vn 0.75350630 -0.13284069 0.64388019
vn 0.75350630 -0.13284069 0.64388019
vn -0.76548135 0.00000000 0.64345807
vn -0.76548135 0.00000000 0.64345807
vn -0.76548135 0.00000000 0.64345807
vn -0.76548135 0.00000000 0.64345807
vn 0.76548135 0.00000000 0.64345807
vn 0.76548135 0.00000000 0.64345807
vn 0.76548135 0.00000000 0.64345807
vn 0.76548135 0.00000000 0.64345807
vn -0.66754872 0.47410360 0.57411194
vn -0.66754872 0.47410360 0.57411194
vn -0.66754872 0.47410360 0.57411194
vn -0.66754872 0.47410360 0.57411194
vn -0.72522283 -0.34717971 0.59457392
vn -0.72522283 -0.34717971 0.59457392
vn -0.72522283 -0.34717971 0.59457392
vn -0.72522283 -0.34717971 0.59457392
vn -0.67503947 0.48776948 0.55353642
vn -0.67503947 0.48776948 0.55353642
vn -0.67503947 0.48776948 0.55353642
vn -0.67503947 0.48776948 0.55353642
vn -0.74163151 -0.36121464 0.56524932
vn -0.74163151 -0.36121464 0.56524932
vn -0.74163151 -0.36121464 0.56524932
vn -0.74163151 -0.36121464 0.56524932
vn -0.67859989 0.50787294 0.53062916
vn -0.67859989 0.50787294 0.53062916
vn -0.67859989 0.50787294 0.53062916
vn -0.67859989 0.50787294 0.53062916
vn -0.75534761 -0.38104904 0.53315270
vn -0.75534761 -0.38104904 0.53315270
vn -0.75534761 -0.38104904 0.53315270
vn -0.75534761 -0.38104904 0.53315270
vn -0.67685455 0.53484011 0.50578064
vn -0.67685455 0.53484011 0.50578064
vn -0.67685455 0.53484011 0.50578064
vn -0.67685455 0.53484011 0.50578064
vn -0.76513296 -0.40752831 0.49848992
vn -0.76513296 -0.40752831 0.49848992
vn -0.76513296 -0.40752831 0.49848992
vn -0.76513296 -0.40752831 0.49848992
vn -0.66788304 0.56926322 0.47944933
vn -0.66788304 0.56926322 0.47944933
vn -0.66788304 0.56926322 0.47944933
vn -0.66788304 0.56926322 0.47944933
vn -0.76917672 -0.44190761 0.46161112
vn -0.76917672 -0.44190761 0.46161112
vn -0.76917672 -0.44190761 0.46161112
vn -0.76917672 -0.44190761 0.46161112
vn -0.64902246 0.61177784 0.45221448
vn -0.64902246 0.61177784 0.45221448
vn -0.64902246 0.61177784 0.45221448
vn -0.64902246 0.61177784 0.45221448
vn -0.76477402 -0.48591408 0.42309377
vn -0.76477402 -0.48591408 0.42309377
vn -0.76477402 -0.48591408 0.42309377
vn -0.76477402 -0.48591408 0.42309377
vn -0.61663401 0.66278672 0.42482501
vn -0.61663401 0.66278672 0.42482501
vn -0.61663401 0.66278672 0.42482501
vn -0.61663401 0.66278672 0.42482501
vn -0.74776638 -0.54175633 0.38385612
vn -0.74776638 -0.54175633 0.38385612
vn -0.74776638 -0.54175633 0.38385612
vn -0.74776638 -0.54175633 0.38385612
vn -0.56592131 0.72189891 0.39824006
vn -0.56592131 0.72189891 0.39824006
vn -0.56592131 0.72189891 0.39824006
vn -0.56592131 0.72189891 0.39824006
vn -0.71160626 -0.61186057 0.34531626
vn -0.71160626 -0.61186057 0.34531626
vn -0.71160626 -0.61186057 0.34531626
vn -0.71160626 -0.61186057 0.34531626
vn -0.49109718 0.78690165 0.37364346
vn -0.49109718 0.78690165 0.37364346
vn -0.49109718 0.78690165 0.37364346
vn -0.49109718 0.78690165 0.37364346
vn -0.64600897 -0.69772577 0.30959862
vn -0.64600897 -0.69772577 0.30959862
vn -0.64600897 -0.69772577 0.30959862
vn -0.64600897 -0.69772577 0.30959862
vn -0.38656381 0.85227847 0.35240570
vn -0.38656381 0.85227847 0.35240570
vn -0.38656381 0.85227847 0.35240570
vn -0.38656381 0.85227847 0.35240570
vn -0.53598702 -0.79653853 0.27972189
vn -0.53598702 -0.79653853 0.27972189
vn -0.53598702 -0.79653853 0.27972189
vn -0.53598702 -0.79653853 0.27972189
vn -0.24998119 0.90809369 0.33596912
vn -0.24998119 0.90809369 0.33596912
vn -0.24998119 0.90809369 0.33596912
vn -0.24998119 0.90809369 0.33596912
vn -0.36513656 -0.89406514 0.25946614
vn -0.36513656 -0.89406514 0.25946614
vn -0.36513656 -0.89406514 0.25946614
vn -0.36513656 -0.89406514 0.25946614
vn -0.08688682 0.94148558 0.32566196
vn -0.08688682 0.94148558 0.32566196
vn -0.08688682 0.94148558 0.32566196
vn -0.08688682 0.94148558 0.32566196
vn -0.13125898 -0.95870298 0.25230896
vn -0.13125898 -0.95870298 0.25230896
vn -0.13125898 -0.95870298 0.25230896
vn -0.13125898 -0.95870298 0.25230896
vn 0.08698691 0.94257021 0.32248199
vn 0.08698691 0.94257021 0.32248199
vn 0.08698691 0.94257021 0.32248199
vn 0.08698691 0.94257021 0.32248199
vn 0.13100141 -0.95682162 0.25948235
vn 0.13100141 -0.95682162 0.25948235
vn 0.13100141 -0.95682162 0.25948235
vn 0.13100141 -0.95682162 0.25948235
vn 0.25083047 0.91117907 0.32685900
vn 0.25083047 0.91117907 0.32685900
vn 0.25083047 0.91117907 0.32685900
vn 0.25083047 0.91117907 0.32685900
vn 0.36304626 -0.88894677 0.27923286
vn 0.36304626 -0.88894677 0.27923286
vn 0.36304626 -0.88894677 0.27923286
vn 0.36304626 -0.88894677 0.27923286
vn 0.38868523 0.85695565 0.33845386
vn 0.38868523 0.85695565 0.33845386
vn 0.38868523 0.85695565 0.33845386
vn 0.38868523 0.85695565 0.33845386
vn 0.53108722 -0.78925681 0.30825344
vn 0.53108722 -0.78925681 0.30825344
vn 0.53108722 -0.78925681 0.30825344
vn 0.53108722 -0.78925681 0.30825344
vn 0.49472088 0.79270816 0.35618120
vn 0.49472088 0.79270816 0.35618120
vn 0.49472088 0.79270816 0.35618120
vn 0.49472088 0.79270816 0.35618120
vn 0.63813019 -0.68921626 0.34317750
vn 0.63813019 -0.68921626 0.34317750
vn 0.63813019 -0.68921626 0.34317750
vn 0.63813019 -0.68921626 0.34317750
vn 0.57105154 0.72844321 0.37851122
vn 0.57105154 0.72844321 0.37851122
vn 0.57105154 0.72844321 0.37851122
vn 0.57105154 0.72844321 0.37851122
vn 0.70099497 -0.60273665 0.38120180
vn 0.70099497 -0.60273665 0.38120180
vn 0.70099497 -0.60273665 0.38120180
vn 0.70099497 -0.60273665 0.38120180
vn 0.62314188 0.66978151 0.40384039
vn 0.62314188 0.66978151 0.40384039
vn 0.62314188 0.66978151 0.40384039
vn 0.62314188 0.66978151 0.40384039
vn 0.73482937 -0.53238350 0.42023048
vn 0.73482937 -0.53238350 0.42023048
vn 0.73482937 -0.53238350 0.42023048
vn 0.73482937 -0.53238350 0.42023048
vn 0.65671414 0.61902773 0.43073350
vn 0.65671414 0.61902773 0.43073350
vn 0.65671414 0.61902773 0.43073350
vn 0.65671414 0.61902773 0.43073350
vn 0.74996346 -0.47650394 0.45880148
vn 0.74996346 -0.47650394 0.45880148
vn 0.74996346 -0.47650394 0.45880148
vn 0.74996346 -0.47650394 0.45880148
vn 0.67654043 0.57664245 0.45801365
vn 0.67654043 0.57664245 0.45801365
vn 0.67654043 0.57664245 0.45801365
vn 0.67654043 0.57664245 0.45801365
vn 0.75293911 -0.43257874 0.49594182
vn 0.75293911 -0.43257874 0.49594182
vn 0.75293911 -0.43257874 0.49594182
vn 0.75293911 -0.43257874 0.49594182
vn 0.68625820 0.54227084 0.48475978
vn 0.68625820 0.54227084 0.48475978
vn 0.68625820 0.54227084 0.48475978
vn 0.68625820 0.54227084 0.48475978
vn 0.74788374 -0.39834091 0.53103155
vn 0.74788374 -0.39834091 0.53103155
vn 0.74788374 -0.39834091 0.53103155
vn 0.74788374 -0.39834091 0.53103155
vn 0.68853992 0.51531214 0.51026094
vn 0.68853992 0.51531214 0.51026094
vn 0.68853992 0.51531214 0.51026094
vn 0.68853992 0.51531214 0.51026094
vn 0.73745871 -0.37202466 0.56369531
vn 0.73745871 -0.37202466 0.56369531
vn 0.73745871 -0.37202466 0.56369531
vn 0.73745871 -0.37202466 0.56369531
vn 0.68532187 0.49519920 0.53395844
vn 0.68532187 0.49519920 0.53395844
vn 0.68532187 0.49519920 0.53395844
vn 0.68532187 0.49519920 0.53395844
vn 0.72342628 -0.35234767 0.59372181
vn 0.72342628 -0.35234767 0.59372181
vn 0.72342628 -0.35234767 0.59372181
vn 0.72342628 -0.35234767 0.59372181
vn 0.67799675 0.48152372 0.55538762
vn 0.67799675 0.48152372 0.55538762
vn 0.67799675 0.48152372 0.55538762
vn 0.67799675 0.48152372 0.55538762
vn 0.70697618 -0.33844459 0.62099922
vn 0.70697618 -0.33844459 0.62099922
vn 0.70697618 -0.33844459 0.62099922
vn 0.70697618 -0.33844459 0.62099922
vn -0.76548195 0.00000000 0.64345741
vn -0.76548195 0.00000000 0.64345741
vn -0.76548195 0.00000000 0.64345741
vn -0.76548195 0.00000000 0.64345741
vn 0.76548195 0.00000000 0.64345741
vn 0.76548195 0.00000000 0.64345741
vn 0.76548195 0.00000000 0.64345741
vn 0.76548195 0.00000000 0.64345741
vn -0.62198973 0.56855321 0.53840142
vn -0.62198973 0.56855321 0.53840142
vn -0.62198973 0.56855321 0.53840142
vn -0.62198973 0.56855321 0.53840142
vn -0.60363942 -0.59844267 0.52676940
vn -0.60363942 -0.59844267 0.52676940
vn -0.60363942 -0.59844267 0.52676940
vn -0.60363942 -0.59844267 0.52676940
vn -0.62490284 0.58115852 0.52129769
vn -0.62490284 0.58115852 0.52129769
vn -0.62490284 0.58115852 0.52129769
vn -0.62490284 0.58115852 0.52129769
vn -0.60820591 -0.61346674 0.50373030
vn -0.60820591 -0.61346674 0.50373030
vn -0.60820591 -0.61346674 0.50373030
vn -0.60820591 -0.61346674 0.50373030
vn -0.62300676 0.60011113 0.50172639
vn -0.62300676 0.60011113 0.50172639
vn -0.62300676 0.60011113 0.50172639
vn -0.62300676 0.60011113 0.50172639
vn -0.60744238 -0.63460171 0.47780174
vn -0.60744238 -0.63460171 0.47780174
vn -0.60744238 -0.63460171 0.47780174
vn -0.60744238 -0.63460171 0.47780174
vn -0.61499935 0.62546134 0.48018116
vn -0.61499935 0.62546134 0.48018116
vn -0.61499935 0.62546134 0.48018116
vn -0.61499935 0.62546134 0.48018116
vn -0.59999967 -0.66181207 0.44944999
vn -0.59999967 -0.66181207 0.44944999
vn -0.59999967 -0.66181207 0.44944999
vn -0.59999967 -0.66181207 0.44944999
vn -0.59914595 0.65726870 0.45718932
vn -0.59914595 0.65726870 0.45718932
vn -0.59914595 0.65726870 0.45718932
vn -0.59914595 0.65726870 0.45718932
vn -0.58413649 -0.69499576 0.41924387
vn -0.58413649 -0.69499576 0.41924387
vn -0.58413649 -0.69499576 0.41924387
vn -0.58413649 -0.69499576 0.41924387
vn -0.57321817 0.69542640 0.43336257
vn -0.57321817 0.69542640 0.43336257
vn -0.57321817 0.69542640 0.43336257
vn -0.57321817 0.69542640 0.43336257
vn -0.55769736 -0.73381633 0.38792694
vn -0.55769736 -0.73381633 0.38792694
vn -0.55769736 -0.73381633 0.38792694
vn -0.55769736 -0.73381633 0.38792694
vn -0.53447670 0.73938692 0.40944067
vn -0.53447670 0.73938692 0.40944067
vn -0.53447670 0.73938692 0.40944067
vn -0.53447670 0.73938692 0.40944067
vn -0.51816452 -0.77744281 0.35649437
vn -0.51816452 -0.77744281 0.35649437
vn -0.51816452 -0.77744281 0.35649437
vn -0.51816452 -0.77744281 0.35649437
vn -0.47980708 0.78774279 0.38632420
vn -0.47980708 0.78774279 0.38632420
vn -0.47980708 0.78774279 0.38632420
vn -0.47980708 0.78774279 0.38632420
vn -0.46286780 -0.82420009 0.32626319
vn -0.46286780 -0.82420009 0.32626319
vn -0.46286780 -0.82420009 0.32626319
vn -0.46286780 -0.82420009 0.32626319
vn -0.40619177 0.83768696 0.36508748
vn -0.40619177 0.83768696 0.36508748
vn -0.40619177 0.83768696 0.36508748
vn -0.40619177 0.83768696 0.36508748
vn -0.38949183 -0.87117714 0.29890868
vn -0.38949183 -0.87117714 0.29890868
vn -0.38949183 -0.87117714 0.29890868
vn -0.38949183 -0.87117714 0.29890868
vn -0.31172511 0.88456339 0.34695110
vn -0.31172511 0.88456339 0.34695110
vn -0.31172511 0.88456339 0.34695110
vn -0.31172511 0.88456339 0.34695110
vn -0.29698315 -0.91400021 0.27641395
vn -0.29698315 -0.91400021 0.27641395
vn -0.29698315 -0.91400021 0.27641395
vn -0.29698315 -0.91400021 0.27641395
vn -0.19720279 0.92200750 0.33318663
vn -0.19720279 0.92200750 0.33318663
vn -0.19720279 0.92200750 0.33318663
vn -0.19720279 0.92200750 0.33318663
vn -0.18678120 -0.94713610 0.26085627
vn -0.18678120 -0.94713610 0.26085627
vn -0.18678120 -0.94713610 0.26085627
vn -0.18678120 -0.94713610 0.26085627
vn -0.06763934 0.94331449 0.32493511
vn -0.06763934 0.94331449 0.32493511
vn -0.06763934 0.94331449 0.32493511
vn -0.06763934 0.94331449 0.32493511
vn -0.06380539 -0.96509928 0.25399259
vn -0.06380539 -0.96509928 0.25399259
vn -0.06380539 -0.96509928 0.25399259
vn -0.06380539 -0.96509928 0.25399259
vn 0.06768753 0.94398659 0.32296711
vn 0.06768753 0.94398659 0.32296711
vn 0.06768753 0.94398659 0.32296711
vn 0.06768753 0.94398659 0.32296711
vn 0.06375738 -0.96437311 0.25674772
vn 0.06375738 -0.96437311 0.25674772
vn 0.06375738 -0.96437311 0.25674772
vn 0.06375738 -0.96437311 0.25674772
vn 0.19762108 0.92396331 0.32747167
vn 0.19762108 0.92396331 0.32747167
vn 0.19762108 0.92396331 0.32747167
vn 0.19762108 0.92396331 0.32747167
vn 0.18635514 -0.94497579 0.26887274
vn 0.18635514 -0.94497579 0.26887274
vn 0.18635514 -0.94497579 0.26887274
vn 0.18635514 -0.94497579 0.26887274
vn 0.31281015 0.88764274 0.33799428
vn 0.31281015 0.88764274 0.33799428
vn 0.31281015 0.88764274 0.33799428
vn 0.31281015 0.88764274 0.33799428
vn 0.29583526 -0.91046751 0.28901634
vn 0.29583526 -0.91046751 0.28901634
vn 0.29583526 -0.91046751 0.28901634
vn 0.29583526 -0.91046751 0.28901634
vn 0.40812740 0.84167904 0.35356534
vn 0.40812740 0.84167904 0.35356534
vn 0.40812740 0.84167904 0.35356534
vn 0.40812740 0.84167904 0.35356534
vn 0.38735110 -0.86638892 0.31516546
vn 0.38735110 -0.86638892 0.31516546
vn 0.38735110 -0.86638892 0.31516546
vn 0.38735110 -0.86638892 0.31516546
vn 0.48266414 0.79243350 0.37294054
vn 0.48266414 0.79243350 0.37294054
vn 0.48266414 0.79243350 0.37294054
vn 0.48266414 0.79243350 0.37294054
vn 0.45956749 -0.81832331 0.34517354
vn 0.45956749 -0.81832331 0.34517354
vn 0.45956749 -0.81832331 0.34517354
vn 0.45956749 -0.81832331 0.34517354
vn 0.53823608 0.74458748 0.39483091
vn 0.53823608 0.74458748 0.39483091
vn 0.53823608 0.74458748 0.39483091
vn 0.53823608 0.74458748 0.39483091
vn 0.51365244 -0.77067304 0.37712622
vn 0.51365244 -0.77067304 0.37712622
vn 0.51365244 -0.77067304 0.37712622
vn 0.51365244 -0.77067304 0.37712622
vn 0.57780015 0.70098513 0.41805124
vn 0.57780015 0.70098513 0.41805124
vn 0.57780015 0.70098513 0.41805124
vn 0.57780015 0.70098513 0.41805124
vn 0.55202436 -0.72635186 0.40949008
vn 0.55202436 -0.72635186 0.40949008
vn 0.55202436 -0.72635186 0.40949008
vn 0.55202436 -0.72635186 0.40949008
vn 0.60443449 0.66307056 0.44158393
vn 0.60443449 0.66307056 0.44158393
vn 0.60443449 0.66307056 0.44158393
vn 0.60443449 0.66307056 0.44158393
vn 0.57743043 -0.68701702 0.44111407
vn 0.57743043 -0.68701702 0.44111407
vn 0.57743043 -0.68701702 0.44111407
vn 0.57743043 -0.68701702 0.44111407
vn 0.62086087 0.63142264 0.46458307
vn 0.62086087 0.63142264 0.46458307
vn 0.62086087 0.63142264 0.46458307
vn 0.62086087 0.63142264 0.46458307
vn 0.59243745 -0.65347087 0.47116196
vn 0.59243745 -0.65347087 0.47116196
vn 0.59243745 -0.65347087 0.47116196
vn 0.59243745 -0.65347087 0.47116196
vn 0.62930113 0.60617423 0.48634648
vn 0.62930113 0.60617423 0.48634648
vn 0.62930113 0.60617423 0.48634648
vn 0.62930113 0.60617423 0.48634648
vn 0.59922582 -0.62601781 0.49902916
vn 0.59922582 -0.62601781 0.49902916
vn 0.59922582 -0.62601781 0.49902916
vn 0.59922582 -0.62601781 0.49902916
vn 0.63149160 0.58728594 0.50627416
vn 0.63149160 0.58728594 0.50627416
vn 0.63149160 0.58728594 0.50627416
vn 0.63149160 0.58728594 0.50627416
vn 0.59954369 -0.60472959 0.52426106
vn 0.59954369 -0.60472959 0.52426106
vn 0.59954369 -0.60472959 0.52426106
vn 0.59954369 -0.60472959 0.52426106
vn 0.62873942 0.57472289 0.52381337
vn 0.62873942 0.57472289 0.52381337
vn 0.62873942 0.57472289 0.52381337
vn 0.62873942 0.57472289 0.52381337
vn 0.59473568 -0.58961564 0.54648244
vn 0.59473568 -0.58961564 0.54648244
vn 0.59473568 -0.58961564 0.54648244
vn 0.59473568 -0.58961564 0.54648244
vn -0.76548159 0.00000000 0.64345795
vn -0.76548159 0.00000000 0.64345795
vn -0.76548159 0.00000000 0.64345795
vn -0.76548159 0.00000000 0.64345795
vn 0.76548159 0.00000000 0.64345795
vn 0.76548159 0.00000000 0.64345795
vn 0.76548159 0.00000000 0.64345795
vn 0.76548159 0.00000000 0.64345795
vn -0.60804677 0.59343761 0.52736229
vn -0.60804677 0.59343761 0.52736229
vn -0.60804677 0.59343761 0.52736229
vn -0.60804677 0.59343761 0.52736229
vn -0.52849579 -0.70062453 0.47939283
vn -0.52849579 -0.70062453 0.47939283
vn -0.52849579 -0.70062453 0.47939283
vn -0.52849579 -0.70062453 0.47939283
vn -0.60981441 0.60552311 0.51133960
vn -0.60981441 0.60552311 0.51133960
vn -0.60981441 0.60552311 0.51133960
vn -0.60981441 0.60552311 0.51133960
vn -0.52863944 -0.71301323 0.46060029
vn -0.52863944 -0.71301323 0.46060029
vn -0.52863944 -0.71301323 0.46060029
vn -0.52863944 -0.71301323 0.46060029
vn -0.60658705 0.62385285 0.49280819
vn -0.60658705 0.62385285 0.49280819
vn -0.60658705 0.62385285 0.49280819
vn -0.60658705 0.62385285 0.49280819
vn -0.52300125 -0.73063034 0.43891817
vn -0.52300125 -0.73063034 0.43891817
vn -0.52300125 -0.73063034 0.43891817
vn -0.52300125 -0.73063034 0.43891817
vn -0.59711063 0.64838219 0.47229168
vn -0.59711063 0.64838219 0.47229168
vn -0.59711063 0.64838219 0.47229168
vn -0.59711063 0.64838219 0.47229168
vn -0.51057494 -0.75308031 0.41494986
vn -0.51057494 -0.75308031 0.41494986
vn -0.51057494 -0.75308031 0.41494986
vn -0.51057494 -0.75308031 0.41494986
vn -0.57974178 0.67904013 0.45033771
vn -0.57974178 0.67904013 0.45033771
vn -0.57974178 0.67904013 0.45033771
vn -0.57974178 0.67904013 0.45033771
vn -0.49015585 -0.77983081 0.38937306
vn -0.49015585 -0.77983081 0.38937306
vn -0.49015585 -0.77983081 0.38937306
vn -0.49015585 -0.77983081 0.38937306
vn -0.55241263 0.71555895 0.42756969
vn -0.55241263 0.71555895 0.42756969
vn -0.55241263 0.71555895 0.42756969
vn -0.55241263 0.71555895 0.42756969
vn -0.46041375 -0.81009382 0.36299759
vn -0.46041375 -0.81009382 0.36299759
vn -0.46041375 -0.81009382 0.36299759
vn -0.46041375 -0.81009382 0.36299759
vn -0.51265693 0.75721806 0.40472683
vn -0.51265693 0.75721806 0.40472683
vn -0.51265693 0.75721806 0.40472683
vn -0.51265693 0.75721806 0.40472683
vn -0.42002273 -0.84269810 0.33680996
vn -0.42002273 -0.84269810 0.33680996
vn -0.42002273 -0.84269810 0.33680996
vn -0.42002273 -0.84269810 0.33680996
vn -0.45778936 0.80247939 0.38269550
vn -0.45778936 0.80247939 0.38269550
vn -0.45778936 0.80247939 0.38269550
vn -0.45778936 0.80247939 0.38269550
vn -0.36788666 -0.87596697 0.31199580
vn -0.36788666 -0.87596697 0.31199580
vn -0.36788666 -0.87596697 0.31199580
vn -0.36788666 -0.87596697 0.31199580
vn -0.38537645 0.84856677 0.36251831
vn -0.38537645 0.84856677 0.36251831
vn -0.38537645 0.84856677 0.36251831
vn -0.38537645 0.84856677 0.36251831
vn -0.30347127 -0.90766215 0.28992185
vn -0.30347127 -0.90766215 0.28992185
vn -0.30347127 -0.90766215 0.28992185
vn -0.30347127 -0.90766215 0.28992185
vn -0.29414263 0.89118195 0.34536198
vn -0.29414263 0.89118195 0.34536198
vn -0.29414263 0.89118195 0.34536198
vn -0.29414263 0.89118195 0.34536198
vn -0.22721213 -0.93507314 0.27205294
vn -0.22721213 -0.93507314 0.27205294
vn -0.22721213 -0.93507314 0.27205294
vn -0.22721213 -0.93507314 0.27205294
vn -0.18524991 0.92475796 0.33242321
vn -0.18524991 0.92475796 0.33242321
vn -0.18524991 0.92475796 0.33242321
vn -0.18524991 0.92475796 0.33242321
vn -0.14088935 -0.95533317 0.25978610
vn -0.14088935 -0.95533317 0.25978610
vn -0.14088935 -0.95533317 0.25978610
vn -0.14088935 -0.95533317 0.25978610
vn -0.06337406 0.94367170 0.32475764
vn -0.06337406 0.94367170 0.32475764
vn -0.06337406 0.94367170 0.32475764
vn -0.06337406 0.94367170 0.32475764
vn -0.04775807 -0.96596622 0.25422093
vn -0.04775807 -0.96596622 0.25422093
vn -0.04775807 -0.96596622 0.25422093
vn -0.04775807 -0.96596622 0.25422093
vn 0.06341305 0.94425225 0.32305792
vn 0.06341305 0.94425225 0.32305792
vn 0.06341305 0.94425225 0.32305792
vn 0.06341305 0.94425225 0.32305792
vn 0.04773586 -0.96551728 0.25592491
vn 0.04773586 -0.96551728 0.25592491
vn 0.04773586 -0.96551728 0.25592491
vn 0.04773586 -0.96551728 0.25592491
vn 0.18558966 0.92645401 0.32747439
vn 0.18558966 0.92645401 0.32747439
vn 0.18558966 0.92645401 0.32747439
vn 0.18558966 0.92645401 0.32747439
vn 0.14069089 -0.95398748 0.26479048
vn 0.14069089 -0.95398748 0.26479048
vn 0.14069089 -0.95398748 0.26479048
vn 0.14069089 -0.95398748 0.26479048
vn 0.29503021 0.89387107 0.33756721
vn 0.29503021 0.89387107 0.33756721
vn 0.29503021 0.89387107 0.33756721
vn 0.29503021 0.89387107 0.33756721
vn 0.22666943 -0.93283981 0.28005517
vn 0.22666943 -0.93283981 0.28005517
vn 0.22666943 -0.93283981 0.28005517
vn 0.22666943 -0.93283981 0.28005517
vn 0.38697320 0.85208267 0.35242993
vn 0.38697320 0.85208267 0.35242993
vn 0.38697320 0.85208267 0.35242993
vn 0.38697320 0.85208267 0.35242993
vn 0.30243701 -0.90456885 0.30047840
vn 0.30243701 -0.90456885 0.30047840
vn 0.30243701 -0.90456885 0.30047840
vn 0.30243701 -0.90456885 0.30047840
vn 0.46016687 0.80664712 0.37090012
vn 0.46016687 0.80664712 0.37090012
vn 0.46016687 0.80664712 0.37090012
vn 0.46016687 0.80664712 0.37090012
vn 0.36624956 -0.87206888 0.32458761
vn 0.36624956 -0.87206888 0.32458761
vn 0.36624956 -0.87206888 0.32458761
vn 0.36624956 -0.87206888 0.32458761
vn 0.51581144 0.76187730 0.39176726
vn 0.51581144 0.76187730 0.39176726
vn 0.51581144 0.76187730 0.39176726
vn 0.51581144 0.76187730 0.39176726
vn 0.41771966 -0.83807749 0.35090813
vn 0.41771966 -0.83807749 0.35090813
vn 0.41771966 -0.83807749 0.35090813
vn 0.41771966 -0.83807749 0.35090813
vn 0.55628544 0.72057539 0.41390532
vn 0.55628544 0.72057539 0.41390532
vn 0.55628544 0.72057539 0.41390532
vn 0.55628544 0.72057539 0.41390532
vn 0.45743459 -0.80485195 0.37810987
vn 0.45743459 -0.80485195 0.37810987
vn 0.45743459 -0.80485195 0.37810987
vn 0.45743459 -0.80485195 0.37810987
vn 0.58423972 0.68430841 0.43633246
vn 0.58423972 0.68430841 0.43633246
vn 0.58423972 0.68430841 0.43633246
vn 0.58423972 0.68430841 0.43633246
vn 0.48653957 -0.77407736 0.40507233
vn 0.48653957 -0.77407736 0.40507233
vn 0.48653957 -0.77407736 0.40507233
vn 0.48653957 -0.77407736 0.40507233
vn 0.60212117 0.65382302 0.45822009
vn 0.60212117 0.65382302 0.45822009
vn 0.60212117 0.65382302 0.45822009
vn 0.60212117 0.65382302 0.45822009
vn 0.50640059 -0.74692333 0.43088746
vn 0.50640059 -0.74692333 0.43088746
vn 0.50640059 -0.74692333 0.43088746
vn 0.50640059 -0.74692333 0.43088746
vn 0.61198932 0.62940890 0.47886708
vn 0.61198932 0.62940890 0.47886708
vn 0.61198932 0.62940890 0.47886708
vn 0.61198932 0.62940890 0.47886708
vn 0.51837641 -0.72416943 0.45482382
vn 0.51837641 -0.72416943 0.45482382
vn 0.51837641 -0.72416943 0.45482382
vn 0.51837641 -0.72416943 0.45482382
vn 0.61548638 0.61115539 0.49766016
vn 0.61548638 0.61115539 0.49766016
vn 0.61548638 0.61115539 0.49766016
vn 0.61548638 0.61115539 0.49766016
vn 0.52368873 -0.70633584 0.47627699
vn 0.52368873 -0.70633584 0.47627699
vn 0.52368873 -0.70633584 0.47627699
vn 0.52368873 -0.70633584 0.47627699
vn 0.61386842 0.59911937 0.51402503
vn 0.61386842 0.59911937 0.51402503
vn 0.61386842 0.59911937 0.51402503
vn 0.61386842 0.59911937 0.51402503
vn 0.52335328 -0.69380701 0.49470514
vn 0.52335328 -0.69380701 0.49470514
vn 0.52335328 -0.69380701 0.49470514
vn 0.52335328 -0.69380701 0.49470514
vn -0.76548159 0.00000000 0.64345795
vn -0.76548159 0.00000000 0.64345795
vn -0.76548159 0.00000000 0.64345795
vn -0.76548159 0.00000000 0.64345795
vn 0.76548159 0.00000000 0.64345795
vn 0.76548159 0.00000000 0.64345795
vn 0.76548159 0.00000000 0.64345795
vn 0.76548159 0.00000000 0.64345795
vn -0.70643288 0.68231428 0.18814836
vn -0.70643288 0.68231428 0.18814836
vn -0.70643288 0.68231428 0.18814836
vn -0.70643288 0.68231428 0.18814836
vn -0.56235296 -0.80550927 0.18685316
vn -0.56235296 -0.80550927 0.18685316
vn -0.56235296 -0.80550927 0.18685316
vn -0.56235296 -0.80550927 0.18685316
vn -0.70029348 0.68815887 0.18980645
vn -0.70029348 0.68815887 0.18980645
vn -0.70029348 0.68815887 0.18980645
vn -0.70029348 0.68815887 0.18980645
vn -0.55576056 -0.80992407 0.18749169
vn -0.55576056 -0.80992407 0.18749169
vn -0.55576056 -0.80992407 0.18749169
vn -0.55576056 -0.80992407 0.18749169
vn -0.68795830 0.70020765 0.19084758
vn -0.68795830 0.70020765 0.19084758
vn -0.68795830 0.70020765 0.19084758
vn -0.68795830 0.70020765 0.19084758
vn -0.54251879 -0.81889325 0.18731627
vn -0.54251879 -0.81889325 0.18731627
vn -0.54251879 -0.81889325 0.18731627
vn -0.54251879 -0.81889325 0.18731627
vn -0.66860795 0.71849358 0.19165176
vn -0.66860795 0.71849358 0.19165176
vn -0.66860795 0.71849358 0.19165176
vn -0.66860795 0.71849358 0.19165176
vn -0.52217221 -0.83217299 0.18661295
vn -0.52217221 -0.83217299 0.18661295
vn -0.52217221 -0.83217299 0.18661295
vn -0.52217221 -0.83217299 0.18661295
vn -0.64099413 0.74300241 0.19254640
vn -0.64099413 0.74300241 0.19254640
vn -0.64099413 0.74300241 0.19254640
vn -0.64099413 0.74300241 0.19254640
vn -0.49409309 -0.84936249 0.18562178
vn -0.49409309 -0.84936249 0.18562178
vn -0.49409309 -0.84936249 0.18562178
vn -0.49409309 -0.84936249 0.18562178
vn -0.60341311 0.77352065 0.19380012
vn -0.60341311 0.77352065 0.19380012
vn -0.60341311 0.77352065 0.19380012
vn -0.60341311 0.77352065 0.19380012
vn -0.45753953 -0.86982930 0.18453945
vn -0.45753953 -0.86982930 0.18453945
vn -0.45753953 -0.86982930 0.18453945
vn -0.45753953 -0.86982930 0.18453945
vn -0.55372477 0.80940026 0.19560210
vn -0.55372477 0.80940026 0.19560210
vn -0.55372477 0.80940026 0.19560210
vn -0.55372477 0.80940026 0.19560210
vn -0.41176516 -0.89262056 0.18351544
vn -0.41176516 -0.89262056 0.18351544
vn -0.41176516 -0.89262056 0.18351544
vn -0.41176516 -0.89262056 0.18351544
vn -0.48952195 0.84920949 0.19801918
vn -0.48952195 0.84920949 0.19801918
vn -0.48952195 0.84920949 0.19801918
vn -0.48952195 0.84920949 0.19801918
vn -0.35619465 -0.91638678 0.18264903
vn -0.35619465 -0.91638678 0.18264903
vn -0.35619465 -0.91638678 0.18264903
vn -0.35619465 -0.91638678 0.18264903
vn -0.40857708 0.89033055 0.20093834
vn -0.40857708 0.89033055 0.20093834
vn -0.40857708 0.89033055 0.20093834
vn -0.40857708 0.89033055 0.20093834
vn -0.29067340 -0.93935645 0.18198478
vn -0.29067340 -0.93935645 0.18198478
vn -0.29067340 -0.93935645 0.18198478
vn -0.29067340 -0.93935645 0.18198478
vn -0.30972916 0.92867893 0.20401792
vn -0.30972916 0.92867893 0.20401792
vn -0.30972916 0.92867893 0.20401792
vn -0.30972916 0.92867893 0.20401792
vn -0.21576461 -0.95942545 0.18151708
vn -0.21576461 -0.95942545 0.18151708
vn -0.21576461 -0.95942545 0.18151708
vn -0.21576461 -0.95942545 0.18151708
vn -0.19411211 0.95895368 0.20670877
vn -0.19411211 0.95895368 0.20670877
vn -0.19411211 0.95895368 0.20670877
vn -0.19411211 0.95895368 0.20670877
vn -0.13299878 -0.97441089 0.18120371
vn -0.13299878 -0.97441089 0.18120371
vn -0.13299878 -0.97441089 0.18120371
vn -0.13299878 -0.97441089 0.18120371
vn -0.06621769 0.97580087 0.20839375
vn -0.06621769 0.97580087 0.20839375
vn -0.06621769 0.97580087 0.20839375
vn -0.06621769 0.97580087 0.20839375
vn -0.04495517 -0.98245656 0.18099235
vn -0.04495517 -0.98245656 0.18099235
vn -0.04495517 -0.98245656 0.18099235
vn -0.04495517 -0.98245656 0.18099235
vn 0.06621403 0.97574723 0.20864591
vn 0.06621403 0.97574723 0.20864591
vn 0.06621403 0.97574723 0.20864591
vn 0.06621403 0.97574723 0.20864591
vn 0.04495637 -0.98248297 0.18084902
vn 0.04495637 -0.98248297 0.18084902
vn 0.04495637 -0.98248297 0.18084902
vn 0.04495637 -0.98248297 0.18084902
vn 0.19408102 0.95880002 0.20744886
vn 0.19408102 0.95880002 0.20744886
vn 0.19408102 0.95880002 0.20744886
vn 0.19408102 0.95880002 0.20744886
vn 0.13300931 -0.97448814 0.18078022
vn 0.13300931 -0.97448814 0.18078022
vn 0.13300931 -0.97448814 0.18078022
vn 0.13300931 -0.97448814 0.18078022
vn 0.30965099 0.92844450 0.20519999
vn 0.30965099 0.92844450 0.20519999
vn 0.30965099 0.92844450 0.20519999
vn 0.30965099 0.92844450 0.20519999
vn 0.21579240 -0.95954895 0.18082993
vn 0.21579240 -0.95954895 0.18082993
vn 0.21579240 -0.95954895 0.18082993
vn 0.21579240 -0.95954895 0.18082993
vn 0.40844300 0.89003843 0.20249900
vn 0.40844300 0.89003843 0.20249900
vn 0.40844300 0.89003843 0.20249900
vn 0.40844300 0.89003843 0.20249900
vn 0.29072389 -0.93951964 0.18105915
vn 0.29072389 -0.93951964 0.18105915
vn 0.29072389 -0.93951964 0.18105915
vn 0.29072389 -0.93951964 0.18105915
vn 0.48933211 0.84888005 0.19989192
vn 0.48933211 0.84888005 0.19989192
vn 0.48933211 0.84888005 0.19989192
vn 0.48933211 0.84888005 0.19989192
vn 0.35627073 -0.91658252 0.18151490
vn 0.35627073 -0.91658252 0.18151490
vn 0.35627073 -0.91658252 0.18151490
vn 0.35627073 -0.91658252 0.18151490
vn 0.55348468 0.80904931 0.19772208
vn 0.55348468 0.80904931 0.19772208
vn 0.55348468 0.80904931 0.19772208
vn 0.55348468 0.80904931 0.19772208
vn 0.41186735 -0.89284194 0.18220501
vn 0.41186735 -0.89284194 0.18220501
vn 0.41186735 -0.89284194 0.18220501
vn 0.41186735 -0.89284194 0.18220501
vn 0.60313046 0.77315843 0.19611178
vn 0.60313046 0.77315843 0.19611178
vn 0.60313046 0.77315843 0.19611178
vn 0.60313046 0.77315843 0.19611178
vn 0.45766625 -0.87007016 0.18308364
vn 0.45766625 -0.87007016 0.18308364
vn 0.45766625 -0.87007016 0.18308364
vn 0.45766625 -0.87007016 0.18308364
vn 0.64067698 0.74263495 0.19500320
vn 0.64067698 0.74263495 0.19500320
vn 0.64067698 0.74263495 0.19500320
vn 0.64067698 0.74263495 0.19500320
vn 0.49424174 -0.84961796 0.18405032
vn 0.49424174 -0.84961796 0.18405032
vn 0.49424174 -0.84961796 0.18405032
vn 0.49424174 -0.84961796 0.18405032
vn 0.66826457 0.71812457 0.19421546
vn 0.66826457 0.71812457 0.19421546
vn 0.66826457 0.71812457 0.19421546
vn 0.66826457 0.71812457 0.19421546
vn 0.52233911 -0.83243889 0.18495248
vn 0.52233911 -0.83243889 0.18495248
vn 0.52233911 -0.83243889 0.18495248
vn 0.52233911 -0.83243889 0.18495248
vn 0.68759626 0.69983906 0.19348589
vn 0.68759626 0.69983906 0.19348589
vn 0.68759626 0.69983906 0.19348589
vn 0.68759626 0.69983906 0.19348589
vn 0.54269952 -0.81916600 0.18559192
vn 0.54269952 -0.81916600 0.18559192
vn 0.54269952 -0.81916600 0.18559192
vn 0.54269952 -0.81916600 0.18559192
vn 0.69992036 0.68779212 0.19249325
vn 0.69992036 0.68779212 0.19249325
vn 0.69992036 0.68779212 0.19249325
vn 0.69992036 0.68779212 0.19249325
vn 0.55595046 -0.81020081 0.18572527
vn 0.55595046 -0.81020081 0.18572527
vn 0.55595046 -0.81020081 0.18572527
vn 0.55595046 -0.81020081 0.18572527
vn 0.70605642 0.68195063 0.19086049
vn 0.70605642 0.68195063 0.19086049
vn 0.70605642 0.68195063 0.19086049
vn 0.70605642 0.68195063 0.19086049
vn 0.56254661 -0.80578667 0.18506528
vn 0.56254661 -0.80578667 0.18506528
vn 0.56254661 -0.80578667 0.18506528
vn 0.56254661 -0.80578667 0.18506528
vn -0.97018516 0.00000000 0.24236512
vn -0.97018516 0.00000000 0.24236512
vn -0.97018516 0.00000000 0.24236512
vn -0.97018516 0.00000000 0.24236512
vn 0.97018516 0.00000000 0.24236512
vn 0.97018516 0.00000000 0.24236512
vn 0.97018516 0.00000000 0.24236512
vn 0.97018516 0.00000000 0.24236512
vn -0.71329445 0.67469466 0.18973194
vn -0.71329445 0.67469466 0.18973194
vn -0.71329445 0.67469466 0.18973194
vn -0.71329445 0.67469466 0.18973194
vn -0.56535542 -0.80328202 0.18737996
vn -0.56535542 -0.80328202 0.18737996
vn -0.56535542 -0.80328202 0.18737996
vn -0.56535542 -0.80328202 0.18737996
vn -0.70726442 0.68063599 0.19108073
vn -0.70726442 0.68063599 0.19108073
vn -0.70726442 0.68063599 0.19108073
vn -0.70726442 0.68063599 0.19108073
vn -0.55877215 -0.80774856 0.18792573
vn -0.55877215 -0.80774856 0.18792573
vn -0.55877215 -0.80774856 0.18792573
vn -0.55877215 -0.80774856 0.18792573
vn -0.69510013 0.69284612 0.19183359
vn -0.69510013 0.69284612 0.19183359
vn -0.69510013 0.69284612 0.19183359
vn -0.69510013 0.69284612 0.19183359
vn -0.54553449 -0.81680763 0.18766317
vn -0.54553449 -0.81680763 0.18766317
vn -0.54553449 -0.81680763 0.18766317
vn -0.54553449 -0.81680763 0.18766317
vn -0.67596644 0.71138030 0.19237344
vn -0.67596644 0.71138030 0.19237344
vn -0.67596644 0.71138030 0.19237344
vn -0.67596644 0.71138030 0.19237344
vn -0.52517974 -0.83021820 0.18687950
vn -0.52517974 -0.83021820 0.18687950
vn -0.52517974 -0.83021820 0.18687950
vn -0.52517974 -0.83021820 0.18687950
vn -0.64858693 0.73625648 0.19303180
vn -0.64858693 0.73625648 0.19303180
vn -0.64858693 0.73625648 0.19303180
vn -0.64858693 0.73625648 0.19303180
vn -0.49706528 -0.84758377 0.18581682
vn -0.49706528 -0.84758377 0.18581682
vn -0.49706528 -0.84758377 0.18581682
vn -0.49706528 -0.84758377 0.18581682
vn -0.61120510 0.76730657 0.19408499
vn -0.61120510 0.76730657 0.19408499
vn -0.61120510 0.76730657 0.19408499
vn -0.61120510 0.76730657 0.19408499
vn -0.46043259 -0.86827290 0.18467265
vn -0.46043259 -0.86827290 0.18467265
vn -0.46043259 -0.86827290 0.18467265
vn -0.46043259 -0.86827290 0.18467265
vn -0.56159496 0.80392832 0.19573031
vn -0.56159496 0.80392832 0.19573031
vn -0.56159496 0.80392832 0.19573031
vn -0.56159496 0.80392832 0.19573031
vn -0.41451171 -0.89133143 0.18359813
vn -0.41451171 -0.89133143 0.18359813
vn -0.41451171 -0.89133143 0.18359813
vn -0.41451171 -0.89133143 0.18359813
vn -0.49721643 0.84472191 0.19804284
vn -0.49721643 0.84472191 0.19804284
vn -0.49721643 0.84472191 0.19804284
vn -0.49721643 0.84472191 0.19804284
vn -0.35870254 -0.91539931 0.18269284
vn -0.35870254 -0.91539931 0.18269284
vn -0.35870254 -0.91539931 0.18269284
vn -0.35870254 -0.91539931 0.18269284
vn -0.41566685 0.88704848 0.20091273
vn -0.41566685 0.88704848 0.20091273
vn -0.41566685 0.88704848 0.20091273
vn -0.41566685 0.88704848 0.20091273
vn -0.29282594 -0.93868434 0.18200195
vn -0.29282594 -0.93868434 0.18200195
vn -0.29282594 -0.93868434 0.18200195
vn -0.29282594 -0.93868434 0.18200195
vn -0.31559831 0.92670661 0.20399201
vn -0.31559831 0.92670661 0.20399201
vn -0.31559831 0.92670661 0.20399201
vn -0.31559831 0.92670661 0.20399201
vn -0.21743259 -0.95904851 0.18151860
vn -0.21743259 -0.95904851 0.18151860
vn -0.21743259 -0.95904851 0.18151860
vn -0.21743259 -0.95904851 0.18151860
vn -0.19804399 0.95814991 0.20670573
vn -0.19804399 0.95814991 0.20670573
vn -0.19804399 0.95814991 0.20670573
vn -0.19804399 0.95814991 0.20670573
vn -0.13405952 -0.97426635 0.18119945
vn -0.13405952 -0.97426635 0.18119945
vn -0.13405952 -0.97426635 0.18119945
vn -0.13405952 -0.97426635 0.18119945
vn -0.06760980 0.97570378 0.20840155
vn -0.06760980 0.97570378 0.20840155
vn -0.06760980 0.97570378 0.20840155
vn -0.06760980 0.97570378 0.20840155
vn -0.04532019 -0.98244035 0.18098927
vn -0.04532019 -0.98244035 0.18098927
vn -0.04532019 -0.98244035 0.18098927
vn -0.04532019 -0.98244035 0.18098927
vn 0.06760658 0.97565597 0.20862608
vn 0.06760658 0.97565597 0.20862608
vn 0.06760658 0.97565597 0.20862608
vn 0.06760658 0.97565597 0.20862608
vn 0.04532134 -0.98246527 0.18085352
vn 0.04532134 -0.98246527 0.18085352
vn 0.04532134 -0.98246527 0.18085352
vn 0.04532134 -0.98246527 0.18085352
vn 0.19801582 0.95801365 0.20736338
vn 0.19801582 0.95801365 0.20736338
vn 0.19801582 0.95801365 0.20736338
vn 0.19801582 0.95801365 0.20736338
vn 0.13406959 -0.97433966 0.18079758
vn 0.13406959 -0.97433966 0.18079758
vn 0.13406959 -0.97433966 0.18079758
vn 0.13406959 -0.97433966 0.18079758
vn 0.31552765 0.92649901 0.20504139
vn 0.31552765 0.92649901 0.20504139
vn 0.31552765 0.92649901 0.20504139
vn 0.31552765 0.92649901 0.20504139
vn 0.21745911 -0.95916557 0.18086714
vn 0.21745911 -0.95916557 0.18086714
vn 0.21745911 -0.95916557 0.18086714
vn 0.21745911 -0.95916557 0.18086714
vn 0.41554600 0.88679063 0.20229647
vn 0.41554600 0.88679063 0.20229647
vn 0.41554600 0.88679063 0.20229647
vn 0.41554600 0.88679063 0.20229647
vn 0.29287419 -0.93883896 0.18112443
vn 0.29287419 -0.93883896 0.18112443
vn 0.29287419 -0.93883896 0.18112443
vn 0.29287419 -0.93883896 0.18112443
vn 0.49704596 0.84443206 0.19969976
vn 0.49704596 0.84443206 0.19969976
vn 0.49704596 0.84443206 0.19969976
vn 0.49704596 0.84443206 0.19969976
vn 0.35877514 -0.91558468 0.18161830
vn 0.35877514 -0.91558468 0.18161830
vn 0.35877514 -0.91558468 0.18161830
vn 0.35877514 -0.91558468 0.18161830
vn 0.56137979 0.80362028 0.19760355
vn 0.56137979 0.80362028 0.19760355
vn 0.56137979 0.80362028 0.19760355
vn 0.56137979 0.80362028 0.19760355
vn 0.41460916 -0.89154100 0.18235672
vn 0.41460916 -0.89154100 0.18235672
vn 0.41460916 -0.89154100 0.18235672
vn 0.41460916 -0.89154100 0.18235672
vn 0.61095220 0.76698923 0.19612502
vn 0.61095220 0.76698923 0.19612502
vn 0.61095220 0.76698923 0.19612502
vn 0.61095220 0.76698923 0.19612502
vn 0.46055350 -0.86850089 0.18329430
vn 0.46055350 -0.86850089 0.18329430
vn 0.46055350 -0.86850089 0.18329430
vn 0.46055350 -0.86850089 0.18329430
vn 0.64830375 0.73593491 0.19519746
vn 0.64830375 0.73593491 0.19519746
vn 0.64830375 0.73593491 0.19519746
vn 0.64830375 0.73593491 0.19519746
vn 0.49720693 -0.84782541 0.18432924
vn 0.49720693 -0.84782541 0.18432924
vn 0.49720693 -0.84782541 0.18432924
vn 0.49720693 -0.84782541 0.18432924
vn 0.67565972 0.71105754 0.19463085
vn 0.67565972 0.71105754 0.19463085
vn 0.67565972 0.71105754 0.19463085
vn 0.67565972 0.71105754 0.19463085
vn 0.52533877 -0.83046973 0.18530861
vn 0.52533877 -0.83046973 0.18530861
vn 0.52533877 -0.83046973 0.18530861
vn 0.52533877 -0.83046973 0.18530861
vn 0.69477665 0.69252366 0.19415551
vn 0.69477665 0.69252366 0.19415551
vn 0.69477665 0.69252366 0.19415551
vn 0.69477665 0.69252366 0.19415551
vn 0.54570687 -0.81706572 0.18603170
vn 0.54570687 -0.81706572 0.18603170
vn 0.54570687 -0.81706572 0.18603170
vn 0.54570687 -0.81706572 0.18603170
vn 0.70693070 0.68031490 0.19344403
vn 0.70693070 0.68031490 0.19344403
vn 0.70693070 0.68031490 0.19344403
vn 0.70693070 0.68031490 0.19344403
vn 0.55895317 -0.80801028 0.18625475
vn 0.55895317 -0.80801028 0.18625475
vn 0.55895317 -0.80801028 0.18625475
vn 0.55895317 -0.80801028 0.18625475
vn 0.71295744 0.67437589 0.19211653
vn 0.71295744 0.67437589 0.19211653
vn 0.71295744 0.67437589 0.19211653
vn 0.71295744 0.67437589 0.19211653
vn 0.56554019 -0.80354458 0.18568902
vn 0.56554019 -0.80354458 0.18568902
vn 0.56554019 -0.80354458 0.18568902
vn 0.56554019 -0.80354458 0.18568902
vn -0.97018522 0.00000000 0.24236488
vn -0.97018522 0.00000000 0.24236488
vn -0.97018522 0.00000000 0.24236488
vn -0.97018522 0.00000000 0.24236488
vn 0.97018522 0.00000000 0.24236488
vn 0.97018522 0.00000000 0.24236488
vn 0.97018522 0.00000000 0.24236488
vn 0.97018522 0.00000000 0.24236488
vn -0.71862823 0.66866082 0.19096126
vn -0.71862823 0.66866082 0.19096126
vn -0.71862823 0.66866082 0.19096126
vn -0.71862823 0.66866082 0.19096126
vn -0.57139677 -0.79874736 0.18843655
vn -0.57139677 -0.79874736 0.18843655
vn -0.57139677 -0.79874736 0.18843655
vn -0.57139677 -0.79874736 0.18843655
vn -0.71268690 0.67467582 0.19206755
vn -0.71268690 0.67467582 0.19206755
vn -0.71268690 0.67467582 0.19206755
vn -0.71268690 0.67467582 0.19206755
vn -0.56483418 -0.80331731 0.18879500
vn -0.56483418 -0.80331731 0.18879500
vn -0.56483418 -0.80331731 0.18879500
vn -0.56483418 -0.80331731 0.18879500
vn -0.70066243 0.68700773 0.19259438
vn -0.70066243 0.68700773 0.19259438
vn -0.70066243 0.68700773 0.19259438
vn -0.70066243 0.68700773 0.19259438
vn -0.55160910 -0.81255722 0.18835668
vn -0.55160910 -0.81255722 0.18835668
vn -0.55160910 -0.81255722 0.18835668
vn -0.55160910 -0.81255722 0.18835668
vn -0.68170792 0.70572907 0.19292696
vn -0.68170792 0.70572907 0.19292696
vn -0.68170792 0.70572907 0.19292696
vn -0.68170792 0.70572907 0.19292696
vn -0.53124171 -0.82623190 0.18741190
vn -0.53124171 -0.82623190 0.18741190
vn -0.53124171 -0.82623190 0.18741190
vn -0.53124171 -0.82623190 0.18741190
vn -0.65452391 0.73088622 0.19340061
vn -0.65452391 0.73088622 0.19340061
vn -0.65452391 0.73088622 0.19340061
vn -0.65452391 0.73088622 0.19340061
vn -0.50306445 -0.84395140 0.18620516
vn -0.50306445 -0.84395140 0.18620516
vn -0.50306445 -0.84395140 0.18620516
vn -0.50306445 -0.84395140 0.18620516
vn -0.61731505 0.76234573 0.19429645
vn -0.61731505 0.76234573 0.19429645
vn -0.61731505 0.76234573 0.19429645
vn -0.61731505 0.76234573 0.19429645
vn -0.46627939 -0.86509061 0.18493702
vn -0.46627939 -0.86509061 0.18493702
vn -0.46627939 -0.86509061 0.18493702
vn -0.46627939 -0.86509061 0.18493702
vn -0.56778705 0.79954535 0.19581911
vn -0.56778705 0.79954535 0.19581911
vn -0.56778705 0.79954535 0.19581911
vn -0.56778705 0.79954535 0.19581911
vn -0.42007178 -0.88869095 0.18376091
vn -0.42007178 -0.88869095 0.18376091
vn -0.42007178 -0.88869095 0.18376091
vn -0.42007178 -0.88869095 0.18376091
vn -0.50329518 0.84111238 0.19805042
vn -0.50329518 0.84111238 0.19805042
vn -0.50329518 0.84111238 0.19805042
vn -0.50329518 0.84111238 0.19805042
vn -0.36378694 -0.91337359 0.18277822
vn -0.36378694 -0.91337359 0.18277822
vn -0.36378694 -0.91337359 0.18277822
vn -0.36378694 -0.91337359 0.18277822
vn -0.42129159 0.88439745 0.20088424
vn -0.42129159 0.88439745 0.20088424
vn -0.42129159 0.88439745 0.20088424
vn -0.42129159 0.88439745 0.20088424
vn -0.29719797 -0.93730313 0.18203413
vn -0.29719797 -0.93730313 0.18203413
vn -0.29719797 -0.93730313 0.18203413
vn -0.29719797 -0.93730313 0.18203413
vn -0.32027307 0.92510706 0.20396607
vn -0.32027307 0.92510706 0.20396607
vn -0.32027307 0.92510706 0.20396607
vn -0.32027307 0.92510706 0.20396607
vn -0.22082435 -0.95827287 0.18152057
vn -0.22082435 -0.95827287 0.18152057
vn -0.22082435 -0.95827287 0.18152057
vn -0.22082435 -0.95827287 0.18152057
vn -0.20118831 0.95749569 0.20670113
vn -0.20118831 0.95749569 0.20670113
vn -0.20118831 0.95749569 0.20670113
vn -0.20118831 0.95749569 0.20670113
vn -0.13622041 -0.97396839 0.18118982
vn -0.13622041 -0.97396839 0.18118982
vn -0.13622041 -0.97396839 0.18118982
vn -0.13622041 -0.97396839 0.18118982
vn -0.06872430 0.97562444 0.20840815
vn -0.06872430 0.97562444 0.20840815
vn -0.06872430 0.97562444 0.20840815
vn -0.06872430 0.97562444 0.20840815
vn -0.04606256 -0.98240697 0.18098319
vn -0.04606256 -0.98240697 0.18098319
vn -0.04606256 -0.98240697 0.18098319
vn -0.04606256 -0.98240697 0.18098319
vn 0.06872137 0.97558147 0.20861024
vn 0.06872137 0.97558147 0.20861024
vn 0.06872137 0.97558147 0.20861024
vn 0.06872137 0.97558147 0.20861024
vn 0.04606360 -0.98242915 0.18086229
vn 0.04606360 -0.98242915 0.18086229
vn 0.04606360 -0.98242915 0.18086229
vn 0.04606360 -0.98242915 0.18086229
vn 0.20116255 0.95737308 0.20729324
vn 0.20116255 0.95737308 0.20729324
vn 0.20116255 0.95737308 0.20729324
vn 0.20116255 0.95737308 0.20729324
vn 0.13622950 -0.97403336 0.18083261
vn 0.13622950 -0.97403336 0.18083261
vn 0.13622950 -0.97403336 0.18083261
vn 0.13622950 -0.97403336 0.18083261
vn 0.32020855 0.92492092 0.20490943
vn 0.32020855 0.92492092 0.20490943
vn 0.32020855 0.92492092 0.20490943
vn 0.32020855 0.92492092 0.20490943
vn 0.22084832 -0.95837688 0.18094130
vn 0.22084832 -0.95837688 0.18094130
vn 0.22084832 -0.95837688 0.18094130
vn 0.22084832 -0.95837688 0.18094130
vn 0.42118174 0.88416672 0.20212691
vn 0.42118174 0.88416672 0.20212691
vn 0.42118174 0.88416672 0.20212691
vn 0.42118174 0.88416672 0.20212691
vn 0.29724142 -0.93744028 0.18125476
vn 0.29724142 -0.93744028 0.18125476
vn 0.29724142 -0.93744028 0.18125476
vn 0.29724142 -0.93744028 0.18125476
vn 0.50314039 0.84085369 0.19953652
vn 0.50314039 0.84085369 0.19953652
vn 0.50314039 0.84085369 0.19953652
vn 0.50314039 0.84085369 0.19953652
vn 0.36385235 -0.91353792 0.18182439
vn 0.36385235 -0.91353792 0.18182439
vn 0.36385235 -0.91353792 0.18182439
vn 0.36385235 -0.91353792 0.18182439
vn 0.56759226 0.79927099 0.19749700
vn 0.56759226 0.79927099 0.19749700
vn 0.56759226 0.79927099 0.19749700
vn 0.56759226 0.79927099 0.19749700
vn 0.42015946 -0.88887644 0.18265983
vn 0.42015946 -0.88887644 0.18265983
vn 0.42015946 -0.88887644 0.18265983
vn 0.42015946 -0.88887644 0.18265983
vn 0.61708653 0.76206338 0.19612178
vn 0.61708653 0.76206338 0.19612178
vn 0.61708653 0.76206338 0.19612178
vn 0.61708653 0.76206338 0.19612178
vn 0.46638805 -0.86529243 0.18371534
vn 0.46638805 -0.86529243 0.18371534
vn 0.46638805 -0.86529243 0.18371534
vn 0.46638805 -0.86529243 0.18371534
vn 0.65426803 0.73060048 0.19533652
vn 0.65426803 0.73060048 0.19533652
vn 0.65426803 0.73060048 0.19533652
vn 0.65426803 0.73060048 0.19533652
vn 0.50319183 -0.84416503 0.18488784
vn 0.50319183 -0.84416503 0.18488784
vn 0.50319183 -0.84416503 0.18488784
vn 0.50319183 -0.84416503 0.18488784
vn 0.68143094 0.70544231 0.19494376
vn 0.68143094 0.70544231 0.19494376
vn 0.68143094 0.70544231 0.19494376
vn 0.68143094 0.70544231 0.19494376
vn 0.53138471 -0.82645410 0.18602130
vn 0.53138471 -0.82645410 0.18602130
vn 0.53138471 -0.82645410 0.18602130
vn 0.53138471 -0.82645410 0.18602130
vn 0.70037025 0.68672127 0.19466737
vn 0.70037025 0.68672127 0.19466737
vn 0.70037025 0.68672127 0.19466737
vn 0.70037025 0.68672127 0.19466737
vn 0.55176395 -0.81278533 0.18691334
vn 0.55176395 -0.81278533 0.18691334
vn 0.55176395 -0.81278533 0.18691334
vn 0.55176395 -0.81278533 0.18691334
vn 0.71238548 0.67439049 0.19417661
vn 0.71238548 0.67439049 0.19417661
vn 0.71238548 0.67439049 0.19417661
vn 0.71238548 0.67439049 0.19417661
vn 0.56499684 -0.80354893 0.18731719
vn 0.56499684 -0.80354893 0.18731719
vn 0.56499684 -0.80354893 0.18731719
vn 0.56499684 -0.80354893 0.18731719
vn 0.71832341 0.66837740 0.19308883
vn 0.71832341 0.66837740 0.19308883
vn 0.71832341 0.66837740 0.19308883
vn 0.71832341 0.66837740 0.19308883
vn 0.57156307 -0.79897970 0.18694143
vn 0.57156307 -0.79897970 0.18694143
vn 0.57156307 -0.79897970 0.18694143
vn 0.57156307 -0.79897970 0.18694143
vn -0.97018516 0.00000000 0.24236500
vn -0.97018516 0.00000000 0.24236500
vn -0.97018516 0.00000000 0.24236500
vn -0.97018516 0.00000000 0.24236500
vn 0.97018516 0.00000000 0.24236500
vn 0.97018516 0.00000000 0.24236500
vn 0.97018516 0.00000000 0.24236500
vn 0.97018516 0.00000000 0.24236500
vn -0.72050488 0.66651440 0.19139324
vn -0.72050488 0.66651440 0.19139324
vn -0.72050488 0.66651440 0.19139324
vn -0.72050488 0.66651440 0.19139324
vn -0.57616466 -0.79511780 0.18926673
vn -0.57616466 -0.79511780 0.18926673
vn -0.57616466 -0.79511780 0.18926673
vn -0.57616466 -0.79511780 0.18926673
vn -0.71459556 0.67255497 0.19241397
vn -0.71459556 0.67255497 0.19241397
vn -0.71459556 0.67255497 0.19241397
vn -0.71459556 0.67255497 0.19241397
vn -0.56962025 -0.79976958 0.18947691
vn -0.56962025 -0.79976958 0.18947691
vn -0.56962025 -0.79976958 0.18947691
vn -0.56962025 -0.79976958 0.18947691
vn -0.70262152 0.68492907 0.19286096
vn -0.70262152 0.68492907 0.19286096
vn -0.70262152 0.68492907 0.19286096
vn -0.70262152 0.68492907 0.19286096
vn -0.55640864 -0.80915165 0.18889976
vn -0.55640864 -0.80915165 0.18889976
vn -0.55640864 -0.80915165 0.18889976
vn -0.55640864 -0.80915165 0.18889976
vn -0.68373221 0.70371497 0.19312015
vn -0.68373221 0.70371497 0.19312015
vn -0.68373221 0.70371497 0.19312015
vn -0.68373221 0.70371497 0.19312015
vn -0.53603709 -0.82303405 0.18782783
vn -0.53603709 -0.82303405 0.18782783
vn -0.53603709 -0.82303405 0.18782783
vn -0.53603709 -0.82303405 0.18782783
vn -0.65662009 0.72896975 0.19352838
vn -0.65662009 0.72896975 0.19352838
vn -0.65662009 0.72896975 0.19352838
vn -0.65662009 0.72896975 0.19352838
vn -0.50781578 -0.84103394 0.18650757
vn -0.50781578 -0.84103394 0.18650757
vn -0.50781578 -0.84103394 0.18650757
vn -0.50781578 -0.84103394 0.18650757
vn -0.61947584 0.76057255 0.19436871
vn -0.61947584 0.76057255 0.19436871
vn -0.61947584 0.76057255 0.19436871
vn -0.61947584 0.76057255 0.19436871
vn -0.47091836 -0.86253017 0.18514206
vn -0.47091836 -0.86253017 0.18514206
vn -0.47091836 -0.86253017 0.18514206
vn -0.47091836 -0.86253017 0.18514206
vn -0.56998181 0.79797518 0.19584802
vn -0.56998181 0.79797518 0.19584802
vn -0.56998181 0.79797518 0.19584802
vn -0.56998181 0.79797518 0.19584802
vn -0.42449149 -0.88656247 0.18388610
vn -0.42449149 -0.88656247 0.18388610
vn -0.42449149 -0.88656247 0.18388610
vn -0.42449149 -0.88656247 0.18388610
vn -0.50545406 0.83981669 0.19805112
vn -0.50545406 0.83981669 0.19805112
vn -0.50545406 0.83981669 0.19805112
vn -0.50545406 0.83981669 0.19805112
vn -0.36783671 -0.91173720 0.18284278
vn -0.36783671 -0.91173720 0.18284278
vn -0.36783671 -0.91173720 0.18284278
vn -0.36783671 -0.91173720 0.18284278
vn -0.42329463 0.88344330 0.20087233
vn -0.42329463 0.88344330 0.20087233
vn -0.42329463 0.88344330 0.20087233
vn -0.42329463 0.88344330 0.20087233
vn -0.30068642 -0.93618524 0.18205747
vn -0.30068642 -0.93618524 0.18205747
vn -0.30068642 -0.93618524 0.18205747
vn -0.30068642 -0.93618524 0.18205747
vn -0.32194248 0.92452973 0.20395556
vn -0.32194248 0.92452973 0.20395556
vn -0.32194248 0.92452973 0.20395556
vn -0.32194248 0.92452973 0.20395556
vn -0.22353689 -0.95764381 0.18152086
vn -0.22353689 -0.95764381 0.18152086
vn -0.22353689 -0.95764381 0.18152086
vn -0.22353689 -0.95764381 0.18152086
vn -0.20231344 0.95725894 0.20669922
vn -0.20231344 0.95725894 0.20669922
vn -0.20231344 0.95725894 0.20669922
vn -0.20231344 0.95725894 0.20669922
vn -0.13794911 -0.97372645 0.18118219
vn -0.13794911 -0.97372645 0.18118219
vn -0.13794911 -0.97372645 0.18118219
vn -0.13794911 -0.97372645 0.18118219
vn -0.06912336 0.97559577 0.20841072
vn -0.06912336 0.97559577 0.20841072
vn -0.06912336 0.97559577 0.20841072
vn -0.06912336 0.97559577 0.20841072
vn -0.04665791 -0.98237973 0.18097866
vn -0.04665791 -0.98237973 0.18097866
vn -0.04665791 -0.98237973 0.18097866
vn -0.04665791 -0.98237973 0.18097866
vn 0.06912042 0.97555453 0.20860469
vn 0.06912042 0.97555453 0.20860469
vn 0.06912042 0.97555453 0.20860469
vn 0.06912042 0.97555453 0.20860469
vn 0.04665886 -0.98239964 0.18087000
vn 0.04665886 -0.98239964 0.18087000
vn 0.04665886 -0.98239964 0.18087000
vn 0.04665886 -0.98239964 0.18087000
vn 0.20228854 0.95714128 0.20726779
vn 0.20228854 0.95714128 0.20726779
vn 0.20228854 0.95714128 0.20726779
vn 0.20228854 0.95714128 0.20726779
vn 0.13795741 -0.97378504 0.18086043
vn 0.13795741 -0.97378504 0.18086043
vn 0.13795741 -0.97378504 0.18086043
vn 0.13795741 -0.97378504 0.18086043
vn 0.32188028 0.92435110 0.20486125
vn 0.32188028 0.92435110 0.20486125
vn 0.32188028 0.92435110 0.20486125
vn 0.32188028 0.92435110 0.20486125
vn 0.22355869 -0.95773733 0.18099944
vn 0.22355869 -0.95773733 0.18099944
vn 0.22355869 -0.95773733 0.18099944
vn 0.22355869 -0.95773733 0.18099944
vn 0.42318866 0.88322222 0.20206442
vn 0.42318866 0.88322222 0.20206442
vn 0.42318866 0.88322222 0.20206442
vn 0.42318866 0.88322222 0.20206442
vn 0.30072603 -0.93630850 0.18135652
vn 0.30072603 -0.93630850 0.18135652
vn 0.30072603 -0.93630850 0.18135652
vn 0.30072603 -0.93630850 0.18135652
vn 0.50530505 0.83956903 0.19947605
vn 0.50530505 0.83956903 0.19947605
vn 0.50530505 0.83956903 0.19947605
vn 0.50530505 0.83956903 0.19947605
vn 0.36789620 -0.91188478 0.18198533
vn 0.36789620 -0.91188478 0.18198533
vn 0.36789620 -0.91188478 0.18198533
vn 0.36789620 -0.91188478 0.18198533
vn 0.56979424 0.79771256 0.19745666
vn 0.56979424 0.79771256 0.19745666
vn 0.56979424 0.79771256 0.19745666
vn 0.56979424 0.79771256 0.19745666
vn 0.42457116 -0.88672888 0.18289702
vn 0.42457116 -0.88672888 0.18289702
vn 0.42457116 -0.88672888 0.18289702
vn 0.42457116 -0.88672888 0.18289702
vn 0.61925596 0.76030248 0.19611773
vn 0.61925596 0.76030248 0.19611773
vn 0.61925596 0.76030248 0.19611773
vn 0.61925596 0.76030248 0.19611773
vn 0.47101715 -0.86271113 0.18404488
vn 0.47101715 -0.86271113 0.18404488
vn 0.47101715 -0.86271113 0.18404488
vn 0.47101715 -0.86271113 0.18404488
vn 0.65637404 0.72869653 0.19538298
vn 0.65637404 0.72869653 0.19538298
vn 0.65637404 0.72869653 0.19538298
vn 0.65637404 0.72869653 0.19538298
vn 0.50793129 -0.84122550 0.18532535
vn 0.50793129 -0.84122550 0.18532535
vn 0.50793129 -0.84122550 0.18532535
vn 0.50793129 -0.84122550 0.18532535
vn 0.68346590 0.70344102 0.19505152
vn 0.68346590 0.70344102 0.19505152
vn 0.68346590 0.70344102 0.19505152
vn 0.68346590 0.70344102 0.19505152
vn 0.53616679 -0.82323325 0.18658042
vn 0.53616679 -0.82323325 0.18658042
vn 0.53616679 -0.82323325 0.18658042
vn 0.53616679 -0.82323325 0.18658042
vn 0.70234066 0.68465525 0.19484569
vn 0.70234066 0.68465525 0.19484569
vn 0.70234066 0.68465525 0.19484569
vn 0.70234066 0.68465525 0.19484569
vn 0.55654919 -0.80935597 0.18760559
vn 0.55654919 -0.80935597 0.18760559
vn 0.55654919 -0.80935597 0.18760559
vn 0.55654919 -0.80935597 0.18760559
vn 0.71430564 0.67228216 0.19443303
vn 0.71430564 0.67228216 0.19443303
vn 0.71430564 0.67228216 0.19443303
vn 0.71430564 0.67228216 0.19443303
vn 0.56976801 -0.79997706 0.18815228
vn 0.56976801 -0.79997706 0.18815228
vn 0.56976801 -0.79997706 0.18815228
vn 0.56976801 -0.79997706 0.18815228
vn 0.72021174 0.66624320 0.19342999
vn 0.72021174 0.66624320 0.19342999
vn 0.72021174 0.66624320 0.19342999
vn 0.72021174 0.66624320 0.19342999
vn 0.57631564 -0.79532623 0.18792668
vn 0.57631564 -0.79532623 0.18792668
vn 0.57631564 -0.79532623 0.18792668
vn 0.57631564 -0.79532623 0.18792668
vn -0.97018522 0.00000000 0.24236487
vn -0.97018522 0.00000000 0.24236487
vn -0.97018522 0.00000000 0.24236487
vn -0.97018522 0.00000000 0.24236487
vn 0.97018522 0.00000000 0.24236487
vn 0.97018522 0.00000000 0.24236487
vn 0.97018522 0.00000000 0.24236487
vn 0.97018522 0.00000000 0.24236487
vn -0.71878016 0.67570817 0.16362670
vn -0.71878010 0.67570812 0.16362669
vn -0.71878016 0.67570817 0.16362670
vn -0.71878016 0.67570817 0.16362670
vn -0.58162433 -0.79899299 0.15272041
vn -0.58162433 -0.79899299 0.15272041
vn -0.58162433 -0.79899299 0.15272041
vn -0.58162433 -0.79899299 0.15272041
vn -0.71365565 0.68256962 0.15746270
vn -0.71365565 0.68256962 0.15746270
vn -0.71365565 0.68256962 0.15746270
vn -0.71365565 0.68256962 0.15746270
vn -0.57536870 -0.80415791 0.14926788
vn -0.57536870 -0.80415791 0.14926788
vn -0.57536870 -0.80415791 0.14926788
vn -0.57536870 -0.80415791 0.14926788
vn -0.70232600 0.69574994 0.15056667
vn -0.70232600 0.69574994 0.15056667
vn -0.70232600 0.69574994 0.15056667
vn -0.70232600 0.69574994 0.15056667
vn -0.56235623 -0.81407285 0.14505482
vn -0.56235623 -0.81407285 0.14505482
vn -0.56235623 -0.81407285 0.14505482
vn -0.56235623 -0.81407285 0.14505482
vn -0.68393582 0.71534729 0.14321321
vn -0.68393582 0.71534729 0.14321321
vn -0.68393582 0.71534729 0.14321321
vn -0.68393582 0.71534729 0.14321321
vn -0.54208231 -0.82852143 0.14035329
vn -0.54208231 -0.82852143 0.14035329
vn -0.54208231 -0.82852143 0.14035329
vn -0.54208231 -0.82852143 0.14035329
vn -0.65717804 0.74142808 0.13565174
vn -0.65717804 0.74142808 0.13565174
vn -0.65717804 0.74142808 0.13565174
vn -0.65717804 0.74142808 0.13565174
vn -0.51383990 -0.84713185 0.13541165
vn -0.51383990 -0.84713185 0.13541165
vn -0.51383990 -0.84713185 0.13541165
vn -0.51383990 -0.84713185 0.13541165
vn -0.62024480 0.77387387 0.12812330
vn -0.62024480 0.77387387 0.12812330
vn -0.62024480 0.77387387 0.12812330
vn -0.62024480 0.77387387 0.12812330
vn -0.47678143 -0.86928678 0.13046069
vn -0.47678143 -0.86928678 0.13046069
vn -0.47678143 -0.86928678 0.13046069
vn -0.47678143 -0.86928678 0.13046069
vn -0.57082635 0.81212550 0.12086962
vn -0.57082641 0.81212550 0.12086963
vn -0.57082641 0.81212550 0.12086963
vn -0.57082641 0.81212550 0.12086963
vn -0.43002304 -0.89402133 0.12572165
vn -0.43002307 -0.89402145 0.12572166
vn -0.43002307 -0.89402145 0.12572166
vn -0.43002304 -0.89402133 0.12572165
vn -0.50625557 0.85479659 0.11414080
vn -0.50625557 0.85479659 0.11414080
vn -0.50625557 0.85479659 0.11414080
vn -0.50625557 0.85479659 0.11414080
vn -0.37283763 -0.91992009 0.12140503
vn -0.37283763 -0.91992009 0.12140503
vn -0.37283763 -0.91992009 0.12140503
vn -0.37283763 -0.91992009 0.12140503
vn -0.42396173 0.89919418 0.10819589
vn -0.42396173 0.89919418 0.10819588
vn -0.42396173 0.89919418 0.10819589
vn -0.42396173 0.89919418 0.10819588
vn -0.30493063 -0.94507247 0.11770850
vn -0.30493063 -0.94507253 0.11770850
vn -0.30493063 -0.94507247 0.11770850
vn -0.30493063 -0.94507253 0.11770850
vn -0.32242614 0.94094199 0.10329442
vn -0.32242611 0.94094193 0.10329441
vn -0.32242614 0.94094199 0.10329442
vn -0.32242611 0.94094193 0.10329441
vn -0.22679067 -0.96715289 0.11481001
vn -0.22679067 -0.96715289 0.11481001
vn -0.22679067 -0.96715289 0.11481001
vn -0.22679067 -0.96715289 0.11481001
vn -0.20260064 0.97417504 0.09968086
vn -0.20260064 0.97417504 0.09968086
vn -0.20260064 0.97417504 0.09968086
vn -0.20260064 0.97417504 0.09968086
vn -0.14000024 -0.98369879 0.11285713
vn -0.14000024 -0.98369879 0.11285713
vn -0.14000024 -0.98369879 0.11285713
vn -0.14000024 -0.98369879 0.11285713
vn -0.06922068 0.99281979 0.09755673
vn -0.06922068 0.99281979 0.09755673
vn -0.06922068 0.99281979 0.09755673
vn -0.06922068 0.99281979 0.09755673
vn -0.04735820 -0.99258435 0.11195368
vn -0.04735820 -0.99258435 0.11195368
vn -0.04735820 -0.99258435 0.11195368
vn -0.04735820 -0.99258435 0.11195368
vn 0.06922408 0.99286878 0.09705471
vn 0.06922408 0.99286878 0.09705471
vn 0.06922408 0.99286878 0.09705471
vn 0.06922408 0.99286878 0.09705471
vn 0.04735713 -0.99256217 0.11215012
vn 0.04735713 -0.99256217 0.11215012
vn 0.04735713 -0.99256217 0.11215012
vn 0.04735713 -0.99256217 0.11215012
vn 0.20263033 0.97431797 0.09821149
vn 0.20263033 0.97431797 0.09821149
vn 0.20263033 0.97431797 0.09821149
vn 0.20263033 0.97431797 0.09821149
vn 0.13999091 -0.98363328 0.11343759
vn 0.13999091 -0.98363328 0.11343759
vn 0.13999091 -0.98363328 0.11343759
vn 0.13999091 -0.98363328 0.11343759
vn 0.32250386 0.94116890 0.10095792
vn 0.32250386 0.94116890 0.10095792
vn 0.32250386 0.94116890 0.10095792
vn 0.32250386 0.94116890 0.10095792
vn 0.22676575 -0.96704668 0.11575010
vn 0.22676575 -0.96704668 0.11575010
vn 0.22676575 -0.96704668 0.11575010
vn 0.22676575 -0.96704668 0.11575010
vn 0.42410219 0.89949203 0.10512601
vn 0.42410219 0.89949203 0.10512601
vn 0.42410219 0.89949203 0.10512601
vn 0.42410219 0.89949203 0.10512601
vn 0.30488440 -0.94492924 0.11897139
vn 0.30488440 -0.94492924 0.11897139
vn 0.30488440 -0.94492924 0.11897139
vn 0.30488440 -0.94492924 0.11897139
vn 0.50646633 0.85515267 0.11047980
vn 0.50646633 0.85515267 0.11047980
vn 0.50646633 0.85515267 0.11047980
vn 0.50646633 0.85515267 0.11047980
vn 0.37276632 -0.91974413 0.12294772
vn 0.37276632 -0.91974413 0.12294772
vn 0.37276632 -0.91974413 0.12294772
vn 0.37276632 -0.91974413 0.12294772
vn 0.57111001 0.81252903 0.11674752
vn 0.57111001 0.81252903 0.11674752
vn 0.57111001 0.81252903 0.11674751
vn 0.57111001 0.81252903 0.11674751
vn 0.42992473 -0.89381695 0.12749910
vn 0.42992473 -0.89381695 0.12749910
vn 0.42992473 -0.89381695 0.12749909
vn 0.42992473 -0.89381695 0.12749910
vn 0.62059975 0.77431661 0.12365202
vn 0.62059969 0.77431661 0.12365201
vn 0.62059975 0.77431661 0.12365202
vn 0.62059969 0.77431661 0.12365201
vn 0.47665593 -0.86905795 0.13242911
vn 0.47665593 -0.86905801 0.13242911
vn 0.47665593 -0.86905795 0.13242911
vn 0.47665593 -0.86905801 0.13242911
vn 0.65759987 0.74190402 0.13092332
vn 0.65759987 0.74190396 0.13092332
vn 0.65759987 0.74190402 0.13092332
vn 0.65759987 0.74190396 0.13092332
vn 0.51368862 -0.84688234 0.13752940
vn 0.51368862 -0.84688234 0.13752940
vn 0.51368862 -0.84688234 0.13752940
vn 0.51368862 -0.84688234 0.13752940
vn 0.68441826 0.71585202 0.13830225
vn 0.68441832 0.71585202 0.13830227
vn 0.68441832 0.71585202 0.13830227
vn 0.68441832 0.71585202 0.13830227
vn 0.54190773 -0.82825458 0.14258467
vn 0.54190773 -0.82825458 0.14258467
vn 0.54190773 -0.82825458 0.14258467
vn 0.54190773 -0.82825458 0.14258467
vn 0.70286113 0.69628006 0.14553474
vn 0.70286113 0.69628006 0.14553474
vn 0.70286113 0.69628006 0.14553474
vn 0.70286113 0.69628006 0.14553474
vn 0.56216204 -0.81379175 0.14736629
vn 0.56216204 -0.81379175 0.14736629
vn 0.56216204 -0.81379175 0.14736629
vn 0.56216204 -0.81379175 0.14736629
vn 0.71423376 0.68312258 0.15236001
vn 0.71423376 0.68312258 0.15236001
vn 0.71423376 0.68312258 0.15236001
vn 0.71423376 0.68312258 0.15236001
vn 0.57515949 -0.80386555 0.15163003
vn 0.57515949 -0.80386555 0.15163003
vn 0.57515949 -0.80386555 0.15163003
vn 0.57515949 -0.80386555 0.15163003
vn 0.71938992 0.67628145 0.15849769
vn 0.71938992 0.67628145 0.15849769
vn 0.71938992 0.67628145 0.15849769
vn 0.71938992 0.67628145 0.15849769
vn 0.58140564 -0.79869258 0.15510531
vn 0.58140564 -0.79869258 0.15510531
vn 0.58140564 -0.79869258 0.15510531
vn 0.58140564 -0.79869258 0.15510531
vn -0.97658437 0.00000000 0.21513514
vn -0.97658437 0.00000000 0.21513514
vn -0.97658437 0.00000000 0.21513514
vn -0.97658437 0.00000000 0.21513514
vn 0.97658437 0.00000000 0.21513514
vn 0.97658437 0.00000000 0.21513514
vn 0.97658437 0.00000000 0.21513514
vn 0.97658437 0.00000000 0.21513514
vn -0.70714724 0.68845409 0.16116399
vn -0.70714724 0.68845409 0.16116399
vn -0.70714724 0.68845409 0.16116399
vn -0.70714724 0.68845409 0.16116399
vn -0.57825911 -0.80153966 0.15215330
vn -0.57825911 -0.80153966 0.15215330
vn -0.57825911 -0.80153966 0.15215330
vn -0.57825911 -0.80153966 0.15215330
vn -0.70184654 0.69518757 0.15532482
vn -0.70184654 0.69518757 0.15532482
vn -0.70184648 0.69518757 0.15532480
vn -0.70184648 0.69518757 0.15532480
vn -0.57199103 -0.80665350 0.14878348
vn -0.57199103 -0.80665350 0.14878348
vn -0.57199103 -0.80665350 0.14878348
vn -0.57199103 -0.80665350 0.14878348
vn -0.69023728 0.70813209 0.14873253
vn -0.69023728 0.70813209 0.14873253
vn -0.69023728 0.70813209 0.14873253
vn -0.69023728 0.70813209 0.14873253
vn -0.55896968 -0.81647378 0.14464937
vn -0.55896968 -0.81647378 0.14464937
vn -0.55896962 -0.81647390 0.14464939
vn -0.55896962 -0.81647390 0.14464939
vn -0.67148888 0.72734737 0.14166342
vn -0.67148888 0.72734737 0.14166342
vn -0.67148888 0.72734737 0.14166342
vn -0.67148888 0.72734737 0.14166342
vn -0.53869855 -0.83078134 0.14002234
vn -0.53869861 -0.83078140 0.14002235
vn -0.53869855 -0.83078134 0.14002234
vn -0.53869861 -0.83078140 0.14002235
vn -0.64434111 0.75284100 0.13436897
vn -0.64434105 0.75284094 0.13436896
vn -0.64434111 0.75284100 0.13436897
vn -0.64434105 0.75284094 0.13436896
vn -0.51048660 -0.84919846 0.13514994
vn -0.51048660 -0.84919846 0.13514994
vn -0.51048660 -0.84919846 0.13514994
vn -0.51048660 -0.84919846 0.13514994
vn -0.60707086 0.78441894 0.12709028
vn -0.60707086 0.78441894 0.12709028
vn -0.60707086 0.78441900 0.12709029
vn -0.60707086 0.78441900 0.12709029
vn -0.47350451 -0.87110561 0.13026324
vn -0.47350451 -0.87110561 0.13026324
vn -0.47350451 -0.87110561 0.13026324
vn -0.47350451 -0.87110561 0.13026324
vn -0.55751282 0.82143962 0.12006848
vn -0.55751282 0.82143962 0.12006848
vn -0.55751288 0.82143968 0.12006848
vn -0.55751288 0.82143968 0.12006848
vn -0.42689884 -0.89553714 0.12558162
vn -0.42689884 -0.89553714 0.12558162
vn -0.42689881 -0.89553708 0.12558161
vn -0.42689884 -0.89553714 0.12558162
vn -0.49322343 0.86245966 0.11355148
vn -0.49322346 0.86245966 0.11355147
vn -0.49322343 0.86245966 0.11355148
vn -0.49322346 0.86245966 0.11355147
vn -0.36997196 -0.92108834 0.12131436
vn -0.36997193 -0.92108822 0.12131435
vn -0.36997196 -0.92108834 0.12131436
vn -0.36997193 -0.92108822 0.12131435
vn -0.41193745 0.90481377 0.10779443
vn -0.41193742 0.90481371 0.10779442
vn -0.41193745 0.90481377 0.10779443
vn -0.41193742 0.90481371 0.10779442
vn -0.30245900 -0.94587272 0.11765819
vn -0.30245900 -0.94587272 0.11765819
vn -0.30245900 -0.94587272 0.11765819
vn -0.30245900 -0.94587272 0.11765819
vn -0.31245473 0.94432634 0.10305300
vn -0.31245470 0.94432628 0.10305299
vn -0.31245470 0.94432628 0.10305299
vn -0.31245470 0.94432628 0.10305299
vn -0.22486685 -0.96760446 0.11478960
vn -0.22486685 -0.96760446 0.11478960
vn -0.22486685 -0.96760446 0.11478960
vn -0.22486685 -0.96760446 0.11478960
vn -0.19590905 0.97555435 0.09956552
vn -0.19590905 0.97555435 0.09956552
vn -0.19590905 0.97555435 0.09956552
vn -0.19590905 0.97555435 0.09956552
vn -0.13877274 -0.98387301 0.11285442
vn -0.13877274 -0.98387301 0.11285442
vn -0.13877274 -0.98387301 0.11285442
vn -0.13877274 -0.98387301 0.11285442
vn -0.06685059 0.99298495 0.09752925
vn -0.06685059 0.99298495 0.09752925
vn -0.06685059 0.99298495 0.09752925
vn -0.06685059 0.99298495 0.09752925
vn -0.04693549 -0.99260402 0.11195621
vn -0.04693549 -0.99260402 0.11195621
vn -0.04693549 -0.99260402 0.11195621
vn -0.04693549 -0.99260402 0.11195621
vn 0.06685356 0.99302971 0.09707033
vn 0.06685356 0.99302971 0.09707033
vn 0.06685356 0.99302971 0.09707033
vn 0.06685356 0.99302971 0.09707033
vn 0.04693449 -0.99258280 0.11214497
vn 0.04693449 -0.99258280 0.11214497
vn 0.04693449 -0.99258280 0.11214497
vn 0.04693449 -0.99258280 0.11214497
vn 0.19593538 0.97568542 0.09822121
vn 0.19593538 0.97568542 0.09822121
vn 0.19593538 0.97568542 0.09822121
vn 0.19593538 0.97568542 0.09822121
vn 0.13876386 -0.98381001 0.11341250
vn 0.13876386 -0.98381001 0.11341250
vn 0.13876386 -0.98381007 0.11341248
vn 0.13876386 -0.98381007 0.11341248
vn 0.31252378 0.94453484 0.10090996
vn 0.31252378 0.94453484 0.10090996
vn 0.31252378 0.94453484 0.10090996
vn 0.31252378 0.94453484 0.10090996
vn 0.22484307 -0.96750224 0.11569322
vn 0.22484307 -0.96750224 0.11569322
vn 0.22484307 -0.96750224 0.11569322
vn 0.22484307 -0.96750224 0.11569322
vn 0.41206259 0.90508866 0.10497181
vn 0.41206259 0.90508866 0.10497181
vn 0.41206259 0.90508866 0.10497181
vn 0.41206259 0.90508866 0.10497181
vn 0.30241489 -0.94573480 0.11887275
vn 0.30241489 -0.94573480 0.11887275
vn 0.30241489 -0.94573480 0.11887275
vn 0.30241489 -0.94573480 0.11887275
vn 0.49341211 0.86278963 0.11017562
vn 0.49341211 0.86278963 0.11017562
vn 0.49341211 0.86278963 0.11017562
vn 0.49341211 0.86278963 0.11017562
vn 0.36990389 -0.92091894 0.12279882
vn 0.36990389 -0.92091894 0.12279882
vn 0.36990389 -0.92091894 0.12279882
vn 0.36990389 -0.92091894 0.12279882
vn 0.55776751 0.82181478 0.11625815
vn 0.55776751 0.82181478 0.11625815
vn 0.55776751 0.82181478 0.11625815
vn 0.55776751 0.82181478 0.11625815
vn 0.42680499 -0.89534026 0.12729244
vn 0.42680499 -0.89534026 0.12729244
vn 0.42680499 -0.89534026 0.12729244
vn 0.42680499 -0.89534026 0.12729244
vn 0.60739022 0.78483170 0.12294811
vn 0.60739022 0.78483170 0.12294811
vn 0.60739022 0.78483170 0.12294811
vn 0.60739022 0.78483170 0.12294811
vn 0.47338465 -0.87088513 0.13215832
vn 0.47338465 -0.87088513 0.13215832
vn 0.47338465 -0.87088513 0.13215832
vn 0.47338465 -0.87088513 0.13215832
vn 0.64472157 0.75328553 0.12998067
vn 0.64472157 0.75328553 0.12998067
vn 0.64472157 0.75328553 0.12998067
vn 0.64472157 0.75328553 0.12998067
vn 0.51034206 -0.84895802 0.13719045
vn 0.51034206 -0.84895802 0.13719045
vn 0.51034206 -0.84895802 0.13719045
vn 0.51034206 -0.84895802 0.13719045
vn 0.67192471 0.72781944 0.13709918
vn 0.67192471 0.72781944 0.13709918
vn 0.67192471 0.72781944 0.13709918
vn 0.67192471 0.72781944 0.13709918
vn 0.53853172 -0.83052409 0.14217255
vn 0.53853172 -0.83052409 0.14217255
vn 0.53853172 -0.83052409 0.14217255
vn 0.53853172 -0.83052409 0.14217255
vn 0.69072092 0.70862830 0.14405030
vn 0.69072092 0.70862830 0.14405030
vn 0.69072092 0.70862830 0.14405030
vn 0.69072092 0.70862830 0.14405030
vn 0.55878425 -0.81620282 0.14687724
vn 0.55878425 -0.81620282 0.14687724
vn 0.55878425 -0.81620282 0.14687724
vn 0.55878425 -0.81620282 0.14687724
vn 0.70236892 0.69570506 0.15057321
vn 0.70236892 0.69570506 0.15057321
vn 0.70236892 0.69570506 0.15057321
vn 0.70236892 0.69570506 0.15057321
vn 0.57179129 -0.80637175 0.15106048
vn 0.57179129 -0.80637175 0.15106048
vn 0.57179129 -0.80637175 0.15106048
vn 0.57179129 -0.80637175 0.15106048
vn 0.70769781 0.68899018 0.15638518
vn 0.70769781 0.68899018 0.15638518
vn 0.70769781 0.68899018 0.15638518
vn 0.70769781 0.68899018 0.15638518
vn 0.57805043 -0.80125034 0.15445295
vn 0.57805043 -0.80125034 0.15445295
vn 0.57805043 -0.80125034 0.15445295
vn 0.57805043 -0.80125034 0.15445295
vn -0.97658426 0.00000000 0.21513547
vn -0.97658426 0.00000000 0.21513547
vn -0.97658426 0.00000000 0.21513547
vn -0.97658426 0.00000000 0.21513547
vn 0.97658426 -0.00000000 0.21513547
vn 0.97658426 -0.00000000 0.21513547
vn 0.97658426 -0.00000000 0.21513547
vn 0.97658426 -0.00000000 0.21513547
vn -0.69684386 0.69938135 0.15897954
vn -0.69684386 0.69938135 0.15897954
vn -0.69684386 0.69938135 0.15897954
vn -0.69684386 0.69938135 0.15897954
vn -0.57101882 -0.80694342 0.15092972
vn -0.57101882 -0.80694342 0.15092972
vn -0.57101882 -0.80694342 0.15092972
vn -0.57101882 -0.80694342 0.15092972
vn -0.69139868 0.70599455 0.15342645
vn -0.69139868 0.70599455 0.15342645
vn -0.69139868 0.70599455 0.15342645
vn -0.69139868 0.70599455 0.15342645
vn -0.56472814 -0.81194562 0.14773752
vn -0.56472814 -0.81194562 0.14773752
vn -0.56472814 -0.81194562 0.14773752
vn -0.56472814 -0.81194562 0.14773752
vn -0.67956209 0.71871853 0.14710227
vn -0.67956209 0.71871853 0.14710227
vn -0.67956209 0.71871853 0.14710227
vn -0.67956209 0.71871853 0.14710227
vn -0.55169261 -0.82156235 0.14377284
vn -0.55169261 -0.82156235 0.14377284
vn -0.55169261 -0.82156235 0.14377284
vn -0.55169261 -0.82156235 0.14377284
vn -0.66052854 0.73757857 0.14028476
vn -0.66052854 0.73757857 0.14028476
vn -0.66052854 0.73757857 0.14028476
vn -0.66052854 0.73757857 0.14028476
vn -0.53143483 -0.83556616 0.13930629
vn -0.53143483 -0.83556616 0.13930629
vn -0.53143483 -0.83556616 0.13930629
vn -0.53143483 -0.83556616 0.13930629
vn -0.63308036 0.76253515 0.13322687
vn -0.63308036 0.76253515 0.13322687
vn -0.63308036 0.76253515 0.13322687
vn -0.63308036 0.76253515 0.13322687
vn -0.50329626 -0.85356903 0.13458389
vn -0.50329626 -0.85356903 0.13458389
vn -0.50329626 -0.85356903 0.13458389
vn -0.50329626 -0.85356903 0.13458389
vn -0.59557080 0.79333264 0.12616999
vn -0.59557080 0.79333264 0.12616999
vn -0.59557080 0.79333264 0.12616999
vn -0.59557080 0.79333264 0.12616999
vn -0.46649233 -0.87494445 0.12983489
vn -0.46649233 -0.87494445 0.12983489
vn -0.46649233 -0.87494445 0.12983489
vn -0.46649233 -0.87494445 0.12983489
vn -0.54595900 0.82926673 0.11935474
vn -0.54595900 0.82926673 0.11935474
vn -0.54595900 0.82926673 0.11935474
vn -0.54595900 0.82926673 0.11935474
vn -0.42022440 -0.89873087 0.12527695
vn -0.42022440 -0.89873087 0.12527695
vn -0.42022440 -0.89873087 0.12527695
vn -0.42022440 -0.89873087 0.12527695
vn -0.48199114 0.86885524 0.11302676
vn -0.48199114 0.86885524 0.11302676
vn -0.48199114 0.86885524 0.11302676
vn -0.48199114 0.86885524 0.11302676
vn -0.36386093 -0.92354530 0.12111676
vn -0.36386093 -0.92354530 0.12111676
vn -0.36386093 -0.92354530 0.12111676
vn -0.36386093 -0.92354530 0.12111676
vn -0.40164876 0.90946984 0.10743807
vn -0.40164876 0.90946984 0.10743807
vn -0.40164876 0.90946984 0.10743807
vn -0.40164876 0.90946984 0.10743807
vn -0.29719916 -0.94755220 0.11754777
vn -0.29719916 -0.94755220 0.11754777
vn -0.29719916 -0.94755220 0.11754777
vn -0.29719916 -0.94755220 0.11754777
vn -0.30398530 0.94710982 0.10283951
vn -0.30398530 0.94710982 0.10283951
vn -0.30398530 0.94710982 0.10283951
vn -0.30398530 0.94710982 0.10283951
vn -0.22078040 -0.96855038 0.11474351
vn -0.22078040 -0.96855038 0.11474351
vn -0.22078040 -0.96855038 0.11474351
vn -0.22078040 -0.96855038 0.11474351
vn -0.19025747 0.97668254 0.09946500
vn -0.19025747 0.97668254 0.09946500
vn -0.19025747 0.97668254 0.09946500
vn -0.19025747 0.97668254 0.09946500
vn -0.13616763 -0.98423767 0.11284741
vn -0.13616763 -0.98423767 0.11284741
vn -0.13616763 -0.98423767 0.11284741
vn -0.13616763 -0.98423767 0.11284741
vn -0.06485640 0.99311954 0.09750562
vn -0.06485640 0.99311954 0.09750562
vn -0.06485640 0.99311954 0.09750562
vn -0.06485640 0.99311954 0.09750562
vn -0.04603950 -0.99264550 0.11196081
vn -0.04603950 -0.99264550 0.11196081
vn -0.04603950 -0.99264550 0.11196081
vn -0.04603950 -0.99264550 0.11196081
vn 0.06485905 0.99316067 0.09708318
vn 0.06485905 0.99316067 0.09708318
vn 0.06485905 0.99316067 0.09708318
vn 0.06485905 0.99316067 0.09708318
vn 0.04603860 -0.99262613 0.11213330
vn 0.04603860 -0.99262613 0.11213330
vn 0.04603860 -0.99262607 0.11213329
vn 0.04603860 -0.99262607 0.11213329
vn 0.19028103 0.97680336 0.09822577
vn 0.19028103 0.97680342 0.09822577
vn 0.19028103 0.97680336 0.09822577
vn 0.19028103 0.97680342 0.09822577
vn 0.13615967 -0.98418015 0.11335745
vn 0.13615969 -0.98418027 0.11335745
vn 0.13615967 -0.98418015 0.11335745
vn 0.13615969 -0.98418027 0.11335745
vn 0.30404717 0.94730264 0.10086095
vn 0.30404720 0.94730276 0.10086095
vn 0.30404717 0.94730264 0.10086095
vn 0.30404720 0.94730276 0.10086095
vn 0.22075914 -0.96845704 0.11557017
vn 0.22075912 -0.96845698 0.11557016
vn 0.22075914 -0.96845704 0.11557017
vn 0.22075912 -0.96845698 0.11557016
vn 0.40176135 0.90972483 0.10482585
vn 0.40176138 0.90972489 0.10482586
vn 0.40176135 0.90972483 0.10482585
vn 0.40176138 0.90972489 0.10482586
vn 0.29715958 -0.94742602 0.11865973
vn 0.29715958 -0.94742602 0.11865973
vn 0.29715958 -0.94742602 0.11865973
vn 0.29715958 -0.94742602 0.11865973
vn 0.48216146 0.86916232 0.10989574
vn 0.48216146 0.86916232 0.10989574
vn 0.48216146 0.86916232 0.10989574
vn 0.48216146 0.86916232 0.10989574
vn 0.36379978 -0.92339009 0.12247681
vn 0.36379978 -0.92339009 0.12247681
vn 0.36379978 -0.92339009 0.12247681
vn 0.36379978 -0.92339009 0.12247681
vn 0.54618961 0.82961696 0.11581306
vn 0.54618961 0.82961696 0.11581306
vn 0.54618961 0.82961696 0.11581306
vn 0.54618961 0.82961696 0.11581306
vn 0.42014000 -0.89855027 0.12684596
vn 0.42014000 -0.89855027 0.12684596
vn 0.42014000 -0.89855027 0.12684596
vn 0.42014000 -0.89855027 0.12684596
vn 0.59586066 0.79371887 0.12231272
vn 0.59586066 0.79371887 0.12231272
vn 0.59586066 0.79371887 0.12231272
vn 0.59586066 0.79371887 0.12231272
vn 0.46638444 -0.87474209 0.13157463
vn 0.46638444 -0.87474209 0.13157463
vn 0.46638444 -0.87474209 0.13157463
vn 0.46638444 -0.87474209 0.13157463
vn 0.63342637 0.76295185 0.12913379
vn 0.63342637 0.76295185 0.12913379
vn 0.63342637 0.76295185 0.12913379
vn 0.63342637 0.76295185 0.12913379
vn 0.50316602 -0.85334820 0.13645834
vn 0.50316602 -0.85334820 0.13645834
vn 0.50316602 -0.85334820 0.13645834
vn 0.50316602 -0.85334820 0.13645834
vn 0.66092527 0.73802155 0.13602223
vn 0.66092527 0.73802155 0.13602223
vn 0.66092521 0.73802155 0.13602224
vn 0.66092521 0.73802155 0.13602224
vn 0.53128451 -0.83532983 0.14128281
vn 0.53128451 -0.83532983 0.14128281
vn 0.53128451 -0.83532983 0.14128281
vn 0.53128451 -0.83532983 0.14128281
vn 0.68000245 0.71918428 0.14272535
vn 0.68000245 0.71918428 0.14272535
vn 0.68000245 0.71918428 0.14272535
vn 0.68000245 0.71918428 0.14272535
vn 0.55152541 -0.82131332 0.14582218
vn 0.55152541 -0.82131332 0.14582218
vn 0.55152541 -0.82131332 0.14582218
vn 0.55152541 -0.82131332 0.14582218
vn 0.69187433 0.70648026 0.14898197
vn 0.69187433 0.70648026 0.14898197
vn 0.69187433 0.70648026 0.14898197
vn 0.69187433 0.70648026 0.14898197
vn 0.56454813 -0.81168687 0.14983244
vn 0.56454813 -0.81168687 0.14983244
vn 0.56454813 -0.81168687 0.14983244
vn 0.56454813 -0.81168687 0.14983244
vn 0.69734472 0.69988400 0.15450765
vn 0.69734472 0.69988400 0.15450765
vn 0.69734472 0.69988400 0.15450765
vn 0.69734472 0.69988400 0.15450765
vn 0.57083082 -0.80667776 0.15304606
vn 0.57083082 -0.80667776 0.15304606
vn 0.57083082 -0.80667776 0.15304606
vn 0.57083082 -0.80667776 0.15304606
vn -0.97658426 0.00000000 0.21513534
vn -0.97658426 0.00000000 0.21513534
vn -0.97658426 0.00000000 0.21513534
vn -0.97658426 0.00000000 0.21513534
vn 0.97658426 -0.00000000 0.21513534
vn 0.97658426 -0.00000000 0.21513534
vn 0.97658426 -0.00000000 0.21513534
vn 0.97658426 -0.00000000 0.21513534
vn -0.69291532 0.70346165 0.15814598
vn -0.69291532 0.70346165 0.15814598
vn -0.69291532 0.70346165 0.15814598
vn -0.69291532 0.70346165 0.15814598
vn -0.56481528 -0.81149268 0.14987785
vn -0.56481528 -0.81149268 0.14987785
vn -0.56481528 -0.81149268 0.14987785
vn -0.56481528 -0.81149268 0.14987785
vn -0.68741745 0.71002793 0.15270132
vn -0.68741745 0.71002793 0.15270132
vn -0.68741745 0.71002793 0.15270132
vn -0.68741745 0.71002793 0.15270132
vn -0.55850863 -0.81639880 0.14683712
vn -0.55850863 -0.81639880 0.14683712
vn -0.55850863 -0.81639880 0.14683712
vn -0.55850863 -0.81639880 0.14683712
vn -0.67550004 0.72266436 0.14647871
vn -0.67550004 0.72266436 0.14647871
vn -0.67550004 0.72266436 0.14647871
vn -0.67550004 0.72266436 0.14647871
vn -0.54546529 -0.82584113 0.14301799
vn -0.54546529 -0.82584113 0.14301799
vn -0.54546529 -0.82584113 0.14301799
vn -0.54546529 -0.82584113 0.14301799
vn -0.65636545 0.74138534 0.13975738
vn -0.65636545 0.74138534 0.13975738
vn -0.65636545 0.74138534 0.13975738
vn -0.65636545 0.74138534 0.13975738
vn -0.52522796 -0.83958369 0.13868922
vn -0.52522796 -0.83958369 0.13868922
vn -0.52522796 -0.83958369 0.13868922
vn -0.52522796 -0.83958369 0.13868922
vn -0.62881339 0.76613349 0.13278998
vn -0.62881339 0.76613349 0.13278998
vn -0.62881339 0.76613349 0.13278998
vn -0.62881339 0.76613349 0.13278998
vn -0.49716237 -0.85723269 0.13409571
vn -0.49716237 -0.85723269 0.13409571
vn -0.49716237 -0.85723269 0.13409571
vn -0.49716237 -0.85723269 0.13409571
vn -0.59122610 0.79663140 0.12581803
vn -0.59122610 0.79663140 0.12581803
vn -0.59122610 0.79663140 0.12581803
vn -0.59122610 0.79663140 0.12581803
vn -0.46052164 -0.87815624 0.12946555
vn -0.46052164 -0.87815624 0.12946555
vn -0.46052164 -0.87815624 0.12946555
vn -0.46052164 -0.87815624 0.12946555
vn -0.54161048 0.83215249 0.11908158
vn -0.54161048 0.83215249 0.11908158
vn -0.54161048 0.83215249 0.11908158
vn -0.54161048 0.83215249 0.11908158
vn -0.41455513 -0.90139645 0.12501399
vn -0.41455513 -0.90139645 0.12501399
vn -0.41455513 -0.90139645 0.12501399
vn -0.41455513 -0.90139645 0.12501399
vn -0.47778186 0.87120312 0.11282600
vn -0.47778186 0.87120312 0.11282600
vn -0.47778186 0.87120312 0.11282600
vn -0.47778186 0.87120312 0.11282600
vn -0.35868323 -0.92559093 0.12094590
vn -0.35868323 -0.92559093 0.12094590
vn -0.35868323 -0.92559093 0.12094590
vn -0.35868323 -0.92559093 0.12094590
vn -0.39781082 0.91117120 0.10730193
vn -0.39781082 0.91117120 0.10730193
vn -0.39781082 0.91117120 0.10730193
vn -0.39781082 0.91117120 0.10730193
vn -0.29275262 -0.94894725 0.11745213
vn -0.29275262 -0.94894725 0.11745213
vn -0.29275262 -0.94894725 0.11745213
vn -0.29275262 -0.94894725 0.11745213
vn -0.30083919 0.94812262 0.10275837
vn -0.30083919 0.94812262 0.10275837
vn -0.30083919 0.94812262 0.10275837
vn -0.30083919 0.94812262 0.10275837
vn -0.21733320 -0.96933454 0.11470358
vn -0.21733320 -0.96933454 0.11470358
vn -0.21733320 -0.96933454 0.11470358
vn -0.21733320 -0.96933454 0.11470358
vn -0.18816689 0.97709137 0.09942660
vn -0.18816689 0.97709137 0.09942660
vn -0.18816689 0.97709137 0.09942660
vn -0.18816689 0.97709137 0.09942660
vn -0.13397440 -0.98453933 0.11284135
vn -0.13397440 -0.98453933 0.11284135
vn -0.13397440 -0.98453933 0.11284135
vn -0.13397440 -0.98453933 0.11284135
vn -0.06411947 0.99316818 0.09749692
vn -0.06411947 0.99316818 0.09749692
vn -0.06411947 0.99316818 0.09749692
vn -0.06411947 0.99316818 0.09749692
vn -0.04528568 -0.99267966 0.11196503
vn -0.04528568 -0.99267966 0.11196503
vn -0.04528568 -0.99267966 0.11196503
vn -0.04528568 -0.99267966 0.11196503
vn 0.06412206 0.99320811 0.09708766
vn 0.06412206 0.99320811 0.09708766
vn 0.06412206 0.99320811 0.09708766
vn 0.06412206 0.99320811 0.09708766
vn 0.04528487 -0.99266183 0.11212386
vn 0.04528487 -0.99266183 0.11212386
vn 0.04528487 -0.99266183 0.11212386
vn 0.04528487 -0.99266183 0.11212386
vn 0.18818943 0.97720844 0.09822676
vn 0.18818943 0.97720844 0.09822676
vn 0.18818943 0.97720844 0.09822676
vn 0.18818943 0.97720844 0.09822676
vn 0.13396719 -0.98448634 0.11331096
vn 0.13396719 -0.98448634 0.11331096
vn 0.13396719 -0.98448634 0.11331096
vn 0.13396719 -0.98448634 0.11331096
vn 0.30089855 0.94830972 0.10084037
vn 0.30089855 0.94830972 0.10084037
vn 0.30089855 0.94830972 0.10084037
vn 0.30089855 0.94830972 0.10084037
vn 0.21731387 -0.96924835 0.11546524
vn 0.21731387 -0.96924835 0.11546524
vn 0.21731387 -0.96924835 0.11546524
vn 0.21731387 -0.96924835 0.11546524
vn 0.39791891 0.91141880 0.10476827
vn 0.39791891 0.91141880 0.10476827
vn 0.39791891 0.91141880 0.10476827
vn 0.39791891 0.91141880 0.10476827
vn 0.29271671 -0.94883084 0.11847731
vn 0.29271671 -0.94883084 0.11847731
vn 0.29271671 -0.94883084 0.11847731
vn 0.29271671 -0.94883084 0.11847731
vn 0.47794557 0.87150156 0.10978652
vn 0.47794557 0.87150156 0.10978652
vn 0.47794557 0.87150156 0.10978652
vn 0.47794557 0.87150156 0.10978652
vn 0.35862768 -0.92544752 0.12220079
vn 0.35862768 -0.92544752 0.12220079
vn 0.35862768 -0.92544752 0.12220079
vn 0.35862768 -0.92544752 0.12220079
vn 0.54183221 0.83249325 0.11564056
vn 0.54183221 0.83249325 0.11564056
vn 0.54183221 0.83249325 0.11564056
vn 0.54183221 0.83249325 0.11564056
vn 0.41447839 -0.90122962 0.12646292
vn 0.41447839 -0.90122962 0.12646292
vn 0.41447839 -0.90122962 0.12646292
vn 0.41447839 -0.90122962 0.12646292
vn 0.59150529 0.79700750 0.12206760
vn 0.59150529 0.79700750 0.12206760
vn 0.59150529 0.79700750 0.12206760
vn 0.59150529 0.79700750 0.12206760
vn 0.46042356 -0.87796921 0.13107292
vn 0.46042356 -0.87796921 0.13107292
vn 0.46042362 -0.87796926 0.13107294
vn 0.46042362 -0.87796932 0.13107294
vn 0.62914675 0.76653963 0.12880826
vn 0.62914670 0.76653951 0.12880825
vn 0.62914670 0.76653951 0.12880825
vn 0.62914670 0.76653951 0.12880825
vn 0.49704394 -0.85702848 0.13582899
vn 0.49704394 -0.85702848 0.13582899
vn 0.49704394 -0.85702848 0.13582899
vn 0.49704394 -0.85702848 0.13582899
vn 0.65674776 0.74181718 0.13560894
vn 0.65674776 0.74181712 0.13560893
vn 0.65674776 0.74181712 0.13560893
vn 0.65674776 0.74181712 0.13560893
vn 0.52509123 -0.83936512 0.14051804
vn 0.52509123 -0.83936512 0.14051804
vn 0.52509129 -0.83936518 0.14051805
vn 0.52509129 -0.83936518 0.14051805
vn 0.67592448 0.72311842 0.14221741
vn 0.67592448 0.72311842 0.14221741
vn 0.67592448 0.72311842 0.14221741
vn 0.67592448 0.72311842 0.14221741
vn 0.54531318 -0.82561082 0.14491467
vn 0.54531324 -0.82561088 0.14491469
vn 0.54531318 -0.82561082 0.14491467
vn 0.54531324 -0.82561088 0.14491469
vn 0.68787593 0.71050143 0.14837246
vn 0.68787593 0.71050143 0.14837247
vn 0.68787593 0.71050143 0.14837246
vn 0.68787593 0.71050143 0.14837247
vn 0.55834496 -0.81615943 0.14877726
vn 0.55834496 -0.81615949 0.14877728
vn 0.55834496 -0.81615943 0.14877726
vn 0.55834496 -0.81615949 0.14877728
vn 0.69339800 0.70395160 0.15379015
vn 0.69339794 0.70395154 0.15379013
vn 0.69339794 0.70395154 0.15379013
vn 0.69339794 0.70395154 0.15379013
vn 0.56464440 -0.81124723 0.15183783
vn 0.56464440 -0.81124723 0.15183783
vn 0.56464440 -0.81124723 0.15183783
vn 0.56464440 -0.81124723 0.15183783
vn -0.97658432 0.00000000 0.21513520
vn -0.97658432 0.00000000 0.21513520
vn -0.97658432 0.00000000 0.21513520
vn -0.97658432 0.00000000 0.21513520
vn 0.97658432 0.00000000 0.21513520
vn 0.97658432 0.00000000 0.21513520
vn 0.97658432 0.00000000 0.21513520
vn 0.97658432 0.00000000 0.21513520
vn -0.69963187 0.71196824 0.06013814
vn -0.69963187 0.71196824 0.06013814
vn -0.69963187 0.71196824 0.06013814
vn -0.69963187 0.71196824 0.06013814
vn -0.56775731 -0.82077467 0.06309244
vn -0.56775731 -0.82077467 0.06309244
vn -0.56775731 -0.82077467 0.06309244
vn -0.56775731 -0.82077467 0.06309244
vn -0.69351840 0.71803230 0.05883783
vn -0.69351840 0.71803230 0.05883783
vn -0.69351840 0.71803230 0.05883783
vn -0.69351840 0.71803230 0.05883783
vn -0.56111664 -0.82529455 0.06353893
vn -0.56111664 -0.82529455 0.06353893
vn -0.56111664 -0.82529455 0.06353893
vn -0.56111664 -0.82529455 0.06353893
vn -0.68088114 0.73015213 0.05726038
vn -0.68088114 0.73015213 0.05726038
vn -0.68088114 0.73015207 0.05726036
vn -0.68088114 0.73015207 0.05726036
vn -0.54764640 -0.83428127 0.06370450
vn -0.54764640 -0.83428127 0.06370450
vn -0.54764640 -0.83428127 0.06370450
vn -0.54764640 -0.83428127 0.06370450
vn -0.66096753 0.74835789 0.05552014
vn -0.66096753 0.74835789 0.05552014
vn -0.66096753 0.74835789 0.05552014
vn -0.66096753 0.74835789 0.05552014
vn -0.52692765 -0.84752065 0.06368630
vn -0.52692765 -0.84752065 0.06368630
vn -0.52692765 -0.84752065 0.06368630
vn -0.52692765 -0.84752065 0.06368630
vn -0.63261694 0.77259970 0.05371749
vn -0.63261694 0.77259970 0.05371749
vn -0.63261694 0.77259970 0.05371749
vn -0.63261694 0.77259970 0.05371749
vn -0.49836603 -0.86463338 0.06356509
vn -0.49836603 -0.86463338 0.06356509
vn -0.49836603 -0.86463338 0.06356509
vn -0.49836603 -0.86463338 0.06356509
vn -0.59424669 0.80260384 0.05194347
vn -0.59424669 0.80260384 0.05194347
vn -0.59424663 0.80260378 0.05194347
vn -0.59424663 0.80260378 0.05194347
vn -0.46125275 -0.88500035 0.06340536
vn -0.46125275 -0.88500035 0.06340536
vn -0.46125278 -0.88500041 0.06340537
vn -0.46125275 -0.88500035 0.06340536
vn -0.54389340 0.83764660 0.05028076
vn -0.54389340 0.83764660 0.05028076
vn -0.54389340 0.83764660 0.05028076
vn -0.54389340 0.83764660 0.05028076
vn -0.41487285 -0.90767807 0.06325459
vn -0.41487283 -0.90767801 0.06325459
vn -0.41487285 -0.90767807 0.06325459
vn -0.41487283 -0.90767801 0.06325459
vn -0.47940308 0.87623698 0.04880067
vn -0.47940308 0.87623692 0.04880067
vn -0.47940308 0.87623698 0.04880067
vn -0.47940308 0.87623692 0.04880067
vn -0.35868141 -0.93132222 0.06314065
vn -0.35868138 -0.93132210 0.06314064
vn -0.35868141 -0.93132222 0.06314065
vn -0.35868138 -0.93132210 0.06314064
vn -0.39887193 0.91577244 0.04756094
vn -0.39887196 0.91577244 0.04756094
vn -0.39887196 0.91577244 0.04756094
vn -0.39887196 0.91577244 0.04756094
vn -0.29255021 -0.95416796 0.06307110
vn -0.29255021 -0.95416796 0.06307110
vn -0.29255021 -0.95416796 0.06307110
vn -0.29255021 -0.95416796 0.06307110
vn -0.30146077 0.95233917 0.04659929
vn -0.30146077 0.95233917 0.04659929
vn -0.30146077 0.95233917 0.04659929
vn -0.30146077 0.95233917 0.04659929
vn -0.21706101 -0.97412062 0.06303535
vn -0.21706101 -0.97412062 0.06303535
vn -0.21706103 -0.97412074 0.06303536
vn -0.21706103 -0.97412074 0.06303536
vn -0.18847226 0.98100388 0.04593166
vn -0.18847226 0.98100388 0.04593166
vn -0.18847226 0.98100388 0.04593166
vn -0.18847226 0.98100388 0.04593166
vn -0.13375397 -0.98900938 0.06301079
vn -0.13375397 -0.98900938 0.06301079
vn -0.13375397 -0.98900938 0.06301079
vn -0.13375397 -0.98900938 0.06301079
vn -0.06420764 0.99689609 0.04555812
vn -0.06420764 0.99689609 0.04555812
vn -0.06420764 0.99689615 0.04555812
vn -0.06420764 0.99689615 0.04555812
vn -0.04520222 -0.99699110 0.06297219
vn -0.04520222 -0.99699116 0.06297220
vn -0.04520222 -0.99699116 0.06297220
vn -0.04520222 -0.99699110 0.06297219
vn 0.06420787 0.99689984 0.04547620
vn 0.06420788 0.99689990 0.04547621
vn 0.06420787 0.99689984 0.04547620
vn 0.06420788 0.99689990 0.04547621
vn 0.04520241 -0.99699533 0.06290530
vn 0.04520241 -0.99699539 0.06290530
vn 0.04520241 -0.99699533 0.06290530
vn 0.04520241 -0.99699539 0.06290530
vn 0.18847433 0.98101467 0.04569102
vn 0.18847433 0.98101467 0.04569101
vn 0.18847433 0.98101467 0.04569102
vn 0.18847433 0.98101467 0.04569101
vn 0.13375564 -0.98902178 0.06281222
vn 0.13375564 -0.98902178 0.06281222
vn 0.13375564 -0.98902178 0.06281222
vn 0.13375564 -0.98902178 0.06281222
vn 0.30146617 0.95235622 0.04621461
vn 0.30146620 0.95235628 0.04621462
vn 0.30146617 0.95235622 0.04621461
vn 0.30146620 0.95235628 0.04621462
vn 0.21706544 -0.97414047 0.06271337
vn 0.21706544 -0.97414047 0.06271337
vn 0.21706544 -0.97414047 0.06271337
vn 0.21706544 -0.97414047 0.06271337
vn 0.39888155 0.91579455 0.04705202
vn 0.39888155 0.91579455 0.04705202
vn 0.39888155 0.91579455 0.04705202
vn 0.39888155 0.91579455 0.04705202
vn 0.29255822 -0.95419413 0.06263709
vn 0.29255822 -0.95419413 0.06263709
vn 0.29255822 -0.95419413 0.06263709
vn 0.29255822 -0.95419413 0.06263709
vn 0.47941729 0.87626308 0.04818885
vn 0.47941729 0.87626308 0.04818885
vn 0.47941729 0.87626308 0.04818885
vn 0.47941729 0.87626308 0.04818885
vn 0.35869345 -0.93135339 0.06260851
vn 0.35869345 -0.93135339 0.06260851
vn 0.35869345 -0.93135339 0.06260851
vn 0.35869345 -0.93135339 0.06260851
vn 0.54391235 0.83767569 0.04958662
vn 0.54391235 0.83767569 0.04958662
vn 0.54391235 0.83767569 0.04958662
vn 0.54391235 0.83767569 0.04958662
vn 0.41488907 -0.90771335 0.06263930
vn 0.41488907 -0.90771335 0.06263930
vn 0.41488901 -0.90771335 0.06263929
vn 0.41488901 -0.90771335 0.06263929
vn 0.59426987 0.80263519 0.05118554
vn 0.59426987 0.80263519 0.05118554
vn 0.59426987 0.80263519 0.05118554
vn 0.59426987 0.80263519 0.05118554
vn 0.46127272 -0.88503867 0.06272139
vn 0.46127272 -0.88503867 0.06272139
vn 0.46127272 -0.88503867 0.06272139
vn 0.46127272 -0.88503867 0.06272139
vn 0.63264424 0.77263302 0.05291052
vn 0.63264424 0.77263302 0.05291052
vn 0.63264424 0.77263302 0.05291052
vn 0.63264424 0.77263302 0.05291052
vn 0.49838939 -0.86467391 0.06282581
vn 0.49838939 -0.86467391 0.06282581
vn 0.49838939 -0.86467391 0.06282581
vn 0.49838939 -0.86467391 0.06282581
vn 0.66099834 0.74839270 0.05467728
vn 0.66099834 0.74839270 0.05467728
vn 0.66099834 0.74839270 0.05467728
vn 0.66099834 0.74839270 0.05467728
vn 0.52695382 -0.84756273 0.06290455
vn 0.52695382 -0.84756273 0.06290455
vn 0.52695382 -0.84756273 0.06290455
vn 0.52695382 -0.84756273 0.06290455
vn 0.68091482 0.73018813 0.05639240
vn 0.68091482 0.73018813 0.05639240
vn 0.68091482 0.73018813 0.05639240
vn 0.68091482 0.73018813 0.05639240
vn 0.54767472 -0.83432436 0.06289210
vn 0.54767472 -0.83432436 0.06289210
vn 0.54767472 -0.83432436 0.06289210
vn 0.54767472 -0.83432436 0.06289210
vn 0.69355440 0.71806943 0.05795359
vn 0.69355440 0.71806943 0.05795359
vn 0.69355440 0.71806943 0.05795359
vn 0.69355440 0.71806943 0.05795359
vn 0.56114614 -0.82533801 0.06270684
vn 0.56114614 -0.82533801 0.06270684
vn 0.56114614 -0.82533801 0.06270684
vn 0.56114614 -0.82533801 0.06270684
vn 0.69966924 0.71200621 0.05924654
vn 0.69966924 0.71200621 0.05924654
vn 0.69966924 0.71200621 0.05924654
vn 0.69966924 0.71200621 0.05924654
vn 0.56778735 -0.82081819 0.06225003
vn 0.56778735 -0.82081819 0.06225003
vn 0.56778735 -0.82081819 0.06225003
vn 0.56778735 -0.82081819 0.06225003
vn -0.99663514 0.00000000 0.08196635
vn -0.99663514 0.00000000 0.08196635
vn -0.99663514 0.00000000 0.08196635
vn -0.99663514 0.00000000 0.08196635
vn 0.99663514 -0.00000000 0.08196635
vn 0.99663514 -0.00000000 0.08196635
vn 0.99663514 -0.00000000 0.08196635
vn 0.99663514 -0.00000000 0.08196635
vn -0.69767326 0.71390045 0.05998399
vn -0.69767326 0.71390045 0.05998399
vn -0.69767326 0.71390045 0.05998399
vn -0.69767326 0.71390045 0.05998399
vn -0.56880313 -0.82004547 0.06315310
vn -0.56880313 -0.82004547 0.06315310
vn -0.56880313 -0.82004547 0.06315310
vn -0.56880313 -0.82004547 0.06315310
vn -0.69154292 0.71994579 0.05870617
vn -0.69154292 0.71994579 0.05870617
vn -0.69154292 0.71994579 0.05870617
vn -0.69154292 0.71994579 0.05870617
vn -0.56216162 -0.82457918 0.06358897
vn -0.56216162 -0.82457918 0.06358897
vn -0.56216162 -0.82457918 0.06358897
vn -0.56216162 -0.82457918 0.06358897
vn -0.67887521 0.73202610 0.05715002
vn -0.67887521 0.73202610 0.05715002
vn -0.67887521 0.73202610 0.05715002
vn -0.67887521 0.73202610 0.05715002
vn -0.54868948 -0.83359247 0.06374432
vn -0.54868948 -0.83359247 0.06374432
vn -0.54868948 -0.83359247 0.06374432
vn -0.54868948 -0.83359247 0.06374432
vn -0.65892178 0.75016630 0.05542937
vn -0.65892178 0.75016630 0.05542937
vn -0.65892178 0.75016630 0.05542937
vn -0.65892178 0.75016630 0.05542937
vn -0.52796400 -0.84687322 0.06371652
vn -0.52796400 -0.84687322 0.06371652
vn -0.52796400 -0.84687322 0.06371652
vn -0.52796400 -0.84687322 0.06371652
vn -0.63053006 0.77430868 0.05364495
vn -0.63053006 0.77430868 0.05364495
vn -0.63053006 0.77430868 0.05364495
vn -0.63053006 0.77430868 0.05364495
vn -0.49938643 -0.86404288 0.06358697
vn -0.49938643 -0.86404288 0.06358697
vn -0.49938643 -0.86404288 0.06358697
vn -0.49938643 -0.86404288 0.06358697
vn -0.59213144 0.80416906 0.05188755
vn -0.59213144 0.80416906 0.05188755
vn -0.59213144 0.80416906 0.05188755
vn -0.59213144 0.80416906 0.05188755
vn -0.46224222 -0.88448286 0.06342042
vn -0.46224222 -0.88448286 0.06342042
vn -0.46224222 -0.88448286 0.06342042
vn -0.46224222 -0.88448286 0.06342042
vn -0.54178584 0.83901376 0.05023929
vn -0.54178584 0.83901376 0.05023929
vn -0.54178584 0.83901376 0.05023929
vn -0.54178584 0.83901376 0.05023929
vn -0.41580942 -0.90724868 0.06326403
vn -0.41580942 -0.90724868 0.06326403
vn -0.41580942 -0.90724868 0.06326403
vn -0.41580942 -0.90724868 0.06326403
vn -0.47737116 0.87734717 0.04877192
vn -0.47737116 0.87734717 0.04877192
vn -0.47737116 0.87734717 0.04877192
vn -0.47737116 0.87734717 0.04877192
vn -0.35953444 -0.93099290 0.06314554
vn -0.35953444 -0.93099290 0.06314554
vn -0.35953444 -0.93099290 0.06314554
vn -0.35953444 -0.93099290 0.06314554
vn -0.39702621 0.91657519 0.04754236
vn -0.39702621 0.91657519 0.04754236
vn -0.39702621 0.91657519 0.04754236
vn -0.39702621 0.91657519 0.04754236
vn -0.29328063 -0.95394355 0.06307308
vn -0.29328063 -0.95394355 0.06307308
vn -0.29328063 -0.95394355 0.06307308
vn -0.29328063 -0.95394355 0.06307308
vn -0.29995337 0.95281553 0.04658825
vn -0.29995337 0.95281553 0.04658825
vn -0.29995337 0.95281553 0.04658825
vn -0.29995337 0.95281553 0.04658825
vn -0.21762596 -0.97399461 0.06303588
vn -0.21762596 -0.97399461 0.06303588
vn -0.21762596 -0.97399461 0.06303588
vn -0.21762596 -0.97399461 0.06303588
vn -0.18747254 0.98119563 0.04592614
vn -0.18747254 0.98119563 0.04592614
vn -0.18747254 0.98119563 0.04592614
vn -0.18747254 0.98119563 0.04592614
vn -0.13411315 -0.98896068 0.06301054
vn -0.13411315 -0.98896068 0.06301054
vn -0.13411315 -0.98896068 0.06301054
vn -0.13411315 -0.98896068 0.06301054
vn -0.06385596 0.99691886 0.04555651
vn -0.06385596 0.99691886 0.04555651
vn -0.06385596 0.99691886 0.04555651
vn -0.06385596 0.99691886 0.04555651
vn -0.04532519 -0.99698550 0.06297221
vn -0.04532519 -0.99698550 0.06297221
vn -0.04532519 -0.99698550 0.06297221
vn -0.04532519 -0.99698550 0.06297221
vn 0.06385620 0.99692237 0.04547694
vn 0.06385620 0.99692237 0.04547694
vn 0.06385620 0.99692237 0.04547694
vn 0.06385620 0.99692237 0.04547694
vn 0.04532538 -0.99698967 0.06290611
vn 0.04532538 -0.99698967 0.06290611
vn 0.04532538 -0.99698967 0.06290611
vn 0.04532538 -0.99698967 0.06290611
vn 0.18747453 0.98120618 0.04569261
vn 0.18747453 0.98120618 0.04569261
vn 0.18747453 0.98120618 0.04569261
vn 0.18747453 0.98120618 0.04569261
vn 0.13411480 -0.98897296 0.06281470
vn 0.13411480 -0.98897296 0.06281470
vn 0.13411480 -0.98897296 0.06281470
vn 0.13411480 -0.98897296 0.06281470
vn 0.29995859 0.95283222 0.04621470
vn 0.29995859 0.95283222 0.04621470
vn 0.29995859 0.95283222 0.04621470
vn 0.29995859 0.95283222 0.04621470
vn 0.21763033 -0.97401416 0.06271783
vn 0.21763033 -0.97401416 0.06271783
vn 0.21763033 -0.97401416 0.06271783
vn 0.21763033 -0.97401416 0.06271783
vn 0.39703554 0.91659665 0.04704783
vn 0.39703554 0.91659665 0.04704783
vn 0.39703554 0.91659665 0.04704783
vn 0.39703554 0.91659665 0.04704783
vn 0.29328856 -0.95396930 0.06264460
vn 0.29328856 -0.95396930 0.06264460
vn 0.29328856 -0.95396930 0.06264460
vn 0.29328856 -0.95396930 0.06264460
vn 0.47738495 0.87737250 0.04817744
vn 0.47738495 0.87737250 0.04817744
vn 0.47738495 0.87737250 0.04817744
vn 0.47738495 0.87737250 0.04817744
vn 0.35954633 -0.93102372 0.06262049
vn 0.35954633 -0.93102372 0.06262049
vn 0.35954633 -0.93102372 0.06262049
vn 0.35954633 -0.93102372 0.06262049
vn 0.54180408 0.83904213 0.04956472
vn 0.54180408 0.83904213 0.04956472
vn 0.54180408 0.83904213 0.04956472
vn 0.54180408 0.83904213 0.04956472
vn 0.41582540 -0.90728354 0.06265659
vn 0.41582540 -0.90728354 0.06265659
vn 0.41582540 -0.90728354 0.06265659
vn 0.41582540 -0.90728354 0.06265659
vn 0.59215409 0.80419976 0.05115033
vn 0.59215409 0.80419976 0.05115033
vn 0.59215409 0.80419976 0.05115033
vn 0.59215409 0.80419976 0.05115033
vn 0.46226200 -0.88452071 0.06274513
vn 0.46226200 -0.88452071 0.06274513
vn 0.46226200 -0.88452071 0.06274513
vn 0.46226200 -0.88452071 0.06274513
vn 0.63055646 0.77434111 0.05286008
vn 0.63055646 0.77434111 0.05286008
vn 0.63055646 0.77434111 0.05286008
vn 0.63055646 0.77434111 0.05286008
vn 0.49940953 -0.86408287 0.06285747
vn 0.49940953 -0.86408287 0.06285747
vn 0.49940953 -0.86408287 0.06285747
vn 0.49940953 -0.86408287 0.06285747
vn 0.65895170 0.75020021 0.05460940
vn 0.65895170 0.75020021 0.05460940
vn 0.65895170 0.75020021 0.05460940
vn 0.65895170 0.75020021 0.05460940
vn 0.52798986 -0.84691477 0.06294537
vn 0.52798986 -0.84691477 0.06294537
vn 0.52798986 -0.84691477 0.06294537
vn 0.52798986 -0.84691477 0.06294537
vn 0.67890787 0.73206133 0.05630531
vn 0.67890787 0.73206133 0.05630531
vn 0.67890787 0.73206133 0.05630531
vn 0.67890787 0.73206133 0.05630531
vn 0.54871750 -0.83363503 0.06294280
vn 0.54871750 -0.83363503 0.06294280
vn 0.54871750 -0.83363503 0.06294280
vn 0.54871750 -0.83363503 0.06294280
vn 0.69157767 0.71998203 0.05784582
vn 0.69157767 0.71998203 0.05784582
vn 0.69157767 0.71998203 0.05784582
vn 0.69157767 0.71998203 0.05784582
vn 0.56219089 -0.82462209 0.06276774
vn 0.56219089 -0.82462209 0.06276774
vn 0.56219089 -0.82462209 0.06276774
vn 0.56219089 -0.82462209 0.06276774
vn 0.69770950 0.71393740 0.05911622
vn 0.69770950 0.71393740 0.05911622
vn 0.69770950 0.71393740 0.05911622
vn 0.69770950 0.71393740 0.05911622
vn 0.56883293 -0.82008845 0.06232216
vn 0.56883293 -0.82008845 0.06232216
vn 0.56883293 -0.82008845 0.06232216
vn 0.56883293 -0.82008845 0.06232216
vn -0.99663514 0.00000000 0.08196618
vn -0.99663514 0.00000000 0.08196618
vn -0.99663514 0.00000000 0.08196618
vn -0.99663514 0.00000000 0.08196618
vn 0.99663514 -0.00000000 0.08196618
vn 0.99663514 -0.00000000 0.08196618
vn 0.99663514 -0.00000000 0.08196618
vn 0.99663514 -0.00000000 0.08196618
vn -0.69581228 0.71572673 0.05983759
vn -0.69581228 0.71572673 0.05983759
vn -0.69581228 0.71572673 0.05983759
vn -0.69581228 0.71572673 0.05983759
vn -0.57121187 -0.81835872 0.06329302
vn -0.57121187 -0.81835872 0.06329302
vn -0.57121187 -0.81835872 0.06329302
vn -0.57121187 -0.81835872 0.06329302
vn -0.68966609 0.72175413 0.05858114
vn -0.68966609 0.72175413 0.05858114
vn -0.68966609 0.72175413 0.05858114
vn -0.68966609 0.72175413 0.05858114
vn -0.56456989 -0.82292318 0.06370368
vn -0.56456989 -0.82292318 0.06370368
vn -0.56456989 -0.82292318 0.06370368
vn -0.56456989 -0.82292318 0.06370368
vn -0.67696995 0.73379666 0.05704513
vn -0.67696995 0.73379666 0.05704513
vn -0.67696995 0.73379666 0.05704513
vn -0.67696995 0.73379666 0.05704513
vn -0.55109310 -0.83199841 0.06383529
vn -0.55109310 -0.83199841 0.06383529
vn -0.55109310 -0.83199841 0.06383529
vn -0.55109310 -0.83199841 0.06383529
vn -0.65697926 0.75187451 0.05534322
vn -0.65697926 0.75187451 0.05534322
vn -0.65697926 0.75187451 0.05534322
vn -0.65697926 0.75187451 0.05534322
vn -0.53035206 -0.84537458 0.06378600
vn -0.53035206 -0.84537458 0.06378600
vn -0.53035206 -0.84537458 0.06378600
vn -0.53035206 -0.84537458 0.06378600
vn -0.62855017 0.77592158 0.05357595
vn -0.62855017 0.77592158 0.05357595
vn -0.62855017 0.77592158 0.05357595
vn -0.62855017 0.77592158 0.05357595
vn -0.50173938 -0.86267489 0.06363709
vn -0.50173938 -0.86267489 0.06363709
vn -0.50173938 -0.86267489 0.06363709
vn -0.50173938 -0.86267489 0.06363709
vn -0.59012628 0.80564517 0.05183436
vn -0.59012628 0.80564517 0.05183436
vn -0.59012628 0.80564517 0.05183436
vn -0.59012628 0.80564517 0.05183436
vn -0.46452588 -0.88328326 0.06345409
vn -0.46452588 -0.88328326 0.06345409
vn -0.46452588 -0.88328326 0.06345409
vn -0.46452588 -0.88328326 0.06345409
vn -0.53978938 0.84030199 0.05020012
vn -0.53978938 0.84030199 0.05020012
vn -0.53978938 0.84030199 0.05020012
vn -0.53978938 0.84030199 0.05020012
vn -0.41797197 -0.90625304 0.06328424
vn -0.41797197 -0.90625304 0.06328424
vn -0.41797197 -0.90625304 0.06328424
vn -0.41797197 -0.90625304 0.06328424
vn -0.47544813 0.87839228 0.04874462
vn -0.47544813 0.87839228 0.04874462
vn -0.47544813 0.87839228 0.04874462
vn -0.47544813 0.87839228 0.04874462
vn -0.36150369 -0.93022925 0.06315608
vn -0.36150369 -0.93022925 0.06315608
vn -0.36150369 -0.93022925 0.06315608
vn -0.36150369 -0.93022925 0.06315608
vn -0.39528203 0.91732955 0.04752461
vn -0.39528203 0.91732955 0.04752461
vn -0.39528203 0.91732955 0.04752461
vn -0.39528203 0.91732955 0.04752461
vn -0.29496875 -0.95342261 0.06307672
vn -0.29496875 -0.95342261 0.06307672
vn -0.29496875 -0.95342261 0.06307672
vn -0.29496875 -0.95342261 0.06307672
vn -0.29853016 0.95326298 0.04657796
vn -0.29853016 0.95326298 0.04657796
vn -0.29853016 0.95326298 0.04657796
vn -0.29853016 0.95326298 0.04657796
vn -0.21893281 -0.97370166 0.06303562
vn -0.21893281 -0.97370166 0.06303562
vn -0.21893281 -0.97370166 0.06303562
vn -0.21893281 -0.97370166 0.06303562
vn -0.18652950 0.98137558 0.04592115
vn -0.18652950 0.98137558 0.04592115
vn -0.18652950 0.98137558 0.04592115
vn -0.18652950 0.98137558 0.04592115
vn -0.13494298 -0.98884791 0.06300902
vn -0.13494298 -0.98884791 0.06300902
vn -0.13494298 -0.98884791 0.06300902
vn -0.13494298 -0.98884791 0.06300902
vn -0.06352439 0.99694002 0.04555518
vn -0.06352439 0.99694002 0.04555518
vn -0.06352439 0.99694002 0.04555518
vn -0.06352439 0.99694002 0.04555518
vn -0.04560987 -0.99697250 0.06297158
vn -0.04560987 -0.99697250 0.06297158
vn -0.04560987 -0.99697250 0.06297158
vn -0.04560987 -0.99697250 0.06297158
vn 0.06352462 0.99694359 0.04547790
vn 0.06352462 0.99694359 0.04547790
vn 0.06352462 0.99694359 0.04547790
vn 0.06352462 0.99694359 0.04547790
vn 0.04561006 -0.99697667 0.06290713
vn 0.04561006 -0.99697667 0.06290713
vn 0.04561006 -0.99697667 0.06290713
vn 0.04561006 -0.99697667 0.06290713
vn 0.18653145 0.98138577 0.04569427
vn 0.18653145 0.98138577 0.04569427
vn 0.18653145 0.98138577 0.04569427
vn 0.18653145 0.98138577 0.04569427
vn 0.13494459 -0.98885977 0.06281897
vn 0.13494459 -0.98885977 0.06281897
vn 0.13494459 -0.98885977 0.06281897
vn 0.13494459 -0.98885977 0.06281897
vn 0.29853520 0.95327908 0.04621492
vn 0.29853520 0.95327908 0.04621492
vn 0.29853520 0.95327908 0.04621492
vn 0.29853520 0.95327908 0.04621492
vn 0.21893707 -0.97372067 0.06272723
vn 0.21893707 -0.97372067 0.06272723
vn 0.21893707 -0.97372067 0.06272723
vn 0.21893707 -0.97372067 0.06272723
vn 0.39529103 0.91735041 0.04704393
vn 0.39529103 0.91735041 0.04704393
vn 0.39529103 0.91735041 0.04704393
vn 0.39529103 0.91735041 0.04704393
vn 0.29497650 -0.95344764 0.06266130
vn 0.29497650 -0.95344764 0.06266130
vn 0.29497650 -0.95344764 0.06266130
vn 0.29497650 -0.95344764 0.06266130
vn 0.47546151 0.87841690 0.04816638
vn 0.47546151 0.87841690 0.04816638
vn 0.47546151 0.87841690 0.04816638
vn 0.47546151 0.87841690 0.04816638
vn 0.36151531 -0.93025911 0.06264654
vn 0.36151531 -0.93025911 0.06264654
vn 0.36151531 -0.93025911 0.06264654
vn 0.36151531 -0.93025911 0.06264654
vn 0.53980708 0.84032947 0.04954385
vn 0.53980708 0.84032947 0.04954385
vn 0.53980708 0.84032947 0.04954385
vn 0.53980708 0.84032947 0.04954385
vn 0.41798753 -0.90628678 0.06269543
vn 0.41798753 -0.90628678 0.06269543
vn 0.41798753 -0.90628678 0.06269543
vn 0.41798753 -0.90628678 0.06269543
vn 0.59014821 0.80567503 0.05111700
vn 0.59014821 0.80567503 0.05111700
vn 0.59014821 0.80567503 0.05111700
vn 0.59014821 0.80567503 0.05111700
vn 0.46454516 -0.88331991 0.06279958
vn 0.46454516 -0.88331991 0.06279958
vn 0.46454516 -0.88331991 0.06279958
vn 0.46454516 -0.88331991 0.06279958
vn 0.62857580 0.77595311 0.05281204
vn 0.62857580 0.77595311 0.05281204
vn 0.62857580 0.77595311 0.05281204
vn 0.62857580 0.77595311 0.05281204
vn 0.50176191 -0.86271363 0.06293031
vn 0.50176191 -0.86271363 0.06293031
vn 0.50176191 -0.86271363 0.06293031
vn 0.50176191 -0.86271363 0.06293031
vn 0.65700823 0.75190759 0.05454473
vn 0.65700823 0.75190759 0.05454473
vn 0.65700823 0.75190759 0.05454473
vn 0.65700823 0.75190759 0.05454473
vn 0.53037727 -0.84541470 0.06303872
vn 0.53037727 -0.84541470 0.06303872
vn 0.53037727 -0.84541470 0.06303872
vn 0.53037727 -0.84541470 0.06303872
vn 0.67700154 0.73383093 0.05622260
vn 0.67700154 0.73383093 0.05622260
vn 0.67700154 0.73383093 0.05622260
vn 0.67700154 0.73383093 0.05622260
vn 0.55112040 -0.83203965 0.06305897
vn 0.55112040 -0.83203965 0.06305897
vn 0.55112040 -0.83203965 0.06305897
vn 0.55112040 -0.83203965 0.06305897
vn 0.68969977 0.72178936 0.05774333
vn 0.68969977 0.72178936 0.05774333
vn 0.68969977 0.72178936 0.05774333
vn 0.68969977 0.72178936 0.05774333
vn 0.56459850 -0.82296485 0.06290831
vn 0.56459850 -0.82296485 0.06290831
vn 0.56459850 -0.82296485 0.06290831
vn 0.56459850 -0.82296485 0.06290831
vn 0.69584727 0.71576291 0.05899245
vn 0.69584727 0.71576291 0.05899245
vn 0.69584727 0.71576291 0.05899245
vn 0.69584727 0.71576291 0.05899245
vn 0.57124096 -0.81840032 0.06248824
vn 0.57124096 -0.81840032 0.06248824
vn 0.57124096 -0.81840032 0.06248824
vn 0.57124096 -0.81840032 0.06248824
vn -0.99663514 0.00000000 0.08196618
vn -0.99663514 0.00000000 0.08196618
vn -0.99663514 0.00000000 0.08196618
vn -0.99663514 0.00000000 0.08196618
vn 0.99663514 -0.00000000 0.08196618
vn 0.99663514 -0.00000000 0.08196618
vn 0.99663514 -0.00000000 0.08196618
vn 0.99663514 -0.00000000 0.08196618
vn -0.69506830 0.71645409 0.05977921
vn -0.69506830 0.71645409 0.05977921
vn -0.69506830 0.71645409 0.05977921
vn -0.69506830 0.71645409 0.05977921
vn -0.57346916 -0.81676835 0.06342395
vn -0.57346916 -0.81676835 0.06342395
vn -0.57346916 -0.81676835 0.06342395
vn -0.57346916 -0.81676835 0.06342395
vn -0.68891567 0.72247446 0.05853141
vn -0.68891567 0.72247446 0.05853141
vn -0.68891567 0.72247446 0.05853141
vn -0.68891567 0.72247446 0.05853141
vn -0.56682700 -0.82136184 0.06381089
vn -0.56682700 -0.82136184 0.06381089
vn -0.56682700 -0.82136184 0.06381089
vn -0.56682700 -0.82136184 0.06381089
vn -0.67620873 0.73450160 0.05700324
vn -0.67620873 0.73450160 0.05700324
vn -0.67620873 0.73450160 0.05700324
vn -0.67620873 0.73450160 0.05700324
vn -0.55334628 -0.83049506 0.06392053
vn -0.55334628 -0.83049506 0.06392053
vn -0.55334628 -0.83049506 0.06392053
vn -0.55334628 -0.83049506 0.06392053
vn -0.65620345 0.75255424 0.05530901
vn -0.65620345 0.75255424 0.05530901
vn -0.65620345 0.75255424 0.05530901
vn -0.65620345 0.75255424 0.05530901
vn -0.53259236 -0.84395993 0.06385078
vn -0.53259236 -0.84395993 0.06385078
vn -0.53259236 -0.84395993 0.06385078
vn -0.53259236 -0.84395993 0.06385078
vn -0.62775958 0.77656329 0.05354895
vn -0.62775958 0.77656329 0.05354895
vn -0.62775958 0.77656329 0.05354895
vn -0.62775958 0.77656329 0.05354895
vn -0.50394720 -0.86138356 0.06368380
vn -0.50394720 -0.86138356 0.06368380
vn -0.50394720 -0.86138356 0.06368380
vn -0.50394720 -0.86138356 0.06368380
vn -0.58932579 0.80623221 0.05181377
vn -0.58932579 0.80623221 0.05181377
vn -0.58932579 0.80623221 0.05181377
vn -0.58932579 0.80623221 0.05181377
vn -0.46667033 -0.88214993 0.06348506
vn -0.46667033 -0.88214993 0.06348506
vn -0.46667033 -0.88214993 0.06348506
vn -0.46667033 -0.88214993 0.06348506
vn -0.53899312 0.84081382 0.05018504
vn -0.53899312 0.84081382 0.05018504
vn -0.53899312 0.84081382 0.05018504
vn -0.53899312 0.84081382 0.05018504
vn -0.42000389 -0.90531188 0.06330296
vn -0.42000389 -0.90531188 0.06330296
vn -0.42000389 -0.90531188 0.06330296
vn -0.42000389 -0.90531188 0.06330296
vn -0.47468159 0.87880737 0.04873443
vn -0.47468159 0.87880737 0.04873443
vn -0.47468159 0.87880737 0.04873443
vn -0.47468159 0.87880737 0.04873443
vn -0.36335725 -0.92950624 0.06316502
vn -0.36335725 -0.92950624 0.06316502
vn -0.36335725 -0.92950624 0.06316502
vn -0.36335725 -0.92950624 0.06316502
vn -0.39458653 0.91762924 0.04751831
vn -0.39458653 0.91762924 0.04751831
vn -0.39458653 0.91762924 0.04751831
vn -0.39458653 0.91762924 0.04751831
vn -0.29655701 -0.95292962 0.06307970
vn -0.29655701 -0.95292962 0.06307970
vn -0.29655701 -0.95292962 0.06307970
vn -0.29655701 -0.95292962 0.06307970
vn -0.29796341 0.95344043 0.04657413
vn -0.29796341 0.95344043 0.04657413
vn -0.29796341 0.95344043 0.04657413
vn -0.29796341 0.95344043 0.04657413
vn -0.22016300 -0.97342432 0.06303500
vn -0.22016300 -0.97342432 0.06303500
vn -0.22016300 -0.97342432 0.06303500
vn -0.22016300 -0.97342432 0.06303500
vn -0.18615460 0.98144680 0.04591926
vn -0.18615460 0.98144680 0.04591926
vn -0.18615460 0.98144680 0.04591926
vn -0.18615460 0.98144680 0.04591926
vn -0.13572505 -0.98874098 0.06300750
vn -0.13572505 -0.98874098 0.06300750
vn -0.13572505 -0.98874098 0.06300750
vn -0.13572505 -0.98874098 0.06300750
vn -0.06339262 0.99694842 0.04555493
vn -0.06339262 0.99694842 0.04555493
vn -0.06339262 0.99694842 0.04555493
vn -0.06339262 0.99694842 0.04555493
vn -0.04587956 -0.99696028 0.06297028
vn -0.04587956 -0.99696028 0.06297028
vn -0.04587956 -0.99696028 0.06297028
vn -0.04587956 -0.99696028 0.06297028
vn 0.06339285 0.99695188 0.04547860
vn 0.06339285 0.99695188 0.04547860
vn 0.06339285 0.99695188 0.04547860
vn 0.06339285 0.99695188 0.04547860
vn 0.04587974 -0.99696416 0.06290802
vn 0.04587974 -0.99696416 0.06290802
vn 0.04587974 -0.99696416 0.06290802
vn 0.04587974 -0.99696416 0.06290802
vn 0.18615656 0.98145700 0.04569519
vn 0.18615656 0.98145700 0.04569519
vn 0.18615656 0.98145700 0.04569519
vn 0.18615656 0.98145700 0.04569519
vn 0.13572663 -0.98875254 0.06282268
vn 0.13572663 -0.98875254 0.06282268
vn 0.13572663 -0.98875254 0.06282268
vn 0.13572663 -0.98875254 0.06282268
vn 0.29796836 0.95345634 0.04621510
vn 0.29796836 0.95345634 0.04621510
vn 0.29796836 0.95345634 0.04621510
vn 0.29796836 0.95345634 0.04621510
vn 0.22016716 -0.97344273 0.06273569
vn 0.22016716 -0.97344273 0.06273569
vn 0.22016716 -0.97344273 0.06273569
vn 0.22016716 -0.97344273 0.06273569
vn 0.39459538 0.91764992 0.04704262
vn 0.39459538 0.91764992 0.04704262
vn 0.39459538 0.91764992 0.04704262
vn 0.39459538 0.91764992 0.04704262
vn 0.29656455 -0.95295388 0.06267604
vn 0.29656455 -0.95295388 0.06267604
vn 0.29656455 -0.95295388 0.06267604
vn 0.29656455 -0.95295388 0.06267604
vn 0.47469479 0.87883168 0.04816271
vn 0.47469479 0.87883168 0.04816271
vn 0.47469479 0.87883168 0.04816271
vn 0.47469479 0.87883168 0.04816271
vn 0.36336857 -0.92953527 0.06267086
vn 0.36336857 -0.92953527 0.06267086
vn 0.36336857 -0.92953527 0.06267086
vn 0.36336857 -0.92953527 0.06267086
vn 0.53901058 0.84084105 0.04953618
vn 0.53901058 0.84084105 0.04953618
vn 0.53901058 0.84084105 0.04953618
vn 0.53901058 0.84084105 0.04953618
vn 0.42001903 -0.90534455 0.06273133
vn 0.42001903 -0.90534455 0.06273133
vn 0.42001903 -0.90534455 0.06273133
vn 0.42001903 -0.90534455 0.06273133
vn 0.58934736 0.80626172 0.05110421
vn 0.58934736 0.80626172 0.05110421
vn 0.58934736 0.80626172 0.05110421
vn 0.58934736 0.80626172 0.05110421
vn 0.46668911 -0.88218546 0.06285042
vn 0.46668911 -0.88218546 0.06285042
vn 0.46668911 -0.88218546 0.06285042
vn 0.46668911 -0.88218546 0.06285042
vn 0.62778485 0.77659452 0.05279348
vn 0.62778485 0.77659452 0.05279348
vn 0.62778485 0.77659452 0.05279348
vn 0.62778485 0.77659452 0.05279348
vn 0.50396919 -0.86142117 0.06299826
vn 0.50396919 -0.86142117 0.06299826
vn 0.50396919 -0.86142117 0.06299826
vn 0.50396919 -0.86142117 0.06299826
vn 0.65623200 0.75258696 0.05451944
vn 0.65623200 0.75258696 0.05451944
vn 0.65623200 0.75258696 0.05451944
vn 0.65623200 0.75258696 0.05451944
vn 0.53261697 -0.84399897 0.06312627
vn 0.53261697 -0.84399897 0.06312627
vn 0.53261697 -0.84399897 0.06312627
vn 0.53261697 -0.84399897 0.06312627
vn 0.67623985 0.73453540 0.05618975
vn 0.67623985 0.73453540 0.05618975
vn 0.67623985 0.73453540 0.05618975
vn 0.67623985 0.73453540 0.05618975
vn 0.55337292 -0.83053499 0.06316759
vn 0.55337292 -0.83053499 0.06316759
vn 0.55337292 -0.83053499 0.06316759
vn 0.55337292 -0.83053499 0.06316759
vn 0.68894899 0.72250938 0.05770240
vn 0.68894899 0.72250938 0.05770240
vn 0.68894899 0.72250938 0.05770240
vn 0.68894899 0.72250938 0.05770240
vn 0.56685483 -0.82140213 0.06303987
vn 0.56685483 -0.82140213 0.06303987
vn 0.56685483 -0.82140213 0.06303987
vn 0.56685483 -0.82140213 0.06303987
vn 0.69510293 0.71648979 0.05894324
vn 0.69510293 0.71648979 0.05894324
vn 0.69510293 0.71648979 0.05894324
vn 0.69510293 0.71648979 0.05894324
vn 0.57349741 -0.81680864 0.06264375
vn 0.57349741 -0.81680864 0.06264375
vn 0.57349741 -0.81680864 0.06264375
vn 0.57349741 -0.81680864 0.06264375
vn -0.99663508 0.00000000 0.08196638
vn -0.99663508 0.00000000 0.08196638
vn -0.99663508 0.00000000 0.08196638
vn -0.99663508 0.00000000 0.08196638
vn 0.99663508 -0.00000000 0.08196638
vn 0.99663508 -0.00000000 0.08196638
vn 0.99663508 -0.00000000 0.08196638
vn 0.99663508 -0.00000000 0.08196638
vn -0.69110793 0.72213995 -0.02972662
vn -0.69110793 0.72213995 -0.02972662
vn -0.69110793 0.72213995 -0.02972662
vn -0.69110793 0.72213995 -0.02972662
vn -0.57506496 -0.81713319 -0.03992040
vn -0.57506496 -0.81713319 -0.03992040
vn -0.57506496 -0.81713319 -0.03992040
vn -0.57506496 -0.81713319 -0.03992040
vn -0.68475491 0.72795630 -0.03450043
vn -0.68475491 0.72795630 -0.03450043
vn -0.68475491 0.72795630 -0.03450043
vn -0.68475491 0.72795630 -0.03450043
vn -0.56835830 -0.82166243 -0.04289154
vn -0.56835830 -0.82166243 -0.04289154
vn -0.56835830 -0.82166243 -0.04289154
vn -0.56835830 -0.82166243 -0.04289154
vn -0.67178655 0.73970395 -0.03925490
vn -0.67178655 0.73970395 -0.03925490
vn -0.67178655 0.73970395 -0.03925490
vn -0.67178655 0.73970395 -0.03925490
vn -0.55479401 -0.83072776 -0.04577100
vn -0.55479401 -0.83072776 -0.04577100
vn -0.55479401 -0.83072776 -0.04577100
vn -0.55479401 -0.83072776 -0.04577100
vn -0.65148169 0.75738317 -0.04407202
vn -0.65148169 0.75738317 -0.04407202
vn -0.65148169 0.75738317 -0.04407202
vn -0.65148169 0.75738317 -0.04407202
vn -0.53394020 -0.84412485 -0.04859099
vn -0.53394020 -0.84412485 -0.04859099
vn -0.53394020 -0.84412485 -0.04859099
vn -0.53394020 -0.84412485 -0.04859099
vn -0.62272799 0.78090197 -0.04900948
vn -0.62272799 0.78090197 -0.04900948
vn -0.62272799 0.78090197 -0.04900948
vn -0.62272799 0.78090197 -0.04900948
vn -0.50518197 -0.86148280 -0.05136601
vn -0.50518197 -0.86148280 -0.05136601
vn -0.50518197 -0.86148280 -0.05136601
vn -0.50518197 -0.86148280 -0.05136601
vn -0.58402306 0.80993265 -0.05409362
vn -0.58402306 0.80993265 -0.05409362
vn -0.58402306 0.80993265 -0.05409362
vn -0.58402306 0.80993265 -0.05409362
vn -0.46777996 -0.88218856 -0.05408630
vn -0.46777996 -0.88218856 -0.05408630
vn -0.46777996 -0.88218856 -0.05408630
vn -0.46777996 -0.88218856 -0.05408630
vn -0.53352827 0.84370106 -0.05929670
vn -0.53352827 0.84370106 -0.05929670
vn -0.53352827 0.84370106 -0.05929670
vn -0.53352827 0.84370106 -0.05929670
vn -0.42097765 -0.90529639 -0.05671256
vn -0.42097765 -0.90529639 -0.05671256
vn -0.42097765 -0.90529639 -0.05671256
vn -0.42097765 -0.90529639 -0.05671256
vn -0.46926776 0.88069612 -0.06451330
vn -0.46926776 0.88069612 -0.06451330
vn -0.46926776 0.88069612 -0.06451330
vn -0.46926776 0.88069612 -0.06451330
vn -0.36418188 -0.92944640 -0.05916996
vn -0.36418188 -0.92944640 -0.05916996
vn -0.36418188 -0.92944640 -0.05916996
vn -0.36418188 -0.92944640 -0.05916996
vn -0.38956451 0.91837084 -0.06952944
vn -0.38956451 0.91837084 -0.06952944
vn -0.38956451 0.91837084 -0.06952944
vn -0.38956451 0.91837084 -0.06952944
vn -0.29722050 -0.95283592 -0.06134853
vn -0.29722050 -0.95283592 -0.06134853
vn -0.29722050 -0.95283592 -0.06134853
vn -0.29722050 -0.95283592 -0.06134853
vn -0.29379734 0.95299816 -0.07400988
vn -0.29379734 0.95299816 -0.07400988
vn -0.29379734 0.95299816 -0.07400988
vn -0.29379734 0.95299816 -0.07400988
vn -0.22065052 -0.97330904 -0.06310970
vn -0.22065052 -0.97330904 -0.06310970
vn -0.22065052 -0.97330904 -0.06310970
vn -0.22065052 -0.97330904 -0.06310970
vn -0.18336241 0.97998369 -0.07752535
vn -0.18336241 0.97998369 -0.07752535
vn -0.18336241 0.97998369 -0.07752535
vn -0.18336241 0.97998369 -0.07752535
vn -0.13602504 -0.98861617 -0.06430648
vn -0.13602504 -0.98861617 -0.06430648
vn -0.13602504 -0.98861617 -0.06430648
vn -0.13602504 -0.98861617 -0.06430648
vn -0.06240455 0.99486792 -0.07964639
vn -0.06240455 0.99486792 -0.07964639
vn -0.06240455 0.99486792 -0.07964639
vn -0.06240455 0.99486792 -0.07964639
vn -0.04598074 -0.99683744 -0.06481463
vn -0.04598074 -0.99683744 -0.06481463
vn -0.04598074 -0.99683744 -0.06481463
vn -0.04598074 -0.99683744 -0.06481463
vn 0.06240234 0.99483281 -0.08008529
vn 0.06240234 0.99483281 -0.08008529
vn 0.06240234 0.99483281 -0.08008529
vn 0.06240234 0.99483281 -0.08008529
vn 0.04598149 -0.99685353 -0.06456660
vn 0.04598149 -0.99685353 -0.06456660
vn 0.04598149 -0.99685353 -0.06456660
vn 0.04598149 -0.99685353 -0.06456660
vn 0.18334378 0.97988421 -0.07881535
vn 0.18334378 0.97988421 -0.07881535
vn 0.18334378 0.97988421 -0.07881535
vn 0.18334378 0.97988421 -0.07881535
vn 0.13603145 -0.98866266 -0.06357248
vn 0.13603145 -0.98866266 -0.06357248
vn 0.13603145 -0.98866266 -0.06357248
vn 0.13603145 -0.98866266 -0.06357248
vn 0.29375151 0.95284957 -0.07607705
vn 0.29375151 0.95284957 -0.07607705
vn 0.29375151 0.95284957 -0.07607705
vn 0.29375151 0.95284957 -0.07607705
vn 0.22066700 -0.97338176 -0.06191882
vn 0.22066700 -0.97338176 -0.06191882
vn 0.22066700 -0.97338176 -0.06191882
vn 0.22066700 -0.97338176 -0.06191882
vn 0.38948843 0.91819155 -0.07227214
vn 0.38948843 0.91819155 -0.07227214
vn 0.38948843 0.91819155 -0.07227214
vn 0.38948843 0.91819155 -0.07227214
vn 0.29724950 -0.95292884 -0.05974409
vn 0.29724950 -0.95292884 -0.05974409
vn 0.29724950 -0.95292884 -0.05974409
vn 0.29724950 -0.95292884 -0.05974409
vn 0.46916461 0.88050276 -0.06781946
vn 0.46916461 0.88050276 -0.06781946
vn 0.46916461 0.88050276 -0.06781946
vn 0.46916461 0.88050276 -0.06781946
vn 0.36422369 -0.92955309 -0.05720359
vn 0.36422369 -0.92955309 -0.05720359
vn 0.36422369 -0.92955309 -0.05720359
vn 0.36422369 -0.92955309 -0.05720359
vn 0.53340501 0.84350622 -0.06305827
vn 0.53340501 0.84350622 -0.06305827
vn 0.53340501 0.84350622 -0.06305827
vn 0.53340501 0.84350622 -0.06305827
vn 0.42103103 -0.90541118 -0.05443855
vn 0.42103103 -0.90541118 -0.05443855
vn 0.42103103 -0.90541118 -0.05443855
vn 0.42103103 -0.90541118 -0.05443855
vn 0.58388758 0.80974478 -0.05821336
vn 0.58388758 0.80974478 -0.05821336
vn 0.58388758 0.80974478 -0.05821336
vn 0.58388758 0.80974478 -0.05821336
vn 0.46784258 -0.88230664 -0.05155887
vn 0.46784258 -0.88230664 -0.05155887
vn 0.46784258 -0.88230664 -0.05155887
vn 0.46784258 -0.88230664 -0.05155887
vn 0.62258744 0.78072578 -0.05340495
vn 0.62258744 0.78072578 -0.05340495
vn 0.62258744 0.78072578 -0.05340495
vn 0.62258744 0.78072578 -0.05340495
vn 0.50525111 -0.86160076 -0.04863560
vn 0.50525111 -0.86160076 -0.04863560
vn 0.50525111 -0.86160076 -0.04863560
vn 0.50525111 -0.86160076 -0.04863560
vn 0.65134239 0.75722122 -0.04867222
vn 0.65134239 0.75722122 -0.04867222
vn 0.65134239 0.75722122 -0.04867222
vn 0.65134239 0.75722122 -0.04867222
vn 0.53401303 -0.84424007 -0.04570441
vn 0.53401303 -0.84424007 -0.04570441
vn 0.53401303 -0.84424007 -0.04570441
vn 0.53401303 -0.84424007 -0.04570441
vn 0.67165351 0.73955756 -0.04400094
vn 0.67165351 0.73955756 -0.04400094
vn 0.67165351 0.73955756 -0.04400094
vn 0.67165351 0.73955756 -0.04400094
vn 0.55486786 -0.83083832 -0.04277070
vn 0.55486786 -0.83083832 -0.04277070
vn 0.55486786 -0.83083832 -0.04277070
vn 0.55486786 -0.83083832 -0.04277070
vn 0.68463248 0.72782606 -0.03933914
vn 0.68463248 0.72782606 -0.03933914
vn 0.68463248 0.72782606 -0.03933914
vn 0.68463248 0.72782606 -0.03933914
vn 0.56843066 -0.82176709 -0.03981766
vn 0.56843066 -0.82176709 -0.03981766
vn 0.56843066 -0.82176709 -0.03981766
vn 0.56843066 -0.82176709 -0.03981766
vn 0.69099921 0.72202635 -0.03461261
vn 0.69099921 0.72202635 -0.03461261
vn 0.69099921 0.72202635 -0.03461261
vn 0.69099921 0.72202635 -0.03461261
vn 0.57513368 -0.81723088 -0.03680899
vn 0.57513368 -0.81723088 -0.03680899
vn 0.57513368 -0.81723088 -0.03680899
vn 0.57513368 -0.81723088 -0.03680899
vn -0.99934238 0.00000000 -0.03625986
vn -0.99934238 0.00000000 -0.03625986
vn -0.99934238 0.00000000 -0.03625986
vn -0.99934238 0.00000000 -0.03625986
vn 0.99934238 -0.00000000 -0.03625986
vn 0.99934238 -0.00000000 -0.03625986
vn 0.99934238 -0.00000000 -0.03625986
vn 0.99934238 -0.00000000 -0.03625986
vn -0.67863137 0.73389250 -0.02934957
vn -0.67863137 0.73389250 -0.02934957
vn -0.67863137 0.73389250 -0.02934957
vn -0.67863137 0.73389250 -0.02934957
vn -0.57098430 -0.81999296 -0.03985723
vn -0.57098430 -0.81999296 -0.03985723
vn -0.57098430 -0.81999296 -0.03985723
vn -0.57098430 -0.81999296 -0.03985723
vn -0.67219251 0.73958278 -0.03426964
vn -0.67219251 0.73958278 -0.03426964
vn -0.67219251 0.73958278 -0.03426964
vn -0.67219251 0.73958278 -0.03426964
vn -0.56427997 -0.82447034 -0.04285622
vn -0.56427997 -0.82447034 -0.04285622
vn -0.56427997 -0.82447034 -0.04285622
vn -0.56427997 -0.82447034 -0.04285622
vn -0.65906507 0.75106561 -0.03916151
vn -0.65906507 0.75106561 -0.03916151
vn -0.65906507 0.75106561 -0.03916151
vn -0.65906507 0.75106561 -0.03916151
vn -0.55072337 -0.83343256 -0.04576010
vn -0.55072337 -0.83343256 -0.04576010
vn -0.55072337 -0.83343256 -0.04576010
vn -0.55072337 -0.83343256 -0.04576010
vn -0.63855743 0.76830959 -0.04410039
vn -0.63855743 0.76830959 -0.04410039
vn -0.63855743 0.76830959 -0.04410039
vn -0.63855743 0.76830959 -0.04410039
vn -0.52989525 -0.84666926 -0.04860068
vn -0.52989525 -0.84666926 -0.04860068
vn -0.52989525 -0.84666926 -0.04860068
vn -0.52989525 -0.84666926 -0.04860068
vn -0.60961032 0.79117668 -0.04913901
vn -0.60961032 0.79117668 -0.04913901
vn -0.60961032 0.79117668 -0.04913901
vn -0.60961032 0.79117668 -0.04913901
vn -0.50119615 -0.86380631 -0.05139133
vn -0.50119615 -0.86380631 -0.05139133
vn -0.50119615 -0.86380631 -0.05139133
vn -0.50119615 -0.86380631 -0.05139133
vn -0.57081127 0.81928408 -0.05429578
vn -0.57081127 0.81928408 -0.05429578
vn -0.57081127 0.81928408 -0.05429578
vn -0.57081127 0.81928408 -0.05429578
vn -0.46391073 -0.88422722 -0.05412154
vn -0.46391073 -0.88422722 -0.05412154
vn -0.46391073 -0.88422722 -0.05412154
vn -0.46391073 -0.88422722 -0.05412154
vn -0.52046025 0.85180783 -0.05953646
vn -0.52046025 0.85180783 -0.05953646
vn -0.52046025 0.85180783 -0.05953646
vn -0.52046025 0.85180783 -0.05953646
vn -0.41731182 -0.90698963 -0.05675125
vn -0.41731182 -0.90698963 -0.05675125
vn -0.41731182 -0.90698963 -0.05675125
vn -0.41731182 -0.90698963 -0.05675125
vn -0.45677662 0.88722181 -0.06474982
vn -0.45677662 0.88722181 -0.06474982
vn -0.45677662 0.88722181 -0.06474982
vn -0.45677662 0.88722181 -0.06474982
vn -0.36084098 -0.93074614 -0.05920623
vn -0.36084098 -0.93074614 -0.05920623
vn -0.36084098 -0.93074614 -0.05920623
vn -0.36084098 -0.93074614 -0.05920623
vn -0.37832153 0.92304468 -0.06972335
vn -0.37832153 0.92304468 -0.06972335
vn -0.37832153 0.92304468 -0.06972335
vn -0.37832153 0.92304468 -0.06972335
vn -0.29435620 -0.95372283 -0.06137735
vn -0.29435620 -0.95372283 -0.06137735
vn -0.29435620 -0.95372283 -0.06137735
vn -0.29435620 -0.95372283 -0.06137735
vn -0.28469193 0.95574832 -0.07413349
vn -0.28469193 0.95574832 -0.07413349
vn -0.28469193 0.95574832 -0.07413349
vn -0.28469193 0.95574832 -0.07413349
vn -0.21843268 -0.97380799 -0.06312811
vn -0.21843268 -0.97380799 -0.06312811
vn -0.21843268 -0.97380799 -0.06312811
vn -0.21843268 -0.97380799 -0.06312811
vn -0.17736797 0.98108238 -0.07757554
vn -0.17736797 0.98108238 -0.07757554
vn -0.17736797 0.98108238 -0.07757554
vn -0.17736797 0.98108238 -0.07757554
vn -0.13461503 -0.98880863 -0.06431479
vn -0.13461503 -0.98880863 -0.06431479
vn -0.13461503 -0.98880863 -0.06431479
vn -0.13461503 -0.98880863 -0.06431479
vn -0.06030465 0.99499708 -0.07965075
vn -0.06030465 0.99499708 -0.07965075
vn -0.06030465 0.99499708 -0.07965075
vn -0.06030465 0.99499708 -0.07965075
vn -0.04549637 -0.99685949 -0.06481623
vn -0.04549637 -0.99685949 -0.06481623
vn -0.04549637 -0.99685949 -0.06481623
vn -0.04549637 -0.99685949 -0.06481623
vn 0.06030246 0.99496138 -0.08009593
vn 0.06030246 0.99496138 -0.08009593
vn 0.06030246 0.99496138 -0.08009593
vn 0.06030246 0.99496138 -0.08009593
vn 0.04549712 -0.99687576 -0.06456671
vn 0.04549712 -0.99687576 -0.06456671
vn 0.04549712 -0.99687576 -0.06456671
vn 0.04549712 -0.99687576 -0.06456671
vn 0.17734969 0.98098123 -0.07888522
vn 0.17734969 0.98098123 -0.07888522
vn 0.17734969 0.98098123 -0.07888522
vn 0.17734969 0.98098123 -0.07888522
vn 0.13462140 -0.98885542 -0.06357634
vn 0.13462140 -0.98885542 -0.06357634
vn 0.13462140 -0.98885542 -0.06357634
vn 0.13462140 -0.98885542 -0.06357634
vn 0.28464666 0.95559621 -0.07623693
vn 0.28464666 0.95559621 -0.07623693
vn 0.28464666 0.95559621 -0.07623693
vn 0.28464666 0.95559621 -0.07623693
vn 0.21844913 -0.97388136 -0.06192967
vn 0.21844913 -0.97388136 -0.06192967
vn 0.21844913 -0.97388136 -0.06192967
vn 0.21844913 -0.97388136 -0.06192967
vn 0.37824592 0.92286021 -0.07251997
vn 0.37824592 0.92286021 -0.07251997
vn 0.37824592 0.92286021 -0.07251997
vn 0.37824592 0.92286021 -0.07251997
vn 0.29438511 -0.95381647 -0.05976184
vn 0.29438511 -0.95381647 -0.05976184
vn 0.29438511 -0.95381647 -0.05976184
vn 0.29438511 -0.95381647 -0.05976184
vn 0.45667362 0.88702184 -0.06812853
vn 0.45667362 0.88702184 -0.06812853
vn 0.45667362 0.88702184 -0.06812853
vn 0.45667362 0.88702184 -0.06812853
vn 0.36088276 -0.93085390 -0.05722536
vn 0.36088276 -0.93085390 -0.05722536
vn 0.36088276 -0.93085390 -0.05722536
vn 0.36088276 -0.93085390 -0.05722536
vn 0.52033651 0.85160542 -0.06338865
vn 0.52033651 0.85160542 -0.06338865
vn 0.52033651 0.85160542 -0.06338865
vn 0.52033651 0.85160542 -0.06338865
vn 0.41736516 -0.90710562 -0.05445969
vn 0.41736516 -0.90710562 -0.05445969
vn 0.41736516 -0.90710562 -0.05445969
vn 0.41736516 -0.90710562 -0.05445969
vn 0.57067472 0.81908822 -0.05852322
vn 0.57067472 0.81908822 -0.05852322
vn 0.57067472 0.81908822 -0.05852322
vn 0.57067472 0.81908822 -0.05852322
vn 0.46397337 -0.88434660 -0.05157327
vn 0.46397337 -0.88434660 -0.05157327
vn 0.46397337 -0.88434660 -0.05157327
vn 0.46397337 -0.88434660 -0.05157327
vn 0.60946846 0.79099250 -0.05365623
vn 0.60946846 0.79099250 -0.05365623
vn 0.60946846 0.79099250 -0.05365623
vn 0.60946846 0.79099250 -0.05365623
vn 0.50126535 -0.86392558 -0.04863746
vn 0.50126535 -0.86392558 -0.04863746
vn 0.50126535 -0.86392558 -0.04863746
vn 0.50126535 -0.86392558 -0.04863746
vn 0.63841665 0.76814026 -0.04883439
vn 0.63841665 0.76814026 -0.04883439
vn 0.63841665 0.76814026 -0.04883439
vn 0.63841665 0.76814026 -0.04883439
vn 0.52996820 -0.84678590 -0.04568835
vn 0.52996820 -0.84678590 -0.04568835
vn 0.52996820 -0.84678590 -0.04568835
vn 0.52996820 -0.84678590 -0.04568835
vn 0.65893078 0.75091267 -0.04404970
vn 0.65893078 0.75091267 -0.04404970
vn 0.65893078 0.75091267 -0.04404970
vn 0.65893078 0.75091267 -0.04404970
vn 0.55079728 -0.83354437 -0.04273245
vn 0.55079728 -0.83354437 -0.04273245
vn 0.55079728 -0.83354437 -0.04273245
vn 0.55079728 -0.83354437 -0.04273245
vn 0.67206913 0.73944706 -0.03925717
vn 0.67206913 0.73944706 -0.03925717
vn 0.67206913 0.73944706 -0.03925717
vn 0.67206913 0.73944706 -0.03925717
vn 0.56435245 -0.82457626 -0.03975329
vn 0.56435245 -0.82457626 -0.03975329
vn 0.56435245 -0.82457626 -0.03975329
vn 0.56435245 -0.82457626 -0.03975329
vn 0.67852235 0.73377448 -0.03438661
vn 0.67852235 0.73377448 -0.03438661
vn 0.67852235 0.73377448 -0.03438661
vn 0.67852235 0.73377448 -0.03438661
vn 0.57105303 -0.82009172 -0.03671671
vn 0.57105303 -0.82009172 -0.03671671
vn 0.57105303 -0.82009172 -0.03671671
vn 0.57105303 -0.82009172 -0.03671671
vn -0.99934238 0.00000000 -0.03625978
vn -0.99934238 0.00000000 -0.03625978
vn -0.99934238 0.00000000 -0.03625978
vn -0.99934238 0.00000000 -0.03625978
vn 0.99934238 -0.00000000 -0.03625978
vn 0.99934238 -0.00000000 -0.03625978
vn 0.99934238 -0.00000000 -0.03625978
vn 0.99934238 -0.00000000 -0.03625978
vn -0.66514355 0.74615455 -0.02893914
vn -0.66514355 0.74615455 -0.02893914
vn -0.66514355 0.74615455 -0.02893914
vn -0.66514355 0.74615455 -0.02893914
vn -0.56074858 -0.82703406 -0.03969593
vn -0.56074858 -0.82703406 -0.03969593
vn -0.56074858 -0.82703406 -0.03969593
vn -0.56074858 -0.82703406 -0.03969593
vn -0.65862465 0.75170261 -0.03401355
vn -0.65862465 0.75170261 -0.03401355
vn -0.65862465 0.75170261 -0.03401355
vn -0.65862465 0.75170261 -0.03401355
vn -0.55405277 -0.83138245 -0.04276324
vn -0.55405277 -0.83138245 -0.04276324
vn -0.55405277 -0.83138245 -0.04276324
vn -0.55405277 -0.83138245 -0.04276324
vn -0.64535099 0.76288748 -0.03904952
vn -0.64535099 0.76288748 -0.03904952
vn -0.64535099 0.76288748 -0.03904952
vn -0.64535099 0.76288748 -0.03904952
vn -0.54052567 -0.84008390 -0.04572811
vn -0.54052567 -0.84008390 -0.04572811
vn -0.54052567 -0.84008390 -0.04572811
vn -0.54052567 -0.84008390 -0.04572811
vn -0.62466365 0.77964675 -0.04411653
vn -0.62466365 0.77964675 -0.04411653
vn -0.62466365 0.77964675 -0.04411653
vn -0.62466365 0.77964675 -0.04411653
vn -0.51977432 -0.85291910 -0.04862000
vn -0.51977432 -0.85291910 -0.04862000
vn -0.51977432 -0.85291910 -0.04862000
vn -0.51977432 -0.85291910 -0.04862000
vn -0.59556365 0.80179638 -0.04926088
vn -0.59556365 0.80179638 -0.04926088
vn -0.59556365 0.80179638 -0.04926088
vn -0.59556365 0.80179638 -0.04926088
vn -0.49123973 -0.86950362 -0.05144951
vn -0.49123973 -0.86950362 -0.05144951
vn -0.49123973 -0.86950362 -0.05144951
vn -0.49123973 -0.86950362 -0.05144951
vn -0.55673248 0.82890254 -0.05449331
vn -0.55673248 0.82890254 -0.05449331
vn -0.55673248 0.82890254 -0.05449331
vn -0.55673248 0.82890254 -0.05449331
vn -0.45426431 -0.88921642 -0.05420426
vn -0.45426431 -0.88921642 -0.05420426
vn -0.45426431 -0.88921642 -0.05420426
vn -0.45426431 -0.88921642 -0.05420426
vn -0.50661582 0.86009747 -0.05977266
vn -0.50661582 0.86009747 -0.05977266
vn -0.50661582 0.86009747 -0.05977266
vn -0.50661582 0.86009747 -0.05977266
vn -0.40819392 -0.91112381 -0.05684324
vn -0.40819392 -0.91112381 -0.05684324
vn -0.40819392 -0.91112381 -0.05684324
vn -0.40819392 -0.91112381 -0.05684324
vn -0.44363073 0.89385068 -0.06498309
vn -0.44363073 0.89385068 -0.06498309
vn -0.44363073 0.89385068 -0.06498309
vn -0.44363073 0.89385068 -0.06498309
vn -0.35255063 -0.93391240 -0.05929244
vn -0.35255063 -0.93391240 -0.05929244
vn -0.35255063 -0.93391240 -0.05929244
vn -0.35255063 -0.93391240 -0.05929244
vn -0.36657152 0.92775929 -0.06991383
vn -0.36657152 0.92775929 -0.06991383
vn -0.36657152 0.92775929 -0.06991383
vn -0.36657152 0.92775929 -0.06991383
vn -0.28726566 -0.95587802 -0.06144552
vn -0.28726566 -0.95587802 -0.06144552
vn -0.28726566 -0.95587802 -0.06144552
vn -0.28726566 -0.95587802 -0.06144552
vn -0.27523977 0.95850378 -0.07425386
vn -0.27523977 0.95850378 -0.07425386
vn -0.27523977 0.95850378 -0.07425386
vn -0.27523977 0.95850378 -0.07425386
vn -0.21295495 -0.97501773 -0.06317159
vn -0.21295495 -0.97501773 -0.06317159
vn -0.21295495 -0.97501773 -0.06317159
vn -0.21295495 -0.97501773 -0.06317159
vn -0.17117649 0.98217785 -0.07762307
vn -0.17117649 0.98217785 -0.07762307
vn -0.17117649 0.98217785 -0.07762307
vn -0.17117649 0.98217785 -0.07762307
vn -0.13113807 -0.98927450 -0.06433410
vn -0.13113807 -0.98927450 -0.06433410
vn -0.13113807 -0.98927450 -0.06433410
vn -0.13113807 -0.98927450 -0.06433410
vn -0.05814239 0.99512541 -0.07965419
vn -0.05814239 0.99512541 -0.07965419
vn -0.05814239 0.99512541 -0.07965419
vn -0.05814239 0.99512541 -0.07965419
vn -0.04430289 -0.99691308 -0.06481952
vn -0.04430289 -0.99691308 -0.06481952
vn -0.04430289 -0.99691308 -0.06481952
vn -0.04430289 -0.99691308 -0.06481952
vn 0.05814028 0.99508929 -0.08010595
vn 0.05814028 0.99508929 -0.08010595
vn 0.05814028 0.99508929 -0.08010595
vn 0.05814028 0.99508929 -0.08010595
vn 0.04430361 -0.99692947 -0.06456629
vn 0.04430361 -0.99692947 -0.06456629
vn 0.04430361 -0.99692947 -0.06456629
vn 0.04430361 -0.99692947 -0.06456629
vn 0.17115851 0.98207492 -0.07895358
vn 0.17115851 0.98207492 -0.07895358
vn 0.17115851 0.98207492 -0.07895358
vn 0.17115851 0.98207492 -0.07895358
vn 0.13114437 -0.98932207 -0.06358474
vn 0.13114437 -0.98932207 -0.06358474
vn 0.13114437 -0.98932207 -0.06358474
vn 0.13114437 -0.98932207 -0.06358474
vn 0.27519509 0.95834839 -0.07639393
vn 0.27519509 0.95834839 -0.07639393
vn 0.27519509 0.95834839 -0.07639393
vn 0.27519509 0.95834839 -0.07639393
vn 0.21297121 -0.97509217 -0.06195434
vn 0.21297121 -0.97509217 -0.06195434
vn 0.21297121 -0.97509217 -0.06195434
vn 0.21297121 -0.97509217 -0.06195434
vn 0.36649650 0.92756963 -0.07276579
vn 0.36649650 0.92756963 -0.07276579
vn 0.36649650 0.92756963 -0.07276579
vn 0.36649650 0.92756963 -0.07276579
vn 0.28729436 -0.95597357 -0.05980310
vn 0.28729436 -0.95597357 -0.05980310
vn 0.28729436 -0.95597357 -0.05980310
vn 0.28729436 -0.95597357 -0.05980310
vn 0.44352809 0.89364380 -0.06843675
vn 0.44352809 0.89364380 -0.06843675
vn 0.44352809 0.89364380 -0.06843675
vn 0.44352809 0.89364380 -0.06843675
vn 0.35259217 -0.93402249 -0.05727615
vn 0.35259217 -0.93402249 -0.05727615
vn 0.35259217 -0.93402249 -0.05727615
vn 0.35259217 -0.93402249 -0.05727615
vn 0.50649184 0.85988712 -0.06371912
vn 0.50649184 0.85988712 -0.06371912
vn 0.50649184 0.85988712 -0.06371912
vn 0.50649184 0.85988712 -0.06371912
vn 0.40824717 -0.91124266 -0.05450794
vn 0.40824717 -0.91124266 -0.05450794
vn 0.40824717 -0.91124266 -0.05450794
vn 0.40824717 -0.91124266 -0.05450794
vn 0.55659527 0.82869810 -0.05883280
vn 0.55659527 0.82869810 -0.05883280
vn 0.55659527 0.82869810 -0.05883280
vn 0.55659527 0.82869810 -0.05883280
vn 0.45432699 -0.88933909 -0.05160473
vn 0.45432699 -0.88933909 -0.05160473
vn 0.45432699 -0.88933909 -0.05160473
vn 0.45432699 -0.88933909 -0.05160473
vn 0.59542054 0.80160367 -0.05390557
vn 0.59542054 0.80160367 -0.05390557
vn 0.59542054 0.80160367 -0.05390557
vn 0.59542054 0.80160367 -0.05390557
vn 0.49130902 -0.86962622 -0.04863755
vn 0.49130902 -0.86962622 -0.04863755
vn 0.49130902 -0.86962622 -0.04863755
vn 0.49130902 -0.86962622 -0.04863755
vn 0.62452161 0.77946943 -0.04899077
vn 0.62452161 0.77946943 -0.04899077
vn 0.62452161 0.77946943 -0.04899077
vn 0.62452161 0.77946943 -0.04899077
vn 0.51984739 -0.85303897 -0.04564374
vn 0.51984739 -0.85303897 -0.04564374
vn 0.51984739 -0.85303897 -0.04564374
vn 0.51984739 -0.85303897 -0.04564374
vn 0.64521563 0.76272738 -0.04408731
vn 0.64521563 0.76272738 -0.04408731
vn 0.64521563 0.76272738 -0.04408731
vn 0.64521563 0.76272738 -0.04408731
vn 0.54059976 -0.84019899 -0.04263230
vn 0.54059976 -0.84019899 -0.04263230
vn 0.54059976 -0.84019899 -0.04263230
vn 0.54059976 -0.84019899 -0.04263230
vn 0.65850055 0.75156093 -0.03915706
vn 0.65850055 0.75156093 -0.03915706
vn 0.65850055 0.75156093 -0.03915706
vn 0.65850055 0.75156093 -0.03915706
vn 0.55412531 -0.83149129 -0.03958907
vn 0.55412531 -0.83149129 -0.03958907
vn 0.55412531 -0.83149129 -0.03958907
vn 0.55412531 -0.83149129 -0.03958907
vn 0.66503441 0.74603224 -0.03413540
vn 0.66503441 0.74603224 -0.03413540
vn 0.66503441 0.74603224 -0.03413540
vn 0.66503441 0.74603224 -0.03413540
vn 0.56081736 -0.82713550 -0.03648267
vn 0.56081736 -0.82713550 -0.03648267
vn 0.56081736 -0.82713550 -0.03648267
vn 0.56081736 -0.82713550 -0.03648267
vn -0.99934238 0.00000000 -0.03625978
vn -0.99934238 0.00000000 -0.03625978
vn -0.99934238 0.00000000 -0.03625978
vn -0.99934238 0.00000000 -0.03625978
vn 0.99934238 -0.00000000 -0.03625978
vn 0.99934238 -0.00000000 -0.03625978
vn 0.99934238 -0.00000000 -0.03625978
vn 0.99934238 -0.00000000 -0.03625978
vn -0.65923589 0.75138611 -0.02875856
vn -0.65923589 0.75138611 -0.02875856
vn -0.65923589 0.75138611 -0.02875856
vn -0.65923589 0.75138611 -0.02875856
vn -0.54993689 -0.83427072 -0.03952040
vn -0.54993689 -0.83427072 -0.03952040
vn -0.54993689 -0.83427072 -0.03952040
vn -0.54993689 -0.83427072 -0.03952040
vn -0.65268552 0.75687015 -0.03389922
vn -0.65268552 0.75687015 -0.03389922
vn -0.65268552 0.75687015 -0.03389922
vn -0.65268552 0.75687015 -0.03389922
vn -0.54325670 -0.83848232 -0.04265898
vn -0.54325670 -0.83848232 -0.04265898
vn -0.54325670 -0.83848232 -0.04265898
vn -0.54325670 -0.83848232 -0.04265898
vn -0.63935649 0.76792085 -0.03899733
vn -0.63935649 0.76792085 -0.03899733
vn -0.63935649 0.76792085 -0.03899733
vn -0.63935649 0.76792085 -0.03899733
vn -0.52977419 -0.84690726 -0.04568755
vn -0.52977419 -0.84690726 -0.04568755
vn -0.52977419 -0.84690726 -0.04568755
vn -0.52977419 -0.84690726 -0.04568755
vn -0.61860359 0.78446370 -0.04411932
vn -0.61860359 0.78446370 -0.04411932
vn -0.61860359 0.78446370 -0.04411932
vn -0.61860359 0.78446370 -0.04411932
vn -0.50912237 -0.85931897 -0.04863284
vn -0.50912237 -0.85931897 -0.04863284
vn -0.50912237 -0.85931897 -0.04863284
vn -0.50912237 -0.85931897 -0.04863284
vn -0.58945352 0.80629599 -0.04930858
vn -0.58945352 0.80629599 -0.04930858
vn -0.58945352 0.80629599 -0.04930858
vn -0.58945352 0.80629599 -0.04930858
vn -0.48078644 -0.87532383 -0.05150304
vn -0.48078644 -0.87532383 -0.05150304
vn -0.48078644 -0.87532383 -0.05150304
vn -0.48078644 -0.87532383 -0.05150304
vn -0.55063015 0.83296353 -0.05457339
vn -0.55063015 0.83296353 -0.05457339
vn -0.55063015 0.83296353 -0.05457339
vn -0.55063015 0.83296353 -0.05457339
vn -0.44416568 -0.89429861 -0.05428388
vn -0.44416568 -0.89429861 -0.05428388
vn -0.44416568 -0.89429861 -0.05428388
vn -0.44416568 -0.89429861 -0.05428388
vn -0.50064015 0.86358273 -0.05986928
vn -0.50064015 0.86358273 -0.05986928
vn -0.50064015 0.86358273 -0.05986928
vn -0.50064015 0.86358273 -0.05986928
vn -0.39867917 -0.91532159 -0.05693281
vn -0.39867917 -0.91532159 -0.05693281
vn -0.39867917 -0.91532159 -0.05693281
vn -0.39867917 -0.91532159 -0.05693281
vn -0.43798417 0.89662403 -0.06507879
vn -0.43798417 0.89662403 -0.06507879
vn -0.43798417 0.89662403 -0.06507879
vn -0.43798417 0.89662403 -0.06507879
vn -0.34392980 -0.93711621 -0.05937702
vn -0.34392980 -0.93711621 -0.05937702
vn -0.34392980 -0.93711621 -0.05937702
vn -0.34392980 -0.93711621 -0.05937702
vn -0.36154923 0.92972219 -0.06999166
vn -0.36154923 0.92972219 -0.06999166
vn -0.36154923 0.92972219 -0.06999166
vn -0.36154923 0.92972219 -0.06999166
vn -0.27991816 -0.95805115 -0.06151261
vn -0.27991816 -0.95805115 -0.06151261
vn -0.27991816 -0.95805115 -0.06151261
vn -0.27991816 -0.95805115 -0.06151261
vn -0.27121803 0.95964569 -0.07430293
vn -0.27121803 0.95964569 -0.07430293
vn -0.27121803 0.95964569 -0.07430293
vn -0.27121803 0.95964569 -0.07430293
vn -0.20729569 -0.97623372 -0.06321459
vn -0.20729569 -0.97623372 -0.06321459
vn -0.20729569 -0.97623372 -0.06321459
vn -0.20729569 -0.97623372 -0.06321459
vn -0.16855271 0.98262995 -0.07764281
vn -0.16855271 0.98262995 -0.07764281
vn -0.16855271 0.98262995 -0.07764281
vn -0.16855271 0.98262995 -0.07764281
vn -0.12755466 -0.98974162 -0.06435361
vn -0.12755466 -0.98974162 -0.06435361
vn -0.12755466 -0.98974162 -0.06435361
vn -0.12755466 -0.98974162 -0.06435361
vn -0.05722766 0.99517840 -0.07965576
vn -0.05722766 0.99517840 -0.07965576
vn -0.05722766 0.99517840 -0.07965576
vn -0.05722766 0.99517840 -0.07965576
vn -0.04307381 -0.99696678 -0.06482305
vn -0.04307381 -0.99696678 -0.06482305
vn -0.04307381 -0.99696678 -0.06482305
vn -0.04307381 -0.99696678 -0.06482305
vn 0.05722558 0.99514198 -0.08011040
vn 0.05722558 0.99514198 -0.08011040
vn 0.05722558 0.99514198 -0.08011040
vn 0.05722558 0.99514198 -0.08011040
vn 0.04307453 -0.99698347 -0.06456622
vn 0.04307453 -0.99698347 -0.06456622
vn 0.04307453 -0.99698347 -0.06456622
vn 0.04307453 -0.99698347 -0.06456622
vn 0.16853493 0.98252624 -0.07898182
vn 0.16853493 0.98252624 -0.07898182
vn 0.16853493 0.98252624 -0.07898182
vn 0.16853493 0.98252624 -0.07898182
vn 0.12756088 -0.98978996 -0.06359281
vn 0.12756088 -0.98978996 -0.06359281
vn 0.12756088 -0.98978996 -0.06359281
vn 0.12756088 -0.98978996 -0.06359281
vn 0.27117369 0.95948881 -0.07645890
vn 0.27117369 0.95948881 -0.07645890
vn 0.27117369 0.95948881 -0.07645890
vn 0.27117369 0.95948881 -0.07645890
vn 0.20731179 -0.97630960 -0.06197792
vn 0.20731179 -0.97630960 -0.06197792
vn 0.20731179 -0.97630960 -0.06197792
vn 0.20731179 -0.97630960 -0.06197792
vn 0.36147457 0.92953032 -0.07286710
vn 0.36147457 0.92953032 -0.07286710
vn 0.36147457 0.92953032 -0.07286710
vn 0.36147457 0.92953032 -0.07286710
vn 0.27994663 -0.95814860 -0.05984244
vn 0.27994663 -0.95814860 -0.05984244
vn 0.27994663 -0.95814860 -0.05984244
vn 0.27994663 -0.95814860 -0.05984244
vn 0.43788171 0.89641428 -0.06856403
vn 0.43788171 0.89641428 -0.06856403
vn 0.43788171 0.89641428 -0.06856403
vn 0.43788171 0.89641428 -0.06856403
vn 0.34397113 -0.93722880 -0.05732405
vn 0.34397113 -0.93722880 -0.05732405
vn 0.34397113 -0.93722880 -0.05732405
vn 0.34397113 -0.93722880 -0.05732405
vn 0.50051624 0.86336893 -0.06385604
vn 0.50051624 0.86336893 -0.06385604
vn 0.50051624 0.86336893 -0.06385604
vn 0.50051624 0.86336893 -0.06385604
vn 0.39873222 -0.91544342 -0.05455258
vn 0.39873222 -0.91544342 -0.05455258
vn 0.39873222 -0.91544342 -0.05455258
vn 0.39873222 -0.91544342 -0.05455258
vn 0.55049253 0.83275539 -0.05896075
vn 0.55049253 0.83275539 -0.05896075
vn 0.55049253 0.83275539 -0.05896075
vn 0.55049253 0.83275539 -0.05896075
vn 0.44422829 -0.89442462 -0.05163107
vn 0.44422829 -0.89442462 -0.05163107
vn 0.44422829 -0.89442462 -0.05163107
vn 0.44422829 -0.89442462 -0.05163107
vn 0.58931005 0.80609971 -0.05400789
vn 0.58931005 0.80609971 -0.05400789
vn 0.58931005 0.80609971 -0.05400789
vn 0.58931005 0.80609971 -0.05400789
vn 0.48085576 -0.87545002 -0.04863083
vn 0.48085576 -0.87545002 -0.04863083
vn 0.48085576 -0.87545002 -0.04863083
vn 0.48085576 -0.87545002 -0.04863083
vn 0.61846101 0.78428304 -0.04905335
vn 0.61846101 0.78428304 -0.04905335
vn 0.61846101 0.78428304 -0.04905335
vn 0.61846101 0.78428304 -0.04905335
vn 0.50919551 -0.85944247 -0.04559038
vn 0.50919551 -0.85944247 -0.04559038
vn 0.50919551 -0.85944247 -0.04559038
vn 0.50919551 -0.85944247 -0.04559038
vn 0.63922065 0.76775783 -0.04409930
vn 0.63922065 0.76775783 -0.04409930
vn 0.63922065 0.76775783 -0.04409930
vn 0.63922065 0.76775783 -0.04409930
vn 0.52984834 -0.84702581 -0.04252083
vn 0.52984834 -0.84702581 -0.04252083
vn 0.52984834 -0.84702581 -0.04252083
vn 0.52984834 -0.84702581 -0.04252083
vn 0.65256125 0.75672597 -0.03910991
vn 0.65256125 0.75672597 -0.03910991
vn 0.65256125 0.75672597 -0.03910991
vn 0.65256125 0.75672597 -0.03910991
vn 0.54332918 -0.83859426 -0.03941065
vn 0.54332918 -0.83859426 -0.03941065
vn 0.54332918 -0.83859426 -0.03941065
vn 0.54332918 -0.83859426 -0.03941065
vn 0.65912682 0.75126177 -0.03402312
vn 0.65912682 0.75126177 -0.03402312
vn 0.65912682 0.75126177 -0.03402312
vn 0.65912682 0.75126177 -0.03402312
vn 0.55000550 -0.83437473 -0.03623164
vn 0.55000550 -0.83437473 -0.03623164
vn 0.55000550 -0.83437473 -0.03623164
vn 0.55000550 -0.83437473 -0.03623164
vn -0.99934238 0.00000000 -0.03625986
vn -0.99934238 0.00000000 -0.03625986
vn -0.99934238 0.00000000 -0.03625986
vn -0.99934238 0.00000000 -0.03625986
vn 0.99934238 -0.00000000 -0.03625986
vn 0.99934238 -0.00000000 -0.03625986
vn 0.99934238 -0.00000000 -0.03625986
vn 0.99934238 -0.00000000 -0.03625986
vn -0.64761847 0.74910784 -0.13938381
vn -0.64761847 0.74910784 -0.13938381
vn -0.64761847 0.74910784 -0.13938381
vn -0.64761847 0.74910784 -0.13938381
vn -0.53959072 -0.82858884 -0.14927314
vn -0.53959072 -0.82858884 -0.14927314
vn -0.53959072 -0.82858884 -0.14927314
vn -0.53959072 -0.82858884 -0.14927314
vn -0.64076889 0.75408733 -0.14410906
vn -0.64076889 0.75408733 -0.14410906
vn -0.64076889 0.75408733 -0.14410906
vn -0.64076889 0.75408733 -0.14410906
vn -0.53289157 -0.83254683 -0.15130197
vn -0.53289157 -0.83254683 -0.15130197
vn -0.53289157 -0.83254683 -0.15130197
vn -0.53289157 -0.83254683 -0.15130197
vn -0.62725753 0.76457858 -0.14821474
vn -0.62725753 0.76457858 -0.14821474
vn -0.62725753 0.76457858 -0.14821474
vn -0.62725753 0.76457858 -0.14821474
vn -0.51953739 -0.84070289 -0.15264177
vn -0.51953739 -0.84070289 -0.15264177
vn -0.51953739 -0.84070289 -0.15264177
vn -0.51953739 -0.84070289 -0.15264177
vn -0.60644388 0.78046584 -0.15198348
vn -0.60644388 0.78046584 -0.15198348
vn -0.60644388 0.78046584 -0.15198348
vn -0.60644388 0.78046584 -0.15198348
vn -0.49915695 -0.85280573 -0.15350823
vn -0.49915695 -0.85280573 -0.15350823
vn -0.49915695 -0.85280573 -0.15350823
vn -0.49915695 -0.85280573 -0.15350823
vn -0.57737637 0.80150580 -0.15564348
vn -0.57737637 0.80150580 -0.15564348
vn -0.57737637 0.80150580 -0.15564348
vn -0.57737637 0.80150580 -0.15564348
vn -0.47124168 -0.86844194 -0.15407783
vn -0.47124168 -0.86844194 -0.15407783
vn -0.47124168 -0.86844194 -0.15407783
vn -0.47124168 -0.86844194 -0.15407783
vn -0.53882307 0.82720864 -0.15935962
vn -0.53882307 0.82720864 -0.15935962
vn -0.53882307 0.82720864 -0.15935962
vn -0.53882307 0.82720864 -0.15935962
vn -0.43520555 -0.88697803 -0.15448704
vn -0.43520555 -0.88697803 -0.15448704
vn -0.43520555 -0.88697803 -0.15448704
vn -0.43520555 -0.88697803 -0.15448704
vn -0.48936439 0.85666966 -0.16321670
vn -0.48936439 0.85666966 -0.16321670
vn -0.48936439 0.85666966 -0.16321670
vn -0.48936439 0.85666966 -0.16321670
vn -0.39049247 -0.90749300 -0.15482934
vn -0.39049247 -0.90749300 -0.15482934
vn -0.39049247 -0.90749300 -0.15482934
vn -0.39049247 -0.90749300 -0.15482934
vn -0.42760172 0.88837105 -0.16719340
vn -0.42760172 0.88837105 -0.16719340
vn -0.42760172 0.88837105 -0.16719340
vn -0.42760172 0.88837105 -0.16719340
vn -0.33673224 -0.92872977 -0.15515332
vn -0.33673224 -0.92872977 -0.15515332
vn -0.33673224 -0.92872977 -0.15515332
vn -0.33673224 -0.92872977 -0.15515332
vn -0.35253856 0.92001528 -0.17113908
vn -0.35253856 0.92001528 -0.17113908
vn -0.35253856 0.92001528 -0.17113908
vn -0.35253856 0.92001528 -0.17113908
vn -0.27395046 -0.94909579 -0.15546174
vn -0.27395046 -0.94909579 -0.15546174
vn -0.27395046 -0.94909579 -0.15546174
vn -0.27395046 -0.94909579 -0.15546174
vn -0.26414910 0.94851559 -0.17476621
vn -0.26414910 0.94851559 -0.17476621
vn -0.26414910 0.94851559 -0.17476621
vn -0.26414910 0.94851559 -0.17476621
vn -0.20280269 -0.96675903 -0.15571798
vn -0.20280269 -0.96675903 -0.15571798
vn -0.20280269 -0.96675903 -0.15571798
vn -0.20280269 -0.96675903 -0.15571798
vn -0.16400582 0.97032392 -0.17768960
vn -0.16400582 0.97032392 -0.17768960
vn -0.16400582 0.97032392 -0.17768960
vn -0.16400582 0.97032392 -0.17768960
vn -0.12475604 -0.97986871 -0.15586276
vn -0.12475604 -0.97986871 -0.15586276
vn -0.12475604 -0.97986871 -0.15586276
vn -0.12475604 -0.97986871 -0.15586276
vn -0.05565372 0.98217863 -0.17952083
vn -0.05565372 0.98217863 -0.17952083
vn -0.05565372 0.98217863 -0.17952083
vn -0.05565372 0.98217863 -0.17952083
vn -0.04212299 -0.98688436 -0.15583584
vn -0.04212299 -0.98688436 -0.15583584
vn -0.04212299 -0.98688436 -0.15583584
vn -0.04212299 -0.98688436 -0.15583584
vn 0.05564875 0.98209083 -0.18000197
vn 0.05564875 0.98209083 -0.18000197
vn 0.05564875 0.98209083 -0.18000197
vn 0.05564875 0.98209083 -0.18000197
vn 0.04212454 -0.98692083 -0.15560444
vn 0.04212454 -0.98692083 -0.15560444
vn 0.04212454 -0.98692083 -0.15560444
vn 0.04212454 -0.98692083 -0.15560444
vn 0.16396292 0.97007018 -0.17910850
vn 0.16396292 0.97007018 -0.17910850
vn 0.16396292 0.97007018 -0.17910850
vn 0.16396292 0.97007018 -0.17910850
vn 0.12476968 -0.97997588 -0.15517670
vn 0.12476968 -0.97997588 -0.15517670
vn 0.12476968 -0.97997588 -0.15517670
vn 0.12476968 -0.97997588 -0.15517670
vn 0.26403946 0.94812191 -0.17705338
vn 0.26403946 0.94812191 -0.17705338
vn 0.26403946 0.94812191 -0.17705338
vn 0.26403946 0.94812191 -0.17705338
vn 0.20283863 -0.96693039 -0.15460315
vn 0.20283863 -0.96693039 -0.15460315
vn 0.20283863 -0.96693039 -0.15460315
vn 0.20283863 -0.96693039 -0.15460315
vn 0.35234687 0.91951501 -0.17419471
vn 0.35234687 0.91951501 -0.17419471
vn 0.35234687 0.91951501 -0.17419471
vn 0.35234687 0.91951501 -0.17419471
vn 0.27401584 -0.94932234 -0.15395524
vn 0.27401584 -0.94932234 -0.15395524
vn 0.27401584 -0.94932234 -0.15395524
vn 0.27401584 -0.94932234 -0.15395524
vn 0.42732570 0.88779753 -0.17090441
vn 0.42732570 0.88779753 -0.17090441
vn 0.42732570 0.88779753 -0.17090441
vn 0.42732570 0.88779753 -0.17090441
vn 0.33683074 -0.92900139 -0.15330136
vn 0.33683074 -0.92900139 -0.15330136
vn 0.33683074 -0.92900139 -0.15330136
vn 0.33683074 -0.92900139 -0.15330136
vn 0.48901072 0.85605067 -0.16746883
vn 0.48901072 0.85605067 -0.16746883
vn 0.48901072 0.85605067 -0.16746883
vn 0.48901072 0.85605067 -0.16746883
vn 0.39062458 -0.90780002 -0.15268147
vn 0.39062458 -0.90780002 -0.15268147
vn 0.39062458 -0.90780002 -0.15268147
vn 0.39062458 -0.90780002 -0.15268147
vn 0.53840393 0.82656503 -0.16404720
vn 0.53840393 0.82656503 -0.16404720
vn 0.53840393 0.82656503 -0.16404720
vn 0.53840393 0.82656503 -0.16404720
vn 0.43536913 -0.88731140 -0.15209261
vn 0.43536913 -0.88731140 -0.15209261
vn 0.43536913 -0.88731140 -0.15209261
vn 0.43536913 -0.88731140 -0.15209261
vn 0.57690561 0.80085230 -0.16067210
vn 0.57690561 0.80085230 -0.16067210
vn 0.57690561 0.80085230 -0.16067210
vn 0.57690561 0.80085230 -0.16067210
vn 0.47143286 -0.86879426 -0.15148483
vn 0.47143286 -0.86879426 -0.15148483
vn 0.47143286 -0.86879426 -0.15148483
vn 0.47143286 -0.86879426 -0.15148483
vn 0.60593605 0.77981228 -0.15727131
vn 0.60593605 0.77981228 -0.15727131
vn 0.60593605 0.77981228 -0.15727131
vn 0.60593605 0.77981228 -0.15727131
vn 0.49937055 -0.85317063 -0.15076102
vn 0.49937055 -0.85317063 -0.15076102
vn 0.49937055 -0.85317063 -0.15076102
vn 0.49937055 -0.85317063 -0.15076102
vn 0.62672722 0.76393217 -0.15369026
vn 0.62672722 0.76393217 -0.15369026
vn 0.62672722 0.76393217 -0.15369026
vn 0.62672722 0.76393217 -0.15369026
vn 0.51976740 -0.84107512 -0.14978154
vn 0.51976740 -0.84107512 -0.14978154
vn 0.51976740 -0.84107512 -0.14978154
vn 0.51976740 -0.84107512 -0.14978154
vn 0.64023042 0.75345349 -0.14970946
vn 0.64023042 0.75345349 -0.14970946
vn 0.64023042 0.75345349 -0.14970946
vn 0.64023042 0.75345349 -0.14970946
vn 0.53313142 -0.83292156 -0.14836694
vn 0.53313142 -0.83292156 -0.14836694
vn 0.53313142 -0.83292156 -0.14836694
vn 0.53313142 -0.83292156 -0.14836694
vn 0.64708585 0.74849170 -0.14505191
vn 0.64708585 0.74849170 -0.14505191
vn 0.64708585 0.74849170 -0.14505191
vn 0.64708585 0.74849170 -0.14505191
vn 0.53983319 -0.82896119 -0.14629935
vn 0.53983319 -0.82896119 -0.14629935
vn 0.53983319 -0.82896119 -0.14629935
vn 0.53983319 -0.82896119 -0.14629935
vn -0.98090667 0.00000000 -0.19447908
vn -0.98090667 0.00000000 -0.19447908
vn -0.98090667 0.00000000 -0.19447908
vn -0.98090667 0.00000000 -0.19447908
vn 0.98090667 -0.00000000 -0.19447908
vn 0.98090667 -0.00000000 -0.19447908
vn 0.98090667 -0.00000000 -0.19447908
vn 0.98090667 -0.00000000 -0.19447908
vn -0.63282084 0.76214623 -0.13664104
vn -0.63282084 0.76214623 -0.13664104
vn -0.63282084 0.76214623 -0.13664104
vn -0.63282084 0.76214623 -0.13664104
vn -0.53596908 -0.83102709 -0.14876550
vn -0.53596908 -0.83102709 -0.14876550
vn -0.53596908 -0.83102709 -0.14876550
vn -0.53596908 -0.83102709 -0.14876550
vn -0.62587947 0.76690739 -0.14187311
vn -0.62587947 0.76690739 -0.14187311
vn -0.62587947 0.76690739 -0.14187311
vn -0.62587947 0.76690739 -0.14187311
vn -0.52927166 -0.83492833 -0.15088457
vn -0.52927166 -0.83492833 -0.15088457
vn -0.52927166 -0.83492833 -0.15088457
vn -0.52927166 -0.83492833 -0.15088457
vn -0.61222702 0.77699989 -0.14645544
vn -0.61222702 0.77699989 -0.14645544
vn -0.61222702 0.77699989 -0.14645544
vn -0.61222702 0.77699989 -0.14645544
vn -0.51593071 -0.84298122 -0.15230954
vn -0.51593071 -0.84298122 -0.15230954
vn -0.51593071 -0.84298122 -0.15230954
vn -0.51593071 -0.84298122 -0.15230954
vn -0.59126508 0.79227948 -0.15066174
vn -0.59126508 0.79227948 -0.15066174
vn -0.59126508 0.79227948 -0.15066174
vn -0.59126508 0.79227948 -0.15066174
vn -0.49558473 -0.85493207 -0.15325415
vn -0.49558473 -0.85493207 -0.15325415
vn -0.49558473 -0.85493207 -0.15325415
vn -0.49558473 -0.85493207 -0.15325415
vn -0.56211215 0.81246215 -0.15471014
vn -0.56211215 0.81246215 -0.15471014
vn -0.56211215 0.81246215 -0.15471014
vn -0.56211215 0.81246215 -0.15471014
vn -0.46773940 -0.87036580 -0.15389322
vn -0.46773940 -0.87036580 -0.15389322
vn -0.46773940 -0.87036580 -0.15389322
vn -0.46773940 -0.87036580 -0.15389322
vn -0.52364075 0.83701694 -0.15875435
vn -0.52364075 0.83701694 -0.15875435
vn -0.52364075 0.83701694 -0.15875435
vn -0.52364075 0.83701694 -0.15875435
vn -0.43182808 -0.88864893 -0.15436171
vn -0.43182808 -0.88864893 -0.15436171
vn -0.43182808 -0.88864893 -0.15436171
vn -0.43182808 -0.88864893 -0.15436171
vn -0.47458008 0.86501312 -0.16286811
vn -0.47458008 0.86501312 -0.16286811
vn -0.47458008 0.86501312 -0.16286811
vn -0.47458008 0.86501312 -0.16286811
vn -0.38731858 -0.90886533 -0.15475236
vn -0.38731858 -0.90886533 -0.15475236
vn -0.38731858 -0.90886533 -0.15475236
vn -0.38731858 -0.90886533 -0.15475236
vn -0.41372430 0.89494997 -0.16702345
vn -0.41372430 0.89494997 -0.16702345
vn -0.41372430 0.89494997 -0.16702345
vn -0.41372430 0.89494997 -0.16702345
vn -0.33386478 -0.92977113 -0.15511268
vn -0.33386478 -0.92977113 -0.15511268
vn -0.33386478 -0.92977113 -0.15511268
vn -0.33386478 -0.92977113 -0.15511268
vn -0.34028807 0.92462897 -0.17107072
vn -0.34028807 0.92462897 -0.17107072
vn -0.34028807 0.92462897 -0.17107072
vn -0.34028807 0.92462897 -0.17107072
vn -0.27151412 -0.94979835 -0.15544574
vn -0.27151412 -0.94979835 -0.15544574
vn -0.27151412 -0.94979835 -0.15544574
vn -0.27151412 -0.94979835 -0.15544574
vn -0.25441077 0.95117927 -0.17473750
vn -0.25441077 0.95117927 -0.17473750
vn -0.25441077 0.95117927 -0.17473750
vn -0.25441077 0.95117927 -0.17473750
vn -0.20093200 -0.96714985 -0.15571633
vn -0.20093200 -0.96714985 -0.15571633
vn -0.20093200 -0.96714985 -0.15571633
vn -0.20093200 -0.96714985 -0.15571633
vn -0.15768707 0.97137487 -0.17766714
vn -0.15768707 0.97137487 -0.17766714
vn -0.15768707 0.97137487 -0.17766714
vn -0.15768707 0.97137487 -0.17766714
vn -0.12357347 -0.98001808 -0.15586619
vn -0.12357347 -0.98001808 -0.15586619
vn -0.12357347 -0.98001808 -0.15586619
vn -0.12357347 -0.98001808 -0.15586619
vn -0.05345863 0.98230314 -0.17950693
vn -0.05345863 0.98230314 -0.17950693
vn -0.05345863 0.98230314 -0.17950693
vn -0.05345863 0.98230314 -0.17950693
vn -0.04171843 -0.98690122 -0.15583821
vn -0.04171843 -0.98690122 -0.15583821
vn -0.04171843 -0.98690122 -0.15583821
vn -0.04171843 -0.98690122 -0.15583821
vn 0.05345350 0.98220879 -0.18002342
vn 0.05345350 0.98220879 -0.18002342
vn 0.05345350 0.98220879 -0.18002342
vn 0.05345350 0.98220879 -0.18002342
vn 0.04172002 -0.98693877 -0.15560009
vn 0.04172002 -0.98693877 -0.15560009
vn 0.04172002 -0.98693877 -0.15560009
vn 0.04172002 -0.98693877 -0.15560009
vn 0.15764281 0.97110200 -0.17919143
vn 0.15764281 0.97110200 -0.17919143
vn 0.15764281 0.97110200 -0.17919143
vn 0.15764281 0.97110200 -0.17919143
vn 0.12358737 -0.98012829 -0.15516105
vn 0.12358737 -0.98012829 -0.15516105
vn 0.12358737 -0.98012829 -0.15516105
vn 0.12358737 -0.98012829 -0.15516105
vn 0.25429711 0.95075417 -0.17719856
vn 0.25429711 0.95075417 -0.17719856
vn 0.25429711 0.95075417 -0.17719856
vn 0.25429711 0.95075417 -0.17719856
vn 0.20096864 -0.96732622 -0.15456939
vn 0.20096864 -0.96732622 -0.15456939
vn 0.20096864 -0.96732622 -0.15456939
vn 0.20096864 -0.96732622 -0.15456939
vn 0.34008852 0.92408669 -0.17436633
vn 0.34008852 0.92408669 -0.17436633
vn 0.34008852 0.92408669 -0.17436633
vn 0.34008852 0.92408669 -0.17436633
vn 0.27158079 -0.95003164 -0.15389569
vn 0.27158079 -0.95003164 -0.15389569
vn 0.27158079 -0.95003164 -0.15389569
vn 0.27158079 -0.95003164 -0.15389569
vn 0.41343561 0.89432532 -0.17103530
vn 0.41343561 0.89432532 -0.17103530
vn 0.41343561 0.89432532 -0.17103530
vn 0.41343561 0.89432532 -0.17103530
vn 0.33396530 -0.93005103 -0.15320629
vn 0.33396530 -0.93005103 -0.15320629
vn 0.33396530 -0.93005103 -0.15320629
vn 0.33396530 -0.93005103 -0.15320629
vn 0.47420892 0.86433673 -0.16747588
vn 0.47420892 0.86433673 -0.16747588
vn 0.47420892 0.86433673 -0.16747588
vn 0.47420892 0.86433673 -0.16747588
vn 0.38745341 -0.90918165 -0.15254024
vn 0.38745341 -0.90918165 -0.15254024
vn 0.38745341 -0.90918165 -0.15254024
vn 0.38745341 -0.90918165 -0.15254024
vn 0.52319950 0.83631164 -0.16384484
vn 0.52319950 0.83631164 -0.16384484
vn 0.52319950 0.83631164 -0.16384484
vn 0.52319950 0.83631164 -0.16384484
vn 0.43199512 -0.88899273 -0.15189505
vn 0.43199512 -0.88899273 -0.15189505
vn 0.43199512 -0.88899273 -0.15189505
vn 0.43199512 -0.88899273 -0.15189505
vn 0.56161588 0.81174475 -0.16018157
vn 0.56161588 0.81174475 -0.16018157
vn 0.56161588 0.81174475 -0.16018157
vn 0.56161588 0.81174475 -0.16018157
vn 0.46793473 -0.87072921 -0.15122086
vn 0.46793473 -0.87072921 -0.15122086
vn 0.46793473 -0.87072921 -0.15122086
vn 0.46793473 -0.87072921 -0.15122086
vn 0.59072959 0.79156178 -0.15642411
vn 0.59072959 0.79156178 -0.15642411
vn 0.59072959 0.79156178 -0.15642411
vn 0.59072959 0.79156178 -0.15642411
vn 0.49580294 -0.85530853 -0.15042201
vn 0.49580294 -0.85530853 -0.15042201
vn 0.49580294 -0.85530853 -0.15042201
vn 0.49580294 -0.85530853 -0.15042201
vn 0.61166829 0.77629071 -0.15242949
vn 0.61166829 0.77629071 -0.15242949
vn 0.61166829 0.77629071 -0.15242949
vn 0.61166829 0.77629071 -0.15242949
vn 0.51616555 -0.84336501 -0.14936021
vn 0.51616555 -0.84336501 -0.14936021
vn 0.51616555 -0.84336501 -0.14936021
vn 0.51616555 -0.84336501 -0.14936021
vn 0.62531304 0.76621342 -0.14798862
vn 0.62531304 0.76621342 -0.14798862
vn 0.62531304 0.76621342 -0.14798862
vn 0.62531304 0.76621342 -0.14798862
vn 0.52951646 -0.83531457 -0.14785774
vn 0.52951646 -0.83531457 -0.14785774
vn 0.52951646 -0.83531457 -0.14785774
vn 0.52951646 -0.83531457 -0.14785774
vn 0.63226259 0.76147383 -0.14283392
vn 0.63226259 0.76147383 -0.14283392
vn 0.63226259 0.76147383 -0.14283392
vn 0.63226259 0.76147383 -0.14283392
vn 0.53621656 -0.83141077 -0.14569828
vn 0.53621656 -0.83141077 -0.14569828
vn 0.53621656 -0.83141077 -0.14569828
vn 0.53621656 -0.83141077 -0.14569828
vn -0.98090672 0.00000000 -0.19447894
vn -0.98090672 0.00000000 -0.19447894
vn -0.98090672 0.00000000 -0.19447894
vn -0.98090672 0.00000000 -0.19447894
vn 0.98090672 -0.00000000 -0.19447894
vn 0.98090672 -0.00000000 -0.19447894
vn 0.98090672 -0.00000000 -0.19447894
vn 0.98090672 -0.00000000 -0.19447894
vn -0.61470842 0.77741349 -0.13327368
vn -0.61470842 0.77741349 -0.13327368
vn -0.61470842 0.77741349 -0.13327368
vn -0.61470842 0.77741349 -0.13327368
vn -0.52616614 -0.83751243 -0.14738449
vn -0.52616614 -0.83751243 -0.14738449
vn -0.52616614 -0.83751243 -0.14738449
vn -0.52616614 -0.83751243 -0.14738449
vn -0.60768014 0.78190267 -0.13911526
vn -0.60768014 0.78190267 -0.13911526
vn -0.60768014 0.78190267 -0.13911526
vn -0.60768014 0.78190267 -0.13911526
vn -0.51947796 -0.84125996 -0.14974752
vn -0.51947796 -0.84125996 -0.14974752
vn -0.51947796 -0.84125996 -0.14974752
vn -0.51947796 -0.84125996 -0.14974752
vn -0.59390163 0.79149616 -0.14427288
vn -0.59390163 0.79149616 -0.14427288
vn -0.59390163 0.79149616 -0.14427288
vn -0.59390163 0.79149616 -0.14427288
vn -0.50618058 -0.84903395 -0.15140246
vn -0.50618058 -0.84903395 -0.15140246
vn -0.50618058 -0.84903395 -0.15140246
vn -0.50618058 -0.84903395 -0.15140246
vn -0.57282740 0.80601811 -0.14900821
vn -0.57282740 0.80601811 -0.14900821
vn -0.57282740 0.80601811 -0.14900821
vn -0.57282740 0.80601811 -0.14900821
vn -0.48593894 -0.86057490 -0.15255824
vn -0.48593894 -0.86057490 -0.15255824
vn -0.48593894 -0.86057490 -0.15255824
vn -0.48593894 -0.86057490 -0.15255824
vn -0.54365754 0.82514620 -0.15352616
vn -0.54365754 0.82514620 -0.15352616
vn -0.54365754 0.82514620 -0.15352616
vn -0.54365754 0.82514620 -0.15352616
vn -0.45829719 -0.87546360 -0.15338559
vn -0.45829719 -0.87546360 -0.15338559
vn -0.45829719 -0.87546360 -0.15338559
vn -0.45829719 -0.87546360 -0.15338559
vn -0.50539035 0.84830809 -0.15796806
vn -0.50539035 0.84830809 -0.15796806
vn -0.50539035 0.84830809 -0.15796806
vn -0.50539035 0.84830809 -0.15796806
vn -0.42273915 -0.89306831 -0.15401535
vn -0.42273915 -0.89306831 -0.15401535
vn -0.42273915 -0.89306831 -0.15401535
vn -0.42273915 -0.89306831 -0.15401535
vn -0.45692798 0.87455386 -0.16239576
vn -0.45692798 0.87455386 -0.16239576
vn -0.45692798 0.87455386 -0.16239576
vn -0.45692798 0.87455386 -0.16239576
vn -0.37879351 -0.91248763 -0.15453714
vn -0.37879351 -0.91248763 -0.15453714
vn -0.37879351 -0.91248763 -0.15453714
vn -0.37879351 -0.91248763 -0.15453714
vn -0.39727813 0.90241724 -0.16677342
vn -0.39727813 0.90241724 -0.16677342
vn -0.39727813 0.90241724 -0.16677342
vn -0.39727813 0.90241724 -0.16677342
vn -0.32617980 -0.93251413 -0.15499713
vn -0.32617980 -0.93251413 -0.15499713
vn -0.32617980 -0.93251413 -0.15499713
vn -0.32617980 -0.93251413 -0.15499713
vn -0.32587865 0.92982686 -0.17095369
vn -0.32587865 0.92982686 -0.17095369
vn -0.32587865 0.92982686 -0.17095369
vn -0.32587865 0.92982686 -0.17095369
vn -0.26499823 -0.95164454 -0.15539859
vn -0.26499823 -0.95164454 -0.15539859
vn -0.26499823 -0.95164454 -0.15539859
vn -0.26499823 -0.95164454 -0.15539859
vn -0.24303451 0.95415956 -0.17468163
vn -0.24303451 0.95415956 -0.17468163
vn -0.24303451 0.95415956 -0.17468163
vn -0.24303451 0.95415956 -0.17468163
vn -0.19593671 -0.96817535 -0.15570904
vn -0.19593671 -0.96817535 -0.15570904
vn -0.19593671 -0.96817535 -0.15570904
vn -0.19593671 -0.96817535 -0.15570904
vn -0.15034710 0.97254431 -0.17763245
vn -0.15034710 0.97254431 -0.17763245
vn -0.15034710 0.97254431 -0.17763245
vn -0.15034710 0.97254431 -0.17763245
vn -0.12042230 -0.98040873 -0.15587547
vn -0.12042230 -0.98040873 -0.15587547
vn -0.12042230 -0.98040873 -0.15587547
vn -0.12042230 -0.98040873 -0.15587547
vn -0.05091552 0.98244137 -0.17949007
vn -0.05091552 0.98244137 -0.17949007
vn -0.05091552 0.98244137 -0.17949007
vn -0.05091552 0.98244137 -0.17949007
vn -0.04063984 -0.98694515 -0.15584505
vn -0.04063984 -0.98694515 -0.15584505
vn -0.04063984 -0.98694515 -0.15584505
vn -0.04063984 -0.98694515 -0.15584505
vn 0.05091025 0.98233962 -0.18004754
vn 0.05091025 0.98233962 -0.18004754
vn 0.05091025 0.98233962 -0.18004754
vn 0.05091025 0.98233962 -0.18004754
vn 0.04064149 -0.98698533 -0.15558961
vn 0.04064149 -0.98698533 -0.15558961
vn 0.04064149 -0.98698533 -0.15558961
vn 0.04064149 -0.98698533 -0.15558961
vn 0.15030150 0.97224927 -0.17927879
vn 0.15030150 0.97224927 -0.17927879
vn 0.15030150 0.97224927 -0.17927879
vn 0.15030150 0.97224927 -0.17927879
vn 0.12043684 -0.98052710 -0.15511811
vn 0.12043684 -0.98052710 -0.15511811
vn 0.12043684 -0.98052710 -0.15511811
vn 0.12043684 -0.98052710 -0.15511811
vn 0.24291697 0.95369810 -0.17734540
vn 0.24291697 0.95369810 -0.17734540
vn 0.24291697 0.95369810 -0.17734540
vn 0.24291697 0.95369810 -0.17734540
vn 0.19597507 -0.96836483 -0.15447693
vn 0.19597507 -0.96836483 -0.15447693
vn 0.19597507 -0.96836483 -0.15447693
vn 0.19597507 -0.96836483 -0.15447693
vn 0.32567129 0.92923510 -0.17452927
vn 0.32567129 0.92923510 -0.17452927
vn 0.32567129 0.92923510 -0.17452927
vn 0.32567129 0.92923510 -0.17452927
vn 0.26506817 -0.95189571 -0.15373184
vn 0.26506817 -0.95189571 -0.15373184
vn 0.26506817 -0.95189571 -0.15373184
vn 0.26506817 -0.95189571 -0.15373184
vn 0.39697668 0.90173244 -0.17113784
vn 0.39697668 0.90173244 -0.17113784
vn 0.39697668 0.90173244 -0.17113784
vn 0.39697668 0.90173244 -0.17113784
vn 0.32628539 -0.93281597 -0.15294507
vn 0.32628539 -0.93281597 -0.15294507
vn 0.32628539 -0.93281597 -0.15294507
vn 0.32628539 -0.93281597 -0.15294507
vn 0.45653871 0.87380898 -0.16742237
vn 0.45653871 0.87380898 -0.16742237
vn 0.45653871 0.87380898 -0.16742237
vn 0.45653871 0.87380898 -0.16742237
vn 0.37893534 -0.91282934 -0.15215363
vn 0.37893534 -0.91282934 -0.15215363
vn 0.37893534 -0.91282934 -0.15215363
vn 0.37893534 -0.91282934 -0.15215363
vn 0.50492620 0.84752911 -0.16353540
vn 0.50492620 0.84752911 -0.16353540
vn 0.50492620 0.84752911 -0.16353540
vn 0.50492620 0.84752911 -0.16353540
vn 0.42291501 -0.89343983 -0.15135469
vn 0.42291501 -0.89343983 -0.15135469
vn 0.42291501 -0.89343983 -0.15135469
vn 0.42291501 -0.89343983 -0.15135469
vn 0.54313469 0.82435256 -0.15952303
vn 0.54313469 0.82435256 -0.15952303
vn 0.54313469 0.82435256 -0.15952303
vn 0.54313469 0.82435256 -0.15952303
vn 0.45850292 -0.87585658 -0.15050037
vn 0.45850292 -0.87585658 -0.15050037
vn 0.45850292 -0.87585658 -0.15050037
vn 0.45850292 -0.87585658 -0.15050037
vn 0.57226312 0.80522412 -0.15533537
vn 0.57226312 0.80522412 -0.15533537
vn 0.57226312 0.80522412 -0.15533537
vn 0.57226312 0.80522412 -0.15533537
vn 0.48616886 -0.86098212 -0.14949818
vn 0.48616886 -0.86098212 -0.14949818
vn 0.48616886 -0.86098212 -0.14949818
vn 0.48616886 -0.86098212 -0.14949818
vn 0.59331340 0.79071218 -0.15084235
vn 0.59331340 0.79071218 -0.15084235
vn 0.59331340 0.79071218 -0.15084235
vn 0.59331340 0.79071218 -0.15084235
vn 0.50642794 -0.84944892 -0.14821360
vn 0.50642794 -0.84944892 -0.14821360
vn 0.50642794 -0.84944892 -0.14821360
vn 0.50642794 -0.84944892 -0.14821360
vn 0.60708553 0.78113741 -0.14584714
vn 0.60708553 0.78113741 -0.14584714
vn 0.60708553 0.78113741 -0.14584714
vn 0.60708553 0.78113741 -0.14584714
vn 0.51973557 -0.84167713 -0.14647315
vn 0.51973557 -0.84167713 -0.14647315
vn 0.51973557 -0.84167713 -0.14647315
vn 0.51973557 -0.84167713 -0.14647315
vn 0.61412466 0.77667528 -0.14009479
vn 0.61412466 0.77667528 -0.14009479
vn 0.61412466 0.77667528 -0.14009479
vn 0.61412466 0.77667528 -0.14009479
vn 0.52642614 -0.83792633 -0.14406565
vn 0.52642614 -0.83792633 -0.14406565
vn 0.52642614 -0.83792633 -0.14406565
vn 0.52642614 -0.83792633 -0.14406565
vn -0.98090672 0.00000000 -0.19447865
vn -0.98090672 0.00000000 -0.19447865
vn -0.98090672 0.00000000 -0.19447865
vn -0.98090672 0.00000000 -0.19447865
vn 0.98090672 -0.00000000 -0.19447865
vn 0.98090672 -0.00000000 -0.19447865
vn 0.98090672 -0.00000000 -0.19447865
vn 0.98090672 -0.00000000 -0.19447865
vn -0.60597116 0.78451788 -0.13164583
vn -0.60597116 0.78451788 -0.13164583
vn -0.60597116 0.78451788 -0.13164583
vn -0.60597116 0.78451788 -0.13164583
vn -0.51453036 -0.84499729 -0.14573258
vn -0.51453036 -0.84499729 -0.14573258
vn -0.51453036 -0.84499729 -0.14573258
vn -0.51453036 -0.84499729 -0.14573258
vn -0.59891117 0.78887457 -0.13777745
vn -0.59891117 0.78887457 -0.13777745
vn -0.59891117 0.78887457 -0.13777745
vn -0.59891117 0.78887457 -0.13777745
vn -0.50786114 -0.84856319 -0.14838322
vn -0.50786114 -0.84856319 -0.14838322
vn -0.50786114 -0.84856319 -0.14838322
vn -0.50786114 -0.84856319 -0.14838322
vn -0.58508962 0.79822385 -0.14320943
vn -0.58508962 0.79822385 -0.14320943
vn -0.58508962 0.79822385 -0.14320943
vn -0.58508962 0.79822385 -0.14320943
vn -0.49463111 -0.85600632 -0.15031046
vn -0.49463111 -0.85600632 -0.15031046
vn -0.49463111 -0.85600632 -0.15031046
vn -0.49463111 -0.85600632 -0.15031046
vn -0.56398642 0.81237727 -0.14819725
vn -0.56398642 0.81237727 -0.14819725
vn -0.56398642 0.81237727 -0.14819725
vn -0.56398642 0.81237727 -0.14819725
vn -0.47453490 -0.86706322 -0.15171692
vn -0.47453490 -0.86706322 -0.15171692
vn -0.47453490 -0.86706322 -0.15171692
vn -0.47453490 -0.86706322 -0.15171692
vn -0.53484160 0.83099568 -0.15294011
vn -0.53484160 0.83099568 -0.15294011
vn -0.53484160 0.83099568 -0.15294011
vn -0.53484160 0.83099568 -0.15294011
vn -0.44715965 -0.88131166 -0.15276803
vn -0.44715965 -0.88131166 -0.15276803
vn -0.44715965 -0.88131166 -0.15276803
vn -0.44715965 -0.88131166 -0.15276803
vn -0.49671209 0.85349160 -0.15757276
vn -0.49671209 0.85349160 -0.15757276
vn -0.49671209 0.85349160 -0.15757276
vn -0.49671209 0.85349160 -0.15757276
vn -0.41204840 -0.89812362 -0.15359032
vn -0.41204840 -0.89812362 -0.15359032
vn -0.41204840 -0.89812362 -0.15359032
vn -0.41204840 -0.89812362 -0.15359032
vn -0.44857857 0.87891084 -0.16215150
vn -0.44857857 0.87891084 -0.16215150
vn -0.44857857 0.87891084 -0.16215150
vn -0.44857857 0.87891084 -0.16215150
vn -0.36879784 -0.91661835 -0.15426940
vn -0.36879784 -0.91661835 -0.15426940
vn -0.36879784 -0.91661835 -0.15426940
vn -0.36879784 -0.91661835 -0.15426940
vn -0.38954288 0.90580809 -0.16663747
vn -0.38954288 0.90580809 -0.16663747
vn -0.38954288 0.90580809 -0.16663747
vn -0.38954288 0.90580809 -0.16663747
vn -0.31719825 -0.93563175 -0.15484977
vn -0.31719825 -0.93563175 -0.15484977
vn -0.31719825 -0.93563175 -0.15484977
vn -0.31719825 -0.93563175 -0.15484977
vn -0.31914112 0.93217331 -0.17088535
vn -0.31914112 0.93217331 -0.17088535
vn -0.31914112 0.93217331 -0.17088535
vn -0.31914112 0.93217331 -0.17088535
vn -0.25740728 -0.95373613 -0.15533522
vn -0.25740728 -0.95373613 -0.15533522
vn -0.25740728 -0.95373613 -0.15533522
vn -0.25740728 -0.95373613 -0.15533522
vn -0.23774341 0.95549798 -0.17464727
vn -0.23774341 0.95549798 -0.17464727
vn -0.23774341 0.95549798 -0.17464727
vn -0.23774341 0.95549798 -0.17464727
vn -0.19013396 -0.96933371 -0.15569620
vn -0.19013396 -0.96933371 -0.15569620
vn -0.19013396 -0.96933371 -0.15569620
vn -0.19013396 -0.96933371 -0.15569620
vn -0.14694682 0.97306746 -0.17761269
vn -0.14694682 0.97306746 -0.17761269
vn -0.14694682 0.97306746 -0.17761269
vn -0.14694682 0.97306746 -0.17761269
vn -0.11676759 -0.98084939 -0.15588392
vn -0.11676759 -0.98084939 -0.15588392
vn -0.11676759 -0.98084939 -0.15588392
vn -0.11676759 -0.98084939 -0.15588392
vn -0.04974062 0.98250300 -0.17948186
vn -0.04974062 0.98250300 -0.17948186
vn -0.04974062 0.98250300 -0.17948186
vn -0.04974062 0.98250300 -0.17948186
vn -0.03939136 -0.98699462 -0.15585272
vn -0.03939136 -0.98699462 -0.15585272
vn -0.03939136 -0.98699462 -0.15585272
vn -0.03939136 -0.98699462 -0.15585272
vn 0.04973531 0.98239785 -0.18005797
vn 0.04973531 0.98239785 -0.18005797
vn 0.04973531 0.98239785 -0.18005797
vn 0.04973531 0.98239785 -0.18005797
vn 0.03939309 -0.98703802 -0.15557690
vn 0.03939309 -0.98703802 -0.15557690
vn 0.03939309 -0.98703802 -0.15557690
vn 0.03939309 -0.98703802 -0.15557690
vn 0.14690070 0.97276205 -0.17931582
vn 0.14690070 0.97276205 -0.17931582
vn 0.14690070 0.97276205 -0.17931582
vn 0.14690070 0.97276205 -0.17931582
vn 0.11678278 -0.98097706 -0.15506709
vn 0.11678278 -0.98097706 -0.15506709
vn 0.11678278 -0.98097706 -0.15506709
vn 0.11678278 -0.98097706 -0.15506709
vn 0.23762435 0.95501953 -0.17740487
vn 0.23762435 0.95501953 -0.17740487
vn 0.23762435 0.95501953 -0.17740487
vn 0.23762435 0.95501953 -0.17740487
vn 0.19017416 -0.96953869 -0.15436508
vn 0.19017416 -0.96953869 -0.15436508
vn 0.19017416 -0.96953869 -0.15436508
vn 0.19017416 -0.96953869 -0.15436508
vn 0.31893063 0.93155855 -0.17459095
vn 0.31893063 0.93155855 -0.17459095
vn 0.31893063 0.93155855 -0.17459095
vn 0.31893063 0.93155855 -0.17459095
vn 0.25748068 -0.95400810 -0.15353274
vn 0.25748068 -0.95400810 -0.15353274
vn 0.25748068 -0.95400810 -0.15353274
vn 0.25748068 -0.95400810 -0.15353274
vn 0.38923630 0.90509522 -0.17116654
vn 0.38923630 0.90509522 -0.17116654
vn 0.38923630 0.90509522 -0.17116654
vn 0.38923630 0.90509522 -0.17116654
vn 0.31730923 -0.93595910 -0.15262815
vn 0.31730923 -0.93595910 -0.15262815
vn 0.31730923 -0.93595910 -0.15262815
vn 0.31730923 -0.93595910 -0.15262815
vn 0.44818199 0.87813383 -0.16737372
vn 0.44818199 0.87813383 -0.16737372
vn 0.44818199 0.87813383 -0.16737372
vn 0.44818199 0.87813383 -0.16737372
vn 0.36894709 -0.91698933 -0.15168580
vn 0.36894709 -0.91698933 -0.15168580
vn 0.36894709 -0.91698933 -0.15168580
vn 0.36894709 -0.91698933 -0.15168580
vn 0.49623850 0.85267788 -0.16336364
vn 0.49623850 0.85267788 -0.16336364
vn 0.49623850 0.85267788 -0.16336364
vn 0.49623850 0.85267788 -0.16336364
vn 0.41223380 -0.89852774 -0.15070274
vn 0.41223380 -0.89852774 -0.15070274
vn 0.41223380 -0.89852774 -0.15070274
vn 0.41223380 -0.89852774 -0.15070274
vn 0.53430772 0.83016592 -0.15918444
vn 0.53430772 0.83016592 -0.15918444
vn 0.53430772 0.83016592 -0.15918444
vn 0.53430772 0.83016592 -0.15918444
vn 0.44737658 -0.88173920 -0.14963356
vn 0.44737658 -0.88173920 -0.14963356
vn 0.44737658 -0.88173920 -0.14963356
vn 0.44737658 -0.88173920 -0.14963356
vn 0.56341016 0.81154716 -0.15479128
vn 0.56341016 0.81154716 -0.15479128
vn 0.56341016 0.81154716 -0.15479128
vn 0.56341016 0.81154716 -0.15479128
vn 0.47477737 -0.86750627 -0.14838943
vn 0.47477737 -0.86750627 -0.14838943
vn 0.47477737 -0.86750627 -0.14838943
vn 0.47477737 -0.86750627 -0.14838943
vn 0.58448929 0.79740477 -0.15006030
vn 0.58448929 0.79740477 -0.15006030
vn 0.58448929 0.79740477 -0.15006030
vn 0.58448929 0.79740477 -0.15006030
vn 0.49489197 -0.85645777 -0.14684029
vn 0.49489197 -0.85645777 -0.14684029
vn 0.49489197 -0.85645777 -0.14684029
vn 0.49489197 -0.85645777 -0.14684029
vn 0.59830493 0.78807604 -0.14480120
vn 0.59830493 0.78807604 -0.14480120
vn 0.59830493 0.78807604 -0.14480120
vn 0.59830493 0.78807604 -0.14480120
vn 0.50813246 -0.84901655 -0.14481820
vn 0.50813246 -0.84901655 -0.14481820
vn 0.50813246 -0.84901655 -0.14481820
vn 0.50813246 -0.84901655 -0.14481820
vn 0.60537744 0.78374916 -0.13876468
vn 0.60537744 0.78374916 -0.13876468
vn 0.60537744 0.78374916 -0.13876468
vn 0.60537744 0.78374916 -0.13876468
vn 0.51480383 -0.84544635 -0.14211786
vn 0.51480383 -0.84544635 -0.14211786
vn 0.51480383 -0.84544635 -0.14211786
vn 0.51480383 -0.84544635 -0.14211786
vn -0.98090667 0.00000000 -0.19447905
vn -0.98090667 0.00000000 -0.19447905
vn -0.98090667 0.00000000 -0.19447905
vn -0.98090667 0.00000000 -0.19447905
vn 0.98090667 -0.00000000 -0.19447905
vn 0.98090667 -0.00000000 -0.19447905
vn 0.98090667 -0.00000000 -0.19447905
vn 0.98090667 -0.00000000 -0.19447905
vn -0.59736270 0.77769083 -0.19584368
vn -0.59736270 0.77769083 -0.19584368
vn -0.59736270 0.77769083 -0.19584368
vn -0.59736270 0.77769083 -0.19584368
vn -0.50417405 -0.84031707 -0.19918768
vn -0.50417405 -0.84031707 -0.19918768
vn -0.50417405 -0.84031707 -0.19918768
vn -0.50417405 -0.84031707 -0.19918768
vn -0.59082407 0.78256744 -0.19625242
vn -0.59082407 0.78256744 -0.19625242
vn -0.59082407 0.78256744 -0.19625242
vn -0.59082407 0.78256744 -0.19625242
vn -0.49791509 -0.84433103 -0.19795386
vn -0.49791509 -0.84433103 -0.19795386
vn -0.49791509 -0.84433103 -0.19795386
vn -0.49791509 -0.84433103 -0.19795386
vn -0.57767427 0.79250622 -0.19551536
vn -0.57767427 0.79250622 -0.19551536
vn -0.57767427 0.79250622 -0.19551536
vn -0.57767427 0.79250622 -0.19551536
vn -0.48522457 -0.85222995 -0.19560508
vn -0.48522457 -0.85222995 -0.19560508
vn -0.48522457 -0.85222995 -0.19560508
vn -0.48522457 -0.85222995 -0.19560508
vn -0.55734658 0.80729437 -0.19401205
vn -0.55734658 0.80729437 -0.19401205
vn -0.55734658 0.80729437 -0.19401205
vn -0.55734658 0.80729437 -0.19401205
vn -0.46577024 -0.86371911 -0.19247676
vn -0.46577024 -0.86371911 -0.19247676
vn -0.46577024 -0.86371911 -0.19247676
vn -0.46577024 -0.86371911 -0.19247676
vn -0.52904195 0.82657325 -0.19207093
vn -0.52904195 0.82657325 -0.19207093
vn -0.52904195 0.82657325 -0.19207093
vn -0.52904195 0.82657325 -0.19207093
vn -0.43911999 -0.87835187 -0.18886951
vn -0.43911999 -0.87835187 -0.18886951
vn -0.43911999 -0.87835187 -0.18886951
vn -0.43911999 -0.87835187 -0.18886951
vn -0.49178356 0.84974068 -0.18997280
vn -0.49178356 0.84974068 -0.18997280
vn -0.49178356 0.84974068 -0.18997280
vn -0.49178356 0.84974068 -0.18997280
vn -0.40480843 -0.89548028 -0.18505460
vn -0.40480843 -0.89548028 -0.18505460
vn -0.40480843 -0.89548028 -0.18505460
vn -0.40480843 -0.89548028 -0.18505460
vn -0.44452286 0.87582773 -0.18794975
vn -0.44452286 0.87582773 -0.18794975
vn -0.44452286 0.87582773 -0.18794975
vn -0.44452286 0.87582773 -0.18794975
vn -0.36243305 -0.91421032 -0.18127780
vn -0.36243305 -0.91421032 -0.18127780
vn -0.36243305 -0.91421032 -0.18127780
vn -0.36243305 -0.91421032 -0.18127780
vn -0.38633814 0.90337139 -0.18618014
vn -0.38633814 0.90337139 -0.18618014
vn -0.38633814 0.90337139 -0.18618014
vn -0.38633814 0.90337139 -0.18618014
vn -0.31179082 -0.93337452 -0.17775963
vn -0.31179082 -0.93337452 -0.17775963
vn -0.31179082 -0.93337452 -0.17775963
vn -0.31179082 -0.93337452 -0.17775963
vn -0.31674463 0.93033820 -0.18477988
vn -0.31674463 0.93033820 -0.18477988
vn -0.31674463 0.93033820 -0.18477988
vn -0.31674463 0.93033820 -0.18477988
vn -0.25304958 -0.95155048 -0.17469278
vn -0.25304958 -0.95155048 -0.17469278
vn -0.25304958 -0.95155048 -0.17469278
vn -0.25304958 -0.95155048 -0.17469278
vn -0.23609969 0.95418763 -0.18380116
vn -0.23609969 0.95418763 -0.18380116
vn -0.23609969 0.95418763 -0.18380116
vn -0.23609969 0.95418763 -0.18380116
vn -0.18692380 -0.96715730 -0.17223899
vn -0.18692380 -0.96715730 -0.17223899
vn -0.18692380 -0.96715730 -0.17223899
vn -0.18692380 -0.96715730 -0.17223899
vn -0.14599580 0.97216690 -0.18323956
vn -0.14599580 0.97216690 -0.18323956
vn -0.14599580 0.97216690 -0.18323956
vn -0.14599580 0.97216690 -0.18323956
vn -0.11479679 -0.97864354 -0.17052415
vn -0.11479679 -0.97864354 -0.17052415
vn -0.11479679 -0.97864354 -0.17052415
vn -0.11479679 -0.97864354 -0.17052415
vn -0.04943178 0.98185831 -0.18305926
vn -0.04943178 0.98185831 -0.18305926
vn -0.04943178 0.98185831 -0.18305926
vn -0.04943178 0.98185831 -0.18305926
vn -0.03872476 -0.98474592 -0.16963448
vn -0.03872476 -0.98474592 -0.16963448
vn -0.03872476 -0.98474592 -0.16963448
vn -0.03872476 -0.98474592 -0.16963448
vn 0.04943020 0.98182744 -0.18322536
vn 0.04943020 0.98182744 -0.18322536
vn 0.04943020 0.98182744 -0.18322536
vn 0.04943020 0.98182744 -0.18322536
vn 0.03872489 -0.98474932 -0.16961452
vn 0.03872489 -0.98474932 -0.16961452
vn 0.03872489 -0.98474932 -0.16961452
vn 0.03872489 -0.98474932 -0.16961452
vn 0.14598222 0.97207648 -0.18372959
vn 0.14598222 0.97207648 -0.18372959
vn 0.14598222 0.97207648 -0.18372959
vn 0.14598222 0.97207648 -0.18372959
vn 0.11479798 -0.97865373 -0.17046477
vn 0.11479798 -0.97865373 -0.17046477
vn 0.11479798 -0.97865373 -0.17046477
vn 0.11479798 -0.97865373 -0.17046477
vn 0.23606403 0.95404363 -0.18459317
vn 0.23606403 0.95404363 -0.18459317
vn 0.23606403 0.95404363 -0.18459317
vn 0.23606403 0.95404363 -0.18459317
vn 0.18692701 -0.96717387 -0.17214246
vn 0.18692701 -0.96717387 -0.17214246
vn 0.18692701 -0.96717387 -0.17214246
vn 0.18692701 -0.96717387 -0.17214246
vn 0.31668004 0.93014854 -0.18584219
vn 0.31668004 0.93014854 -0.18584219
vn 0.31668004 0.93014854 -0.18584219
vn 0.31668004 0.93014854 -0.18584219
vn 0.25305554 -0.95157284 -0.17456231
vn 0.25305554 -0.95157284 -0.17456231
vn 0.25305554 -0.95157284 -0.17456231
vn 0.25305554 -0.95157284 -0.17456231
vn 0.38624126 0.90314496 -0.18747514
vn 0.38624126 0.90314496 -0.18747514
vn 0.38624126 0.90314496 -0.18747514
vn 0.38624126 0.90314496 -0.18747514
vn 0.31180000 -0.93340206 -0.17759904
vn 0.31180000 -0.93340206 -0.17759904
vn 0.31180000 -0.93340206 -0.17759904
vn 0.31180000 -0.93340206 -0.17759904
vn 0.44439337 0.87557262 -0.18943903
vn 0.44439337 0.87557262 -0.18943903
vn 0.44439337 0.87557262 -0.18943903
vn 0.44439337 0.87557262 -0.18943903
vn 0.36244571 -0.91424227 -0.18109135
vn 0.36244571 -0.91424227 -0.18109135
vn 0.36244571 -0.91424227 -0.18109135
vn 0.36244571 -0.91424227 -0.18109135
vn 0.49162331 0.84946376 -0.19161868
vn 0.49162331 0.84946376 -0.19161868
vn 0.49162331 0.84946376 -0.19161868
vn 0.49162331 0.84946376 -0.19161868
vn 0.40482455 -0.89551598 -0.18484651
vn 0.40482455 -0.89551598 -0.18484651
vn 0.40482455 -0.89551598 -0.18484651
vn 0.40482455 -0.89551598 -0.18484651
vn 0.52885443 0.82628030 -0.19383985
vn 0.52885443 0.82628030 -0.19383985
vn 0.52885443 0.82628030 -0.19383985
vn 0.52885443 0.82628030 -0.19383985
vn 0.43913934 -0.87839055 -0.18864405
vn 0.43913934 -0.87839055 -0.18864405
vn 0.43913934 -0.87839055 -0.18864405
vn 0.43913934 -0.87839055 -0.18864405
vn 0.55713636 0.80698979 -0.19587389
vn 0.55713636 0.80698979 -0.19587389
vn 0.55713636 0.80698979 -0.19587389
vn 0.55713636 0.80698979 -0.19587389
vn 0.46579248 -0.86376029 -0.19223821
vn 0.46579248 -0.86376029 -0.19223821
vn 0.46579248 -0.86376029 -0.19223821
vn 0.46579248 -0.86376029 -0.19223821
vn 0.57744670 0.79219401 -0.19744381
vn 0.57744670 0.79219401 -0.19744381
vn 0.57744670 0.79219401 -0.19744381
vn 0.57744670 0.79219401 -0.19744381
vn 0.48524901 -0.85227293 -0.19535683
vn 0.48524901 -0.85227293 -0.19535683
vn 0.48524901 -0.85227293 -0.19535683
vn 0.48524901 -0.85227293 -0.19535683
vn 0.59058499 0.78225082 -0.19822472
vn 0.59058499 0.78225082 -0.19822472
vn 0.59058499 0.78225082 -0.19822472
vn 0.59058499 0.78225082 -0.19822472
vn 0.49794117 -0.84437525 -0.19769916
vn 0.49794117 -0.84437525 -0.19769916
vn 0.49794117 -0.84437525 -0.19769916
vn 0.49794117 -0.84437525 -0.19769916
vn 0.59711885 0.77737331 -0.19783810
vn 0.59711885 0.77737331 -0.19783810
vn 0.59711885 0.77737331 -0.19783810
vn 0.59711885 0.77737331 -0.19783810
vn 0.50420099 -0.84036195 -0.19892985
vn 0.50420099 -0.84036195 -0.19892985
vn 0.50420099 -0.84036195 -0.19892985
vn 0.50420099 -0.84036195 -0.19892985
vn -0.95558578 0.00000000 -0.29471326
vn -0.95558578 0.00000000 -0.29471326
vn -0.95558578 0.00000000 -0.29471326
vn -0.95558578 0.00000000 -0.29471326
vn 0.95558578 -0.00000000 -0.29471326
vn 0.95558578 -0.00000000 -0.29471326
vn 0.95558578 -0.00000000 -0.29471326
vn 0.95558578 -0.00000000 -0.29471326
vn -0.59161991 0.78249210 -0.19414425
vn -0.59161991 0.78249210 -0.19414425
vn -0.59161991 0.78249210 -0.19414425
vn -0.59161991 0.78249210 -0.19414425
vn -0.50385112 -0.84052902 -0.19911043
vn -0.50385112 -0.84052902 -0.19911043
vn -0.50385112 -0.84052902 -0.19911043
vn -0.50385112 -0.84052902 -0.19911043
vn -0.58504248 0.78726172 -0.19479309
vn -0.58504248 0.78726172 -0.19479309
vn -0.58504248 0.78726172 -0.19479309
vn -0.58504248 0.78726172 -0.19479309
vn -0.49759206 -0.84453690 -0.19788739
vn -0.49759206 -0.84453690 -0.19788739
vn -0.49759206 -0.84453690 -0.19788739
vn -0.49759206 -0.84453690 -0.19788739
vn -0.57184899 0.79702049 -0.19428577
vn -0.57184899 0.79702049 -0.19428577
vn -0.57184899 0.79702049 -0.19428577
vn -0.57184899 0.79702049 -0.19428577
vn -0.48490319 -0.85242552 -0.19554949
vn -0.48490319 -0.85242552 -0.19554949
vn -0.48490319 -0.85242552 -0.19554949
vn -0.48490319 -0.85242552 -0.19554949
vn -0.55149072 0.81154704 -0.19300044
vn -0.55149072 0.81154704 -0.19300044
vn -0.55149072 0.81154704 -0.19300044
vn -0.55149072 0.81154704 -0.19300044
vn -0.46545264 -0.86390042 -0.19243151
vn -0.46545264 -0.86390042 -0.19243151
vn -0.46545264 -0.86390042 -0.19243151
vn -0.46545264 -0.86390042 -0.19243151
vn -0.52319711 0.83047175 -0.19126250
vn -0.52319711 0.83047175 -0.19126250
vn -0.52319711 0.83047175 -0.19126250
vn -0.52319711 0.83047175 -0.19126250
vn -0.43880945 -0.87851477 -0.18883350
vn -0.43880945 -0.87851477 -0.18883350
vn -0.43880945 -0.87851477 -0.18883350
vn -0.43880945 -0.87851477 -0.18883350
vn -0.48602882 0.85318387 -0.18934923
vn -0.48602882 0.85318387 -0.18934923
vn -0.48602882 0.85318387 -0.18934923
vn -0.48602882 0.85318387 -0.18934923
vn -0.40451056 -0.89562052 -0.18502726
vn -0.40451056 -0.89562052 -0.18502726
vn -0.40451056 -0.89562052 -0.18502726
vn -0.40451056 -0.89562052 -0.18502726
vn -0.43898931 0.87871265 -0.18749014
vn -0.43898931 0.87871265 -0.18749014
vn -0.43898931 0.87871265 -0.18749014
vn -0.43898931 0.87871265 -0.18749014
vn -0.36215511 -0.91432434 -0.18125837
vn -0.36215511 -0.91432434 -0.18125837
vn -0.36215511 -0.91432434 -0.18125837
vn -0.36215511 -0.91432434 -0.18125837
vn -0.38121819 0.90560949 -0.18586043
vn -0.38121819 0.90560949 -0.18586043
vn -0.38121819 0.90560949 -0.18586043
vn -0.38121819 0.90560949 -0.18586043
vn -0.31154141 -0.93346024 -0.17774686
vn -0.31154141 -0.93346024 -0.17774686
vn -0.31154141 -0.93346024 -0.17774686
vn -0.31154141 -0.93346024 -0.17774686
vn -0.31229237 0.93188280 -0.18457484
vn -0.31229237 0.93188280 -0.18457484
vn -0.31229237 0.93188280 -0.18457484
vn -0.31229237 0.93188280 -0.18457484
vn -0.25283921 -0.95160782 -0.17468537
vn -0.25283921 -0.95160782 -0.17468537
vn -0.25283921 -0.95160782 -0.17468537
vn -0.25283921 -0.95160782 -0.17468537
vn -0.23260900 0.95506704 -0.18368465
vn -0.23260900 0.95506704 -0.18368465
vn -0.23260900 0.95506704 -0.18368465
vn -0.23260900 0.95506704 -0.18368465
vn -0.18676314 -0.96718889 -0.17223547
vn -0.18676314 -0.96718889 -0.17223547
vn -0.18676314 -0.96718889 -0.17223547
vn -0.18676314 -0.96718889 -0.17223547
vn -0.14375544 0.97251058 -0.18318687
vn -0.14375544 0.97251058 -0.18318687
vn -0.14375544 0.97251058 -0.18318687
vn -0.14375544 0.97251058 -0.18318687
vn -0.11469565 -0.97865558 -0.17052302
vn -0.11469565 -0.97865558 -0.17052302
vn -0.11469565 -0.97865558 -0.17052302
vn -0.11469565 -0.97865558 -0.17052302
vn -0.04865851 0.98189926 -0.18304741
vn -0.04865851 0.98189926 -0.18304741
vn -0.04865851 0.98189926 -0.18304741
vn -0.04865851 0.98189926 -0.18304741
vn -0.03869041 -0.98474741 -0.16963416
vn -0.03869041 -0.98474741 -0.16963416
vn -0.03869041 -0.98474741 -0.16963416
vn -0.03869041 -0.98474741 -0.16963416
vn 0.04865684 0.98186475 -0.18323253
vn 0.04865684 0.98186475 -0.18323253
vn 0.04865684 0.98186475 -0.18323253
vn 0.04865684 0.98186475 -0.18323253
vn 0.03869054 -0.98475093 -0.16961330
vn 0.03869054 -0.98475093 -0.16961330
vn 0.03869054 -0.98475093 -0.16961330
vn 0.03869054 -0.98475093 -0.16961330
vn 0.14374052 0.97240961 -0.18373412
vn 0.14374052 0.97240961 -0.18373412
vn 0.14374052 0.97240961 -0.18373412
vn 0.14374052 0.97240961 -0.18373412
vn 0.11469691 -0.97866631 -0.17046107
vn 0.11469691 -0.97866631 -0.17046107
vn 0.11469691 -0.97866631 -0.17046107
vn 0.11469691 -0.97866631 -0.17046107
vn 0.23256972 0.95490593 -0.18456976
vn 0.23256972 0.95490593 -0.18456976
vn 0.23256972 0.95490593 -0.18456976
vn 0.23256972 0.95490593 -0.18456976
vn 0.18676648 -0.96720624 -0.17213483
vn 0.18676648 -0.96720624 -0.17213483
vn 0.18676648 -0.96720624 -0.17213483
vn 0.18676648 -0.96720624 -0.17213483
vn 0.31222129 0.93167067 -0.18576257
vn 0.31222129 0.93167067 -0.18576257
vn 0.31222129 0.93167067 -0.18576257
vn 0.31222129 0.93167067 -0.18576257
vn 0.25284541 -0.95163113 -0.17454927
vn 0.25284541 -0.95163113 -0.17454927
vn 0.25284541 -0.95163113 -0.17454927
vn 0.25284541 -0.95163113 -0.17454927
vn 0.38111141 0.90535587 -0.18730950
vn 0.38111141 0.90535587 -0.18730950
vn 0.38111141 0.90535587 -0.18730950
vn 0.38111141 0.90535587 -0.18730950
vn 0.31155097 -0.93348891 -0.17757927
vn 0.31155097 -0.93348891 -0.17757927
vn 0.31155097 -0.93348891 -0.17757927
vn 0.31155097 -0.93348891 -0.17757927
vn 0.43884641 0.87842649 -0.18915755
vn 0.43884641 0.87842649 -0.18915755
vn 0.43884641 0.87842649 -0.18915755
vn 0.43884641 0.87842649 -0.18915755
vn 0.36216834 -0.91435772 -0.18106379
vn 0.36216834 -0.91435772 -0.18106379
vn 0.36216834 -0.91435772 -0.18106379
vn 0.36216834 -0.91435772 -0.18106379
vn 0.48585188 0.85287333 -0.19119389
vn 0.48585188 0.85287333 -0.19119389
vn 0.48585188 0.85287333 -0.19119389
vn 0.48585188 0.85287333 -0.19119389
vn 0.40452737 -0.89565772 -0.18481027
vn 0.40452737 -0.89565772 -0.18481027
vn 0.40452737 -0.89565772 -0.18481027
vn 0.40452737 -0.89565772 -0.18481027
vn 0.52298993 0.83014292 -0.19324666
vn 0.52298993 0.83014292 -0.19324666
vn 0.52298993 0.83014292 -0.19324666
vn 0.52298993 0.83014292 -0.19324666
vn 0.43882960 -0.87855506 -0.18859848
vn 0.43882960 -0.87855506 -0.18859848
vn 0.43882960 -0.87855506 -0.18859848
vn 0.43882960 -0.87855506 -0.18859848
vn 0.55125850 0.81120515 -0.19509059
vn 0.55125850 0.81120515 -0.19509059
vn 0.55125850 0.81120515 -0.19509059
vn 0.55125850 0.81120515 -0.19509059
vn 0.46547577 -0.86394334 -0.19218248
vn 0.46547577 -0.86394334 -0.19218248
vn 0.46547577 -0.86394334 -0.19218248
vn 0.46547577 -0.86394334 -0.19218248
vn 0.57159752 0.79666996 -0.19645174
vn 0.57159752 0.79666996 -0.19645174
vn 0.57159752 0.79666996 -0.19645174
vn 0.57159752 0.79666996 -0.19645174
vn 0.48492873 -0.85247040 -0.19529040
vn 0.48492873 -0.85247040 -0.19529040
vn 0.48492873 -0.85247040 -0.19529040
vn 0.48492873 -0.85247040 -0.19529040
vn 0.58477849 0.78690648 -0.19700837
vn 0.58477849 0.78690648 -0.19700837
vn 0.58477849 0.78690648 -0.19700837
vn 0.58477849 0.78690648 -0.19700837
vn 0.49761927 -0.84458309 -0.19762194
vn 0.49761927 -0.84458309 -0.19762194
vn 0.49761927 -0.84458309 -0.19762194
vn 0.49761927 -0.84458309 -0.19762194
vn 0.59135079 0.78213632 -0.19638513
vn 0.59135079 0.78213632 -0.19638513
vn 0.59135079 0.78213632 -0.19638513
vn 0.59135079 0.78213632 -0.19638513
vn 0.50387919 -0.84057587 -0.19884165
vn 0.50387919 -0.84057587 -0.19884165
vn 0.50387919 -0.84057587 -0.19884165
vn 0.50387919 -0.84057587 -0.19884165
vn -0.95558578 0.00000000 -0.29471332
vn -0.95558578 0.00000000 -0.29471332
vn -0.95558578 0.00000000 -0.29471332
vn -0.95558578 0.00000000 -0.29471332
vn 0.95558578 -0.00000000 -0.29471332
vn 0.95558578 -0.00000000 -0.29471332
vn 0.95558578 -0.00000000 -0.29471332
vn 0.95558578 -0.00000000 -0.29471332
vn -0.58421642 0.78857195 -0.19195172
vn -0.58421642 0.78857195 -0.19195172
vn -0.58421642 0.78857195 -0.19195172
vn -0.58421642 0.78857195 -0.19195172
vn -0.50294286 -0.84112412 -0.19889364
vn -0.50294286 -0.84112412 -0.19889364
vn -0.50294286 -0.84112412 -0.19889364
vn -0.50294286 -0.84112412 -0.19889364
vn -0.57759303 0.79320401 -0.19290879
vn -0.57759303 0.79320401 -0.19290879
vn -0.57759303 0.79320401 -0.19290879
vn -0.57759303 0.79320401 -0.19290879
vn -0.49668381 -0.84511483 -0.19770202
vn -0.49668381 -0.84511483 -0.19770202
vn -0.49668381 -0.84511483 -0.19770202
vn -0.49668381 -0.84511483 -0.19770202
vn -0.56435186 0.80272943 -0.19269799
vn -0.56435186 0.80272943 -0.19269799
vn -0.56435186 0.80272943 -0.19269799
vn -0.56435186 0.80272943 -0.19269799
vn -0.48399833 -0.85297531 -0.19539402
vn -0.48399833 -0.85297531 -0.19539402
vn -0.48399833 -0.85297531 -0.19539402
vn -0.48399833 -0.85297531 -0.19539402
vn -0.54396677 0.81691730 -0.19169325
vn -0.54396677 0.81691730 -0.19169325
vn -0.54396677 0.81691730 -0.19169325
vn -0.54396677 0.81691730 -0.19169325
vn -0.46455848 -0.86440992 -0.19230469
vn -0.46455848 -0.86440992 -0.19230469
vn -0.46455848 -0.86440992 -0.19230469
vn -0.46455848 -0.86440992 -0.19230469
vn -0.51569992 0.83538699 -0.19021620
vn -0.51569992 0.83538699 -0.19021620
vn -0.51569992 0.83538699 -0.19021620
vn -0.51569992 0.83538699 -0.19021620
vn -0.43793646 -0.87897170 -0.18873373
vn -0.43793646 -0.87897170 -0.18873373
vn -0.43793646 -0.87897170 -0.18873373
vn -0.43793646 -0.87897170 -0.18873373
vn -0.47866416 0.85751539 -0.18854168
vn -0.47866416 0.85751539 -0.18854168
vn -0.47866416 0.85751539 -0.18854168
vn -0.47866416 0.85751539 -0.18854168
vn -0.40367293 -0.89601392 -0.18495196
vn -0.40367293 -0.89601392 -0.18495196
vn -0.40367293 -0.89601392 -0.18495196
vn -0.40367293 -0.89601392 -0.18495196
vn -0.43192530 0.88233280 -0.18689436
vn -0.43192530 0.88233280 -0.18689436
vn -0.43192530 0.88233280 -0.18689436
vn -0.43192530 0.88233280 -0.18689436
vn -0.36137277 -0.91464442 -0.18120497
vn -0.36137277 -0.91464442 -0.18120497
vn -0.36137277 -0.91464442 -0.18120497
vn -0.36137277 -0.91464442 -0.18120497
vn -0.37470061 0.90841019 -0.18544625
vn -0.37470061 0.90841019 -0.18544625
vn -0.37470061 0.90841019 -0.18544625
vn -0.37470061 0.90841019 -0.18544625
vn -0.31083977 -0.93370062 -0.17771222
vn -0.31083977 -0.93370062 -0.17771222
vn -0.31083977 -0.93370062 -0.17771222
vn -0.31083977 -0.93370062 -0.17771222
vn -0.30663925 0.93381071 -0.18430912
vn -0.30663925 0.93381071 -0.18430912
vn -0.30663925 0.93381071 -0.18430912
vn -0.30663925 0.93381071 -0.18430912
vn -0.25224766 -0.95176828 -0.17466600
vn -0.25224766 -0.95176828 -0.17466600
vn -0.25224766 -0.95176828 -0.17466600
vn -0.25224766 -0.95176828 -0.17466600
vn -0.22818854 0.95616180 -0.18353388
vn -0.22818854 0.95616180 -0.18353388
vn -0.22818854 0.95616180 -0.18353388
vn -0.22818854 0.95616180 -0.18353388
vn -0.18631156 -0.96727753 -0.17222722
vn -0.18631156 -0.96727753 -0.17222722
vn -0.18631156 -0.96727753 -0.17222722
vn -0.18631156 -0.96727753 -0.17222722
vn -0.14092404 0.97293788 -0.18311851
vn -0.14092404 0.97293788 -0.18311851
vn -0.14092404 0.97293788 -0.18311851
vn -0.14092404 0.97293788 -0.18311851
vn -0.11441146 -0.97868925 -0.17052133
vn -0.11441146 -0.97868925 -0.17052133
vn -0.11441146 -0.97868925 -0.17052133
vn -0.11441146 -0.97868925 -0.17052133
vn -0.04768157 0.98195010 -0.18303148
vn -0.04768157 0.98195010 -0.18303148
vn -0.04768157 0.98195010 -0.18303148
vn -0.04768157 0.98195010 -0.18303148
vn -0.03859360 -0.98475105 -0.16963473
vn -0.03859360 -0.98475105 -0.16963473
vn -0.03859360 -0.98475105 -0.16963473
vn -0.03859360 -0.98475105 -0.16963473
vn 0.04767962 0.98191106 -0.18324105
vn 0.04767962 0.98191106 -0.18324105
vn 0.04767962 0.98191106 -0.18324105
vn 0.04767962 0.98191106 -0.18324105
vn 0.03859376 -0.98475504 -0.16961139
vn 0.03859376 -0.98475504 -0.16961139
vn 0.03859376 -0.98475504 -0.16961139
vn 0.03859376 -0.98475504 -0.16961139
vn 0.14090736 0.97282350 -0.18373773
vn 0.14090736 0.97282350 -0.18373773
vn 0.14090736 0.97282350 -0.18373773
vn 0.14090736 0.97282350 -0.18373773
vn 0.11441284 -0.97870106 -0.17045239
vn 0.11441284 -0.97870106 -0.17045239
vn 0.11441284 -0.97870106 -0.17045239
vn 0.11441284 -0.97870106 -0.17045239
vn 0.22814499 0.95597917 -0.18453625
vn 0.22814499 0.95597917 -0.18453625
vn 0.22814499 0.95597917 -0.18453625
vn 0.22814499 0.95597917 -0.18453625
vn 0.18631528 -0.96729678 -0.17211485
vn 0.18631528 -0.96729678 -0.17211485
vn 0.18631528 -0.96729678 -0.17211485
vn 0.18631528 -0.96729678 -0.17211485
vn 0.30656016 0.93356997 -0.18565577
vn 0.30656016 0.93356997 -0.18565577
vn 0.30656016 0.93356997 -0.18565577
vn 0.30656016 0.93356997 -0.18565577
vn 0.25225458 -0.95179439 -0.17451400
vn 0.25225458 -0.95179439 -0.17451400
vn 0.25225458 -0.95179439 -0.17451400
vn 0.25225458 -0.95179439 -0.17451400
vn 0.37458169 0.90812200 -0.18709077
vn 0.37458169 0.90812200 -0.18709077
vn 0.37458169 0.90812200 -0.18709077
vn 0.37458169 0.90812200 -0.18709077
vn 0.31085044 -0.93373269 -0.17752516
vn 0.31085044 -0.93373269 -0.17752516
vn 0.31085044 -0.93373269 -0.17752516
vn 0.31085044 -0.93373269 -0.17752516
vn 0.43176597 0.88200730 -0.18878895
vn 0.43176597 0.88200730 -0.18878895
vn 0.43176597 0.88200730 -0.18878895
vn 0.43176597 0.88200730 -0.18878895
vn 0.36138746 -0.91468161 -0.18098772
vn 0.36138746 -0.91468161 -0.18098772
vn 0.36138746 -0.91468161 -0.18098772
vn 0.36138746 -0.91468161 -0.18098772
vn 0.47846672 0.85716170 -0.19063972
vn 0.47846672 0.85716170 -0.19063972
vn 0.47846672 0.85716170 -0.19063972
vn 0.47846672 0.85716170 -0.19063972
vn 0.40369165 -0.89605540 -0.18470979
vn 0.40369165 -0.89605540 -0.18470979
vn 0.40369165 -0.89605540 -0.18470979
vn 0.40369165 -0.89605540 -0.18470979
vn 0.51546854 0.83501226 -0.19247513
vn 0.51546854 0.83501226 -0.19247513
vn 0.51546854 0.83501226 -0.19247513
vn 0.51546854 0.83501226 -0.19247513
vn 0.43795893 -0.87901682 -0.18847117
vn 0.43795893 -0.87901682 -0.18847117
vn 0.43795893 -0.87901682 -0.18847117
vn 0.43795893 -0.87901682 -0.18847117
vn 0.54370743 0.81652766 -0.19407424
vn 0.54370743 0.81652766 -0.19407424
vn 0.54370743 0.81652766 -0.19407424
vn 0.54370743 0.81652766 -0.19407424
vn 0.46458426 -0.86445785 -0.19202664
vn 0.46458426 -0.86445785 -0.19202664
vn 0.46458426 -0.86445785 -0.19202664
vn 0.46458426 -0.86445785 -0.19202664
vn 0.56407118 0.80232996 -0.19516736
vn 0.56407118 0.80232996 -0.19516736
vn 0.56407118 0.80232996 -0.19516736
vn 0.56407118 0.80232996 -0.19516736
vn 0.48402670 -0.85302532 -0.19510469
vn 0.48402670 -0.85302532 -0.19510469
vn 0.48402670 -0.85302532 -0.19510469
vn 0.48402670 -0.85302532 -0.19510469
vn 0.57729858 0.79279959 -0.19543593
vn 0.57729858 0.79279959 -0.19543593
vn 0.57729858 0.79279959 -0.19543593
vn 0.57729858 0.79279959 -0.19543593
vn 0.49671412 -0.84516639 -0.19740526
vn 0.49671412 -0.84516639 -0.19740526
vn 0.49671412 -0.84516639 -0.19740526
vn 0.49671412 -0.84516639 -0.19740526
vn 0.58391678 0.78816730 -0.19450849
vn 0.58391678 0.78816730 -0.19450849
vn 0.58391678 0.78816730 -0.19450849
vn 0.58391678 0.78816730 -0.19450849
vn 0.50297409 -0.84117633 -0.19859353
vn 0.50297409 -0.84117633 -0.19859353
vn 0.50297409 -0.84117633 -0.19859353
vn 0.50297409 -0.84117633 -0.19859353
vn -0.95558572 0.00000000 -0.29471329
vn -0.95558572 0.00000000 -0.29471329
vn -0.95558572 0.00000000 -0.29471329
vn -0.95558572 0.00000000 -0.29471329
vn 0.95558572 -0.00000000 -0.29471329
vn 0.95558572 -0.00000000 -0.29471329
vn 0.95558572 -0.00000000 -0.29471329
vn 0.95558572 -0.00000000 -0.29471329
vn -0.58048326 0.79159147 -0.19084561
vn -0.58048326 0.79159147 -0.19084561
vn -0.58048326 0.79159147 -0.19084561
vn -0.58048326 0.79159147 -0.19084561
vn -0.50179362 -0.84187490 -0.19861969
vn -0.50179362 -0.84187490 -0.19861969
vn -0.50179362 -0.84187490 -0.19861969
vn -0.50179362 -0.84187490 -0.19861969
vn -0.57383919 0.79615372 -0.19195810
vn -0.57383919 0.79615372 -0.19195810
vn -0.57383919 0.79615372 -0.19195810
vn -0.57383919 0.79615372 -0.19195810
vn -0.49553335 -0.84584486 -0.19746703
vn -0.49553335 -0.84584486 -0.19746703
vn -0.49553335 -0.84584486 -0.19746703
vn -0.49553335 -0.84584486 -0.19746703
vn -0.56057787 0.80556077 -0.19189642
vn -0.56057787 0.80556077 -0.19189642
vn -0.56057787 0.80556077 -0.19189642
vn -0.56057787 0.80556077 -0.19189642
vn -0.48285356 -0.85366875 -0.19519709
vn -0.48285356 -0.85366875 -0.19519709
vn -0.48285356 -0.85366875 -0.19519709
vn -0.48285356 -0.85366875 -0.19519709
vn -0.54018307 0.81957853 -0.19103244
vn -0.54018307 0.81957853 -0.19103244
vn -0.54018307 0.81957853 -0.19103244
vn -0.54018307 0.81957853 -0.19103244
vn -0.46342742 -0.86505240 -0.19214404
vn -0.46342742 -0.86505240 -0.19214404
vn -0.46342742 -0.86505240 -0.19214404
vn -0.46342742 -0.86505240 -0.19214404
vn -0.51193619 0.83781850 -0.18968748
vn -0.51193619 0.83781850 -0.18968748
vn -0.51193619 0.83781850 -0.18968748
vn -0.51193619 0.83781850 -0.18968748
vn -0.43683171 -0.87954843 -0.18860689
vn -0.43683171 -0.87954843 -0.18860689
vn -0.43683171 -0.87954843 -0.18860689
vn -0.43683171 -0.87954843 -0.18860689
vn -0.47497290 0.85965496 -0.18813299
vn -0.47497290 0.85965496 -0.18813299
vn -0.47497290 0.85965496 -0.18813299
vn -0.47497290 0.85965496 -0.18813299
vn -0.40261433 -0.89650971 -0.18485668
vn -0.40261433 -0.89650971 -0.18485668
vn -0.40261433 -0.89650971 -0.18485668
vn -0.40261433 -0.89650971 -0.18485668
vn -0.42839307 0.88411665 -0.18659301
vn -0.42839307 0.88411665 -0.18659301
vn -0.42839307 0.88411665 -0.18659301
vn -0.42839307 0.88411665 -0.18659301
vn -0.36038384 -0.91504794 -0.18113737
vn -0.36038384 -0.91504794 -0.18113737
vn -0.36038384 -0.91504794 -0.18113737
vn -0.36038384 -0.91504794 -0.18113737
vn -0.37144831 0.90978765 -0.18523645
vn -0.37144831 0.90978765 -0.18523645
vn -0.37144831 0.90978765 -0.18523645
vn -0.37144831 0.90978765 -0.18523645
vn -0.30995321 -0.93400365 -0.17766850
vn -0.30995321 -0.93400365 -0.17766850
vn -0.30995321 -0.93400365 -0.17766850
vn -0.30995321 -0.93400365 -0.17766850
vn -0.30382529 0.93475658 -0.18417469
vn -0.30382529 0.93475658 -0.18417469
vn -0.30382529 0.93475658 -0.18417469
vn -0.30382529 0.93475658 -0.18417469
vn -0.25149995 -0.95197070 -0.17464152
vn -0.25149995 -0.95197070 -0.17464152
vn -0.25149995 -0.95197070 -0.17464152
vn -0.25149995 -0.95197070 -0.17464152
vn -0.22599247 0.95669782 -0.18345751
vn -0.22599247 0.95669782 -0.18345751
vn -0.22599247 0.95669782 -0.18345751
vn -0.22599247 0.95669782 -0.18345751
vn -0.18574126 -0.96738911 -0.17221670
vn -0.18574126 -0.96738911 -0.17221670
vn -0.18574126 -0.96738911 -0.17221670
vn -0.18574126 -0.96738911 -0.17221670
vn -0.13951902 0.97314686 -0.18308401
vn -0.13951902 0.97314686 -0.18308401
vn -0.13951902 0.97314686 -0.18308401
vn -0.13951902 0.97314686 -0.18308401
vn -0.11405358 -0.97873127 -0.17051956
vn -0.11405358 -0.97873127 -0.17051956
vn -0.11405358 -0.97873127 -0.17051956
vn -0.11405358 -0.97873127 -0.17051956
vn -0.04719744 0.98197484 -0.18302375
vn -0.04719744 0.98197484 -0.18302375
vn -0.04719744 0.98197484 -0.18302375
vn -0.04719744 0.98197484 -0.18302375
vn -0.03847100 -0.98475569 -0.16963564
vn -0.03847100 -0.98475569 -0.16963564
vn -0.03847100 -0.98475569 -0.16963564
vn -0.03847100 -0.98475569 -0.16963564
vn 0.04719543 0.98193365 -0.18324535
vn 0.04719543 0.98193365 -0.18324535
vn 0.04719543 0.98193365 -0.18324535
vn 0.04719543 0.98193365 -0.18324535
vn 0.03847118 -0.98476017 -0.16960935
vn 0.03847118 -0.98476017 -0.16960935
vn 0.03847118 -0.98476017 -0.16960935
vn 0.03847118 -0.98476017 -0.16960935
vn 0.13950163 0.97302580 -0.18373916
vn 0.13950163 0.97302580 -0.18373916
vn 0.13950163 0.97302580 -0.18373916
vn 0.13950163 0.97302580 -0.18373916
vn 0.11405514 -0.97874463 -0.17044134
vn 0.11405514 -0.97874463 -0.17044134
vn 0.11405514 -0.97874463 -0.17044134
vn 0.11405514 -0.97874463 -0.17044134
vn 0.22594684 0.95650464 -0.18451817
vn 0.22594684 0.95650464 -0.18451817
vn 0.22594684 0.95650464 -0.18451817
vn 0.22594684 0.95650464 -0.18451817
vn 0.18574543 -0.96741080 -0.17208968
vn 0.18574543 -0.96741080 -0.17208968
vn 0.18574543 -0.96741080 -0.17208968
vn 0.18574543 -0.96741080 -0.17208968
vn 0.30374241 0.93450159 -0.18560015
vn 0.30374241 0.93450159 -0.18560015
vn 0.30374241 0.93450159 -0.18560015
vn 0.30374241 0.93450159 -0.18560015
vn 0.25150773 -0.95200014 -0.17446944
vn 0.25150773 -0.95200014 -0.17446944
vn 0.25150773 -0.95200014 -0.17446944
vn 0.25150773 -0.95200014 -0.17446944
vn 0.37132365 0.90948224 -0.18697852
vn 0.37132365 0.90948224 -0.18697852
vn 0.37132365 0.90948224 -0.18697852
vn 0.37132365 0.90948224 -0.18697852
vn 0.30996528 -0.93403995 -0.17745669
vn 0.30996528 -0.93403995 -0.17745669
vn 0.30996528 -0.93403995 -0.17745669
vn 0.30996528 -0.93403995 -0.17745669
vn 0.42822593 0.88377172 -0.18860064
vn 0.42822593 0.88377172 -0.18860064
vn 0.42822593 0.88377172 -0.18860064
vn 0.42822593 0.88377172 -0.18860064
vn 0.36040041 -0.91509008 -0.18089151
vn 0.36040041 -0.91509008 -0.18089151
vn 0.36040041 -0.91509008 -0.18089151
vn 0.36040041 -0.91509008 -0.18089151
vn 0.47476557 0.85927969 -0.19035788
vn 0.47476557 0.85927969 -0.19035788
vn 0.47476557 0.85927969 -0.19035788
vn 0.47476557 0.85927969 -0.19035788
vn 0.40263543 -0.89655674 -0.18458223
vn 0.40263543 -0.89655674 -0.18458223
vn 0.40263543 -0.89655674 -0.18458223
vn 0.40263543 -0.89655674 -0.18458223
vn 0.51169330 0.83742100 -0.19208348
vn 0.51169330 0.83742100 -0.19208348
vn 0.51169330 0.83742100 -0.19208348
vn 0.51169330 0.83742100 -0.19208348
vn 0.43685704 -0.87959945 -0.18830982
vn 0.43685704 -0.87959945 -0.18830982
vn 0.43685704 -0.87959945 -0.18830982
vn 0.43685704 -0.87959945 -0.18830982
vn 0.53991055 0.81916511 -0.19355947
vn 0.53991055 0.81916511 -0.19355947
vn 0.53991055 0.81916511 -0.19355947
vn 0.53991055 0.81916511 -0.19355947
vn 0.46345651 -0.86510670 -0.19182932
vn 0.46345651 -0.86510670 -0.19182932
vn 0.46345651 -0.86510670 -0.19182932
vn 0.46345651 -0.86510670 -0.19182932
vn 0.56028312 0.80513704 -0.19451734
vn 0.56028312 0.80513704 -0.19451734
vn 0.56028312 0.80513704 -0.19451734
vn 0.56028312 0.80513704 -0.19451734
vn 0.48288569 -0.85372555 -0.19486965
vn 0.48288569 -0.85372555 -0.19486965
vn 0.48288569 -0.85372555 -0.19486965
vn 0.48288569 -0.85372555 -0.19486965
vn 0.57353002 0.79572481 -0.19464134
vn 0.57353002 0.79572481 -0.19464134
vn 0.57353002 0.79572481 -0.19464134
vn 0.57353002 0.79572481 -0.19464134
vn 0.49556750 -0.84590316 -0.19713108
vn 0.49556750 -0.84590316 -0.19713108
vn 0.49556750 -0.84590316 -0.19713108
vn 0.49556750 -0.84590316 -0.19713108
vn 0.58016878 0.79116255 -0.19356120
vn 0.58016878 0.79116255 -0.19356120
vn 0.58016878 0.79116255 -0.19356120
vn 0.58016878 0.79116255 -0.19356120
vn 0.50182891 -0.84193403 -0.19827966
vn 0.50182891 -0.84193403 -0.19827966
vn 0.50182891 -0.84193403 -0.19827966
vn 0.50182891 -0.84193403 -0.19827966
vn -0.95558566 0.00000000 -0.29471356
vn -0.95558566 0.00000000 -0.29471356
vn -0.95558566 0.00000000 -0.29471356
vn -0.95558566 0.00000000 -0.29471356
vn 0.95558566 -0.00000000 -0.29471356
vn 0.95558566 -0.00000000 -0.29471356
vn 0.95558566 -0.00000000 -0.29471356
vn 0.95558566 -0.00000000 -0.29471356
vn -0.57709378 0.79863894 -0.17070022
vn -0.57709378 0.79863894 -0.17070022
vn -0.57709378 0.79863894 -0.17070022
vn -0.57709378 0.79863894 -0.17070022
vn -0.50255442 -0.84448469 -0.18516164
vn -0.50255442 -0.84448469 -0.18516164
vn -0.50255442 -0.84448469 -0.18516164
vn -0.50255442 -0.84448469 -0.18516164
vn -0.57017684 0.80280215 -0.17437644
vn -0.57017684 0.80280215 -0.17437644
vn -0.57017684 0.80280215 -0.17437644
vn -0.57017684 0.80280215 -0.17437644
vn -0.49608439 -0.84812462 -0.18596976
vn -0.49608439 -0.84812462 -0.18596976
vn -0.49608439 -0.84812462 -0.18596976
vn -0.49608439 -0.84812462 -0.18596976
vn -0.55659956 0.81170493 -0.17700878
vn -0.55659956 0.81170493 -0.17700878
vn -0.55659956 0.81170493 -0.17700878
vn -0.55659956 0.81170493 -0.17700878
vn -0.48317444 -0.85558623 -0.18578091
vn -0.48317444 -0.85558623 -0.18578091
vn -0.48317444 -0.85558623 -0.18578091
vn -0.48317444 -0.85558623 -0.18578091
vn -0.53588516 0.82511300 -0.17892936
vn -0.53588516 0.82511300 -0.17892936
vn -0.53588516 0.82511300 -0.17892936
vn -0.53588516 0.82511300 -0.17892936
vn -0.46351612 -0.86658591 -0.18488331
vn -0.46351612 -0.86658591 -0.18488331
vn -0.46351612 -0.86658591 -0.18488331
vn -0.46351612 -0.86658591 -0.18488331
vn -0.50735819 0.84263837 -0.18041104
vn -0.50735819 0.84263837 -0.18041104
vn -0.50735819 0.84263837 -0.18041104
vn -0.50735819 0.84263837 -0.18041104
vn -0.43670583 -0.88068491 -0.18352695
vn -0.43670583 -0.88068491 -0.18352695
vn -0.43670583 -0.88068491 -0.18352695
vn -0.43670583 -0.88068491 -0.18352695
vn -0.47020990 0.86365372 -0.18167260
vn -0.47020990 0.86365372 -0.18167260
vn -0.47020990 0.86365372 -0.18167260
vn -0.47020990 0.86365372 -0.18167260
vn -0.40230855 -0.89724624 -0.18192612
vn -0.40230855 -0.89724624 -0.18192612
vn -0.40230855 -0.89724624 -0.18192612
vn -0.40230855 -0.89724624 -0.18192612
vn -0.42360401 0.88719702 -0.18286897
vn -0.42360401 0.88719702 -0.18286897
vn -0.42360401 0.88719702 -0.18286897
vn -0.42360401 0.88719702 -0.18286897
vn -0.35995013 -0.91539198 -0.18025935
vn -0.35995013 -0.91539198 -0.18025935
vn -0.35995013 -0.91539198 -0.18025935
vn -0.35995013 -0.91539198 -0.18025935
vn -0.36686301 0.91187954 -0.18408503
vn -0.36686301 0.91187954 -0.18408503
vn -0.36686301 0.91187954 -0.18408503
vn -0.36686301 0.91187954 -0.18408503
vn -0.30945510 -0.93397778 -0.17867027
vn -0.30945510 -0.93397778 -0.17867027
vn -0.30945510 -0.93397778 -0.17867027
vn -0.30945510 -0.93397778 -0.17867027
vn -0.29973534 0.93584836 -0.18532847
vn -0.29973534 0.93584836 -0.18532847
vn -0.29973534 0.93584836 -0.18532847
vn -0.29973534 0.93584836 -0.18532847
vn -0.25100887 -0.95161504 -0.17726637
vn -0.25100887 -0.95161504 -0.17726637
vn -0.25100887 -0.95161504 -0.17726637
vn -0.25100887 -0.95161504 -0.17726637
vn -0.22272977 0.95686764 -0.18653625
vn -0.22272977 0.95686764 -0.18653625
vn -0.22272977 0.95686764 -0.18653625
vn -0.22272977 0.95686764 -0.18653625
vn -0.18532860 -0.96676475 -0.17612274
vn -0.18532860 -0.96676475 -0.17612274
vn -0.18532860 -0.96676475 -0.17612274
vn -0.18532860 -0.96676475 -0.17612274
vn -0.13740204 0.97258925 -0.18759218
vn -0.13740204 0.97258925 -0.18759218
vn -0.13740204 0.97258925 -0.18759218
vn -0.13740204 0.97258925 -0.18759218
vn -0.11377904 -0.97792101 -0.17528503
vn -0.11377904 -0.97792101 -0.17528503
vn -0.11377904 -0.97792101 -0.17528503
vn -0.11377904 -0.97792101 -0.17528503
vn -0.04646133 0.98099869 -0.18836889
vn -0.04646133 0.98099869 -0.18836889
vn -0.04646133 0.98099869 -0.18836889
vn -0.04646133 0.98099869 -0.18836889
vn -0.03837550 -0.98385972 -0.17477784
vn -0.03837550 -0.98385972 -0.17477784
vn -0.03837550 -0.98385972 -0.17477784
vn -0.03837550 -0.98385972 -0.17477784
vn 0.04645764 0.98092055 -0.18877716
vn 0.04645764 0.98092055 -0.18877716
vn 0.04645764 0.98092055 -0.18877716
vn 0.04645764 0.98092055 -0.18877716
vn 0.03837663 -0.98388875 -0.17461407
vn 0.03837663 -0.98388875 -0.17461407
vn 0.03837663 -0.98388875 -0.17461407
vn 0.03837663 -0.98388875 -0.17461407
vn 0.13736974 0.97236031 -0.18879893
vn 0.13736974 0.97236031 -0.18879893
vn 0.13736974 0.97236031 -0.18879893
vn 0.13736974 0.97236031 -0.18879893
vn 0.11378902 -0.97800678 -0.17479944
vn 0.11378902 -0.97800678 -0.17479944
vn 0.11378902 -0.97800678 -0.17479944
vn 0.11378902 -0.97800678 -0.17479944
vn 0.22264507 0.95650381 -0.18849327
vn 0.22264507 0.95650381 -0.18849327
vn 0.22264507 0.95650381 -0.18849327
vn 0.22264507 0.95650381 -0.18849327
vn 0.18535519 -0.96690339 -0.17533231
vn 0.18535519 -0.96690339 -0.17533231
vn 0.18535519 -0.96690339 -0.17533231
vn 0.18535519 -0.96690339 -0.17533231
vn 0.29958269 0.93537176 -0.18796287
vn 0.29958269 0.93537176 -0.18796287
vn 0.29958269 0.93537176 -0.18796287
vn 0.29958269 0.93537176 -0.18796287
vn 0.25105786 -0.95180076 -0.17619641
vn 0.25105786 -0.95180076 -0.17619641
vn 0.25105786 -0.95180076 -0.17619641
vn 0.25105786 -0.95180076 -0.17619641
vn 0.36663553 0.91131413 -0.18730989
vn 0.36663553 0.91131413 -0.18730989
vn 0.36663553 0.91131413 -0.18730989
vn 0.36663553 0.91131413 -0.18730989
vn 0.30953014 -0.93420428 -0.17735133
vn 0.30953014 -0.93420428 -0.17735133
vn 0.30953014 -0.93420428 -0.17735133
vn 0.30953014 -0.93420428 -0.17735133
vn 0.42330232 0.88656515 -0.18659443
vn 0.42330232 0.88656515 -0.18659443
vn 0.42330232 0.88656515 -0.18659443
vn 0.42330232 0.88656515 -0.18659443
vn 0.36005247 -0.91565233 -0.17872612
vn 0.36005247 -0.91565233 -0.17872612
vn 0.36005247 -0.91565233 -0.17872612
vn 0.36005247 -0.91565233 -0.17872612
vn 0.46984017 0.86297464 -0.18580912
vn 0.46984017 0.86297464 -0.18580912
vn 0.46984017 0.86297464 -0.18580912
vn 0.46984017 0.86297464 -0.18580912
vn 0.40243757 -0.89753395 -0.18021341
vn 0.40243757 -0.89753395 -0.18021341
vn 0.40243757 -0.89753395 -0.18021341
vn 0.40243757 -0.89753395 -0.18021341
vn 0.50693035 0.84192783 -0.18487601
vn 0.50693035 0.84192783 -0.18487601
vn 0.50693035 0.84192783 -0.18487601
vn 0.50693035 0.84192783 -0.18487601
vn 0.43685907 -0.88099402 -0.18166901
vn 0.43685907 -0.88099402 -0.18166901
vn 0.43685907 -0.88099402 -0.18166901
vn 0.43685907 -0.88099402 -0.18166901
vn 0.53541142 0.82438362 -0.18364742
vn 0.53541142 0.82438362 -0.18364742
vn 0.53541142 0.82438362 -0.18364742
vn 0.53541142 0.82438362 -0.18364742
vn 0.46368998 -0.86691099 -0.18291222
vn 0.46368998 -0.86691099 -0.18291222
vn 0.46368998 -0.86691099 -0.18291222
vn 0.46368998 -0.86691099 -0.18291222
vn 0.55609345 0.81096703 -0.18191326
vn 0.55609345 0.81096703 -0.18191326
vn 0.55609345 0.81096703 -0.18191326
vn 0.55609345 0.81096703 -0.18191326
vn 0.48336434 -0.85592252 -0.18372673
vn 0.48336434 -0.85592252 -0.18372673
vn 0.48336434 -0.85592252 -0.18372673
vn 0.48336434 -0.85592252 -0.18372673
vn 0.56965351 0.80206537 -0.17940460
vn 0.56965351 0.80206537 -0.17940460
vn 0.56965351 0.80206537 -0.17940460
vn 0.56965351 0.80206537 -0.17940460
vn 0.49628472 -0.84846717 -0.18386100
vn 0.49628472 -0.84846717 -0.18386100
vn 0.49628472 -0.84846717 -0.18386100
vn 0.49628472 -0.84846717 -0.18386100
vn 0.57656890 0.79791230 -0.17579648
vn 0.57656890 0.79791230 -0.17579648
vn 0.57656890 0.79791230 -0.17579648
vn 0.57656890 0.79791230 -0.17579648
vn 0.50275910 -0.84482861 -0.18302451
vn 0.50275910 -0.84482861 -0.18302451
vn 0.50275910 -0.84482861 -0.18302451
vn 0.50275910 -0.84482861 -0.18302451
vn -0.96433187 0.00000000 -0.26469609
vn -0.96433187 0.00000000 -0.26469609
vn -0.96433187 0.00000000 -0.26469609
vn -0.96433187 0.00000000 -0.26469609
vn 0.96433187 -0.00000000 -0.26469609
vn 0.96433187 -0.00000000 -0.26469609
vn 0.96433187 -0.00000000 -0.26469609
vn 0.96433187 -0.00000000 -0.26469609
vn -0.56160998 0.81044942 -0.16663152
vn -0.56160998 0.81044942 -0.16663152
vn -0.56160998 0.81044942 -0.16663152
vn -0.56160998 0.81044942 -0.16663152
vn -0.49983838 -0.84621811 -0.18459819
vn -0.49983838 -0.84621811 -0.18459819
vn -0.49983838 -0.84621811 -0.18459819
vn -0.49983838 -0.84621811 -0.18459819
vn -0.55465090 0.81434089 -0.17091364
vn -0.55465090 0.81434089 -0.17091364
vn -0.55465090 0.81434089 -0.17091364
vn -0.55465090 0.81434089 -0.17091364
vn -0.49337137 -0.84980994 -0.18549284
vn -0.49337137 -0.84980994 -0.18549284
vn -0.49337137 -0.84980994 -0.18549284
vn -0.49337137 -0.84980994 -0.18549284
vn -0.54104733 0.82276797 -0.17412841
vn -0.54104733 0.82276797 -0.17412841
vn -0.54104733 0.82276797 -0.17412841
vn -0.54104733 0.82276797 -0.17412841
vn -0.48047724 -0.85718924 -0.18538688
vn -0.48047724 -0.85718924 -0.18538688
vn -0.48047724 -0.85718924 -0.18538688
vn -0.48047724 -0.85718924 -0.18538688
vn -0.52036583 0.83548385 -0.17659593
vn -0.52036583 0.83548385 -0.17659593
vn -0.52036583 0.83548385 -0.17659593
vn -0.52036583 0.83548385 -0.17659593
vn -0.46085536 -0.86807096 -0.18456757
vn -0.46085536 -0.86807096 -0.18456757
vn -0.46085536 -0.86807096 -0.18456757
vn -0.46085536 -0.86807096 -0.18456757
vn -0.49200210 0.85208124 -0.17858185
vn -0.49200210 0.85208124 -0.17858185
vn -0.49200210 0.85208124 -0.17858185
vn -0.49200210 0.85208124 -0.17858185
vn -0.43411186 -0.88201702 -0.18328331
vn -0.43411186 -0.88201702 -0.18328331
vn -0.43411186 -0.88201702 -0.18328331
vn -0.43411186 -0.88201702 -0.18328331
vn -0.45524246 0.87192219 -0.18029419
vn -0.45524246 0.87192219 -0.18029419
vn -0.45524246 0.87192219 -0.18029419
vn -0.45524246 0.87192219 -0.18029419
vn -0.39982462 -0.89839202 -0.18174686
vn -0.39982462 -0.89839202 -0.18174686
vn -0.39982462 -0.89839202 -0.18174686
vn -0.39982462 -0.89839202 -0.18174686
vn -0.40937120 0.89405549 -0.18187942
vn -0.40937120 0.89405549 -0.18187942
vn -0.40937120 0.89405549 -0.18187942
vn -0.40937120 0.89405549 -0.18187942
vn -0.35763499 -0.91632324 -0.18013602
vn -0.35763499 -0.91632324 -0.18013602
vn -0.35763499 -0.91632324 -0.18013602
vn -0.35763499 -0.91632324 -0.18013602
vn -0.35384706 0.91714275 -0.18341607
vn -0.35384706 0.91714275 -0.18341607
vn -0.35384706 0.91714275 -0.18341607
vn -0.35384706 0.91714275 -0.18341607
vn -0.30738202 -0.93467700 -0.17859282
vn -0.30738202 -0.93467700 -0.17859282
vn -0.30738202 -0.93467700 -0.17859282
vn -0.30738202 -0.93467700 -0.17859282
vn -0.28854600 0.93944091 -0.18491060
vn -0.28854600 0.93944091 -0.18491060
vn -0.28854600 0.93944091 -0.18491060
vn -0.28854600 0.93944091 -0.18491060
vn -0.24926354 -0.95208138 -0.17722513
vn -0.24926354 -0.95208138 -0.17722513
vn -0.24926354 -0.95208138 -0.17722513
vn -0.24926354 -0.95208138 -0.17722513
vn -0.21404696 0.95889276 -0.18630238
vn -0.21404696 0.95889276 -0.18630238
vn -0.21404696 0.95889276 -0.18630238
vn -0.21404696 0.95889276 -0.18630238
vn -0.18399830 -0.96702170 -0.17610650
vn -0.18399830 -0.96702170 -0.17610650
vn -0.18399830 -0.96702170 -0.17610650
vn -0.18399830 -0.96702170 -0.17610650
vn -0.13187304 0.97337502 -0.18748517
vn -0.13187304 0.97337502 -0.18748517
vn -0.13187304 0.97337502 -0.18748517
vn -0.13187304 0.97337502 -0.18748517
vn -0.11294320 -0.97801822 -0.17528288
vn -0.11294320 -0.97801822 -0.17528288
vn -0.11294320 -0.97801822 -0.17528288
vn -0.11294320 -0.97801822 -0.17528288
vn -0.04456038 0.98109186 -0.18834293
vn -0.04456038 0.98109186 -0.18834293
vn -0.04456038 0.98109186 -0.18834293
vn -0.04456038 0.98109186 -0.18834293
vn -0.03809029 -0.98387057 -0.17477950
vn -0.03809029 -0.98387057 -0.17477950
vn -0.03809029 -0.98387057 -0.17477950
vn -0.03809029 -0.98387057 -0.17477950
vn 0.04455646 0.98100561 -0.18879306
vn 0.04455646 0.98100561 -0.18879306
vn 0.04455646 0.98100561 -0.18879306
vn 0.04455646 0.98100561 -0.18879306
vn 0.03809146 -0.98390079 -0.17460950
vn 0.03809146 -0.98390079 -0.17460950
vn 0.03809146 -0.98390079 -0.17460950
vn 0.03809146 -0.98390079 -0.17460950
vn 0.13183872 0.97312206 -0.18881761
vn 0.13183872 0.97312206 -0.18881761
vn 0.13183872 0.97312206 -0.18881761
vn 0.13183872 0.97312206 -0.18881761
vn 0.11295348 -0.97810733 -0.17477870
vn 0.11295348 -0.97810733 -0.17477870
vn 0.11295348 -0.97810733 -0.17477870
vn 0.11295348 -0.97810733 -0.17477870
vn 0.21395704 0.95848995 -0.18846552
vn 0.21395704 0.95848995 -0.18846552
vn 0.21395704 0.95848995 -0.18846552
vn 0.21395704 0.95848995 -0.18846552
vn 0.18402570 -0.96716571 -0.17528531
vn 0.18402570 -0.96716571 -0.17528531
vn 0.18402570 -0.96716571 -0.17528531
vn 0.18402570 -0.96716571 -0.17528531
vn 0.28838354 0.93891203 -0.18782750
vn 0.28838354 0.93891203 -0.18782750
vn 0.28838354 0.93891203 -0.18782750
vn 0.28838354 0.93891203 -0.18782750
vn 0.24931408 -0.95227450 -0.17611279
vn 0.24931408 -0.95227450 -0.17611279
vn 0.24931408 -0.95227450 -0.17611279
vn 0.24931408 -0.95227450 -0.17611279
vn 0.35360432 0.91651350 -0.18699464
vn 0.35360432 0.91651350 -0.18699464
vn 0.35360432 0.91651350 -0.18699464
vn 0.35360432 0.91651350 -0.18699464
vn 0.30745941 -0.93491232 -0.17722207
vn 0.30745941 -0.93491232 -0.17722207
vn 0.30745941 -0.93491232 -0.17722207
vn 0.30745941 -0.93491232 -0.17722207
vn 0.40904850 0.89335072 -0.18602115
vn 0.40904850 0.89335072 -0.18602115
vn 0.40904850 0.89335072 -0.18602115
vn 0.40904850 0.89335072 -0.18602115
vn 0.35774064 -0.91659397 -0.17854168
vn 0.35774064 -0.91659397 -0.17854168
vn 0.35774064 -0.91659397 -0.17854168
vn 0.35774064 -0.91659397 -0.17854168
vn 0.45484638 0.87116355 -0.18490216
vn 0.45484638 0.87116355 -0.18490216
vn 0.45484638 0.87116355 -0.18490216
vn 0.45484638 0.87116355 -0.18490216
vn 0.39995784 -0.89869136 -0.17996559
vn 0.39995784 -0.89869136 -0.17996559
vn 0.39995784 -0.89869136 -0.17996559
vn 0.39995784 -0.89869136 -0.17996559
vn 0.49154335 0.85128677 -0.18356469
vn 0.49154335 0.85128677 -0.18356469
vn 0.49154335 0.85128677 -0.18356469
vn 0.49154335 0.85128677 -0.18356469
vn 0.43427023 -0.88233870 -0.18135022
vn 0.43427023 -0.88233870 -0.18135022
vn 0.43427023 -0.88233870 -0.18135022
vn 0.43427023 -0.88233870 -0.18135022
vn 0.51985794 0.83466834 -0.18186960
vn 0.51985794 0.83466834 -0.18186960
vn 0.51985794 0.83466834 -0.18186960
vn 0.51985794 0.83466834 -0.18186960
vn 0.46103498 -0.86840928 -0.18251631
vn 0.46103498 -0.86840928 -0.18251631
vn 0.46103498 -0.86840928 -0.18251631
vn 0.46103498 -0.86840928 -0.18251631
vn 0.54050541 0.82194394 -0.17961608
vn 0.54050541 0.82194394 -0.17961608
vn 0.54050541 0.82194394 -0.17961608
vn 0.54050541 0.82194394 -0.17961608
vn 0.48067325 -0.85753894 -0.18324897
vn 0.48067325 -0.85753894 -0.18324897
vn 0.48067325 -0.85753894 -0.18324897
vn 0.48067325 -0.85753894 -0.18324897
vn 0.55409151 0.81351960 -0.17654595
vn 0.55409151 0.81351960 -0.17654595
vn 0.55409151 0.81351960 -0.17654595
vn 0.55409151 0.81351960 -0.17654595
vn 0.49357823 -0.85016620 -0.18329754
vn 0.49357823 -0.85016620 -0.18329754
vn 0.49357823 -0.85016620 -0.18329754
vn 0.49357823 -0.85016620 -0.18329754
vn 0.56105047 0.80964196 -0.17234291
vn 0.56105047 0.80964196 -0.17234291
vn 0.56105047 0.80964196 -0.17234291
vn 0.56105047 0.80964196 -0.17234291
vn 0.50004959 -0.84657568 -0.18237339
vn 0.50004959 -0.84657568 -0.18237339
vn 0.50004959 -0.84657568 -0.18237339
vn 0.50004959 -0.84657568 -0.18237339
vn -0.96433210 0.00000000 -0.26469541
vn -0.96433210 0.00000000 -0.26469541
vn -0.96433210 0.00000000 -0.26469541
vn -0.96433210 0.00000000 -0.26469541
vn 0.96433210 -0.00000000 -0.26469541
vn 0.96433210 -0.00000000 -0.26469541
vn 0.96433210 -0.00000000 -0.26469541
vn 0.96433210 -0.00000000 -0.26469541
vn -0.54162103 0.82498896 -0.16136867
vn -0.54162103 0.82498896 -0.16136867
vn -0.54162103 0.82498896 -0.16136867
vn -0.54162103 0.82498896 -0.16136867
vn -0.49224028 -0.85100144 -0.18301904
vn -0.49224028 -0.85100144 -0.18301904
vn -0.49224028 -0.85100144 -0.18301904
vn -0.49224028 -0.85100144 -0.18301904
vn -0.53463989 0.82853061 -0.16642512
vn -0.53463989 0.82853061 -0.16642512
vn -0.53463989 0.82853061 -0.16642512
vn -0.53463989 0.82853061 -0.16642512
vn -0.48578373 -0.85445964 -0.18415461
vn -0.48578373 -0.85445964 -0.18415461
vn -0.48578373 -0.85445964 -0.18415461
vn -0.48578373 -0.85445964 -0.18415461
vn -0.52105260 0.83634484 -0.17038591
vn -0.52105260 0.83634484 -0.17038591
vn -0.52105260 0.83634484 -0.17038591
vn -0.52105260 0.83634484 -0.17038591
vn -0.47293949 -0.86160827 -0.18428090
vn -0.47293949 -0.86160827 -0.18428090
vn -0.47293949 -0.86160827 -0.18428090
vn -0.47293949 -0.86160827 -0.18428090
vn -0.50048554 0.84816968 -0.17355824
vn -0.50048554 0.84816968 -0.17355824
vn -0.50048554 0.84816968 -0.17355824
vn -0.50048554 0.84816968 -0.17355824
vn -0.45342547 -0.87216222 -0.18368039
vn -0.45342547 -0.87216222 -0.18368039
vn -0.45342547 -0.87216222 -0.18368039
vn -0.45342547 -0.87216222 -0.18368039
vn -0.47242048 0.86358249 -0.17619394
vn -0.47242048 0.86358249 -0.17619394
vn -0.47242048 0.86358249 -0.17619394
vn -0.47242048 0.86358249 -0.17619394
vn -0.42687649 -0.88568312 -0.18259759
vn -0.42687649 -0.88568312 -0.18259759
vn -0.42687649 -0.88568312 -0.18259759
vn -0.42687649 -0.88568312 -0.18259759
vn -0.43625802 0.88194150 -0.17848861
vn -0.43625802 0.88194150 -0.17848861
vn -0.43625802 0.88194150 -0.17848861
vn -0.43625802 0.88194150 -0.17848861
vn -0.39290610 -0.90154094 -0.18124203
vn -0.39290610 -0.90154094 -0.18124203
vn -0.39290610 -0.90154094 -0.18124203
vn -0.39290610 -0.90154094 -0.18124203
vn -0.39142725 0.90231711 -0.18057828
vn -0.39142725 0.90231711 -0.18057828
vn -0.39142725 0.90231711 -0.18057828
vn -0.39142725 0.90231711 -0.18057828
vn -0.35119504 -0.91887891 -0.17978753
vn -0.35119504 -0.91887891 -0.17978753
vn -0.35119504 -0.91887891 -0.17978753
vn -0.35119504 -0.91887891 -0.17978753
vn -0.33754155 0.92344314 -0.18253317
vn -0.33754155 0.92344314 -0.18253317
vn -0.33754155 0.92344314 -0.18253317
vn -0.33754155 0.92344314 -0.18253317
vn -0.30162549 -0.93659198 -0.17837451
vn -0.30162549 -0.93659198 -0.17837451
vn -0.30162549 -0.93659198 -0.17837451
vn -0.30162549 -0.93659198 -0.17837451
vn -0.27461562 0.94371539 -0.18435717
vn -0.27461562 0.94371539 -0.18435717
vn -0.27461562 0.94371539 -0.18435717
vn -0.27461562 0.94371539 -0.18435717
vn -0.24442118 -0.95335788 -0.17710742
vn -0.24442118 -0.95335788 -0.17710742
vn -0.24442118 -0.95335788 -0.17710742
vn -0.24442118 -0.95335788 -0.17710742
vn -0.20329724 0.96128905 -0.18599358
vn -0.20329724 0.96128905 -0.18599358
vn -0.20329724 0.96128905 -0.18599358
vn -0.20329724 0.96128905 -0.18599358
vn -0.18031383 -0.96772403 -0.17605972
vn -0.18031383 -0.96772403 -0.17605972
vn -0.18031383 -0.96772403 -0.17605972
vn -0.18031383 -0.96772403 -0.17605972
vn -0.12505707 0.97430086 -0.18734594
vn -0.12505707 0.97430086 -0.18734594
vn -0.12505707 0.97430086 -0.18734594
vn -0.12505707 0.97430086 -0.18734594
vn -0.11063112 -0.97828364 -0.17527677
vn -0.11063112 -0.97828364 -0.17527677
vn -0.11063112 -0.97828364 -0.17527677
vn -0.11063112 -0.97828364 -0.17527677
vn -0.04222167 0.98120159 -0.18831031
vn -0.04222167 0.98120159 -0.18831031
vn -0.04222167 0.98120159 -0.18831031
vn -0.04222167 0.98120159 -0.18831031
vn -0.03730165 -0.98389983 -0.17478471
vn -0.03730165 -0.98389983 -0.17478471
vn -0.03730165 -0.98389983 -0.17478471
vn -0.03730165 -0.98389983 -0.17478471
vn 0.04221762 0.98110527 -0.18881224
vn 0.04221762 0.98110527 -0.18881224
vn 0.04221762 0.98110527 -0.18881224
vn 0.04221762 0.98110527 -0.18881224
vn 0.03730292 -0.98393309 -0.17459707
vn 0.03730292 -0.98393309 -0.17459707
vn 0.03730292 -0.98393309 -0.17459707
vn 0.03730292 -0.98393309 -0.17459707
vn 0.12502079 0.97401851 -0.18883273
vn 0.12502079 0.97401851 -0.18883273
vn 0.12502079 0.97401851 -0.18883273
vn 0.12502079 0.97401851 -0.18883273
vn 0.11064223 -0.97838187 -0.17472057
vn 0.11064223 -0.97838187 -0.17472057
vn 0.11064223 -0.97838187 -0.17472057
vn 0.11064223 -0.97838187 -0.17472057
vn 0.20320185 0.96083826 -0.18841125
vn 0.20320185 0.96083826 -0.18841125
vn 0.20320185 0.96083826 -0.18841125
vn 0.20320185 0.96083826 -0.18841125
vn 0.18034346 -0.96788311 -0.17515317
vn 0.18034346 -0.96788311 -0.17515317
vn 0.18034346 -0.96788311 -0.17515317
vn 0.18034346 -0.96788311 -0.17515317
vn 0.27444279 0.94312161 -0.18762426
vn 0.27444279 0.94312161 -0.18762426
vn 0.27444279 0.94312161 -0.18762426
vn 0.27444279 0.94312161 -0.18762426
vn 0.24447590 -0.95357126 -0.17587899
vn 0.24447590 -0.95357126 -0.17587899
vn 0.24447590 -0.95357126 -0.17587899
vn 0.24447590 -0.95357126 -0.17587899
vn 0.33728251 0.92273462 -0.18655086
vn 0.33728251 0.92273462 -0.18655086
vn 0.33728251 0.92273462 -0.18655086
vn 0.33728251 0.92273462 -0.18655086
vn 0.30170935 -0.93685240 -0.17685895
vn 0.30170935 -0.93685240 -0.17685895
vn 0.30170935 -0.93685240 -0.17685895
vn 0.30170935 -0.93685240 -0.17685895
vn 0.39108214 0.90152138 -0.18523984
vn 0.39108214 0.90152138 -0.18523984
vn 0.39108214 0.90152138 -0.18523984
vn 0.39108214 0.90152138 -0.18523984
vn 0.35130951 -0.91917843 -0.17802402
vn 0.35130951 -0.91917843 -0.17802402
vn 0.35130951 -0.91917843 -0.17802402
vn 0.35130951 -0.91917843 -0.17802402
vn 0.43583357 0.88108337 -0.18368746
vn 0.43583357 0.88108337 -0.18368746
vn 0.43583357 0.88108337 -0.18368746
vn 0.43583357 0.88108337 -0.18368746
vn 0.39305049 -0.90187228 -0.17926978
vn 0.39305049 -0.90187228 -0.17926978
vn 0.39305049 -0.90187228 -0.17926978
vn 0.39305049 -0.90187228 -0.17926978
vn 0.47192842 0.86268312 -0.18182783
vn 0.47192842 0.86268312 -0.18182783
vn 0.47192842 0.86268312 -0.18182783
vn 0.47192842 0.86268312 -0.18182783
vn 0.42704812 -0.88603920 -0.18045594
vn 0.42704812 -0.88603920 -0.18045594
vn 0.42704812 -0.88603920 -0.18045594
vn 0.42704812 -0.88603920 -0.18045594
vn 0.49994096 0.84724683 -0.17953229
vn 0.49994096 0.84724683 -0.17953229
vn 0.49994096 0.84724683 -0.17953229
vn 0.49994096 0.84724683 -0.17953229
vn 0.45362017 -0.87253678 -0.18140623
vn 0.45362017 -0.87253678 -0.18140623
vn 0.45362017 -0.87253678 -0.18140623
vn 0.45362017 -0.87253678 -0.18140623
vn 0.52047259 0.83541387 -0.17661218
vn 0.52047259 0.83541387 -0.17661218
vn 0.52047259 0.83541387 -0.17661218
vn 0.52047259 0.83541387 -0.17661218
vn 0.47315201 -0.86199546 -0.18190941
vn 0.47315201 -0.86199546 -0.18190941
vn 0.47315201 -0.86199546 -0.18190941
vn 0.47315201 -0.86199546 -0.18190941
vn 0.53404278 0.82760543 -0.17282225
vn 0.53404278 0.82760543 -0.17282225
vn 0.53404278 0.82760543 -0.17282225
vn 0.53404278 0.82760543 -0.17282225
vn 0.48600778 -0.85485375 -0.18171869
vn 0.48600778 -0.85485375 -0.18171869
vn 0.48600778 -0.85485375 -0.18171869
vn 0.48600778 -0.85485375 -0.18171869
vn 0.54102641 0.82408333 -0.16786081
vn 0.54102641 0.82408333 -0.16786081
vn 0.54102641 0.82408333 -0.16786081
vn 0.54102641 0.82408333 -0.16786081
vn 0.49246886 -0.85139662 -0.18054953
vn 0.49246886 -0.85139662 -0.18054953
vn 0.49246886 -0.85139662 -0.18054953
vn 0.49246886 -0.85139662 -0.18054953
vn -0.96433216 0.00000000 -0.26469541
vn -0.96433216 0.00000000 -0.26469541
vn -0.96433216 0.00000000 -0.26469541
vn -0.96433216 0.00000000 -0.26469541
vn 0.96433216 -0.00000000 -0.26469541
vn 0.96433216 -0.00000000 -0.26469541
vn 0.96433216 -0.00000000 -0.26469541
vn 0.96433216 -0.00000000 -0.26469541
vn -0.53154296 0.83202928 -0.15871121
vn -0.53154296 0.83202928 -0.15871121
vn -0.53154296 0.83202928 -0.15871121
vn -0.53154296 0.83202928 -0.15871121
vn -0.48272231 -0.85685855 -0.18103172
vn -0.48272231 -0.85685855 -0.18103172
vn -0.48272231 -0.85685855 -0.18103172
vn -0.48272231 -0.85685855 -0.18103172
vn -0.52456224 0.83539677 -0.16415407
vn -0.52456224 0.83539677 -0.16415407
vn -0.52456224 0.83539677 -0.16415407
vn -0.52456224 0.83539677 -0.16415407
vn -0.47628555 -0.86014950 -0.18246907
vn -0.47628555 -0.86014950 -0.18246907
vn -0.47628555 -0.86014950 -0.18246907
vn -0.47628555 -0.86014950 -0.18246907
vn -0.51100588 0.84290218 -0.16848999
vn -0.51100588 0.84290218 -0.16848999
vn -0.51100588 0.84290218 -0.16848999
vn -0.51100588 0.84290218 -0.16848999
vn -0.46351293 -0.86701119 -0.18288589
vn -0.46351293 -0.86701119 -0.18288589
vn -0.46351293 -0.86701119 -0.18288589
vn -0.46351293 -0.86701119 -0.18288589
vn -0.49052548 0.85428053 -0.17201632
vn -0.49052548 0.85428053 -0.17201632
vn -0.49052548 0.85428053 -0.17201632
vn -0.49052548 0.85428053 -0.17201632
vn -0.44414753 -0.87715727 -0.18255980
vn -0.44414753 -0.87715727 -0.18255980
vn -0.44414753 -0.87715727 -0.18255980
vn -0.44414753 -0.87715727 -0.18255980
vn -0.46264583 0.86910361 -0.17497919
vn -0.46264583 0.86910361 -0.17497919
vn -0.46264583 0.86910361 -0.17497919
vn -0.46264583 0.86910361 -0.17497919
vn -0.41785851 -0.89015061 -0.18173049
vn -0.41785851 -0.89015061 -0.18173049
vn -0.41785851 -0.89015061 -0.18173049
vn -0.41785851 -0.89015061 -0.18173049
vn -0.42682284 0.88673103 -0.17756802
vn -0.42682284 0.88673103 -0.17756802
vn -0.42682284 0.88673103 -0.17756802
vn -0.42682284 0.88673103 -0.17756802
vn -0.38430041 -0.90537065 -0.18060221
vn -0.38430041 -0.90537065 -0.18060221
vn -0.38430041 -0.90537065 -0.18060221
vn -0.38430041 -0.90537065 -0.18060221
vn -0.38255218 0.90624779 -0.17991303
vn -0.38255218 0.90624779 -0.17991303
vn -0.38255218 0.90624779 -0.17991303
vn -0.38255218 0.90624779 -0.17991303
vn -0.34320509 -0.92197913 -0.17934547
vn -0.34320509 -0.92197913 -0.17934547
vn -0.34320509 -0.92197913 -0.17934547
vn -0.34320509 -0.92197913 -0.17934547
vn -0.32951874 0.92642534 -0.18208082
vn -0.32951874 0.92642534 -0.18208082
vn -0.32951874 0.92642534 -0.18208082
vn -0.32951874 0.92642534 -0.18208082
vn -0.29449782 -0.93891042 -0.17809586
vn -0.29449782 -0.93891042 -0.17809586
vn -0.29449782 -0.93891042 -0.17809586
vn -0.29449782 -0.93891042 -0.17809586
vn -0.26779500 0.94572884 -0.18407299
vn -0.26779500 0.94572884 -0.18407299
vn -0.26779500 0.94572884 -0.18407299
vn -0.26779500 0.94572884 -0.18407299
vn -0.23844171 -0.95489895 -0.17695674
vn -0.23844171 -0.95489895 -0.17695674
vn -0.23844171 -0.95489895 -0.17695674
vn -0.23844171 -0.95489895 -0.17695674
vn -0.19805759 0.96241277 -0.18583541
vn -0.19805759 0.96241277 -0.18583541
vn -0.19805759 0.96241277 -0.18583541
vn -0.19805759 0.96241277 -0.18583541
vn -0.17577197 -0.96857035 -0.17599890
vn -0.17577197 -0.96857035 -0.17599890
vn -0.17577197 -0.96857035 -0.17599890
vn -0.17577197 -0.96857035 -0.17599890
vn -0.12174611 0.97473377 -0.18727528
vn -0.12174611 0.97473377 -0.18727528
vn -0.12174611 0.97473377 -0.18727528
vn -0.12174611 0.97473377 -0.18727528
vn -0.10778604 -0.97860265 -0.17526855
vn -0.10778604 -0.97860265 -0.17526855
vn -0.10778604 -0.97860265 -0.17526855
vn -0.10778604 -0.97860265 -0.17526855
vn -0.04108672 0.98125285 -0.18829401
vn -0.04108672 0.98125285 -0.18829401
vn -0.04108672 0.98125285 -0.18829401
vn -0.04108672 0.98125285 -0.18829401
vn -0.03633133 -0.98393500 -0.17479120
vn -0.03633133 -0.98393500 -0.17479120
vn -0.03633133 -0.98393500 -0.17479120
vn -0.03633133 -0.98393500 -0.17479120
vn 0.04108249 0.98115170 -0.18882142
vn 0.04108249 0.98115170 -0.18882142
vn 0.04108249 0.98115170 -0.18882142
vn 0.04108249 0.98115170 -0.18882142
vn 0.03633270 -0.98397201 -0.17458224
vn 0.03633270 -0.98397201 -0.17458224
vn 0.03633270 -0.98397201 -0.17458224
vn 0.03633270 -0.98397201 -0.17458224
vn 0.12170909 0.97443700 -0.18883677
vn 0.12170909 0.97443700 -0.18883677
vn 0.12170909 0.97443700 -0.18883677
vn 0.12170909 0.97443700 -0.18883677
vn 0.10779810 -0.97871220 -0.17464793
vn 0.10779810 -0.97871220 -0.17464793
vn 0.10779810 -0.97871220 -0.17464793
vn 0.10779810 -0.97871220 -0.17464793
vn 0.19796002 0.96193874 -0.18837669
vn 0.19796002 0.96193874 -0.18837669
vn 0.19796002 0.96193874 -0.18837669
vn 0.19796002 0.96193874 -0.18837669
vn 0.17580415 -0.96874774 -0.17498752
vn 0.17580415 -0.96874774 -0.17498752
vn 0.17580415 -0.96874774 -0.17498752
vn 0.17580415 -0.96874774 -0.17498752
vn 0.26761788 0.94510341 -0.18751086
vn 0.26761788 0.94510341 -0.18751086
vn 0.26761788 0.94510341 -0.18751086
vn 0.26761788 0.94510341 -0.18751086
vn 0.23850124 -0.95513737 -0.17558472
vn 0.23850124 -0.95513737 -0.17558472
vn 0.23850124 -0.95513737 -0.17558472
vn 0.23850124 -0.95513737 -0.17558472
vn 0.32925293 0.92567813 -0.18631300
vn 0.32925293 0.92567813 -0.18631300
vn 0.32925293 0.92567813 -0.18631300
vn 0.32925293 0.92567813 -0.18631300
vn 0.29458910 -0.93920147 -0.17640224
vn 0.29458910 -0.93920147 -0.17640224
vn 0.29458910 -0.93920147 -0.17640224
vn 0.29458910 -0.93920147 -0.17640224
vn 0.38219753 0.90540767 -0.18482979
vn 0.38219753 0.90540767 -0.18482979
vn 0.38219753 0.90540767 -0.18482979
vn 0.38219753 0.90540767 -0.18482979
vn 0.34332988 -0.92231435 -0.17737211
vn 0.34332988 -0.92231435 -0.17737211
vn 0.34332988 -0.92231435 -0.17737211
vn 0.34332988 -0.92231435 -0.17737211
vn 0.42638633 0.88582420 -0.18305761
vn 0.42638633 0.88582420 -0.18305761
vn 0.42638633 0.88582420 -0.18305761
vn 0.42638633 0.88582420 -0.18305761
vn 0.38445783 -0.90574151 -0.17839362
vn 0.38445783 -0.90574151 -0.17839362
vn 0.38445783 -0.90574151 -0.17839362
vn 0.38445783 -0.90574151 -0.17839362
vn 0.46213976 0.86815298 -0.18093444
vn 0.46213976 0.86815298 -0.18093444
vn 0.46213976 0.86815298 -0.18093444
vn 0.46213976 0.86815298 -0.18093444
vn 0.41804582 -0.89054960 -0.17932984
vn 0.41804582 -0.89054960 -0.17932984
vn 0.41804582 -0.89054960 -0.17932984
vn 0.41804582 -0.89054960 -0.17932984
vn 0.48996544 0.85330522 -0.17833667
vn 0.48996544 0.85330522 -0.17833667
vn 0.48996544 0.85330522 -0.17833667
vn 0.48996544 0.85330522 -0.17833667
vn 0.44435996 -0.87757683 -0.18000881
vn 0.44435996 -0.87757683 -0.18000881
vn 0.44435996 -0.87757683 -0.18000881
vn 0.44435996 -0.87757683 -0.18000881
vn 0.51040989 0.84191918 -0.17508197
vn 0.51040989 0.84191918 -0.17508197
vn 0.51040989 0.84191918 -0.17508197
vn 0.51040989 0.84191918 -0.17508197
vn 0.46374461 -0.86744457 -0.18022403
vn 0.46374461 -0.86744457 -0.18022403
vn 0.46374461 -0.86744457 -0.18022403
vn 0.46374461 -0.86744457 -0.18022403
vn 0.52394980 0.83442134 -0.17093156
vn 0.52394980 0.83442134 -0.17093156
vn 0.52394980 0.83442134 -0.17093156
vn 0.52394980 0.83442134 -0.17093156
vn 0.47652963 -0.86059034 -0.17973302
vn 0.47652963 -0.86059034 -0.17973302
vn 0.47652963 -0.86059034 -0.17973302
vn 0.47652963 -0.86059034 -0.17973302
vn 0.53093439 0.83107668 -0.16559102
vn 0.53093439 0.83107668 -0.16559102
vn 0.53093439 0.83107668 -0.16559102
vn 0.53093439 0.83107668 -0.16559102
vn 0.48297101 -0.85729998 -0.17825757
vn 0.48297101 -0.85729998 -0.17825757
vn 0.48297101 -0.85729998 -0.17825757
vn 0.48297101 -0.85729998 -0.17825757
vn -0.96433192 0.00000000 -0.26469609
vn -0.96433192 0.00000000 -0.26469609
vn -0.96433192 0.00000000 -0.26469609
vn -0.96433192 0.00000000 -0.26469609
vn 0.96433192 -0.00000000 -0.26469609
vn 0.96433192 -0.00000000 -0.26469609
vn 0.96433192 -0.00000000 -0.26469609
vn 0.96433192 -0.00000000 -0.26469609
vn -0.00004133 0.00000577 1.00000000
vn -0.00004133 0.00000577 1.00000000
vn -0.00004133 0.00000577 1.00000000
vn -0.00004127 0.00000586 1.00000000
vn -0.00004127 0.00000586 1.00000000
vn -0.00004127 0.00000586 1.00000000
vn -0.00004103 0.00000603 1.00000000
vn -0.00004103 0.00000603 1.00000000
vn -0.00004103 0.00000603 1.00000000
vn -0.00004045 0.00000628 1.00000000
vn -0.00004045 0.00000628 1.00000000
vn -0.00004045 0.00000628 1.00000000
vn -0.00003938 0.00000660 1.00000000
vn -0.00003938 0.00000660 1.00000000
vn -0.00003938 0.00000660 1.00000000
vn -0.00003761 0.00000697 1.00000000
vn -0.00003761 0.00000697 1.00000000
vn -0.00003761 0.00000697 1.00000000
vn -0.00003494 0.00000738 1.00000000
vn -0.00003494 0.00000738 1.00000000
vn -0.00003494 0.00000738 1.00000000
vn -0.00003117 0.00000781 0.99999994
vn -0.00003117 0.00000781 0.99999994
vn -0.00003117 0.00000781 0.99999994
vn -0.00002616 0.00000824 1.00000000
vn -0.00002616 0.00000824 1.00000000
vn -0.00002616 0.00000824 1.00000000
vn -0.00001987 0.00000861 1.00000000
vn -0.00001987 0.00000861 1.00000000
vn -0.00001987 0.00000861 1.00000000
vn -0.00001245 0.00000889 0.99999994
vn -0.00001245 0.00000889 0.99999994
vn -0.00001245 0.00000889 0.99999994
vn -0.00000425 0.00000904 0.99999994
vn -0.00000425 0.00000904 0.99999994
vn -0.00000425 0.00000904 0.99999994
vn 0.00000425 0.00000904 0.99999994
vn 0.00000425 0.00000904 0.99999994
vn 0.00000425 0.00000904 0.99999994
vn 0.00001245 0.00000889 0.99999994
vn 0.00001245 0.00000889 0.99999994
vn 0.00001245 0.00000889 0.99999994
vn 0.00001987 0.00000861 1.00000000
vn 0.00001987 0.00000861 1.00000000
vn 0.00001987 0.00000861 1.00000000
vn 0.00002616 0.00000824 1.00000000
vn 0.00002616 0.00000824 1.00000000
vn 0.00002616 0.00000824 1.00000000
vn 0.00003117 0.00000781 0.99999994
vn 0.00003117 0.00000781 0.99999994
vn 0.00003117 0.00000781 0.99999994
vn 0.00003494 0.00000738 1.00000000
vn 0.00003494 0.00000738 1.00000000
vn 0.00003494 0.00000738 1.00000000
vn 0.00003761 0.00000697 1.00000000
vn 0.00003761 0.00000697 1.00000000
vn 0.00003761 0.00000697 1.00000000
vn 0.00003938 0.00000660 1.00000000
vn 0.00003938 0.00000660 1.00000000
vn 0.00003938 0.00000660 1.00000000
vn 0.00004045 0.00000628 1.00000000
vn 0.00004045 0.00000628 1.00000000
vn 0.00004045 0.00000628 1.00000000
vn 0.00004103 0.00000603 1.00000000
vn 0.00004103 0.00000603 1.00000000
vn 0.00004103 0.00000603 1.00000000
vn 0.00004127 0.00000586 1.00000000
vn 0.00004127 0.00000586 1.00000000
vn 0.00004127 0.00000586 1.00000000
vn 0.00004133 0.00000577 1.00000000
vn 0.00004133 0.00000577 1.00000000
vn 0.00004133 0.00000577 1.00000000
vn 0.00004128 -0.00000000 1.00000000
vn 0.00004128 -0.00000000 1.00000000
vn 0.00004128 -0.00000000 1.00000000
vn 0.00003749 -0.00000661 1.00000000
vn 0.00003749 -0.00000661 1.00000000
vn 0.00003749 -0.00000661 1.00000000
vn 0.00003738 -0.00000671 1.00000000
vn 0.00003738 -0.00000671 1.00000000
vn 0.00003738 -0.00000671 1.00000000
vn 0.00003706 -0.00000688 0.99999994
vn 0.00003706 -0.00000688 0.99999994
vn 0.00003706 -0.00000688 0.99999994
vn 0.00003639 -0.00000714 1.00000000
vn 0.00003639 -0.00000714 1.00000000
vn 0.00003639 -0.00000714 1.00000000
vn 0.00003525 -0.00000746 1.00000000
vn 0.00003525 -0.00000746 1.00000000
vn 0.00003525 -0.00000746 1.00000000
vn 0.00003347 -0.00000783 1.00000000
vn 0.00003347 -0.00000783 1.00000000
vn 0.00003347 -0.00000783 1.00000000
vn 0.00003089 -0.00000824 1.00000000
vn 0.00003089 -0.00000824 1.00000000
vn 0.00003089 -0.00000824 1.00000000
vn 0.00002738 -0.00000867 1.00000000
vn 0.00002738 -0.00000867 1.00000000
vn 0.00002738 -0.00000867 1.00000000
vn 0.00002282 -0.00000908 1.00000000
vn 0.00002282 -0.00000908 1.00000000
vn 0.00002282 -0.00000908 1.00000000
vn 0.00001724 -0.00000943 1.00000000
vn 0.00001724 -0.00000943 1.00000000
vn 0.00001724 -0.00000943 1.00000000
vn 0.00001076 -0.00000970 1.00000000
vn 0.00001076 -0.00000970 1.00000000
vn 0.00001076 -0.00000970 1.00000000
vn 0.00000366 -0.00000984 0.99999994
vn 0.00000366 -0.00000984 0.99999994
vn 0.00000366 -0.00000984 0.99999994
vn -0.00000366 -0.00000984 0.99999994
vn -0.00000366 -0.00000984 0.99999994
vn -0.00000366 -0.00000984 0.99999994
vn -0.00001076 -0.00000970 1.00000000
vn -0.00001076 -0.00000970 1.00000000
vn -0.00001076 -0.00000970 1.00000000
vn -0.00001724 -0.00000943 1.00000000
vn -0.00001724 -0.00000943 1.00000000
vn -0.00001724 -0.00000943 1.00000000
vn -0.00002282 -0.00000908 1.00000000
vn -0.00002282 -0.00000908 1.00000000
vn -0.00002282 -0.00000908 1.00000000
vn -0.00002738 -0.00000867 1.00000000
vn -0.00002738 -0.00000867 1.00000000
vn -0.00002738 -0.00000867 1.00000000
vn -0.00003089 -0.00000824 1.00000000
vn -0.00003089 -0.00000824 1.00000000
vn -0.00003089 -0.00000824 1.00000000
vn -0.00003347 -0.00000783 1.00000000
vn -0.00003347 -0.00000783 1.00000000
vn -0.00003347 -0.00000783 1.00000000
vn -0.00003525 -0.00000746 1.00000000
vn -0.00003525 -0.00000746 1.00000000
vn -0.00003525 -0.00000746 1.00000000
vn -0.00003639 -0.00000714 1.00000000
vn -0.00003639 -0.00000714 1.00000000
vn -0.00003639 -0.00000714 1.00000000
vn -0.00003706 -0.00000688 0.99999994
vn -0.00003706 -0.00000688 0.99999994
vn -0.00003706 -0.00000688 0.99999994
vn -0.00003738 -0.00000671 1.00000000
vn -0.00003738 -0.00000671 1.00000000
vn -0.00003738 -0.00000671 1.00000000
vn -0.00003749 -0.00000661 1.00000000
vn -0.00003749 -0.00000661 1.00000000
vn -0.00003749 -0.00000661 1.00000000
vn -0.00004128 -0.00000000 1.00000000
vn -0.00004128 -0.00000000 1.00000000
vn -0.00004128 -0.00000000 1.00000000
vn -0.00000336 0.00000525 -1.00000000
vn -0.00000336 0.00000525 -1.00000000
vn -0.00000336 0.00000525 -1.00000000
vn -0.00000335 0.00000534 -1.00000000
vn -0.00000335 0.00000534 -1.00000000
vn -0.00000335 0.00000534 -1.00000000
vn -0.00000333 0.00000549 -1.00000000
vn -0.00000333 0.00000549 -1.00000000
vn -0.00000333 0.00000549 -1.00000000
vn -0.00000328 0.00000571 -1.00000000
vn -0.00000328 0.00000571 -1.00000000
vn -0.00000328 0.00000571 -1.00000000
vn -0.00000318 0.00000598 -1.00000000
vn -0.00000318 0.00000598 -1.00000000
vn -0.00000318 0.00000598 -1.00000000
vn -0.00000304 0.00000631 -0.99999994
vn -0.00000304 0.00000631 -0.99999994
vn -0.00000304 0.00000631 -0.99999994
vn -0.00000281 0.00000667 -0.99999994
vn -0.00000281 0.00000667 -0.99999994
vn -0.00000281 0.00000667 -0.99999994
vn -0.00000250 0.00000704 -1.00000000
vn -0.00000250 0.00000704 -1.00000000
vn -0.00000250 0.00000704 -1.00000000
vn -0.00000210 0.00000740 -1.00000000
vn -0.00000210 0.00000740 -1.00000000
vn -0.00000210 0.00000740 -1.00000000
vn -0.00000159 0.00000772 -1.00000000
vn -0.00000159 0.00000772 -1.00000000
vn -0.00000159 0.00000772 -1.00000000
vn -0.00000099 0.00000796 -1.00000000
vn -0.00000099 0.00000796 -1.00000000
vn -0.00000099 0.00000796 -1.00000000
vn -0.00000034 0.00000809 -1.00000000
vn -0.00000034 0.00000809 -1.00000000
vn -0.00000034 0.00000809 -1.00000000
vn 0.00000034 0.00000809 -1.00000000
vn 0.00000034 0.00000809 -1.00000000
vn 0.00000034 0.00000809 -1.00000000
vn 0.00000099 0.00000796 -1.00000000
vn 0.00000099 0.00000796 -1.00000000
vn 0.00000099 0.00000796 -1.00000000
vn 0.00000159 0.00000772 -1.00000000
vn 0.00000159 0.00000772 -1.00000000
vn 0.00000159 0.00000772 -1.00000000
vn 0.00000210 0.00000740 -1.00000000
vn 0.00000210 0.00000740 -1.00000000
vn 0.00000210 0.00000740 -1.00000000
vn 0.00000250 0.00000704 -1.00000000
vn 0.00000250 0.00000704 -1.00000000
vn 0.00000250 0.00000704 -1.00000000
vn 0.00000281 0.00000667 -0.99999994
vn 0.00000281 0.00000667 -0.99999994
vn 0.00000281 0.00000667 -0.99999994
vn 0.00000304 0.00000631 -0.99999994
vn 0.00000304 0.00000631 -0.99999994
vn 0.00000304 0.00000631 -0.99999994
vn 0.00000318 0.00000598 -1.00000000
vn 0.00000318 0.00000598 -1.00000000
vn 0.00000318 0.00000598 -1.00000000
vn 0.00000328 0.00000571 -1.00000000
vn 0.00000328 0.00000571 -1.00000000
vn 0.00000328 0.00000571 -1.00000000
vn 0.00000333 0.00000549 -1.00000000
vn 0.00000333 0.00000549 -1.00000000
vn 0.00000333 0.00000549 -1.00000000
vn 0.00000335 0.00000534 -1.00000000
vn 0.00000335 0.00000534 -1.00000000
vn 0.00000335 0.00000534 -1.00000000
vn 0.00000336 0.00000525 -1.00000000
vn 0.00000336 0.00000525 -1.00000000
vn 0.00000336 0.00000525 -1.00000000
vn 0.00000346 0.00000000 -1.00000000
vn 0.00000346 0.00000000 -1.00000000
vn 0.00000346 0.00000000 -1.00000000
vn 0.00000316 -0.00000569 -1.00000000
vn 0.00000316 -0.00000569 -1.00000000
vn 0.00000316 -0.00000569 -1.00000000
vn 0.00000316 -0.00000577 -0.99999994
vn 0.00000316 -0.00000577 -0.99999994
vn 0.00000316 -0.00000577 -0.99999994
vn 0.00000313 -0.00000593 -1.00000000
vn 0.00000313 -0.00000593 -1.00000000
vn 0.00000313 -0.00000593 -1.00000000
vn 0.00000307 -0.00000615 -0.99999994
vn 0.00000307 -0.00000615 -0.99999994
vn 0.00000307 -0.00000615 -0.99999994
vn 0.00000298 -0.00000643 -1.00000000
vn 0.00000298 -0.00000643 -1.00000000
vn 0.00000298 -0.00000643 -1.00000000
vn 0.00000283 -0.00000675 -1.00000000
vn 0.00000283 -0.00000675 -1.00000000
vn 0.00000283 -0.00000675 -1.00000000
vn 0.00000261 -0.00000711 -1.00000000
vn 0.00000261 -0.00000711 -1.00000000
vn 0.00000261 -0.00000711 -1.00000000
vn 0.00000232 -0.00000748 -1.00000000
vn 0.00000232 -0.00000748 -1.00000000
vn 0.00000232 -0.00000748 -1.00000000
vn 0.00000193 -0.00000784 -1.00000000
vn 0.00000193 -0.00000784 -1.00000000
vn 0.00000193 -0.00000784 -1.00000000
vn 0.00000146 -0.00000815 -1.00000000
vn 0.00000146 -0.00000815 -1.00000000
vn 0.00000146 -0.00000815 -1.00000000
vn 0.00000091 -0.00000838 -1.00000000
vn 0.00000091 -0.00000838 -1.00000000
vn 0.00000091 -0.00000838 -1.00000000
vn 0.00000031 -0.00000850 -1.00000000
vn 0.00000031 -0.00000850 -1.00000000
vn 0.00000031 -0.00000850 -1.00000000
vn -0.00000031 -0.00000850 -1.00000000
vn -0.00000031 -0.00000850 -1.00000000
vn -0.00000031 -0.00000850 -1.00000000
vn -0.00000091 -0.00000838 -1.00000000
vn -0.00000091 -0.00000838 -1.00000000
vn -0.00000091 -0.00000838 -1.00000000
vn -0.00000146 -0.00000815 -1.00000000
vn -0.00000146 -0.00000815 -1.00000000
vn -0.00000146 -0.00000815 -1.00000000
vn -0.00000193 -0.00000784 -1.00000000
vn -0.00000193 -0.00000784 -1.00000000
vn -0.00000193 -0.00000784 -1.00000000
vn -0.00000232 -0.00000748 -1.00000000
vn -0.00000232 -0.00000748 -1.00000000
vn -0.00000232 -0.00000748 -1.00000000
vn -0.00000261 -0.00000711 -1.00000000
vn -0.00000261 -0.00000711 -1.00000000
vn -0.00000261 -0.00000711 -1.00000000
vn -0.00000283 -0.00000675 -1.00000000
vn -0.00000283 -0.00000675 -1.00000000
vn -0.00000283 -0.00000675 -1.00000000
vn -0.00000298 -0.00000643 -1.00000000
vn -0.00000298 -0.00000643 -1.00000000
vn -0.00000298 -0.00000643 -1.00000000
vn -0.00000307 -0.00000615 -0.99999994
vn -0.00000307 -0.00000615 -0.99999994
vn -0.00000307 -0.00000615 -0.99999994
vn -0.00000313 -0.00000593 -1.00000000
vn -0.00000313 -0.00000593 -1.00000000
vn -0.00000313 -0.00000593 -1.00000000
vn -0.00000316 -0.00000577 -0.99999994
vn -0.00000316 -0.00000577 -0.99999994
vn -0.00000316 -0.00000577 -0.99999994
vn -0.00000316 -0.00000569 -1.00000000
vn -0.00000316 -0.00000569 -1.00000000
vn -0.00000316 -0.00000569 -1.00000000
vn -0.00000346 0.00000000 -1.00000000
vn -0.00000346 0.00000000 -1.00000000
vn -0.00000346 0.00000000 -1.00000000
vn 0.23729186 0.90566903 0.35136333
vn 0.23729186 0.90566903 0.35136333
vn 0.23729186 0.90566903 0.35136333
vn 0.23729186 0.90566903 0.35136333
vn 0.11855291 0.98766822 0.10225840
vn 0.11855291 0.98766822 0.10225840
vn 0.11855291 0.98766822 0.10225840
vn 0.11855291 0.98766822 0.10225840
vn 0.09443405 0.99487817 0.03605173
vn 0.09443405 0.99487817 0.03605173
vn 0.09443405 0.99487817 0.03605173
vn 0.09443405 0.99487817 0.03605173
vn 0.08127758 0.99370015 -0.07716224
vn 0.08127758 0.99370015 -0.07716224
vn 0.08127758 0.99370015 -0.07716224
vn 0.08127758 0.99370015 -0.07716224
vn 0.09522484 0.97801459 -0.18552516
vn 0.09522484 0.97801459 -0.18552516
vn 0.09522484 0.97801459 -0.18552516
vn 0.09522484 0.97801459 -0.18552516
vn 0.35058922 0.00000000 -0.93652934
vn 0.35058922 0.00000000 -0.93652934
vn 0.35058922 0.00000000 -0.93652934
vn 0.35058922 0.00000000 -0.93652934
vn -0.02059338 -0.99907279 -0.03780900
vn -0.02059338 -0.99907279 -0.03780900
vn -0.02059338 -0.99907279 -0.03780900
vn -0.02059338 -0.99907279 -0.03780900
vn -0.02925575 -0.99909008 0.03103230
vn -0.02925575 -0.99909008 0.03103230
vn -0.02925575 -0.99909008 0.03103230
vn -0.02925575 -0.99909008 0.03103230
vn -0.03208542 -0.99927092 -0.02069194
vn -0.03208542 -0.99927092 -0.02069194
vn -0.03208542 -0.99927092 -0.02069194
vn -0.03208542 -0.99927092 -0.02069194
vn -0.03731719 -0.99870884 -0.03446717
vn -0.03731719 -0.99870884 -0.03446717
vn -0.03731719 -0.99870884 -0.03446717
vn -0.03731719 -0.99870884 -0.03446717
vn 0.03397632 -0.99119401 0.12798491
vn 0.03397632 -0.99119401 0.12798491
vn 0.03397632 -0.99119401 0.12798491
vn 0.03397632 -0.99119401 0.12798491
vn 0.49048150 0.00000000 0.87145162
vn 0.49048150 0.00000000 0.87145162
vn 0.49048150 0.00000000 0.87145162
vn 0.49048150 0.00000000 0.87145162
vn 0.54109037 0.77735353 0.32084680
vn 0.54109037 0.77735353 0.32084680
vn 0.54109037 0.77735353 0.32084680
vn 0.54109037 0.77735353 0.32084680
vn 0.29540333 0.94955492 0.10527226
vn 0.29540333 0.94955492 0.10527226
vn 0.29540333 0.94955492 0.10527226
vn 0.29540333 0.94955492 0.10527226
vn 0.23435332 0.97142053 0.03769374
vn 0.23435332 0.97142053 0.03769374
vn 0.23435332 0.97142053 0.03769374
vn 0.23435332 0.97142053 0.03769374
vn 0.20016675 0.97639239 -0.08118572
vn 0.20016675 0.97639239 -0.08118572
vn 0.20016675 0.97639239 -0.08118572
vn 0.20016675 0.97639239 -0.08118572
vn 0.23665629 0.95234805 -0.19242369
vn 0.23665629 0.95234805 -0.19242369
vn 0.23665629 0.95234805 -0.19242369
vn 0.23665629 0.95234805 -0.19242369
vn 0.68655050 0.00000000 -0.72708213
vn 0.68655050 0.00000000 -0.72708213
vn 0.68655050 0.00000000 -0.72708213
vn 0.68655050 0.00000000 -0.72708213
vn -0.05037294 -0.99795419 -0.03936940
vn -0.05037294 -0.99795419 -0.03936940
vn -0.05037294 -0.99795419 -0.03936940
vn -0.05037294 -0.99795419 -0.03936940
vn -0.07413280 -0.99669731 0.03314962
vn -0.07413280 -0.99669731 0.03314962
vn -0.07413280 -0.99669731 0.03314962
vn -0.07413280 -0.99669731 0.03314962
vn -0.08105188 -0.99646503 -0.02209459
vn -0.08105188 -0.99646503 -0.02209459
vn -0.08105188 -0.99646503 -0.02209459
vn -0.08105188 -0.99646503 -0.02209459
vn -0.09548236 -0.99475205 -0.03676102
vn -0.09548236 -0.99475205 -0.03676102
vn -0.09548236 -0.99475205 -0.03676102
vn -0.09548236 -0.99475205 -0.03676102
vn 0.09255026 -0.98668063 0.13377440
vn 0.09255026 -0.98668063 0.13377440
vn 0.09255026 -0.98668063 0.13377440
vn 0.09255026 -0.98668063 0.13377440
vn 0.81754512 0.00000000 0.57586461
vn 0.81754512 0.00000000 0.57586461
vn 0.81754512 0.00000000 0.57586461
vn 0.81754512 0.00000000 0.57586461
vn 0.68561220 0.65725315 0.31297630
vn 0.68561220 0.65725315 0.31297630
vn 0.68561220 0.65725315 0.31297630
vn 0.68561220 0.65725315 0.31297630
vn 0.40076298 0.90857983 0.11777884
vn 0.40076298 0.90857983 0.11777884
vn 0.40076298 0.90857983 0.11777884
vn 0.40076298 0.90857983 0.11777884
vn 0.30992374 0.94978440 0.04309209
vn 0.30992374 0.94978440 0.04309209
vn 0.30992374 0.94978440 0.04309209
vn 0.30992374 0.94978440 0.04309209
vn 0.25736141 0.96178043 -0.09350647
vn 0.25736141 0.96178043 -0.09350647
vn 0.25736141 0.96178043 -0.09350647
vn 0.25736141 0.96178043 -0.09350647
vn 0.31397232 0.92452413 -0.21604754
vn 0.31397232 0.92452413 -0.21604754
vn 0.31397232 0.92452413 -0.21604754
vn 0.31397232 0.92452413 -0.21604754
vn 0.78158700 0.00000000 -0.62379634
vn 0.78158700 0.00000000 -0.62379634
vn 0.78158700 0.00000000 -0.62379634
vn 0.78158700 0.00000000 -0.62379634
vn -0.06165033 -0.99715215 -0.04343766
vn -0.06165033 -0.99715215 -0.04343766
vn -0.06165033 -0.99715215 -0.04343766
vn -0.06165033 -0.99715215 -0.04343766
vn -0.09987263 -0.99424869 0.03866524
vn -0.09987263 -0.99424869 0.03866524
vn -0.09987263 -0.99424869 0.03866524
vn -0.09987263 -0.99424869 0.03866524
vn -0.10843509 -0.99376953 -0.02576441
vn -0.10843509 -0.99376953 -0.02576441
vn -0.10843509 -0.99376953 -0.02576441
vn -0.10843509 -0.99376953 -0.02576441
vn -0.13197440 -0.99032897 -0.04279199
vn -0.13197440 -0.99032897 -0.04279199
vn -0.13197440 -0.99032897 -0.04279199
vn -0.13197440 -0.99032897 -0.04279199
vn 0.14610444 -0.97801882 0.14877057
vn 0.14610444 -0.97801882 0.14877057
vn 0.14610444 -0.97801882 0.14877057
vn 0.14610444 -0.97801882 0.14877057
vn 0.88326597 0.00000000 0.46887222
vn 0.88326597 0.00000000 0.46887222
vn 0.88326597 0.00000000 0.46887222
vn 0.88326597 0.00000000 0.46887222
vn 0.74967754 0.55877209 0.35462263
vn 0.74967754 0.55877209 0.35462263
vn 0.74967754 0.55877209 0.35462263
vn 0.74967754 0.55877209 0.35462263
vn 0.45002857 0.87942195 0.15521382
vn 0.45002857 0.87942195 0.15521382
vn 0.45002857 0.87942195 0.15521382
vn 0.45002857 0.87942195 0.15521382
vn 0.32285583 0.94464755 0.05835402
vn 0.32285583 0.94464755 0.05835402
vn 0.32285583 0.94464755 0.05835402
vn 0.32285583 0.94464755 0.05835402
vn 0.24644066 0.96077698 -0.12717947
vn 0.24644066 0.96077698 -0.12717947
vn 0.24644066 0.96077698 -0.12717947
vn 0.24644066 0.96077698 -0.12717947
vn 0.32837087 0.90150422 -0.28189158
vn 0.32837087 0.90150422 -0.28189158
vn 0.32837087 0.90150422 -0.28189158
vn 0.32837087 0.90150422 -0.28189158
vn 0.78158695 0.00000000 -0.62379634
vn 0.78158695 0.00000000 -0.62379634
vn 0.78158695 0.00000000 -0.62379634
vn 0.78158695 0.00000000 -0.62379634
vn -0.04883087 -0.99736297 -0.05368865
vn -0.04883087 -0.99736297 -0.05368865
vn -0.04883087 -0.99736297 -0.05368865
vn -0.04883087 -0.99736297 -0.05368865
vn -0.10412025 -0.99317348 0.05258716
vn -0.10412025 -0.99317348 0.05258716
vn -0.10412025 -0.99317348 0.05258716
vn -0.10412025 -0.99317348 0.05258716
vn -0.11130574 -0.99316758 -0.03505790
vn -0.11130574 -0.99316758 -0.03505790
vn -0.11130574 -0.99316758 -0.03505790
vn -0.11130574 -0.99316758 -0.03505790
vn -0.14614935 -0.98755497 -0.05809957
vn -0.14614935 -0.98755497 -0.05809957
vn -0.14614935 -0.98755497 -0.05809957
vn -0.14614935 -0.98755497 -0.05809957
vn 0.20343880 -0.96127367 0.18591827
vn 0.20343880 -0.96127367 0.18591827
vn 0.20343880 -0.96127367 0.18591827
vn 0.20343880 -0.96127367 0.18591827
vn 0.88326591 0.00000000 0.46887234
vn 0.88326591 0.00000000 0.46887234
vn 0.88326591 0.00000000 0.46887234
vn 0.88326591 0.00000000 0.46887234
vn 0.73531890 0.47752562 0.48091096
vn 0.73531890 0.47752562 0.48091096
vn 0.73531890 0.47752562 0.48091096
vn 0.73531890 0.47752562 0.48091096
vn 0.44074973 0.86287940 0.24734353
vn 0.44074973 0.86287940 0.24734353
vn 0.44074973 0.86287940 0.24734353
vn 0.44074973 0.86287940 0.24734353
vn 0.27278498 0.95726949 0.09604016
vn 0.27278498 0.95726949 0.09604016
vn 0.27278498 0.95726949 0.09604016
vn 0.27278498 0.95726949 0.09604016
vn 0.16739161 0.96386737 -0.20721878
vn 0.16739161 0.96386737 -0.20721878
vn 0.16739161 0.96386737 -0.20721878
vn 0.16739161 0.96386737 -0.20721878
vn 0.27386579 0.86078662 -0.42900351
vn 0.27386579 0.86078662 -0.42900351
vn 0.27386579 0.86078662 -0.42900351
vn 0.27386579 0.86078662 -0.42900351
vn 0.68655044 0.00000000 -0.72708219
vn 0.68655044 0.00000000 -0.72708219
vn 0.68655044 0.00000000 -0.72708219
vn 0.68655044 0.00000000 -0.72708219
vn -0.01406255 -0.99687582 -0.07772325
vn -0.01406255 -0.99687582 -0.07772325
vn -0.01406255 -0.99687582 -0.07772325
vn -0.01406255 -0.99687582 -0.07772325
vn -0.08613467 -0.99262005 0.08536009
vn -0.08613467 -0.99262005 0.08536009
vn -0.08613467 -0.99262005 0.08536009
vn -0.08613467 -0.99262005 0.08536009
vn -0.08919282 -0.99438161 -0.05700772
vn -0.08919282 -0.99438161 -0.05700772
vn -0.08919282 -0.99438161 -0.05700772
vn -0.08919282 -0.99438161 -0.05700772
vn -0.13572623 -0.98625445 -0.09423635
vn -0.13572623 -0.98625445 -0.09423635
vn -0.13572623 -0.98625445 -0.09423635
vn -0.13572623 -0.98625445 -0.09423635
vn 0.25076857 -0.92962450 0.27002510
vn 0.25076857 -0.92962450 0.27002510
vn 0.25076857 -0.92962450 0.27002510
vn 0.25076857 -0.92962450 0.27002510
vn 0.81754518 0.00000000 0.57586437
vn 0.81754518 0.00000000 0.57586437
vn 0.81754518 0.00000000 0.57586437
vn 0.81754518 0.00000000 0.57586437
vn 0.44183597 0.49761900 0.74642903
vn 0.44183597 0.49761900 0.74642903
vn 0.44183597 0.49761900 0.74642903
vn 0.44183597 0.49761900 0.74642903
vn 0.23899853 0.89125741 0.38540879
vn 0.23899853 0.89125741 0.38540879
vn 0.23899853 0.89125741 0.38540879
vn 0.23899853 0.89125741 0.38540879
vn 0.12492479 0.98099387 0.14847468
vn 0.12492479 0.98099387 0.14847468
vn 0.12492479 0.98099387 0.14847468
vn 0.12492479 0.98099387 0.14847468
vn 0.05560409 0.94975120 -0.30802742
vn 0.05560409 0.94975120 -0.30802742
vn 0.05560409 0.94975120 -0.30802742
vn 0.05560409 0.94975120 -0.30802742
vn 0.11871912 0.79657561 -0.59276742
vn 0.11871912 0.79657561 -0.59276742
vn 0.11871912 0.79657561 -0.59276742
vn 0.11871912 0.79657561 -0.59276742
vn 0.35058910 0.00000000 -0.93652940
vn 0.35058910 0.00000000 -0.93652940
vn 0.35058910 0.00000000 -0.93652940
vn 0.35058910 0.00000000 -0.93652940
vn 0.00632708 -0.99399418 -0.10924985
vn 0.00632708 -0.99399418 -0.10924985
vn 0.00632708 -0.99399418 -0.10924985
vn 0.00632708 -0.99399418 -0.10924985
vn -0.03813026 -0.99096870 0.12855808
vn -0.03813026 -0.99096870 0.12855808
vn -0.03813026 -0.99096870 0.12855808
vn -0.03813026 -0.99096870 0.12855808
vn -0.03813773 -0.99555606 -0.08610220
vn -0.03813773 -0.99555606 -0.08610220
vn -0.03813773 -0.99555606 -0.08610220
vn -0.03813773 -0.99555606 -0.08610220
vn -0.06739475 -0.98752010 -0.14234529
vn -0.06739475 -0.98752010 -0.14234529
vn -0.06739475 -0.98752010 -0.14234529
vn -0.06739475 -0.98752010 -0.14234529
vn 0.15027010 -0.91186440 0.38199753
vn 0.15027010 -0.91186440 0.38199753
vn 0.15027010 -0.91186440 0.38199753
vn 0.15027010 -0.91186440 0.38199753
vn 0.49048132 0.00000000 0.87145174
vn 0.49048132 0.00000000 0.87145174
vn 0.49048132 0.00000000 0.87145174
vn 0.49048132 0.00000000 0.87145174
vn -1.00000000 0.00000005 0.00000002
vn -1.00000000 0.00000005 0.00000002
vn -1.00000000 0.00000005 0.00000002
vn -1.00000000 0.00000011 0.00000001
vn -1.00000000 0.00000011 0.00000001
vn -1.00000000 0.00000011 0.00000001
vn -1.00000000 0.00000013 0.00000000
vn -1.00000000 0.00000013 0.00000000
vn -1.00000000 0.00000013 0.00000000
vn -1.00000000 0.00000011 -0.00000001
vn -1.00000000 0.00000011 -0.00000001
vn -1.00000000 0.00000011 -0.00000001
vn -1.00000000 0.00000008 -0.00000001
vn -1.00000000 0.00000008 -0.00000001
vn -1.00000000 0.00000008 -0.00000001
vn -1.00000000 0.00000000 -0.00000001
vn -1.00000000 0.00000000 -0.00000001
vn -1.00000000 0.00000000 -0.00000001
vn -0.99999994 -0.00000017 -0.00000001
vn -0.99999994 -0.00000017 -0.00000001
vn -0.99999994 -0.00000017 -0.00000001
vn -1.00000000 -0.00000029 0.00000001
vn -1.00000000 -0.00000029 0.00000001
vn -1.00000000 -0.00000029 0.00000001
vn -1.00000000 -0.00000026 -0.00000001
vn -1.00000000 -0.00000026 -0.00000001
vn -1.00000000 -0.00000026 -0.00000001
vn -1.00000000 -0.00000028 -0.00000001
vn -1.00000000 -0.00000028 -0.00000001
vn -1.00000000 -0.00000028 -0.00000001
vn -1.00000000 -0.00000010 0.00000001
vn -1.00000000 -0.00000010 0.00000001
vn -1.00000000 -0.00000010 0.00000001
vn -1.00000000 0.00000000 0.00000002
vn -1.00000000 0.00000000 0.00000002
vn -1.00000000 0.00000000 0.00000002
vn 0.99999994 0.00000212 0.00000318
vn 0.99999994 0.00000212 0.00000318
vn 0.99999994 0.00000212 0.00000318
vn 1.00000000 0.00000477 0.00000206
vn 1.00000000 0.00000477 0.00000206
vn 1.00000000 0.00000477 0.00000206
vn 1.00000000 0.00000556 0.00000084
vn 1.00000000 0.00000556 0.00000084
vn 1.00000000 0.00000556 0.00000084
vn 0.99999994 0.00000492 -0.00000160
vn 0.99999994 0.00000492 -0.00000160
vn 0.99999994 0.00000492 -0.00000160
vn 1.00000000 0.00000346 -0.00000258
vn 1.00000000 0.00000346 -0.00000258
vn 1.00000000 0.00000346 -0.00000258
vn 1.00000000 -0.00000000 -0.00000229
vn 1.00000000 -0.00000000 -0.00000229
vn 1.00000000 -0.00000000 -0.00000229
vn 0.99999994 -0.00000836 -0.00000092
vn 0.99999994 -0.00000836 -0.00000092
vn 0.99999994 -0.00000836 -0.00000092
vn 1.00000000 -0.00001415 0.00000184
vn 1.00000000 -0.00001415 0.00000184
vn 1.00000000 -0.00001415 0.00000184
vn 0.99999994 -0.00001230 -0.00000106
vn 0.99999994 -0.00001230 -0.00000106
vn 0.99999994 -0.00001230 -0.00000106
vn 1.00000000 -0.00001330 -0.00000192
vn 1.00000000 -0.00001330 -0.00000192
vn 1.00000000 -0.00001330 -0.00000192
vn 1.00000000 -0.00000468 0.00000196
vn 1.00000000 -0.00000468 0.00000196
vn 1.00000000 -0.00000468 0.00000196
vn 1.00000000 -0.00000000 0.00000295
vn 1.00000000 -0.00000000 0.00000295
vn 1.00000000 -0.00000000 0.00000295
vn -0.22293977 0.91117036 0.34650621
vn -0.22293977 0.91117036 0.34650621
vn -0.22293977 0.91117036 0.34650621
vn -0.22293977 0.91117036 0.34650621
vn -0.11195287 0.98865730 0.10011718
vn -0.11195287 0.98865730 0.10011718
vn -0.11195287 0.98865730 0.10011718
vn -0.11195287 0.98865730 0.10011718
vn -0.09200121 0.99513406 0.03527057
vn -0.09200121 0.99513406 0.03527057
vn -0.09200121 0.99513406 0.03527057
vn -0.09200121 0.99513406 0.03527057
vn -0.08619373 0.99341738 -0.07544942
vn -0.08619373 0.99341738 -0.07544942
vn -0.08619373 0.99341738 -0.07544942
vn -0.08619373 0.99341738 -0.07544942
vn -0.11064097 0.97712511 -0.18161830
vn -0.11064097 0.97712511 -0.18161830
vn -0.11064097 0.97712511 -0.18161830
vn -0.11064097 0.97712511 -0.18161830
vn -0.35058919 -0.00000000 -0.93652934
vn -0.35058919 -0.00000000 -0.93652934
vn -0.35058919 -0.00000000 -0.93652934
vn -0.35058919 -0.00000000 -0.93652934
vn 0.02288521 -0.99904156 -0.03731104
vn 0.02288521 -0.99904156 -0.03731104
vn 0.02288521 -0.99904156 -0.03731104
vn 0.02288521 -0.99904156 -0.03731104
vn 0.02727159 -0.99916708 0.03035444
vn 0.02727159 -0.99916708 0.03035444
vn 0.02727159 -0.99916708 0.03035444
vn 0.02727159 -0.99916708 0.03035444
vn 0.03332376 -0.99923962 -0.02023777
vn 0.03332376 -0.99923962 -0.02023777
vn 0.03332376 -0.99923962 -0.02023777
vn 0.03332376 -0.99923962 -0.02023777
vn 0.03902497 -0.99866939 -0.03371035
vn 0.03902497 -0.99866939 -0.03371035
vn 0.03902497 -0.99866939 -0.03371035
vn 0.03902497 -0.99866939 -0.03371035
vn -0.03645143 -0.99135739 0.12602369
vn -0.03645143 -0.99135739 0.12602369
vn -0.03645143 -0.99135739 0.12602369
vn -0.03645143 -0.99135739 0.12602369
vn -0.49048150 0.00000000 0.87145162
vn -0.49048150 0.00000000 0.87145162
vn -0.49048150 0.00000000 0.87145162
vn -0.49048150 0.00000000 0.87145162
vn -0.50398207 0.80523801 0.31240013
vn -0.50398207 0.80523801 0.31240013
vn -0.50398207 0.80523801 0.31240013
vn -0.50398207 0.80523801 0.31240013
vn -0.27472031 0.95641166 0.09902225
vn -0.27472031 0.95641166 0.09902225
vn -0.27472031 0.95641166 0.09902225
vn -0.27472031 0.95641166 0.09902225
vn -0.22713704 0.97322404 0.03526704
vn -0.22713704 0.97322404 0.03526704
vn -0.22713704 0.97322404 0.03526704
vn -0.22713704 0.97322404 0.03526704
vn -0.21355359 0.97399926 -0.07563244
vn -0.21355359 0.97399926 -0.07563244
vn -0.21355359 0.97399926 -0.07563244
vn -0.21355359 0.97399926 -0.07563244
vn -0.27333638 0.94506490 -0.17927474
vn -0.27333638 0.94506490 -0.17927474
vn -0.27333638 0.94506490 -0.17927474
vn -0.27333638 0.94506490 -0.17927474
vn -0.68655050 -0.00000000 -0.72708213
vn -0.68655050 -0.00000000 -0.72708213
vn -0.68655050 -0.00000000 -0.72708213
vn -0.68655050 -0.00000000 -0.72708213
vn 0.05752718 -0.99762982 -0.03775439
vn 0.05752718 -0.99762982 -0.03775439
vn 0.05752718 -0.99762982 -0.03775439
vn 0.05752718 -0.99762982 -0.03775439
vn 0.06849073 -0.99717081 0.03097269
vn 0.06849073 -0.99717081 0.03097269
vn 0.06849073 -0.99717081 0.03097269
vn 0.06849073 -0.99717081 0.03097269
vn 0.08412457 -0.99624169 -0.02062922
vn 0.08412457 -0.99624169 -0.02062922
vn 0.08412457 -0.99624169 -0.02062922
vn 0.08412457 -0.99624169 -0.02062922
vn 0.09888054 -0.99450719 -0.03432216
vn 0.09888054 -0.99450719 -0.03432216
vn 0.09888054 -0.99450719 -0.03432216
vn 0.09888054 -0.99450719 -0.03432216
vn -0.09437501 -0.98734009 0.12748729
vn -0.09437501 -0.98734009 0.12748729
vn -0.09437501 -0.98734009 0.12748729
vn -0.09437501 -0.98734009 0.12748729
vn -0.81754512 0.00000000 0.57586461
vn -0.81754512 0.00000000 0.57586461
vn -0.81754512 0.00000000 0.57586461
vn -0.81754512 0.00000000 0.57586461
vn -0.62574393 0.72102684 0.29759839
vn -0.62574393 0.72102684 0.29759839
vn -0.62574393 0.72102684 0.29759839
vn -0.62574393 0.72102684 0.29759839
vn -0.35985520 0.92732680 0.10280792
vn -0.35985520 0.92732680 0.10280792
vn -0.35985520 0.92732680 0.10280792
vn -0.35985520 0.92732680 0.10280792
vn -0.29632637 0.95436847 0.03703207
vn -0.29632637 0.95436847 0.03703207
vn -0.29632637 0.95436847 0.03703207
vn -0.29632637 0.95436847 0.03703207
vn -0.27997816 0.95670491 -0.07954873
vn -0.27997816 0.95670491 -0.07954873
vn -0.27997816 0.95670491 -0.07954873
vn -0.27997816 0.95670491 -0.07954873
vn -0.36443809 0.91278195 -0.18442927
vn -0.36443809 0.91278195 -0.18442927
vn -0.36443809 0.91278195 -0.18442927
vn -0.36443809 0.91278195 -0.18442927
vn -0.78158700 -0.00000000 -0.62379634
vn -0.78158700 -0.00000000 -0.62379634
vn -0.78158700 -0.00000000 -0.62379634
vn -0.78158700 -0.00000000 -0.62379634
vn 0.07573735 -0.99635279 -0.03930622
vn 0.07573735 -0.99635279 -0.03930622
vn 0.07573735 -0.99635279 -0.03930622
vn 0.07573735 -0.99635279 -0.03930622
vn 0.09002908 -0.99538869 0.03310610
vn 0.09002908 -0.99538869 0.03310610
vn 0.09002908 -0.99538869 0.03310610
vn 0.09002908 -0.99538869 0.03310610
vn 0.11267989 -0.99338716 -0.02202635
vn 0.11267989 -0.99338716 -0.02202635
vn 0.11267989 -0.99338716 -0.02202635
vn 0.11267989 -0.99338716 -0.02202635
vn 0.13429427 -0.99026555 -0.03659522
vn 0.13429427 -0.99026555 -0.03659522
vn 0.13429427 -0.99026555 -0.03659522
vn 0.13429427 -0.99026555 -0.03659522
vn -0.13645171 -0.98166525 0.13309443
vn -0.13645171 -0.98166525 0.13309443
vn -0.13645171 -0.98166525 0.13309443
vn -0.13645171 -0.98166525 0.13309443
vn -0.88326597 0.00000000 0.46887219
vn -0.88326597 0.00000000 0.46887219
vn -0.88326597 0.00000000 0.46887219
vn -0.88326597 0.00000000 0.46887219
vn -0.65632123 0.68119222 0.32437575
vn -0.65632123 0.68119222 0.32437575
vn -0.65632123 0.68119222 0.32437575
vn -0.65632123 0.68119222 0.32437575
vn -0.37329391 0.92001539 0.11926126
vn -0.37329391 0.92001539 0.11926126
vn -0.37329391 0.92001539 0.11926126
vn -0.37329391 0.92001539 0.11926126
vn -0.29805335 0.95356834 0.04326377
vn -0.29805335 0.95356834 0.04326377
vn -0.29805335 0.95356834 0.04326377
vn -0.29805335 0.95356834 0.04326377
vn -0.28351349 0.95446795 -0.09279554
vn -0.28351349 0.95446795 -0.09279554
vn -0.28351349 0.95446795 -0.09279554
vn -0.28351349 0.95446795 -0.09279554
vn -0.39299467 0.89541698 -0.20924564
vn -0.39299467 0.89541698 -0.20924564
vn -0.39299467 0.89541698 -0.20924564
vn -0.39299467 0.89541698 -0.20924564
vn -0.78158695 -0.00000000 -0.62379634
vn -0.78158695 -0.00000000 -0.62379634
vn -0.78158695 -0.00000000 -0.62379634
vn -0.78158695 -0.00000000 -0.62379634
vn 0.07445401 -0.99627954 -0.04339965
vn 0.07445401 -0.99627954 -0.04339965
vn 0.07445401 -0.99627954 -0.04339965
vn 0.07445401 -0.99627954 -0.04339965
vn 0.08825772 -0.99534529 0.03870789
vn 0.08825772 -0.99534529 0.03870789
vn 0.08825772 -0.99534529 0.03870789
vn 0.08825772 -0.99534529 0.03870789
vn 0.11613765 -0.99289948 -0.02574185
vn 0.11613765 -0.99289948 -0.02574185
vn 0.11613765 -0.99289948 -0.02574185
vn 0.11613765 -0.99289948 -0.02574185
vn 0.14340994 -0.98874080 -0.04272337
vn 0.14340994 -0.98874080 -0.04272337
vn 0.14340994 -0.98874080 -0.04272337
vn 0.14340994 -0.98874080 -0.04272337
vn -0.16588154 -0.97493082 0.14830084
vn -0.16588154 -0.97493082 0.14830084
vn -0.16588154 -0.97493082 0.14830084
vn -0.16588154 -0.97493082 0.14830084
vn -0.88326591 0.00000000 0.46887234
vn -0.88326591 0.00000000 0.46887234
vn -0.88326591 0.00000000 0.46887234
vn -0.88326591 0.00000000 0.46887234
vn -0.60762346 0.67057836 0.42558017
vn -0.60762346 0.67057836 0.42558017
vn -0.60762346 0.67057836 0.42558017
vn -0.60762346 0.67057836 0.42558017
vn -0.31672695 0.93407977 0.16486065
vn -0.31672695 0.93407977 0.16486065
vn -0.31672695 0.93407977 0.16486065
vn -0.31672695 0.93407977 0.16486065
vn -0.23245414 0.97075689 0.05996688
vn -0.23245414 0.97075689 0.05996688
vn -0.23245414 0.97075689 0.05996688
vn -0.23245414 0.97075689 0.05996688
vn -0.22424985 0.96610427 -0.12788466
vn -0.22424985 0.96610427 -0.12788466
vn -0.22424985 0.96610427 -0.12788466
vn -0.22424985 0.96610427 -0.12788466
vn -0.36082646 0.89013129 -0.27833536
vn -0.36082646 0.89013129 -0.27833536
vn -0.36082646 0.89013129 -0.27833536
vn -0.36082646 0.89013129 -0.27833536
vn -0.68655050 -0.00000000 -0.72708213
vn -0.68655050 -0.00000000 -0.72708213
vn -0.68655050 -0.00000000 -0.72708213
vn -0.68655050 -0.00000000 -0.72708213
vn 0.05375018 -0.99711066 -0.05367506
vn 0.05375018 -0.99711066 -0.05367506
vn 0.05375018 -0.99711066 -0.05367506
vn 0.05375018 -0.99711066 -0.05367506
vn 0.06326617 -0.99660057 0.05276861
vn 0.06326617 -0.99660057 0.05276861
vn 0.06326617 -0.99660057 0.05276861
vn 0.06326617 -0.99660057 0.05276861
vn 0.09432814 -0.99492151 -0.03511981
vn 0.09432814 -0.99492151 -0.03511981
vn 0.09432814 -0.99492151 -0.03511981
vn 0.09432814 -0.99492151 -0.03511981
vn 0.12582712 -0.99033970 -0.05826339
vn 0.12582712 -0.99033970 -0.05826339
vn 0.12582712 -0.99033970 -0.05826339
vn 0.12582712 -0.99033970 -0.05826339
vn -0.18044053 -0.96569008 0.18677244
vn -0.18044053 -0.96569008 0.18677244
vn -0.18044053 -0.96569008 0.18677244
vn -0.18044053 -0.96569008 0.18677244
vn -0.81754518 0.00000000 0.57586443
vn -0.81754518 0.00000000 0.57586443
vn -0.81754518 0.00000000 0.57586443
vn -0.81754518 0.00000000 0.57586443
vn -0.34808365 0.66054124 0.66522402
vn -0.34808365 0.66054124 0.66522402
vn -0.34808365 0.66054124 0.66522402
vn -0.34808365 0.66054124 0.66522402
vn -0.15707575 0.94935340 0.27213120
vn -0.15707575 0.94935340 0.27213120
vn -0.15707575 0.94935340 0.27213120
vn -0.15707575 0.94935340 0.27213120
vn -0.09760518 0.99025398 0.09934942
vn -0.09760518 0.99025398 0.09934942
vn -0.09760518 0.99025398 0.09934942
vn -0.09760518 0.99025398 0.09934942
vn -0.09703454 0.97304815 -0.20919254
vn -0.09703454 0.97304815 -0.20919254
vn -0.09703454 0.97304815 -0.20919254
vn -0.09703454 0.97304815 -0.20919254
vn -0.20180923 0.87658954 -0.43687946
vn -0.20180923 0.87658954 -0.43687946
vn -0.20180923 0.87658954 -0.43687946
vn -0.20180923 0.87658954 -0.43687946
vn -0.35058907 -0.00000000 -0.93652940
vn -0.35058907 -0.00000000 -0.93652940
vn -0.35058907 -0.00000000 -0.93652940
vn -0.35058907 -0.00000000 -0.93652940
vn 0.01906026 -0.99679321 -0.07771681
vn 0.01906026 -0.99679321 -0.07771681
vn 0.01906026 -0.99679321 -0.07771681
vn 0.01906026 -0.99679321 -0.07771681
vn 0.02196665 -0.99608248 0.08565784
vn 0.02196665 -0.99608248 0.08565784
vn 0.02196665 -0.99608248 0.08565784
vn 0.02196665 -0.99608248 0.08565784
vn 0.04367926 -0.99740785 -0.05718121
vn 0.04367926 -0.99740785 -0.05718121
vn 0.04367926 -0.99740785 -0.05718121
vn 0.04367926 -0.99740785 -0.05718121
vn 0.06645675 -0.99326551 -0.09490625
vn 0.06645675 -0.99326551 -0.09490625
vn 0.06645675 -0.99326551 -0.09490625
vn 0.06645675 -0.99326551 -0.09490625
vn -0.12266304 -0.95305723 0.27683154
vn -0.12266304 -0.95305723 0.27683154
vn -0.12266304 -0.95305723 0.27683154
vn -0.12266304 -0.95305723 0.27683154
vn -0.49048129 0.00000000 0.87145162
vn -0.49048129 0.00000000 0.87145162
vn -0.49048129 0.00000000 0.87145162
vn -0.49048129 0.00000000 0.87145162
vn 1.00000000 0.00000005 0.00000002
vn 1.00000000 0.00000005 0.00000002
vn 1.00000000 0.00000005 0.00000002
vn 1.00000000 0.00000011 0.00000001
vn 1.00000000 0.00000011 0.00000001
vn 1.00000000 0.00000011 0.00000001
vn 1.00000000 0.00000013 0.00000000
vn 1.00000000 0.00000013 0.00000000
vn 1.00000000 0.00000013 0.00000000
vn 1.00000000 0.00000011 -0.00000001
vn 1.00000000 0.00000011 -0.00000001
vn 1.00000000 0.00000011 -0.00000001
vn 1.00000000 0.00000008 -0.00000001
vn 1.00000000 0.00000008 -0.00000001
vn 1.00000000 0.00000008 -0.00000001
vn 1.00000000 -0.00000000 -0.00000001
vn 1.00000000 -0.00000000 -0.00000001
vn 1.00000000 -0.00000000 -0.00000001
vn 0.99999994 -0.00000017 -0.00000001
vn 0.99999994 -0.00000017 -0.00000001
vn 0.99999994 -0.00000017 -0.00000001
vn 1.00000000 -0.00000029 0.00000001
vn 1.00000000 -0.00000029 0.00000001
vn 1.00000000 -0.00000029 0.00000001
vn 1.00000000 -0.00000026 -0.00000001
vn 1.00000000 -0.00000026 -0.00000001
vn 1.00000000 -0.00000026 -0.00000001
vn 1.00000000 -0.00000028 -0.00000001
vn 1.00000000 -0.00000028 -0.00000001
vn 1.00000000 -0.00000028 -0.00000001
vn 1.00000000 -0.00000010 0.00000001
vn 1.00000000 -0.00000010 0.00000001
vn 1.00000000 -0.00000010 0.00000001
vn 1.00000000 -0.00000000 0.00000002
vn 1.00000000 -0.00000000 0.00000002
vn 1.00000000 -0.00000000 0.00000002
vn -0.99999994 0.00000212 0.00000318
vn -0.99999994 0.00000212 0.00000318
vn -0.99999994 0.00000212 0.00000318
vn -1.00000000 0.00000477 0.00000206
vn -1.00000000 0.00000477 0.00000206
vn -1.00000000 0.00000477 0.00000206
vn -1.00000000 0.00000556 0.00000084
vn -1.00000000 0.00000556 0.00000084
vn -1.00000000 0.00000556 0.00000084
vn -0.99999994 0.00000492 -0.00000160
vn -0.99999994 0.00000492 -0.00000160
vn -0.99999994 0.00000492 -0.00000160
vn -1.00000000 0.00000346 -0.00000258
vn -1.00000000 0.00000346 -0.00000258
vn -1.00000000 0.00000346 -0.00000258
vn -1.00000000 0.00000000 -0.00000229
vn -1.00000000 0.00000000 -0.00000229
vn -1.00000000 0.00000000 -0.00000229
vn -0.99999994 -0.00000836 -0.00000092
vn -0.99999994 -0.00000836 -0.00000092
vn -0.99999994 -0.00000836 -0.00000092
vn -1.00000000 -0.00001415 0.00000184
vn -1.00000000 -0.00001415 0.00000184
vn -1.00000000 -0.00001415 0.00000184
vn -0.99999994 -0.00001230 -0.00000106
vn -0.99999994 -0.00001230 -0.00000106
vn -0.99999994 -0.00001230 -0.00000106
vn -1.00000000 -0.00001330 -0.00000192
vn -1.00000000 -0.00001330 -0.00000192
vn -1.00000000 -0.00001330 -0.00000192
vn -1.00000000 -0.00000468 0.00000196
vn -1.00000000 -0.00000468 0.00000196
vn -1.00000000 -0.00000468 0.00000196
vn -1.00000000 0.00000000 0.00000295
vn -1.00000000 0.00000000 0.00000295
vn -1.00000000 0.00000000 0.00000295
vn -0.92581171 0.34510553 -0.15419136
vn -0.92581171 0.34510553 -0.15419136
vn -0.92581171 0.34510553 -0.15419136
vn -0.92581171 0.34510553 -0.15419136
vn -0.46201426 0.87809730 -0.12445021
vn -0.46201426 0.87809730 -0.12445021
vn -0.46201426 0.87809730 -0.12445021
vn -0.46201426 0.87809730 -0.12445021
vn 0.00000000 0.99020177 -0.13964380
vn 0.00000000 0.99020177 -0.13964380
vn 0.00000000 0.99020177 -0.13964380
vn 0.00000000 0.99020177 -0.13964380
vn 0.46003693 0.87433922 -0.15458675
vn 0.46003693 0.87433922 -0.15458675
vn 0.46003693 0.87433922 -0.15458675
vn 0.46003693 0.87433922 -0.15458675
vn 0.92282617 0.34399256 -0.17338103
vn 0.92282617 0.34399256 -0.17338103
vn 0.92282617 0.34399256 -0.17338103
vn 0.92282617 0.34399256 -0.17338103
vn 0.00000000 -0.99599725 -0.08938436
vn 0.00000000 -0.99599725 -0.08938436
vn 0.00000000 -0.99599725 -0.08938436
vn 0.00000000 -0.99599725 -0.08938436
vn -0.93230635 0.32171020 0.16524959
vn -0.93230635 0.32171020 0.16524959
vn -0.93230635 0.32171020 0.16524959
vn -0.93230635 0.32171020 0.16524959
vn -0.49236473 0.86626565 0.08462117
vn -0.49236473 0.86626565 0.08462117
vn -0.49236473 0.86626565 0.08462117
vn -0.49236473 0.86626565 0.08462117
vn 0.00000000 0.99903542 0.04391363
vn 0.00000000 0.99903542 0.04391363
vn 0.00000000 0.99903542 0.04391363
vn 0.00000000 0.99903542 0.04391363
vn 0.49286780 0.86715066 0.07163150
vn 0.49286780 0.86715066 0.07163150
vn 0.49286780 0.86715066 0.07163150
vn 0.49286780 0.86715066 0.07163150
vn 0.93349886 0.32212171 0.15753576
vn 0.93349886 0.32212171 0.15753576
vn 0.93349886 0.32212171 0.15753576
vn 0.93349886 0.32212171 0.15753576
vn 0.00000000 -0.99783331 0.06579118
vn 0.00000000 -0.99783331 0.06579118
vn 0.00000000 -0.99783331 0.06579118
vn 0.00000000 -0.99783331 0.06579118
vn -0.84536546 0.23043039 0.48193276
vn -0.84536546 0.23043039 0.48193276
vn -0.84536546 0.23043039 0.48193276
vn -0.84536546 0.23043039 0.48193276
vn -0.55329156 0.76896590 0.32024965
vn -0.55329156 0.76896590 0.32024965
vn -0.55329156 0.76896590 0.32024965
vn -0.55329156 0.76896590 0.32024965
vn 0.00000000 0.98263800 0.18553311
vn 0.00000000 0.98263800 0.18553311
vn 0.00000000 0.98263800 0.18553311
vn 0.00000000 0.98263800 0.18553311
vn 0.56273776 0.78209412 0.26768479
vn 0.56273776 0.78209412 0.26768479
vn 0.56273776 0.78209412 0.26768479
vn 0.56273776 0.78209412 0.26768479
vn 0.85662299 0.23349898 0.46008193
vn 0.85662299 0.23349898 0.46008193
vn 0.85662299 0.23349898 0.46008193
vn 0.85662299 0.23349898 0.46008193
vn 0.00000000 -0.97869486 0.20532058
vn 0.00000000 -0.97869486 0.20532058
vn 0.00000000 -0.97869486 0.20532058
vn 0.00000000 -0.97869486 0.20532058
vn -0.00000000 0.00000000 -1.00000000
vn -0.00000000 0.00000000 -1.00000000
vn -0.00000000 0.00000000 -1.00000000
vn 0.00000000 0.00000000 -1.00000000
vn 0.00000000 0.00000000 -1.00000000
vn 0.00000000 0.00000000 -1.00000000
vn 0.00000000 0.00000000 -1.00000000
vn 0.00000000 0.00000000 -1.00000000
vn 0.00000000 0.00000000 -1.00000000
vn 0.00000000 0.00000000 -1.00000000
vn 0.00000000 0.00000000 -1.00000000
vn 0.00000000 0.00000000 -1.00000000
vn 0.00000000 0.00000000 -1.00000000
vn 0.00000000 0.00000000 -1.00000000
vn 0.00000000 0.00000000 -1.00000000
vn 0.00000000 -0.00000000 -1.00000000
vn 0.00000000 -0.00000000 -1.00000000
vn 0.00000000 -0.00000000 -1.00000000
vn 0.00000000 -0.00000000 1.00000000
vn 0.00000000 -0.00000000 1.00000000
vn 0.00000000 -0.00000000 1.00000000
vn -0.00000000 -0.00000000 1.00000000
vn -0.00000000 -0.00000000 1.00000000
vn -0.00000000 -0.00000000 1.00000000
vn -0.00000000 -0.00000000 1.00000000
vn -0.00000000 -0.00000000 1.00000000
vn -0.00000000 -0.00000000 1.00000000
vn -0.00000000 -0.00000000 1.00000000
vn -0.00000000 -0.00000000 1.00000000
vn -0.00000000 -0.00000000 1.00000000
vn -0.00000000 -0.00000000 1.00000000
vn -0.00000000 -0.00000000 1.00000000
vn -0.00000000 -0.00000000 1.00000000
vn -0.00000000 0.00000000 1.00000000
vn -0.00000000 0.00000000 1.00000000
vn -0.00000000 0.00000000 1.00000000
vn 0.86057389 0.32026431 -0.39603460
vn 0.86057389 0.32026431 -0.39603460
vn 0.86057389 0.32026431 -0.39603460
vn 0.86057389 0.32026431 -0.39603460
vn 0.54847443 0.76176947 -0.34479415
vn 0.54847443 0.76176947 -0.34479415
vn 0.54847443 0.76176947 -0.34479415
vn 0.54847443 0.76176947 -0.34479415
vn 0.18013620 0.93372053 -0.30938160
vn 0.18013620 0.93372053 -0.30938160
vn 0.18013620 0.93372053 -0.30938160
vn 0.18013620 0.93372053 -0.30938160
vn -0.18013647 0.93372053 -0.30938148
vn -0.18013647 0.93372053 -0.30938148
vn -0.18013647 0.93372053 -0.30938148
vn -0.18013647 0.93372053 -0.30938148
vn -0.54847413 0.76176977 -0.34479398
vn -0.54847413 0.76176977 -0.34479398
vn -0.54847413 0.76176977 -0.34479398
vn -0.54847413 0.76176977 -0.34479398
vn -0.86057407 0.32026377 -0.39603454
vn -0.86057407 0.32026377 -0.39603454
vn -0.86057407 0.32026377 -0.39603454
vn -0.86057407 0.32026377 -0.39603454
vn -0.86057359 -0.32026482 -0.39603484
vn -0.86057359 -0.32026482 -0.39603484
vn -0.86057359 -0.32026482 -0.39603484
vn -0.86057359 -0.32026482 -0.39603484
vn -0.54847443 -0.76176947 -0.34479409
vn -0.54847443 -0.76176947 -0.34479409
vn -0.54847443 -0.76176947 -0.34479409
vn -0.54847443 -0.76176947 -0.34479409
vn -0.18013640 -0.93372053 -0.30938148
vn -0.18013640 -0.93372053 -0.30938148
vn -0.18013640 -0.93372053 -0.30938148
vn -0.18013640 -0.93372053 -0.30938148
vn 0.18013667 -0.93372041 -0.30938146
vn 0.18013667 -0.93372041 -0.30938146
vn 0.18013667 -0.93372041 -0.30938146
vn 0.18013667 -0.93372041 -0.30938146
vn 0.54847437 -0.76176965 -0.34479403
vn 0.54847437 -0.76176965 -0.34479403
vn 0.54847437 -0.76176965 -0.34479403
vn 0.54847437 -0.76176965 -0.34479403
vn 0.86057407 -0.32026386 -0.39603454
vn 0.86057407 -0.32026386 -0.39603454
vn 0.86057407 -0.32026386 -0.39603454
vn 0.86057407 -0.32026386 -0.39603454
vn 0.93666071 0.34857979 -0.03404289
vn 0.93666071 0.34857979 -0.03404289
vn 0.93666071 0.34857979 -0.03404289
vn 0.93666071 0.34857979 -0.03404289
vn 0.58405918 0.81119293 -0.02899743
vn 0.58405918 0.81119293 -0.02899743
vn 0.58405918 0.81119293 -0.02899743
vn 0.58405918 0.81119293 -0.02899743
vn 0.18936780 0.98157024 -0.02568608
vn 0.18936780 0.98157024 -0.02568608
vn 0.18936780 0.98157024 -0.02568608
vn 0.18936780 0.98157024 -0.02568608
vn -0.18936795 0.98157012 -0.02568608
vn -0.18936795 0.98157012 -0.02568608
vn -0.18936795 0.98157012 -0.02568608
vn -0.18936795 0.98157012 -0.02568608
vn -0.58405918 0.81119293 -0.02899753
vn -0.58405918 0.81119293 -0.02899753
vn -0.58405918 0.81119293 -0.02899753
vn -0.58405918 0.81119293 -0.02899753
vn -0.93666065 0.34857979 -0.03404286
vn -0.93666065 0.34857979 -0.03404286
vn -0.93666065 0.34857979 -0.03404286
vn -0.93666065 0.34857979 -0.03404286
vn -0.93666065 -0.34857970 -0.03404280
vn -0.93666065 -0.34857970 -0.03404280
vn -0.93666065 -0.34857970 -0.03404280
vn -0.93666065 -0.34857970 -0.03404280
vn -0.58405888 -0.81119311 -0.02899747
vn -0.58405888 -0.81119311 -0.02899747
vn -0.58405888 -0.81119311 -0.02899747
vn -0.58405888 -0.81119311 -0.02899747
vn -0.18936780 -0.98157024 -0.02568608
vn -0.18936780 -0.98157024 -0.02568608
vn -0.18936780 -0.98157024 -0.02568608
vn -0.18936780 -0.98157024 -0.02568608
vn 0.18936796 -0.98157012 -0.02568608
vn 0.18936796 -0.98157012 -0.02568608
vn 0.18936796 -0.98157012 -0.02568608
vn 0.18936796 -0.98157012 -0.02568608
vn 0.58405948 -0.81119275 -0.02899751
vn 0.58405948 -0.81119275 -0.02899751
vn 0.58405948 -0.81119275 -0.02899751
vn 0.58405948 -0.81119275 -0.02899751
vn 0.93666059 -0.34857994 -0.03404286
vn 0.93666059 -0.34857994 -0.03404286
vn 0.93666059 -0.34857994 -0.03404286
vn 0.93666059 -0.34857994 -0.03404286
vn 0.93415201 0.34764603 0.08063543
vn 0.93415201 0.34764603 0.08063543
vn 0.93415201 0.34764603 0.08063543
vn 0.93415201 0.34764603 0.08063543
vn 0.58292288 0.80961502 0.06873496
vn 0.58292288 0.80961502 0.06873496
vn 0.58292288 0.80961502 0.06873496
vn 0.58292288 0.80961502 0.06873496
vn 0.18907855 0.98007101 0.06091131
vn 0.18907855 0.98007101 0.06091131
vn 0.18907855 0.98007101 0.06091131
vn 0.18907855 0.98007101 0.06091131
vn -0.18907870 0.98007101 0.06091133
vn -0.18907870 0.98007101 0.06091133
vn -0.18907870 0.98007101 0.06091133
vn -0.18907870 0.98007101 0.06091133
vn -0.58292270 0.80961514 0.06873512
vn -0.58292270 0.80961514 0.06873512
vn -0.58292270 0.80961514 0.06873512
vn -0.58292270 0.80961514 0.06873512
vn -0.93415219 0.34764564 0.08063526
vn -0.93415219 0.34764564 0.08063526
vn -0.93415219 0.34764564 0.08063526
vn -0.93415219 0.34764564 0.08063526
vn -0.93415201 -0.34764642 0.08063535
vn -0.93415201 -0.34764642 0.08063535
vn -0.93415201 -0.34764642 0.08063535
vn -0.93415201 -0.34764642 0.08063535
vn -0.58292294 -0.80961490 0.06873500
vn -0.58292294 -0.80961490 0.06873500
vn -0.58292294 -0.80961490 0.06873500
vn -0.58292294 -0.80961490 0.06873500
vn -0.18907839 -0.98007107 0.06091126
vn -0.18907839 -0.98007107 0.06091126
vn -0.18907839 -0.98007107 0.06091126
vn -0.18907839 -0.98007107 0.06091126
vn 0.18907872 -0.98007089 0.06091132
vn 0.18907872 -0.98007089 0.06091132
vn 0.18907872 -0.98007089 0.06091132
vn 0.18907872 -0.98007089 0.06091132
vn 0.58292300 -0.80961490 0.06873497
vn 0.58292300 -0.80961490 0.06873497
vn 0.58292300 -0.80961490 0.06873497
vn 0.58292300 -0.80961490 0.06873497
vn 0.93415219 -0.34764582 0.08063526
vn 0.93415219 -0.34764582 0.08063526
vn 0.93415219 -0.34764582 0.08063526
vn 0.93415219 -0.34764582 0.08063526
vn 0.67245287 0.25025493 0.69654840
vn 0.67245287 0.25025493 0.69654840
vn 0.67245287 0.25025493 0.69654840
vn 0.67245287 0.25025493 0.69654840
vn 0.45032451 0.62545019 0.63719696
vn 0.45032451 0.62545019 0.63719696
vn 0.45032451 0.62545019 0.63719696
vn 0.45032451 0.62545019 0.63719696
vn 0.15283309 0.79219609 0.59081930
vn 0.15283309 0.79219609 0.59081930
vn 0.15283309 0.79219609 0.59081930
vn 0.15283309 0.79219609 0.59081930
vn -0.15283325 0.79219609 0.59081930
vn -0.15283325 0.79219609 0.59081930
vn -0.15283325 0.79219609 0.59081930
vn -0.15283325 0.79219609 0.59081930
vn -0.45032462 0.62545025 0.63719684
vn -0.45032462 0.62545025 0.63719684
vn -0.45032462 0.62545025 0.63719684
vn -0.45032462 0.62545025 0.63719684
vn -0.67245269 0.25025490 0.69654852
vn -0.67245269 0.25025490 0.69654852
vn -0.67245269 0.25025490 0.69654852
vn -0.67245269 0.25025490 0.69654852
vn -0.67245287 -0.25025490 0.69654834
vn -0.67245287 -0.25025490 0.69654834
vn -0.67245287 -0.25025490 0.69654834
vn -0.67245287 -0.25025490 0.69654834
vn -0.45032433 -0.62545031 0.63719690
vn -0.45032433 -0.62545031 0.63719690
vn -0.45032433 -0.62545031 0.63719690
vn -0.45032433 -0.62545031 0.63719690
vn -0.15283324 -0.79219604 0.59081942
vn -0.15283324 -0.79219604 0.59081942
vn -0.15283324 -0.79219604 0.59081942
vn -0.15283324 -0.79219604 0.59081942
vn 0.15283343 -0.79219598 0.59081930
vn 0.15283343 -0.79219598 0.59081930
vn 0.15283343 -0.79219598 0.59081930
vn 0.15283343 -0.79219598 0.59081930
vn 0.45032442 -0.62545019 0.63719702
vn 0.45032442 -0.62545019 0.63719702
vn 0.45032442 -0.62545019 0.63719702
vn 0.45032442 -0.62545019 0.63719702
vn 0.67245281 -0.25025433 0.69654858
vn 0.67245281 -0.25025433 0.69654858
vn 0.67245281 -0.25025433 0.69654858
vn 0.67245281 -0.25025433 0.69654858
vn 0.00000220 0.00000082 -1.00000000
vn 0.00000220 0.00000082 -1.00000000
vn 0.00000220 0.00000082 -1.00000000
vn 0.00000161 0.00000223 -1.00000000
vn 0.00000161 0.00000223 -1.00000000
vn 0.00000161 0.00000223 -1.00000000
vn 0.00000059 0.00000305 -1.00000000
vn 0.00000059 0.00000305 -1.00000000
vn 0.00000059 0.00000305 -1.00000000
vn -0.00000059 0.00000305 -1.00000000
vn -0.00000059 0.00000305 -1.00000000
vn -0.00000059 0.00000305 -1.00000000
vn -0.00000161 0.00000223 -1.00000000
vn -0.00000161 0.00000223 -1.00000000
vn -0.00000161 0.00000223 -1.00000000
vn -0.00000220 0.00000082 -1.00000000
vn -0.00000220 0.00000082 -1.00000000
vn -0.00000220 0.00000082 -1.00000000
vn -0.00000220 -0.00000082 -1.00000000
vn -0.00000220 -0.00000082 -1.00000000
vn -0.00000220 -0.00000082 -1.00000000
vn -0.00000161 -0.00000223 -1.00000000
vn -0.00000161 -0.00000223 -1.00000000
vn -0.00000161 -0.00000223 -1.00000000
vn -0.00000059 -0.00000305 -1.00000000
vn -0.00000059 -0.00000305 -1.00000000
vn -0.00000059 -0.00000305 -1.00000000
vn 0.00000059 -0.00000305 -1.00000000
vn 0.00000059 -0.00000305 -1.00000000
vn 0.00000059 -0.00000305 -1.00000000
vn 0.00000161 -0.00000223 -1.00000000
vn 0.00000161 -0.00000223 -1.00000000
vn 0.00000161 -0.00000223 -1.00000000
vn 0.00000220 -0.00000082 -1.00000000
vn 0.00000220 -0.00000082 -1.00000000
vn 0.00000220 -0.00000082 -1.00000000
vn 0.00000065 0.00000024 0.99999994
vn 0.00000065 0.00000024 0.99999994
vn 0.00000065 0.00000024 0.99999994
vn 0.00000048 0.00000067 0.99999994
vn 0.00000048 0.00000067 0.99999994
vn 0.00000048 0.00000067 0.99999994
vn 0.00000018 0.00000091 1.00000000
vn 0.00000018 0.00000091 1.00000000
vn 0.00000018 0.00000091 1.00000000
vn -0.00000018 0.00000091 1.00000000
vn -0.00000018 0.00000091 1.00000000
vn -0.00000018 0.00000091 1.00000000
vn -0.00000048 0.00000067 1.00000000
vn -0.00000048 0.00000067 1.00000000
vn -0.00000048 0.00000067 1.00000000
vn -0.00000065 0.00000024 0.99999994
vn -0.00000065 0.00000024 0.99999994
vn -0.00000065 0.00000024 0.99999994
vn -0.00000065 -0.00000024 1.00000000
vn -0.00000065 -0.00000024 1.00000000
vn -0.00000065 -0.00000024 1.00000000
vn -0.00000048 -0.00000067 1.00000000
vn -0.00000048 -0.00000067 1.00000000
vn -0.00000048 -0.00000067 1.00000000
vn -0.00000018 -0.00000091 1.00000000
vn -0.00000018 -0.00000091 1.00000000
vn -0.00000018 -0.00000091 1.00000000
vn 0.00000018 -0.00000091 1.00000000
vn 0.00000018 -0.00000091 1.00000000
vn 0.00000018 -0.00000091 1.00000000
vn 0.00000048 -0.00000067 0.99999994
vn 0.00000048 -0.00000067 0.99999994
vn 0.00000048 -0.00000067 0.99999994
vn 0.00000065 -0.00000024 1.00000000
vn 0.00000065 -0.00000024 1.00000000
vn 0.00000065 -0.00000024 1.00000000
vn 0.96592581 0.25881907 -0.00000000
vn 0.96592581 0.25881907 -0.00000000
vn 0.96592581 0.25881907 -0.00000000
vn 0.96592581 0.25881907 -0.00000000
vn 0.00000000 0.00000000 1.00000000
vn 0.00000000 0.00000000 1.00000000
vn 0.00000000 0.00000000 1.00000000
vn 0.00000000 0.00000000 -1.00000000
vn 0.00000000 0.00000000 -1.00000000
vn 0.00000000 0.00000000 -1.00000000
vn 0.70710635 0.70710719 -0.00000000
vn 0.70710635 0.70710719 -0.00000000
vn 0.70710635 0.70710719 -0.00000000
vn 0.70710635 0.70710719 -0.00000000
vn 0.00000000 0.00000000 0.99999994
vn 0.00000000 0.00000000 0.99999994
vn 0.00000000 0.00000000 0.99999994
vn 0.00000000 0.00000000 -0.99999994
vn 0.00000000 0.00000000 -0.99999994
vn 0.00000000 0.00000000 -0.99999994
vn 0.25881934 0.96592581 -0.00000000
vn 0.25881934 0.96592581 -0.00000000
vn 0.25881934 0.96592581 -0.00000000
vn 0.25881934 0.96592581 -0.00000000
vn 0.00000000 0.00000000 1.00000000
vn 0.00000000 0.00000000 1.00000000
vn 0.00000000 0.00000000 1.00000000
vn 0.00000000 0.00000000 -1.00000000
vn 0.00000000 0.00000000 -1.00000000
vn 0.00000000 0.00000000 -1.00000000
vn -0.25881892 0.96592581 -0.00000000
vn -0.25881892 0.96592581 -0.00000000
vn -0.25881892 0.96592581 -0.00000000
vn -0.25881892 0.96592581 -0.00000000
vn 0.00000000 -0.00000000 0.99999994
vn 0.00000000 -0.00000000 0.99999994
vn 0.00000000 -0.00000000 0.99999994
vn 0.00000000 0.00000000 -0.99999994
vn 0.00000000 0.00000000 -0.99999994
vn 0.00000000 0.00000000 -0.99999994
vn -0.70710742 0.70710611 -0.00000000
vn -0.70710742 0.70710611 -0.00000000
vn -0.70710742 0.70710611 -0.00000000
vn -0.70710742 0.70710611 -0.00000000
vn 0.00000000 0.00000000 1.00000000
vn 0.00000000 0.00000000 1.00000000
vn 0.00000000 0.00000000 1.00000000
vn 0.00000000 0.00000000 -1.00000000
vn 0.00000000 0.00000000 -1.00000000
vn 0.00000000 0.00000000 -1.00000000
vn -0.96592575 0.25881910 -0.00000000
vn -0.96592575 0.25881910 -0.00000000
vn -0.96592575 0.25881910 -0.00000000
vn -0.96592575 0.25881910 -0.00000000
vn 0.00000000 0.00000000 1.00000000
vn 0.00000000 0.00000000 1.00000000
vn 0.00000000 0.00000000 1.00000000
vn -0.00000000 0.00000000 -1.00000000
vn -0.00000000 0.00000000 -1.00000000
vn -0.00000000 0.00000000 -1.00000000
vn -0.96592593 -0.25881904 0.00000000
vn -0.96592593 -0.25881904 0.00000000
vn -0.96592593 -0.25881904 0.00000000
vn -0.96592593 -0.25881904 0.00000000
vn 0.00000000 0.00000000 1.00000000
vn 0.00000000 0.00000000 1.00000000
vn 0.00000000 0.00000000 1.00000000
vn 0.00000000 0.00000000 -1.00000000
vn 0.00000000 0.00000000 -1.00000000
vn 0.00000000 0.00000000 -1.00000000
vn -0.70710611 -0.70710737 0.00000000
vn -0.70710611 -0.70710737 0.00000000
vn -0.70710611 -0.70710737 0.00000000
vn -0.70710611 -0.70710737 0.00000000
vn 0.00000000 0.00000000 1.00000000
vn 0.00000000 0.00000000 1.00000000
vn 0.00000000 0.00000000 1.00000000
vn 0.00000000 0.00000000 -1.00000000
vn 0.00000000 0.00000000 -1.00000000
vn 0.00000000 0.00000000 -1.00000000
vn -0.25881922 -0.96592581 0.00000000
vn -0.25881922 -0.96592581 0.00000000
vn -0.25881922 -0.96592581 0.00000000
vn -0.25881922 -0.96592581 0.00000000
vn 0.00000000 0.00000000 0.99999994
vn 0.00000000 0.00000000 0.99999994
vn 0.00000000 0.00000000 0.99999994
vn 0.00000000 -0.00000000 -0.99999994
vn 0.00000000 -0.00000000 -0.99999994
vn 0.00000000 -0.00000000 -0.99999994
vn 0.25881916 -0.96592581 -0.00000000
vn 0.25881916 -0.96592581 -0.00000000
vn 0.25881916 -0.96592581 -0.00000000
vn 0.25881916 -0.96592581 -0.00000000
vn 0.00000000 0.00000000 1.00000000
vn 0.00000000 0.00000000 1.00000000
vn 0.00000000 0.00000000 1.00000000
vn 0.00000000 0.00000000 -1.00000000
vn 0.00000000 0.00000000 -1.00000000
vn 0.00000000 0.00000000 -1.00000000
vn 0.70710737 -0.70710629 -0.00000000
vn 0.70710737 -0.70710629 -0.00000000
vn 0.70710737 -0.70710629 -0.00000000
vn 0.70710737 -0.70710629 -0.00000000
vn 0.00000000 0.00000000 1.00000000
vn 0.00000000 0.00000000 1.00000000
vn 0.00000000 0.00000000 1.00000000
vn 0.00000000 0.00000000 -1.00000000
vn 0.00000000 0.00000000 -1.00000000
vn 0.00000000 0.00000000 -1.00000000
vn 0.96592575 -0.25881910 -0.00000000
vn 0.96592575 -0.25881910 -0.00000000
vn 0.96592575 -0.25881910 -0.00000000
vn 0.96592575 -0.25881910 -0.00000000
vn -0.00000000 0.00000000 1.00000000
vn -0.00000000 0.00000000 1.00000000
vn -0.00000000 0.00000000 1.00000000
vn 0.00000000 0.00000000 -1.00000000
vn 0.00000000 0.00000000 -1.00000000
vn 0.00000000 0.00000000 -1.00000000
vn 0.96592581 0.25881907 -0.00000000
vn 0.96592581 0.25881907 -0.00000000
vn 0.96592581 0.25881907 -0.00000000
vn 0.96592581 0.25881907 -0.00000000
vn 0.00000000 0.00000000 1.00000000
vn 0.00000000 0.00000000 1.00000000
vn 0.00000000 0.00000000 1.00000000
vn 0.00000000 0.00000000 -1.00000000
vn 0.00000000 0.00000000 -1.00000000
vn 0.00000000 0.00000000 -1.00000000
vn 0.70710683 0.70710665 -0.00000000
vn 0.70710683 0.70710665 -0.00000000
vn 0.70710683 0.70710665 -0.00000000
vn 0.70710683 0.70710665 -0.00000000
vn 0.00000000 0.00000000 1.00000000
vn 0.00000000 0.00000000 1.00000000
vn 0.00000000 0.00000000 1.00000000
vn 0.00000000 0.00000000 -1.00000000
vn 0.00000000 0.00000000 -1.00000000
vn 0.00000000 0.00000000 -1.00000000
vn 0.25881907 0.96592581 -0.00000000
vn 0.25881907 0.96592581 -0.00000000
vn 0.25881907 0.96592581 -0.00000000
vn 0.25881907 0.96592581 -0.00000000
vn 0.00000000 0.00000000 1.00000000
vn 0.00000000 0.00000000 1.00000000
vn 0.00000000 0.00000000 1.00000000
vn 0.00000000 0.00000000 -1.00000000
vn 0.00000000 0.00000000 -1.00000000
vn 0.00000000 0.00000000 -1.00000000
vn -0.25881919 0.96592581 -0.00000000
vn -0.25881919 0.96592581 -0.00000000
vn -0.25881919 0.96592581 -0.00000000
vn -0.25881919 0.96592581 -0.00000000
vn 0.00000000 -0.00000000 1.00000000
vn 0.00000000 -0.00000000 1.00000000
vn 0.00000000 -0.00000000 1.00000000
vn 0.00000000 0.00000000 -1.00000000
vn 0.00000000 0.00000000 -1.00000000
vn 0.00000000 0.00000000 -1.00000000
vn -0.70710701 0.70710665 -0.00000000
vn -0.70710701 0.70710665 -0.00000000
vn -0.70710701 0.70710665 -0.00000000
vn -0.70710701 0.70710665 -0.00000000
vn 0.00000000 0.00000000 1.00000000
vn 0.00000000 0.00000000 1.00000000
vn 0.00000000 0.00000000 1.00000000
vn 0.00000000 0.00000000 -1.00000000
vn 0.00000000 0.00000000 -1.00000000
vn 0.00000000 0.00000000 -1.00000000
vn -0.96592575 0.25881910 -0.00000000
vn -0.96592575 0.25881910 -0.00000000
vn -0.96592575 0.25881910 -0.00000000
vn -0.96592575 0.25881910 -0.00000000
vn 0.00000000 0.00000000 1.00000000
vn 0.00000000 0.00000000 1.00000000
vn 0.00000000 0.00000000 1.00000000
vn -0.00000000 0.00000000 -1.00000000
vn -0.00000000 0.00000000 -1.00000000
vn -0.00000000 0.00000000 -1.00000000
vn -0.96592593 -0.25881904 0.00000000
vn -0.96592593 -0.25881904 0.00000000
vn -0.96592593 -0.25881904 0.00000000
vn -0.96592593 -0.25881904 0.00000000
vn 0.00000000 0.00000000 1.00000000
vn 0.00000000 0.00000000 1.00000000
vn 0.00000000 0.00000000 1.00000000
vn 0.00000000 0.00000000 -1.00000000
vn 0.00000000 0.00000000 -1.00000000
vn 0.00000000 0.00000000 -1.00000000
vn -0.70710671 -0.70710695 0.00000000
vn -0.70710671 -0.70710695 0.00000000
vn -0.70710671 -0.70710695 0.00000000
vn -0.70710671 -0.70710695 0.00000000
vn 0.00000000 0.00000000 1.00000000
vn 0.00000000 0.00000000 1.00000000
vn 0.00000000 0.00000000 1.00000000
vn 0.00000000 0.00000000 -1.00000000
vn 0.00000000 0.00000000 -1.00000000
vn 0.00000000 0.00000000 -1.00000000
vn -0.25881898 -0.96592587 0.00000000
vn -0.25881898 -0.96592587 0.00000000
vn -0.25881898 -0.96592587 0.00000000
vn -0.25881898 -0.96592587 0.00000000
vn 0.00000000 0.00000000 1.00000000
vn 0.00000000 0.00000000 1.00000000
vn 0.00000000 0.00000000 1.00000000
vn 0.00000000 -0.00000000 -1.00000000
vn 0.00000000 -0.00000000 -1.00000000
vn 0.00000000 -0.00000000 -1.00000000
vn 0.25881916 -0.96592581 -0.00000000
vn 0.25881916 -0.96592581 -0.00000000
vn 0.25881916 -0.96592581 -0.00000000
vn 0.25881916 -0.96592581 -0.00000000
vn 0.00000000 0.00000000 1.00000000
vn 0.00000000 0.00000000 1.00000000
vn 0.00000000 0.00000000 1.00000000
vn 0.00000000 0.00000000 -1.00000000
vn 0.00000000 0.00000000 -1.00000000
vn 0.00000000 0.00000000 -1.00000000
vn 0.70710737 -0.70710629 -0.00000000
vn 0.70710737 -0.70710629 -0.00000000
vn 0.70710737 -0.70710629 -0.00000000
vn 0.70710737 -0.70710629 -0.00000000
vn 0.00000000 0.00000000 1.00000000
vn 0.00000000 0.00000000 1.00000000
vn 0.00000000 0.00000000 1.00000000
vn 0.00000000 0.00000000 -1.00000000
vn 0.00000000 0.00000000 -1.00000000
vn 0.00000000 0.00000000 -1.00000000
vn 0.96592575 -0.25881910 -0.00000000
vn 0.96592575 -0.25881910 -0.00000000
vn 0.96592575 -0.25881910 -0.00000000
vn 0.96592575 -0.25881910 -0.00000000
vn -0.00000000 0.00000000 1.00000000
vn -0.00000000 0.00000000 1.00000000
vn -0.00000000 0.00000000 1.00000000
vn 0.00000000 0.00000000 -1.00000000
vn 0.00000000 0.00000000 -1.00000000
vn 0.00000000 0.00000000 -1.00000000
vn 0.95105648 0.30901715 -0.00000000
vn 0.95105648 0.30901715 -0.00000000
vn 0.95105648 0.30901715 -0.00000000
vn 0.95105648 0.30901715 -0.00000000
vn -0.95105654 -0.30901685 0.00000000
vn -0.95105654 -0.30901685 0.00000000
vn -0.95105654 -0.30901685 0.00000000
vn -0.95105654 -0.30901685 0.00000000
vn 0.00000000 -0.00000000 -1.00000000
vn 0.00000000 -0.00000000 -1.00000000
vn 0.00000000 -0.00000000 -1.00000000
vn 0.00000000 -0.00000000 -1.00000000
vn 0.00000000 0.00000000 1.00000000
vn 0.00000000 0.00000000 1.00000000
vn 0.00000000 0.00000000 1.00000000
vn 0.00000000 0.00000000 1.00000000
vn 0.58778542 0.80901688 -0.00000000
vn 0.58778542 0.80901688 -0.00000000
vn 0.58778542 0.80901688 -0.00000000
vn 0.58778542 0.80901688 -0.00000000
vn -0.58778512 -0.80901712 0.00000000
vn -0.58778512 -0.80901712 0.00000000
vn -0.58778512 -0.80901712 0.00000000
vn -0.58778512 -0.80901712 0.00000000
vn 0.00000000 0.00000000 -0.99999994
vn 0.00000000 0.00000000 -0.99999994
vn 0.00000000 0.00000000 -0.99999994
vn 0.00000000 0.00000000 -0.99999994
vn 0.00000000 0.00000000 1.00000000
vn 0.00000000 0.00000000 1.00000000
vn 0.00000000 0.00000000 1.00000000
vn 0.00000000 0.00000000 1.00000000
vn -0.00000012 1.00000000 -0.00000000
vn -0.00000012 1.00000000 -0.00000000
vn -0.00000012 1.00000000 -0.00000000
vn -0.00000012 1.00000000 -0.00000000
vn -0.00000000 -1.00000000 -0.00000000
vn -0.00000000 -1.00000000 -0.00000000
vn -0.00000000 -1.00000000 -0.00000000
vn -0.00000000 -1.00000000 -0.00000000
vn 0.00000000 0.00000000 -0.99999994
vn 0.00000000 0.00000000 -0.99999994
vn 0.00000000 0.00000000 -0.99999994
vn 0.00000000 0.00000000 -0.99999994
vn 0.00000000 0.00000000 1.00000000
vn 0.00000000 0.00000000 1.00000000
vn 0.00000000 0.00000000 1.00000000
vn 0.00000000 0.00000000 1.00000000
vn -0.58778542 0.80901688 -0.00000000
vn -0.58778542 0.80901688 -0.00000000
vn -0.58778542 0.80901688 -0.00000000
vn -0.58778542 0.80901688 -0.00000000
vn 0.58778542 -0.80901688 -0.00000000
vn 0.58778542 -0.80901688 -0.00000000
vn 0.58778542 -0.80901688 -0.00000000
vn 0.58778542 -0.80901688 -0.00000000
vn 0.00000000 0.00000000 -0.99999994
vn 0.00000000 0.00000000 -0.99999994
vn 0.00000000 0.00000000 -0.99999994
vn 0.00000000 0.00000000 -0.99999994
vn 0.00000000 0.00000000 0.99999994
vn 0.00000000 0.00000000 0.99999994
vn 0.00000000 0.00000000 0.99999994
vn 0.00000000 0.00000000 0.99999994
vn -0.95105648 0.30901715 -0.00000000
vn -0.95105648 0.30901715 -0.00000000
vn -0.95105648 0.30901715 -0.00000000
vn -0.95105648 0.30901715 -0.00000000
vn 0.95105642 -0.30901712 -0.00000000
vn 0.95105642 -0.30901712 -0.00000000
vn 0.95105642 -0.30901712 -0.00000000
vn 0.95105642 -0.30901712 -0.00000000
vn 0.00000000 0.00000000 -1.00000000
vn 0.00000000 0.00000000 -1.00000000
vn 0.00000000 0.00000000 -1.00000000
vn 0.00000000 0.00000000 -1.00000000
vn 0.00000000 0.00000000 0.99999994
vn 0.00000000 0.00000000 0.99999994
vn 0.00000000 0.00000000 0.99999994
vn 0.00000000 0.00000000 0.99999994
vn -0.95105648 -0.30901715 0.00000000
vn -0.95105648 -0.30901715 0.00000000
vn -0.95105648 -0.30901715 0.00000000
vn -0.95105648 -0.30901715 0.00000000
vn 0.95105642 0.30901712 -0.00000000
vn 0.95105642 0.30901712 -0.00000000
vn 0.95105642 0.30901712 -0.00000000
vn 0.95105642 0.30901712 -0.00000000
vn 0.00000000 0.00000000 -1.00000000
vn 0.00000000 0.00000000 -1.00000000
vn 0.00000000 0.00000000 -1.00000000
vn 0.00000000 0.00000000 -1.00000000
vn 0.00000000 0.00000000 1.00000000
vn 0.00000000 0.00000000 1.00000000
vn 0.00000000 0.00000000 1.00000000
vn 0.00000000 0.00000000 1.00000000
vn -0.58778507 -0.80901706 0.00000000
vn -0.58778507 -0.80901706 0.00000000
vn -0.58778507 -0.80901706 0.00000000
vn -0.58778507 -0.80901706 0.00000000
vn 0.58778501 0.80901724 -0.00000000
vn 0.58778501 0.80901724 -0.00000000
vn 0.58778501 0.80901724 -0.00000000
vn 0.58778501 0.80901724 -0.00000000
vn 0.00000000 0.00000000 -0.99999994
vn 0.00000000 0.00000000 -0.99999994
vn 0.00000000 0.00000000 -0.99999994
vn 0.00000000 0.00000000 -0.99999994
vn 0.00000000 0.00000000 1.00000000
vn 0.00000000 0.00000000 1.00000000
vn 0.00000000 0.00000000 1.00000000
vn 0.00000000 0.00000000 1.00000000
vn 0.00000023 -0.99999994 -0.00000000
vn 0.00000023 -0.99999994 -0.00000000
vn 0.00000023 -0.99999994 -0.00000000
vn 0.00000023 -0.99999994 -0.00000000
vn -0.00000015 1.00000000 -0.00000000
vn -0.00000015 1.00000000 -0.00000000
vn -0.00000015 1.00000000 -0.00000000
vn -0.00000015 1.00000000 -0.00000000
vn -0.00000000 0.00000000 -1.00000000
vn -0.00000000 0.00000000 -1.00000000
vn -0.00000000 0.00000000 -1.00000000
vn -0.00000000 0.00000000 -1.00000000
vn 0.00000000 0.00000000 1.00000000
vn 0.00000000 0.00000000 1.00000000
vn 0.00000000 0.00000000 1.00000000
vn 0.00000000 0.00000000 1.00000000
vn 0.58778524 -0.80901694 -0.00000000
vn 0.58778524 -0.80901694 -0.00000000
vn 0.58778524 -0.80901694 -0.00000000
vn 0.58778524 -0.80901694 -0.00000000
vn -0.58778524 0.80901706 -0.00000000
vn -0.58778524 0.80901706 -0.00000000
vn -0.58778524 0.80901706 -0.00000000
vn -0.58778524 0.80901706 -0.00000000
vn 0.00000000 0.00000000 -1.00000000
vn 0.00000000 0.00000000 -1.00000000
vn 0.00000000 0.00000000 -1.00000000
vn 0.00000000 0.00000000 -1.00000000
vn 0.00000000 0.00000000 1.00000000
vn 0.00000000 0.00000000 1.00000000
vn 0.00000000 0.00000000 1.00000000
vn 0.00000000 0.00000000 1.00000000
vn 0.95105648 -0.30901703 -0.00000000
vn 0.95105648 -0.30901703 -0.00000000
vn 0.95105648 -0.30901703 -0.00000000
vn 0.95105648 -0.30901703 -0.00000000
vn -0.95105660 0.30901673 -0.00000000
vn -0.95105660 0.30901673 -0.00000000
vn -0.95105660 0.30901673 -0.00000000
vn -0.95105660 0.30901673 -0.00000000
vn 0.00000000 0.00000000 -1.00000000
vn 0.00000000 0.00000000 -1.00000000
vn 0.00000000 0.00000000 -1.00000000
vn 0.00000000 0.00000000 -1.00000000
vn 0.00000000 -0.00000000 1.00000000
vn 0.00000000 -0.00000000 1.00000000
vn 0.00000000 -0.00000000 1.00000000
vn 0.00000000 -0.00000000 1.00000000
vn 0.95105660 0.30901697 -0.00000000
vn 0.95105660 0.30901697 -0.00000000
vn 0.95105660 0.30901697 -0.00000000
vn 0.95105660 0.30901697 -0.00000000
vn -0.95105654 -0.30901712 0.00000000
vn -0.95105654 -0.30901712 0.00000000
vn -0.95105654 -0.30901712 0.00000000
vn -0.95105654 -0.30901712 0.00000000
vn 0.00000000 -0.00000000 -1.00000000
vn 0.00000000 -0.00000000 -1.00000000
vn 0.00000000 -0.00000000 -1.00000000
vn 0.00000000 -0.00000000 -1.00000000
vn 0.00000000 0.00000000 1.00000000
vn 0.00000000 0.00000000 1.00000000
vn 0.00000000 0.00000000 1.00000000
vn 0.00000000 0.00000000 1.00000000
vn 0.58778512 0.80901712 -0.00000000
vn 0.58778512 0.80901712 -0.00000000
vn 0.58778512 0.80901712 -0.00000000
vn 0.58778512 0.80901712 -0.00000000
vn -0.58778524 -0.80901694 0.00000000
vn -0.58778524 -0.80901694 0.00000000
vn -0.58778524 -0.80901694 0.00000000
vn -0.58778524 -0.80901694 0.00000000
vn 0.00000000 0.00000000 -1.00000000
vn 0.00000000 0.00000000 -1.00000000
vn 0.00000000 0.00000000 -1.00000000
vn 0.00000000 0.00000000 -1.00000000
vn 0.00000000 0.00000000 1.00000000
vn 0.00000000 0.00000000 1.00000000
vn 0.00000000 0.00000000 1.00000000
vn 0.00000000 0.00000000 1.00000000
vn -0.00000000 1.00000000 -0.00000000
vn -0.00000000 1.00000000 -0.00000000
vn -0.00000000 1.00000000 -0.00000000
vn -0.00000000 1.00000000 -0.00000000
vn -0.00000000 -1.00000000 -0.00000000
vn -0.00000000 -1.00000000 -0.00000000
vn -0.00000000 -1.00000000 -0.00000000
vn -0.00000000 -1.00000000 -0.00000000
vn 0.00000000 0.00000000 -1.00000000
vn 0.00000000 0.00000000 -1.00000000
vn 0.00000000 0.00000000 -1.00000000
vn 0.00000000 0.00000000 -1.00000000
vn 0.00000000 0.00000000 1.00000000
vn 0.00000000 0.00000000 1.00000000
vn 0.00000000 0.00000000 1.00000000
vn 0.00000000 0.00000000 1.00000000
vn -0.58778518 0.80901694 -0.00000000
vn -0.58778518 0.80901694 -0.00000000
vn -0.58778518 0.80901694 -0.00000000
vn -0.58778518 0.80901694 -0.00000000
vn 0.58778524 -0.80901694 -0.00000000
vn 0.58778524 -0.80901694 -0.00000000
vn 0.58778524 -0.80901694 -0.00000000
vn 0.58778524 -0.80901694 -0.00000000
vn 0.00000000 0.00000000 -1.00000000
vn 0.00000000 0.00000000 -1.00000000
vn 0.00000000 0.00000000 -1.00000000
vn 0.00000000 0.00000000 -1.00000000
vn 0.00000000 0.00000000 1.00000000
vn 0.00000000 0.00000000 1.00000000
vn 0.00000000 0.00000000 1.00000000
vn 0.00000000 0.00000000 1.00000000
vn -0.95105672 0.30901623 -0.00000000
vn -0.95105672 0.30901623 -0.00000000
vn -0.95105672 0.30901623 -0.00000000
vn -0.95105672 0.30901623 -0.00000000
vn 0.95105648 -0.30901706 -0.00000000
vn 0.95105648 -0.30901706 -0.00000000
vn 0.95105648 -0.30901706 -0.00000000
vn 0.95105648 -0.30901706 -0.00000000
vn 0.00000000 0.00000000 -1.00000000
vn 0.00000000 0.00000000 -1.00000000
vn 0.00000000 0.00000000 -1.00000000
vn 0.00000000 0.00000000 -1.00000000
vn 0.00000000 0.00000000 1.00000000
vn 0.00000000 0.00000000 1.00000000
vn 0.00000000 0.00000000 1.00000000
vn 0.00000000 0.00000000 1.00000000
vn -0.95105660 -0.30901697 0.00000000
vn -0.95105660 -0.30901697 0.00000000
vn -0.95105660 -0.30901697 0.00000000
vn -0.95105660 -0.30901697 0.00000000
vn 0.95105648 0.30901706 -0.00000000
vn 0.95105648 0.30901706 -0.00000000
vn 0.95105648 0.30901706 -0.00000000
vn 0.95105648 0.30901706 -0.00000000
vn 0.00000000 0.00000000 -1.00000000
vn 0.00000000 0.00000000 -1.00000000
vn 0.00000000 0.00000000 -1.00000000
vn 0.00000000 0.00000000 -1.00000000
vn 0.00000000 0.00000000 1.00000000
vn 0.00000000 0.00000000 1.00000000
vn 0.00000000 0.00000000 1.00000000
vn 0.00000000 0.00000000 1.00000000
vn -0.58778512 -0.80901712 0.00000000
vn -0.58778512 -0.80901712 0.00000000
vn -0.58778512 -0.80901712 0.00000000
vn -0.58778512 -0.80901712 0.00000000
vn 0.58778471 0.80901742 -0.00000000
vn 0.58778471 0.80901742 -0.00000000
vn 0.58778471 0.80901742 -0.00000000
vn 0.58778471 0.80901742 -0.00000000
vn 0.00000000 0.00000000 -1.00000000
vn 0.00000000 0.00000000 -1.00000000
vn 0.00000000 0.00000000 -1.00000000
vn 0.00000000 0.00000000 -1.00000000
vn 0.00000000 0.00000000 1.00000000
vn 0.00000000 0.00000000 1.00000000
vn 0.00000000 0.00000000 1.00000000
vn 0.00000000 0.00000000 1.00000000
vn 0.00000019 -0.99999994 -0.00000000
vn 0.00000019 -0.99999994 -0.00000000
vn 0.00000019 -0.99999994 -0.00000000
vn 0.00000019 -0.99999994 -0.00000000
vn -0.00000025 1.00000000 -0.00000000
vn -0.00000025 1.00000000 -0.00000000
vn -0.00000025 1.00000000 -0.00000000
vn -0.00000025 1.00000000 -0.00000000
vn -0.00000000 0.00000000 -1.00000000
vn -0.00000000 0.00000000 -1.00000000
vn -0.00000000 0.00000000 -1.00000000
vn -0.00000000 0.00000000 -1.00000000
vn 0.00000000 0.00000000 1.00000000
vn 0.00000000 0.00000000 1.00000000
vn 0.00000000 0.00000000 1.00000000
vn 0.00000000 0.00000000 1.00000000
vn 0.58778512 -0.80901700 -0.00000000
vn 0.58778512 -0.80901700 -0.00000000
vn 0.58778512 -0.80901700 -0.00000000
vn 0.58778512 -0.80901700 -0.00000000
vn -0.58778512 0.80901712 -0.00000000
vn -0.58778512 0.80901712 -0.00000000
vn -0.58778512 0.80901712 -0.00000000
vn -0.58778512 0.80901712 -0.00000000
vn 0.00000000 0.00000000 -1.00000000
vn 0.00000000 0.00000000 -1.00000000
vn 0.00000000 0.00000000 -1.00000000
vn 0.00000000 0.00000000 -1.00000000
vn 0.00000000 0.00000000 1.00000000
vn 0.00000000 0.00000000 1.00000000
vn 0.00000000 0.00000000 1.00000000
vn 0.00000000 0.00000000 1.00000000
vn 0.95105660 -0.30901685 -0.00000000
vn 0.95105660 -0.30901685 -0.00000000
vn 0.95105660 -0.30901685 -0.00000000
vn 0.95105660 -0.30901685 -0.00000000
vn -0.95105642 0.30901694 -0.00000000
vn -0.95105642 0.30901694 -0.00000000
vn -0.95105642 0.30901694 -0.00000000
vn -0.95105642 0.30901694 -0.00000000
vn 0.00000000 0.00000000 -1.00000000
vn 0.00000000 0.00000000 -1.00000000
vn 0.00000000 0.00000000 -1.00000000
vn 0.00000000 0.00000000 -1.00000000
vn 0.00000000 -0.00000000 1.00000000
vn 0.00000000 -0.00000000 1.00000000
vn 0.00000000 -0.00000000 1.00000000
vn 0.00000000 -0.00000000 1.00000000
vn 1.00000000 -0.00000000 -0.00000000
vn 1.00000000 -0.00000000 -0.00000000
vn 1.00000000 -0.00000000 -0.00000000
vn 1.00000000 -0.00000000 -0.00000000
vn -1.00000000 -0.00000000 -0.00000000
vn -1.00000000 -0.00000000 -0.00000000
vn -1.00000000 -0.00000000 -0.00000000
vn -1.00000000 -0.00000000 -0.00000000
vn -0.00000000 1.00000000 -0.00000000
vn -0.00000000 1.00000000 -0.00000000
vn -0.00000000 1.00000000 -0.00000000
vn -0.00000000 1.00000000 -0.00000000
vn -0.00000000 -1.00000000 -0.00000000
vn -0.00000000 -1.00000000 -0.00000000
vn -0.00000000 -1.00000000 -0.00000000
vn -0.00000000 -1.00000000 -0.00000000
vn -0.00000000 -0.00000000 1.00000000
vn -0.00000000 -0.00000000 1.00000000
vn -0.00000000 -0.00000000 1.00000000
vn -0.00000000 -0.00000000 1.00000000
vn -0.00000000 -0.00000000 -1.00000000
vn -0.00000000 -0.00000000 -1.00000000
vn -0.00000000 -0.00000000 -1.00000000
vn -0.00000000 -0.00000000 -1.00000000
vn 1.00000000 -0.00000000 -0.00000000
vn 1.00000000 -0.00000000 -0.00000000
vn 1.00000000 -0.00000000 -0.00000000
vn 1.00000000 -0.00000000 -0.00000000
vn -1.00000000 -0.00000000 -0.00000000
vn -1.00000000 -0.00000000 -0.00000000
vn -1.00000000 -0.00000000 -0.00000000
vn -1.00000000 -0.00000000 -0.00000000
vn -0.00000000 1.00000000 -0.00000000
vn -0.00000000 1.00000000 -0.00000000
vn -0.00000000 1.00000000 -0.00000000
vn -0.00000000 1.00000000 -0.00000000
vn -0.00000000 -1.00000000 -0.00000000
vn -0.00000000 -1.00000000 -0.00000000
vn -0.00000000 -1.00000000 -0.00000000
vn -0.00000000 -1.00000000 -0.00000000
vn -0.00000000 -0.00000000 1.00000000
vn -0.00000000 -0.00000000 1.00000000
vn -0.00000000 -0.00000000 1.00000000
vn -0.00000000 -0.00000000 1.00000000
vn -0.00000000 -0.00000000 -1.00000000
vn -0.00000000 -0.00000000 -1.00000000
vn -0.00000000 -0.00000000 -1.00000000
vn -0.00000000 -0.00000000 -1.00000000
vn 0.95105654 0.30901682 -0.00000000
vn 0.95105654 0.30901682 -0.00000000
vn 0.95105654 0.30901682 -0.00000000
vn 0.95105654 0.30901682 -0.00000000
vn -0.95105660 -0.30901691 0.00000000
vn -0.95105660 -0.30901691 0.00000000
vn -0.95105660 -0.30901691 0.00000000
vn -0.95105660 -0.30901691 0.00000000
vn 0.00000000 -0.00000000 -1.00000000
vn 0.00000000 -0.00000000 -1.00000000
vn 0.00000000 -0.00000000 -1.00000000
vn 0.00000000 -0.00000000 -1.00000000
vn 0.00000000 0.00000000 1.00000000
vn 0.00000000 0.00000000 1.00000000
vn 0.00000000 0.00000000 1.00000000
vn 0.00000000 0.00000000 1.00000000
vn 0.58778512 0.80901706 -0.00000000
vn 0.58778512 0.80901706 -0.00000000
vn 0.58778512 0.80901706 -0.00000000
vn 0.58778512 0.80901706 -0.00000000
vn -0.58778512 -0.80901712 0.00000000
vn -0.58778512 -0.80901712 0.00000000
vn -0.58778512 -0.80901712 0.00000000
vn -0.58778512 -0.80901712 0.00000000
vn 0.00000000 0.00000000 -1.00000000
vn 0.00000000 0.00000000 -1.00000000
vn 0.00000000 0.00000000 -1.00000000
vn 0.00000000 0.00000000 -1.00000000
vn 0.00000000 0.00000000 1.00000000
vn 0.00000000 0.00000000 1.00000000
vn 0.00000000 0.00000000 1.00000000
vn 0.00000000 0.00000000 1.00000000
vn -0.00000000 1.00000000 -0.00000000
vn -0.00000000 1.00000000 -0.00000000
vn -0.00000000 1.00000000 -0.00000000
vn -0.00000000 1.00000000 -0.00000000
vn 0.00000020 -1.00000000 -0.00000000
vn 0.00000020 -1.00000000 -0.00000000
vn 0.00000020 -1.00000000 -0.00000000
vn 0.00000020 -1.00000000 -0.00000000
vn 0.00000000 0.00000000 -1.00000000
vn 0.00000000 0.00000000 -1.00000000
vn 0.00000000 0.00000000 -1.00000000
vn 0.00000000 0.00000000 -1.00000000
vn 0.00000000 0.00000000 0.99999994
vn 0.00000000 0.00000000 0.99999994
vn 0.00000000 0.00000000 0.99999994
vn 0.00000000 0.00000000 0.99999994
vn -0.58778524 0.80901700 -0.00000000
vn -0.58778524 0.80901700 -0.00000000
vn -0.58778524 0.80901700 -0.00000000
vn -0.58778524 0.80901700 -0.00000000
vn 0.58778512 -0.80901712 -0.00000000
vn 0.58778512 -0.80901712 -0.00000000
vn 0.58778512 -0.80901712 -0.00000000
vn 0.58778512 -0.80901712 -0.00000000
vn 0.00000000 0.00000000 -1.00000000
vn 0.00000000 0.00000000 -1.00000000
vn 0.00000000 0.00000000 -1.00000000
vn 0.00000000 0.00000000 -1.00000000
vn 0.00000000 0.00000000 1.00000000
vn 0.00000000 0.00000000 1.00000000
vn 0.00000000 0.00000000 1.00000000
vn 0.00000000 0.00000000 1.00000000
vn -0.95105654 0.30901682 -0.00000000
vn -0.95105654 0.30901682 -0.00000000
vn -0.95105654 0.30901682 -0.00000000
vn -0.95105654 0.30901682 -0.00000000
vn 0.95105672 -0.30901656 -0.00000000
vn 0.95105672 -0.30901656 -0.00000000
vn 0.95105672 -0.30901656 -0.00000000
vn 0.95105672 -0.30901656 -0.00000000
vn 0.00000000 0.00000000 -1.00000000
vn 0.00000000 0.00000000 -1.00000000
vn 0.00000000 0.00000000 -1.00000000
vn 0.00000000 0.00000000 -1.00000000
vn 0.00000000 0.00000000 1.00000000
vn 0.00000000 0.00000000 1.00000000
vn 0.00000000 0.00000000 1.00000000
vn 0.00000000 0.00000000 1.00000000
vn -0.95105660 -0.30901679 0.00000000
vn -0.95105660 -0.30901679 0.00000000
vn -0.95105660 -0.30901679 0.00000000
vn -0.95105660 -0.30901679 0.00000000
vn 0.95105672 0.30901656 -0.00000000
vn 0.95105672 0.30901656 -0.00000000
vn 0.95105672 0.30901656 -0.00000000
vn 0.95105672 0.30901656 -0.00000000
vn 0.00000000 0.00000000 -1.00000000
vn 0.00000000 0.00000000 -1.00000000
vn 0.00000000 0.00000000 -1.00000000
vn 0.00000000 0.00000000 -1.00000000
vn 0.00000000 0.00000000 1.00000000
vn 0.00000000 0.00000000 1.00000000
vn 0.00000000 0.00000000 1.00000000
vn 0.00000000 0.00000000 1.00000000
vn -0.58778477 -0.80901730 0.00000000
vn -0.58778477 -0.80901730 0.00000000
vn -0.58778477 -0.80901730 0.00000000
vn -0.58778477 -0.80901730 0.00000000
vn 0.58778477 0.80901730 -0.00000000
vn 0.58778477 0.80901730 -0.00000000
vn 0.58778477 0.80901730 -0.00000000
vn 0.58778477 0.80901730 -0.00000000
vn 0.00000000 0.00000000 -1.00000000
vn 0.00000000 0.00000000 -1.00000000
vn 0.00000000 0.00000000 -1.00000000
vn 0.00000000 0.00000000 -1.00000000
vn 0.00000000 0.00000000 1.00000000
vn 0.00000000 0.00000000 1.00000000
vn 0.00000000 0.00000000 1.00000000
vn 0.00000000 0.00000000 1.00000000
vn 0.00000015 -0.99999994 -0.00000000
vn 0.00000015 -0.99999994 -0.00000000
vn 0.00000015 -0.99999994 -0.00000000
vn 0.00000015 -0.99999994 -0.00000000
vn -0.00000020 1.00000000 -0.00000000
vn -0.00000020 1.00000000 -0.00000000
vn -0.00000020 1.00000000 -0.00000000
vn -0.00000020 1.00000000 -0.00000000
vn -0.00000000 0.00000000 -1.00000000
vn -0.00000000 0.00000000 -1.00000000
vn -0.00000000 0.00000000 -1.00000000
vn -0.00000000 0.00000000 -1.00000000
vn 0.00000000 0.00000000 1.00000000
vn 0.00000000 0.00000000 1.00000000
vn 0.00000000 0.00000000 1.00000000
vn 0.00000000 0.00000000 1.00000000
vn 0.58778524 -0.80901706 -0.00000000
vn 0.58778524 -0.80901706 -0.00000000
vn 0.58778524 -0.80901706 -0.00000000
vn 0.58778524 -0.80901706 -0.00000000
vn -0.58778548 0.80901682 -0.00000000
vn -0.58778548 0.80901682 -0.00000000
vn -0.58778548 0.80901682 -0.00000000
vn -0.58778548 0.80901682 -0.00000000
vn 0.00000000 0.00000000 -1.00000000
vn 0.00000000 0.00000000 -1.00000000
vn 0.00000000 0.00000000 -1.00000000
vn 0.00000000 0.00000000 -1.00000000
vn 0.00000000 0.00000000 1.00000000
vn 0.00000000 0.00000000 1.00000000
vn 0.00000000 0.00000000 1.00000000
vn 0.00000000 0.00000000 1.00000000
vn 0.95105660 -0.30901670 -0.00000000
vn 0.95105660 -0.30901670 -0.00000000
vn 0.95105660 -0.30901670 -0.00000000
vn 0.95105660 -0.30901670 -0.00000000
vn -0.95105648 0.30901718 -0.00000000
vn -0.95105648 0.30901718 -0.00000000
vn -0.95105648 0.30901718 -0.00000000
vn -0.95105648 0.30901718 -0.00000000
vn 0.00000000 0.00000000 -1.00000000
vn 0.00000000 0.00000000 -1.00000000
vn 0.00000000 0.00000000 -1.00000000
vn 0.00000000 0.00000000 -1.00000000
vn 0.00000000 -0.00000000 1.00000000
vn 0.00000000 -0.00000000 1.00000000
vn 0.00000000 -0.00000000 1.00000000
vn 0.00000000 -0.00000000 1.00000000
vn 0.86057359 0.32026485 -0.39603481
vn 0.86057359 0.32026485 -0.39603481
vn 0.86057359 0.32026485 -0.39603481
vn 0.86057359 0.32026485 -0.39603481
vn 0.54847467 0.76176935 -0.34479418
vn 0.54847467 0.76176935 -0.34479418
vn 0.54847467 0.76176935 -0.34479418
vn 0.54847467 0.76176935 -0.34479418
vn 0.18013620 0.93372053 -0.30938160
vn 0.18013620 0.93372053 -0.30938160
vn 0.18013620 0.93372053 -0.30938160
vn 0.18013620 0.93372053 -0.30938160
vn -0.18013647 0.93372053 -0.30938148
vn -0.18013647 0.93372053 -0.30938148
vn -0.18013647 0.93372053 -0.30938148
vn -0.18013647 0.93372053 -0.30938148
vn -0.54847443 0.76176953 -0.34479418
vn -0.54847443 0.76176953 -0.34479418
vn -0.54847443 0.76176953 -0.34479418
vn -0.54847443 0.76176953 -0.34479418
vn -0.86057395 0.32026437 -0.39603445
vn -0.86057395 0.32026437 -0.39603445
vn -0.86057395 0.32026437 -0.39603445
vn -0.86057395 0.32026437 -0.39603445
vn -0.86057359 -0.32026482 -0.39603484
vn -0.86057359 -0.32026482 -0.39603484
vn -0.86057359 -0.32026482 -0.39603484
vn -0.86057359 -0.32026482 -0.39603484
vn -0.54847425 -0.76176971 -0.34479424
vn -0.54847425 -0.76176971 -0.34479424
vn -0.54847425 -0.76176971 -0.34479424
vn -0.54847425 -0.76176971 -0.34479424
vn -0.18013647 -0.93372047 -0.30938140
vn -0.18013647 -0.93372047 -0.30938140
vn -0.18013647 -0.93372047 -0.30938140
vn -0.18013647 -0.93372047 -0.30938140
vn 0.18013656 -0.93372047 -0.30938140
vn 0.18013656 -0.93372047 -0.30938140
vn 0.18013656 -0.93372047 -0.30938140
vn 0.18013656 -0.93372047 -0.30938140
vn 0.54847461 -0.76176941 -0.34479406
vn 0.54847461 -0.76176941 -0.34479406
vn 0.54847461 -0.76176941 -0.34479406
vn 0.54847461 -0.76176941 -0.34479406
vn 0.86057407 -0.32026386 -0.39603454
vn 0.86057407 -0.32026386 -0.39603454
vn 0.86057407 -0.32026386 -0.39603454
vn 0.86057407 -0.32026386 -0.39603454
vn 0.93666071 0.34857979 -0.03404299
vn 0.93666071 0.34857979 -0.03404299
vn 0.93666071 0.34857979 -0.03404299
vn 0.93666071 0.34857979 -0.03404299
vn 0.58405918 0.81119293 -0.02899743
vn 0.58405918 0.81119293 -0.02899743
vn 0.58405918 0.81119293 -0.02899743
vn 0.58405918 0.81119293 -0.02899743
vn 0.18936780 0.98157024 -0.02568608
vn 0.18936780 0.98157024 -0.02568608
vn 0.18936780 0.98157024 -0.02568608
vn 0.18936780 0.98157024 -0.02568608
vn -0.18936795 0.98157012 -0.02568608
vn -0.18936795 0.98157012 -0.02568608
vn -0.18936795 0.98157012 -0.02568608
vn -0.18936795 0.98157012 -0.02568608
vn -0.58405918 0.81119293 -0.02899753
vn -0.58405918 0.81119293 -0.02899753
vn -0.58405918 0.81119293 -0.02899753
vn -0.58405918 0.81119293 -0.02899753
vn -0.93666065 0.34857979 -0.03404286
vn -0.93666065 0.34857979 -0.03404286
vn -0.93666065 0.34857979 -0.03404286
vn -0.93666065 0.34857979 -0.03404286
vn -0.93666065 -0.34857970 -0.03404280
vn -0.93666065 -0.34857970 -0.03404280
vn -0.93666065 -0.34857970 -0.03404280
vn -0.93666065 -0.34857970 -0.03404280
vn -0.58405888 -0.81119311 -0.02899747
vn -0.58405888 -0.81119311 -0.02899747
vn -0.58405888 -0.81119311 -0.02899747
vn -0.58405888 -0.81119311 -0.02899747
vn -0.18936780 -0.98157024 -0.02568608
vn -0.18936780 -0.98157024 -0.02568608
vn -0.18936780 -0.98157024 -0.02568608
vn -0.18936780 -0.98157024 -0.02568608
vn 0.18936796 -0.98157012 -0.02568608
vn 0.18936796 -0.98157012 -0.02568608
vn 0.18936796 -0.98157012 -0.02568608
vn 0.18936796 -0.98157012 -0.02568608
vn 0.58405948 -0.81119275 -0.02899751
vn 0.58405948 -0.81119275 -0.02899751
vn 0.58405948 -0.81119275 -0.02899751
vn 0.58405948 -0.81119275 -0.02899751
vn 0.93666059 -0.34857994 -0.03404286
vn 0.93666059 -0.34857994 -0.03404286
vn 0.93666059 -0.34857994 -0.03404286
vn 0.93666059 -0.34857994 -0.03404286
vn 0.93415219 0.34764564 0.08063555
vn 0.93415219 0.34764564 0.08063555
vn 0.93415219 0.34764564 0.08063555
vn 0.93415219 0.34764564 0.08063555
vn 0.58292270 0.80961514 0.06873496
vn 0.58292270 0.80961514 0.06873496
vn 0.58292270 0.80961514 0.06873496
vn 0.58292270 0.80961514 0.06873496
vn 0.18907855 0.98007101 0.06091131
vn 0.18907855 0.98007101 0.06091131
vn 0.18907855 0.98007101 0.06091131
vn 0.18907855 0.98007101 0.06091131
vn -0.18907870 0.98007101 0.06091133
vn -0.18907870 0.98007101 0.06091133
vn -0.18907870 0.98007101 0.06091133
vn -0.18907870 0.98007101 0.06091133
vn -0.58292270 0.80961514 0.06873504
vn -0.58292270 0.80961514 0.06873504
vn -0.58292270 0.80961514 0.06873504
vn -0.58292270 0.80961514 0.06873504
vn -0.93415219 0.34764564 0.08063526
vn -0.93415219 0.34764564 0.08063526
vn -0.93415219 0.34764564 0.08063526
vn -0.93415219 0.34764564 0.08063526
vn -0.93415201 -0.34764642 0.08063535
vn -0.93415201 -0.34764642 0.08063535
vn -0.93415201 -0.34764642 0.08063535
vn -0.93415201 -0.34764642 0.08063535
vn -0.58292294 -0.80961490 0.06873508
vn -0.58292294 -0.80961490 0.06873508
vn -0.58292294 -0.80961490 0.06873508
vn -0.58292294 -0.80961490 0.06873508
vn -0.18907839 -0.98007107 0.06091126
vn -0.18907839 -0.98007107 0.06091126
vn -0.18907839 -0.98007107 0.06091126
vn -0.18907839 -0.98007107 0.06091126
vn 0.18907872 -0.98007089 0.06091132
vn 0.18907872 -0.98007089 0.06091132
vn 0.18907872 -0.98007089 0.06091132
vn 0.18907872 -0.98007089 0.06091132
vn 0.58292300 -0.80961490 0.06873497
vn 0.58292300 -0.80961490 0.06873497
vn 0.58292300 -0.80961490 0.06873497
vn 0.58292300 -0.80961490 0.06873497
vn 0.93415219 -0.34764582 0.08063526
vn 0.93415219 -0.34764582 0.08063526
vn 0.93415219 -0.34764582 0.08063526
vn 0.93415219 -0.34764582 0.08063526
vn 0.67245287 0.25025493 0.69654840
vn 0.67245287 0.25025493 0.69654840
vn 0.67245287 0.25025493 0.69654840
vn 0.67245287 0.25025493 0.69654840
vn 0.45032451 0.62545019 0.63719696
vn 0.45032451 0.62545019 0.63719696
vn 0.45032451 0.62545019 0.63719696
vn 0.45032451 0.62545019 0.63719696
vn 0.15283309 0.79219609 0.59081930
vn 0.15283309 0.79219609 0.59081930
vn 0.15283309 0.79219609 0.59081930
vn 0.15283309 0.79219609 0.59081930
vn -0.15283325 0.79219609 0.59081930
vn -0.15283325 0.79219609 0.59081930
vn -0.15283325 0.79219609 0.59081930
vn -0.15283325 0.79219609 0.59081930
vn -0.45032439 0.62545031 0.63719684
vn -0.45032439 0.62545031 0.63719684
vn -0.45032439 0.62545031 0.63719684
vn -0.45032439 0.62545031 0.63719684
vn -0.67245275 0.25025457 0.69654858
vn -0.67245275 0.25025457 0.69654858
vn -0.67245275 0.25025457 0.69654858
vn -0.67245275 0.25025457 0.69654858
vn -0.67245269 -0.25025484 0.69654846
vn -0.67245269 -0.25025484 0.69654846
vn -0.67245269 -0.25025484 0.69654846
vn -0.67245269 -0.25025484 0.69654846
vn -0.45032424 -0.62545055 0.63719684
vn -0.45032424 -0.62545055 0.63719684
vn -0.45032424 -0.62545055 0.63719684
vn -0.45032424 -0.62545055 0.63719684
vn -0.15283330 -0.79219598 0.59081942
vn -0.15283330 -0.79219598 0.59081942
vn -0.15283330 -0.79219598 0.59081942
vn -0.15283330 -0.79219598 0.59081942
vn 0.15283342 -0.79219592 0.59081936
vn 0.15283342 -0.79219592 0.59081936
vn 0.15283342 -0.79219592 0.59081936
vn 0.15283342 -0.79219592 0.59081936
vn 0.45032442 -0.62545019 0.63719702
vn 0.45032442 -0.62545019 0.63719702
vn 0.45032442 -0.62545019 0.63719702
vn 0.45032442 -0.62545019 0.63719702
vn 0.67245281 -0.25025433 0.69654858
vn 0.67245281 -0.25025433 0.69654858
vn 0.67245281 -0.25025433 0.69654858
vn 0.67245281 -0.25025433 0.69654858
vn 0.00000220 0.00000082 -1.00000000
vn 0.00000220 0.00000082 -1.00000000
vn 0.00000220 0.00000082 -1.00000000
vn 0.00000161 0.00000223 -1.00000000
vn 0.00000161 0.00000223 -1.00000000
vn 0.00000161 0.00000223 -1.00000000
vn 0.00000059 0.00000305 -1.00000000
vn 0.00000059 0.00000305 -1.00000000
vn 0.00000059 0.00000305 -1.00000000
vn -0.00000059 0.00000305 -1.00000000
vn -0.00000059 0.00000305 -1.00000000
vn -0.00000059 0.00000305 -1.00000000
vn -0.00000161 0.00000223 -1.00000000
vn -0.00000161 0.00000223 -1.00000000
vn -0.00000161 0.00000223 -1.00000000
vn -0.00000220 0.00000082 -1.00000000
vn -0.00000220 0.00000082 -1.00000000
vn -0.00000220 0.00000082 -1.00000000
vn -0.00000220 -0.00000082 -1.00000000
vn -0.00000220 -0.00000082 -1.00000000
vn -0.00000220 -0.00000082 -1.00000000
vn -0.00000161 -0.00000223 -1.00000000
vn -0.00000161 -0.00000223 -1.00000000
vn -0.00000161 -0.00000223 -1.00000000
vn -0.00000059 -0.00000305 -1.00000000
vn -0.00000059 -0.00000305 -1.00000000
vn -0.00000059 -0.00000305 -1.00000000
vn 0.00000059 -0.00000305 -1.00000000
vn 0.00000059 -0.00000305 -1.00000000
vn 0.00000059 -0.00000305 -1.00000000
vn 0.00000161 -0.00000223 -1.00000000
vn 0.00000161 -0.00000223 -1.00000000
vn 0.00000161 -0.00000223 -1.00000000
vn 0.00000220 -0.00000082 -1.00000000
vn 0.00000220 -0.00000082 -1.00000000
vn 0.00000220 -0.00000082 -1.00000000
vn 0.00000065 0.00000024 1.00000000
vn 0.00000065 0.00000024 1.00000000
vn 0.00000065 0.00000024 1.00000000
vn 0.00000048 0.00000067 1.00000000
vn 0.00000048 0.00000067 1.00000000
vn 0.00000048 0.00000067 1.00000000
vn 0.00000018 0.00000091 1.00000000
vn 0.00000018 0.00000091 1.00000000
vn 0.00000018 0.00000091 1.00000000
vn -0.00000018 0.00000091 1.00000000
vn -0.00000018 0.00000091 1.00000000
vn -0.00000018 0.00000091 1.00000000
vn -0.00000048 0.00000067 0.99999994
vn -0.00000048 0.00000067 0.99999994
vn -0.00000048 0.00000067 0.99999994
vn -0.00000065 0.00000024 1.00000000
vn -0.00000065 0.00000024 1.00000000
vn -0.00000065 0.00000024 1.00000000
vn -0.00000065 -0.00000024 1.00000000
vn -0.00000065 -0.00000024 1.00000000
vn -0.00000065 -0.00000024 1.00000000
vn -0.00000048 -0.00000067 1.00000000
vn -0.00000048 -0.00000067 1.00000000
vn -0.00000048 -0.00000067 1.00000000
vn -0.00000018 -0.00000091 1.00000000
vn -0.00000018 -0.00000091 1.00000000
vn -0.00000018 -0.00000091 1.00000000
vn 0.00000018 -0.00000091 1.00000000
vn 0.00000018 -0.00000091 1.00000000
vn 0.00000018 -0.00000091 1.00000000
vn 0.00000048 -0.00000067 1.00000000
vn 0.00000048 -0.00000067 1.00000000
vn 0.00000048 -0.00000067 1.00000000
vn 0.00000065 -0.00000024 1.00000000
vn 0.00000065 -0.00000024 1.00000000
vn 0.00000065 -0.00000024 1.00000000
vn 0.96592581 0.25881907 -0.00000000
vn 0.96592581 0.25881907 -0.00000000
vn 0.96592581 0.25881907 -0.00000000
vn 0.96592581 0.25881907 -0.00000000
vn 0.00000000 0.00000000 1.00000000
vn 0.00000000 0.00000000 1.00000000
vn 0.00000000 0.00000000 1.00000000
vn 0.00000000 0.00000000 -1.00000000
vn 0.00000000 0.00000000 -1.00000000
vn 0.00000000 0.00000000 -1.00000000
vn 0.70710683 0.70710665 -0.00000000
vn 0.70710683 0.70710665 -0.00000000
vn 0.70710683 0.70710665 -0.00000000
vn 0.70710683 0.70710665 -0.00000000
vn 0.00000000 0.00000000 1.00000000
vn 0.00000000 0.00000000 1.00000000
vn 0.00000000 0.00000000 1.00000000
vn 0.00000000 0.00000000 -1.00000000
vn 0.00000000 0.00000000 -1.00000000
vn 0.00000000 0.00000000 -1.00000000
vn 0.25881907 0.96592581 -0.00000000
vn 0.25881907 0.96592581 -0.00000000
vn 0.25881907 0.96592581 -0.00000000
vn 0.25881907 0.96592581 -0.00000000
vn 0.00000000 0.00000000 1.00000000
vn 0.00000000 0.00000000 1.00000000
vn 0.00000000 0.00000000 1.00000000
vn 0.00000000 0.00000000 -1.00000000
vn 0.00000000 0.00000000 -1.00000000
vn 0.00000000 0.00000000 -1.00000000
vn -0.25881919 0.96592581 -0.00000000
vn -0.25881919 0.96592581 -0.00000000
vn -0.25881919 0.96592581 -0.00000000
vn -0.25881919 0.96592581 -0.00000000
vn 0.00000000 -0.00000000 1.00000000
vn 0.00000000 -0.00000000 1.00000000
vn 0.00000000 -0.00000000 1.00000000
vn 0.00000000 0.00000000 -1.00000000
vn 0.00000000 0.00000000 -1.00000000
vn 0.00000000 0.00000000 -1.00000000
vn -0.70710701 0.70710665 -0.00000000
vn -0.70710701 0.70710665 -0.00000000
vn -0.70710701 0.70710665 -0.00000000
vn -0.70710701 0.70710665 -0.00000000
vn 0.00000000 0.00000000 1.00000000
vn 0.00000000 0.00000000 1.00000000
vn 0.00000000 0.00000000 1.00000000
vn 0.00000000 0.00000000 -1.00000000
vn 0.00000000 0.00000000 -1.00000000
vn 0.00000000 0.00000000 -1.00000000
vn -0.96592575 0.25881910 -0.00000000
vn -0.96592575 0.25881910 -0.00000000
vn -0.96592575 0.25881910 -0.00000000
vn -0.96592575 0.25881910 -0.00000000
vn 0.00000000 0.00000000 1.00000000
vn 0.00000000 0.00000000 1.00000000
vn 0.00000000 0.00000000 1.00000000
vn -0.00000000 0.00000000 -1.00000000
vn -0.00000000 0.00000000 -1.00000000
vn -0.00000000 0.00000000 -1.00000000
vn -0.96592593 -0.25881904 0.00000000
vn -0.96592593 -0.25881904 0.00000000
vn -0.96592593 -0.25881904 0.00000000
vn -0.96592593 -0.25881904 0.00000000
vn 0.00000000 0.00000000 1.00000000
vn 0.00000000 0.00000000 1.00000000
vn 0.00000000 0.00000000 1.00000000
vn 0.00000000 0.00000000 -1.00000000
vn 0.00000000 0.00000000 -1.00000000
vn 0.00000000 0.00000000 -1.00000000
vn -0.70710671 -0.70710695 0.00000000
vn -0.70710671 -0.70710695 0.00000000
vn -0.70710671 -0.70710695 0.00000000
vn -0.70710671 -0.70710695 0.00000000
vn 0.00000000 0.00000000 1.00000000
vn 0.00000000 0.00000000 1.00000000
vn 0.00000000 0.00000000 1.00000000
vn 0.00000000 0.00000000 -1.00000000
vn 0.00000000 0.00000000 -1.00000000
vn 0.00000000 0.00000000 -1.00000000
vn -0.25881898 -0.96592587 0.00000000
vn -0.25881898 -0.96592587 0.00000000
vn -0.25881898 -0.96592587 0.00000000
vn -0.25881898 -0.96592587 0.00000000
vn 0.00000000 0.00000000 1.00000000
vn 0.00000000 0.00000000 1.00000000
vn 0.00000000 0.00000000 1.00000000
vn 0.00000000 -0.00000000 -1.00000000
vn 0.00000000 -0.00000000 -1.00000000
vn 0.00000000 -0.00000000 -1.00000000
vn 0.25881916 -0.96592581 -0.00000000
vn 0.25881916 -0.96592581 -0.00000000
vn 0.25881916 -0.96592581 -0.00000000
vn 0.25881916 -0.96592581 -0.00000000
vn 0.00000000 0.00000000 1.00000000
vn 0.00000000 0.00000000 1.00000000
vn 0.00000000 0.00000000 1.00000000
vn 0.00000000 0.00000000 -1.00000000
vn 0.00000000 0.00000000 -1.00000000
vn 0.00000000 0.00000000 -1.00000000
vn 0.70710737 -0.70710629 -0.00000000
vn 0.70710737 -0.70710629 -0.00000000
vn 0.70710737 -0.70710629 -0.00000000
vn 0.70710737 -0.70710629 -0.00000000
vn 0.00000000 0.00000000 1.00000000
vn 0.00000000 0.00000000 1.00000000
vn 0.00000000 0.00000000 1.00000000
vn 0.00000000 0.00000000 -1.00000000
vn 0.00000000 0.00000000 -1.00000000
vn 0.00000000 0.00000000 -1.00000000
vn 0.96592575 -0.25881910 -0.00000000
vn 0.96592575 -0.25881910 -0.00000000
vn 0.96592575 -0.25881910 -0.00000000
vn 0.96592575 -0.25881910 -0.00000000
vn -0.00000000 0.00000000 1.00000000
vn -0.00000000 0.00000000 1.00000000
vn -0.00000000 0.00000000 1.00000000
vn 0.00000000 0.00000000 -1.00000000
vn 0.00000000 0.00000000 -1.00000000
vn 0.00000000 0.00000000 -1.00000000
vn 0.96592581 0.25881907 -0.00000000
vn 0.96592581 0.25881907 -0.00000000
vn 0.96592581 0.25881907 -0.00000000
vn 0.96592581 0.25881907 -0.00000000
vn 0.00000000 0.00000000 1.00000000
vn 0.00000000 0.00000000 1.00000000
vn 0.00000000 0.00000000 1.00000000
vn 0.00000000 0.00000000 -1.00000000
vn 0.00000000 0.00000000 -1.00000000
vn 0.00000000 0.00000000 -1.00000000
vn 0.70710635 0.70710719 -0.00000000
vn 0.70710635 0.70710719 -0.00000000
vn 0.70710635 0.70710719 -0.00000000
vn 0.70710635 0.70710719 -0.00000000
vn 0.00000000 0.00000000 0.99999994
vn 0.00000000 0.00000000 0.99999994
vn 0.00000000 0.00000000 0.99999994
vn 0.00000000 0.00000000 -0.99999994
vn 0.00000000 0.00000000 -0.99999994
vn 0.00000000 0.00000000 -0.99999994
vn 0.25881934 0.96592581 -0.00000000
vn 0.25881934 0.96592581 -0.00000000
vn 0.25881934 0.96592581 -0.00000000
vn 0.25881934 0.96592581 -0.00000000
vn 0.00000000 0.00000000 1.00000000
vn 0.00000000 0.00000000 1.00000000
vn 0.00000000 0.00000000 1.00000000
vn 0.00000000 0.00000000 -1.00000000
vn 0.00000000 0.00000000 -1.00000000
vn 0.00000000 0.00000000 -1.00000000
vn -0.25881892 0.96592581 -0.00000000
vn -0.25881892 0.96592581 -0.00000000
vn -0.25881892 0.96592581 -0.00000000
vn -0.25881892 0.96592581 -0.00000000
vn 0.00000000 -0.00000000 0.99999994
vn 0.00000000 -0.00000000 0.99999994
vn 0.00000000 -0.00000000 0.99999994
vn 0.00000000 0.00000000 -0.99999994
vn 0.00000000 0.00000000 -0.99999994
vn 0.00000000 0.00000000 -0.99999994
vn -0.70710742 0.70710611 -0.00000000
vn -0.70710742 0.70710611 -0.00000000
vn -0.70710742 0.70710611 -0.00000000
vn -0.70710742 0.70710611 -0.00000000
vn 0.00000000 0.00000000 1.00000000
vn 0.00000000 0.00000000 1.00000000
vn 0.00000000 0.00000000 1.00000000
vn 0.00000000 0.00000000 -1.00000000
vn 0.00000000 0.00000000 -1.00000000
vn 0.00000000 0.00000000 -1.00000000
vn -0.96592575 0.25881910 -0.00000000
vn -0.96592575 0.25881910 -0.00000000
vn -0.96592575 0.25881910 -0.00000000
vn -0.96592575 0.25881910 -0.00000000
vn 0.00000000 0.00000000 1.00000000
vn 0.00000000 0.00000000 1.00000000
vn 0.00000000 0.00000000 1.00000000
vn -0.00000000 0.00000000 -1.00000000
vn -0.00000000 0.00000000 -1.00000000
vn -0.00000000 0.00000000 -1.00000000
vn -0.96592593 -0.25881904 0.00000000
vn -0.96592593 -0.25881904 0.00000000
vn -0.96592593 -0.25881904 0.00000000
vn -0.96592593 -0.25881904 0.00000000
vn 0.00000000 0.00000000 1.00000000
vn 0.00000000 0.00000000 1.00000000
vn 0.00000000 0.00000000 1.00000000
vn 0.00000000 0.00000000 -1.00000000
vn 0.00000000 0.00000000 -1.00000000
vn 0.00000000 0.00000000 -1.00000000
vn -0.70710611 -0.70710737 0.00000000
vn -0.70710611 -0.70710737 0.00000000
vn -0.70710611 -0.70710737 0.00000000
vn -0.70710611 -0.70710737 0.00000000
vn 0.00000000 0.00000000 1.00000000
vn 0.00000000 0.00000000 1.00000000
vn 0.00000000 0.00000000 1.00000000
vn 0.00000000 0.00000000 -1.00000000
vn 0.00000000 0.00000000 -1.00000000
vn 0.00000000 0.00000000 -1.00000000
vn -0.25881922 -0.96592581 0.00000000
vn -0.25881922 -0.96592581 0.00000000
vn -0.25881922 -0.96592581 0.00000000
vn -0.25881922 -0.96592581 0.00000000
vn 0.00000000 0.00000000 0.99999994
vn 0.00000000 0.00000000 0.99999994
vn 0.00000000 0.00000000 0.99999994
vn 0.00000000 -0.00000000 -0.99999994
vn 0.00000000 -0.00000000 -0.99999994
vn 0.00000000 -0.00000000 -0.99999994
vn 0.25881916 -0.96592581 -0.00000000
vn 0.25881916 -0.96592581 -0.00000000
vn 0.25881916 -0.96592581 -0.00000000
vn 0.25881916 -0.96592581 -0.00000000
vn 0.00000000 0.00000000 1.00000000
vn 0.00000000 0.00000000 1.00000000
vn 0.00000000 0.00000000 1.00000000
vn 0.00000000 0.00000000 -1.00000000
vn 0.00000000 0.00000000 -1.00000000
vn 0.00000000 0.00000000 -1.00000000
vn 0.70710737 -0.70710629 -0.00000000
vn 0.70710737 -0.70710629 -0.00000000
vn 0.70710737 -0.70710629 -0.00000000
vn 0.70710737 -0.70710629 -0.00000000
vn 0.00000000 0.00000000 1.00000000
vn 0.00000000 0.00000000 1.00000000
vn 0.00000000 0.00000000 1.00000000
vn 0.00000000 0.00000000 -1.00000000
vn 0.00000000 0.00000000 -1.00000000
vn 0.00000000 0.00000000 -1.00000000
vn 0.96592575 -0.25881910 -0.00000000
vn 0.96592575 -0.25881910 -0.00000000
vn 0.96592575 -0.25881910 -0.00000000
vn 0.96592575 -0.25881910 -0.00000000
vn -0.00000000 0.00000000 1.00000000
vn -0.00000000 0.00000000 1.00000000
vn -0.00000000 0.00000000 1.00000000
vn 0.00000000 0.00000000 -1.00000000
vn 0.00000000 0.00000000 -1.00000000
vn 0.00000000 0.00000000 -1.00000000
vn 0.95105648 0.30901715 -0.00000000
vn 0.95105648 0.30901715 -0.00000000
vn 0.95105648 0.30901715 -0.00000000
vn 0.95105648 0.30901715 -0.00000000
vn -0.95105642 -0.30901712 0.00000000
vn -0.95105642 -0.30901712 0.00000000
vn -0.95105642 -0.30901712 0.00000000
vn -0.95105642 -0.30901712 0.00000000
vn 0.00000000 -0.00000000 -0.99999994
vn 0.00000000 -0.00000000 -0.99999994
vn 0.00000000 -0.00000000 -0.99999994
vn 0.00000000 -0.00000000 -0.99999994
vn 0.00000000 0.00000000 1.00000000
vn 0.00000000 0.00000000 1.00000000
vn 0.00000000 0.00000000 1.00000000
vn 0.00000000 0.00000000 1.00000000
vn 0.58778542 0.80901688 -0.00000000
vn 0.58778542 0.80901688 -0.00000000
vn 0.58778542 0.80901688 -0.00000000
vn 0.58778542 0.80901688 -0.00000000
vn -0.58778501 -0.80901724 0.00000000
vn -0.58778501 -0.80901724 0.00000000
vn -0.58778501 -0.80901724 0.00000000
vn -0.58778501 -0.80901724 0.00000000
vn 0.00000000 0.00000000 -0.99999994
vn 0.00000000 0.00000000 -0.99999994
vn 0.00000000 0.00000000 -0.99999994
vn 0.00000000 0.00000000 -0.99999994
vn 0.00000000 0.00000000 1.00000000
vn 0.00000000 0.00000000 1.00000000
vn 0.00000000 0.00000000 1.00000000
vn 0.00000000 0.00000000 1.00000000
vn -0.00000012 1.00000000 -0.00000000
vn -0.00000012 1.00000000 -0.00000000
vn -0.00000012 1.00000000 -0.00000000
vn -0.00000012 1.00000000 -0.00000000
vn -0.00000000 -0.99999994 -0.00000000
vn -0.00000000 -0.99999994 -0.00000000
vn -0.00000000 -0.99999994 -0.00000000
vn -0.00000000 -0.99999994 -0.00000000
vn 0.00000000 0.00000000 -0.99999994
vn 0.00000000 0.00000000 -0.99999994
vn 0.00000000 0.00000000 -0.99999994
vn 0.00000000 0.00000000 -0.99999994
vn 0.00000000 0.00000000 1.00000000
vn 0.00000000 0.00000000 1.00000000
vn 0.00000000 0.00000000 1.00000000
vn 0.00000000 0.00000000 1.00000000
vn -0.58778530 0.80901694 -0.00000000
vn -0.58778530 0.80901694 -0.00000000
vn -0.58778530 0.80901694 -0.00000000
vn -0.58778530 0.80901694 -0.00000000
vn 0.58778524 -0.80901700 -0.00000000
vn 0.58778524 -0.80901700 -0.00000000
vn 0.58778524 -0.80901700 -0.00000000
vn 0.58778524 -0.80901700 -0.00000000
vn 0.00000000 0.00000000 -1.00000000
vn 0.00000000 0.00000000 -1.00000000
vn 0.00000000 0.00000000 -1.00000000
vn 0.00000000 0.00000000 -1.00000000
vn 0.00000000 0.00000000 1.00000000
vn 0.00000000 0.00000000 1.00000000
vn 0.00000000 0.00000000 1.00000000
vn 0.00000000 0.00000000 1.00000000
vn -0.95105660 0.30901694 -0.00000000
vn -0.95105660 0.30901694 -0.00000000
vn -0.95105660 0.30901694 -0.00000000
vn -0.95105660 0.30901694 -0.00000000
vn 0.95105654 -0.30901685 -0.00000000
vn 0.95105654 -0.30901685 -0.00000000
vn 0.95105654 -0.30901685 -0.00000000
vn 0.95105654 -0.30901685 -0.00000000
vn 0.00000000 0.00000000 -1.00000000
vn 0.00000000 0.00000000 -1.00000000
vn 0.00000000 0.00000000 -1.00000000
vn 0.00000000 0.00000000 -1.00000000
vn 0.00000000 0.00000000 1.00000000
vn 0.00000000 0.00000000 1.00000000
vn 0.00000000 0.00000000 1.00000000
vn 0.00000000 0.00000000 1.00000000
vn -0.95105648 -0.30901715 0.00000000
vn -0.95105648 -0.30901715 0.00000000
vn -0.95105648 -0.30901715 0.00000000
vn -0.95105648 -0.30901715 0.00000000
vn 0.95105654 0.30901685 -0.00000000
vn 0.95105654 0.30901685 -0.00000000
vn 0.95105654 0.30901685 -0.00000000
vn 0.95105654 0.30901685 -0.00000000
vn 0.00000000 0.00000000 -1.00000000
vn 0.00000000 0.00000000 -1.00000000
vn 0.00000000 0.00000000 -1.00000000
vn 0.00000000 0.00000000 -1.00000000
vn 0.00000000 0.00000000 1.00000000
vn 0.00000000 0.00000000 1.00000000
vn 0.00000000 0.00000000 1.00000000
vn 0.00000000 0.00000000 1.00000000
vn -0.58778507 -0.80901718 0.00000000
vn -0.58778507 -0.80901718 0.00000000
vn -0.58778507 -0.80901718 0.00000000
vn -0.58778507 -0.80901718 0.00000000
vn 0.58778483 0.80901724 -0.00000000
vn 0.58778483 0.80901724 -0.00000000
vn 0.58778483 0.80901724 -0.00000000
vn 0.58778483 0.80901724 -0.00000000
vn 0.00000000 0.00000000 -1.00000000
vn 0.00000000 0.00000000 -1.00000000
vn 0.00000000 0.00000000 -1.00000000
vn 0.00000000 0.00000000 -1.00000000
vn 0.00000000 0.00000000 1.00000000
vn 0.00000000 0.00000000 1.00000000
vn 0.00000000 0.00000000 1.00000000
vn 0.00000000 0.00000000 1.00000000
vn 0.00000023 -1.00000000 -0.00000000
vn 0.00000023 -1.00000000 -0.00000000
vn 0.00000023 -1.00000000 -0.00000000
vn 0.00000023 -1.00000000 -0.00000000
vn -0.00000015 0.99999994 -0.00000000
vn -0.00000015 0.99999994 -0.00000000
vn -0.00000015 0.99999994 -0.00000000
vn -0.00000015 0.99999994 -0.00000000
vn -0.00000000 0.00000000 -1.00000000
vn -0.00000000 0.00000000 -1.00000000
vn -0.00000000 0.00000000 -1.00000000
vn -0.00000000 0.00000000 -1.00000000
vn 0.00000000 0.00000000 0.99999994
vn 0.00000000 0.00000000 0.99999994
vn 0.00000000 0.00000000 0.99999994
vn 0.00000000 0.00000000 0.99999994
vn 0.58778524 -0.80901694 -0.00000000
vn 0.58778524 -0.80901694 -0.00000000
vn 0.58778524 -0.80901694 -0.00000000
vn 0.58778524 -0.80901694 -0.00000000
vn -0.58778524 0.80901706 -0.00000000
vn -0.58778524 0.80901706 -0.00000000
vn -0.58778524 0.80901706 -0.00000000
vn -0.58778524 0.80901706 -0.00000000
vn 0.00000000 0.00000000 -1.00000000
vn 0.00000000 0.00000000 -1.00000000
vn 0.00000000 0.00000000 -1.00000000
vn 0.00000000 0.00000000 -1.00000000
vn 0.00000000 0.00000000 1.00000000
vn 0.00000000 0.00000000 1.00000000
vn 0.00000000 0.00000000 1.00000000
vn 0.00000000 0.00000000 1.00000000
vn 0.95105648 -0.30901703 -0.00000000
vn 0.95105648 -0.30901703 -0.00000000
vn 0.95105648 -0.30901703 -0.00000000
vn 0.95105648 -0.30901703 -0.00000000
vn -0.95105648 0.30901700 -0.00000000
vn -0.95105648 0.30901700 -0.00000000
vn -0.95105648 0.30901700 -0.00000000
vn -0.95105648 0.30901700 -0.00000000
vn 0.00000000 0.00000000 -1.00000000
vn 0.00000000 0.00000000 -1.00000000
vn 0.00000000 0.00000000 -1.00000000
vn 0.00000000 0.00000000 -1.00000000
vn 0.00000000 -0.00000000 1.00000000
vn 0.00000000 -0.00000000 1.00000000
vn 0.00000000 -0.00000000 1.00000000
vn 0.00000000 -0.00000000 1.00000000
vn 0.95105660 0.30901697 -0.00000000
vn 0.95105660 0.30901697 -0.00000000
vn 0.95105660 0.30901697 -0.00000000
vn 0.95105660 0.30901697 -0.00000000
vn -0.95105654 -0.30901712 0.00000000
vn -0.95105654 -0.30901712 0.00000000
vn -0.95105654 -0.30901712 0.00000000
vn -0.95105654 -0.30901712 0.00000000
vn 0.00000000 -0.00000000 -1.00000000
vn 0.00000000 -0.00000000 -1.00000000
vn 0.00000000 -0.00000000 -1.00000000
vn 0.00000000 -0.00000000 -1.00000000
vn 0.00000000 0.00000000 1.00000000
vn 0.00000000 0.00000000 1.00000000
vn 0.00000000 0.00000000 1.00000000
vn 0.00000000 0.00000000 1.00000000
vn 0.58778548 0.80901682 -0.00000000
vn 0.58778548 0.80901682 -0.00000000
vn 0.58778548 0.80901682 -0.00000000
vn 0.58778548 0.80901682 -0.00000000
vn -0.58778524 -0.80901694 0.00000000
vn -0.58778524 -0.80901694 0.00000000
vn -0.58778524 -0.80901694 0.00000000
vn -0.58778524 -0.80901694 0.00000000
vn 0.00000000 0.00000000 -1.00000000
vn 0.00000000 0.00000000 -1.00000000
vn 0.00000000 0.00000000 -1.00000000
vn 0.00000000 0.00000000 -1.00000000
vn 0.00000000 0.00000000 1.00000000
vn 0.00000000 0.00000000 1.00000000
vn 0.00000000 0.00000000 1.00000000
vn 0.00000000 0.00000000 1.00000000
vn -0.00000000 1.00000000 -0.00000000
vn -0.00000000 1.00000000 -0.00000000
vn -0.00000000 1.00000000 -0.00000000
vn -0.00000000 1.00000000 -0.00000000
vn -0.00000000 -1.00000000 -0.00000000
vn -0.00000000 -1.00000000 -0.00000000
vn -0.00000000 -1.00000000 -0.00000000
vn -0.00000000 -1.00000000 -0.00000000
vn 0.00000000 0.00000000 -1.00000000
vn 0.00000000 0.00000000 -1.00000000
vn 0.00000000 0.00000000 -1.00000000
vn 0.00000000 0.00000000 -1.00000000
vn 0.00000000 0.00000000 1.00000000
vn 0.00000000 0.00000000 1.00000000
vn 0.00000000 0.00000000 1.00000000
vn 0.00000000 0.00000000 1.00000000
vn -0.58778542 0.80901688 -0.00000000
vn -0.58778542 0.80901688 -0.00000000
vn -0.58778542 0.80901688 -0.00000000
vn -0.58778542 0.80901688 -0.00000000
vn 0.58778524 -0.80901694 -0.00000000
vn 0.58778524 -0.80901694 -0.00000000
vn 0.58778524 -0.80901694 -0.00000000
vn 0.58778524 -0.80901694 -0.00000000
vn 0.00000000 0.00000000 -1.00000000
vn 0.00000000 0.00000000 -1.00000000
vn 0.00000000 0.00000000 -1.00000000
vn 0.00000000 0.00000000 -1.00000000
vn 0.00000000 0.00000000 1.00000000
vn 0.00000000 0.00000000 1.00000000
vn 0.00000000 0.00000000 1.00000000
vn 0.00000000 0.00000000 1.00000000
vn -0.95105660 0.30901697 -0.00000000
vn -0.95105660 0.30901697 -0.00000000
vn -0.95105660 0.30901697 -0.00000000
vn -0.95105660 0.30901697 -0.00000000
vn 0.95105648 -0.30901706 -0.00000000
vn 0.95105648 -0.30901706 -0.00000000
vn 0.95105648 -0.30901706 -0.00000000
vn 0.95105648 -0.30901706 -0.00000000
vn 0.00000000 0.00000000 -1.00000000
vn 0.00000000 0.00000000 -1.00000000
vn 0.00000000 0.00000000 -1.00000000
vn 0.00000000 0.00000000 -1.00000000
vn 0.00000000 0.00000000 1.00000000
vn 0.00000000 0.00000000 1.00000000
vn 0.00000000 0.00000000 1.00000000
vn 0.00000000 0.00000000 1.00000000
vn -0.95105660 -0.30901697 0.00000000
vn -0.95105660 -0.30901697 0.00000000
vn -0.95105660 -0.30901697 0.00000000
vn -0.95105660 -0.30901697 0.00000000
vn 0.95105648 0.30901706 -0.00000000
vn 0.95105648 0.30901706 -0.00000000
vn 0.95105648 0.30901706 -0.00000000
vn 0.95105648 0.30901706 -0.00000000
vn 0.00000000 0.00000000 -1.00000000
vn 0.00000000 0.00000000 -1.00000000
vn 0.00000000 0.00000000 -1.00000000
vn 0.00000000 0.00000000 -1.00000000
vn 0.00000000 0.00000000 1.00000000
vn 0.00000000 0.00000000 1.00000000
vn 0.00000000 0.00000000 1.00000000
vn 0.00000000 0.00000000 1.00000000
vn -0.58778495 -0.80901724 0.00000000
vn -0.58778495 -0.80901724 0.00000000
vn -0.58778495 -0.80901724 0.00000000
vn -0.58778495 -0.80901724 0.00000000
vn 0.58778495 0.80901724 -0.00000000
vn 0.58778495 0.80901724 -0.00000000
vn 0.58778495 0.80901724 -0.00000000
vn 0.58778495 0.80901724 -0.00000000
vn 0.00000000 0.00000000 -1.00000000
vn 0.00000000 0.00000000 -1.00000000
vn 0.00000000 0.00000000 -1.00000000
vn 0.00000000 0.00000000 -1.00000000
vn 0.00000000 0.00000000 1.00000000
vn 0.00000000 0.00000000 1.00000000
vn 0.00000000 0.00000000 1.00000000
vn 0.00000000 0.00000000 1.00000000
vn 0.00000019 -0.99999994 -0.00000000
vn 0.00000019 -0.99999994 -0.00000000
vn 0.00000019 -0.99999994 -0.00000000
vn 0.00000019 -0.99999994 -0.00000000
vn -0.00000025 1.00000000 -0.00000000
vn -0.00000025 1.00000000 -0.00000000
vn -0.00000025 1.00000000 -0.00000000
vn -0.00000025 1.00000000 -0.00000000
vn -0.00000000 0.00000000 -1.00000000
vn -0.00000000 0.00000000 -1.00000000
vn -0.00000000 0.00000000 -1.00000000
vn -0.00000000 0.00000000 -1.00000000
vn 0.00000000 0.00000000 1.00000000
vn 0.00000000 0.00000000 1.00000000
vn 0.00000000 0.00000000 1.00000000
vn 0.00000000 0.00000000 1.00000000
vn 0.58778530 -0.80901688 -0.00000000
vn 0.58778530 -0.80901688 -0.00000000
vn 0.58778530 -0.80901688 -0.00000000
vn 0.58778530 -0.80901688 -0.00000000
vn -0.58778512 0.80901712 -0.00000000
vn -0.58778512 0.80901712 -0.00000000
vn -0.58778512 0.80901712 -0.00000000
vn -0.58778512 0.80901712 -0.00000000
vn 0.00000000 0.00000000 -1.00000000
vn 0.00000000 0.00000000 -1.00000000
vn 0.00000000 0.00000000 -1.00000000
vn 0.00000000 0.00000000 -1.00000000
vn 0.00000000 0.00000000 1.00000000
vn 0.00000000 0.00000000 1.00000000
vn 0.00000000 0.00000000 1.00000000
vn 0.00000000 0.00000000 1.00000000
vn 0.95105660 -0.30901685 -0.00000000
vn 0.95105660 -0.30901685 -0.00000000
vn 0.95105660 -0.30901685 -0.00000000
vn 0.95105660 -0.30901685 -0.00000000
vn -0.95105642 0.30901694 -0.00000000
vn -0.95105642 0.30901694 -0.00000000
vn -0.95105642 0.30901694 -0.00000000
vn -0.95105642 0.30901694 -0.00000000
vn 0.00000000 0.00000000 -1.00000000
vn 0.00000000 0.00000000 -1.00000000
vn 0.00000000 0.00000000 -1.00000000
vn 0.00000000 0.00000000 -1.00000000
vn 0.00000000 -0.00000000 1.00000000
vn 0.00000000 -0.00000000 1.00000000
vn 0.00000000 -0.00000000 1.00000000
vn 0.00000000 -0.00000000 1.00000000
vn 1.00000000 -0.00000000 -0.00000000
vn 1.00000000 -0.00000000 -0.00000000
vn 1.00000000 -0.00000000 -0.00000000
vn 1.00000000 -0.00000000 -0.00000000
vn -1.00000000 -0.00000000 -0.00000000
vn -1.00000000 -0.00000000 -0.00000000
vn -1.00000000 -0.00000000 -0.00000000
vn -1.00000000 -0.00000000 -0.00000000
vn -0.00000000 1.00000000 -0.00000000
vn -0.00000000 1.00000000 -0.00000000
vn -0.00000000 1.00000000 -0.00000000
vn -0.00000000 1.00000000 -0.00000000
vn -0.00000000 -1.00000000 -0.00000000
vn -0.00000000 -1.00000000 -0.00000000
vn -0.00000000 -1.00000000 -0.00000000
vn -0.00000000 -1.00000000 -0.00000000
vn -0.00000000 -0.00000000 1.00000000
vn -0.00000000 -0.00000000 1.00000000
vn -0.00000000 -0.00000000 1.00000000
vn -0.00000000 -0.00000000 1.00000000
vn -0.00000000 -0.00000000 -1.00000000
vn -0.00000000 -0.00000000 -1.00000000
vn -0.00000000 -0.00000000 -1.00000000
vn -0.00000000 -0.00000000 -1.00000000
vn 1.00000000 -0.00000000 -0.00000000
vn 1.00000000 -0.00000000 -0.00000000
vn 1.00000000 -0.00000000 -0.00000000
vn 1.00000000 -0.00000000 -0.00000000
vn -1.00000000 -0.00000000 -0.00000000
vn -1.00000000 -0.00000000 -0.00000000
vn -1.00000000 -0.00000000 -0.00000000
vn -1.00000000 -0.00000000 -0.00000000
vn -0.00000000 1.00000000 -0.00000000
vn -0.00000000 1.00000000 -0.00000000
vn -0.00000000 1.00000000 -0.00000000
vn -0.00000000 1.00000000 -0.00000000
vn -0.00000000 -1.00000000 -0.00000000
vn -0.00000000 -1.00000000 -0.00000000
vn -0.00000000 -1.00000000 -0.00000000
vn -0.00000000 -1.00000000 -0.00000000
vn -0.00000000 -0.00000000 1.00000000
vn -0.00000000 -0.00000000 1.00000000
vn -0.00000000 -0.00000000 1.00000000
vn -0.00000000 -0.00000000 1.00000000
vn -0.00000000 -0.00000000 -1.00000000
vn -0.00000000 -0.00000000 -1.00000000
vn -0.00000000 -0.00000000 -1.00000000
vn -0.00000000 -0.00000000 -1.00000000
vn 0.95105654 0.30901682 -0.00000000
vn 0.95105654 0.30901682 -0.00000000
vn 0.95105654 0.30901682 -0.00000000
vn 0.95105654 0.30901682 -0.00000000
vn -0.95105672 -0.30901656 0.00000000
vn -0.95105672 -0.30901656 0.00000000
vn -0.95105672 -0.30901656 0.00000000
vn -0.95105672 -0.30901656 0.00000000
vn 0.00000000 -0.00000000 -1.00000000
vn 0.00000000 -0.00000000 -1.00000000
vn 0.00000000 -0.00000000 -1.00000000
vn 0.00000000 -0.00000000 -1.00000000
vn 0.00000000 0.00000000 1.00000000
vn 0.00000000 0.00000000 1.00000000
vn 0.00000000 0.00000000 1.00000000
vn 0.00000000 0.00000000 1.00000000
vn 0.58778512 0.80901706 -0.00000000
vn 0.58778512 0.80901706 -0.00000000
vn 0.58778512 0.80901706 -0.00000000
vn 0.58778512 0.80901706 -0.00000000
vn -0.58778512 -0.80901712 0.00000000
vn -0.58778512 -0.80901712 0.00000000
vn -0.58778512 -0.80901712 0.00000000
vn -0.58778512 -0.80901712 0.00000000
vn 0.00000000 0.00000000 -1.00000000
vn 0.00000000 0.00000000 -1.00000000
vn 0.00000000 0.00000000 -1.00000000
vn 0.00000000 0.00000000 -1.00000000
vn 0.00000000 0.00000000 1.00000000
vn 0.00000000 0.00000000 1.00000000
vn 0.00000000 0.00000000 1.00000000
vn 0.00000000 0.00000000 1.00000000
vn -0.00000000 1.00000000 -0.00000000
vn -0.00000000 1.00000000 -0.00000000
vn -0.00000000 1.00000000 -0.00000000
vn -0.00000000 1.00000000 -0.00000000
vn 0.00000020 -1.00000000 -0.00000000
vn 0.00000020 -1.00000000 -0.00000000
vn 0.00000020 -1.00000000 -0.00000000
vn 0.00000020 -1.00000000 -0.00000000
vn 0.00000000 0.00000000 -1.00000000
vn 0.00000000 0.00000000 -1.00000000
vn 0.00000000 0.00000000 -1.00000000
vn 0.00000000 0.00000000 -1.00000000
vn 0.00000000 0.00000000 1.00000000
vn 0.00000000 0.00000000 1.00000000
vn 0.00000000 0.00000000 1.00000000
vn 0.00000000 0.00000000 1.00000000
vn -0.58778542 0.80901694 -0.00000000
vn -0.58778542 0.80901694 -0.00000000
vn -0.58778542 0.80901694 -0.00000000
vn -0.58778542 0.80901694 -0.00000000
vn 0.58778512 -0.80901712 -0.00000000
vn 0.58778512 -0.80901712 -0.00000000
vn 0.58778512 -0.80901712 -0.00000000
vn 0.58778512 -0.80901712 -0.00000000
vn 0.00000000 0.00000000 -1.00000000
vn 0.00000000 0.00000000 -1.00000000
vn 0.00000000 0.00000000 -1.00000000
vn 0.00000000 0.00000000 -1.00000000
vn 0.00000000 0.00000000 1.00000000
vn 0.00000000 0.00000000 1.00000000
vn 0.00000000 0.00000000 1.00000000
vn 0.00000000 0.00000000 1.00000000
vn -0.95105654 0.30901682 -0.00000000
vn -0.95105654 0.30901682 -0.00000000
vn -0.95105654 0.30901682 -0.00000000
vn -0.95105654 0.30901682 -0.00000000
vn 0.95105660 -0.30901691 -0.00000000
vn 0.95105660 -0.30901691 -0.00000000
vn 0.95105660 -0.30901691 -0.00000000
vn 0.95105660 -0.30901691 -0.00000000
vn 0.00000000 0.00000000 -1.00000000
vn 0.00000000 0.00000000 -1.00000000
vn 0.00000000 0.00000000 -1.00000000
vn 0.00000000 0.00000000 -1.00000000
vn 0.00000000 0.00000000 1.00000000
vn 0.00000000 0.00000000 1.00000000
vn 0.00000000 0.00000000 1.00000000
vn 0.00000000 0.00000000 1.00000000
vn -0.95105660 -0.30901679 0.00000000
vn -0.95105660 -0.30901679 0.00000000
vn -0.95105660 -0.30901679 0.00000000
vn -0.95105660 -0.30901679 0.00000000
vn 0.95105648 0.30901727 -0.00000000
vn 0.95105648 0.30901727 -0.00000000
vn 0.95105648 0.30901727 -0.00000000
vn 0.95105648 0.30901727 -0.00000000
vn 0.00000000 0.00000000 -0.99999994
vn 0.00000000 0.00000000 -0.99999994
vn 0.00000000 0.00000000 -0.99999994
vn 0.00000000 0.00000000 -0.99999994
vn 0.00000000 0.00000000 0.99999994
vn 0.00000000 0.00000000 0.99999994
vn 0.00000000 0.00000000 0.99999994
vn 0.00000000 0.00000000 0.99999994
vn -0.58778495 -0.80901730 0.00000000
vn -0.58778495 -0.80901730 0.00000000
vn -0.58778495 -0.80901730 0.00000000
vn -0.58778495 -0.80901730 0.00000000
vn 0.58778512 0.80901700 -0.00000000
vn 0.58778512 0.80901700 -0.00000000
vn 0.58778512 0.80901700 -0.00000000
vn 0.58778512 0.80901700 -0.00000000
vn 0.00000000 0.00000000 -1.00000000
vn 0.00000000 0.00000000 -1.00000000
vn 0.00000000 0.00000000 -1.00000000
vn 0.00000000 0.00000000 -1.00000000
vn 0.00000000 0.00000000 1.00000000
vn 0.00000000 0.00000000 1.00000000
vn 0.00000000 0.00000000 1.00000000
vn 0.00000000 0.00000000 1.00000000
vn 0.00000015 -1.00000000 -0.00000000
vn 0.00000015 -1.00000000 -0.00000000
vn 0.00000015 -1.00000000 -0.00000000
vn 0.00000015 -1.00000000 -0.00000000
vn -0.00000020 1.00000000 -0.00000000
vn -0.00000020 1.00000000 -0.00000000
vn -0.00000020 1.00000000 -0.00000000
vn -0.00000020 1.00000000 -0.00000000
vn -0.00000000 0.00000000 -1.00000000
vn -0.00000000 0.00000000 -1.00000000
vn -0.00000000 0.00000000 -1.00000000
vn -0.00000000 0.00000000 -1.00000000
vn 0.00000000 0.00000000 1.00000000
vn 0.00000000 0.00000000 1.00000000
vn 0.00000000 0.00000000 1.00000000
vn 0.00000000 0.00000000 1.00000000
vn 0.58778536 -0.80901694 -0.00000000
vn 0.58778536 -0.80901694 -0.00000000
vn 0.58778536 -0.80901694 -0.00000000
vn 0.58778536 -0.80901694 -0.00000000
vn -0.58778512 0.80901712 -0.00000000
vn -0.58778512 0.80901712 -0.00000000
vn -0.58778512 0.80901712 -0.00000000
vn -0.58778512 0.80901712 -0.00000000
vn 0.00000000 0.00000000 -1.00000000
vn 0.00000000 0.00000000 -1.00000000
vn 0.00000000 0.00000000 -1.00000000
vn 0.00000000 0.00000000 -1.00000000
vn 0.00000000 0.00000000 1.00000000
vn 0.00000000 0.00000000 1.00000000
vn 0.00000000 0.00000000 1.00000000
vn 0.00000000 0.00000000 1.00000000
vn 0.95105660 -0.30901670 -0.00000000
vn 0.95105660 -0.30901670 -0.00000000
vn 0.95105660 -0.30901670 -0.00000000
vn 0.95105660 -0.30901670 -0.00000000
vn -0.95105666 0.30901647 -0.00000000
vn -0.95105666 0.30901647 -0.00000000
vn -0.95105666 0.30901647 -0.00000000
vn -0.95105666 0.30901647 -0.00000000
vn 0.00000000 0.00000000 -1.00000000
vn 0.00000000 0.00000000 -1.00000000
vn 0.00000000 0.00000000 -1.00000000
vn 0.00000000 0.00000000 -1.00000000
vn 0.00000000 -0.00000000 1.00000000
vn 0.00000000 -0.00000000 1.00000000
vn 0.00000000 -0.00000000 1.00000000
vn 0.00000000 -0.00000000 1.00000000
vn -0.00414156 -0.99998730 0.00286387
vn -0.00414156 -0.99998730 0.00286387
vn -0.00414156 -0.99998730 0.00286387
vn -0.00414156 -0.99998730 0.00286387
vn 0.41737369 0.00087404 0.90873462
vn 0.41737369 0.00087404 0.90873462
vn 0.41737369 0.00087404 0.90873462
vn 0.41737369 0.00087404 0.90873462
vn 0.00414158 0.99998730 -0.00286389
vn 0.00414158 0.99998730 -0.00286389
vn 0.00414158 0.99998730 -0.00286389
vn 0.00414158 0.99998730 -0.00286389
vn -0.70287949 0.00087370 -0.71130842
vn -0.70287949 0.00087370 -0.71130842
vn -0.70287949 0.00087370 -0.71130842
vn -0.70287949 0.00087370 -0.71130842
vn 0.82249409 -0.00503521 -0.56875128
vn 0.82249409 -0.00503521 -0.56875128
vn 0.82249409 -0.00503521 -0.56875128
vn 0.82249409 -0.00503521 -0.56875128
vn -0.82249415 0.00503527 0.56875128
vn -0.82249415 0.00503527 0.56875128
vn -0.82249415 0.00503527 0.56875128
vn -0.82249415 0.00503527 0.56875128
vn 0.00414156 -0.99998736 0.00286387
vn 0.00414156 -0.99998736 0.00286387
vn 0.00414156 -0.99998736 0.00286387
vn 0.00414156 -0.99998736 0.00286387
vn 0.70287961 0.00087370 -0.71130836
vn 0.70287961 0.00087370 -0.71130836
vn 0.70287961 0.00087370 -0.71130836
vn 0.70287961 0.00087370 -0.71130836
vn -0.00414158 0.99998736 -0.00286389
vn -0.00414158 0.99998736 -0.00286389
vn -0.00414158 0.99998736 -0.00286389
vn -0.00414158 0.99998736 -0.00286389
vn -0.41737363 0.00087404 0.90873456
vn -0.41737363 0.00087404 0.90873456
vn -0.41737363 0.00087404 0.90873456
vn -0.41737363 0.00087404 0.90873456
vn -0.82249409 -0.00503541 -0.56875128
vn -0.82249409 -0.00503541 -0.56875128
vn -0.82249409 -0.00503541 -0.56875128
vn -0.82249409 -0.00503541 -0.56875128
vn 0.82249415 0.00503564 0.56875128
vn 0.82249415 0.00503564 0.56875128
vn 0.82249415 0.00503564 0.56875128
vn 0.82249415 0.00503564 0.56875128
vn 0.49996388 0.67432201 -0.54343897
vn 0.49996388 0.67432201 -0.54343897
vn 0.49996388 0.67432201 -0.54343897
vn 0.49996388 0.67432201 -0.54343897
vn 0.16498955 0.94264436 -0.29017225
vn 0.16498955 0.94264436 -0.29017225
vn 0.16498955 0.94264436 -0.29017225
vn 0.16498955 0.94264436 -0.29017225
vn 0.00000000 0.97036171 -0.24165685
vn 0.00000000 0.97036171 -0.24165685
vn 0.00000000 0.97036171 -0.24165685
vn 0.00000000 0.97036171 -0.24165685
vn -0.16498955 0.94264436 -0.29017237
vn -0.16498955 0.94264436 -0.29017237
vn -0.16498955 0.94264436 -0.29017237
vn -0.16498955 0.94264436 -0.29017237
vn -0.49996394 0.67432189 -0.54343903
vn -0.49996394 0.67432189 -0.54343903
vn -0.49996394 0.67432189 -0.54343903
vn -0.49996394 0.67432189 -0.54343903
vn -0.49996382 -0.67432213 -0.54343891
vn -0.49996382 -0.67432213 -0.54343891
vn -0.49996382 -0.67432213 -0.54343891
vn -0.49996382 -0.67432213 -0.54343891
vn -0.16498949 -0.94264448 -0.29017225
vn -0.16498949 -0.94264448 -0.29017225
vn -0.16498949 -0.94264448 -0.29017225
vn -0.16498949 -0.94264448 -0.29017225
vn 0.00000000 -0.97036177 -0.24165690
vn 0.00000000 -0.97036177 -0.24165690
vn 0.00000000 -0.97036177 -0.24165690
vn 0.00000000 -0.97036177 -0.24165690
vn 0.16498964 -0.94264442 -0.29017246
vn 0.16498964 -0.94264442 -0.29017246
vn 0.16498964 -0.94264442 -0.29017246
vn 0.16498964 -0.94264442 -0.29017246
vn 0.49996382 -0.67432213 -0.54343879
vn 0.49996382 -0.67432213 -0.54343879
vn 0.49996382 -0.67432213 -0.54343879
vn 0.49996382 -0.67432213 -0.54343879
vn 0.58565211 0.78989321 -0.18187954
vn 0.58565211 0.78989321 -0.18187954
vn 0.58565211 0.78989321 -0.18187954
vn 0.58565211 0.78989321 -0.18187954
vn 0.17176396 0.98134989 -0.08631068
vn 0.17176396 0.98134989 -0.08631068
vn 0.17176396 0.98134989 -0.08631068
vn 0.17176396 0.98134989 -0.08631068
vn 0.00000000 0.99747819 -0.07097441
vn 0.00000000 0.99747819 -0.07097441
vn 0.00000000 0.99747819 -0.07097441
vn 0.00000000 0.99747819 -0.07097441
vn -0.17176397 0.98134995 -0.08631058
vn -0.17176397 0.98134995 -0.08631058
vn -0.17176397 0.98134995 -0.08631058
vn -0.17176397 0.98134995 -0.08631058
vn -0.58565211 0.78989321 -0.18187965
vn -0.58565211 0.78989321 -0.18187965
vn -0.58565211 0.78989321 -0.18187965
vn -0.58565211 0.78989321 -0.18187965
vn -0.58565205 -0.78989339 -0.18187961
vn -0.58565205 -0.78989339 -0.18187961
vn -0.58565205 -0.78989339 -0.18187961
vn -0.58565205 -0.78989339 -0.18187961
vn -0.17176399 -0.98134989 -0.08631055
vn -0.17176399 -0.98134989 -0.08631055
vn -0.17176399 -0.98134989 -0.08631055
vn -0.17176399 -0.98134989 -0.08631055
vn 0.00000010 -0.99747813 -0.07097441
vn 0.00000010 -0.99747813 -0.07097441
vn 0.00000010 -0.99747813 -0.07097441
vn 0.00000010 -0.99747813 -0.07097441
vn 0.17176403 -0.98134989 -0.08631058
vn 0.17176403 -0.98134989 -0.08631058
vn 0.17176403 -0.98134989 -0.08631058
vn 0.17176403 -0.98134989 -0.08631058
vn 0.58565205 -0.78989339 -0.18187964
vn 0.58565205 -0.78989339 -0.18187964
vn 0.58565205 -0.78989339 -0.18187964
vn 0.58565205 -0.78989339 -0.18187964
vn 0.58309573 0.78644580 0.20372136
vn 0.58309573 0.78644580 0.20372136
vn 0.58309573 0.78644580 0.20372136
vn 0.58309573 0.78644580 0.20372136
vn 0.17159435 0.98038042 0.09700352
vn 0.17159435 0.98038042 0.09700352
vn 0.17159435 0.98038042 0.09700352
vn 0.17159435 0.98038042 0.09700352
vn 0.00000000 0.99681145 0.07979278
vn 0.00000000 0.99681145 0.07979278
vn 0.00000000 0.99681145 0.07979278
vn 0.00000000 0.99681145 0.07979278
vn -0.17159435 0.98038042 0.09700362
vn -0.17159435 0.98038042 0.09700362
vn -0.17159435 0.98038042 0.09700362
vn -0.17159435 0.98038042 0.09700362
vn -0.58309585 0.78644568 0.20372155
vn -0.58309585 0.78644568 0.20372155
vn -0.58309585 0.78644568 0.20372155
vn -0.58309585 0.78644568 0.20372155
vn -0.58309579 -0.78644574 0.20372145
vn -0.58309579 -0.78644574 0.20372145
vn -0.58309579 -0.78644574 0.20372145
vn -0.58309579 -0.78644574 0.20372145
vn -0.17159419 -0.98038042 0.09700350
vn -0.17159419 -0.98038042 0.09700350
vn -0.17159419 -0.98038042 0.09700350
vn -0.17159419 -0.98038042 0.09700350
vn 0.00000000 -0.99681145 0.07979278
vn 0.00000000 -0.99681145 0.07979278
vn 0.00000000 -0.99681145 0.07979278
vn 0.00000000 -0.99681145 0.07979278
vn 0.17159441 -0.98038030 0.09700353
vn 0.17159441 -0.98038030 0.09700353
vn 0.17159441 -0.98038030 0.09700353
vn 0.17159441 -0.98038030 0.09700353
vn 0.58309561 -0.78644580 0.20372148
vn 0.58309561 -0.78644580 0.20372148
vn 0.58309561 -0.78644580 0.20372148
vn 0.58309561 -0.78644580 0.20372148
vn 0.49996400 0.67432189 0.54343897
vn 0.49996400 0.67432189 0.54343897
vn 0.49996400 0.67432189 0.54343897
vn 0.49996400 0.67432189 0.54343897
vn 0.16498935 0.94264454 0.29017216
vn 0.16498935 0.94264454 0.29017216
vn 0.16498935 0.94264454 0.29017216
vn 0.16498935 0.94264454 0.29017216
vn 0.00000000 0.97036177 0.24165688
vn 0.00000000 0.97036177 0.24165688
vn 0.00000000 0.97036177 0.24165688
vn 0.00000000 0.97036177 0.24165688
vn -0.16498959 0.94264442 0.29017228
vn -0.16498959 0.94264442 0.29017228
vn -0.16498959 0.94264442 0.29017228
vn -0.16498959 0.94264442 0.29017228
vn -0.49996388 0.67432213 0.54343879
vn -0.49996388 0.67432213 0.54343879
vn -0.49996388 0.67432213 0.54343879
vn -0.49996388 0.67432213 0.54343879
vn -0.49996394 -0.67432213 0.54343885
vn -0.49996394 -0.67432213 0.54343885
vn -0.49996394 -0.67432213 0.54343885
vn -0.49996394 -0.67432213 0.54343885
vn -0.16498929 -0.94264460 0.29017210
vn -0.16498929 -0.94264460 0.29017210
vn -0.16498929 -0.94264460 0.29017210
vn -0.16498929 -0.94264460 0.29017210
vn 0.00000000 -0.97036171 0.24165700
vn 0.00000000 -0.97036171 0.24165700
vn 0.00000000 -0.97036171 0.24165700
vn 0.00000000 -0.97036171 0.24165700
vn 0.16498955 -0.94264436 0.29017231
vn 0.16498955 -0.94264436 0.29017231
vn 0.16498955 -0.94264436 0.29017231
vn 0.16498955 -0.94264436 0.29017231
vn 0.49996385 -0.67432225 0.54343873
vn 0.49996385 -0.67432225 0.54343873
vn 0.49996385 -0.67432225 0.54343873
vn 0.49996385 -0.67432225 0.54343873
vn -0.00000000 -0.00000000 -0.99999994
vn -0.00000000 -0.00000000 -0.99999994
vn -0.00000000 -0.00000000 -0.99999994
vn -0.00000000 -0.00000000 -1.00000000
vn -0.00000000 -0.00000000 -1.00000000
vn -0.00000000 -0.00000000 -1.00000000
vn -0.00000000 0.00000000 -1.00000000
vn -0.00000000 0.00000000 -1.00000000
vn -0.00000000 0.00000000 -1.00000000
vn -0.00000000 -0.00000000 -1.00000000
vn -0.00000000 -0.00000000 -1.00000000
vn -0.00000000 -0.00000000 -1.00000000
vn -0.00000000 -0.00000000 -0.99999994
vn -0.00000000 -0.00000000 -0.99999994
vn -0.00000000 -0.00000000 -0.99999994
vn -0.00000000 -0.00000000 -0.99999994
vn -0.00000000 -0.00000000 -0.99999994
vn -0.00000000 -0.00000000 -0.99999994
vn -0.00000000 -0.00000000 -1.00000000
vn -0.00000000 -0.00000000 -1.00000000
vn -0.00000000 -0.00000000 -1.00000000
vn -0.00000000 -0.00000000 -1.00000000
vn -0.00000000 -0.00000000 -1.00000000
vn -0.00000000 -0.00000000 -1.00000000
vn -0.00000000 -0.00000000 -1.00000000
vn -0.00000000 -0.00000000 -1.00000000
vn -0.00000000 -0.00000000 -1.00000000
vn 0.00000000 -0.00000000 -0.99999994
vn 0.00000000 -0.00000000 -0.99999994
vn 0.00000000 -0.00000000 -0.99999994
vn 0.00000000 0.00000000 1.00000000
vn 0.00000000 0.00000000 1.00000000
vn 0.00000000 0.00000000 1.00000000
vn 0.00000000 0.00000000 1.00000000
vn 0.00000000 0.00000000 1.00000000
vn 0.00000000 0.00000000 1.00000000
vn 0.00000000 -0.00000000 1.00000000
vn 0.00000000 -0.00000000 1.00000000
vn 0.00000000 -0.00000000 1.00000000
vn 0.00000000 0.00000000 1.00000000
vn 0.00000000 0.00000000 1.00000000
vn 0.00000000 0.00000000 1.00000000
vn 0.00000000 0.00000000 1.00000000
vn 0.00000000 0.00000000 1.00000000
vn 0.00000000 0.00000000 1.00000000
vn 0.00000000 0.00000000 1.00000000
vn 0.00000000 0.00000000 1.00000000
vn 0.00000000 0.00000000 1.00000000
vn 0.00000000 0.00000000 1.00000000
vn 0.00000000 0.00000000 1.00000000
vn 0.00000000 0.00000000 1.00000000
vn 0.00000000 0.00000000 1.00000000
vn 0.00000000 0.00000000 1.00000000
vn 0.00000000 0.00000000 1.00000000
vn 0.00000000 0.00000000 1.00000000
vn 0.00000000 0.00000000 1.00000000
vn 0.00000000 0.00000000 1.00000000
vn -0.00000000 0.00000000 1.00000000
vn -0.00000000 0.00000000 1.00000000
vn -0.00000000 0.00000000 1.00000000
vn 0.00000000 -0.99999994 0.00000000
vn 0.00000000 -0.99999994 0.00000000
vn 0.00000000 -0.99999994 0.00000000
vn 0.00000000 -0.99999994 0.00000000
vn 0.99654573 -0.00000000 0.08304547
vn 0.99654573 -0.00000000 0.08304547
vn 0.99654573 -0.00000000 0.08304547
vn 0.99654573 -0.00000000 0.08304547
vn 0.00000000 0.99999994 0.00000000
vn 0.00000000 0.99999994 0.00000000
vn 0.00000000 0.99999994 0.00000000
vn 0.00000000 0.99999994 0.00000000
vn -0.99654573 0.00000000 0.08304547
vn -0.99654573 0.00000000 0.08304547
vn -0.99654573 0.00000000 0.08304547
vn -0.99654573 0.00000000 0.08304547
vn 0.00000000 0.00000000 -1.00000000
vn 0.00000000 0.00000000 -1.00000000
vn 0.00000000 0.00000000 -1.00000000
vn 0.00000000 0.00000000 -1.00000000
vn 0.00000000 0.00000000 1.00000000
vn 0.00000000 0.00000000 1.00000000
vn 0.00000000 0.00000000 1.00000000
vn 0.00000000 0.00000000 1.00000000
vn 0.00000000 -1.00000000 0.00000000
vn 0.00000000 -1.00000000 0.00000000
vn 0.00000000 -1.00000000 0.00000000
vn 0.00000000 -1.00000000 0.00000000
vn 0.99845934 -0.00000000 0.05548899
vn 0.99845934 -0.00000000 0.05548899
vn 0.99845934 -0.00000000 0.05548899
vn 0.99845934 -0.00000000 0.05548899
vn 0.00000000 1.00000000 0.00000000
vn 0.00000000 1.00000000 0.00000000
vn 0.00000000 1.00000000 0.00000000
vn 0.00000000 1.00000000 0.00000000
vn -0.99845934 0.00000000 0.05548899
vn -0.99845934 0.00000000 0.05548899
vn -0.99845934 0.00000000 0.05548899
vn -0.99845934 0.00000000 0.05548899
vn 0.00000000 0.00000000 -1.00000000
vn 0.00000000 0.00000000 -1.00000000
vn 0.00000000 0.00000000 -1.00000000
vn 0.00000000 0.00000000 -1.00000000
vn 0.00000000 0.00000000 1.00000000
vn 0.00000000 0.00000000 1.00000000
vn 0.00000000 0.00000000 1.00000000
vn 0.00000000 0.00000000 1.00000000
vn 0.00000000 -1.00000000 0.00000000
vn 0.00000000 -1.00000000 0.00000000
vn 0.00000000 -1.00000000 0.00000000
vn 0.00000000 -1.00000000 0.00000000
vn 0.99845934 -0.00000000 0.05548899
vn 0.99845934 -0.00000000 0.05548899
vn 0.99845934 -0.00000000 0.05548899
vn 0.99845934 -0.00000000 0.05548899
vn 0.00000000 1.00000000 0.00000000
vn 0.00000000 1.00000000 0.00000000
vn 0.00000000 1.00000000 0.00000000
vn 0.00000000 1.00000000 0.00000000
vn -0.99845934 0.00000000 0.05548899
vn -0.99845934 0.00000000 0.05548899
vn -0.99845934 0.00000000 0.05548899
vn -0.99845934 0.00000000 0.05548899
vn 0.00000000 0.00000000 -1.00000000
vn 0.00000000 0.00000000 -1.00000000
vn 0.00000000 0.00000000 -1.00000000
vn 0.00000000 0.00000000 -1.00000000
vn 0.00000000 0.00000000 1.00000000
vn 0.00000000 0.00000000 1.00000000
vn 0.00000000 0.00000000 1.00000000
vn 0.00000000 0.00000000 1.00000000
vn 0.27816266 0.90446758 0.32336342
vn 0.27816266 0.90446758 0.32336342
vn 0.27816266 0.90446758 0.32336342
vn 0.27816266 0.90446758 0.32336342
vn 0.31850177 0.85209554 0.41531909
vn 0.31850177 0.85209554 0.41531909
vn 0.31850177 0.85209554 0.41531909
vn 0.31850177 0.85209554 0.41531909
vn 0.39011848 0.80090088 0.45427445
vn 0.39011848 0.80090088 0.45427445
vn 0.39011848 0.80090088 0.45427445
vn 0.39011848 0.80090088 0.45427445
vn 0.47750679 0.75998116 0.44092619
vn 0.47750679 0.75998116 0.44092619
vn 0.47750679 0.75998116 0.44092619
vn 0.47750679 0.75998116 0.44092619
vn 0.55288333 0.74325299 0.37668946
vn 0.55288333 0.74325299 0.37668946
vn 0.55288333 0.74325299 0.37668946
vn 0.55288333 0.74325299 0.37668946
vn 0.59289968 0.75862902 0.27009621
vn 0.59289968 0.75862902 0.27009621
vn 0.59289968 0.75862902 0.27009621
vn 0.59289968 0.75862902 0.27009621
vn 0.59158295 0.78987920 0.16161792
vn 0.59158295 0.78987920 0.16161792
vn 0.59158295 0.78987920 0.16161792
vn 0.59158295 0.78987920 0.16161792
vn 0.54653090 0.83458906 0.06903040
vn 0.54653090 0.83458906 0.06903040
vn 0.54653090 0.83458906 0.06903040
vn 0.54653090 0.83458906 0.06903040
vn 0.46648517 0.88413078 0.02654017
vn 0.46648517 0.88413078 0.02654017
vn 0.46648517 0.88413078 0.02654017
vn 0.46648517 0.88413078 0.02654017
vn 0.38220307 0.92310369 0.04243092
vn 0.38220307 0.92310369 0.04243092
vn 0.38220307 0.92310369 0.04243092
vn 0.38220307 0.92310369 0.04243092
vn 0.31139481 0.94387746 0.11012979
vn 0.31139481 0.94387746 0.11012979
vn 0.31139481 0.94387746 0.11012979
vn 0.31139481 0.94387746 0.11012979
vn 0.27727529 0.93700963 0.21244144
vn 0.27727529 0.93700963 0.21244144
vn 0.27727529 0.93700963 0.21244144
vn 0.27727529 0.93700963 0.21244144
vn -0.23462461 0.84909439 0.47327572
vn -0.23462461 0.84909439 0.47327572
vn -0.23462461 0.84909439 0.47327572
vn -0.23462461 0.84909439 0.47327572
vn -0.06803158 0.65061814 0.75635153
vn -0.06803158 0.65061814 0.75635153
vn -0.06803158 0.65061814 0.75635153
vn -0.06803158 0.65061814 0.75635153
vn 0.18209624 0.46780691 0.86486858
vn 0.18209624 0.46780691 0.86486858
vn 0.18209624 0.46780691 0.86486858
vn 0.18209624 0.46780691 0.86486858
vn 0.46266544 0.33969513 0.81886989
vn 0.46266544 0.33969513 0.81886989
vn 0.46266544 0.33969513 0.81886989
vn 0.46266544 0.33969513 0.81886989
vn 0.72134781 0.30132601 0.62358648
vn 0.72134781 0.30132601 0.62358648
vn 0.72134781 0.30132601 0.62358648
vn 0.72134781 0.30132601 0.62358648
vn 0.89350438 0.34564757 0.28666618
vn 0.89350438 0.34564757 0.28666618
vn 0.89350438 0.34564757 0.28666618
vn 0.89350438 0.34564757 0.28666618
vn 0.88479775 0.45557666 -0.09789204
vn 0.88479775 0.45557666 -0.09789204
vn 0.88479775 0.45557666 -0.09789204
vn 0.88479775 0.45557666 -0.09789204
vn 0.70242733 0.59649479 -0.38831663
vn 0.70242733 0.59649479 -0.38831663
vn 0.70242733 0.59649479 -0.38831663
vn 0.70242733 0.59649479 -0.38831663
vn 0.42701191 0.74085784 -0.51845008
vn 0.42701191 0.74085784 -0.51845008
vn 0.42701191 0.74085784 -0.51845008
vn 0.42701191 0.74085784 -0.51845008
vn 0.14827946 0.86461782 -0.48005140
vn 0.14827946 0.86461782 -0.48005140
vn 0.14827946 0.86461782 -0.48005140
vn 0.14827946 0.86461782 -0.48005140
vn -0.09159575 0.95772034 -0.27273056
vn -0.09159575 0.95772034 -0.27273056
vn -0.09159575 0.95772034 -0.27273056
vn -0.09159575 0.95772034 -0.27273056
vn -0.24578458 0.96591902 0.08118100
vn -0.24578458 0.96591902 0.08118100
vn -0.24578458 0.96591902 0.08118100
vn -0.24578458 0.96591902 0.08118100
vn -0.34815142 0.79761052 0.49255249
vn -0.34815142 0.79761052 0.49255249
vn -0.34815142 0.79761052 0.49255249
vn -0.34815142 0.79761052 0.49255249
vn -0.15949990 0.56891364 0.80678195
vn -0.15949990 0.56891364 0.80678195
vn -0.15949990 0.56891364 0.80678195
vn -0.15949990 0.56891364 0.80678195
vn 0.12502649 0.36212701 0.92370582
vn 0.12502649 0.36212701 0.92370582
vn 0.12502649 0.36212701 0.92370582
vn 0.12502649 0.36212701 0.92370582
vn 0.43700853 0.22862117 0.86991709
vn 0.43700853 0.22862117 0.86991709
vn 0.43700853 0.22862117 0.86991709
vn 0.43700853 0.22862117 0.86991709
vn 0.73713583 0.16950344 0.65414017
vn 0.73713583 0.16950344 0.65414017
vn 0.73713583 0.16950344 0.65414017
vn 0.73713583 0.16950344 0.65414017
vn 0.93458629 0.21957466 0.27988464
vn 0.93458629 0.21957466 0.27988464
vn 0.93458629 0.21957466 0.27988464
vn 0.93458629 0.21957466 0.27988464
vn 0.92503643 0.34858686 -0.15097921
vn 0.92503643 0.34858686 -0.15097921
vn 0.92503643 0.34858686 -0.15097921
vn 0.92503643 0.34858686 -0.15097921
vn 0.70907760 0.51610726 -0.48046038
vn 0.70907760 0.51610726 -0.48046038
vn 0.70907760 0.51610726 -0.48046038
vn 0.70907760 0.51610726 -0.48046038
vn 0.39606223 0.67298311 -0.62468278
vn 0.39606223 0.67298311 -0.62468278
vn 0.39606223 0.67298311 -0.62468278
vn 0.39606223 0.67298311 -0.62468278
vn 0.09415271 0.81174898 -0.57636702
vn 0.09415271 0.81174898 -0.57636702
vn 0.09415271 0.81174898 -0.57636702
vn 0.09415271 0.81174898 -0.57636702
vn -0.18391110 0.91941434 -0.34764078
vn -0.18391110 0.91941434 -0.34764078
vn -0.18391110 0.91941434 -0.34764078
vn -0.18391110 0.91941434 -0.34764078
vn -0.35789773 0.93271190 0.04424613
vn -0.35789773 0.93271190 0.04424613
vn -0.35789773 0.93271190 0.04424613
vn -0.35789773 0.93271190 0.04424613
vn -0.44103530 -0.86267442 -0.24754931
vn -0.44103530 -0.86267442 -0.24754931
vn -0.44103530 -0.86267442 -0.24754931
vn -0.44185668 -0.86178607 -0.24917367
vn -0.44185668 -0.86178607 -0.24917367
vn -0.44185668 -0.86178607 -0.24917367
vn -0.43816772 -0.86427462 -0.24705940
vn -0.43816772 -0.86427462 -0.24705940
vn -0.43816772 -0.86427462 -0.24705940
vn -0.44044194 -0.86322367 -0.24668983
vn -0.44044194 -0.86322367 -0.24668983
vn -0.44044194 -0.86322367 -0.24668983
vn -0.44006363 -0.86331606 -0.24704142
vn -0.44006363 -0.86331606 -0.24704142
vn -0.44006363 -0.86331606 -0.24704142
vn -0.44082111 -0.86347950 -0.24511230
vn -0.44082111 -0.86347950 -0.24511230
vn -0.44082111 -0.86347950 -0.24511230
vn -0.44088221 -0.86273015 -0.24762805
vn -0.44088221 -0.86273015 -0.24762805
vn -0.44088221 -0.86273015 -0.24762805
vn -0.44077185 -0.86284912 -0.24741010
vn -0.44077185 -0.86284912 -0.24741010
vn -0.44077185 -0.86284912 -0.24741010
vn -0.43999904 -0.86337119 -0.24696371
vn -0.43999904 -0.86337119 -0.24696371
vn -0.43999904 -0.86337119 -0.24696371
vn -0.44048873 -0.86314440 -0.24688359
vn -0.44048873 -0.86314440 -0.24688359
vn -0.44048873 -0.86314440 -0.24688359
vn -0.44018015 -0.86321968 -0.24717054
vn -0.44018015 -0.86321968 -0.24717054
vn -0.44018015 -0.86321968 -0.24717054
vn -0.44097710 -0.86339176 -0.24514036
vn -0.44097710 -0.86339176 -0.24514036
vn -0.44097710 -0.86339176 -0.24514036
vn -0.00812164 0.90998554 0.41456059
vn -0.00812164 0.90998554 0.41456059
vn -0.00812164 0.90998554 0.41456059
vn 0.10494132 0.77389628 0.62455732
vn 0.10494132 0.77389628 0.62455732
vn 0.10494132 0.77389628 0.62455732
vn 0.29197669 0.63299310 0.71698636
vn 0.29197669 0.63299310 0.71698636
vn 0.29197669 0.63299310 0.71698636
vn 0.49735647 0.53772479 0.68080002
vn 0.49735647 0.53772479 0.68080002
vn 0.49735647 0.53772479 0.68080002
vn 0.66224480 0.51145065 0.54758561
vn 0.66224480 0.51145065 0.54758561
vn 0.66224480 0.51145065 0.54758561
vn 0.78492564 0.54846871 0.28822523
vn 0.78492564 0.54846871 0.28822523
vn 0.78492564 0.54846871 0.28822523
vn 0.77805114 0.62769490 0.02520808
vn 0.77805114 0.62769490 0.02520808
vn 0.77805114 0.62769490 0.02520808
vn 0.65184402 0.73293620 -0.19468914
vn 0.65184402 0.73293620 -0.19468914
vn 0.65184402 0.73293620 -0.19468914
vn 0.47258827 0.83219898 -0.29000875
vn 0.47258827 0.83219898 -0.29000875
vn 0.47258827 0.83219898 -0.29000875
vn 0.25632110 0.93175095 -0.25717625
vn 0.25632110 0.93175095 -0.25717625
vn 0.25632110 0.93175095 -0.25717625
vn 0.08495979 0.99114048 -0.10209027
vn 0.08495979 0.99114048 -0.10209027
vn 0.08495979 0.99114048 -0.10209027
vn -0.01374525 0.98857337 0.15011263
vn -0.01374525 0.98857337 0.15011263
vn -0.01374525 0.98857337 0.15011263
vn -0.27961436 0.90459460 0.32175225
vn -0.27961436 0.90459460 0.32175225
vn -0.27961436 0.90459460 0.32175225
vn -0.27961436 0.90459460 0.32175225
vn -0.32091191 0.85463136 0.40819210
vn -0.32091191 0.85463136 0.40819210
vn -0.32091191 0.85463136 0.40819210
vn -0.32091191 0.85463136 0.40819210
vn -0.39021811 0.80015433 0.45550302
vn -0.39021811 0.80015433 0.45550302
vn -0.39021811 0.80015433 0.45550302
vn -0.39021811 0.80015433 0.45550302
vn -0.47669995 0.76116228 0.43976024
vn -0.47669995 0.76116228 0.43976024
vn -0.47669995 0.76116228 0.43976024
vn -0.47669995 0.76116228 0.43976024
vn -0.54986805 0.74588656 0.37589681
vn -0.54986805 0.74588656 0.37589681
vn -0.54986805 0.74588656 0.37589681
vn -0.54986805 0.74588656 0.37589681
vn -0.59842968 0.75524050 0.26738328
vn -0.59842968 0.75524050 0.26738328
vn -0.59842968 0.75524050 0.26738328
vn -0.59842968 0.75524050 0.26738328
vn -0.59031212 0.79041845 0.16361649
vn -0.59031212 0.79041845 0.16361649
vn -0.59031212 0.79041845 0.16361649
vn -0.59031212 0.79041845 0.16361649
vn -0.54578757 0.83461720 0.07436524
vn -0.54578757 0.83461720 0.07436524
vn -0.54578757 0.83461720 0.07436524
vn -0.54578757 0.83461720 0.07436524
vn -0.46541694 0.88480508 0.02251800
vn -0.46541694 0.88480508 0.02251800
vn -0.46541694 0.88480508 0.02251800
vn -0.46541694 0.88480508 0.02251800
vn -0.38061139 0.92384547 0.04055185
vn -0.38061139 0.92384547 0.04055185
vn -0.38061139 0.92384547 0.04055185
vn -0.38061139 0.92384547 0.04055185
vn -0.31077766 0.94410330 0.10993665
vn -0.31077766 0.94410330 0.10993665
vn -0.31077766 0.94410330 0.10993665
vn -0.31077766 0.94410330 0.10993665
vn -0.27190045 0.93817395 0.21424249
vn -0.27190045 0.93817395 0.21424249
vn -0.27190045 0.93817395 0.21424249
vn -0.27190045 0.93817395 0.21424249
vn 0.23686594 0.84622252 0.47728595
vn 0.23686594 0.84622252 0.47728595
vn 0.23686594 0.84622252 0.47728595
vn 0.23686594 0.84622252 0.47728595
vn 0.06820025 0.64841408 0.75822681
vn 0.06820025 0.64841408 0.75822681
vn 0.06820025 0.64841408 0.75822681
vn 0.06820025 0.64841408 0.75822681
vn -0.18320315 0.46382242 0.86677873
vn -0.18320315 0.46382242 0.86677873
vn -0.18320315 0.46382242 0.86677873
vn -0.18320315 0.46382242 0.86677873
vn -0.46092597 0.34276336 0.81857228
vn -0.46092597 0.34276336 0.81857228
vn -0.46092597 0.34276336 0.81857228
vn -0.46092597 0.34276336 0.81857228
vn -0.72672123 0.29497397 0.62037611
vn -0.72672123 0.29497397 0.62037611
vn -0.72672123 0.29497397 0.62037611
vn -0.72672123 0.29497397 0.62037611
vn -0.89288777 0.34630111 0.28779700
vn -0.89288777 0.34630111 0.28779700
vn -0.89288777 0.34630111 0.28779700
vn -0.89288777 0.34630111 0.28779700
vn -0.88450301 0.45844755 -0.08648863
vn -0.88450301 0.45844755 -0.08648863
vn -0.88450301 0.45844755 -0.08648863
vn -0.88450301 0.45844755 -0.08648863
vn -0.70222008 0.59642422 -0.38879943
vn -0.70222008 0.59642422 -0.38879943
vn -0.70222008 0.59642422 -0.38879943
vn -0.70222008 0.59642422 -0.38879943
vn -0.42372099 0.74051541 -0.52162963
vn -0.42372099 0.74051541 -0.52162963
vn -0.42372099 0.74051541 -0.52162963
vn -0.42372099 0.74051541 -0.52162963
vn -0.15489335 0.86482209 -0.47758859
vn -0.15489335 0.86482209 -0.47758859
vn -0.15489335 0.86482209 -0.47758859
vn -0.15489335 0.86482209 -0.47758859
vn 0.09515041 0.95750624 -0.27226484
vn 0.09515041 0.95750624 -0.27226484
vn 0.09515041 0.95750624 -0.27226484
vn 0.09515041 0.95750624 -0.27226484
vn 0.24314918 0.96674484 0.07926468
vn 0.24314918 0.96674484 0.07926468
vn 0.24314918 0.96674484 0.07926468
vn 0.24314918 0.96674484 0.07926468
vn 0.34694490 0.80177027 0.48661435
vn 0.34694490 0.80177027 0.48661435
vn 0.34694490 0.80177027 0.48661435
vn 0.34694490 0.80177027 0.48661435
vn 0.16085587 0.57399434 0.80290461
vn 0.16085587 0.57399434 0.80290461
vn 0.16085587 0.57399434 0.80290461
vn 0.16085587 0.57399434 0.80290461
vn -0.13051306 0.35287353 0.92652398
vn -0.13051306 0.35287353 0.92652398
vn -0.13051306 0.35287353 0.92652398
vn -0.13051306 0.35287353 0.92652398
vn -0.44440347 0.22053239 0.86825746
vn -0.44440347 0.22053239 0.86825746
vn -0.44440347 0.22053239 0.86825746
vn -0.44440347 0.22053239 0.86825746
vn -0.72177577 0.18119088 0.66798919
vn -0.72177577 0.18119088 0.66798919
vn -0.72177577 0.18119088 0.66798919
vn -0.72177577 0.18119088 0.66798919
vn -0.93548518 0.21895254 0.27735773
vn -0.93548518 0.21895254 0.27735773
vn -0.93548518 0.21895254 0.27735773
vn -0.93548518 0.21895254 0.27735773
vn -0.92455906 0.34842825 -0.15423504
vn -0.92455906 0.34842825 -0.15423504
vn -0.92455906 0.34842825 -0.15423504
vn -0.92455906 0.34842825 -0.15423504
vn -0.70473742 0.51634920 -0.48654762
vn -0.70473742 0.51634920 -0.48654762
vn -0.70473742 0.51634920 -0.48654762
vn -0.70473742 0.51634920 -0.48654762
vn -0.41199911 0.67175758 -0.61562848
vn -0.41199911 0.67175758 -0.61562848
vn -0.41199911 0.67175758 -0.61562848
vn -0.41199911 0.67175758 -0.61562848
vn -0.07955737 0.81273228 -0.57718009
vn -0.07955737 0.81273228 -0.57718009
vn -0.07955737 0.81273228 -0.57718009
vn -0.07955737 0.81273228 -0.57718009
vn 0.18678294 0.91933960 -0.34630445
vn 0.18678294 0.91933960 -0.34630445
vn 0.18678294 0.91933960 -0.34630445
vn 0.18678294 0.91933960 -0.34630445
vn 0.36116675 0.93123662 0.04854817
vn 0.36116675 0.93123662 0.04854817
vn 0.36116675 0.93123662 0.04854817
vn 0.36116675 0.93123662 0.04854817
vn 0.44103530 -0.86267442 -0.24754931
vn 0.44103530 -0.86267442 -0.24754931
vn 0.44103530 -0.86267442 -0.24754931
vn 0.44185668 -0.86178607 -0.24917367
vn 0.44185668 -0.86178607 -0.24917367
vn 0.44185668 -0.86178607 -0.24917367
vn 0.43816772 -0.86427462 -0.24705940
vn 0.43816772 -0.86427462 -0.24705940
vn 0.43816772 -0.86427462 -0.24705940
vn 0.44044194 -0.86322367 -0.24668983
vn 0.44044194 -0.86322367 -0.24668983
vn 0.44044194 -0.86322367 -0.24668983
vn 0.44006363 -0.86331606 -0.24704142
vn 0.44006363 -0.86331606 -0.24704142
vn 0.44006363 -0.86331606 -0.24704142
vn 0.44082111 -0.86347950 -0.24511230
vn 0.44082111 -0.86347950 -0.24511230
vn 0.44082111 -0.86347950 -0.24511230
vn 0.44088221 -0.86273015 -0.24762805
vn 0.44088221 -0.86273015 -0.24762805
vn 0.44088221 -0.86273015 -0.24762805
vn 0.44077185 -0.86284912 -0.24741010
vn 0.44077185 -0.86284912 -0.24741010
vn 0.44077185 -0.86284912 -0.24741010
vn 0.43999904 -0.86337119 -0.24696371
vn 0.43999904 -0.86337119 -0.24696371
vn 0.43999904 -0.86337119 -0.24696371
vn 0.44048873 -0.86314440 -0.24688359
vn 0.44048873 -0.86314440 -0.24688359
vn 0.44048873 -0.86314440 -0.24688359
vn 0.44018015 -0.86321968 -0.24717054
vn 0.44018015 -0.86321968 -0.24717054
vn 0.44018015 -0.86321968 -0.24717054
vn 0.44097710 -0.86339176 -0.24514036
vn 0.44097710 -0.86339176 -0.24514036
vn 0.44097710 -0.86339176 -0.24514036
vn 0.00812164 0.90998554 0.41456059
vn 0.00812164 0.90998554 0.41456059
vn 0.00812164 0.90998554 0.41456059
vn -0.10494132 0.77389628 0.62455732
vn -0.10494132 0.77389628 0.62455732
vn -0.10494132 0.77389628 0.62455732
vn -0.29197669 0.63299310 0.71698636
vn -0.29197669 0.63299310 0.71698636
vn -0.29197669 0.63299310 0.71698636
vn -0.49735647 0.53772479 0.68080002
vn -0.49735647 0.53772479 0.68080002
vn -0.49735647 0.53772479 0.68080002
vn -0.66224480 0.51145065 0.54758561
vn -0.66224480 0.51145065 0.54758561
vn -0.66224480 0.51145065 0.54758561
vn -0.78492564 0.54846871 0.28822523
vn -0.78492564 0.54846871 0.28822523
vn -0.78492564 0.54846871 0.28822523
vn -0.77805114 0.62769490 0.02520808
vn -0.77805114 0.62769490 0.02520808
vn -0.77805114 0.62769490 0.02520808
vn -0.65184402 0.73293620 -0.19468914
vn -0.65184402 0.73293620 -0.19468914
vn -0.65184402 0.73293620 -0.19468914
vn -0.47258827 0.83219898 -0.29000875
vn -0.47258827 0.83219898 -0.29000875
vn -0.47258827 0.83219898 -0.29000875
vn -0.25632110 0.93175095 -0.25717625
vn -0.25632110 0.93175095 -0.25717625
vn -0.25632110 0.93175095 -0.25717625
vn -0.08495979 0.99114048 -0.10209027
vn -0.08495979 0.99114048 -0.10209027
vn -0.08495979 0.99114048 -0.10209027
vn 0.01374525 0.98857337 0.15011263
vn 0.01374525 0.98857337 0.15011263
vn 0.01374525 0.98857337 0.15011263
usemtl spaceship_fastElite
s off
f 1/1/1 2/2/2 3/3/3
f 1/1/1 3/3/3 4/4/4
f 5/5/5 6/6/6 7/7/7
f 5/5/5 7/7/7 8/8/8
f 2/9/9 9/10/10 10/11/11
f 2/9/9 10/11/11 3/12/12
f 8/13/13 7/14/14 11/15/15
f 8/13/13 11/15/15 12/16/16
f 9/17/17 13/18/18 14/19/19
f 9/17/17 14/19/19 10/20/20
f 12/21/21 11/22/22 15/23/23
f 12/21/21 15/23/23 16/24/24
f 13/25/25 17/26/26 18/27/27
f 13/25/25 18/27/27 14/28/28
f 16/29/29 15/30/30 19/31/31
f 16/29/29 19/31/31 20/32/32
f 17/33/33 21/34/34 22/35/35
f 17/33/33 22/35/35 18/36/36
f 20/37/37 19/38/38 23/39/39
f 20/37/37 23/39/39 24/40/40
f 21/41/41 25/42/42 26/43/43
f 21/41/41 26/43/43 22/44/44
f 24/45/45 23/46/46 27/47/47
f 24/45/45 27/47/47 28/48/48
f 25/49/49 29/50/50 30/51/51
f 25/49/49 30/51/51 26/52/52
f 28/53/53 27/54/54 31/55/55
f 28/53/53 31/55/55 32/56/56
f 29/57/57 33/58/58 34/59/59
f 29/57/57 34/59/59 30/60/60
f 32/61/61 31/62/62 35/63/63
f 32/61/61 35/63/63 36/64/64
f 33/65/65 37/66/66 38/67/67
f 33/65/65 38/67/67 34/68/68
f 36/69/69 35/70/70 39/71/71
f 36/69/69 39/71/71 40/72/72
f 37/73/73 41/74/74 42/75/75
f 37/73/73 42/75/75 38/76/76
f 40/77/77 39/78/78 43/79/79
f 40/77/77 43/79/79 44/80/80
f 41/81/81 45/82/82 46/83/83
f 41/81/81 46/83/83 42/84/84
f 44/85/85 43/86/86 47/87/87
f 44/85/85 47/87/87 48/88/88
f 45/89/89 49/90/90 50/91/91
f 45/89/89 50/91/91 46/92/92
f 48/93/93 47/94/94 51/95/95
f 48/93/93 51/95/95 52/96/96
f 49/97/97 53/98/98 54/99/99
f 49/97/97 54/99/99 50/100/100
f 52/101/101 51/102/102 55/103/103
f 52/101/101 55/103/103 56/104/104
f 53/105/105 57/106/106 58/107/107
f 53/105/105 58/107/107 54/108/108
f 56/109/109 55/110/110 59/111/111
f 56/109/109 59/111/111 60/112/112
f 57/113/113 61/114/114 62/115/115
f 57/113/113 62/115/115 58/116/116
f 60/117/117 59/118/118 63/119/119
f 60/117/117 63/119/119 64/120/120
f 61/121/121 65/122/122 66/123/123
f 61/121/121 66/123/123 62/124/124
f 64/125/125 63/126/126 67/127/127
f 64/125/125 67/127/127 68/128/128
f 65/129/129 69/130/130 70/131/131
f 65/129/129 70/131/131 66/132/132
f 68/133/133 67/134/134 71/135/135
f 68/133/133 71/135/135 72/136/136
f 69/137/137 73/138/138 74/139/139
f 69/137/137 74/139/139 70/140/140
f 72/141/141 71/142/142 75/143/143
f 72/141/141 75/143/143 76/144/144
f 73/145/145 77/146/146 78/147/147
f 73/145/145 78/147/147 74/148/148
f 76/149/149 75/150/150 79/151/151
f 76/149/149 79/151/151 80/152/152
f 77/153/153 81/154/154 82/155/155
f 77/153/153 82/155/155 78/156/156
f 80/157/157 79/158/158 83/159/159
f 80/157/157 83/159/159 84/160/160
f 81/161/161 85/162/162 86/163/163
f 81/161/161 86/163/163 82/164/164
f 84/165/165 83/166/166 87/167/167
f 84/165/165 87/167/167 88/168/168
f 85/169/169 89/170/170 90/171/171
f 85/169/169 90/171/171 86/172/172
f 88/173/173 87/174/174 91/175/175
f 88/173/173 91/175/175 92/176/176
f 89/177/177 93/178/178 94/179/179
f 89/177/177 94/179/179 90/180/180
f 92/181/181 91/182/182 95/183/183
f 92/181/181 95/183/183 96/184/184
f 93/185/185 97/186/186 98/187/187
f 93/185/185 98/187/187 94/188/188
f 96/189/189 95/190/190 99/191/191
f 96/189/189 99/191/191 100/192/192
f 1/193/193 4/194/194 6/195/195
f 1/193/193 6/195/195 5/196/196
f 97/197/197 100/198/198 99/199/199
f 97/197/197 99/199/199 98/200/200
f 4/201/201 3/202/202 101/203/203
f 4/201/201 101/203/203 102/204/204
f 6/205/205 103/206/206 104/207/207
f 6/205/205 104/207/207 7/208/208
f 3/209/209 10/210/210 105/211/211
f 3/209/209 105/211/211 101/212/212
f 7/213/213 104/214/214 106/215/215
f 7/213/213 106/215/215 11/216/216
f 10/217/217 14/218/218 107/219/219
f 10/217/217 107/219/219 105/220/220
f 11/221/221 106/222/222 108/223/223
f 11/221/221 108/223/223 15/224/224
f 14/225/225 18/226/226 109/227/227
f 14/225/225 109/227/227 107/228/228
f 15/229/229 108/230/230 110/231/231
f 15/229/229 110/231/231 19/232/232
f 18/233/233 22/234/234 111/235/235
f 18/233/233 111/235/235 109/236/236
f 19/237/237 110/238/238 112/239/239
f 19/237/237 112/239/239 23/240/240
f 22/241/241 26/242/242 113/243/243
f 22/241/241 113/243/243 111/244/244
f 23/245/245 112/246/246 114/247/247
f 23/245/245 114/247/247 27/248/248
f 26/249/249 30/250/250 115/251/251
f 26/249/249 115/251/251 113/252/252
f 27/253/253 114/254/254 116/255/255
f 27/253/253 116/255/255 31/256/256
f 30/257/257 34/258/258 117/259/259
f 30/257/257 117/259/259 115/260/260
f 31/261/261 116/262/262 118/263/263
f 31/261/261 118/263/263 35/264/264
f 34/265/265 38/266/266 119/267/267
f 34/265/265 119/267/267 117/268/268
f 35/269/269 118/270/270 120/271/271
f 35/269/269 120/271/271 39/272/272
f 38/273/273 42/274/274 121/275/275
f 38/273/273 121/275/275 119/276/276
f 39/277/277 120/278/278 122/279/279
f 39/277/277 122/279/279 43/280/280
f 42/281/281 46/282/282 123/283/283
f 42/281/281 123/283/283 121/284/284
f 43/285/285 122/286/286 124/287/287
f 43/285/285 124/287/287 47/288/288
f 46/289/289 50/290/290 125/291/291
f 46/289/289 125/291/291 123/292/292
f 47/293/293 124/294/294 126/295/295
f 47/293/293 126/295/295 51/296/296
f 50/297/297 54/298/298 127/299/299
f 50/297/297 127/299/299 125/300/300
f 51/301/301 126/302/302 128/303/303
f 51/301/301 128/303/303 55/304/304
f 54/305/305 58/306/306 129/307/307
f 54/305/305 129/307/307 127/308/308
f 55/309/309 128/310/310 130/311/311
f 55/309/309 130/311/311 59/312/312
f 58/313/313 62/314/314 131/315/315
f 58/313/313 131/315/315 129/316/316
f 59/317/317 130/318/318 132/319/319
f 59/317/317 132/319/319 63/320/320
f 62/321/321 66/322/322 133/323/323
f 62/321/321 133/323/323 131/324/324
f 63/325/325 132/326/326 134/327/327
f 63/325/325 134/327/327 67/328/328
f 66/329/329 70/330/330 135/331/331
f 66/329/329 135/331/331 133/332/332
f 67/333/333 134/334/334 136/335/335
f 67/333/333 136/335/335 71/336/336
f 70/337/337 74/338/338 137/339/339
f 70/337/337 137/339/339 135/340/340
f 71/341/341 136/342/342 138/343/343
f 71/341/341 138/343/343 75/344/344
f 74/345/345 78/346/346 139/347/347
f 74/345/345 139/347/347 137/348/348
f 75/349/349 138/350/350 140/351/351
f 75/349/349 140/351/351 79/352/352
f 78/353/353 82/354/354 141/355/355
f 78/353/353 141/355/355 139/356/356
f 79/357/357 140/358/358 142/359/359
f 79/357/357 142/359/359 83/360/360
f 82/361/361 86/362/362 143/363/363
f 82/361/361 143/363/363 141/364/364
f 83/365/365 142/366/366 144/367/367
f 83/365/365 144/367/367 87/368/368
f 86/369/369 90/370/370 145/371/371
f 86/369/369 145/371/371 143/372/372
f 87/373/373 144/374/374 146/375/375
f 87/373/373 146/375/375 91/376/376
f 90/377/377 94/378/378 147/379/379
f 90/377/377 147/379/379 145/380/380
f 91/381/381 146/382/382 148/383/383
f 91/381/381 148/383/383 95/384/384
f 94/385/385 98/386/386 149/387/387
f 94/385/385 149/387/387 147/388/388
f 95/389/389 148/390/390 150/391/391
f 95/389/389 150/391/391 99/392/392
f 4/393/393 102/394/394 103/395/395
f 4/393/393 103/395/395 6/396/396
f 98/397/397 99/398/398 150/399/399
f 98/397/397 150/399/399 149/400/400
f 102/401/401 101/402/402 151/403/403
f 102/401/401 151/403/403 152/404/404
f 103/405/405 153/406/406 154/407/407
f 103/405/405 154/407/407 104/408/408
f 101/409/409 105/410/410 155/411/411
f 101/409/409 155/411/411 151/412/412
f 104/413/413 154/414/414 156/415/415
f 104/413/413 156/415/415 106/416/416
f 105/417/417 107/418/418 157/419/419
f 105/417/417 157/419/419 155/420/420
f 106/421/421 156/422/422 158/423/423
f 106/421/421 158/423/423 108/424/424
f 107/425/425 109/426/426 159/427/427
f 107/425/425 159/427/427 157/428/428
f 108/429/429 158/430/430 160/431/431
f 108/429/429 160/431/431 110/432/432
f 109/433/433 111/434/434 161/435/435
f 109/433/433 161/435/435 159/436/436
f 110/437/437 160/438/438 162/439/439
f 110/437/437 162/439/439 112/440/440
f 111/441/441 113/442/442 163/443/443
f 111/441/441 163/443/443 161/444/444
f 112/445/445 162/446/446 164/447/447
f 112/445/445 164/447/447 114/448/448
f 113/449/449 115/450/450 165/451/451
f 113/449/449 165/451/451 163/452/452
f 114/453/453 164/454/454 166/455/455
f 114/453/453 166/455/455 116/456/456
f 115/457/457 117/458/458 167/459/459
f 115/457/457 167/459/459 165/460/460
f 116/461/461 166/462/462 168/463/463
f 116/461/461 168/463/463 118/464/464
f 117/465/465 119/466/466 169/467/467
f 117/465/465 169/467/467 167/468/468
f 118/469/469 168/470/470 170/471/471
f 118/469/469 170/471/471 120/472/472
f 119/473/473 121/474/474 171/475/475
f 119/473/473 171/475/475 169/476/476
f 120/477/477 170/478/478 172/479/479
f 120/477/477 172/479/479 122/480/480
f 121/481/481 123/482/482 173/483/483
f 121/481/481 173/483/483 171/484/484
f 122/485/485 172/486/486 174/487/487
f 122/485/485 174/487/487 124/488/488
f 123/489/489 125/490/490 175/491/491
f 123/489/489 175/491/491 173/492/492
f 124/493/493 174/494/494 176/495/495
f 124/493/493 176/495/495 126/496/496
f 125/497/497 127/498/498 177/499/499
f 125/497/497 177/499/499 175/500/500
f 126/501/501 176/502/502 178/503/503
f 126/501/501 178/503/503 128/504/504
f 127/505/505 129/506/506 179/507/507
f 127/505/505 179/507/507 177/508/508
f 128/509/509 178/510/510 180/511/511
f 128/509/509 180/511/511 130/512/512
f 129/513/513 131/514/514 181/515/515
f 129/513/513 181/515/515 179/516/516
f 130/517/517 180/518/518 182/519/519
f 130/517/517 182/519/519 132/520/520
f 131/521/521 133/522/522 183/523/523
f 131/521/521 183/523/523 181/524/524
f 132/525/525 182/526/526 184/527/527
f 132/525/525 184/527/527 134/528/528
f 133/529/529 135/530/530 185/531/531
f 133/529/529 185/531/531 183/532/532
f 134/533/533 184/534/534 186/535/535
f 134/533/533 186/535/535 136/536/536
f 135/537/537 137/538/538 187/539/539
f 135/537/537 187/539/539 185/540/540
f 136/541/541 186/542/542 188/543/543
f 136/541/541 188/543/543 138/544/544
f 137/545/545 139/546/546 189/547/547
f 137/545/545 189/547/547 187/548/548
f 138/549/549 188/550/550 190/551/551
f 138/549/549 190/551/551 140/552/552
f 139/553/553 141/554/554 191/555/555
f 139/553/553 191/555/555 189/556/556
f 140/557/557 190/558/558 192/559/559
f 140/557/557 192/559/559 142/560/560
f 141/561/561 143/562/562 193/563/563
f 141/561/561 193/563/563 191/564/564
f 142/565/565 192/566/566 194/567/567
f 142/565/565 194/567/567 144/568/568
f 143/569/569 145/570/570 195/571/571
f 143/569/569 195/571/571 193/572/572
f 144/573/573 194/574/574 196/575/575
f 144/573/573 196/575/575 146/576/576
f 145/577/577 147/578/578 197/579/579
f 145/577/577 197/579/579 195/580/580
f 146/581/581 196/582/582 198/583/583
f 146/581/581 198/583/583 148/584/584
f 147/585/585 149/586/586 199/587/587
f 147/585/585 199/587/587 197/588/588
f 148/589/589 198/590/590 200/591/591
f 148/589/589 200/591/591 150/592/592
f 102/593/593 152/594/594 153/595/595
f 102/593/593 153/595/595 103/596/596
f 149/597/597 150/598/598 200/599/599
f 149/597/597 200/599/599 199/600/600
f 152/601/601 151/602/602 201/603/603
f 152/601/601 201/603/603 202/604/604
f 153/605/605 203/606/606 204/607/607
f 153/605/605 204/607/607 154/608/608
f 151/609/609 155/610/610 205/611/611
f 151/609/609 205/611/611 201/612/612
f 154/613/613 204/614/614 206/615/615
f 154/613/613 206/615/615 156/616/616
f 155/617/617 157/618/618 207/619/619
f 155/617/617 207/619/619 205/620/620
f 156/621/621 206/622/622 208/623/623
f 156/621/621 208/623/623 158/624/624
f 157/625/625 159/626/626 209/627/627
f 157/625/625 209/627/627 207/628/628
f 158/629/629 208/630/630 210/631/631
f 158/629/629 210/631/631 160/632/632
f 159/633/633 161/634/634 211/635/635
f 159/633/633 211/635/635 209/636/636
f 160/637/637 210/638/638 212/639/639
f 160/637/637 212/639/639 162/640/640
f 161/641/641 163/642/642 213/643/643
f 161/641/641 213/643/643 211/644/644
f 162/645/645 212/646/646 214/647/647
f 162/645/645 214/647/647 164/648/648
f 163/649/649 165/650/650 215/651/651
f 163/649/649 215/651/651 213/652/652
f 164/653/653 214/654/654 216/655/655
f 164/653/653 216/655/655 166/656/656
f 165/657/657 167/658/658 217/659/659
f 165/657/657 217/659/659 215/660/660
f 166/661/661 216/662/662 218/663/663
f 166/661/661 218/663/663 168/664/664
f 167/665/665 169/666/666 219/667/667
f 167/665/665 219/667/667 217/668/668
f 168/669/669 218/670/670 220/671/671
f 168/669/669 220/671/671 170/672/672
f 169/673/673 171/674/674 221/675/675
f 169/673/673 221/675/675 219/676/676
f 170/677/677 220/678/678 222/679/679
f 170/677/677 222/679/679 172/680/680
f 171/681/681 173/682/682 223/683/683
f 171/681/681 223/683/683 221/684/684
f 172/685/685 222/686/686 224/687/687
f 172/685/685 224/687/687 174/688/688
f 173/689/689 175/690/690 225/691/691
f 173/689/689 225/691/691 223/692/692
f 174/693/693 224/694/694 226/695/695
f 174/693/693 226/695/695 176/696/696
f 175/697/697 177/698/698 227/699/699
f 175/697/697 227/699/699 225/700/700
f 176/701/701 226/702/702 228/703/703
f 176/701/701 228/703/703 178/704/704
f 177/705/705 179/706/706 229/707/707
f 177/705/705 229/707/707 227/708/708
f 178/709/709 228/710/710 230/711/711
f 178/709/709 230/711/711 180/712/712
f 179/713/713 181/714/714 231/715/715
f 179/713/713 231/715/715 229/716/716
f 180/717/717 230/718/718 232/719/719
f 180/717/717 232/719/719 182/720/720
f 181/721/721 183/722/722 233/723/723
f 181/721/721 233/723/723 231/724/724
f 182/725/725 232/726/726 234/727/727
f 182/725/725 234/727/727 184/728/728
f 183/729/729 185/730/730 235/731/731
f 183/729/729 235/731/731 233/732/732
f 184/733/733 234/734/734 236/735/735
f 184/733/733 236/735/735 186/736/736
f 185/737/737 187/738/738 237/739/739
f 185/737/737 237/739/739 235/740/740
f 186/741/741 236/742/742 238/743/743
f 186/741/741 238/743/743 188/744/744
f 187/745/745 189/746/746 239/747/747
f 187/745/745 239/747/747 237/748/748
f 188/749/749 238/750/750 240/751/751
f 188/749/749 240/751/751 190/752/752
f 189/753/753 191/754/754 241/755/755
f 189/753/753 241/755/755 239/756/756
f 190/757/757 240/758/758 242/759/759
f 190/757/757 242/759/759 192/760/760
f 191/761/761 193/762/762 243/763/763
f 191/761/761 243/763/763 241/764/764
f 192/765/765 242/766/766 244/767/767
f 192/765/765 244/767/767 194/768/768
f 193/769/769 195/770/770 245/771/771
f 193/769/769 245/771/771 243/772/772
f 194/773/773 244/774/774 246/775/775
f 194/773/773 246/775/775 196/776/776
f 195/777/777 197/778/778 247/779/779
f 195/777/777 247/779/779 245/780/780
f 196/781/781 246/782/782 248/783/783
f 196/781/781 248/783/783 198/784/784
f 197/785/785 199/786/786 249/787/787
f 197/785/785 249/787/787 247/788/788
f 198/789/789 248/790/790 250/791/791
f 198/789/789 250/791/791 200/792/792
f 152/793/793 202/794/794 203/795/795
f 152/793/793 203/795/795 153/796/796
f 199/797/797 200/798/798 250/799/799
f 199/797/797 250/799/799 249/800/800
f 202/801/801 201/802/802 251/803/803
f 202/801/801 251/803/803 252/804/804
f 203/805/805 253/806/806 254/807/807
f 203/805/805 254/807/807 204/808/808
f 201/809/809 205/810/810 255/811/811
f 201/809/809 255/811/811 251/812/812
f 204/813/813 254/814/814 256/815/815
f 204/813/813 256/815/815 206/816/816
f 205/817/817 207/818/818 257/819/819
f 205/817/817 257/819/819 255/820/820
f 206/821/821 256/822/822 258/823/823
f 206/821/821 258/823/823 208/824/824
f 207/825/825 209/826/826 259/827/827
f 207/825/825 259/827/827 257/828/828
f 208/829/829 258/830/830 260/831/831
f 208/829/829 260/831/831 210/832/832
f 209/833/833 211/834/834 261/835/835
f 209/833/833 261/835/835 259/836/836
f 210/837/837 260/838/838 262/839/839
f 210/837/837 262/839/839 212/840/840
f 211/841/841 213/842/842 263/843/843
f 211/841/841 263/843/843 261/844/844
f 212/845/845 262/846/846 264/847/847
f 212/845/845 264/847/847 214/848/848
f 213/849/849 215/850/850 265/851/851
f 213/849/849 265/851/851 263/852/852
f 214/853/853 264/854/854 266/855/855
f 214/853/853 266/855/855 216/856/856
f 215/857/857 217/858/858 267/859/859
f 215/857/857 267/859/859 265/860/860
f 216/861/861 266/862/862 268/863/863
f 216/861/861 268/863/863 218/864/864
f 217/865/865 219/866/866 269/867/867
f 217/865/865 269/867/867 267/868/868
f 218/869/869 268/870/870 270/871/871
f 218/869/869 270/871/871 220/872/872
f 219/873/873 221/874/874 271/875/875
f 219/873/873 271/875/875 269/876/876
f 220/877/877 270/878/878 272/879/879
f 220/877/877 272/879/879 222/880/880
f 221/881/881 223/882/882 273/883/883
f 221/881/881 273/883/883 271/884/884
f 222/885/885 272/886/886 274/887/887
f 222/885/885 274/887/887 224/888/888
f 223/889/889 225/890/890 275/891/891
f 223/889/889 275/891/891 273/892/892
f 224/893/893 274/894/894 276/895/895
f 224/893/893 276/895/895 226/896/896
f 225/897/897 227/898/898 277/899/899
f 225/897/897 277/899/899 275/900/900
f 226/901/901 276/902/902 278/903/903
f 226/901/901 278/903/903 228/904/904
f 227/905/905 229/906/906 279/907/907
f 227/905/905 279/907/907 277/908/908
f 228/909/909 278/910/910 280/911/911
f 228/909/909 280/911/911 230/912/912
f 229/913/913 231/914/914 281/915/915
f 229/913/913 281/915/915 279/916/916
f 230/917/917 280/918/918 282/919/919
f 230/917/917 282/919/919 232/920/920
f 231/921/921 233/922/922 283/923/923
f 231/921/921 283/923/923 281/924/924
f 232/925/925 282/926/926 284/927/927
f 232/925/925 284/927/927 234/928/928
f 233/929/929 235/930/930 285/931/931
f 233/929/929 285/931/931 283/932/932
f 234/933/933 284/934/934 286/935/935
f 234/933/933 286/935/935 236/936/936
f 235/937/937 237/938/938 287/939/939
f 235/937/937 287/939/939 285/940/940
f 236/941/941 286/942/942 288/943/943
f 236/941/941 288/943/943 238/944/944
f 237/945/945 239/946/946 289/947/947
f 237/945/945 289/947/947 287/948/948
f 238/949/949 288/950/950 290/951/951
f 238/949/949 290/951/951 240/952/952
f 239/953/953 241/954/954 291/955/955
f 239/953/953 291/955/955 289/956/956
f 240/957/957 290/958/958 292/959/959
f 240/957/957 292/959/959 242/960/960
f 241/961/961 243/962/962 293/963/963
f 241/961/961 293/963/963 291/964/964
f 242/965/965 292/966/966 294/967/967
f 242/965/965 294/967/967 244/968/968
f 243/969/969 245/970/970 295/971/971
f 243/969/969 295/971/971 293/972/972
f 244/973/973 294/974/974 296/975/975
f 244/973/973 296/975/975 246/976/976
f 245/977/977 247/978/978 297/979/979
f 245/977/977 297/979/979 295/980/980
f 246/981/981 296/982/982 298/983/983
f 246/981/981 298/983/983 248/984/984
f 247/985/985 249/986/986 299/987/987
f 247/985/985 299/987/987 297/988/988
f 248/989/989 298/990/990 300/991/991
f 248/989/989 300/991/991 250/992/992
f 202/993/993 252/994/994 253/995/995
f 202/993/993 253/995/995 203/996/996
f 249/997/997 250/998/998 300/999/999
f 249/997/997 300/999/999 299/1000/1000
f 252/1001/1001 251/1002/1002 301/1003/1003
f 252/1001/1001 301/1003/1003 302/1004/1004
f 253/1005/1005 303/1006/1006 304/1007/1007
f 253/1005/1005 304/1007/1007 254/1008/1008
f 251/1009/1009 255/1010/1010 305/1011/1011
f 251/1009/1009 305/1011/1011 301/1012/1012
f 254/1013/1013 304/1014/1014 306/1015/1015
f 254/1013/1013 306/1015/1015 256/1016/1016
f 255/1017/1017 257/1018/1018 307/1019/1019
f 255/1017/1017 307/1019/1019 305/1020/1020
f 256/1021/1021 306/1022/1022 308/1023/1023
f 256/1021/1021 308/1023/1023 258/1024/1024
f 257/1025/1025 259/1026/1026 309/1027/1027
f 257/1025/1025 309/1027/1027 307/1028/1028
f 258/1029/1029 308/1030/1030 310/1031/1031
f 258/1029/1029 310/1031/1031 260/1032/1032
f 259/1033/1033 261/1034/1034 311/1035/1035
f 259/1033/1033 311/1035/1035 309/1036/1036
f 260/1037/1037 310/1038/1038 312/1039/1039
f 260/1037/1037 312/1039/1039 262/1040/1040
f 261/1041/1041 263/1042/1042 313/1043/1043
f 261/1041/1041 313/1043/1043 311/1044/1044
f 262/1045/1045 312/1046/1046 314/1047/1047
f 262/1045/1045 314/1047/1047 264/1048/1048
f 263/1049/1049 265/1050/1050 315/1051/1051
f 263/1049/1049 315/1051/1051 313/1052/1052
f 264/1053/1053 314/1054/1054 316/1055/1055
f 264/1053/1053 316/1055/1055 266/1056/1056
f 265/1057/1057 267/1058/1058 317/1059/1059
f 265/1057/1057 317/1059/1059 315/1060/1060
f 266/1061/1061 316/1062/1062 318/1063/1063
f 266/1061/1061 318/1063/1063 268/1064/1064
f 267/1065/1065 269/1066/1066 319/1067/1067
f 267/1065/1065 319/1067/1067 317/1068/1068
f 268/1069/1069 318/1070/1070 320/1071/1071
f 268/1069/1069 320/1071/1071 270/1072/1072
f 269/1073/1073 271/1074/1074 321/1075/1075
f 269/1073/1073 321/1075/1075 319/1076/1076
f 270/1077/1077 320/1078/1078 322/1079/1079
f 270/1077/1077 322/1079/1079 272/1080/1080
f 271/1081/1081 273/1082/1082 323/1083/1083
f 271/1081/1081 323/1083/1083 321/1084/1084
f 272/1085/1085 322/1086/1086 324/1087/1087
f 272/1085/1085 324/1087/1087 274/1088/1088
f 273/1089/1089 275/1090/1090 325/1091/1091
f 273/1089/1089 325/1091/1091 323/1092/1092
f 274/1093/1093 324/1094/1094 326/1095/1095
f 274/1093/1093 326/1095/1095 276/1096/1096
f 275/1097/1097 277/1098/1098 327/1099/1099
f 275/1097/1097 327/1099/1099 325/1100/1100
f 276/1101/1101 326/1102/1102 328/1103/1103
f 276/1101/1101 328/1103/1103 278/1104/1104
f 277/1105/1105 279/1106/1106 329/1107/1107
f 277/1105/1105 329/1107/1107 327/1108/1108
f 278/1109/1109 328/1110/1110 330/1111/1111
f 278/1109/1109 330/1111/1111 280/1112/1112
f 279/1113/1113 281/1114/1114 331/1115/1115
f 279/1113/1113 331/1115/1115 329/1116/1116
f 280/1117/1117 330/1118/1118 332/1119/1119
f 280/1117/1117 332/1119/1119 282/1120/1120
f 281/1121/1121 283/1122/1122 333/1123/1123
f 281/1121/1121 333/1123/1123 331/1124/1124
f 282/1125/1125 332/1126/1126 334/1127/1127
f 282/1125/1125 334/1127/1127 284/1128/1128
f 283/1129/1129 285/1130/1130 335/1131/1131
f 283/1129/1129 335/1131/1131 333/1132/1132
f 284/1133/1133 334/1134/1134 336/1135/1135
f 284/1133/1133 336/1135/1135 286/1136/1136
f 285/1137/1137 287/1138/1138 337/1139/1139
f 285/1137/1137 337/1139/1139 335/1140/1140
f 286/1141/1141 336/1142/1142 338/1143/1143
f 286/1141/1141 338/1143/1143 288/1144/1144
f 287/1145/1145 289/1146/1146 339/1147/1147
f 287/1145/1145 339/1147/1147 337/1148/1148
f 288/1149/1149 338/1150/1150 340/1151/1151
f 288/1149/1149 340/1151/1151 290/1152/1152
f 289/1153/1153 291/1154/1154 341/1155/1155
f 289/1153/1153 341/1155/1155 339/1156/1156
f 290/1157/1157 340/1158/1158 342/1159/1159
f 290/1157/1157 342/1159/1159 292/1160/1160
f 291/1161/1161 293/1162/1162 343/1163/1163
f 291/1161/1161 343/1163/1163 341/1164/1164
f 292/1165/1165 342/1166/1166 344/1167/1167
f 292/1165/1165 344/1167/1167 294/1168/1168
f 293/1169/1169 295/1170/1170 345/1171/1171
f 293/1169/1169 345/1171/1171 343/1172/1172
f 294/1173/1173 344/1174/1174 346/1175/1175
f 294/1173/1173 346/1175/1175 296/1176/1176
f 295/1177/1177 297/1178/1178 347/1179/1179
f 295/1177/1177 347/1179/1179 345/1180/1180
f 296/1181/1181 346/1182/1182 348/1183/1183
f 296/1181/1181 348/1183/1183 298/1184/1184
f 297/1185/1185 299/1186/1186 349/1187/1187
f 297/1185/1185 349/1187/1187 347/1188/1188
f 298/1189/1189 348/1190/1190 350/1191/1191
f 298/1189/1189 350/1191/1191 300/1192/1192
f 252/1193/1193 302/1194/1194 303/1195/1195
f 252/1193/1193 303/1195/1195 253/1196/1196
f 299/1197/1197 300/1198/1198 350/1199/1199
f 299/1197/1197 350/1199/1199 349/1200/1200
f 302/1201/1201 301/1202/1202 351/1203/1203
f 302/1201/1201 351/1203/1203 352/1204/1204
f 303/1205/1205 353/1206/1206 354/1207/1207
f 303/1205/1205 354/1207/1207 304/1208/1208
f 301/1209/1209 305/1210/1210 355/1211/1211
f 301/1209/1209 355/1211/1211 351/1212/1212
f 304/1213/1213 354/1214/1214 356/1215/1215
f 304/1213/1213 356/1215/1215 306/1216/1216
f 305/1217/1217 307/1218/1218 357/1219/1219
f 305/1217/1217 357/1219/1219 355/1220/1220
f 306/1221/1221 356/1222/1222 358/1223/1223
f 306/1221/1221 358/1223/1223 308/1224/1224
f 307/1225/1225 309/1226/1226 359/1227/1227
f 307/1225/1225 359/1227/1227 357/1228/1228
f 308/1229/1229 358/1230/1230 360/1231/1231
f 308/1229/1229 360/1231/1231 310/1232/1232
f 309/1233/1233 311/1234/1234 361/1235/1235
f 309/1233/1233 361/1235/1235 359/1236/1236
f 310/1237/1237 360/1238/1238 362/1239/1239
f 310/1237/1237 362/1239/1239 312/1240/1240
f 311/1241/1241 313/1242/1242 363/1243/1243
f 311/1241/1241 363/1243/1243 361/1244/1244
f 312/1245/1245 362/1246/1246 364/1247/1247
f 312/1245/1245 364/1247/1247 314/1248/1248
f 313/1249/1249 315/1250/1250 365/1251/1251
f 313/1249/1249 365/1251/1251 363/1252/1252
f 314/1253/1253 364/1254/1254 366/1255/1255
f 314/1253/1253 366/1255/1255 316/1256/1256
f 315/1257/1257 317/1258/1258 367/1259/1259
f 315/1257/1257 367/1259/1259 365/1260/1260
f 316/1261/1261 366/1262/1262 368/1263/1263
f 316/1261/1261 368/1263/1263 318/1264/1264
f 317/1265/1265 319/1266/1266 369/1267/1267
f 317/1265/1265 369/1267/1267 367/1268/1268
f 318/1269/1269 368/1270/1270 370/1271/1271
f 318/1269/1269 370/1271/1271 320/1272/1272
f 319/1273/1273 321/1274/1274 371/1275/1275
f 319/1273/1273 371/1275/1275 369/1276/1276
f 320/1277/1277 370/1278/1278 372/1279/1279
f 320/1277/1277 372/1279/1279 322/1280/1280
f 321/1281/1281 323/1282/1282 373/1283/1283
f 321/1281/1281 373/1283/1283 371/1284/1284
f 322/1285/1285 372/1286/1286 374/1287/1287
f 322/1285/1285 374/1287/1287 324/1288/1288
f 323/1289/1289 325/1290/1290 375/1291/1291
f 323/1289/1289 375/1291/1291 373/1292/1292
f 324/1293/1293 374/1294/1294 376/1295/1295
f 324/1293/1293 376/1295/1295 326/1296/1296
f 325/1297/1297 327/1298/1298 377/1299/1299
f 325/1297/1297 377/1299/1299 375/1300/1300
f 326/1301/1301 376/1302/1302 378/1303/1303
f 326/1301/1301 378/1303/1303 328/1304/1304
f 327/1305/1305 329/1306/1306 379/1307/1307
f 327/1305/1305 379/1307/1307 377/1308/1308
f 328/1309/1309 378/1310/1310 380/1311/1311
f 328/1309/1309 380/1311/1311 330/1312/1312
f 329/1313/1313 331/1314/1314 381/1315/1315
f 329/1313/1313 381/1315/1315 379/1316/1316
f 330/1317/1317 380/1318/1318 382/1319/1319
f 330/1317/1317 382/1319/1319 332/1320/1320
f 331/1321/1321 333/1322/1322 383/1323/1323
f 331/1321/1321 383/1323/1323 381/1324/1324
f 332/1325/1325 382/1326/1326 384/1327/1327
f 332/1325/1325 384/1327/1327 334/1328/1328
f 333/1329/1329 335/1330/1330 385/1331/1331
f 333/1329/1329 385/1331/1331 383/1332/1332
f 334/1333/1333 384/1334/1334 386/1335/1335
f 334/1333/1333 386/1335/1335 336/1336/1336
f 335/1337/1337 337/1338/1338 387/1339/1339
f 335/1337/1337 387/1339/1339 385/1340/1340
f 336/1341/1341 386/1342/1342 388/1343/1343
f 336/1341/1341 388/1343/1343 338/1344/1344
f 337/1345/1345 339/1346/1346 389/1347/1347
f 337/1345/1345 389/1347/1347 387/1348/1348
f 338/1349/1349 388/1350/1350 390/1351/1351
f 338/1349/1349 390/1351/1351 340/1352/1352
f 339/1353/1353 341/1354/1354 391/1355/1355
f 339/1353/1353 391/1355/1355 389/1356/1356
f 340/1357/1357 390/1358/1358 392/1359/1359
f 340/1357/1357 392/1359/1359 342/1360/1360
f 341/1361/1361 343/1362/1362 393/1363/1363
f 341/1361/1361 393/1363/1363 391/1364/1364
f 342/1365/1365 392/1366/1366 394/1367/1367
f 342/1365/1365 394/1367/1367 344/1368/1368
f 343/1369/1369 345/1370/1370 395/1371/1371
f 343/1369/1369 395/1371/1371 393/1372/1372
f 344/1373/1373 394/1374/1374 396/1375/1375
f 344/1373/1373 396/1375/1375 346/1376/1376
f 345/1377/1377 347/1378/1378 397/1379/1379
f 345/1377/1377 397/1379/1379 395/1380/1380
f 346/1381/1381 396/1382/1382 398/1383/1383
f 346/1381/1381 398/1383/1383 348/1384/1384
f 347/1385/1385 349/1386/1386 399/1387/1387
f 347/1385/1385 399/1387/1387 397/1388/1388
f 348/1389/1389 398/1390/1390 400/1391/1391
f 348/1389/1389 400/1391/1391 350/1392/1392
f 302/1393/1393 352/1394/1394 353/1395/1395
f 302/1393/1393 353/1395/1395 303/1396/1396
f 349/1397/1397 350/1398/1398 400/1399/1399
f 349/1397/1397 400/1399/1399 399/1400/1400
f 352/1401/1401 351/1402/1402 401/1403/1403
f 352/1401/1401 401/1403/1403 402/1404/1404
f 353/1405/1405 403/1406/1406 404/1407/1407
f 353/1405/1405 404/1407/1407 354/1408/1408
f 351/1409/1409 355/1410/1410 405/1411/1411
f 351/1409/1409 405/1411/1411 401/1412/1412
f 354/1413/1413 404/1414/1414 406/1415/1415
f 354/1413/1413 406/1415/1415 356/1416/1416
f 355/1417/1417 357/1418/1418 407/1419/1419
f 355/1417/1417 407/1419/1419 405/1420/1420
f 356/1421/1421 406/1422/1422 408/1423/1423
f 356/1421/1421 408/1423/1423 358/1424/1424
f 357/1425/1425 359/1426/1426 409/1427/1427
f 357/1425/1425 409/1427/1427 407/1428/1428
f 358/1429/1429 408/1430/1430 410/1431/1431
f 358/1429/1429 410/1431/1431 360/1432/1432
f 359/1433/1433 361/1434/1434 411/1435/1435
f 359/1433/1433 411/1435/1435 409/1436/1436
f 360/1437/1437 410/1438/1438 412/1439/1439
f 360/1437/1437 412/1439/1439 362/1440/1440
f 361/1441/1441 363/1442/1442 413/1443/1443
f 361/1441/1441 413/1443/1443 411/1444/1444
f 362/1445/1445 412/1446/1446 414/1447/1447
f 362/1445/1445 414/1447/1447 364/1448/1448
f 363/1449/1449 365/1450/1450 415/1451/1451
f 363/1449/1449 415/1451/1451 413/1452/1452
f 364/1453/1453 414/1454/1454 416/1455/1455
f 364/1453/1453 416/1455/1455 366/1456/1456
f 365/1457/1457 367/1458/1458 417/1459/1459
f 365/1457/1457 417/1459/1459 415/1460/1460
f 366/1461/1461 416/1462/1462 418/1463/1463
f 366/1461/1461 418/1463/1463 368/1464/1464
f 367/1465/1465 369/1466/1466 419/1467/1467
f 367/1465/1465 419/1467/1467 417/1468/1468
f 368/1469/1469 418/1470/1470 420/1471/1471
f 368/1469/1469 420/1471/1471 370/1472/1472
f 369/1473/1473 371/1474/1474 421/1475/1475
f 369/1473/1473 421/1475/1475 419/1476/1476
f 370/1477/1477 420/1478/1478 422/1479/1479
f 370/1477/1477 422/1479/1479 372/1480/1480
f 371/1481/1481 373/1482/1482 423/1483/1483
f 371/1481/1481 423/1483/1483 421/1484/1484
f 372/1485/1485 422/1486/1486 424/1487/1487
f 372/1485/1485 424/1487/1487 374/1488/1488
f 373/1489/1489 375/1490/1490 425/1491/1491
f 373/1489/1489 425/1491/1491 423/1492/1492
f 374/1493/1493 424/1494/1494 426/1495/1495
f 374/1493/1493 426/1495/1495 376/1496/1496
f 375/1497/1497 377/1498/1498 427/1499/1499
f 375/1497/1497 427/1499/1499 425/1500/1500
f 376/1501/1501 426/1502/1502 428/1503/1503
f 376/1501/1501 428/1503/1503 378/1504/1504
f 377/1505/1505 379/1506/1506 429/1507/1507
f 377/1505/1505 429/1507/1507 427/1508/1508
f 378/1509/1509 428/1510/1510 430/1511/1511
f 378/1509/1509 430/1511/1511 380/1512/1512
f 379/1513/1513 381/1514/1514 431/1515/1515
f 379/1513/1513 431/1515/1515 429/1516/1516
f 380/1517/1517 430/1518/1518 432/1519/1519
f 380/1517/1517 432/1519/1519 382/1520/1520
f 381/1521/1521 383/1522/1522 433/1523/1523
f 381/1521/1521 433/1523/1523 431/1524/1524
f 382/1525/1525 432/1526/1526 434/1527/1527
f 382/1525/1525 434/1527/1527 384/1528/1528
f 383/1529/1529 385/1530/1530 435/1531/1531
f 383/1529/1529 435/1531/1531 433/1532/1532
f 384/1533/1533 434/1534/1534 436/1535/1535
f 384/1533/1533 436/1535/1535 386/1536/1536
f 385/1537/1537 387/1538/1538 437/1539/1539
f 385/1537/1537 437/1539/1539 435/1540/1540
f 386/1541/1541 436/1542/1542 438/1543/1543
f 386/1541/1541 438/1543/1543 388/1544/1544
f 387/1545/1545 389/1546/1546 439/1547/1547
f 387/1545/1545 439/1547/1547 437/1548/1548
f 388/1549/1549 438/1550/1550 440/1551/1551
f 388/1549/1549 440/1551/1551 390/1552/1552
f 389/1553/1553 391/1554/1554 441/1555/1555
f 389/1553/1553 441/1555/1555 439/1556/1556
f 390/1557/1557 440/1558/1558 442/1559/1559
f 390/1557/1557 442/1559/1559 392/1560/1560
f 391/1561/1561 393/1562/1562 443/1563/1563
f 391/1561/1561 443/1563/1563 441/1564/1564
f 392/1565/1565 442/1566/1566 444/1567/1567
f 392/1565/1565 444/1567/1567 394/1568/1568
f 393/1569/1569 395/1570/1570 445/1571/1571
f 393/1569/1569 445/1571/1571 443/1572/1572
f 394/1573/1573 444/1574/1574 446/1575/1575
f 394/1573/1573 446/1575/1575 396/1576/1576
f 395/1577/1577 397/1578/1578 447/1579/1579
f 395/1577/1577 447/1579/1579 445/1580/1580
f 396/1581/1581 446/1582/1582 448/1583/1583
f 396/1581/1581 448/1583/1583 398/1584/1584
f 397/1585/1585 399/1586/1586 449/1587/1587
f 397/1585/1585 449/1587/1587 447/1588/1588
f 398/1589/1589 448/1590/1590 450/1591/1591
f 398/1589/1589 450/1591/1591 400/1592/1592
f 352/1593/1593 402/1594/1594 403/1595/1595
f 352/1593/1593 403/1595/1595 353/1596/1596
f 399/1597/1597 400/1598/1598 450/1599/1599
f 399/1597/1597 450/1599/1599 449/1600/1600
f 402/1601/1601 401/1602/1602 451/1603/1603
f 402/1601/1601 451/1603/1603 452/1604/1604
f 403/1605/1605 453/1606/1606 454/1607/1607
f 403/1605/1605 454/1607/1607 404/1608/1608
f 401/1609/1609 405/1610/1610 455/1611/1611
f 401/1609/1609 455/1611/1611 451/1612/1612
f 404/1613/1613 454/1614/1614 456/1615/1615
f 404/1613/1613 456/1615/1615 406/1616/1616
f 405/1617/1617 407/1618/1618 457/1619/1619
f 405/1617/1617 457/1619/1619 455/1620/1620
f 406/1621/1621 456/1622/1622 458/1623/1623
f 406/1621/1621 458/1623/1623 408/1624/1624
f 407/1625/1625 409/1626/1626 459/1627/1627
f 407/1625/1625 459/1627/1627 457/1628/1628
f 408/1629/1629 458/1630/1630 460/1631/1631
f 408/1629/1629 460/1631/1631 410/1632/1632
f 409/1633/1633 411/1634/1634 461/1635/1635
f 409/1633/1633 461/1635/1635 459/1636/1636
f 410/1637/1637 460/1638/1638 462/1639/1639
f 410/1637/1637 462/1639/1639 412/1640/1640
f 411/1641/1641 413/1642/1642 463/1643/1643
f 411/1641/1641 463/1643/1643 461/1644/1644
f 412/1645/1645 462/1646/1646 464/1647/1647
f 412/1645/1645 464/1647/1647 414/1648/1648
f 413/1649/1649 415/1650/1650 465/1651/1651
f 413/1649/1649 465/1651/1651 463/1652/1652
f 414/1653/1653 464/1654/1654 466/1655/1655
f 414/1653/1653 466/1655/1655 416/1656/1656
f 415/1657/1657 417/1658/1658 467/1659/1659
f 415/1657/1657 467/1659/1659 465/1660/1660
f 416/1661/1661 466/1662/1662 468/1663/1663
f 416/1661/1661 468/1663/1663 418/1664/1664
f 417/1665/1665 419/1666/1666 469/1667/1667
f 417/1665/1665 469/1667/1667 467/1668/1668
f 418/1669/1669 468/1670/1670 470/1671/1671
f 418/1669/1669 470/1671/1671 420/1672/1672
f 419/1673/1673 421/1674/1674 471/1675/1675
f 419/1673/1673 471/1675/1675 469/1676/1676
f 420/1677/1677 470/1678/1678 472/1679/1679
f 420/1677/1677 472/1679/1679 422/1680/1680
f 421/1681/1681 423/1682/1682 473/1683/1683
f 421/1681/1681 473/1683/1683 471/1684/1684
f 422/1685/1685 472/1686/1686 474/1687/1687
f 422/1685/1685 474/1687/1687 424/1688/1688
f 423/1689/1689 425/1690/1690 475/1691/1691
f 423/1689/1689 475/1691/1691 473/1692/1692
f 424/1693/1693 474/1694/1694 476/1695/1695
f 424/1693/1693 476/1695/1695 426/1696/1696
f 425/1697/1697 427/1698/1698 477/1699/1699
f 425/1697/1697 477/1699/1699 475/1700/1700
f 426/1701/1701 476/1702/1702 478/1703/1703
f 426/1701/1701 478/1703/1703 428/1704/1704
f 427/1705/1705 429/1706/1706 479/1707/1707
f 427/1705/1705 479/1707/1707 477/1708/1708
f 428/1709/1709 478/1710/1710 480/1711/1711
f 428/1709/1709 480/1711/1711 430/1712/1712
f 429/1713/1713 431/1714/1714 481/1715/1715
f 429/1713/1713 481/1715/1715 479/1716/1716
f 430/1717/1717 480/1718/1718 482/1719/1719
f 430/1717/1717 482/1719/1719 432/1720/1720
f 431/1721/1721 433/1722/1722 483/1723/1723
f 431/1721/1721 483/1723/1723 481/1724/1724
f 432/1725/1725 482/1726/1726 484/1727/1727
f 432/1725/1725 484/1727/1727 434/1728/1728
f 433/1729/1729 435/1730/1730 485/1731/1731
f 433/1729/1729 485/1731/1731 483/1732/1732
f 434/1733/1733 484/1734/1734 486/1735/1735
f 434/1733/1733 486/1735/1735 436/1736/1736
f 435/1737/1737 437/1738/1738 487/1739/1739
f 435/1737/1737 487/1739/1739 485/1740/1740
f 436/1741/1741 486/1742/1742 488/1743/1743
f 436/1741/1741 488/1743/1743 438/1744/1744
f 437/1745/1745 439/1746/1746 489/1747/1747
f 437/1745/1745 489/1747/1747 487/1748/1748
f 438/1749/1749 488/1750/1750 490/1751/1751
f 438/1749/1749 490/1751/1751 440/1752/1752
f 439/1753/1753 441/1754/1754 491/1755/1755
f 439/1753/1753 491/1755/1755 489/1756/1756
f 440/1757/1757 490/1758/1758 492/1759/1759
f 440/1757/1757 492/1759/1759 442/1760/1760
f 441/1761/1761 443/1762/1762 493/1763/1763
f 441/1761/1761 493/1763/1763 491/1764/1764
f 442/1765/1765 492/1766/1766 494/1767/1767
f 442/1765/1765 494/1767/1767 444/1768/1768
f 443/1769/1769 445/1770/1770 495/1771/1771
f 443/1769/1769 495/1771/1771 493/1772/1772
f 444/1773/1773 494/1774/1774 496/1775/1775
f 444/1773/1773 496/1775/1775 446/1776/1776
f 445/1777/1777 447/1778/1778 497/1779/1779
f 445/1777/1777 497/1779/1779 495/1780/1780
f 446/1781/1781 496/1782/1782 498/1783/1783
f 446/1781/1781 498/1783/1783 448/1784/1784
f 447/1785/1785 449/1786/1786 499/1787/1787
f 447/1785/1785 499/1787/1787 497/1788/1788
f 448/1789/1789 498/1790/1790 500/1791/1791
f 448/1789/1789 500/1791/1791 450/1792/1792
f 402/1793/1793 452/1794/1794 453/1795/1795
f 402/1793/1793 453/1795/1795 403/1796/1796
f 449/1797/1797 450/1798/1798 500/1799/1799
f 449/1797/1797 500/1799/1799 499/1800/1800
f 452/1801/1801 451/1802/1802 501/1803/1803
f 452/1801/1801 501/1803/1803 502/1804/1804
f 453/1805/1805 503/1806/1806 504/1807/1807
f 453/1805/1805 504/1807/1807 454/1808/1808
f 451/1809/1809 455/1810/1810 505/1811/1811
f 451/1809/1809 505/1811/1811 501/1812/1812
f 454/1813/1813 504/1814/1814 506/1815/1815
f 454/1813/1813 506/1815/1815 456/1816/1816
f 455/1817/1817 457/1818/1818 507/1819/1819
f 455/1817/1817 507/1819/1819 505/1820/1820
f 456/1821/1821 506/1822/1822 508/1823/1823
f 456/1821/1821 508/1823/1823 458/1824/1824
f 457/1825/1825 459/1826/1826 509/1827/1827
f 457/1825/1825 509/1827/1827 507/1828/1828
f 458/1829/1829 508/1830/1830 510/1831/1831
f 458/1829/1829 510/1831/1831 460/1832/1832
f 459/1833/1833 461/1834/1834 511/1835/1835
f 459/1833/1833 511/1835/1835 509/1836/1836
f 460/1837/1837 510/1838/1838 512/1839/1839
f 460/1837/1837 512/1839/1839 462/1840/1840
f 461/1841/1841 463/1842/1842 513/1843/1843
f 461/1841/1841 513/1843/1843 511/1844/1844
f 462/1845/1845 512/1846/1846 514/1847/1847
f 462/1845/1845 514/1847/1847 464/1848/1848
f 463/1849/1849 465/1850/1850 515/1851/1851
f 463/1849/1849 515/1851/1851 513/1852/1852
f 464/1853/1853 514/1854/1854 516/1855/1855
f 464/1853/1853 516/1855/1855 466/1856/1856
f 465/1857/1857 467/1858/1858 517/1859/1859
f 465/1857/1857 517/1859/1859 515/1860/1860
f 466/1861/1861 516/1862/1862 518/1863/1863
f 466/1861/1861 518/1863/1863 468/1864/1864
f 467/1865/1865 469/1866/1866 519/1867/1867
f 467/1865/1865 519/1867/1867 517/1868/1868
f 468/1869/1869 518/1870/1870 520/1871/1871
f 468/1869/1869 520/1871/1871 470/1872/1872
f 469/1873/1873 471/1874/1874 521/1875/1875
f 469/1873/1873 521/1875/1875 519/1876/1876
f 470/1877/1877 520/1878/1878 522/1879/1879
f 470/1877/1877 522/1879/1879 472/1880/1880
f 471/1881/1881 473/1882/1882 523/1883/1883
f 471/1881/1881 523/1883/1883 521/1884/1884
f 472/1885/1885 522/1886/1886 524/1887/1887
f 472/1885/1885 524/1887/1887 474/1888/1888
f 473/1889/1889 475/1890/1890 525/1891/1891
f 473/1889/1889 525/1891/1891 523/1892/1892
f 474/1893/1893 524/1894/1894 526/1895/1895
f 474/1893/1893 526/1895/1895 476/1896/1896
f 475/1897/1897 477/1898/1898 527/1899/1899
f 475/1897/1897 527/1899/1899 525/1900/1900
f 476/1901/1901 526/1902/1902 528/1903/1903
f 476/1901/1901 528/1903/1903 478/1904/1904
f 477/1905/1905 479/1906/1906 529/1907/1907
f 477/1905/1905 529/1907/1907 527/1908/1908
f 478/1909/1909 528/1910/1910 530/1911/1911
f 478/1909/1909 530/1911/1911 480/1912/1912
f 479/1913/1913 481/1914/1914 531/1915/1915
f 479/1913/1913 531/1915/1915 529/1916/1916
f 480/1917/1917 530/1918/1918 532/1919/1919
f 480/1917/1917 532/1919/1919 482/1920/1920
f 481/1921/1921 483/1922/1922 533/1923/1923
f 481/1921/1921 533/1923/1923 531/1924/1924
f 482/1925/1925 532/1926/1926 534/1927/1927
f 482/1925/1925 534/1927/1927 484/1928/1928
f 483/1929/1929 485/1930/1930 535/1931/1931
f 483/1929/1929 535/1931/1931 533/1932/1932
f 484/1933/1933 534/1934/1934 536/1935/1935
f 484/1933/1933 536/1935/1935 486/1936/1936
f 485/1937/1937 487/1938/1938 537/1939/1939
f 485/1937/1937 537/1939/1939 535/1940/1940
f 486/1941/1941 536/1942/1942 538/1943/1943
f 486/1941/1941 538/1943/1943 488/1944/1944
f 487/1945/1945 489/1946/1946 539/1947/1947
f 487/1945/1945 539/1947/1947 537/1948/1948
f 488/1949/1949 538/1950/1950 540/1951/1951
f 488/1949/1949 540/1951/1951 490/1952/1952
f 489/1953/1953 491/1954/1954 541/1955/1955
f 489/1953/1953 541/1955/1955 539/1956/1956
f 490/1957/1957 540/1958/1958 542/1959/1959
f 490/1957/1957 542/1959/1959 492/1960/1960
f 491/1961/1961 493/1962/1962 543/1963/1963
f 491/1961/1961 543/1963/1963 541/1964/1964
f 492/1965/1965 542/1966/1966 544/1967/1967
f 492/1965/1965 544/1967/1967 494/1968/1968
f 493/1969/1969 495/1970/1970 545/1971/1971
f 493/1969/1969 545/1971/1971 543/1972/1972
f 494/1973/1973 544/1974/1974 546/1975/1975
f 494/1973/1973 546/1975/1975 496/1976/1976
f 495/1977/1977 497/1978/1978 547/1979/1979
f 495/1977/1977 547/1979/1979 545/1980/1980
f 496/1981/1981 546/1982/1982 548/1983/1983
f 496/1981/1981 548/1983/1983 498/1984/1984
f 497/1985/1985 499/1986/1986 549/1987/1987
f 497/1985/1985 549/1987/1987 547/1988/1988
f 498/1989/1989 548/1990/1990 550/1991/1991
f 498/1989/1989 550/1991/1991 500/1992/1992
f 452/1993/1993 502/1994/1994 503/1995/1995
f 452/1993/1993 503/1995/1995 453/1996/1996
f 499/1997/1997 500/1998/1998 550/1999/1999
f 499/1997/1997 550/1999/1999 549/2000/2000
f 502/2001/2001 501/2002/2002 551/2003/2003
f 502/2001/2001 551/2003/2003 552/2004/2004
f 503/2005/2005 553/2006/2006 554/2007/2007
f 503/2005/2005 554/2007/2007 504/2008/2008
f 501/2009/2009 505/2010/2010 555/2011/2011
f 501/2009/2009 555/2011/2011 551/2012/2012
f 504/2013/2013 554/2014/2014 556/2015/2015
f 504/2013/2013 556/2015/2015 506/2016/2016
f 505/2017/2017 507/2018/2018 557/2019/2019
f 505/2017/2017 557/2019/2019 555/2020/2020
f 506/2021/2021 556/2022/2022 558/2023/2023
f 506/2021/2021 558/2023/2023 508/2024/2024
f 507/2025/2025 509/2026/2026 559/2027/2027
f 507/2025/2025 559/2027/2027 557/2028/2028
f 508/2029/2029 558/2030/2030 560/2031/2031
f 508/2029/2029 560/2031/2031 510/2032/2032
f 509/2033/2033 511/2034/2034 561/2035/2035
f 509/2033/2033 561/2035/2035 559/2036/2036
f 510/2037/2037 560/2038/2038 562/2039/2039
f 510/2037/2037 562/2039/2039 512/2040/2040
f 511/2041/2041 513/2042/2042 563/2043/2043
f 511/2041/2041 563/2043/2043 561/2044/2044
f 512/2045/2045 562/2046/2046 564/2047/2047
f 512/2045/2045 564/2047/2047 514/2048/2048
f 513/2049/2049 515/2050/2050 565/2051/2051
f 513/2049/2049 565/2051/2051 563/2052/2052
f 514/2053/2053 564/2054/2054 566/2055/2055
f 514/2053/2053 566/2055/2055 516/2056/2056
f 515/2057/2057 517/2058/2058 567/2059/2059
f 515/2057/2057 567/2059/2059 565/2060/2060
f 516/2061/2061 566/2062/2062 568/2063/2063
f 516/2061/2061 568/2063/2063 518/2064/2064
f 517/2065/2065 519/2066/2066 569/2067/2067
f 517/2065/2065 569/2067/2067 567/2068/2068
f 518/2069/2069 568/2070/2070 570/2071/2071
f 518/2069/2069 570/2071/2071 520/2072/2072
f 519/2073/2073 521/2074/2074 571/2075/2075
f 519/2073/2073 571/2075/2075 569/2076/2076
f 520/2077/2077 570/2078/2078 572/2079/2079
f 520/2077/2077 572/2079/2079 522/2080/2080
f 521/2081/2081 523/2082/2082 573/2083/2083
f 521/2081/2081 573/2083/2083 571/2084/2084
f 522/2085/2085 572/2086/2086 574/2087/2087
f 522/2085/2085 574/2087/2087 524/2088/2088
f 523/2089/2089 525/2090/2090 575/2091/2091
f 523/2089/2089 575/2091/2091 573/2092/2092
f 524/2093/2093 574/2094/2094 576/2095/2095
f 524/2093/2093 576/2095/2095 526/2096/2096
f 525/2097/2097 527/2098/2098 577/2099/2099
f 525/2097/2097 577/2099/2099 575/2100/2100
f 526/2101/2101 576/2102/2102 578/2103/2103
f 526/2101/2101 578/2103/2103 528/2104/2104
f 527/2105/2105 529/2106/2106 579/2107/2107
f 527/2105/2105 579/2107/2107 577/2108/2108
f 528/2109/2109 578/2110/2110 580/2111/2111
f 528/2109/2109 580/2111/2111 530/2112/2112
f 529/2113/2113 531/2114/2114 581/2115/2115
f 529/2113/2113 581/2115/2115 579/2116/2116
f 530/2117/2117 580/2118/2118 582/2119/2119
f 530/2117/2117 582/2119/2119 532/2120/2120
f 531/2121/2121 533/2122/2122 583/2123/2123
f 531/2121/2121 583/2123/2123 581/2124/2124
f 532/2125/2125 582/2126/2126 584/2127/2127
f 532/2125/2125 584/2127/2127 534/2128/2128
f 533/2129/2129 535/2130/2130 585/2131/2131
f 533/2129/2129 585/2131/2131 583/2132/2132
f 534/2133/2133 584/2134/2134 586/2135/2135
f 534/2133/2133 586/2135/2135 536/2136/2136
f 535/2137/2137 537/2138/2138 587/2139/2139
f 535/2137/2137 587/2139/2139 585/2140/2140
f 536/2141/2141 586/2142/2142 588/2143/2143
f 536/2141/2141 588/2143/2143 538/2144/2144
f 537/2145/2145 539/2146/2146 589/2147/2147
f 537/2145/2145 589/2147/2147 587/2148/2148
f 538/2149/2149 588/2150/2150 590/2151/2151
f 538/2149/2149 590/2151/2151 540/2152/2152
f 539/2153/2153 541/2154/2154 591/2155/2155
f 539/2153/2153 591/2155/2155 589/2156/2156
f 540/2157/2157 590/2158/2158 592/2159/2159
f 540/2157/2157 592/2159/2159 542/2160/2160
f 541/2161/2161 543/2162/2162 593/2163/2163
f 541/2161/2161 593/2163/2163 591/2164/2164
f 542/2165/2165 592/2166/2166 594/2167/2167
f 542/2165/2165 594/2167/2167 544/2168/2168
f 543/2169/2169 545/2170/2170 595/2171/2171
f 543/2169/2169 595/2171/2171 593/2172/2172
f 544/2173/2173 594/2174/2174 596/2175/2175
f 544/2173/2173 596/2175/2175 546/2176/2176
f 545/2177/2177 547/2178/2178 597/2179/2179
f 545/2177/2177 597/2179/2179 595/2180/2180
f 546/2181/2181 596/2182/2182 598/2183/2183
f 546/2181/2181 598/2183/2183 548/2184/2184
f 547/2185/2185 549/2186/2186 599/2187/2187
f 547/2185/2185 599/2187/2187 597/2188/2188
f 548/2189/2189 598/2190/2190 600/2191/2191
f 548/2189/2189 600/2191/2191 550/2192/2192
f 502/2193/2193 552/2194/2194 553/2195/2195
f 502/2193/2193 553/2195/2195 503/2196/2196
f 549/2197/2197 550/2198/2198 600/2199/2199
f 549/2197/2197 600/2199/2199 599/2200/2200
f 552/2201/2201 551/2202/2202 601/2203/2203
f 552/2201/2201 601/2203/2203 602/2204/2204
f 553/2205/2205 603/2206/2206 604/2207/2207
f 553/2205/2205 604/2207/2207 554/2208/2208
f 551/2209/2209 555/2210/2210 605/2211/2211
f 551/2209/2209 605/2211/2211 601/2212/2212
f 554/2213/2213 604/2214/2214 606/2215/2215
f 554/2213/2213 606/2215/2215 556/2216/2216
f 555/2217/2217 557/2218/2218 607/2219/2219
f 555/2217/2217 607/2219/2219 605/2220/2220
f 556/2221/2221 606/2222/2222 608/2223/2223
f 556/2221/2221 608/2223/2223 558/2224/2224
f 557/2225/2225 559/2226/2226 609/2227/2227
f 557/2225/2225 609/2227/2227 607/2228/2228
f 558/2229/2229 608/2230/2230 610/2231/2231
f 558/2229/2229 610/2231/2231 560/2232/2232
f 559/2233/2233 561/2234/2234 611/2235/2235
f 559/2233/2233 611/2235/2235 609/2236/2236
f 560/2237/2237 610/2238/2238 612/2239/2239
f 560/2237/2237 612/2239/2239 562/2240/2240
f 561/2241/2241 563/2242/2242 613/2243/2243
f 561/2241/2241 613/2243/2243 611/2244/2244
f 562/2245/2245 612/2246/2246 614/2247/2247
f 562/2245/2245 614/2247/2247 564/2248/2248
f 563/2249/2249 565/2250/2250 615/2251/2251
f 563/2249/2249 615/2251/2251 613/2252/2252
f 564/2253/2253 614/2254/2254 616/2255/2255
f 564/2253/2253 616/2255/2255 566/2256/2256
f 565/2257/2257 567/2258/2258 617/2259/2259
f 565/2257/2257 617/2259/2259 615/2260/2260
f 566/2261/2261 616/2262/2262 618/2263/2263
f 566/2261/2261 618/2263/2263 568/2264/2264
f 567/2265/2265 569/2266/2266 619/2267/2267
f 567/2265/2265 619/2267/2267 617/2268/2268
f 568/2269/2269 618/2270/2270 620/2271/2271
f 568/2269/2269 620/2271/2271 570/2272/2272
f 569/2273/2273 571/2274/2274 621/2275/2275
f 569/2273/2273 621/2275/2275 619/2276/2276
f 570/2277/2277 620/2278/2278 622/2279/2279
f 570/2277/2277 622/2279/2279 572/2280/2280
f 571/2281/2281 573/2282/2282 623/2283/2283
f 571/2281/2281 623/2283/2283 621/2284/2284
f 572/2285/2285 622/2286/2286 624/2287/2287
f 572/2285/2285 624/2287/2287 574/2288/2288
f 573/2289/2289 575/2290/2290 625/2291/2291
f 573/2289/2289 625/2291/2291 623/2292/2292
f 574/2293/2293 624/2294/2294 626/2295/2295
f 574/2293/2293 626/2295/2295 576/2296/2296
f 575/2297/2297 577/2298/2298 627/2299/2299
f 575/2297/2297 627/2299/2299 625/2300/2300
f 576/2301/2301 626/2302/2302 628/2303/2303
f 576/2301/2301 628/2303/2303 578/2304/2304
f 577/2305/2305 579/2306/2306 629/2307/2307
f 577/2305/2305 629/2307/2307 627/2308/2308
f 578/2309/2309 628/2310/2310 630/2311/2311
f 578/2309/2309 630/2311/2311 580/2312/2312
f 579/2313/2313 581/2314/2314 631/2315/2315
f 579/2313/2313 631/2315/2315 629/2316/2316
f 580/2317/2317 630/2318/2318 632/2319/2319
f 580/2317/2317 632/2319/2319 582/2320/2320
f 581/2321/2321 583/2322/2322 633/2323/2323
f 581/2321/2321 633/2323/2323 631/2324/2324
f 582/2325/2325 632/2326/2326 634/2327/2327
f 582/2325/2325 634/2327/2327 584/2328/2328
f 583/2329/2329 585/2330/2330 635/2331/2331
f 583/2329/2329 635/2331/2331 633/2332/2332
f 584/2333/2333 634/2334/2334 636/2335/2335
f 584/2333/2333 636/2335/2335 586/2336/2336
f 585/2337/2337 587/2338/2338 637/2339/2339
f 585/2337/2337 637/2339/2339 635/2340/2340
f 586/2341/2341 636/2342/2342 638/2343/2343
f 586/2341/2341 638/2343/2343 588/2344/2344
f 587/2345/2345 589/2346/2346 639/2347/2347
f 587/2345/2345 639/2347/2347 637/2348/2348
f 588/2349/2349 638/2350/2350 640/2351/2351
f 588/2349/2349 640/2351/2351 590/2352/2352
f 589/2353/2353 591/2354/2354 641/2355/2355
f 589/2353/2353 641/2355/2355 639/2356/2356
f 590/2357/2357 640/2358/2358 642/2359/2359
f 590/2357/2357 642/2359/2359 592/2360/2360
f 591/2361/2361 593/2362/2362 643/2363/2363
f 591/2361/2361 643/2363/2363 641/2364/2364
f 592/2365/2365 642/2366/2366 644/2367/2367
f 592/2365/2365 644/2367/2367 594/2368/2368
f 593/2369/2369 595/2370/2370 645/2371/2371
f 593/2369/2369 645/2371/2371 643/2372/2372
f 594/2373/2373 644/2374/2374 646/2375/2375
f 594/2373/2373 646/2375/2375 596/2376/2376
f 595/2377/2377 597/2378/2378 647/2379/2379
f 595/2377/2377 647/2379/2379 645/2380/2380
f 596/2381/2381 646/2382/2382 648/2383/2383
f 596/2381/2381 648/2383/2383 598/2384/2384
f 597/2385/2385 599/2386/2386 649/2387/2387
f 597/2385/2385 649/2387/2387 647/2388/2388
f 598/2389/2389 648/2390/2390 650/2391/2391
f 598/2389/2389 650/2391/2391 600/2392/2392
f 552/2393/2393 602/2394/2394 603/2395/2395
f 552/2393/2393 603/2395/2395 553/2396/2396
f 599/2397/2397 600/2398/2398 650/2399/2399
f 599/2397/2397 650/2399/2399 649/2400/2400
f 602/2401/2401 601/2402/2402 651/2403/2403
f 602/2401/2401 651/2403/2403 652/2404/2404
f 603/2405/2405 653/2406/2406 654/2407/2407
f 603/2405/2405 654/2407/2407 604/2408/2408
f 601/2409/2409 605/2410/2410 655/2411/2411
f 601/2409/2409 655/2411/2411 651/2412/2412
f 604/2413/2413 654/2414/2414 656/2415/2415
f 604/2413/2413 656/2415/2415 606/2416/2416
f 605/2417/2417 607/2418/2418 657/2419/2419
f 605/2417/2417 657/2419/2419 655/2420/2420
f 606/2421/2421 656/2422/2422 658/2423/2423
f 606/2421/2421 658/2423/2423 608/2424/2424
f 607/2425/2425 609/2426/2426 659/2427/2427
f 607/2425/2425 659/2427/2427 657/2428/2428
f 608/2429/2429 658/2430/2430 660/2431/2431
f 608/2429/2429 660/2431/2431 610/2432/2432
f 609/2433/2433 611/2434/2434 661/2435/2435
f 609/2433/2433 661/2435/2435 659/2436/2436
f 610/2437/2437 660/2438/2438 662/2439/2439
f 610/2437/2437 662/2439/2439 612/2440/2440
f 611/2441/2441 613/2442/2442 663/2443/2443
f 611/2441/2441 663/2443/2443 661/2444/2444
f 612/2445/2445 662/2446/2446 664/2447/2447
f 612/2445/2445 664/2447/2447 614/2448/2448
f 613/2449/2449 615/2450/2450 665/2451/2451
f 613/2449/2449 665/2451/2451 663/2452/2452
f 614/2453/2453 664/2454/2454 666/2455/2455
f 614/2453/2453 666/2455/2455 616/2456/2456
f 615/2457/2457 617/2458/2458 667/2459/2459
f 615/2457/2457 667/2459/2459 665/2460/2460
f 616/2461/2461 666/2462/2462 668/2463/2463
f 616/2461/2461 668/2463/2463 618/2464/2464
f 617/2465/2465 619/2466/2466 669/2467/2467
f 617/2465/2465 669/2467/2467 667/2468/2468
f 618/2469/2469 668/2470/2470 670/2471/2471
f 618/2469/2469 670/2471/2471 620/2472/2472
f 619/2473/2473 621/2474/2474 671/2475/2475
f 619/2473/2473 671/2475/2475 669/2476/2476
f 620/2477/2477 670/2478/2478 672/2479/2479
f 620/2477/2477 672/2479/2479 622/2480/2480
f 621/2481/2481 623/2482/2482 673/2483/2483
f 621/2481/2481 673/2483/2483 671/2484/2484
f 622/2485/2485 672/2486/2486 674/2487/2487
f 622/2485/2485 674/2487/2487 624/2488/2488
f 623/2489/2489 625/2490/2490 675/2491/2491
f 623/2489/2489 675/2491/2491 673/2492/2492
f 624/2493/2493 674/2494/2494 676/2495/2495
f 624/2493/2493 676/2495/2495 626/2496/2496
f 625/2497/2497 627/2498/2498 677/2499/2499
f 625/2497/2497 677/2499/2499 675/2500/2500
f 626/2501/2501 676/2502/2502 678/2503/2503
f 626/2501/2501 678/2503/2503 628/2504/2504
f 627/2505/2505 629/2506/2506 679/2507/2507
f 627/2505/2505 679/2507/2507 677/2508/2508
f 628/2509/2509 678/2510/2510 680/2511/2511
f 628/2509/2509 680/2511/2511 630/2512/2512
f 629/2513/2513 631/2514/2514 681/2515/2515
f 629/2513/2513 681/2515/2515 679/2516/2516
f 630/2517/2517 680/2518/2518 682/2519/2519
f 630/2517/2517 682/2519/2519 632/2520/2520
f 631/2521/2521 633/2522/2522 683/2523/2523
f 631/2521/2521 683/2523/2523 681/2524/2524
f 632/2525/2525 682/2526/2526 684/2527/2527
f 632/2525/2525 684/2527/2527 634/2528/2528
f 633/2529/2529 635/2530/2530 685/2531/2531
f 633/2529/2529 685/2531/2531 683/2532/2532
f 634/2533/2533 684/2534/2534 686/2535/2535
f 634/2533/2533 686/2535/2535 636/2536/2536
f 635/2537/2537 637/2538/2538 687/2539/2539
f 635/2537/2537 687/2539/2539 685/2540/2540
f 636/2541/2541 686/2542/2542 688/2543/2543
f 636/2541/2541 688/2543/2543 638/2544/2544
f 637/2545/2545 639/2546/2546 689/2547/2547
f 637/2545/2545 689/2547/2547 687/2548/2548
f 638/2549/2549 688/2550/2550 690/2551/2551
f 638/2549/2549 690/2551/2551 640/2552/2552
f 639/2553/2553 641/2554/2554 691/2555/2555
f 639/2553/2553 691/2555/2555 689/2556/2556
f 640/2557/2557 690/2558/2558 692/2559/2559
f 640/2557/2557 692/2559/2559 642/2560/2560
f 641/2561/2561 643/2562/2562 693/2563/2563
f 641/2561/2561 693/2563/2563 691/2564/2564
f 642/2565/2565 692/2566/2566 694/2567/2567
f 642/2565/2565 694/2567/2567 644/2568/2568
f 643/2569/2569 645/2570/2570 695/2571/2571
f 643/2569/2569 695/2571/2571 693/2572/2572
f 644/2573/2573 694/2574/2574 696/2575/2575
f 644/2573/2573 696/2575/2575 646/2576/2576
f 645/2577/2577 647/2578/2578 697/2579/2579
f 645/2577/2577 697/2579/2579 695/2580/2580
f 646/2581/2581 696/2582/2582 698/2583/2583
f 646/2581/2581 698/2583/2583 648/2584/2584
f 647/2585/2585 649/2586/2586 699/2587/2587
f 647/2585/2585 699/2587/2587 697/2588/2588
f 648/2589/2589 698/2590/2590 700/2591/2591
f 648/2589/2589 700/2591/2591 650/2592/2592
f 602/2593/2593 652/2594/2594 653/2595/2595
f 602/2593/2593 653/2595/2595 603/2596/2596
f 649/2597/2597 650/2598/2598 700/2599/2599
f 649/2597/2597 700/2599/2599 699/2600/2600
f 652/2601/2601 651/2602/2602 701/2603/2603
f 652/2601/2601 701/2603/2603 702/2604/2604
f 653/2605/2605 703/2606/2606 704/2607/2607
f 653/2605/2605 704/2607/2607 654/2608/2608
f 651/2609/2609 655/2610/2610 705/2611/2611
f 651/2609/2609 705/2611/2611 701/2612/2612
f 654/2613/2613 704/2614/2614 706/2615/2615
f 654/2613/2613 706/2615/2615 656/2616/2616
f 655/2617/2617 657/2618/2618 707/2619/2619
f 655/2617/2617 707/2619/2619 705/2620/2620
f 656/2621/2621 706/2622/2622 708/2623/2623
f 656/2621/2621 708/2623/2623 658/2624/2624
f 657/2625/2625 659/2626/2626 709/2627/2627
f 657/2625/2625 709/2627/2627 707/2628/2628
f 658/2629/2629 708/2630/2630 710/2631/2631
f 658/2629/2629 710/2631/2631 660/2632/2632
f 659/2633/2633 661/2634/2634 711/2635/2635
f 659/2633/2633 711/2635/2635 709/2636/2636
f 660/2637/2637 710/2638/2638 712/2639/2639
f 660/2637/2637 712/2639/2639 662/2640/2640
f 661/2641/2641 663/2642/2642 713/2643/2643
f 661/2641/2641 713/2643/2643 711/2644/2644
f 662/2645/2645 712/2646/2646 714/2647/2647
f 662/2645/2645 714/2647/2647 664/2648/2648
f 663/2649/2649 665/2650/2650 715/2651/2651
f 663/2649/2649 715/2651/2651 713/2652/2652
f 664/2653/2653 714/2654/2654 716/2655/2655
f 664/2653/2653 716/2655/2655 666/2656/2656
f 665/2657/2657 667/2658/2658 717/2659/2659
f 665/2657/2657 717/2659/2659 715/2660/2660
f 666/2661/2661 716/2662/2662 718/2663/2663
f 666/2661/2661 718/2663/2663 668/2664/2664
f 667/2665/2665 669/2666/2666 719/2667/2667
f 667/2665/2665 719/2667/2667 717/2668/2668
f 668/2669/2669 718/2670/2670 720/2671/2671
f 668/2669/2669 720/2671/2671 670/2672/2672
f 669/2673/2673 671/2674/2674 721/2675/2675
f 669/2673/2673 721/2675/2675 719/2676/2676
f 670/2677/2677 720/2678/2678 722/2679/2679
f 670/2677/2677 722/2679/2679 672/2680/2680
f 671/2681/2681 673/2682/2682 723/2683/2683
f 671/2681/2681 723/2683/2683 721/2684/2684
f 672/2685/2685 722/2686/2686 724/2687/2687
f 672/2685/2685 724/2687/2687 674/2688/2688
f 673/2689/2689 675/2690/2690 725/2691/2691
f 673/2689/2689 725/2691/2691 723/2692/2692
f 674/2693/2693 724/2694/2694 726/2695/2695
f 674/2693/2693 726/2695/2695 676/2696/2696
f 675/2697/2697 677/2698/2698 727/2699/2699
f 675/2697/2697 727/2699/2699 725/2700/2700
f 676/2701/2701 726/2702/2702 728/2703/2703
f 676/2701/2701 728/2703/2703 678/2704/2704
f 677/2705/2705 679/2706/2706 729/2707/2707
f 677/2705/2705 729/2707/2707 727/2708/2708
f 678/2709/2709 728/2710/2710 730/2711/2711
f 678/2709/2709 730/2711/2711 680/2712/2712
f 679/2713/2713 681/2714/2714 731/2715/2715
f 679/2713/2713 731/2715/2715 729/2716/2716
f 680/2717/2717 730/2718/2718 732/2719/2719
f 680/2717/2717 732/2719/2719 682/2720/2720
f 681/2721/2721 683/2722/2722 733/2723/2723
f 681/2721/2721 733/2723/2723 731/2724/2724
f 682/2725/2725 732/2726/2726 734/2727/2727
f 682/2725/2725 734/2727/2727 684/2728/2728
f 683/2729/2729 685/2730/2730 735/2731/2731
f 683/2729/2729 735/2731/2731 733/2732/2732
f 684/2733/2733 734/2734/2734 736/2735/2735
f 684/2733/2733 736/2735/2735 686/2736/2736
f 685/2737/2737 687/2738/2738 737/2739/2739
f 685/2737/2737 737/2739/2739 735/2740/2740
f 686/2741/2741 736/2742/2742 738/2743/2743
f 686/2741/2741 738/2743/2743 688/2744/2744
f 687/2745/2745 689/2746/2746 739/2747/2747
f 687/2745/2745 739/2747/2747 737/2748/2748
f 688/2749/2749 738/2750/2750 740/2751/2751
f 688/2749/2749 740/2751/2751 690/2752/2752
f 689/2753/2753 691/2754/2754 741/2755/2755
f 689/2753/2753 741/2755/2755 739/2756/2756
f 690/2757/2757 740/2758/2758 742/2759/2759
f 690/2757/2757 742/2759/2759 692/2760/2760
f 691/2761/2761 693/2762/2762 743/2763/2763
f 691/2761/2761 743/2763/2763 741/2764/2764
f 692/2765/2765 742/2766/2766 744/2767/2767
f 692/2765/2765 744/2767/2767 694/2768/2768
f 693/2769/2769 695/2770/2770 745/2771/2771
f 693/2769/2769 745/2771/2771 743/2772/2772
f 694/2773/2773 744/2774/2774 746/2775/2775
f 694/2773/2773 746/2775/2775 696/2776/2776
f 695/2777/2777 697/2778/2778 747/2779/2779
f 695/2777/2777 747/2779/2779 745/2780/2780
f 696/2781/2781 746/2782/2782 748/2783/2783
f 696/2781/2781 748/2783/2783 698/2784/2784
f 697/2785/2785 699/2786/2786 749/2787/2787
f 697/2785/2785 749/2787/2787 747/2788/2788
f 698/2789/2789 748/2790/2790 750/2791/2791
f 698/2789/2789 750/2791/2791 700/2792/2792
f 652/2793/2793 702/2794/2794 703/2795/2795
f 652/2793/2793 703/2795/2795 653/2796/2796
f 699/2797/2797 700/2798/2798 750/2799/2799
f 699/2797/2797 750/2799/2799 749/2800/2800
f 702/2801/2801 701/2802/2802 751/2803/2803
f 702/2801/2801 751/2803/2803 752/2804/2804
f 703/2805/2805 753/2806/2806 754/2807/2807
f 703/2805/2805 754/2807/2807 704/2808/2808
f 701/2809/2809 705/2810/2810 755/2811/2811
f 701/2809/2809 755/2811/2811 751/2812/2812
f 704/2813/2813 754/2814/2814 756/2815/2815
f 704/2813/2813 756/2815/2815 706/2816/2816
f 705/2817/2817 707/2818/2818 757/2819/2819
f 705/2817/2817 757/2819/2819 755/2820/2820
f 706/2821/2821 756/2822/2822 758/2823/2823
f 706/2821/2821 758/2823/2823 708/2824/2824
f 707/2825/2825 709/2826/2826 759/2827/2827
f 707/2825/2825 759/2827/2827 757/2828/2828
f 708/2829/2829 758/2830/2830 760/2831/2831
f 708/2829/2829 760/2831/2831 710/2832/2832
f 709/2833/2833 711/2834/2834 761/2835/2835
f 709/2833/2833 761/2835/2835 759/2836/2836
f 710/2837/2837 760/2838/2838 762/2839/2839
f 710/2837/2837 762/2839/2839 712/2840/2840
f 711/2841/2841 713/2842/2842 763/2843/2843
f 711/2841/2841 763/2843/2843 761/2844/2844
f 712/2845/2845 762/2846/2846 764/2847/2847
f 712/2845/2845 764/2847/2847 714/2848/2848
f 713/2849/2849 715/2850/2850 765/2851/2851
f 713/2849/2849 765/2851/2851 763/2852/2852
f 714/2853/2853 764/2854/2854 766/2855/2855
f 714/2853/2853 766/2855/2855 716/2856/2856
f 715/2857/2857 717/2858/2858 767/2859/2859
f 715/2857/2857 767/2859/2859 765/2860/2860
f 716/2861/2861 766/2862/2862 768/2863/2863
f 716/2861/2861 768/2863/2863 718/2864/2864
f 717/2865/2865 719/2866/2866 769/2867/2867
f 717/2865/2865 769/2867/2867 767/2868/2868
f 718/2869/2869 768/2870/2870 770/2871/2871
f 718/2869/2869 770/2871/2871 720/2872/2872
f 719/2873/2873 721/2874/2874 771/2875/2875
f 719/2873/2873 771/2875/2875 769/2876/2876
f 720/2877/2877 770/2878/2878 772/2879/2879
f 720/2877/2877 772/2879/2879 722/2880/2880
f 721/2881/2881 723/2882/2882 773/2883/2883
f 721/2881/2881 773/2883/2883 771/2884/2884
f 722/2885/2885 772/2886/2886 774/2887/2887
f 722/2885/2885 774/2887/2887 724/2888/2888
f 723/2889/2889 725/2890/2890 775/2891/2891
f 723/2889/2889 775/2891/2891 773/2892/2892
f 724/2893/2893 774/2894/2894 776/2895/2895
f 724/2893/2893 776/2895/2895 726/2896/2896
f 725/2897/2897 727/2898/2898 777/2899/2899
f 725/2897/2897 777/2899/2899 775/2900/2900
f 726/2901/2901 776/2902/2902 778/2903/2903
f 726/2901/2901 778/2903/2903 728/2904/2904
f 727/2905/2905 729/2906/2906 779/2907/2907
f 727/2905/2905 779/2907/2907 777/2908/2908
f 728/2909/2909 778/2910/2910 780/2911/2911
f 728/2909/2909 780/2911/2911 730/2912/2912
f 729/2913/2913 731/2914/2914 781/2915/2915
f 729/2913/2913 781/2915/2915 779/2916/2916
f 730/2917/2917 780/2918/2918 782/2919/2919
f 730/2917/2917 782/2919/2919 732/2920/2920
f 731/2921/2921 733/2922/2922 783/2923/2923
f 731/2921/2921 783/2923/2923 781/2924/2924
f 732/2925/2925 782/2926/2926 784/2927/2927
f 732/2925/2925 784/2927/2927 734/2928/2928
f 733/2929/2929 735/2930/2930 785/2931/2931
f 733/2929/2929 785/2931/2931 783/2932/2932
f 734/2933/2933 784/2934/2934 786/2935/2935
f 734/2933/2933 786/2935/2935 736/2936/2936
f 735/2937/2937 737/2938/2938 787/2939/2939
f 735/2937/2937 787/2939/2939 785/2940/2940
f 736/2941/2941 786/2942/2942 788/2943/2943
f 736/2941/2941 788/2943/2943 738/2944/2944
f 737/2945/2945 739/2946/2946 789/2947/2947
f 737/2945/2945 789/2947/2947 787/2948/2948
f 738/2949/2949 788/2950/2950 790/2951/2951
f 738/2949/2949 790/2951/2951 740/2952/2952
f 739/2953/2953 741/2954/2954 791/2955/2955
f 739/2953/2953 791/2955/2955 789/2956/2956
f 740/2957/2957 790/2958/2958 792/2959/2959
f 740/2957/2957 792/2959/2959 742/2960/2960
f 741/2961/2961 743/2962/2962 793/2963/2963
f 741/2961/2961 793/2963/2963 791/2964/2964
f 742/2965/2965 792/2966/2966 794/2967/2967
f 742/2965/2965 794/2967/2967 744/2968/2968
f 743/2969/2969 745/2970/2970 795/2971/2971
f 743/2969/2969 795/2971/2971 793/2972/2972
f 744/2973/2973 794/2974/2974 796/2975/2975
f 744/2973/2973 796/2975/2975 746/2976/2976
f 745/2977/2977 747/2978/2978 797/2979/2979
f 745/2977/2977 797/2979/2979 795/2980/2980
f 746/2981/2981 796/2982/2982 798/2983/2983
f 746/2981/2981 798/2983/2983 748/2984/2984
f 747/2985/2985 749/2986/2986 799/2987/2987
f 747/2985/2985 799/2987/2987 797/2988/2988
f 748/2989/2989 798/2990/2990 800/2991/2991
f 748/2989/2989 800/2991/2991 750/2992/2992
f 702/2993/2993 752/2994/2994 753/2995/2995
f 702/2993/2993 753/2995/2995 703/2996/2996
f 749/2997/2997 750/2998/2998 800/2999/2999
f 749/2997/2997 800/2999/2999 799/3000/3000
f 752/3001/3001 751/3002/3002 801/3003/3003
f 752/3001/3001 801/3003/3003 802/3004/3004
f 753/3005/3005 803/3006/3006 804/3007/3007
f 753/3005/3005 804/3007/3007 754/3008/3008
f 751/3009/3009 755/3010/3010 805/3011/3011
f 751/3009/3009 805/3011/3011 801/3012/3012
f 754/3013/3013 804/3014/3014 806/3015/3015
f 754/3013/3013 806/3015/3015 756/3016/3016
f 755/3017/3017 757/3018/3018 807/3019/3019
f 755/3017/3017 807/3019/3019 805/3020/3020
f 756/3021/3021 806/3022/3022 808/3023/3023
f 756/3021/3021 808/3023/3023 758/3024/3024
f 757/3025/3025 759/3026/3026 809/3027/3027
f 757/3025/3025 809/3027/3027 807/3028/3028
f 758/3029/3029 808/3030/3030 810/3031/3031
f 758/3029/3029 810/3031/3031 760/3032/3032
f 759/3033/3033 761/3034/3034 811/3035/3035
f 759/3033/3033 811/3035/3035 809/3036/3036
f 760/3037/3037 810/3038/3038 812/3039/3039
f 760/3037/3037 812/3039/3039 762/3040/3040
f 761/3041/3041 763/3042/3042 813/3043/3043
f 761/3041/3041 813/3043/3043 811/3044/3044
f 762/3045/3045 812/3046/3046 814/3047/3047
f 762/3045/3045 814/3047/3047 764/3048/3048
f 763/3049/3049 765/3050/3050 815/3051/3051
f 763/3049/3049 815/3051/3051 813/3052/3052
f 764/3053/3053 814/3054/3054 816/3055/3055
f 764/3053/3053 816/3055/3055 766/3056/3056
f 765/3057/3057 767/3058/3058 817/3059/3059
f 765/3057/3057 817/3059/3059 815/3060/3060
f 766/3061/3061 816/3062/3062 818/3063/3063
f 766/3061/3061 818/3063/3063 768/3064/3064
f 767/3065/3065 769/3066/3066 819/3067/3067
f 767/3065/3065 819/3067/3067 817/3068/3068
f 768/3069/3069 818/3070/3070 820/3071/3071
f 768/3069/3069 820/3071/3071 770/3072/3072
f 769/3073/3073 771/3074/3074 821/3075/3075
f 769/3073/3073 821/3075/3075 819/3076/3076
f 770/3077/3077 820/3078/3078 822/3079/3079
f 770/3077/3077 822/3079/3079 772/3080/3080
f 771/3081/3081 773/3082/3082 823/3083/3083
f 771/3081/3081 823/3083/3083 821/3084/3084
f 772/3085/3085 822/3086/3086 824/3087/3087
f 772/3085/3085 824/3087/3087 774/3088/3088
f 773/3089/3089 775/3090/3090 825/3091/3091
f 773/3089/3089 825/3091/3091 823/3092/3092
f 774/3093/3093 824/3094/3094 826/3095/3095
f 774/3093/3093 826/3095/3095 776/3096/3096
f 775/3097/3097 777/3098/3098 827/3099/3099
f 775/3097/3097 827/3099/3099 825/3100/3100
f 776/3101/3101 826/3102/3102 828/3103/3103
f 776/3101/3101 828/3103/3103 778/3104/3104
f 777/3105/3105 779/3106/3106 829/3107/3107
f 777/3105/3105 829/3107/3107 827/3108/3108
f 778/3109/3109 828/3110/3110 830/3111/3111
f 778/3109/3109 830/3111/3111 780/3112/3112
f 779/3113/3113 781/3114/3114 831/3115/3115
f 779/3113/3113 831/3115/3115 829/3116/3116
f 780/3117/3117 830/3118/3118 832/3119/3119
f 780/3117/3117 832/3119/3119 782/3120/3120
f 781/3121/3121 783/3122/3122 833/3123/3123
f 781/3121/3121 833/3123/3123 831/3124/3124
f 782/3125/3125 832/3126/3126 834/3127/3127
f 782/3125/3125 834/3127/3127 784/3128/3128
f 783/3129/3129 785/3130/3130 835/3131/3131
f 783/3129/3129 835/3131/3131 833/3132/3132
f 784/3133/3133 834/3134/3134 836/3135/3135
f 784/3133/3133 836/3135/3135 786/3136/3136
f 785/3137/3137 787/3138/3138 837/3139/3139
f 785/3137/3137 837/3139/3139 835/3140/3140
f 786/3141/3141 836/3142/3142 838/3143/3143
f 786/3141/3141 838/3143/3143 788/3144/3144
f 787/3145/3145 789/3146/3146 839/3147/3147
f 787/3145/3145 839/3147/3147 837/3148/3148
f 788/3149/3149 838/3150/3150 840/3151/3151
f 788/3149/3149 840/3151/3151 790/3152/3152
f 789/3153/3153 791/3154/3154 841/3155/3155
f 789/3153/3153 841/3155/3155 839/3156/3156
f 790/3157/3157 840/3158/3158 842/3159/3159
f 790/3157/3157 842/3159/3159 792/3160/3160
f 791/3161/3161 793/3162/3162 843/3163/3163
f 791/3161/3161 843/3163/3163 841/3164/3164
f 792/3165/3165 842/3166/3166 844/3167/3167
f 792/3165/3165 844/3167/3167 794/3168/3168
f 793/3169/3169 795/3170/3170 845/3171/3171
f 793/3169/3169 845/3171/3171 843/3172/3172
f 794/3173/3173 844/3174/3174 846/3175/3175
f 794/3173/3173 846/3175/3175 796/3176/3176
f 795/3177/3177 797/3178/3178 847/3179/3179
f 795/3177/3177 847/3179/3179 845/3180/3180
f 796/3181/3181 846/3182/3182 848/3183/3183
f 796/3181/3181 848/3183/3183 798/3184/3184
f 797/3185/3185 799/3186/3186 849/3187/3187
f 797/3185/3185 849/3187/3187 847/3188/3188
f 798/3189/3189 848/3190/3190 850/3191/3191
f 798/3189/3189 850/3191/3191 800/3192/3192
f 752/3193/3193 802/3194/3194 803/3195/3195
f 752/3193/3193 803/3195/3195 753/3196/3196
f 799/3197/3197 800/3198/3198 850/3199/3199
f 799/3197/3197 850/3199/3199 849/3200/3200
f 802/3201/3201 801/3202/3202 851/3203/3203
f 802/3201/3201 851/3203/3203 852/3204/3204
f 803/3205/3205 853/3206/3206 854/3207/3207
f 803/3205/3205 854/3207/3207 804/3208/3208
f 801/3209/3209 805/3210/3210 855/3211/3211
f 801/3209/3209 855/3211/3211 851/3212/3212
f 804/3213/3213 854/3214/3214 856/3215/3215
f 804/3213/3213 856/3215/3215 806/3216/3216
f 805/3217/3217 807/3218/3218 857/3219/3219
f 805/3217/3217 857/3219/3219 855/3220/3220
f 806/3221/3221 856/3222/3222 858/3223/3223
f 806/3221/3221 858/3223/3223 808/3224/3224
f 807/3225/3225 809/3226/3226 859/3227/3227
f 807/3225/3225 859/3227/3227 857/3228/3228
f 808/3229/3229 858/3230/3230 860/3231/3231
f 808/3229/3229 860/3231/3231 810/3232/3232
f 809/3233/3233 811/3234/3234 861/3235/3235
f 809/3233/3233 861/3235/3235 859/3236/3236
f 810/3237/3237 860/3238/3238 862/3239/3239
f 810/3237/3237 862/3239/3239 812/3240/3240
f 811/3241/3241 813/3242/3242 863/3243/3243
f 811/3241/3241 863/3243/3243 861/3244/3244
f 812/3245/3245 862/3246/3246 864/3247/3247
f 812/3245/3245 864/3247/3247 814/3248/3248
f 813/3249/3249 815/3250/3250 865/3251/3251
f 813/3249/3249 865/3251/3251 863/3252/3252
f 814/3253/3253 864/3254/3254 866/3255/3255
f 814/3253/3253 866/3255/3255 816/3256/3256
f 815/3257/3257 817/3258/3258 867/3259/3259
f 815/3257/3257 867/3259/3259 865/3260/3260
f 816/3261/3261 866/3262/3262 868/3263/3263
f 816/3261/3261 868/3263/3263 818/3264/3264
f 817/3265/3265 819/3266/3266 869/3267/3267
f 817/3265/3265 869/3267/3267 867/3268/3268
f 818/3269/3269 868/3270/3270 870/3271/3271
f 818/3269/3269 870/3271/3271 820/3272/3272
f 819/3273/3273 821/3274/3274 871/3275/3275
f 819/3273/3273 871/3275/3275 869/3276/3276
f 820/3277/3277 870/3278/3278 872/3279/3279
f 820/3277/3277 872/3279/3279 822/3280/3280
f 821/3281/3281 823/3282/3282 873/3283/3283
f 821/3281/3281 873/3283/3283 871/3284/3284
f 822/3285/3285 872/3286/3286 874/3287/3287
f 822/3285/3285 874/3287/3287 824/3288/3288
f 823/3289/3289 825/3290/3290 875/3291/3291
f 823/3289/3289 875/3291/3291 873/3292/3292
f 824/3293/3293 874/3294/3294 876/3295/3295
f 824/3293/3293 876/3295/3295 826/3296/3296
f 825/3297/3297 827/3298/3298 877/3299/3299
f 825/3297/3297 877/3299/3299 875/3300/3300
f 826/3301/3301 876/3302/3302 878/3303/3303
f 826/3301/3301 878/3303/3303 828/3304/3304
f 827/3305/3305 829/3306/3306 879/3307/3307
f 827/3305/3305 879/3307/3307 877/3308/3308
f 828/3309/3309 878/3310/3310 880/3311/3311
f 828/3309/3309 880/3311/3311 830/3312/3312
f 829/3313/3313 831/3314/3314 881/3315/3315
f 829/3313/3313 881/3315/3315 879/3316/3316
f 830/3317/3317 880/3318/3318 882/3319/3319
f 830/3317/3317 882/3319/3319 832/3320/3320
f 831/3321/3321 833/3322/3322 883/3323/3323
f 831/3321/3321 883/3323/3323 881/3324/3324
f 832/3325/3325 882/3326/3326 884/3327/3327
f 832/3325/3325 884/3327/3327 834/3328/3328
f 833/3329/3329 835/3330/3330 885/3331/3331
f 833/3329/3329 885/3331/3331 883/3332/3332
f 834/3333/3333 884/3334/3334 886/3335/3335
f 834/3333/3333 886/3335/3335 836/3336/3336
f 835/3337/3337 837/3338/3338 887/3339/3339
f 835/3337/3337 887/3339/3339 885/3340/3340
f 836/3341/3341 886/3342/3342 888/3343/3343
f 836/3341/3341 888/3343/3343 838/3344/3344
f 837/3345/3345 839/3346/3346 889/3347/3347
f 837/3345/3345 889/3347/3347 887/3348/3348
f 838/3349/3349 888/3350/3350 890/3351/3351
f 838/3349/3349 890/3351/3351 840/3352/3352
f 839/3353/3353 841/3354/3354 891/3355/3355
f 839/3353/3353 891/3355/3355 889/3356/3356
f 840/3357/3357 890/3358/3358 892/3359/3359
f 840/3357/3357 892/3359/3359 842/3360/3360
f 841/3361/3361 843/3362/3362 893/3363/3363
f 841/3361/3361 893/3363/3363 891/3364/3364
f 842/3365/3365 892/3366/3366 894/3367/3367
f 842/3365/3365 894/3367/3367 844/3368/3368
f 843/3369/3369 845/3370/3370 895/3371/3371
f 843/3369/3369 895/3371/3371 893/3372/3372
f 844/3373/3373 894/3374/3374 896/3375/3375
f 844/3373/3373 896/3375/3375 846/3376/3376
f 845/3377/3377 847/3378/3378 897/3379/3379
f 845/3377/3377 897/3379/3379 895/3380/3380
f 846/3381/3381 896/3382/3382 898/3383/3383
f 846/3381/3381 898/3383/3383 848/3384/3384
f 847/3385/3385 849/3386/3386 899/3387/3387
f 847/3385/3385 899/3387/3387 897/3388/3388
f 848/3389/3389 898/3390/3390 900/3391/3391
f 848/3389/3389 900/3391/3391 850/3392/3392
f 802/3393/3393 852/3394/3394 853/3395/3395
f 802/3393/3393 853/3395/3395 803/3396/3396
f 849/3397/3397 850/3398/3398 900/3399/3399
f 849/3397/3397 900/3399/3399 899/3400/3400
f 852/3401/3401 851/3402/3402 901/3403/3403
f 852/3401/3401 901/3403/3403 902/3404/3404
f 853/3405/3405 903/3406/3406 904/3407/3407
f 853/3405/3405 904/3407/3407 854/3408/3408
f 851/3409/3409 855/3410/3410 905/3411/3411
f 851/3409/3409 905/3411/3411 901/3412/3412
f 854/3413/3413 904/3414/3414 906/3415/3415
f 854/3413/3413 906/3415/3415 856/3416/3416
f 855/3417/3417 857/3418/3418 907/3419/3419
f 855/3417/3417 907/3419/3419 905/3420/3420
f 856/3421/3421 906/3422/3422 908/3423/3423
f 856/3421/3421 908/3423/3423 858/3424/3424
f 857/3425/3425 859/3426/3426 909/3427/3427
f 857/3425/3425 909/3427/3427 907/3428/3428
f 858/3429/3429 908/3430/3430 910/3431/3431
f 858/3429/3429 910/3431/3431 860/3432/3432
f 859/3433/3433 861/3434/3434 911/3435/3435
f 859/3433/3433 911/3435/3435 909/3436/3436
f 860/3437/3437 910/3438/3438 912/3439/3439
f 860/3437/3437 912/3439/3439 862/3440/3440
f 861/3441/3441 863/3442/3442 913/3443/3443
f 861/3441/3441 913/3443/3443 911/3444/3444
f 862/3445/3445 912/3446/3446 914/3447/3447
f 862/3445/3445 914/3447/3447 864/3448/3448
f 863/3449/3449 865/3450/3450 915/3451/3451
f 863/3449/3449 915/3451/3451 913/3452/3452
f 864/3453/3453 914/3454/3454 916/3455/3455
f 864/3453/3453 916/3455/3455 866/3456/3456
f 865/3457/3457 867/3458/3458 917/3459/3459
f 865/3457/3457 917/3459/3459 915/3460/3460
f 866/3461/3461 916/3462/3462 918/3463/3463
f 866/3461/3461 918/3463/3463 868/3464/3464
f 867/3465/3465 869/3466/3466 919/3467/3467
f 867/3465/3465 919/3467/3467 917/3468/3468
f 868/3469/3469 918/3470/3470 920/3471/3471
f 868/3469/3469 920/3471/3471 870/3472/3472
f 869/3473/3473 871/3474/3474 921/3475/3475
f 869/3473/3473 921/3475/3475 919/3476/3476
f 870/3477/3477 920/3478/3478 922/3479/3479
f 870/3477/3477 922/3479/3479 872/3480/3480
f 871/3481/3481 873/3482/3482 923/3483/3483
f 871/3481/3481 923/3483/3483 921/3484/3484
f 872/3485/3485 922/3486/3486 924/3487/3487
f 872/3485/3485 924/3487/3487 874/3488/3488
f 873/3489/3489 875/3490/3490 925/3491/3491
f 873/3489/3489 925/3491/3491 923/3492/3492
f 874/3493/3493 924/3494/3494 926/3495/3495
f 874/3493/3493 926/3495/3495 876/3496/3496
f 875/3497/3497 877/3498/3498 927/3499/3499
f 875/3497/3497 927/3499/3499 925/3500/3500
f 876/3501/3501 926/3502/3502 928/3503/3503
f 876/3501/3501 928/3503/3503 878/3504/3504
f 877/3505/3505 879/3506/3506 929/3507/3507
f 877/3505/3505 929/3507/3507 927/3508/3508
f 878/3509/3509 928/3510/3510 930/3511/3511
f 878/3509/3509 930/3511/3511 880/3512/3512
f 879/3513/3513 881/3514/3514 931/3515/3515
f 879/3513/3513 931/3515/3515 929/3516/3516
f 880/3517/3517 930/3518/3518 932/3519/3519
f 880/3517/3517 932/3519/3519 882/3520/3520
f 881/3521/3521 883/3522/3522 933/3523/3523
f 881/3521/3521 933/3523/3523 931/3524/3524
f 882/3525/3525 932/3526/3526 934/3527/3527
f 882/3525/3525 934/3527/3527 884/3528/3528
f 883/3529/3529 885/3530/3530 935/3531/3531
f 883/3529/3529 935/3531/3531 933/3532/3532
f 884/3533/3533 934/3534/3534 936/3535/3535
f 884/3533/3533 936/3535/3535 886/3536/3536
f 885/3537/3537 887/3538/3538 937/3539/3539
f 885/3537/3537 937/3539/3539 935/3540/3540
f 886/3541/3541 936/3542/3542 938/3543/3543
f 886/3541/3541 938/3543/3543 888/3544/3544
f 887/3545/3545 889/3546/3546 939/3547/3547
f 887/3545/3545 939/3547/3547 937/3548/3548
f 888/3549/3549 938/3550/3550 940/3551/3551
f 888/3549/3549 940/3551/3551 890/3552/3552
f 889/3553/3553 891/3554/3554 941/3555/3555
f 889/3553/3553 941/3555/3555 939/3556/3556
f 890/3557/3557 940/3558/3558 942/3559/3559
f 890/3557/3557 942/3559/3559 892/3560/3560
f 891/3561/3561 893/3562/3562 943/3563/3563
f 891/3561/3561 943/3563/3563 941/3564/3564
f 892/3565/3565 942/3566/3566 944/3567/3567
f 892/3565/3565 944/3567/3567 894/3568/3568
f 893/3569/3569 895/3570/3570 945/3571/3571
f 893/3569/3569 945/3571/3571 943/3572/3572
f 894/3573/3573 944/3574/3574 946/3575/3575
f 894/3573/3573 946/3575/3575 896/3576/3576
f 895/3577/3577 897/3578/3578 947/3579/3579
f 895/3577/3577 947/3579/3579 945/3580/3580
f 896/3581/3581 946/3582/3582 948/3583/3583
f 896/3581/3581 948/3583/3583 898/3584/3584
f 897/3585/3585 899/3586/3586 949/3587/3587
f 897/3585/3585 949/3587/3587 947/3588/3588
f 898/3589/3589 948/3590/3590 950/3591/3591
f 898/3589/3589 950/3591/3591 900/3592/3592
f 852/3593/3593 902/3594/3594 903/3595/3595
f 852/3593/3593 903/3595/3595 853/3596/3596
f 899/3597/3597 900/3598/3598 950/3599/3599
f 899/3597/3597 950/3599/3599 949/3600/3600
f 902/3601/3601 901/3602/3602 951/3603/3603
f 902/3601/3601 951/3603/3603 952/3604/3604
f 903/3605/3605 953/3606/3606 954/3607/3607
f 903/3605/3605 954/3607/3607 904/3608/3608
f 901/3609/3609 905/3610/3610 955/3611/3611
f 901/3609/3609 955/3611/3611 951/3612/3612
f 904/3613/3613 954/3614/3614 956/3615/3615
f 904/3613/3613 956/3615/3615 906/3616/3616
f 905/3617/3617 907/3618/3618 957/3619/3619
f 905/3617/3617 957/3619/3619 955/3620/3620
f 906/3621/3621 956/3622/3622 958/3623/3623
f 906/3621/3621 958/3623/3623 908/3624/3624
f 907/3625/3625 909/3626/3626 959/3627/3627
f 907/3625/3625 959/3627/3627 957/3628/3628
f 908/3629/3629 958/3630/3630 960/3631/3631
f 908/3629/3629 960/3631/3631 910/3632/3632
f 909/3633/3633 911/3634/3634 961/3635/3635
f 909/3633/3633 961/3635/3635 959/3636/3636
f 910/3637/3637 960/3638/3638 962/3639/3639
f 910/3637/3637 962/3639/3639 912/3640/3640
f 911/3641/3641 913/3642/3642 963/3643/3643
f 911/3641/3641 963/3643/3643 961/3644/3644
f 912/3645/3645 962/3646/3646 964/3647/3647
f 912/3645/3645 964/3647/3647 914/3648/3648
f 913/3649/3649 915/3650/3650 965/3651/3651
f 913/3649/3649 965/3651/3651 963/3652/3652
f 914/3653/3653 964/3654/3654 966/3655/3655
f 914/3653/3653 966/3655/3655 916/3656/3656
f 915/3657/3657 917/3658/3658 967/3659/3659
f 915/3657/3657 967/3659/3659 965/3660/3660
f 916/3661/3661 966/3662/3662 968/3663/3663
f 916/3661/3661 968/3663/3663 918/3664/3664
f 917/3665/3665 919/3666/3666 969/3667/3667
f 917/3665/3665 969/3667/3667 967/3668/3668
f 918/3669/3669 968/3670/3670 970/3671/3671
f 918/3669/3669 970/3671/3671 920/3672/3672
f 919/3673/3673 921/3674/3674 971/3675/3675
f 919/3673/3673 971/3675/3675 969/3676/3676
f 920/3677/3677 970/3678/3678 972/3679/3679
f 920/3677/3677 972/3679/3679 922/3680/3680
f 921/3681/3681 923/3682/3682 973/3683/3683
f 921/3681/3681 973/3683/3683 971/3684/3684
f 922/3685/3685 972/3686/3686 974/3687/3687
f 922/3685/3685 974/3687/3687 924/3688/3688
f 923/3689/3689 925/3690/3690 975/3691/3691
f 923/3689/3689 975/3691/3691 973/3692/3692
f 924/3693/3693 974/3694/3694 976/3695/3695
f 924/3693/3693 976/3695/3695 926/3696/3696
f 925/3697/3697 927/3698/3698 977/3699/3699
f 925/3697/3697 977/3699/3699 975/3700/3700
f 926/3701/3701 976/3702/3702 978/3703/3703
f 926/3701/3701 978/3703/3703 928/3704/3704
f 927/3705/3705 929/3706/3706 979/3707/3707
f 927/3705/3705 979/3707/3707 977/3708/3708
f 928/3709/3709 978/3710/3710 980/3711/3711
f 928/3709/3709 980/3711/3711 930/3712/3712
f 929/3713/3713 931/3714/3714 981/3715/3715
f 929/3713/3713 981/3715/3715 979/3716/3716
f 930/3717/3717 980/3718/3718 982/3719/3719
f 930/3717/3717 982/3719/3719 932/3720/3720
f 931/3721/3721 933/3722/3722 983/3723/3723
f 931/3721/3721 983/3723/3723 981/3724/3724
f 932/3725/3725 982/3726/3726 984/3727/3727
f 932/3725/3725 984/3727/3727 934/3728/3728
f 933/3729/3729 935/3730/3730 985/3731/3731
f 933/3729/3729 985/3731/3731 983/3732/3732
f 934/3733/3733 984/3734/3734 986/3735/3735
f 934/3733/3733 986/3735/3735 936/3736/3736
f 935/3737/3737 937/3738/3738 987/3739/3739
f 935/3737/3737 987/3739/3739 985/3740/3740
f 936/3741/3741 986/3742/3742 988/3743/3743
f 936/3741/3741 988/3743/3743 938/3744/3744
f 937/3745/3745 939/3746/3746 989/3747/3747
f 937/3745/3745 989/3747/3747 987/3748/3748
f 938/3749/3749 988/3750/3750 990/3751/3751
f 938/3749/3749 990/3751/3751 940/3752/3752
f 939/3753/3753 941/3754/3754 991/3755/3755
f 939/3753/3753 991/3755/3755 989/3756/3756
f 940/3757/3757 990/3758/3758 992/3759/3759
f 940/3757/3757 992/3759/3759 942/3760/3760
f 941/3761/3761 943/3762/3762 993/3763/3763
f 941/3761/3761 993/3763/3763 991/3764/3764
f 942/3765/3765 992/3766/3766 994/3767/3767
f 942/3765/3765 994/3767/3767 944/3768/3768
f 943/3769/3769 945/3770/3770 995/3771/3771
f 943/3769/3769 995/3771/3771 993/3772/3772
f 944/3773/3773 994/3774/3774 996/3775/3775
f 944/3773/3773 996/3775/3775 946/3776/3776
f 945/3777/3777 947/3778/3778 997/3779/3779
f 945/3777/3777 997/3779/3779 995/3780/3780
f 946/3781/3781 996/3782/3782 998/3783/3783
f 946/3781/3781 998/3783/3783 948/3784/3784
f 947/3785/3785 949/3786/3786 999/3787/3787
f 947/3785/3785 999/3787/3787 997/3788/3788
f 948/3789/3789 998/3790/3790 1000/3791/3791
f 948/3789/3789 1000/3791/3791 950/3792/3792
f 902/3793/3793 952/3794/3794 953/3795/3795
f 902/3793/3793 953/3795/3795 903/3796/3796
f 949/3797/3797 950/3798/3798 1000/3799/3799
f 949/3797/3797 1000/3799/3799 999/3800/3800
f 952/3801/3801 951/3802/3802 1001/3803/3803
f 952/3801/3801 1001/3803/3803 1002/3804/3804
f 953/3805/3805 1003/3806/3806 1004/3807/3807
f 953/3805/3805 1004/3807/3807 954/3808/3808
f 951/3809/3809 955/3810/3810 1005/3811/3811
f 951/3809/3809 1005/3811/3811 1001/3812/3812
f 954/3813/3813 1004/3814/3814 1006/3815/3815
f 954/3813/3813 1006/3815/3815 956/3816/3816
f 955/3817/3817 957/3818/3818 1007/3819/3819
f 955/3817/3817 1007/3819/3819 1005/3820/3820
f 956/3821/3821 1006/3822/3822 1008/3823/3823
f 956/3821/3821 1008/3823/3823 958/3824/3824
f 957/3825/3825 959/3826/3826 1009/3827/3827
f 957/3825/3825 1009/3827/3827 1007/3828/3828
f 958/3829/3829 1008/3830/3830 1010/3831/3831
f 958/3829/3829 1010/3831/3831 960/3832/3832
f 959/3833/3833 961/3834/3834 1011/3835/3835
f 959/3833/3833 1011/3835/3835 1009/3836/3836
f 960/3837/3837 1010/3838/3838 1012/3839/3839
f 960/3837/3837 1012/3839/3839 962/3840/3840
f 961/3841/3841 963/3842/3842 1013/3843/3843
f 961/3841/3841 1013/3843/3843 1011/3844/3844
f 962/3845/3845 1012/3846/3846 1014/3847/3847
f 962/3845/3845 1014/3847/3847 964/3848/3848
f 963/3849/3849 965/3850/3850 1015/3851/3851
f 963/3849/3849 1015/3851/3851 1013/3852/3852
f 964/3853/3853 1014/3854/3854 1016/3855/3855
f 964/3853/3853 1016/3855/3855 966/3856/3856
f 965/3857/3857 967/3858/3858 1017/3859/3859
f 965/3857/3857 1017/3859/3859 1015/3860/3860
f 966/3861/3861 1016/3862/3862 1018/3863/3863
f 966/3861/3861 1018/3863/3863 968/3864/3864
f 967/3865/3865 969/3866/3866 1019/3867/3867
f 967/3865/3865 1019/3867/3867 1017/3868/3868
f 968/3869/3869 1018/3870/3870 1020/3871/3871
f 968/3869/3869 1020/3871/3871 970/3872/3872
f 969/3873/3873 971/3874/3874 1021/3875/3875
f 969/3873/3873 1021/3875/3875 1019/3876/3876
f 970/3877/3877 1020/3878/3878 1022/3879/3879
f 970/3877/3877 1022/3879/3879 972/3880/3880
f 971/3881/3881 973/3882/3882 1023/3883/3883
f 971/3881/3881 1023/3883/3883 1021/3884/3884
f 972/3885/3885 1022/3886/3886 1024/3887/3887
f 972/3885/3885 1024/3887/3887 974/3888/3888
f 973/3889/3889 975/3890/3890 1025/3891/3891
f 973/3889/3889 1025/3891/3891 1023/3892/3892
f 974/3893/3893 1024/3894/3894 1026/3895/3895
f 974/3893/3893 1026/3895/3895 976/3896/3896
f 975/3897/3897 977/3898/3898 1027/3899/3899
f 975/3897/3897 1027/3899/3899 1025/3900/3900
f 976/3901/3901 1026/3902/3902 1028/3903/3903
f 976/3901/3901 1028/3903/3903 978/3904/3904
f 977/3905/3905 979/3906/3906 1029/3907/3907
f 977/3905/3905 1029/3907/3907 1027/3908/3908
f 978/3909/3909 1028/3910/3910 1030/3911/3911
f 978/3909/3909 1030/3911/3911 980/3912/3912
f 979/3913/3913 981/3914/3914 1031/3915/3915
f 979/3913/3913 1031/3915/3915 1029/3916/3916
f 980/3917/3917 1030/3918/3918 1032/3919/3919
f 980/3917/3917 1032/3919/3919 982/3920/3920
f 981/3921/3921 983/3922/3922 1033/3923/3923
f 981/3921/3921 1033/3923/3923 1031/3924/3924
f 982/3925/3925 1032/3926/3926 1034/3927/3927
f 982/3925/3925 1034/3927/3927 984/3928/3928
f 983/3929/3929 985/3930/3930 1035/3931/3931
f 983/3929/3929 1035/3931/3931 1033/3932/3932
f 984/3933/3933 1034/3934/3934 1036/3935/3935
f 984/3933/3933 1036/3935/3935 986/3936/3936
f 985/3937/3937 987/3938/3938 1037/3939/3939
f 985/3937/3937 1037/3939/3939 1035/3940/3940
f 986/3941/3941 1036/3942/3942 1038/3943/3943
f 986/3941/3941 1038/3943/3943 988/3944/3944
f 987/3945/3945 989/3946/3946 1039/3947/3947
f 987/3945/3945 1039/3947/3947 1037/3948/3948
f 988/3949/3949 1038/3950/3950 1040/3951/3951
f 988/3949/3949 1040/3951/3951 990/3952/3952
f 989/3953/3953 991/3954/3954 1041/3955/3955
f 989/3953/3953 1041/3955/3955 1039/3956/3956
f 990/3957/3957 1040/3958/3958 1042/3959/3959
f 990/3957/3957 1042/3959/3959 992/3960/3960
f 991/3961/3961 993/3962/3962 1043/3963/3963
f 991/3961/3961 1043/3963/3963 1041/3964/3964
f 992/3965/3965 1042/3966/3966 1044/3967/3967
f 992/3965/3965 1044/3967/3967 994/3968/3968
f 993/3969/3969 995/3970/3970 1045/3971/3971
f 993/3969/3969 1045/3971/3971 1043/3972/3972
f 994/3973/3973 1044/3974/3974 1046/3975/3975
f 994/3973/3973 1046/3975/3975 996/3976/3976
f 995/3977/3977 997/3978/3978 1047/3979/3979
f 995/3977/3977 1047/3979/3979 1045/3980/3980
f 996/3981/3981 1046/3982/3982 1048/3983/3983
f 996/3981/3981 1048/3983/3983 998/3984/3984
f 997/3985/3985 999/3986/3986 1049/3987/3987
f 997/3985/3985 1049/3987/3987 1047/3988/3988
f 998/3989/3989 1048/3990/3990 1050/3991/3991
f 998/3989/3989 1050/3991/3991 1000/3992/3992
f 952/3993/3993 1002/3994/3994 1003/3995/3995
f 952/3993/3993 1003/3995/3995 953/3996/3996
f 999/3997/3997 1000/3998/3998 1050/3999/3999
f 999/3997/3997 1050/3999/3999 1049/4000/4000
f 1002/4001/4001 1001/4002/4002 1051/4003/4003
f 1002/4001/4001 1051/4003/4003 1052/4004/4004
f 1003/4005/4005 1053/4006/4006 1054/4007/4007
f 1003/4005/4005 1054/4007/4007 1004/4008/4008
f 1001/4009/4009 1005/4010/4010 1055/4011/4011
f 1001/4009/4009 1055/4011/4011 1051/4012/4012
f 1004/4013/4013 1054/4014/4014 1056/4015/4015
f 1004/4013/4013 1056/4015/4015 1006/4016/4016
f 1005/4017/4017 1007/4018/4018 1057/4019/4019
f 1005/4017/4017 1057/4019/4019 1055/4020/4020
f 1006/4021/4021 1056/4022/4022 1058/4023/4023
f 1006/4021/4021 1058/4023/4023 1008/4024/4024
f 1007/4025/4025 1009/4026/4026 1059/4027/4027
f 1007/4025/4025 1059/4027/4027 1057/4028/4028
f 1008/4029/4029 1058/4030/4030 1060/4031/4031
f 1008/4029/4029 1060/4031/4031 1010/4032/4032
f 1009/4033/4033 1011/4034/4034 1061/4035/4035
f 1009/4033/4033 1061/4035/4035 1059/4036/4036
f 1010/4037/4037 1060/4038/4038 1062/4039/4039
f 1010/4037/4037 1062/4039/4039 1012/4040/4040
f 1011/4041/4041 1013/4042/4042 1063/4043/4043
f 1011/4041/4041 1063/4043/4043 1061/4044/4044
f 1012/4045/4045 1062/4046/4046 1064/4047/4047
f 1012/4045/4045 1064/4047/4047 1014/4048/4048
f 1013/4049/4049 1015/4050/4050 1065/4051/4051
f 1013/4049/4049 1065/4051/4051 1063/4052/4052
f 1014/4053/4053 1064/4054/4054 1066/4055/4055
f 1014/4053/4053 1066/4055/4055 1016/4056/4056
f 1015/4057/4057 1017/4058/4058 1067/4059/4059
f 1015/4057/4057 1067/4059/4059 1065/4060/4060
f 1016/4061/4061 1066/4062/4062 1068/4063/4063
f 1016/4061/4061 1068/4063/4063 1018/4064/4064
f 1017/4065/4065 1019/4066/4066 1069/4067/4067
f 1017/4065/4065 1069/4067/4067 1067/4068/4068
f 1018/4069/4069 1068/4070/4070 1070/4071/4071
f 1018/4069/4069 1070/4071/4071 1020/4072/4072
f 1019/4073/4073 1021/4074/4074 1071/4075/4075
f 1019/4073/4073 1071/4075/4075 1069/4076/4076
f 1020/4077/4077 1070/4078/4078 1072/4079/4079
f 1020/4077/4077 1072/4079/4079 1022/4080/4080
f 1021/4081/4081 1023/4082/4082 1073/4083/4083
f 1021/4081/4081 1073/4083/4083 1071/4084/4084
f 1022/4085/4085 1072/4086/4086 1074/4087/4087
f 1022/4085/4085 1074/4087/4087 1024/4088/4088
f 1023/4089/4089 1025/4090/4090 1075/4091/4091
f 1023/4089/4089 1075/4091/4091 1073/4092/4092
f 1024/4093/4093 1074/4094/4094 1076/4095/4095
f 1024/4093/4093 1076/4095/4095 1026/4096/4096
f 1025/4097/4097 1027/4098/4098 1077/4099/4099
f 1025/4097/4097 1077/4099/4099 1075/4100/4100
f 1026/4101/4101 1076/4102/4102 1078/4103/4103
f 1026/4101/4101 1078/4103/4103 1028/4104/4104
f 1027/4105/4105 1029/4106/4106 1079/4107/4107
f 1027/4105/4105 1079/4107/4107 1077/4108/4108
f 1028/4109/4109 1078/4110/4110 1080/4111/4111
f 1028/4109/4109 1080/4111/4111 1030/4112/4112
f 1029/4113/4113 1031/4114/4114 1081/4115/4115
f 1029/4113/4113 1081/4115/4115 1079/4116/4116
f 1030/4117/4117 1080/4118/4118 1082/4119/4119
f 1030/4117/4117 1082/4119/4119 1032/4120/4120
f 1031/4121/4121 1033/4122/4122 1083/4123/4123
f 1031/4121/4121 1083/4123/4123 1081/4124/4124
f 1032/4125/4125 1082/4126/4126 1084/4127/4127
f 1032/4125/4125 1084/4127/4127 1034/4128/4128
f 1033/4129/4129 1035/4130/4130 1085/4131/4131
f 1033/4129/4129 1085/4131/4131 1083/4132/4132
f 1034/4133/4133 1084/4134/4134 1086/4135/4135
f 1034/4133/4133 1086/4135/4135 1036/4136/4136
f 1035/4137/4137 1037/4138/4138 1087/4139/4139
f 1035/4137/4137 1087/4139/4139 1085/4140/4140
f 1036/4141/4141 1086/4142/4142 1088/4143/4143
f 1036/4141/4141 1088/4143/4143 1038/4144/4144
f 1037/4145/4145 1039/4146/4146 1089/4147/4147
f 1037/4145/4145 1089/4147/4147 1087/4148/4148
f 1038/4149/4149 1088/4150/4150 1090/4151/4151
f 1038/4149/4149 1090/4151/4151 1040/4152/4152
f 1039/4153/4153 1041/4154/4154 1091/4155/4155
f 1039/4153/4153 1091/4155/4155 1089/4156/4156
f 1040/4157/4157 1090/4158/4158 1092/4159/4159
f 1040/4157/4157 1092/4159/4159 1042/4160/4160
f 1041/4161/4161 1043/4162/4162 1093/4163/4163
f 1041/4161/4161 1093/4163/4163 1091/4164/4164
f 1042/4165/4165 1092/4166/4166 1094/4167/4167
f 1042/4165/4165 1094/4167/4167 1044/4168/4168
f 1043/4169/4169 1045/4170/4170 1095/4171/4171
f 1043/4169/4169 1095/4171/4171 1093/4172/4172
f 1044/4173/4173 1094/4174/4174 1096/4175/4175
f 1044/4173/4173 1096/4175/4175 1046/4176/4176
f 1045/4177/4177 1047/4178/4178 1097/4179/4179
f 1045/4177/4177 1097/4179/4179 1095/4180/4180
f 1046/4181/4181 1096/4182/4182 1098/4183/4183
f 1046/4181/4181 1098/4183/4183 1048/4184/4184
f 1047/4185/4185 1049/4186/4186 1099/4187/4187
f 1047/4185/4185 1099/4187/4187 1097/4188/4188
f 1048/4189/4189 1098/4190/4190 1100/4191/4191
f 1048/4189/4189 1100/4191/4191 1050/4192/4192
f 1002/4193/4193 1052/4194/4194 1053/4195/4195
f 1002/4193/4193 1053/4195/4195 1003/4196/4196
f 1049/4197/4197 1050/4198/4198 1100/4199/4199
f 1049/4197/4197 1100/4199/4199 1099/4200/4200
f 1052/4201/4201 1051/4202/4202 1101/4203/4203
f 1052/4201/4201 1101/4203/4203 1102/4204/4204
f 1053/4205/4205 1103/4206/4206 1104/4207/4207
f 1053/4205/4205 1104/4207/4207 1054/4208/4208
f 1051/4209/4209 1055/4210/4210 1105/4211/4211
f 1051/4209/4209 1105/4211/4211 1101/4212/4212
f 1054/4213/4213 1104/4214/4214 1106/4215/4215
f 1054/4213/4213 1106/4215/4215 1056/4216/4216
f 1055/4217/4217 1057/4218/4218 1107/4219/4219
f 1055/4217/4217 1107/4219/4219 1105/4220/4220
f 1056/4221/4221 1106/4222/4222 1108/4223/4223
f 1056/4221/4221 1108/4223/4223 1058/4224/4224
f 1057/4225/4225 1059/4226/4226 1109/4227/4227
f 1057/4225/4225 1109/4227/4227 1107/4228/4228
f 1058/4229/4229 1108/4230/4230 1110/4231/4231
f 1058/4229/4229 1110/4231/4231 1060/4232/4232
f 1059/4233/4233 1061/4234/4234 1111/4235/4235
f 1059/4233/4233 1111/4235/4235 1109/4236/4236
f 1060/4237/4237 1110/4238/4238 1112/4239/4239
f 1060/4237/4237 1112/4239/4239 1062/4240/4240
f 1061/4241/4241 1063/4242/4242 1113/4243/4243
f 1061/4241/4241 1113/4243/4243 1111/4244/4244
f 1062/4245/4245 1112/4246/4246 1114/4247/4247
f 1062/4245/4245 1114/4247/4247 1064/4248/4248
f 1063/4249/4249 1065/4250/4250 1115/4251/4251
f 1063/4249/4249 1115/4251/4251 1113/4252/4252
f 1064/4253/4253 1114/4254/4254 1116/4255/4255
f 1064/4253/4253 1116/4255/4255 1066/4256/4256
f 1065/4257/4257 1067/4258/4258 1117/4259/4259
f 1065/4257/4257 1117/4259/4259 1115/4260/4260
f 1066/4261/4261 1116/4262/4262 1118/4263/4263
f 1066/4261/4261 1118/4263/4263 1068/4264/4264
f 1067/4265/4265 1069/4266/4266 1119/4267/4267
f 1067/4265/4265 1119/4267/4267 1117/4268/4268
f 1068/4269/4269 1118/4270/4270 1120/4271/4271
f 1068/4269/4269 1120/4271/4271 1070/4272/4272
f 1069/4273/4273 1071/4274/4274 1121/4275/4275
f 1069/4273/4273 1121/4275/4275 1119/4276/4276
f 1070/4277/4277 1120/4278/4278 1122/4279/4279
f 1070/4277/4277 1122/4279/4279 1072/4280/4280
f 1071/4281/4281 1073/4282/4282 1123/4283/4283
f 1071/4281/4281 1123/4283/4283 1121/4284/4284
f 1072/4285/4285 1122/4286/4286 1124/4287/4287
f 1072/4285/4285 1124/4287/4287 1074/4288/4288
f 1073/4289/4289 1075/4290/4290 1125/4291/4291
f 1073/4289/4289 1125/4291/4291 1123/4292/4292
f 1074/4293/4293 1124/4294/4294 1126/4295/4295
f 1074/4293/4293 1126/4295/4295 1076/4296/4296
f 1075/4297/4297 1077/4298/4298 1127/4299/4299
f 1075/4297/4297 1127/4299/4299 1125/4300/4300
f 1076/4301/4301 1126/4302/4302 1128/4303/4303
f 1076/4301/4301 1128/4303/4303 1078/4304/4304
f 1077/4305/4305 1079/4306/4306 1129/4307/4307
f 1077/4305/4305 1129/4307/4307 1127/4308/4308
f 1078/4309/4309 1128/4310/4310 1130/4311/4311
f 1078/4309/4309 1130/4311/4311 1080/4312/4312
f 1079/4313/4313 1081/4314/4314 1131/4315/4315
f 1079/4313/4313 1131/4315/4315 1129/4316/4316
f 1080/4317/4317 1130/4318/4318 1132/4319/4319
f 1080/4317/4317 1132/4319/4319 1082/4320/4320
f 1081/4321/4321 1083/4322/4322 1133/4323/4323
f 1081/4321/4321 1133/4323/4323 1131/4324/4324
f 1082/4325/4325 1132/4326/4326 1134/4327/4327
f 1082/4325/4325 1134/4327/4327 1084/4328/4328
f 1083/4329/4329 1085/4330/4330 1135/4331/4331
f 1083/4329/4329 1135/4331/4331 1133/4332/4332
f 1084/4333/4333 1134/4334/4334 1136/4335/4335
f 1084/4333/4333 1136/4335/4335 1086/4336/4336
f 1085/4337/4337 1087/4338/4338 1137/4339/4339
f 1085/4337/4337 1137/4339/4339 1135/4340/4340
f 1086/4341/4341 1136/4342/4342 1138/4343/4343
f 1086/4341/4341 1138/4343/4343 1088/4344/4344
f 1087/4345/4345 1089/4346/4346 1139/4347/4347
f 1087/4345/4345 1139/4347/4347 1137/4348/4348
f 1088/4349/4349 1138/4350/4350 1140/4351/4351
f 1088/4349/4349 1140/4351/4351 1090/4352/4352
f 1089/4353/4353 1091/4354/4354 1141/4355/4355
f 1089/4353/4353 1141/4355/4355 1139/4356/4356
f 1090/4357/4357 1140/4358/4358 1142/4359/4359
f 1090/4357/4357 1142/4359/4359 1092/4360/4360
f 1091/4361/4361 1093/4362/4362 1143/4363/4363
f 1091/4361/4361 1143/4363/4363 1141/4364/4364
f 1092/4365/4365 1142/4366/4366 1144/4367/4367
f 1092/4365/4365 1144/4367/4367 1094/4368/4368
f 1093/4369/4369 1095/4370/4370 1145/4371/4371
f 1093/4369/4369 1145/4371/4371 1143/4372/4372
f 1094/4373/4373 1144/4374/4374 1146/4375/4375
f 1094/4373/4373 1146/4375/4375 1096/4376/4376
f 1095/4377/4377 1097/4378/4378 1147/4379/4379
f 1095/4377/4377 1147/4379/4379 1145/4380/4380
f 1096/4381/4381 1146/4382/4382 1148/4383/4383
f 1096/4381/4381 1148/4383/4383 1098/4384/4384
f 1097/4385/4385 1099/4386/4386 1149/4387/4387
f 1097/4385/4385 1149/4387/4387 1147/4388/4388
f 1098/4389/4389 1148/4390/4390 1150/4391/4391
f 1098/4389/4389 1150/4391/4391 1100/4392/4392
f 1052/4393/4393 1102/4394/4394 1103/4395/4395
f 1052/4393/4393 1103/4395/4395 1053/4396/4396
f 1099/4397/4397 1100/4398/4398 1150/4399/4399
f 1099/4397/4397 1150/4399/4399 1149/4400/4400
f 1102/4401/4401 1101/4402/4402 1151/4403/4403
f 1102/4401/4401 1151/4403/4403 1152/4404/4404
f 1103/4405/4405 1153/4406/4406 1154/4407/4407
f 1103/4405/4405 1154/4407/4407 1104/4408/4408
f 1101/4409/4409 1105/4410/4410 1155/4411/4411
f 1101/4409/4409 1155/4411/4411 1151/4412/4412
f 1104/4413/4413 1154/4414/4414 1156/4415/4415
f 1104/4413/4413 1156/4415/4415 1106/4416/4416
f 1105/4417/4417 1107/4418/4418 1157/4419/4419
f 1105/4417/4417 1157/4419/4419 1155/4420/4420
f 1106/4421/4421 1156/4422/4422 1158/4423/4423
f 1106/4421/4421 1158/4423/4423 1108/4424/4424
f 1107/4425/4425 1109/4426/4426 1159/4427/4427
f 1107/4425/4425 1159/4427/4427 1157/4428/4428
f 1108/4429/4429 1158/4430/4430 1160/4431/4431
f 1108/4429/4429 1160/4431/4431 1110/4432/4432
f 1109/4433/4433 1111/4434/4434 1161/4435/4435
f 1109/4433/4433 1161/4435/4435 1159/4436/4436
f 1110/4437/4437 1160/4438/4438 1162/4439/4439
f 1110/4437/4437 1162/4439/4439 1112/4440/4440
f 1111/4441/4441 1113/4442/4442 1163/4443/4443
f 1111/4441/4441 1163/4443/4443 1161/4444/4444
f 1112/4445/4445 1162/4446/4446 1164/4447/4447
f 1112/4445/4445 1164/4447/4447 1114/4448/4448
f 1113/4449/4449 1115/4450/4450 1165/4451/4451
f 1113/4449/4449 1165/4451/4451 1163/4452/4452
f 1114/4453/4453 1164/4454/4454 1166/4455/4455
f 1114/4453/4453 1166/4455/4455 1116/4456/4456
f 1115/4457/4457 1117/4458/4458 1167/4459/4459
f 1115/4457/4457 1167/4459/4459 1165/4460/4460
f 1116/4461/4461 1166/4462/4462 1168/4463/4463
f 1116/4461/4461 1168/4463/4463 1118/4464/4464
f 1117/4465/4465 1119/4466/4466 1169/4467/4467
f 1117/4465/4465 1169/4467/4467 1167/4468/4468
f 1118/4469/4469 1168/4470/4470 1170/4471/4471
f 1118/4469/4469 1170/4471/4471 1120/4472/4472
f 1119/4473/4473 1121/4474/4474 1171/4475/4475
f 1119/4473/4473 1171/4475/4475 1169/4476/4476
f 1120/4477/4477 1170/4478/4478 1172/4479/4479
f 1120/4477/4477 1172/4479/4479 1122/4480/4480
f 1121/4481/4481 1123/4482/4482 1173/4483/4483
f 1121/4481/4481 1173/4483/4483 1171/4484/4484
f 1122/4485/4485 1172/4486/4486 1174/4487/4487
f 1122/4485/4485 1174/4487/4487 1124/4488/4488
f 1123/4489/4489 1125/4490/4490 1175/4491/4491
f 1123/4489/4489 1175/4491/4491 1173/4492/4492
f 1124/4493/4493 1174/4494/4494 1176/4495/4495
f 1124/4493/4493 1176/4495/4495 1126/4496/4496
f 1125/4497/4497 1127/4498/4498 1177/4499/4499
f 1125/4497/4497 1177/4499/4499 1175/4500/4500
f 1126/4501/4501 1176/4502/4502 1178/4503/4503
f 1126/4501/4501 1178/4503/4503 1128/4504/4504
f 1127/4505/4505 1129/4506/4506 1179/4507/4507
f 1127/4505/4505 1179/4507/4507 1177/4508/4508
f 1128/4509/4509 1178/4510/4510 1180/4511/4511
f 1128/4509/4509 1180/4511/4511 1130/4512/4512
f 1129/4513/4513 1131/4514/4514 1181/4515/4515
f 1129/4513/4513 1181/4515/4515 1179/4516/4516
f 1130/4517/4517 1180/4518/4518 1182/4519/4519
f 1130/4517/4517 1182/4519/4519 1132/4520/4520
f 1131/4521/4521 1133/4522/4522 1183/4523/4523
f 1131/4521/4521 1183/4523/4523 1181/4524/4524
f 1132/4525/4525 1182/4526/4526 1184/4527/4527
f 1132/4525/4525 1184/4527/4527 1134/4528/4528
f 1133/4529/4529 1135/4530/4530 1185/4531/4531
f 1133/4529/4529 1185/4531/4531 1183/4532/4532
f 1134/4533/4533 1184/4534/4534 1186/4535/4535
f 1134/4533/4533 1186/4535/4535 1136/4536/4536
f 1135/4537/4537 1137/4538/4538 1187/4539/4539
f 1135/4537/4537 1187/4539/4539 1185/4540/4540
f 1136/4541/4541 1186/4542/4542 1188/4543/4543
f 1136/4541/4541 1188/4543/4543 1138/4544/4544
f 1137/4545/4545 1139/4546/4546 1189/4547/4547
f 1137/4545/4545 1189/4547/4547 1187/4548/4548
f 1138/4549/4549 1188/4550/4550 1190/4551/4551
f 1138/4549/4549 1190/4551/4551 1140/4552/4552
f 1139/4553/4553 1141/4554/4554 1191/4555/4555
f 1139/4553/4553 1191/4555/4555 1189/4556/4556
f 1140/4557/4557 1190/4558/4558 1192/4559/4559
f 1140/4557/4557 1192/4559/4559 1142/4560/4560
f 1141/4561/4561 1143/4562/4562 1193/4563/4563
f 1141/4561/4561 1193/4563/4563 1191/4564/4564
f 1142/4565/4565 1192/4566/4566 1194/4567/4567
f 1142/4565/4565 1194/4567/4567 1144/4568/4568
f 1143/4569/4569 1145/4570/4570 1195/4571/4571
f 1143/4569/4569 1195/4571/4571 1193/4572/4572
f 1144/4573/4573 1194/4574/4574 1196/4575/4575
f 1144/4573/4573 1196/4575/4575 1146/4576/4576
f 1145/4577/4577 1147/4578/4578 1197/4579/4579
f 1145/4577/4577 1197/4579/4579 1195/4580/4580
f 1146/4581/4581 1196/4582/4582 1198/4583/4583
f 1146/4581/4581 1198/4583/4583 1148/4584/4584
f 1147/4585/4585 1149/4586/4586 1199/4587/4587
f 1147/4585/4585 1199/4587/4587 1197/4588/4588
f 1148/4589/4589 1198/4590/4590 1200/4591/4591
f 1148/4589/4589 1200/4591/4591 1150/4592/4592
f 1102/4593/4593 1152/4594/4594 1153/4595/4595
f 1102/4593/4593 1153/4595/4595 1103/4596/4596
f 1149/4597/4597 1150/4598/4598 1200/4599/4599
f 1149/4597/4597 1200/4599/4599 1199/4600/4600
f 1152/4601/4601 1151/4602/4602 1201/4603/4603
f 1152/4601/4601 1201/4603/4603 1202/4604/4604
f 1153/4605/4605 1203/4606/4606 1204/4607/4607
f 1153/4605/4605 1204/4607/4607 1154/4608/4608
f 1151/4609/4609 1155/4610/4610 1205/4611/4611
f 1151/4609/4609 1205/4611/4611 1201/4612/4612
f 1154/4613/4613 1204/4614/4614 1206/4615/4615
f 1154/4613/4613 1206/4615/4615 1156/4616/4616
f 1155/4617/4617 1157/4618/4618 1207/4619/4619
f 1155/4617/4617 1207/4619/4619 1205/4620/4620
f 1156/4621/4621 1206/4622/4622 1208/4623/4623
f 1156/4621/4621 1208/4623/4623 1158/4624/4624
f 1157/4625/4625 1159/4626/4626 1209/4627/4627
f 1157/4625/4625 1209/4627/4627 1207/4628/4628
f 1158/4629/4629 1208/4630/4630 1210/4631/4631
f 1158/4629/4629 1210/4631/4631 1160/4632/4632
f 1159/4633/4633 1161/4634/4634 1211/4635/4635
f 1159/4633/4633 1211/4635/4635 1209/4636/4636
f 1160/4637/4637 1210/4638/4638 1212/4639/4639
f 1160/4637/4637 1212/4639/4639 1162/4640/4640
f 1161/4641/4641 1163/4642/4642 1213/4643/4643
f 1161/4641/4641 1213/4643/4643 1211/4644/4644
f 1162/4645/4645 1212/4646/4646 1214/4647/4647
f 1162/4645/4645 1214/4647/4647 1164/4648/4648
f 1163/4649/4649 1165/4650/4650 1215/4651/4651
f 1163/4649/4649 1215/4651/4651 1213/4652/4652
f 1164/4653/4653 1214/4654/4654 1216/4655/4655
f 1164/4653/4653 1216/4655/4655 1166/4656/4656
f 1165/4657/4657 1167/4658/4658 1217/4659/4659
f 1165/4657/4657 1217/4659/4659 1215/4660/4660
f 1166/4661/4661 1216/4662/4662 1218/4663/4663
f 1166/4661/4661 1218/4663/4663 1168/4664/4664
f 1167/4665/4665 1169/4666/4666 1219/4667/4667
f 1167/4665/4665 1219/4667/4667 1217/4668/4668
f 1168/4669/4669 1218/4670/4670 1220/4671/4671
f 1168/4669/4669 1220/4671/4671 1170/4672/4672
f 1169/4673/4673 1171/4674/4674 1221/4675/4675
f 1169/4673/4673 1221/4675/4675 1219/4676/4676
f 1170/4677/4677 1220/4678/4678 1222/4679/4679
f 1170/4677/4677 1222/4679/4679 1172/4680/4680
f 1171/4681/4681 1173/4682/4682 1223/4683/4683
f 1171/4681/4681 1223/4683/4683 1221/4684/4684
f 1172/4685/4685 1222/4686/4686 1224/4687/4687
f 1172/4685/4685 1224/4687/4687 1174/4688/4688
f 1173/4689/4689 1175/4690/4690 1225/4691/4691
f 1173/4689/4689 1225/4691/4691 1223/4692/4692
f 1174/4693/4693 1224/4694/4694 1226/4695/4695
f 1174/4693/4693 1226/4695/4695 1176/4696/4696
f 1175/4697/4697 1177/4698/4698 1227/4699/4699
f 1175/4697/4697 1227/4699/4699 1225/4700/4700
f 1176/4701/4701 1226/4702/4702 1228/4703/4703
f 1176/4701/4701 1228/4703/4703 1178/4704/4704
f 1177/4705/4705 1179/4706/4706 1229/4707/4707
f 1177/4705/4705 1229/4707/4707 1227/4708/4708
f 1178/4709/4709 1228/4710/4710 1230/4711/4711
f 1178/4709/4709 1230/4711/4711 1180/4712/4712
f 1179/4713/4713 1181/4714/4714 1231/4715/4715
f 1179/4713/4713 1231/4715/4715 1229/4716/4716
f 1180/4717/4717 1230/4718/4718 1232/4719/4719
f 1180/4717/4717 1232/4719/4719 1182/4720/4720
f 1181/4721/4721 1183/4722/4722 1233/4723/4723
f 1181/4721/4721 1233/4723/4723 1231/4724/4724
f 1182/4725/4725 1232/4726/4726 1234/4727/4727
f 1182/4725/4725 1234/4727/4727 1184/4728/4728
f 1183/4729/4729 1185/4730/4730 1235/4731/4731
f 1183/4729/4729 1235/4731/4731 1233/4732/4732
f 1184/4733/4733 1234/4734/4734 1236/4735/4735
f 1184/4733/4733 1236/4735/4735 1186/4736/4736
f 1185/4737/4737 1187/4738/4738 1237/4739/4739
f 1185/4737/4737 1237/4739/4739 1235/4740/4740
f 1186/4741/4741 1236/4742/4742 1238/4743/4743
f 1186/4741/4741 1238/4743/4743 1188/4744/4744
f 1187/4745/4745 1189/4746/4746 1239/4747/4747
f 1187/4745/4745 1239/4747/4747 1237/4748/4748
f 1188/4749/4749 1238/4750/4750 1240/4751/4751
f 1188/4749/4749 1240/4751/4751 1190/4752/4752
f 1189/4753/4753 1191/4754/4754 1241/4755/4755
f 1189/4753/4753 1241/4755/4755 1239/4756/4756
f 1190/4757/4757 1240/4758/4758 1242/4759/4759
f 1190/4757/4757 1242/4759/4759 1192/4760/4760
f 1191/4761/4761 1193/4762/4762 1243/4763/4763
f 1191/4761/4761 1243/4763/4763 1241/4764/4764
f 1192/4765/4765 1242/4766/4766 1244/4767/4767
f 1192/4765/4765 1244/4767/4767 1194/4768/4768
f 1193/4769/4769 1195/4770/4770 1245/4771/4771
f 1193/4769/4769 1245/4771/4771 1243/4772/4772
f 1194/4773/4773 1244/4774/4774 1246/4775/4775
f 1194/4773/4773 1246/4775/4775 1196/4776/4776
f 1195/4777/4777 1197/4778/4778 1247/4779/4779
f 1195/4777/4777 1247/4779/4779 1245/4780/4780
f 1196/4781/4781 1246/4782/4782 1248/4783/4783
f 1196/4781/4781 1248/4783/4783 1198/4784/4784
f 1197/4785/4785 1199/4786/4786 1249/4787/4787
f 1197/4785/4785 1249/4787/4787 1247/4788/4788
f 1198/4789/4789 1248/4790/4790 1250/4791/4791
f 1198/4789/4789 1250/4791/4791 1200/4792/4792
f 1152/4793/4793 1202/4794/4794 1203/4795/4795
f 1152/4793/4793 1203/4795/4795 1153/4796/4796
f 1199/4797/4797 1200/4798/4798 1250/4799/4799
f 1199/4797/4797 1250/4799/4799 1249/4800/4800
f 1202/4801/4801 1201/4802/4802 1251/4803/4803
f 1202/4801/4801 1251/4803/4803 1252/4804/4804
f 1203/4805/4805 1253/4806/4806 1254/4807/4807
f 1203/4805/4805 1254/4807/4807 1204/4808/4808
f 1201/4809/4809 1205/4810/4810 1255/4811/4811
f 1201/4809/4809 1255/4811/4811 1251/4812/4812
f 1204/4813/4813 1254/4814/4814 1256/4815/4815
f 1204/4813/4813 1256/4815/4815 1206/4816/4816
f 1205/4817/4817 1207/4818/4818 1257/4819/4819
f 1205/4817/4817 1257/4819/4819 1255/4820/4820
f 1206/4821/4821 1256/4822/4822 1258/4823/4823
f 1206/4821/4821 1258/4823/4823 1208/4824/4824
f 1207/4825/4825 1209/4826/4826 1259/4827/4827
f 1207/4825/4825 1259/4827/4827 1257/4828/4828
f 1208/4829/4829 1258/4830/4830 1260/4831/4831
f 1208/4829/4829 1260/4831/4831 1210/4832/4832
f 1209/4833/4833 1211/4834/4834 1261/4835/4835
f 1209/4833/4833 1261/4835/4835 1259/4836/4836
f 1210/4837/4837 1260/4838/4838 1262/4839/4839
f 1210/4837/4837 1262/4839/4839 1212/4840/4840
f 1211/4841/4841 1213/4842/4842 1263/4843/4843
f 1211/4841/4841 1263/4843/4843 1261/4844/4844
f 1212/4845/4845 1262/4846/4846 1264/4847/4847
f 1212/4845/4845 1264/4847/4847 1214/4848/4848
f 1213/4849/4849 1215/4850/4850 1265/4851/4851
f 1213/4849/4849 1265/4851/4851 1263/4852/4852
f 1214/4853/4853 1264/4854/4854 1266/4855/4855
f 1214/4853/4853 1266/4855/4855 1216/4856/4856
f 1215/4857/4857 1217/4858/4858 1267/4859/4859
f 1215/4857/4857 1267/4859/4859 1265/4860/4860
f 1216/4861/4861 1266/4862/4862 1268/4863/4863
f 1216/4861/4861 1268/4863/4863 1218/4864/4864
f 1217/4865/4865 1219/4866/4866 1269/4867/4867
f 1217/4865/4865 1269/4867/4867 1267/4868/4868
f 1218/4869/4869 1268/4870/4870 1270/4871/4871
f 1218/4869/4869 1270/4871/4871 1220/4872/4872
f 1219/4873/4873 1221/4874/4874 1271/4875/4875
f 1219/4873/4873 1271/4875/4875 1269/4876/4876
f 1220/4877/4877 1270/4878/4878 1272/4879/4879
f 1220/4877/4877 1272/4879/4879 1222/4880/4880
f 1221/4881/4881 1223/4882/4882 1273/4883/4883
f 1221/4881/4881 1273/4883/4883 1271/4884/4884
f 1222/4885/4885 1272/4886/4886 1274/4887/4887
f 1222/4885/4885 1274/4887/4887 1224/4888/4888
f 1223/4889/4889 1225/4890/4890 1275/4891/4891
f 1223/4889/4889 1275/4891/4891 1273/4892/4892
f 1224/4893/4893 1274/4894/4894 1276/4895/4895
f 1224/4893/4893 1276/4895/4895 1226/4896/4896
f 1225/4897/4897 1227/4898/4898 1277/4899/4899
f 1225/4897/4897 1277/4899/4899 1275/4900/4900
f 1226/4901/4901 1276/4902/4902 1278/4903/4903
f 1226/4901/4901 1278/4903/4903 1228/4904/4904
f 1227/4905/4905 1229/4906/4906 1279/4907/4907
f 1227/4905/4905 1279/4907/4907 1277/4908/4908
f 1228/4909/4909 1278/4910/4910 1280/4911/4911
f 1228/4909/4909 1280/4911/4911 1230/4912/4912
f 1229/4913/4913 1231/4914/4914 1281/4915/4915
f 1229/4913/4913 1281/4915/4915 1279/4916/4916
f 1230/4917/4917 1280/4918/4918 1282/4919/4919
f 1230/4917/4917 1282/4919/4919 1232/4920/4920
f 1231/4921/4921 1233/4922/4922 1283/4923/4923
f 1231/4921/4921 1283/4923/4923 1281/4924/4924
f 1232/4925/4925 1282/4926/4926 1284/4927/4927
f 1232/4925/4925 1284/4927/4927 1234/4928/4928
f 1233/4929/4929 1235/4930/4930 1285/4931/4931
f 1233/4929/4929 1285/4931/4931 1283/4932/4932
f 1234/4933/4933 1284/4934/4934 1286/4935/4935
f 1234/4933/4933 1286/4935/4935 1236/4936/4936
f 1235/4937/4937 1237/4938/4938 1287/4939/4939
f 1235/4937/4937 1287/4939/4939 1285/4940/4940
f 1236/4941/4941 1286/4942/4942 1288/4943/4943
f 1236/4941/4941 1288/4943/4943 1238/4944/4944
f 1237/4945/4945 1239/4946/4946 1289/4947/4947
f 1237/4945/4945 1289/4947/4947 1287/4948/4948
f 1238/4949/4949 1288/4950/4950 1290/4951/4951
f 1238/4949/4949 1290/4951/4951 1240/4952/4952
f 1239/4953/4953 1241/4954/4954 1291/4955/4955
f 1239/4953/4953 1291/4955/4955 1289/4956/4956
f 1240/4957/4957 1290/4958/4958 1292/4959/4959
f 1240/4957/4957 1292/4959/4959 1242/4960/4960
f 1241/4961/4961 1243/4962/4962 1293/4963/4963
f 1241/4961/4961 1293/4963/4963 1291/4964/4964
f 1242/4965/4965 1292/4966/4966 1294/4967/4967
f 1242/4965/4965 1294/4967/4967 1244/4968/4968
f 1243/4969/4969 1245/4970/4970 1295/4971/4971
f 1243/4969/4969 1295/4971/4971 1293/4972/4972
f 1244/4973/4973 1294/4974/4974 1296/4975/4975
f 1244/4973/4973 1296/4975/4975 1246/4976/4976
f 1245/4977/4977 1247/4978/4978 1297/4979/4979
f 1245/4977/4977 1297/4979/4979 1295/4980/4980
f 1246/4981/4981 1296/4982/4982 1298/4983/4983
f 1246/4981/4981 1298/4983/4983 1248/4984/4984
f 1247/4985/4985 1249/4986/4986 1299/4987/4987
f 1247/4985/4985 1299/4987/4987 1297/4988/4988
f 1248/4989/4989 1298/4990/4990 1300/4991/4991
f 1248/4989/4989 1300/4991/4991 1250/4992/4992
f 1202/4993/4993 1252/4994/4994 1253/4995/4995
f 1202/4993/4993 1253/4995/4995 1203/4996/4996
f 1249/4997/4997 1250/4998/4998 1300/4999/4999
f 1249/4997/4997 1300/4999/4999 1299/5000/5000
f 1252/5001/5001 1251/5002/5002 1301/5003/5003
f 1252/5001/5001 1301/5003/5003 1302/5004/5004
f 1253/5005/5005 1303/5006/5006 1304/5007/5007
f 1253/5005/5005 1304/5007/5007 1254/5008/5008
f 1251/5009/5009 1255/5010/5010 1305/5011/5011
f 1251/5009/5009 1305/5011/5011 1301/5012/5012
f 1254/5013/5013 1304/5014/5014 1306/5015/5015
f 1254/5013/5013 1306/5015/5015 1256/5016/5016
f 1255/5017/5017 1257/5018/5018 1307/5019/5019
f 1255/5017/5017 1307/5019/5019 1305/5020/5020
f 1256/5021/5021 1306/5022/5022 1308/5023/5023
f 1256/5021/5021 1308/5023/5023 1258/5024/5024
f 1257/5025/5025 1259/5026/5026 1309/5027/5027
f 1257/5025/5025 1309/5027/5027 1307/5028/5028
f 1258/5029/5029 1308/5030/5030 1310/5031/5031
f 1258/5029/5029 1310/5031/5031 1260/5032/5032
f 1259/5033/5033 1261/5034/5034 1311/5035/5035
f 1259/5033/5033 1311/5035/5035 1309/5036/5036
f 1260/5037/5037 1310/5038/5038 1312/5039/5039
f 1260/5037/5037 1312/5039/5039 1262/5040/5040
f 1261/5041/5041 1263/5042/5042 1313/5043/5043
f 1261/5041/5041 1313/5043/5043 1311/5044/5044
f 1262/5045/5045 1312/5046/5046 1314/5047/5047
f 1262/5045/5045 1314/5047/5047 1264/5048/5048
f 1263/5049/5049 1265/5050/5050 1315/5051/5051
f 1263/5049/5049 1315/5051/5051 1313/5052/5052
f 1264/5053/5053 1314/5054/5054 1316/5055/5055
f 1264/5053/5053 1316/5055/5055 1266/5056/5056
f 1265/5057/5057 1267/5058/5058 1317/5059/5059
f 1265/5057/5057 1317/5059/5059 1315/5060/5060
f 1266/5061/5061 1316/5062/5062 1318/5063/5063
f 1266/5061/5061 1318/5063/5063 1268/5064/5064
f 1267/5065/5065 1269/5066/5066 1319/5067/5067
f 1267/5065/5065 1319/5067/5067 1317/5068/5068
f 1268/5069/5069 1318/5070/5070 1320/5071/5071
f 1268/5069/5069 1320/5071/5071 1270/5072/5072
f 1269/5073/5073 1271/5074/5074 1321/5075/5075
f 1269/5073/5073 1321/5075/5075 1319/5076/5076
f 1270/5077/5077 1320/5078/5078 1322/5079/5079
f 1270/5077/5077 1322/5079/5079 1272/5080/5080
f 1271/5081/5081 1273/5082/5082 1323/5083/5083
f 1271/5081/5081 1323/5083/5083 1321/5084/5084
f 1272/5085/5085 1322/5086/5086 1324/5087/5087
f 1272/5085/5085 1324/5087/5087 1274/5088/5088
f 1273/5089/5089 1275/5090/5090 1325/5091/5091
f 1273/5089/5089 1325/5091/5091 1323/5092/5092
f 1274/5093/5093 1324/5094/5094 1326/5095/5095
f 1274/5093/5093 1326/5095/5095 1276/5096/5096
f 1275/5097/5097 1277/5098/5098 1327/5099/5099
f 1275/5097/5097 1327/5099/5099 1325/5100/5100
f 1276/5101/5101 1326/5102/5102 1328/5103/5103
f 1276/5101/5101 1328/5103/5103 1278/5104/5104
f 1277/5105/5105 1279/5106/5106 1329/5107/5107
f 1277/5105/5105 1329/5107/5107 1327/5108/5108
f 1278/5109/5109 1328/5110/5110 1330/5111/5111
f 1278/5109/5109 1330/5111/5111 1280/5112/5112
f 1279/5113/5113 1281/5114/5114 1331/5115/5115
f 1279/5113/5113 1331/5115/5115 1329/5116/5116
f 1280/5117/5117 1330/5118/5118 1332/5119/5119
f 1280/5117/5117 1332/5119/5119 1282/5120/5120
f 1281/5121/5121 1283/5122/5122 1333/5123/5123
f 1281/5121/5121 1333/5123/5123 1331/5124/5124
f 1282/5125/5125 1332/5126/5126 1334/5127/5127
f 1282/5125/5125 1334/5127/5127 1284/5128/5128
f 1283/5129/5129 1285/5130/5130 1335/5131/5131
f 1283/5129/5129 1335/5131/5131 1333/5132/5132
f 1284/5133/5133 1334/5134/5134 1336/5135/5135
f 1284/5133/5133 1336/5135/5135 1286/5136/5136
f 1285/5137/5137 1287/5138/5138 1337/5139/5139
f 1285/5137/5137 1337/5139/5139 1335/5140/5140
f 1286/5141/5141 1336/5142/5142 1338/5143/5143
f 1286/5141/5141 1338/5143/5143 1288/5144/5144
f 1287/5145/5145 1289/5146/5146 1339/5147/5147
f 1287/5145/5145 1339/5147/5147 1337/5148/5148
f 1288/5149/5149 1338/5150/5150 1340/5151/5151
f 1288/5149/5149 1340/5151/5151 1290/5152/5152
f 1289/5153/5153 1291/5154/5154 1341/5155/5155
f 1289/5153/5153 1341/5155/5155 1339/5156/5156
f 1290/5157/5157 1340/5158/5158 1342/5159/5159
f 1290/5157/5157 1342/5159/5159 1292/5160/5160
f 1291/5161/5161 1293/5162/5162 1343/5163/5163
f 1291/5161/5161 1343/5163/5163 1341/5164/5164
f 1292/5165/5165 1342/5166/5166 1344/5167/5167
f 1292/5165/5165 1344/5167/5167 1294/5168/5168
f 1293/5169/5169 1295/5170/5170 1345/5171/5171
f 1293/5169/5169 1345/5171/5171 1343/5172/5172
f 1294/5173/5173 1344/5174/5174 1346/5175/5175
f 1294/5173/5173 1346/5175/5175 1296/5176/5176
f 1295/5177/5177 1297/5178/5178 1347/5179/5179
f 1295/5177/5177 1347/5179/5179 1345/5180/5180
f 1296/5181/5181 1346/5182/5182 1348/5183/5183
f 1296/5181/5181 1348/5183/5183 1298/5184/5184
f 1297/5185/5185 1299/5186/5186 1349/5187/5187
f 1297/5185/5185 1349/5187/5187 1347/5188/5188
f 1298/5189/5189 1348/5190/5190 1350/5191/5191
f 1298/5189/5189 1350/5191/5191 1300/5192/5192
f 1252/5193/5193 1302/5194/5194 1303/5195/5195
f 1252/5193/5193 1303/5195/5195 1253/5196/5196
f 1299/5197/5197 1300/5198/5198 1350/5199/5199
f 1299/5197/5197 1350/5199/5199 1349/5200/5200
f 1302/5201/5201 1301/5202/5202 1351/5203/5203
f 1302/5201/5201 1351/5203/5203 1352/5204/5204
f 1303/5205/5205 1353/5206/5206 1354/5207/5207
f 1303/5205/5205 1354/5207/5207 1304/5208/5208
f 1301/5209/5209 1305/5210/5210 1355/5211/5211
f 1301/5209/5209 1355/5211/5211 1351/5212/5212
f 1304/5213/5213 1354/5214/5214 1356/5215/5215
f 1304/5213/5213 1356/5215/5215 1306/5216/5216
f 1305/5217/5217 1307/5218/5218 1357/5219/5219
f 1305/5217/5217 1357/5219/5219 1355/5220/5220
f 1306/5221/5221 1356/5222/5222 1358/5223/5223
f 1306/5221/5221 1358/5223/5223 1308/5224/5224
f 1307/5225/5225 1309/5226/5226 1359/5227/5227
f 1307/5225/5225 1359/5227/5227 1357/5228/5228
f 1308/5229/5229 1358/5230/5230 1360/5231/5231
f 1308/5229/5229 1360/5231/5231 1310/5232/5232
f 1309/5233/5233 1311/5234/5234 1361/5235/5235
f 1309/5233/5233 1361/5235/5235 1359/5236/5236
f 1310/5237/5237 1360/5238/5238 1362/5239/5239
f 1310/5237/5237 1362/5239/5239 1312/5240/5240
f 1311/5241/5241 1313/5242/5242 1363/5243/5243
f 1311/5241/5241 1363/5243/5243 1361/5244/5244
f 1312/5245/5245 1362/5246/5246 1364/5247/5247
f 1312/5245/5245 1364/5247/5247 1314/5248/5248
f 1313/5249/5249 1315/5250/5250 1365/5251/5251
f 1313/5249/5249 1365/5251/5251 1363/5252/5252
f 1314/5253/5253 1364/5254/5254 1366/5255/5255
f 1314/5253/5253 1366/5255/5255 1316/5256/5256
f 1315/5257/5257 1317/5258/5258 1367/5259/5259
f 1315/5257/5257 1367/5259/5259 1365/5260/5260
f 1316/5261/5261 1366/5262/5262 1368/5263/5263
f 1316/5261/5261 1368/5263/5263 1318/5264/5264
f 1317/5265/5265 1319/5266/5266 1369/5267/5267
f 1317/5265/5265 1369/5267/5267 1367/5268/5268
f 1318/5269/5269 1368/5270/5270 1370/5271/5271
f 1318/5269/5269 1370/5271/5271 1320/5272/5272
f 1319/5273/5273 1321/5274/5274 1371/5275/5275
f 1319/5273/5273 1371/5275/5275 1369/5276/5276
f 1320/5277/5277 1370/5278/5278 1372/5279/5279
f 1320/5277/5277 1372/5279/5279 1322/5280/5280
f 1321/5281/5281 1323/5282/5282 1373/5283/5283
f 1321/5281/5281 1373/5283/5283 1371/5284/5284
f 1322/5285/5285 1372/5286/5286 1374/5287/5287
f 1322/5285/5285 1374/5287/5287 1324/5288/5288
f 1323/5289/5289 1325/5290/5290 1375/5291/5291
f 1323/5289/5289 1375/5291/5291 1373/5292/5292
f 1324/5293/5293 1374/5294/5294 1376/5295/5295
f 1324/5293/5293 1376/5295/5295 1326/5296/5296
f 1325/5297/5297 1327/5298/5298 1377/5299/5299
f 1325/5297/5297 1377/5299/5299 1375/5300/5300
f 1326/5301/5301 1376/5302/5302 1378/5303/5303
f 1326/5301/5301 1378/5303/5303 1328/5304/5304
f 1327/5305/5305 1329/5306/5306 1379/5307/5307
f 1327/5305/5305 1379/5307/5307 1377/5308/5308
f 1328/5309/5309 1378/5310/5310 1380/5311/5311
f 1328/5309/5309 1380/5311/5311 1330/5312/5312
f 1329/5313/5313 1331/5314/5314 1381/5315/5315
f 1329/5313/5313 1381/5315/5315 1379/5316/5316
f 1330/5317/5317 1380/5318/5318 1382/5319/5319
f 1330/5317/5317 1382/5319/5319 1332/5320/5320
f 1331/5321/5321 1333/5322/5322 1383/5323/5323
f 1331/5321/5321 1383/5323/5323 1381/5324/5324
f 1332/5325/5325 1382/5326/5326 1384/5327/5327
f 1332/5325/5325 1384/5327/5327 1334/5328/5328
f 1333/5329/5329 1335/5330/5330 1385/5331/5331
f 1333/5329/5329 1385/5331/5331 1383/5332/5332
f 1334/5333/5333 1384/5334/5334 1386/5335/5335
f 1334/5333/5333 1386/5335/5335 1336/5336/5336
f 1335/5337/5337 1337/5338/5338 1387/5339/5339
f 1335/5337/5337 1387/5339/5339 1385/5340/5340
f 1336/5341/5341 1386/5342/5342 1388/5343/5343
f 1336/5341/5341 1388/5343/5343 1338/5344/5344
f 1337/5345/5345 1339/5346/5346 1389/5347/5347
f 1337/5345/5345 1389/5347/5347 1387/5348/5348
f 1338/5349/5349 1388/5350/5350 1390/5351/5351
f 1338/5349/5349 1390/5351/5351 1340/5352/5352
f 1339/5353/5353 1341/5354/5354 1391/5355/5355
f 1339/5353/5353 1391/5355/5355 1389/5356/5356
f 1340/5357/5357 1390/5358/5358 1392/5359/5359
f 1340/5357/5357 1392/5359/5359 1342/5360/5360
f 1341/5361/5361 1343/5362/5362 1393/5363/5363
f 1341/5361/5361 1393/5363/5363 1391/5364/5364
f 1342/5365/5365 1392/5366/5366 1394/5367/5367
f 1342/5365/5365 1394/5367/5367 1344/5368/5368
f 1343/5369/5369 1345/5370/5370 1395/5371/5371
f 1343/5369/5369 1395/5371/5371 1393/5372/5372
f 1344/5373/5373 1394/5374/5374 1396/5375/5375
f 1344/5373/5373 1396/5375/5375 1346/5376/5376
f 1345/5377/5377 1347/5378/5378 1397/5379/5379
f 1345/5377/5377 1397/5379/5379 1395/5380/5380
f 1346/5381/5381 1396/5382/5382 1398/5383/5383
f 1346/5381/5381 1398/5383/5383 1348/5384/5384
f 1347/5385/5385 1349/5386/5386 1399/5387/5387
f 1347/5385/5385 1399/5387/5387 1397/5388/5388
f 1348/5389/5389 1398/5390/5390 1400/5391/5391
f 1348/5389/5389 1400/5391/5391 1350/5392/5392
f 1302/5393/5393 1352/5394/5394 1353/5395/5395
f 1302/5393/5393 1353/5395/5395 1303/5396/5396
f 1349/5397/5397 1350/5398/5398 1400/5399/5399
f 1349/5397/5397 1400/5399/5399 1399/5400/5400
f 1352/5401/5401 1351/5402/5402 1401/5403/5403
f 1352/5401/5401 1401/5403/5403 1402/5404/5404
f 1353/5405/5405 1403/5406/5406 1404/5407/5407
f 1353/5405/5405 1404/5407/5407 1354/5408/5408
f 1351/5409/5409 1355/5410/5410 1405/5411/5411
f 1351/5409/5409 1405/5411/5411 1401/5412/5412
f 1354/5413/5413 1404/5414/5414 1406/5415/5415
f 1354/5413/5413 1406/5415/5415 1356/5416/5416
f 1355/5417/5417 1357/5418/5418 1407/5419/5419
f 1355/5417/5417 1407/5419/5419 1405/5420/5420
f 1356/5421/5421 1406/5422/5422 1408/5423/5423
f 1356/5421/5421 1408/5423/5423 1358/5424/5424
f 1357/5425/5425 1359/5426/5426 1409/5427/5427
f 1357/5425/5425 1409/5427/5427 1407/5428/5428
f 1358/5429/5429 1408/5430/5430 1410/5431/5431
f 1358/5429/5429 1410/5431/5431 1360/5432/5432
f 1359/5433/5433 1361/5434/5434 1411/5435/5435
f 1359/5433/5433 1411/5435/5435 1409/5436/5436
f 1360/5437/5437 1410/5438/5438 1412/5439/5439
f 1360/5437/5437 1412/5439/5439 1362/5440/5440
f 1361/5441/5441 1363/5442/5442 1413/5443/5443
f 1361/5441/5441 1413/5443/5443 1411/5444/5444
f 1362/5445/5445 1412/5446/5446 1414/5447/5447
f 1362/5445/5445 1414/5447/5447 1364/5448/5448
f 1363/5449/5449 1365/5450/5450 1415/5451/5451
f 1363/5449/5449 1415/5451/5451 1413/5452/5452
f 1364/5453/5453 1414/5454/5454 1416/5455/5455
f 1364/5453/5453 1416/5455/5455 1366/5456/5456
f 1365/5457/5457 1367/5458/5458 1417/5459/5459
f 1365/5457/5457 1417/5459/5459 1415/5460/5460
f 1366/5461/5461 1416/5462/5462 1418/5463/5463
f 1366/5461/5461 1418/5463/5463 1368/5464/5464
f 1367/5465/5465 1369/5466/5466 1419/5467/5467
f 1367/5465/5465 1419/5467/5467 1417/5468/5468
f 1368/5469/5469 1418/5470/5470 1420/5471/5471
f 1368/5469/5469 1420/5471/5471 1370/5472/5472
f 1369/5473/5473 1371/5474/5474 1421/5475/5475
f 1369/5473/5473 1421/5475/5475 1419/5476/5476
f 1370/5477/5477 1420/5478/5478 1422/5479/5479
f 1370/5477/5477 1422/5479/5479 1372/5480/5480
f 1371/5481/5481 1373/5482/5482 1423/5483/5483
f 1371/5481/5481 1423/5483/5483 1421/5484/5484
f 1372/5485/5485 1422/5486/5486 1424/5487/5487
f 1372/5485/5485 1424/5487/5487 1374/5488/5488
f 1373/5489/5489 1375/5490/5490 1425/5491/5491
f 1373/5489/5489 1425/5491/5491 1423/5492/5492
f 1374/5493/5493 1424/5494/5494 1426/5495/5495
f 1374/5493/5493 1426/5495/5495 1376/5496/5496
f 1375/5497/5497 1377/5498/5498 1427/5499/5499
f 1375/5497/5497 1427/5499/5499 1425/5500/5500
f 1376/5501/5501 1426/5502/5502 1428/5503/5503
f 1376/5501/5501 1428/5503/5503 1378/5504/5504
f 1377/5505/5505 1379/5506/5506 1429/5507/5507
f 1377/5505/5505 1429/5507/5507 1427/5508/5508
f 1378/5509/5509 1428/5510/5510 1430/5511/5511
f 1378/5509/5509 1430/5511/5511 1380/5512/5512
f 1379/5513/5513 1381/5514/5514 1431/5515/5515
f 1379/5513/5513 1431/5515/5515 1429/5516/5516
f 1380/5517/5517 1430/5518/5518 1432/5519/5519
f 1380/5517/5517 1432/5519/5519 1382/5520/5520
f 1381/5521/5521 1383/5522/5522 1433/5523/5523
f 1381/5521/5521 1433/5523/5523 1431/5524/5524
f 1382/5525/5525 1432/5526/5526 1434/5527/5527
f 1382/5525/5525 1434/5527/5527 1384/5528/5528
f 1383/5529/5529 1385/5530/5530 1435/5531/5531
f 1383/5529/5529 1435/5531/5531 1433/5532/5532
f 1384/5533/5533 1434/5534/5534 1436/5535/5535
f 1384/5533/5533 1436/5535/5535 1386/5536/5536
f 1385/5537/5537 1387/5538/5538 1437/5539/5539
f 1385/5537/5537 1437/5539/5539 1435/5540/5540
f 1386/5541/5541 1436/5542/5542 1438/5543/5543
f 1386/5541/5541 1438/5543/5543 1388/5544/5544
f 1387/5545/5545 1389/5546/5546 1439/5547/5547
f 1387/5545/5545 1439/5547/5547 1437/5548/5548
f 1388/5549/5549 1438/5550/5550 1440/5551/5551
f 1388/5549/5549 1440/5551/5551 1390/5552/5552
f 1389/5553/5553 1391/5554/5554 1441/5555/5555
f 1389/5553/5553 1441/5555/5555 1439/5556/5556
f 1390/5557/5557 1440/5558/5558 1442/5559/5559
f 1390/5557/5557 1442/5559/5559 1392/5560/5560
f 1391/5561/5561 1393/5562/5562 1443/5563/5563
f 1391/5561/5561 1443/5563/5563 1441/5564/5564
f 1392/5565/5565 1442/5566/5566 1444/5567/5567
f 1392/5565/5565 1444/5567/5567 1394/5568/5568
f 1393/5569/5569 1395/5570/5570 1445/5571/5571
f 1393/5569/5569 1445/5571/5571 1443/5572/5572
f 1394/5573/5573 1444/5574/5574 1446/5575/5575
f 1394/5573/5573 1446/5575/5575 1396/5576/5576
f 1395/5577/5577 1397/5578/5578 1447/5579/5579
f 1395/5577/5577 1447/5579/5579 1445/5580/5580
f 1396/5581/5581 1446/5582/5582 1448/5583/5583
f 1396/5581/5581 1448/5583/5583 1398/5584/5584
f 1397/5585/5585 1399/5586/5586 1449/5587/5587
f 1397/5585/5585 1449/5587/5587 1447/5588/5588
f 1398/5589/5589 1448/5590/5590 1450/5591/5591
f 1398/5589/5589 1450/5591/5591 1400/5592/5592
f 1352/5593/5593 1402/5594/5594 1403/5595/5595
f 1352/5593/5593 1403/5595/5595 1353/5596/5596
f 1399/5597/5597 1400/5598/5598 1450/5599/5599
f 1399/5597/5597 1450/5599/5599 1449/5600/5600
f 1402/5601/5601 1401/5602/5602 1451/5603/5603
f 1402/5601/5601 1451/5603/5603 1452/5604/5604
f 1403/5605/5605 1453/5606/5606 1454/5607/5607
f 1403/5605/5605 1454/5607/5607 1404/5608/5608
f 1401/5609/5609 1405/5610/5610 1455/5611/5611
f 1401/5609/5609 1455/5611/5611 1451/5612/5612
f 1404/5613/5613 1454/5614/5614 1456/5615/5615
f 1404/5613/5613 1456/5615/5615 1406/5616/5616
f 1405/5617/5617 1407/5618/5618 1457/5619/5619
f 1405/5617/5617 1457/5619/5619 1455/5620/5620
f 1406/5621/5621 1456/5622/5622 1458/5623/5623
f 1406/5621/5621 1458/5623/5623 1408/5624/5624
f 1407/5625/5625 1409/5626/5626 1459/5627/5627
f 1407/5625/5625 1459/5627/5627 1457/5628/5628
f 1408/5629/5629 1458/5630/5630 1460/5631/5631
f 1408/5629/5629 1460/5631/5631 1410/5632/5632
f 1409/5633/5633 1411/5634/5634 1461/5635/5635
f 1409/5633/5633 1461/5635/5635 1459/5636/5636
f 1410/5637/5637 1460/5638/5638 1462/5639/5639
f 1410/5637/5637 1462/5639/5639 1412/5640/5640
f 1411/5641/5641 1413/5642/5642 1463/5643/5643
f 1411/5641/5641 1463/5643/5643 1461/5644/5644
f 1412/5645/5645 1462/5646/5646 1464/5647/5647
f 1412/5645/5645 1464/5647/5647 1414/5648/5648
f 1413/5649/5649 1415/5650/5650 1465/5651/5651
f 1413/5649/5649 1465/5651/5651 1463/5652/5652
f 1414/5653/5653 1464/5654/5654 1466/5655/5655
f 1414/5653/5653 1466/5655/5655 1416/5656/5656
f 1415/5657/5657 1417/5658/5658 1467/5659/5659
f 1415/5657/5657 1467/5659/5659 1465/5660/5660
f 1416/5661/5661 1466/5662/5662 1468/5663/5663
f 1416/5661/5661 1468/5663/5663 1418/5664/5664
f 1417/5665/5665 1419/5666/5666 1469/5667/5667
f 1417/5665/5665 1469/5667/5667 1467/5668/5668
f 1418/5669/5669 1468/5670/5670 1470/5671/5671
f 1418/5669/5669 1470/5671/5671 1420/5672/5672
f 1419/5673/5673 1421/5674/5674 1471/5675/5675
f 1419/5673/5673 1471/5675/5675 1469/5676/5676
f 1420/5677/5677 1470/5678/5678 1472/5679/5679
f 1420/5677/5677 1472/5679/5679 1422/5680/5680
f 1421/5681/5681 1423/5682/5682 1473/5683/5683
f 1421/5681/5681 1473/5683/5683 1471/5684/5684
f 1422/5685/5685 1472/5686/5686 1474/5687/5687
f 1422/5685/5685 1474/5687/5687 1424/5688/5688
f 1423/5689/5689 1425/5690/5690 1475/5691/5691
f 1423/5689/5689 1475/5691/5691 1473/5692/5692
f 1424/5693/5693 1474/5694/5694 1476/5695/5695
f 1424/5693/5693 1476/5695/5695 1426/5696/5696
f 1425/5697/5697 1427/5698/5698 1477/5699/5699
f 1425/5697/5697 1477/5699/5699 1475/5700/5700
f 1426/5701/5701 1476/5702/5702 1478/5703/5703
f 1426/5701/5701 1478/5703/5703 1428/5704/5704
f 1427/5705/5705 1429/5706/5706 1479/5707/5707
f 1427/5705/5705 1479/5707/5707 1477/5708/5708
f 1428/5709/5709 1478/5710/5710 1480/5711/5711
f 1428/5709/5709 1480/5711/5711 1430/5712/5712
f 1429/5713/5713 1431/5714/5714 1481/5715/5715
f 1429/5713/5713 1481/5715/5715 1479/5716/5716
f 1430/5717/5717 1480/5718/5718 1482/5719/5719
f 1430/5717/5717 1482/5719/5719 1432/5720/5720
f 1431/5721/5721 1433/5722/5722 1483/5723/5723
f 1431/5721/5721 1483/5723/5723 1481/5724/5724
f 1432/5725/5725 1482/5726/5726 1484/5727/5727
f 1432/5725/5725 1484/5727/5727 1434/5728/5728
f 1433/5729/5729 1435/5730/5730 1485/5731/5731
f 1433/5729/5729 1485/5731/5731 1483/5732/5732
f 1434/5733/5733 1484/5734/5734 1486/5735/5735
f 1434/5733/5733 1486/5735/5735 1436/5736/5736
f 1435/5737/5737 1437/5738/5738 1487/5739/5739
f 1435/5737/5737 1487/5739/5739 1485/5740/5740
f 1436/5741/5741 1486/5742/5742 1488/5743/5743
f 1436/5741/5741 1488/5743/5743 1438/5744/5744
f 1437/5745/5745 1439/5746/5746 1489/5747/5747
f 1437/5745/5745 1489/5747/5747 1487/5748/5748
f 1438/5749/5749 1488/5750/5750 1490/5751/5751
f 1438/5749/5749 1490/5751/5751 1440/5752/5752
f 1439/5753/5753 1441/5754/5754 1491/5755/5755
f 1439/5753/5753 1491/5755/5755 1489/5756/5756
f 1440/5757/5757 1490/5758/5758 1492/5759/5759
f 1440/5757/5757 1492/5759/5759 1442/5760/5760
f 1441/5761/5761 1443/5762/5762 1493/5763/5763
f 1441/5761/5761 1493/5763/5763 1491/5764/5764
f 1442/5765/5765 1492/5766/5766 1494/5767/5767
f 1442/5765/5765 1494/5767/5767 1444/5768/5768
f 1443/5769/5769 1445/5770/5770 1495/5771/5771
f 1443/5769/5769 1495/5771/5771 1493/5772/5772
f 1444/5773/5773 1494/5774/5774 1496/5775/5775
f 1444/5773/5773 1496/5775/5775 1446/5776/5776
f 1445/5777/5777 1447/5778/5778 1497/5779/5779
f 1445/5777/5777 1497/5779/5779 1495/5780/5780
f 1446/5781/5781 1496/5782/5782 1498/5783/5783
f 1446/5781/5781 1498/5783/5783 1448/5784/5784
f 1447/5785/5785 1449/5786/5786 1499/5787/5787
f 1447/5785/5785 1499/5787/5787 1497/5788/5788
f 1448/5789/5789 1498/5790/5790 1500/5791/5791
f 1448/5789/5789 1500/5791/5791 1450/5792/5792
f 1402/5793/5793 1452/5794/5794 1453/5795/5795
f 1402/5793/5793 1453/5795/5795 1403/5796/5796
f 1449/5797/5797 1450/5798/5798 1500/5799/5799
f 1449/5797/5797 1500/5799/5799 1499/5800/5800
f 1452/5801/5801 1451/5802/5802 1501/5803/5803
f 1452/5801/5801 1501/5803/5803 1502/5804/5804
f 1453/5805/5805 1503/5806/5806 1504/5807/5807
f 1453/5805/5805 1504/5807/5807 1454/5808/5808
f 1451/5809/5809 1455/5810/5810 1505/5811/5811
f 1451/5809/5809 1505/5811/5811 1501/5812/5812
f 1454/5813/5813 1504/5814/5814 1506/5815/5815
f 1454/5813/5813 1506/5815/5815 1456/5816/5816
f 1455/5817/5817 1457/5818/5818 1507/5819/5819
f 1455/5817/5817 1507/5819/5819 1505/5820/5820
f 1456/5821/5821 1506/5822/5822 1508/5823/5823
f 1456/5821/5821 1508/5823/5823 1458/5824/5824
f 1457/5825/5825 1459/5826/5826 1509/5827/5827
f 1457/5825/5825 1509/5827/5827 1507/5828/5828
f 1458/5829/5829 1508/5830/5830 1510/5831/5831
f 1458/5829/5829 1510/5831/5831 1460/5832/5832
f 1459/5833/5833 1461/5834/5834 1511/5835/5835
f 1459/5833/5833 1511/5835/5835 1509/5836/5836
f 1460/5837/5837 1510/5838/5838 1512/5839/5839
f 1460/5837/5837 1512/5839/5839 1462/5840/5840
f 1461/5841/5841 1463/5842/5842 1513/5843/5843
f 1461/5841/5841 1513/5843/5843 1511/5844/5844
f 1462/5845/5845 1512/5846/5846 1514/5847/5847
f 1462/5845/5845 1514/5847/5847 1464/5848/5848
f 1463/5849/5849 1465/5850/5850 1515/5851/5851
f 1463/5849/5849 1515/5851/5851 1513/5852/5852
f 1464/5853/5853 1514/5854/5854 1516/5855/5855
f 1464/5853/5853 1516/5855/5855 1466/5856/5856
f 1465/5857/5857 1467/5858/5858 1517/5859/5859
f 1465/5857/5857 1517/5859/5859 1515/5860/5860
f 1466/5861/5861 1516/5862/5862 1518/5863/5863
f 1466/5861/5861 1518/5863/5863 1468/5864/5864
f 1467/5865/5865 1469/5866/5866 1519/5867/5867
f 1467/5865/5865 1519/5867/5867 1517/5868/5868
f 1468/5869/5869 1518/5870/5870 1520/5871/5871
f 1468/5869/5869 1520/5871/5871 1470/5872/5872
f 1469/5873/5873 1471/5874/5874 1521/5875/5875
f 1469/5873/5873 1521/5875/5875 1519/5876/5876
f 1470/5877/5877 1520/5878/5878 1522/5879/5879
f 1470/5877/5877 1522/5879/5879 1472/5880/5880
f 1471/5881/5881 1473/5882/5882 1523/5883/5883
f 1471/5881/5881 1523/5883/5883 1521/5884/5884
f 1472/5885/5885 1522/5886/5886 1524/5887/5887
f 1472/5885/5885 1524/5887/5887 1474/5888/5888
f 1473/5889/5889 1475/5890/5890 1525/5891/5891
f 1473/5889/5889 1525/5891/5891 1523/5892/5892
f 1474/5893/5893 1524/5894/5894 1526/5895/5895
f 1474/5893/5893 1526/5895/5895 1476/5896/5896
f 1475/5897/5897 1477/5898/5898 1527/5899/5899
f 1475/5897/5897 1527/5899/5899 1525/5900/5900
f 1476/5901/5901 1526/5902/5902 1528/5903/5903
f 1476/5901/5901 1528/5903/5903 1478/5904/5904
f 1477/5905/5905 1479/5906/5906 1529/5907/5907
f 1477/5905/5905 1529/5907/5907 1527/5908/5908
f 1478/5909/5909 1528/5910/5910 1530/5911/5911
f 1478/5909/5909 1530/5911/5911 1480/5912/5912
f 1479/5913/5913 1481/5914/5914 1531/5915/5915
f 1479/5913/5913 1531/5915/5915 1529/5916/5916
f 1480/5917/5917 1530/5918/5918 1532/5919/5919
f 1480/5917/5917 1532/5919/5919 1482/5920/5920
f 1481/5921/5921 1483/5922/5922 1533/5923/5923
f 1481/5921/5921 1533/5923/5923 1531/5924/5924
f 1482/5925/5925 1532/5926/5926 1534/5927/5927
f 1482/5925/5925 1534/5927/5927 1484/5928/5928
f 1483/5929/5929 1485/5930/5930 1535/5931/5931
f 1483/5929/5929 1535/5931/5931 1533/5932/5932
f 1484/5933/5933 1534/5934/5934 1536/5935/5935
f 1484/5933/5933 1536/5935/5935 1486/5936/5936
f 1485/5937/5937 1487/5938/5938 1537/5939/5939
f 1485/5937/5937 1537/5939/5939 1535/5940/5940
f 1486/5941/5941 1536/5942/5942 1538/5943/5943
f 1486/5941/5941 1538/5943/5943 1488/5944/5944
f 1487/5945/5945 1489/5946/5946 1539/5947/5947
f 1487/5945/5945 1539/5947/5947 1537/5948/5948
f 1488/5949/5949 1538/5950/5950 1540/5951/5951
f 1488/5949/5949 1540/5951/5951 1490/5952/5952
f 1489/5953/5953 1491/5954/5954 1541/5955/5955
f 1489/5953/5953 1541/5955/5955 1539/5956/5956
f 1490/5957/5957 1540/5958/5958 1542/5959/5959
f 1490/5957/5957 1542/5959/5959 1492/5960/5960
f 1491/5961/5961 1493/5962/5962 1543/5963/5963
f 1491/5961/5961 1543/5963/5963 1541/5964/5964
f 1492/5965/5965 1542/5966/5966 1544/5967/5967
f 1492/5965/5965 1544/5967/5967 1494/5968/5968
f 1493/5969/5969 1495/5970/5970 1545/5971/5971
f 1493/5969/5969 1545/5971/5971 1543/5972/5972
f 1494/5973/5973 1544/5974/5974 1546/5975/5975
f 1494/5973/5973 1546/5975/5975 1496/5976/5976
f 1495/5977/5977 1497/5978/5978 1547/5979/5979
f 1495/5977/5977 1547/5979/5979 1545/5980/5980
f 1496/5981/5981 1546/5982/5982 1548/5983/5983
f 1496/5981/5981 1548/5983/5983 1498/5984/5984
f 1497/5985/5985 1499/5986/5986 1549/5987/5987
f 1497/5985/5985 1549/5987/5987 1547/5988/5988
f 1498/5989/5989 1548/5990/5990 1550/5991/5991
f 1498/5989/5989 1550/5991/5991 1500/5992/5992
f 1452/5993/5993 1502/5994/5994 1503/5995/5995
f 1452/5993/5993 1503/5995/5995 1453/5996/5996
f 1499/5997/5997 1500/5998/5998 1550/5999/5999
f 1499/5997/5997 1550/5999/5999 1549/6000/6000
f 1502/6001/6001 1501/6002/6002 1551/6003/6003
f 1502/6001/6001 1551/6003/6003 1552/6004/6004
f 1503/6005/6005 1553/6006/6006 1554/6007/6007
f 1503/6005/6005 1554/6007/6007 1504/6008/6008
f 1501/6009/6009 1505/6010/6010 1555/6011/6011
f 1501/6009/6009 1555/6011/6011 1551/6012/6012
f 1504/6013/6013 1554/6014/6014 1556/6015/6015
f 1504/6013/6013 1556/6015/6015 1506/6016/6016
f 1505/6017/6017 1507/6018/6018 1557/6019/6019
f 1505/6017/6017 1557/6019/6019 1555/6020/6020
f 1506/6021/6021 1556/6022/6022 1558/6023/6023
f 1506/6021/6021 1558/6023/6023 1508/6024/6024
f 1507/6025/6025 1509/6026/6026 1559/6027/6027
f 1507/6025/6025 1559/6027/6027 1557/6028/6028
f 1508/6029/6029 1558/6030/6030 1560/6031/6031
f 1508/6029/6029 1560/6031/6031 1510/6032/6032
f 1509/6033/6033 1511/6034/6034 1561/6035/6035
f 1509/6033/6033 1561/6035/6035 1559/6036/6036
f 1510/6037/6037 1560/6038/6038 1562/6039/6039
f 1510/6037/6037 1562/6039/6039 1512/6040/6040
f 1511/6041/6041 1513/6042/6042 1563/6043/6043
f 1511/6041/6041 1563/6043/6043 1561/6044/6044
f 1512/6045/6045 1562/6046/6046 1564/6047/6047
f 1512/6045/6045 1564/6047/6047 1514/6048/6048
f 1513/6049/6049 1515/6050/6050 1565/6051/6051
f 1513/6049/6049 1565/6051/6051 1563/6052/6052
f 1514/6053/6053 1564/6054/6054 1566/6055/6055
f 1514/6053/6053 1566/6055/6055 1516/6056/6056
f 1515/6057/6057 1517/6058/6058 1567/6059/6059
f 1515/6057/6057 1567/6059/6059 1565/6060/6060
f 1516/6061/6061 1566/6062/6062 1568/6063/6063
f 1516/6061/6061 1568/6063/6063 1518/6064/6064
f 1517/6065/6065 1519/6066/6066 1569/6067/6067
f 1517/6065/6065 1569/6067/6067 1567/6068/6068
f 1518/6069/6069 1568/6070/6070 1570/6071/6071
f 1518/6069/6069 1570/6071/6071 1520/6072/6072
f 1519/6073/6073 1521/6074/6074 1571/6075/6075
f 1519/6073/6073 1571/6075/6075 1569/6076/6076
f 1520/6077/6077 1570/6078/6078 1572/6079/6079
f 1520/6077/6077 1572/6079/6079 1522/6080/6080
f 1521/6081/6081 1523/6082/6082 1573/6083/6083
f 1521/6081/6081 1573/6083/6083 1571/6084/6084
f 1522/6085/6085 1572/6086/6086 1574/6087/6087
f 1522/6085/6085 1574/6087/6087 1524/6088/6088
f 1523/6089/6089 1525/6090/6090 1575/6091/6091
f 1523/6089/6089 1575/6091/6091 1573/6092/6092
f 1524/6093/6093 1574/6094/6094 1576/6095/6095
f 1524/6093/6093 1576/6095/6095 1526/6096/6096
f 1525/6097/6097 1527/6098/6098 1577/6099/6099
f 1525/6097/6097 1577/6099/6099 1575/6100/6100
f 1526/6101/6101 1576/6102/6102 1578/6103/6103
f 1526/6101/6101 1578/6103/6103 1528/6104/6104
f 1527/6105/6105 1529/6106/6106 1579/6107/6107
f 1527/6105/6105 1579/6107/6107 1577/6108/6108
f 1528/6109/6109 1578/6110/6110 1580/6111/6111
f 1528/6109/6109 1580/6111/6111 1530/6112/6112
f 1529/6113/6113 1531/6114/6114 1581/6115/6115
f 1529/6113/6113 1581/6115/6115 1579/6116/6116
f 1530/6117/6117 1580/6118/6118 1582/6119/6119
f 1530/6117/6117 1582/6119/6119 1532/6120/6120
f 1531/6121/6121 1533/6122/6122 1583/6123/6123
f 1531/6121/6121 1583/6123/6123 1581/6124/6124
f 1532/6125/6125 1582/6126/6126 1584/6127/6127
f 1532/6125/6125 1584/6127/6127 1534/6128/6128
f 1533/6129/6129 1535/6130/6130 1585/6131/6131
f 1533/6129/6129 1585/6131/6131 1583/6132/6132
f 1534/6133/6133 1584/6134/6134 1586/6135/6135
f 1534/6133/6133 1586/6135/6135 1536/6136/6136
f 1535/6137/6137 1537/6138/6138 1587/6139/6139
f 1535/6137/6137 1587/6139/6139 1585/6140/6140
f 1536/6141/6141 1586/6142/6142 1588/6143/6143
f 1536/6141/6141 1588/6143/6143 1538/6144/6144
f 1537/6145/6145 1539/6146/6146 1589/6147/6147
f 1537/6145/6145 1589/6147/6147 1587/6148/6148
f 1538/6149/6149 1588/6150/6150 1590/6151/6151
f 1538/6149/6149 1590/6151/6151 1540/6152/6152
f 1539/6153/6153 1541/6154/6154 1591/6155/6155
f 1539/6153/6153 1591/6155/6155 1589/6156/6156
f 1540/6157/6157 1590/6158/6158 1592/6159/6159
f 1540/6157/6157 1592/6159/6159 1542/6160/6160
f 1541/6161/6161 1543/6162/6162 1593/6163/6163
f 1541/6161/6161 1593/6163/6163 1591/6164/6164
f 1542/6165/6165 1592/6166/6166 1594/6167/6167
f 1542/6165/6165 1594/6167/6167 1544/6168/6168
f 1543/6169/6169 1545/6170/6170 1595/6171/6171
f 1543/6169/6169 1595/6171/6171 1593/6172/6172
f 1544/6173/6173 1594/6174/6174 1596/6175/6175
f 1544/6173/6173 1596/6175/6175 1546/6176/6176
f 1545/6177/6177 1547/6178/6178 1597/6179/6179
f 1545/6177/6177 1597/6179/6179 1595/6180/6180
f 1546/6181/6181 1596/6182/6182 1598/6183/6183
f 1546/6181/6181 1598/6183/6183 1548/6184/6184
f 1547/6185/6185 1549/6186/6186 1599/6187/6187
f 1547/6185/6185 1599/6187/6187 1597/6188/6188
f 1548/6189/6189 1598/6190/6190 1600/6191/6191
f 1548/6189/6189 1600/6191/6191 1550/6192/6192
f 1502/6193/6193 1552/6194/6194 1553/6195/6195
f 1502/6193/6193 1553/6195/6195 1503/6196/6196
f 1549/6197/6197 1550/6198/6198 1600/6199/6199
f 1549/6197/6197 1600/6199/6199 1599/6200/6200
f 1552/6201/6201 1551/6202/6202 1601/6203/6203
f 1552/6201/6201 1601/6203/6203 1602/6204/6204
f 1553/6205/6205 1603/6206/6206 1604/6207/6207
f 1553/6205/6205 1604/6207/6207 1554/6208/6208
f 1551/6209/6209 1555/6210/6210 1605/6211/6211
f 1551/6209/6209 1605/6211/6211 1601/6212/6212
f 1554/6213/6213 1604/6214/6214 1606/6215/6215
f 1554/6213/6213 1606/6215/6215 1556/6216/6216
f 1555/6217/6217 1557/6218/6218 1607/6219/6219
f 1555/6217/6217 1607/6219/6219 1605/6220/6220
f 1556/6221/6221 1606/6222/6222 1608/6223/6223
f 1556/6221/6221 1608/6223/6223 1558/6224/6224
f 1557/6225/6225 1559/6226/6226 1609/6227/6227
f 1557/6225/6225 1609/6227/6227 1607/6228/6228
f 1558/6229/6229 1608/6230/6230 1610/6231/6231
f 1558/6229/6229 1610/6231/6231 1560/6232/6232
f 1559/6233/6233 1561/6234/6234 1611/6235/6235
f 1559/6233/6233 1611/6235/6235 1609/6236/6236
f 1560/6237/6237 1610/6238/6238 1612/6239/6239
f 1560/6237/6237 1612/6239/6239 1562/6240/6240
f 1561/6241/6241 1563/6242/6242 1613/6243/6243
f 1561/6241/6241 1613/6243/6243 1611/6244/6244
f 1562/6245/6245 1612/6246/6246 1614/6247/6247
f 1562/6245/6245 1614/6247/6247 1564/6248/6248
f 1563/6249/6249 1565/6250/6250 1615/6251/6251
f 1563/6249/6249 1615/6251/6251 1613/6252/6252
f 1564/6253/6253 1614/6254/6254 1616/6255/6255
f 1564/6253/6253 1616/6255/6255 1566/6256/6256
f 1565/6257/6257 1567/6258/6258 1617/6259/6259
f 1565/6257/6257 1617/6259/6259 1615/6260/6260
f 1566/6261/6261 1616/6262/6262 1618/6263/6263
f 1566/6261/6261 1618/6263/6263 1568/6264/6264
f 1567/6265/6265 1569/6266/6266 1619/6267/6267
f 1567/6265/6265 1619/6267/6267 1617/6268/6268
f 1568/6269/6269 1618/6270/6270 1620/6271/6271
f 1568/6269/6269 1620/6271/6271 1570/6272/6272
f 1569/6273/6273 1571/6274/6274 1621/6275/6275
f 1569/6273/6273 1621/6275/6275 1619/6276/6276
f 1570/6277/6277 1620/6278/6278 1622/6279/6279
f 1570/6277/6277 1622/6279/6279 1572/6280/6280
f 1571/6281/6281 1573/6282/6282 1623/6283/6283
f 1571/6281/6281 1623/6283/6283 1621/6284/6284
f 1572/6285/6285 1622/6286/6286 1624/6287/6287
f 1572/6285/6285 1624/6287/6287 1574/6288/6288
f 1573/6289/6289 1575/6290/6290 1625/6291/6291
f 1573/6289/6289 1625/6291/6291 1623/6292/6292
f 1574/6293/6293 1624/6294/6294 1626/6295/6295
f 1574/6293/6293 1626/6295/6295 1576/6296/6296
f 1575/6297/6297 1577/6298/6298 1627/6299/6299
f 1575/6297/6297 1627/6299/6299 1625/6300/6300
f 1576/6301/6301 1626/6302/6302 1628/6303/6303
f 1576/6301/6301 1628/6303/6303 1578/6304/6304
f 1577/6305/6305 1579/6306/6306 1629/6307/6307
f 1577/6305/6305 1629/6307/6307 1627/6308/6308
f 1578/6309/6309 1628/6310/6310 1630/6311/6311
f 1578/6309/6309 1630/6311/6311 1580/6312/6312
f 1579/6313/6313 1581/6314/6314 1631/6315/6315
f 1579/6313/6313 1631/6315/6315 1629/6316/6316
f 1580/6317/6317 1630/6318/6318 1632/6319/6319
f 1580/6317/6317 1632/6319/6319 1582/6320/6320
f 1581/6321/6321 1583/6322/6322 1633/6323/6323
f 1581/6321/6321 1633/6323/6323 1631/6324/6324
f 1582/6325/6325 1632/6326/6326 1634/6327/6327
f 1582/6325/6325 1634/6327/6327 1584/6328/6328
f 1583/6329/6329 1585/6330/6330 1635/6331/6331
f 1583/6329/6329 1635/6331/6331 1633/6332/6332
f 1584/6333/6333 1634/6334/6334 1636/6335/6335
f 1584/6333/6333 1636/6335/6335 1586/6336/6336
f 1585/6337/6337 1587/6338/6338 1637/6339/6339
f 1585/6337/6337 1637/6339/6339 1635/6340/6340
f 1586/6341/6341 1636/6342/6342 1638/6343/6343
f 1586/6341/6341 1638/6343/6343 1588/6344/6344
f 1587/6345/6345 1589/6346/6346 1639/6347/6347
f 1587/6345/6345 1639/6347/6347 1637/6348/6348
f 1588/6349/6349 1638/6350/6350 1640/6351/6351
f 1588/6349/6349 1640/6351/6351 1590/6352/6352
f 1589/6353/6353 1591/6354/6354 1641/6355/6355
f 1589/6353/6353 1641/6355/6355 1639/6356/6356
f 1590/6357/6357 1640/6358/6358 1642/6359/6359
f 1590/6357/6357 1642/6359/6359 1592/6360/6360
f 1591/6361/6361 1593/6362/6362 1643/6363/6363
f 1591/6361/6361 1643/6363/6363 1641/6364/6364
f 1592/6365/6365 1642/6366/6366 1644/6367/6367
f 1592/6365/6365 1644/6367/6367 1594/6368/6368
f 1593/6369/6369 1595/6370/6370 1645/6371/6371
f 1593/6369/6369 1645/6371/6371 1643/6372/6372
f 1594/6373/6373 1644/6374/6374 1646/6375/6375
f 1594/6373/6373 1646/6375/6375 1596/6376/6376
f 1595/6377/6377 1597/6378/6378 1647/6379/6379
f 1595/6377/6377 1647/6379/6379 1645/6380/6380
f 1596/6381/6381 1646/6382/6382 1648/6383/6383
f 1596/6381/6381 1648/6383/6383 1598/6384/6384
f 1597/6385/6385 1599/6386/6386 1649/6387/6387
f 1597/6385/6385 1649/6387/6387 1647/6388/6388
f 1598/6389/6389 1648/6390/6390 1650/6391/6391
f 1598/6389/6389 1650/6391/6391 1600/6392/6392
f 1552/6393/6393 1602/6394/6394 1603/6395/6395
f 1552/6393/6393 1603/6395/6395 1553/6396/6396
f 1599/6397/6397 1600/6398/6398 1650/6399/6399
f 1599/6397/6397 1650/6399/6399 1649/6400/6400
f 1651/6401/6401 2/6402/6402 1/6403/6403
f 1651/6404/6404 9/6405/6405 2/6406/6406
f 1651/6407/6407 13/6408/6408 9/6409/6409
f 1651/6410/6410 17/6411/6411 13/6412/6412
f 1651/6413/6413 21/6414/6414 17/6415/6415
f 1651/6416/6416 25/6417/6417 21/6418/6418
f 1651/6419/6419 29/6420/6420 25/6421/6421
f 1651/6422/6422 33/6423/6423 29/6424/6424
f 1651/6425/6425 37/6426/6426 33/6427/6427
f 1651/6428/6428 41/6429/6429 37/6430/6430
f 1651/6431/6431 45/6432/6432 41/6433/6433
f 1651/6434/6434 49/6435/6435 45/6436/6436
f 1651/6437/6437 53/6438/6438 49/6439/6439
f 1651/6440/6440 57/6441/6441 53/6442/6442
f 1651/6443/6443 61/6444/6444 57/6445/6445
f 1651/6446/6446 65/6447/6447 61/6448/6448
f 1651/6449/6449 69/6450/6450 65/6451/6451
f 1651/6452/6452 73/6453/6453 69/6454/6454
f 1651/6455/6455 77/6456/6456 73/6457/6457
f 1651/6458/6458 81/6459/6459 77/6460/6460
f 1651/6461/6461 85/6462/6462 81/6463/6463
f 1651/6464/6464 89/6465/6465 85/6466/6466
f 1651/6467/6467 93/6468/6468 89/6469/6469
f 1651/6470/6470 97/6471/6471 93/6472/6472
f 1651/6473/6473 100/6474/6474 97/6475/6475
f 1651/6476/6476 96/6477/6477 100/6478/6478
f 1651/6479/6479 92/6480/6480 96/6481/6481
f 1651/6482/6482 88/6483/6483 92/6484/6484
f 1651/6485/6485 84/6486/6486 88/6487/6487
f 1651/6488/6488 80/6489/6489 84/6490/6490
f 1651/6491/6491 76/6492/6492 80/6493/6493
f 1651/6494/6494 72/6495/6495 76/6496/6496
f 1651/6497/6497 68/6498/6498 72/6499/6499
f 1651/6500/6500 64/6501/6501 68/6502/6502
f 1651/6503/6503 60/6504/6504 64/6505/6505
f 1651/6506/6506 56/6507/6507 60/6508/6508
f 1651/6509/6509 52/6510/6510 56/6511/6511
f 1651/6512/6512 48/6513/6513 52/6514/6514
f 1651/6515/6515 44/6516/6516 48/6517/6517
f 1651/6518/6518 40/6519/6519 44/6520/6520
f 1651/6521/6521 36/6522/6522 40/6523/6523
f 1651/6524/6524 32/6525/6525 36/6526/6526
f 1651/6527/6527 28/6528/6528 32/6529/6529
f 1651/6530/6530 24/6531/6531 28/6532/6532
f 1651/6533/6533 20/6534/6534 24/6535/6535
f 1651/6536/6536 16/6537/6537 20/6538/6538
f 1651/6539/6539 12/6540/6540 16/6541/6541
f 1651/6542/6542 8/6543/6543 12/6544/6544
f 1651/6545/6545 5/6546/6546 8/6547/6547
f 1651/6548/6548 1/6549/6549 5/6550/6550
f 1652/6551/6551 1602/6552/6552 1601/6553/6553
f 1652/6554/6554 1601/6555/6555 1605/6556/6556
f 1652/6557/6557 1605/6558/6558 1607/6559/6559
f 1652/6560/6560 1607/6561/6561 1609/6562/6562
f 1652/6563/6563 1609/6564/6564 1611/6565/6565
f 1652/6566/6566 1611/6567/6567 1613/6568/6568
f 1652/6569/6569 1613/6570/6570 1615/6571/6571
f 1652/6572/6572 1615/6573/6573 1617/6574/6574
f 1652/6575/6575 1617/6576/6576 1619/6577/6577
f 1652/6578/6578 1619/6579/6579 1621/6580/6580
f 1652/6581/6581 1621/6582/6582 1623/6583/6583
f 1652/6584/6584 1623/6585/6585 1625/6586/6586
f 1652/6587/6587 1625/6588/6588 1627/6589/6589
f 1652/6590/6590 1627/6591/6591 1629/6592/6592
f 1652/6593/6593 1629/6594/6594 1631/6595/6595
f 1652/6596/6596 1631/6597/6597 1633/6598/6598
f 1652/6599/6599 1633/6600/6600 1635/6601/6601
f 1652/6602/6602 1635/6603/6603 1637/6604/6604
f 1652/6605/6605 1637/6606/6606 1639/6607/6607
f 1652/6608/6608 1639/6609/6609 1641/6610/6610
f 1652/6611/6611 1641/6612/6612 1643/6613/6613
f 1652/6614/6614 1643/6615/6615 1645/6616/6616
f 1652/6617/6617 1645/6618/6618 1647/6619/6619
f 1652/6620/6620 1647/6621/6621 1649/6622/6622
f 1652/6623/6623 1649/6624/6624 1650/6625/6625
f 1652/6626/6626 1650/6627/6627 1648/6628/6628
f 1652/6629/6629 1648/6630/6630 1646/6631/6631
f 1652/6632/6632 1646/6633/6633 1644/6634/6634
f 1652/6635/6635 1644/6636/6636 1642/6637/6637
f 1652/6638/6638 1642/6639/6639 1640/6640/6640
f 1652/6641/6641 1640/6642/6642 1638/6643/6643
f 1652/6644/6644 1638/6645/6645 1636/6646/6646
f 1652/6647/6647 1636/6648/6648 1634/6649/6649
f 1652/6650/6650 1634/6651/6651 1632/6652/6652
f 1652/6653/6653 1632/6654/6654 1630/6655/6655
f 1652/6656/6656 1630/6657/6657 1628/6658/6658
f 1652/6659/6659 1628/6660/6660 1626/6661/6661
f 1652/6662/6662 1626/6663/6663 1624/6664/6664
f 1652/6665/6665 1624/6666/6666 1622/6667/6667
f 1652/6668/6668 1622/6669/6669 1620/6670/6670
f 1652/6671/6671 1620/6672/6672 1618/6673/6673
f 1652/6674/6674 1618/6675/6675 1616/6676/6676
f 1652/6677/6677 1616/6678/6678 1614/6679/6679
f 1652/6680/6680 1614/6681/6681 1612/6682/6682
f 1652/6683/6683 1612/6684/6684 1610/6685/6685
f 1652/6686/6686 1610/6687/6687 1608/6688/6688
f 1652/6689/6689 1608/6690/6690 1606/6691/6691
f 1652/6692/6692 1606/6693/6693 1604/6694/6694
f 1652/6695/6695 1604/6696/6696 1603/6697/6697
f 1652/6698/6698 1603/6699/6699 1602/6700/6700
f 1653/6701/6701 1654/6702/6702 1655/6703/6703
f 1653/6701/6701 1655/6703/6703 1656/6704/6704
f 1656/6705/6705 1655/6706/6706 1657/6707/6707
f 1656/6705/6705 1657/6707/6707 1658/6708/6708
f 1658/6709/6709 1657/6710/6710 1659/6711/6711
f 1658/6709/6709 1659/6711/6711 1660/6712/6712
f 1660/6713/6713 1659/6714/6714 1661/6715/6715
f 1660/6713/6713 1661/6715/6715 1662/6716/6716
f 1662/6717/6717 1661/6718/6718 1663/6719/6719
f 1662/6717/6717 1663/6719/6719 1664/6720/6720
f 1664/6721/6721 1663/6722/6722 1665/6723/6723
f 1664/6721/6721 1665/6723/6723 1666/6724/6724
f 1666/6725/6725 1665/6726/6726 1667/6727/6727
f 1666/6725/6725 1667/6727/6727 1668/6728/6728
f 1668/6729/6729 1667/6730/6730 1669/6731/6731
f 1668/6729/6729 1669/6731/6731 1670/6732/6732
f 1670/6733/6733 1669/6734/6734 1671/6735/6735
f 1670/6733/6733 1671/6735/6735 1672/6736/6736
f 1672/6737/6737 1671/6738/6738 1673/6739/6739
f 1672/6737/6737 1673/6739/6739 1674/6740/6740
f 1674/6741/6741 1673/6742/6742 1675/6743/6743
f 1674/6741/6741 1675/6743/6743 1676/6744/6744
f 1676/6745/6745 1675/6746/6746 1654/6747/6747
f 1676/6745/6745 1654/6747/6747 1653/6748/6748
f 1654/6749/6749 1677/6750/6750 1678/6751/6751
f 1654/6749/6749 1678/6751/6751 1655/6752/6752
f 1655/6753/6753 1678/6754/6754 1679/6755/6755
f 1655/6753/6753 1679/6755/6755 1657/6756/6756
f 1657/6757/6757 1679/6758/6758 1680/6759/6759
f 1657/6757/6757 1680/6759/6759 1659/6760/6760
f 1659/6761/6761 1680/6762/6762 1681/6763/6763
f 1659/6761/6761 1681/6763/6763 1661/6764/6764
f 1661/6765/6765 1681/6766/6766 1682/6767/6767
f 1661/6765/6765 1682/6767/6767 1663/6768/6768
f 1663/6769/6769 1682/6770/6770 1683/6771/6771
f 1663/6769/6769 1683/6771/6771 1665/6772/6772
f 1665/6773/6773 1683/6774/6774 1684/6775/6775
f 1665/6773/6773 1684/6775/6775 1667/6776/6776
f 1667/6777/6777 1684/6778/6778 1685/6779/6779
f 1667/6777/6777 1685/6779/6779 1669/6780/6780
f 1669/6781/6781 1685/6782/6782 1686/6783/6783
f 1669/6781/6781 1686/6783/6783 1671/6784/6784
f 1671/6785/6785 1686/6786/6786 1687/6787/6787
f 1671/6785/6785 1687/6787/6787 1673/6788/6788
f 1673/6789/6789 1687/6790/6790 1688/6791/6791
f 1673/6789/6789 1688/6791/6791 1675/6792/6792
f 1675/6793/6793 1688/6794/6794 1677/6795/6795
f 1675/6793/6793 1677/6795/6795 1654/6796/6796
f 1677/6797/6797 1689/6798/6798 1690/6799/6799
f 1677/6797/6797 1690/6799/6799 1678/6800/6800
f 1678/6801/6801 1690/6802/6802 1691/6803/6803
f 1678/6801/6801 1691/6803/6803 1679/6804/6804
f 1679/6805/6805 1691/6806/6806 1692/6807/6807
f 1679/6805/6805 1692/6807/6807 1680/6808/6808
f 1680/6809/6809 1692/6810/6810 1693/6811/6811
f 1680/6809/6809 1693/6811/6811 1681/6812/6812
f 1681/6813/6813 1693/6814/6814 1694/6815/6815
f 1681/6813/6813 1694/6815/6815 1682/6816/6816
f 1682/6817/6817 1694/6818/6818 1695/6819/6819
f 1682/6817/6817 1695/6819/6819 1683/6820/6820
f 1683/6821/6821 1695/6822/6822 1696/6823/6823
f 1683/6821/6821 1696/6823/6823 1684/6824/6824
f 1684/6825/6825 1696/6826/6826 1697/6827/6827
f 1684/6825/6825 1697/6827/6827 1685/6828/6828
f 1685/6829/6829 1697/6830/6830 1698/6831/6831
f 1685/6829/6829 1698/6831/6831 1686/6832/6832
f 1686/6833/6833 1698/6834/6834 1699/6835/6835
f 1686/6833/6833 1699/6835/6835 1687/6836/6836
f 1687/6837/6837 1699/6838/6838 1700/6839/6839
f 1687/6837/6837 1700/6839/6839 1688/6840/6840
f 1688/6841/6841 1700/6842/6842 1689/6843/6843
f 1688/6841/6841 1689/6843/6843 1677/6844/6844
f 1689/6845/6845 1701/6846/6846 1702/6847/6847
f 1689/6845/6845 1702/6847/6847 1690/6848/6848
f 1690/6849/6849 1702/6850/6850 1703/6851/6851
f 1690/6849/6849 1703/6851/6851 1691/6852/6852
f 1691/6853/6853 1703/6854/6854 1704/6855/6855
f 1691/6853/6853 1704/6855/6855 1692/6856/6856
f 1692/6857/6857 1704/6858/6858 1705/6859/6859
f 1692/6857/6857 1705/6859/6859 1693/6860/6860
f 1693/6861/6861 1705/6862/6862 1706/6863/6863
f 1693/6861/6861 1706/6863/6863 1694/6864/6864
f 1694/6865/6865 1706/6866/6866 1707/6867/6867
f 1694/6865/6865 1707/6867/6867 1695/6868/6868
f 1695/6869/6869 1707/6870/6870 1708/6871/6871
f 1695/6869/6869 1708/6871/6871 1696/6872/6872
f 1696/6873/6873 1708/6874/6874 1709/6875/6875
f 1696/6873/6873 1709/6875/6875 1697/6876/6876
f 1697/6877/6877 1709/6878/6878 1710/6879/6879
f 1697/6877/6877 1710/6879/6879 1698/6880/6880
f 1698/6881/6881 1710/6882/6882 1711/6883/6883
f 1698/6881/6881 1711/6883/6883 1699/6884/6884
f 1699/6885/6885 1711/6886/6886 1712/6887/6887
f 1699/6885/6885 1712/6887/6887 1700/6888/6888
f 1700/6889/6889 1712/6890/6890 1701/6891/6891
f 1700/6889/6889 1701/6891/6891 1689/6892/6892
f 1701/6893/6893 1713/6894/6894 1714/6895/6895
f 1701/6893/6893 1714/6895/6895 1702/6896/6896
f 1702/6897/6897 1714/6898/6898 1715/6899/6899
f 1702/6897/6897 1715/6899/6899 1703/6900/6900
f 1703/6901/6901 1715/6902/6902 1716/6903/6903
f 1703/6901/6901 1716/6903/6903 1704/6904/6904
f 1704/6905/6905 1716/6906/6906 1717/6907/6907
f 1704/6905/6905 1717/6907/6907 1705/6908/6908
f 1705/6909/6909 1717/6910/6910 1718/6911/6911
f 1705/6909/6909 1718/6911/6911 1706/6912/6912
f 1706/6913/6913 1718/6914/6914 1719/6915/6915
f 1706/6913/6913 1719/6915/6915 1707/6916/6916
f 1707/6917/6917 1719/6918/6918 1720/6919/6919
f 1707/6917/6917 1720/6919/6919 1708/6920/6920
f 1708/6921/6921 1720/6922/6922 1721/6923/6923
f 1708/6921/6921 1721/6923/6923 1709/6924/6924
f 1709/6925/6925 1721/6926/6926 1722/6927/6927
f 1709/6925/6925 1722/6927/6927 1710/6928/6928
f 1710/6929/6929 1722/6930/6930 1723/6931/6931
f 1710/6929/6929 1723/6931/6931 1711/6932/6932
f 1711/6933/6933 1723/6934/6934 1724/6935/6935
f 1711/6933/6933 1724/6935/6935 1712/6936/6936
f 1712/6937/6937 1724/6938/6938 1713/6939/6939
f 1712/6937/6937 1713/6939/6939 1701/6940/6940
f 1713/6941/6941 1725/6942/6942 1726/6943/6943
f 1713/6941/6941 1726/6943/6943 1714/6944/6944
f 1714/6945/6945 1726/6946/6946 1727/6947/6947
f 1714/6945/6945 1727/6947/6947 1715/6948/6948
f 1715/6949/6949 1727/6950/6950 1728/6951/6951
f 1715/6949/6949 1728/6951/6951 1716/6952/6952
f 1716/6953/6953 1728/6954/6954 1729/6955/6955
f 1716/6953/6953 1729/6955/6955 1717/6956/6956
f 1717/6957/6957 1729/6958/6958 1730/6959/6959
f 1717/6957/6957 1730/6959/6959 1718/6960/6960
f 1718/6961/6961 1730/6962/6962 1731/6963/6963
f 1718/6961/6961 1731/6963/6963 1719/6964/6964
f 1719/6965/6965 1731/6966/6966 1732/6967/6967
f 1719/6965/6965 1732/6967/6967 1720/6968/6968
f 1720/6969/6969 1732/6970/6970 1733/6971/6971
f 1720/6969/6969 1733/6971/6971 1721/6972/6972
f 1721/6973/6973 1733/6974/6974 1734/6975/6975
f 1721/6973/6973 1734/6975/6975 1722/6976/6976
f 1722/6977/6977 1734/6978/6978 1735/6979/6979
f 1722/6977/6977 1735/6979/6979 1723/6980/6980
f 1723/6981/6981 1735/6982/6982 1736/6983/6983
f 1723/6981/6981 1736/6983/6983 1724/6984/6984
f 1724/6985/6985 1736/6986/6986 1725/6987/6987
f 1724/6985/6985 1725/6987/6987 1713/6988/6988
f 1737/6989/6989 1653/6990/6990 1656/6991/6991
f 1737/6992/6992 1656/6993/6993 1658/6994/6994
f 1737/6995/6995 1658/6996/6996 1660/6997/6997
f 1737/6998/6998 1660/6999/6999 1662/7000/7000
f 1737/7001/7001 1662/7002/7002 1664/7003/7003
f 1737/7004/7004 1664/7005/7005 1666/7006/7006
f 1737/7007/7007 1666/7008/7008 1668/7009/7009
f 1737/7010/7010 1668/7011/7011 1670/7012/7012
f 1737/7013/7013 1670/7014/7014 1672/7015/7015
f 1737/7016/7016 1672/7017/7017 1674/7018/7018
f 1737/7019/7019 1674/7020/7020 1676/7021/7021
f 1737/7022/7022 1676/7023/7023 1653/7024/7024
f 1738/7025/7025 1726/7026/7026 1725/7027/7027
f 1738/7028/7028 1727/7029/7029 1726/7030/7030
f 1738/7031/7031 1728/7032/7032 1727/7033/7033
f 1738/7034/7034 1729/7035/7035 1728/7036/7036
f 1738/7037/7037 1730/7038/7038 1729/7039/7039
f 1738/7040/7040 1731/7041/7041 1730/7042/7042
f 1738/7043/7043 1732/7044/7044 1731/7045/7045
f 1738/7046/7046 1733/7047/7047 1732/7048/7048
f 1738/7049/7049 1734/7050/7050 1733/7051/7051
f 1738/7052/7052 1735/7053/7053 1734/7054/7054
f 1738/7055/7055 1736/7056/7056 1735/7057/7057
f 1738/7058/7058 1725/7059/7059 1736/7060/7060
f 1739/7061/7061 1740/7062/7062 1741/7063/7063
f 1739/7061/7061 1741/7063/7063 1742/7064/7064
f 1740/7065/7065 1743/7066/7066 1744/7067/7067
f 1740/7065/7065 1744/7067/7067 1741/7068/7068
f 1743/7069/7069 1745/7070/7070 1746/7071/7071
f 1743/7069/7069 1746/7071/7071 1744/7072/7072
f 1745/7073/7073 1747/7074/7074 1748/7075/7075
f 1745/7073/7073 1748/7075/7075 1746/7076/7076
f 1747/7077/7077 1749/7078/7078 1750/7079/7079
f 1747/7077/7077 1750/7079/7079 1748/7080/7080
f 1749/7081/7081 1751/7082/7082 1752/7083/7083
f 1749/7081/7081 1752/7083/7083 1750/7084/7084
f 1751/7085/7085 1753/7086/7086 1754/7087/7087
f 1751/7085/7085 1754/7087/7087 1752/7088/7088
f 1753/7089/7089 1755/7090/7090 1756/7091/7091
f 1753/7089/7089 1756/7091/7091 1754/7092/7092
f 1755/7093/7093 1757/7094/7094 1758/7095/7095
f 1755/7093/7093 1758/7095/7095 1756/7096/7096
f 1757/7097/7097 1759/7098/7098 1760/7099/7099
f 1757/7097/7097 1760/7099/7099 1758/7100/7100
f 1759/7101/7101 1761/7102/7102 1762/7103/7103
f 1759/7101/7101 1762/7103/7103 1760/7104/7104
f 1761/7105/7105 1739/7106/7106 1742/7107/7107
f 1761/7105/7105 1742/7107/7107 1762/7108/7108
f 1742/7109/7109 1741/7110/7110 1763/7111/7111
f 1742/7109/7109 1763/7111/7111 1764/7112/7112
f 1741/7113/7113 1744/7114/7114 1765/7115/7115
f 1741/7113/7113 1765/7115/7115 1763/7116/7116
f 1744/7117/7117 1746/7118/7118 1766/7119/7119
f 1744/7117/7117 1766/7119/7119 1765/7120/7120
f 1746/7121/7121 1748/7122/7122 1767/7123/7123
f 1746/7121/7121 1767/7123/7123 1766/7124/7124
f 1748/7125/7125 1750/7126/7126 1768/7127/7127
f 1748/7125/7125 1768/7127/7127 1767/7128/7128
f 1750/7129/7129 1752/7130/7130 1769/7131/7131
f 1750/7129/7129 1769/7131/7131 1768/7132/7132
f 1752/7133/7133 1754/7134/7134 1770/7135/7135
f 1752/7133/7133 1770/7135/7135 1769/7136/7136
f 1754/7137/7137 1756/7138/7138 1771/7139/7139
f 1754/7137/7137 1771/7139/7139 1770/7140/7140
f 1756/7141/7141 1758/7142/7142 1772/7143/7143
f 1756/7141/7141 1772/7143/7143 1771/7144/7144
f 1758/7145/7145 1760/7146/7146 1773/7147/7147
f 1758/7145/7145 1773/7147/7147 1772/7148/7148
f 1760/7149/7149 1762/7150/7150 1774/7151/7151
f 1760/7149/7149 1774/7151/7151 1773/7152/7152
f 1762/7153/7153 1742/7154/7154 1764/7155/7155
f 1762/7153/7153 1764/7155/7155 1774/7156/7156
f 1764/7157/7157 1763/7158/7158 1775/7159/7159
f 1764/7157/7157 1775/7159/7159 1776/7160/7160
f 1763/7161/7161 1765/7162/7162 1777/7163/7163
f 1763/7161/7161 1777/7163/7163 1775/7164/7164
f 1765/7165/7165 1766/7166/7166 1778/7167/7167
f 1765/7165/7165 1778/7167/7167 1777/7168/7168
f 1766/7169/7169 1767/7170/7170 1779/7171/7171
f 1766/7169/7169 1779/7171/7171 1778/7172/7172
f 1767/7173/7173 1768/7174/7174 1780/7175/7175
f 1767/7173/7173 1780/7175/7175 1779/7176/7176
f 1768/7177/7177 1769/7178/7178 1781/7179/7179
f 1768/7177/7177 1781/7179/7179 1780/7180/7180
f 1769/7181/7181 1770/7182/7182 1782/7183/7183
f 1769/7181/7181 1782/7183/7183 1781/7184/7184
f 1770/7185/7185 1771/7186/7186 1783/7187/7187
f 1770/7185/7185 1783/7187/7187 1782/7188/7188
f 1771/7189/7189 1772/7190/7190 1784/7191/7191
f 1771/7189/7189 1784/7191/7191 1783/7192/7192
f 1772/7193/7193 1773/7194/7194 1785/7195/7195
f 1772/7193/7193 1785/7195/7195 1784/7196/7196
f 1773/7197/7197 1774/7198/7198 1786/7199/7199
f 1773/7197/7197 1786/7199/7199 1785/7200/7200
f 1774/7201/7201 1764/7202/7202 1776/7203/7203
f 1774/7201/7201 1776/7203/7203 1786/7204/7204
f 1776/7205/7205 1775/7206/7206 1787/7207/7207
f 1776/7205/7205 1787/7207/7207 1788/7208/7208
f 1775/7209/7209 1777/7210/7210 1789/7211/7211
f 1775/7209/7209 1789/7211/7211 1787/7212/7212
f 1777/7213/7213 1778/7214/7214 1790/7215/7215
f 1777/7213/7213 1790/7215/7215 1789/7216/7216
f 1778/7217/7217 1779/7218/7218 1791/7219/7219
f 1778/7217/7217 1791/7219/7219 1790/7220/7220
f 1779/7221/7221 1780/7222/7222 1792/7223/7223
f 1779/7221/7221 1792/7223/7223 1791/7224/7224
f 1780/7225/7225 1781/7226/7226 1793/7227/7227
f 1780/7225/7225 1793/7227/7227 1792/7228/7228
f 1781/7229/7229 1782/7230/7230 1794/7231/7231
f 1781/7229/7229 1794/7231/7231 1793/7232/7232
f 1782/7233/7233 1783/7234/7234 1795/7235/7235
f 1782/7233/7233 1795/7235/7235 1794/7236/7236
f 1783/7237/7237 1784/7238/7238 1796/7239/7239
f 1783/7237/7237 1796/7239/7239 1795/7240/7240
f 1784/7241/7241 1785/7242/7242 1797/7243/7243
f 1784/7241/7241 1797/7243/7243 1796/7244/7244
f 1785/7245/7245 1786/7246/7246 1798/7247/7247
f 1785/7245/7245 1798/7247/7247 1797/7248/7248
f 1786/7249/7249 1776/7250/7250 1788/7251/7251
f 1786/7249/7249 1788/7251/7251 1798/7252/7252
f 1788/7253/7253 1787/7254/7254 1799/7255/7255
f 1788/7253/7253 1799/7255/7255 1800/7256/7256
f 1787/7257/7257 1789/7258/7258 1801/7259/7259
f 1787/7257/7257 1801/7259/7259 1799/7260/7260
f 1789/7261/7261 1790/7262/7262 1802/7263/7263
f 1789/7261/7261 1802/7263/7263 1801/7264/7264
f 1790/7265/7265 1791/7266/7266 1803/7267/7267
f 1790/7265/7265 1803/7267/7267 1802/7268/7268
f 1791/7269/7269 1792/7270/7270 1804/7271/7271
f 1791/7269/7269 1804/7271/7271 1803/7272/7272
f 1792/7273/7273 1793/7274/7274 1805/7275/7275
f 1792/7273/7273 1805/7275/7275 1804/7276/7276
f 1793/7277/7277 1794/7278/7278 1806/7279/7279
f 1793/7277/7277 1806/7279/7279 1805/7280/7280
f 1794/7281/7281 1795/7282/7282 1807/7283/7283
f 1794/7281/7281 1807/7283/7283 1806/7284/7284
f 1795/7285/7285 1796/7286/7286 1808/7287/7287
f 1795/7285/7285 1808/7287/7287 1807/7288/7288
f 1796/7289/7289 1797/7290/7290 1809/7291/7291
f 1796/7289/7289 1809/7291/7291 1808/7292/7292
f 1797/7293/7293 1798/7294/7294 1810/7295/7295
f 1797/7293/7293 1810/7295/7295 1809/7296/7296
f 1798/7297/7297 1788/7298/7298 1800/7299/7299
f 1798/7297/7297 1800/7299/7299 1810/7300/7300
f 1800/7301/7301 1799/7302/7302 1811/7303/7303
f 1800/7301/7301 1811/7303/7303 1812/7304/7304
f 1799/7305/7305 1801/7306/7306 1813/7307/7307
f 1799/7305/7305 1813/7307/7307 1811/7308/7308
f 1801/7309/7309 1802/7310/7310 1814/7311/7311
f 1801/7309/7309 1814/7311/7311 1813/7312/7312
f 1802/7313/7313 1803/7314/7314 1815/7315/7315
f 1802/7313/7313 1815/7315/7315 1814/7316/7316
f 1803/7317/7317 1804/7318/7318 1816/7319/7319
f 1803/7317/7317 1816/7319/7319 1815/7320/7320
f 1804/7321/7321 1805/7322/7322 1817/7323/7323
f 1804/7321/7321 1817/7323/7323 1816/7324/7324
f 1805/7325/7325 1806/7326/7326 1818/7327/7327
f 1805/7325/7325 1818/7327/7327 1817/7328/7328
f 1806/7329/7329 1807/7330/7330 1819/7331/7331
f 1806/7329/7329 1819/7331/7331 1818/7332/7332
f 1807/7333/7333 1808/7334/7334 1820/7335/7335
f 1807/7333/7333 1820/7335/7335 1819/7336/7336
f 1808/7337/7337 1809/7338/7338 1821/7339/7339
f 1808/7337/7337 1821/7339/7339 1820/7340/7340
f 1809/7341/7341 1810/7342/7342 1822/7343/7343
f 1809/7341/7341 1822/7343/7343 1821/7344/7344
f 1810/7345/7345 1800/7346/7346 1812/7347/7347
f 1810/7345/7345 1812/7347/7347 1822/7348/7348
f 1823/7349/7349 1740/7350/7350 1739/7351/7351
f 1823/7352/7352 1743/7353/7353 1740/7354/7354
f 1823/7355/7355 1745/7356/7356 1743/7357/7357
f 1823/7358/7358 1747/7359/7359 1745/7360/7360
f 1823/7361/7361 1749/7362/7362 1747/7363/7363
f 1823/7364/7364 1751/7365/7365 1749/7366/7366
f 1823/7367/7367 1753/7368/7368 1751/7369/7369
f 1823/7370/7370 1755/7371/7371 1753/7372/7372
f 1823/7373/7373 1757/7374/7374 1755/7375/7375
f 1823/7376/7376 1759/7377/7377 1757/7378/7378
f 1823/7379/7379 1761/7380/7380 1759/7381/7381
f 1823/7382/7382 1739/7383/7383 1761/7384/7384
f 1824/7385/7385 1812/7386/7386 1811/7387/7387
f 1824/7388/7388 1811/7389/7389 1813/7390/7390
f 1824/7391/7391 1813/7392/7392 1814/7393/7393
f 1824/7394/7394 1814/7395/7395 1815/7396/7396
f 1824/7397/7397 1815/7398/7398 1816/7399/7399
f 1824/7400/7400 1816/7401/7401 1817/7402/7402
f 1824/7403/7403 1817/7404/7404 1818/7405/7405
f 1824/7406/7406 1818/7407/7407 1819/7408/7408
f 1824/7409/7409 1819/7410/7410 1820/7411/7411
f 1824/7412/7412 1820/7413/7413 1821/7414/7414
f 1824/7415/7415 1821/7416/7416 1822/7417/7417
f 1824/7418/7418 1822/7419/7419 1812/7420/7420
f 1825/7421/7421 1826/7422/7422 1827/7423/7423
f 1825/7421/7421 1827/7423/7423 1828/7424/7424
f 1828/7425/7425 1827/7426/7426 1829/7427/7427
f 1828/7425/7425 1829/7427/7427 1830/7428/7428
f 1830/7429/7429 1829/7430/7430 1831/7431/7431
f 1830/7429/7429 1831/7431/7431 1832/7432/7432
f 1832/7433/7433 1831/7434/7434 1833/7435/7435
f 1832/7433/7433 1833/7435/7435 1834/7436/7436
f 1834/7437/7437 1833/7438/7438 1835/7439/7439
f 1834/7437/7437 1835/7439/7439 1836/7440/7440
f 1836/7441/7441 1835/7442/7442 1826/7443/7443
f 1836/7441/7441 1826/7443/7443 1825/7444/7444
f 1826/7445/7445 1837/7446/7446 1838/7447/7447
f 1826/7445/7445 1838/7447/7447 1827/7448/7448
f 1827/7449/7449 1838/7450/7450 1839/7451/7451
f 1827/7449/7449 1839/7451/7451 1829/7452/7452
f 1829/7453/7453 1839/7454/7454 1840/7455/7455
f 1829/7453/7453 1840/7455/7455 1831/7456/7456
f 1831/7457/7457 1840/7458/7458 1841/7459/7459
f 1831/7457/7457 1841/7459/7459 1833/7460/7460
f 1833/7461/7461 1841/7462/7462 1842/7463/7463
f 1833/7461/7461 1842/7463/7463 1835/7464/7464
f 1835/7465/7465 1842/7466/7466 1837/7467/7467
f 1835/7465/7465 1837/7467/7467 1826/7468/7468
f 1837/7469/7469 1843/7470/7470 1844/7471/7471
f 1837/7469/7469 1844/7471/7471 1838/7472/7472
f 1838/7473/7473 1844/7474/7474 1845/7475/7475
f 1838/7473/7473 1845/7475/7475 1839/7476/7476
f 1839/7477/7477 1845/7478/7478 1846/7479/7479
f 1839/7477/7477 1846/7479/7479 1840/7480/7480
f 1840/7481/7481 1846/7482/7482 1847/7483/7483
f 1840/7481/7481 1847/7483/7483 1841/7484/7484
f 1841/7485/7485 1847/7486/7486 1848/7487/7487
f 1841/7485/7485 1848/7487/7487 1842/7488/7488
f 1842/7489/7489 1848/7490/7490 1843/7491/7491
f 1842/7489/7489 1843/7491/7491 1837/7492/7492
f 1849/7493/7493 1825/7494/7494 1828/7495/7495
f 1849/7496/7496 1828/7497/7497 1830/7498/7498
f 1849/7499/7499 1830/7500/7500 1832/7501/7501
f 1849/7502/7502 1832/7503/7503 1834/7504/7504
f 1849/7505/7505 1834/7506/7506 1836/7507/7507
f 1849/7508/7508 1836/7509/7509 1825/7510/7510
f 1850/7511/7511 1844/7512/7512 1843/7513/7513
f 1850/7514/7514 1845/7515/7515 1844/7516/7516
f 1850/7517/7517 1846/7518/7518 1845/7519/7519
f 1850/7520/7520 1847/7521/7521 1846/7522/7522
f 1850/7523/7523 1848/7524/7524 1847/7525/7525
f 1850/7526/7526 1843/7527/7527 1848/7528/7528
f 1851/7529/7529 1852/7530/7530 1853/7531/7531
f 1851/7529/7529 1853/7531/7531 1854/7532/7532
f 1852/7533/7533 1855/7534/7534 1856/7535/7535
f 1852/7533/7533 1856/7535/7535 1853/7536/7536
f 1855/7537/7537 1857/7538/7538 1858/7539/7539
f 1855/7537/7537 1858/7539/7539 1856/7540/7540
f 1857/7541/7541 1859/7542/7542 1860/7543/7543
f 1857/7541/7541 1860/7543/7543 1858/7544/7544
f 1859/7545/7545 1861/7546/7546 1862/7547/7547
f 1859/7545/7545 1862/7547/7547 1860/7548/7548
f 1861/7549/7549 1863/7550/7550 1864/7551/7551
f 1861/7549/7549 1864/7551/7551 1862/7552/7552
f 1863/7553/7553 1865/7554/7554 1866/7555/7555
f 1863/7553/7553 1866/7555/7555 1864/7556/7556
f 1865/7557/7557 1867/7558/7558 1868/7559/7559
f 1865/7557/7557 1868/7559/7559 1866/7560/7560
f 1867/7561/7561 1869/7562/7562 1870/7563/7563
f 1867/7561/7561 1870/7563/7563 1868/7564/7564
f 1869/7565/7565 1871/7566/7566 1872/7567/7567
f 1869/7565/7565 1872/7567/7567 1870/7568/7568
f 1871/7569/7569 1873/7570/7570 1874/7571/7571
f 1871/7569/7569 1874/7571/7571 1872/7572/7572
f 1873/7573/7573 1851/7574/7574 1854/7575/7575
f 1873/7573/7573 1854/7575/7575 1874/7576/7576
f 1854/7577/7577 1853/7578/7578 1875/7579/7579
f 1854/7577/7577 1875/7579/7579 1876/7580/7580
f 1853/7581/7581 1856/7582/7582 1877/7583/7583
f 1853/7581/7581 1877/7583/7583 1875/7584/7584
f 1856/7585/7585 1858/7586/7586 1878/7587/7587
f 1856/7585/7585 1878/7587/7587 1877/7588/7588
f 1858/7589/7589 1860/7590/7590 1879/7591/7591
f 1858/7589/7589 1879/7591/7591 1878/7592/7592
f 1860/7593/7593 1862/7594/7594 1880/7595/7595
f 1860/7593/7593 1880/7595/7595 1879/7596/7596
f 1862/7597/7597 1864/7598/7598 1881/7599/7599
f 1862/7597/7597 1881/7599/7599 1880/7600/7600
f 1864/7601/7601 1866/7602/7602 1882/7603/7603
f 1864/7601/7601 1882/7603/7603 1881/7604/7604
f 1866/7605/7605 1868/7606/7606 1883/7607/7607
f 1866/7605/7605 1883/7607/7607 1882/7608/7608
f 1868/7609/7609 1870/7610/7610 1884/7611/7611
f 1868/7609/7609 1884/7611/7611 1883/7612/7612
f 1870/7613/7613 1872/7614/7614 1885/7615/7615
f 1870/7613/7613 1885/7615/7615 1884/7616/7616
f 1872/7617/7617 1874/7618/7618 1886/7619/7619
f 1872/7617/7617 1886/7619/7619 1885/7620/7620
f 1874/7621/7621 1854/7622/7622 1876/7623/7623
f 1874/7621/7621 1876/7623/7623 1886/7624/7624
f 1876/7625/7625 1875/7626/7626 1887/7627/7627
f 1876/7625/7625 1887/7627/7627 1888/7628/7628
f 1875/7629/7629 1877/7630/7630 1889/7631/7631
f 1875/7629/7629 1889/7631/7631 1887/7632/7632
f 1877/7633/7633 1878/7634/7634 1890/7635/7635
f 1877/7633/7633 1890/7635/7635 1889/7636/7636
f 1878/7637/7637 1879/7638/7638 1891/7639/7639
f 1878/7637/7637 1891/7639/7639 1890/7640/7640
f 1879/7641/7641 1880/7642/7642 1892/7643/7643
f 1879/7641/7641 1892/7643/7643 1891/7644/7644
f 1880/7645/7645 1881/7646/7646 1893/7647/7647
f 1880/7645/7645 1893/7647/7647 1892/7648/7648
f 1881/7649/7649 1882/7650/7650 1894/7651/7651
f 1881/7649/7649 1894/7651/7651 1893/7652/7652
f 1882/7653/7653 1883/7654/7654 1895/7655/7655
f 1882/7653/7653 1895/7655/7655 1894/7656/7656
f 1883/7657/7657 1884/7658/7658 1896/7659/7659
f 1883/7657/7657 1896/7659/7659 1895/7660/7660
f 1884/7661/7661 1885/7662/7662 1897/7663/7663
f 1884/7661/7661 1897/7663/7663 1896/7664/7664
f 1885/7665/7665 1886/7666/7666 1898/7667/7667
f 1885/7665/7665 1898/7667/7667 1897/7668/7668
f 1886/7669/7669 1876/7670/7670 1888/7671/7671
f 1886/7669/7669 1888/7671/7671 1898/7672/7672
f 1888/7673/7673 1887/7674/7674 1899/7675/7675
f 1888/7673/7673 1899/7675/7675 1900/7676/7676
f 1887/7677/7677 1889/7678/7678 1901/7679/7679
f 1887/7677/7677 1901/7679/7679 1899/7680/7680
f 1889/7681/7681 1890/7682/7682 1902/7683/7683
f 1889/7681/7681 1902/7683/7683 1901/7684/7684
f 1890/7685/7685 1891/7686/7686 1903/7687/7687
f 1890/7685/7685 1903/7687/7687 1902/7688/7688
f 1891/7689/7689 1892/7690/7690 1904/7691/7691
f 1891/7689/7689 1904/7691/7691 1903/7692/7692
f 1892/7693/7693 1893/7694/7694 1905/7695/7695
f 1892/7693/7693 1905/7695/7695 1904/7696/7696
f 1893/7697/7697 1894/7698/7698 1906/7699/7699
f 1893/7697/7697 1906/7699/7699 1905/7700/7700
f 1894/7701/7701 1895/7702/7702 1907/7703/7703
f 1894/7701/7701 1907/7703/7703 1906/7704/7704
f 1895/7705/7705 1896/7706/7706 1908/7707/7707
f 1895/7705/7705 1908/7707/7707 1907/7708/7708
f 1896/7709/7709 1897/7710/7710 1909/7711/7711
f 1896/7709/7709 1909/7711/7711 1908/7712/7712
f 1897/7713/7713 1898/7714/7714 1910/7715/7715
f 1897/7713/7713 1910/7715/7715 1909/7716/7716
f 1898/7717/7717 1888/7718/7718 1900/7719/7719
f 1898/7717/7717 1900/7719/7719 1910/7720/7720
f 1911/7721/7721 1852/7722/7722 1851/7723/7723
f 1911/7724/7724 1855/7725/7725 1852/7726/7726
f 1911/7727/7727 1857/7728/7728 1855/7729/7729
f 1911/7730/7730 1859/7731/7731 1857/7732/7732
f 1911/7733/7733 1861/7734/7734 1859/7735/7735
f 1911/7736/7736 1863/7737/7737 1861/7738/7738
f 1911/7739/7739 1865/7740/7740 1863/7741/7741
f 1911/7742/7742 1867/7743/7743 1865/7744/7744
f 1911/7745/7745 1869/7746/7746 1867/7747/7747
f 1911/7748/7748 1871/7749/7749 1869/7750/7750
f 1911/7751/7751 1873/7752/7752 1871/7753/7753
f 1911/7754/7754 1851/7755/7755 1873/7756/7756
f 1912/7757/7757 1900/7758/7758 1899/7759/7759
f 1912/7760/7760 1899/7761/7761 1901/7762/7762
f 1912/7763/7763 1901/7764/7764 1902/7765/7765
f 1912/7766/7766 1902/7767/7767 1903/7768/7768
f 1912/7769/7769 1903/7770/7770 1904/7771/7771
f 1912/7772/7772 1904/7773/7773 1905/7774/7774
f 1912/7775/7775 1905/7776/7776 1906/7777/7777
f 1912/7778/7778 1906/7779/7779 1907/7780/7780
f 1912/7781/7781 1907/7782/7782 1908/7783/7783
f 1912/7784/7784 1908/7785/7785 1909/7786/7786
f 1912/7787/7787 1909/7788/7788 1910/7789/7789
f 1912/7790/7790 1910/7791/7791 1900/7792/7792
f 1913/7793/7793 1914/7794/7794 1915/7795/7795
f 1913/7793/7793 1915/7795/7795 1916/7796/7796
f 1917/7797/7797 1916/7798/7798 1915/7799/7799
f 1918/7800/7800 1914/7801/7801 1913/7802/7802
f 1914/7803/7803 1919/7804/7804 1920/7805/7805
f 1914/7803/7803 1920/7805/7805 1915/7806/7806
f 1917/7807/7807 1915/7808/7808 1920/7809/7809
f 1918/7810/7810 1919/7811/7811 1914/7812/7812
f 1919/7813/7813 1921/7814/7814 1922/7815/7815
f 1919/7813/7813 1922/7815/7815 1920/7816/7816
f 1917/7817/7817 1920/7818/7818 1922/7819/7819
f 1918/7820/7820 1921/7821/7821 1919/7822/7822
f 1921/7823/7823 1923/7824/7824 1924/7825/7825
f 1921/7823/7823 1924/7825/7825 1922/7826/7826
f 1917/7827/7827 1922/7828/7828 1924/7829/7829
f 1918/7830/7830 1923/7831/7831 1921/7832/7832
f 1923/7833/7833 1925/7834/7834 1926/7835/7835
f 1923/7833/7833 1926/7835/7835 1924/7836/7836
f 1917/7837/7837 1924/7838/7838 1926/7839/7839
f 1918/7840/7840 1925/7841/7841 1923/7842/7842
f 1925/7843/7843 1927/7844/7844 1928/7845/7845
f 1925/7843/7843 1928/7845/7845 1926/7846/7846
f 1917/7847/7847 1926/7848/7848 1928/7849/7849
f 1918/7850/7850 1927/7851/7851 1925/7852/7852
f 1927/7853/7853 1929/7854/7854 1930/7855/7855
f 1927/7853/7853 1930/7855/7855 1928/7856/7856
f 1917/7857/7857 1928/7858/7858 1930/7859/7859
f 1918/7860/7860 1929/7861/7861 1927/7862/7862
f 1929/7863/7863 1931/7864/7864 1932/7865/7865
f 1929/7863/7863 1932/7865/7865 1930/7866/7866
f 1917/7867/7867 1930/7868/7868 1932/7869/7869
f 1918/7870/7870 1931/7871/7871 1929/7872/7872
f 1931/7873/7873 1933/7874/7874 1934/7875/7875
f 1931/7873/7873 1934/7875/7875 1932/7876/7876
f 1917/7877/7877 1932/7878/7878 1934/7879/7879
f 1918/7880/7880 1933/7881/7881 1931/7882/7882
f 1933/7883/7883 1935/7884/7884 1936/7885/7885
f 1933/7883/7883 1936/7885/7885 1934/7886/7886
f 1917/7887/7887 1934/7888/7888 1936/7889/7889
f 1918/7890/7890 1935/7891/7891 1933/7892/7892
f 1935/7893/7893 1937/7894/7894 1938/7895/7895
f 1935/7893/7893 1938/7895/7895 1936/7896/7896
f 1917/7897/7897 1936/7898/7898 1938/7899/7899
f 1918/7900/7900 1937/7901/7901 1935/7902/7902
f 1937/7903/7903 1913/7904/7904 1916/7905/7905
f 1937/7903/7903 1916/7905/7905 1938/7906/7906
f 1917/7907/7907 1938/7908/7908 1916/7909/7909
f 1918/7910/7910 1913/7911/7911 1937/7912/7912
f 1939/7913/7913 1940/7914/7914 1941/7915/7915
f 1939/7913/7913 1941/7915/7915 1942/7916/7916
f 1943/7917/7917 1942/7918/7918 1941/7919/7919
f 1944/7920/7920 1940/7921/7921 1939/7922/7922
f 1940/7923/7923 1945/7924/7924 1946/7925/7925
f 1940/7923/7923 1946/7925/7925 1941/7926/7926
f 1943/7927/7927 1941/7928/7928 1946/7929/7929
f 1944/7930/7930 1945/7931/7931 1940/7932/7932
f 1945/7933/7933 1947/7934/7934 1948/7935/7935
f 1945/7933/7933 1948/7935/7935 1946/7936/7936
f 1943/7937/7937 1946/7938/7938 1948/7939/7939
f 1944/7940/7940 1947/7941/7941 1945/7942/7942
f 1947/7943/7943 1949/7944/7944 1950/7945/7945
f 1947/7943/7943 1950/7945/7945 1948/7946/7946
f 1943/7947/7947 1948/7948/7948 1950/7949/7949
f 1944/7950/7950 1949/7951/7951 1947/7952/7952
f 1949/7953/7953 1951/7954/7954 1952/7955/7955
f 1949/7953/7953 1952/7955/7955 1950/7956/7956
f 1943/7957/7957 1950/7958/7958 1952/7959/7959
f 1944/7960/7960 1951/7961/7961 1949/7962/7962
f 1951/7963/7963 1953/7964/7964 1954/7965/7965
f 1951/7963/7963 1954/7965/7965 1952/7966/7966
f 1943/7967/7967 1952/7968/7968 1954/7969/7969
f 1944/7970/7970 1953/7971/7971 1951/7972/7972
f 1953/7973/7973 1955/7974/7974 1956/7975/7975
f 1953/7973/7973 1956/7975/7975 1954/7976/7976
f 1943/7977/7977 1954/7978/7978 1956/7979/7979
f 1944/7980/7980 1955/7981/7981 1953/7982/7982
f 1955/7983/7983 1957/7984/7984 1958/7985/7985
f 1955/7983/7983 1958/7985/7985 1956/7986/7986
f 1943/7987/7987 1956/7988/7988 1958/7989/7989
f 1944/7990/7990 1957/7991/7991 1955/7992/7992
f 1957/7993/7993 1959/7994/7994 1960/7995/7995
f 1957/7993/7993 1960/7995/7995 1958/7996/7996
f 1943/7997/7997 1958/7998/7998 1960/7999/7999
f 1944/8000/8000 1959/8001/8001 1957/8002/8002
f 1959/8003/8003 1961/8004/8004 1962/8005/8005
f 1959/8003/8003 1962/8005/8005 1960/8006/8006
f 1943/8007/8007 1960/8008/8008 1962/8009/8009
f 1944/8010/8010 1961/8011/8011 1959/8012/8012
f 1961/8013/8013 1963/8014/8014 1964/8015/8015
f 1961/8013/8013 1964/8015/8015 1962/8016/8016
f 1943/8017/8017 1962/8018/8018 1964/8019/8019
f 1944/8020/8020 1963/8021/8021 1961/8022/8022
f 1963/8023/8023 1939/8024/8024 1942/8025/8025
f 1963/8023/8023 1942/8025/8025 1964/8026/8026
f 1943/8027/8027 1964/8028/8028 1942/8029/8029
f 1944/8030/8030 1939/8031/8031 1963/8032/8032
f 1965/8033/8033 1966/8034/8034 1967/8035/8035
f 1965/8033/8033 1967/8035/8035 1968/8036/8036
f 1969/8037/8037 1970/8038/8038 1971/8039/8039
f 1969/8037/8037 1971/8039/8039 1972/8040/8040
f 1966/8041/8041 1965/8042/8042 1970/8043/8043
f 1966/8041/8041 1970/8043/8043 1969/8044/8044
f 1968/8045/8045 1967/8046/8046 1972/8047/8047
f 1968/8045/8045 1972/8047/8047 1971/8048/8048
f 1966/8049/8049 1973/8050/8050 1974/8051/8051
f 1966/8049/8049 1974/8051/8051 1967/8052/8052
f 1975/8053/8053 1969/8054/8054 1972/8055/8055
f 1975/8053/8053 1972/8055/8055 1976/8056/8056
f 1973/8057/8057 1966/8058/8058 1969/8059/8059
f 1973/8057/8057 1969/8059/8059 1975/8060/8060
f 1967/8061/8061 1974/8062/8062 1976/8063/8063
f 1967/8061/8061 1976/8063/8063 1972/8064/8064
f 1973/8065/8065 1977/8066/8066 1978/8067/8067
f 1973/8065/8065 1978/8067/8067 1974/8068/8068
f 1979/8069/8069 1975/8070/8070 1976/8071/8071
f 1979/8069/8069 1976/8071/8071 1980/8072/8072
f 1977/8073/8073 1973/8074/8074 1975/8075/8075
f 1977/8073/8073 1975/8075/8075 1979/8076/8076
f 1974/8077/8077 1978/8078/8078 1980/8079/8079
f 1974/8077/8077 1980/8079/8079 1976/8080/8080
f 1977/8081/8081 1981/8082/8082 1982/8083/8083
f 1977/8081/8081 1982/8083/8083 1978/8084/8084
f 1983/8085/8085 1979/8086/8086 1980/8087/8087
f 1983/8085/8085 1980/8087/8087 1984/8088/8088
f 1981/8089/8089 1977/8090/8090 1979/8091/8091
f 1981/8089/8089 1979/8091/8091 1983/8092/8092
f 1978/8093/8093 1982/8094/8094 1984/8095/8095
f 1978/8093/8093 1984/8095/8095 1980/8096/8096
f 1981/8097/8097 1985/8098/8098 1986/8099/8099
f 1981/8097/8097 1986/8099/8099 1982/8100/8100
f 1987/8101/8101 1983/8102/8102 1984/8103/8103
f 1987/8101/8101 1984/8103/8103 1988/8104/8104
f 1985/8105/8105 1981/8106/8106 1983/8107/8107
f 1985/8105/8105 1983/8107/8107 1987/8108/8108
f 1982/8109/8109 1986/8110/8110 1988/8111/8111
f 1982/8109/8109 1988/8111/8111 1984/8112/8112
f 1985/8113/8113 1989/8114/8114 1990/8115/8115
f 1985/8113/8113 1990/8115/8115 1986/8116/8116
f 1991/8117/8117 1987/8118/8118 1988/8119/8119
f 1991/8117/8117 1988/8119/8119 1992/8120/8120
f 1989/8121/8121 1985/8122/8122 1987/8123/8123
f 1989/8121/8121 1987/8123/8123 1991/8124/8124
f 1986/8125/8125 1990/8126/8126 1992/8127/8127
f 1986/8125/8125 1992/8127/8127 1988/8128/8128
f 1989/8129/8129 1993/8130/8130 1994/8131/8131
f 1989/8129/8129 1994/8131/8131 1990/8132/8132
f 1995/8133/8133 1991/8134/8134 1992/8135/8135
f 1995/8133/8133 1992/8135/8135 1996/8136/8136
f 1993/8137/8137 1989/8138/8138 1991/8139/8139
f 1993/8137/8137 1991/8139/8139 1995/8140/8140
f 1990/8141/8141 1994/8142/8142 1996/8143/8143
f 1990/8141/8141 1996/8143/8143 1992/8144/8144
f 1993/8145/8145 1997/8146/8146 1998/8147/8147
f 1993/8145/8145 1998/8147/8147 1994/8148/8148
f 1999/8149/8149 1995/8150/8150 1996/8151/8151
f 1999/8149/8149 1996/8151/8151 2000/8152/8152
f 1997/8153/8153 1993/8154/8154 1995/8155/8155
f 1997/8153/8153 1995/8155/8155 1999/8156/8156
f 1994/8157/8157 1998/8158/8158 2000/8159/8159
f 1994/8157/8157 2000/8159/8159 1996/8160/8160
f 1997/8161/8161 2001/8162/8162 2002/8163/8163
f 1997/8161/8161 2002/8163/8163 1998/8164/8164
f 2003/8165/8165 1999/8166/8166 2000/8167/8167
f 2003/8165/8165 2000/8167/8167 2004/8168/8168
f 2001/8169/8169 1997/8170/8170 1999/8171/8171
f 2001/8169/8169 1999/8171/8171 2003/8172/8172
f 1998/8173/8173 2002/8174/8174 2004/8175/8175
f 1998/8173/8173 2004/8175/8175 2000/8176/8176
f 2001/8177/8177 1965/8178/8178 1968/8179/8179
f 2001/8177/8177 1968/8179/8179 2002/8180/8180
f 1970/8181/8181 2003/8182/8182 2004/8183/8183
f 1970/8181/8181 2004/8183/8183 1971/8184/8184
f 1965/8185/8185 2001/8186/8186 2003/8187/8187
f 1965/8185/8185 2003/8187/8187 1970/8188/8188
f 2002/8189/8189 1968/8190/8190 1971/8191/8191
f 2002/8189/8189 1971/8191/8191 2004/8192/8192
f 2005/8193/8193 2006/8194/8194 2007/8195/8195
f 2005/8193/8193 2007/8195/8195 2008/8196/8196
f 2009/8197/8197 2010/8198/8198 2011/8199/8199
f 2009/8197/8197 2011/8199/8199 2012/8200/8200
f 2006/8201/8201 2005/8202/8202 2010/8203/8203
f 2006/8201/8201 2010/8203/8203 2009/8204/8204
f 2008/8205/8205 2007/8206/8206 2012/8207/8207
f 2008/8205/8205 2012/8207/8207 2011/8208/8208
f 2006/8209/8209 2013/8210/8210 2014/8211/8211
f 2006/8209/8209 2014/8211/8211 2007/8212/8212
f 2015/8213/8213 2009/8214/8214 2012/8215/8215
f 2015/8213/8213 2012/8215/8215 2016/8216/8216
f 2013/8217/8217 2006/8218/8218 2009/8219/8219
f 2013/8217/8217 2009/8219/8219 2015/8220/8220
f 2007/8221/8221 2014/8222/8222 2016/8223/8223
f 2007/8221/8221 2016/8223/8223 2012/8224/8224
f 2013/8225/8225 2017/8226/8226 2018/8227/8227
f 2013/8225/8225 2018/8227/8227 2014/8228/8228
f 2019/8229/8229 2015/8230/8230 2016/8231/8231
f 2019/8229/8229 2016/8231/8231 2020/8232/8232
f 2017/8233/8233 2013/8234/8234 2015/8235/8235
f 2017/8233/8233 2015/8235/8235 2019/8236/8236
f 2014/8237/8237 2018/8238/8238 2020/8239/8239
f 2014/8237/8237 2020/8239/8239 2016/8240/8240
f 2017/8241/8241 2021/8242/8242 2022/8243/8243
f 2017/8241/8241 2022/8243/8243 2018/8244/8244
f 2023/8245/8245 2019/8246/8246 2020/8247/8247
f 2023/8245/8245 2020/8247/8247 2024/8248/8248
f 2021/8249/8249 2017/8250/8250 2019/8251/8251
f 2021/8249/8249 2019/8251/8251 2023/8252/8252
f 2018/8253/8253 2022/8254/8254 2024/8255/8255
f 2018/8253/8253 2024/8255/8255 2020/8256/8256
f 2021/8257/8257 2025/8258/8258 2026/8259/8259
f 2021/8257/8257 2026/8259/8259 2022/8260/8260
f 2027/8261/8261 2023/8262/8262 2024/8263/8263
f 2027/8261/8261 2024/8263/8263 2028/8264/8264
f 2025/8265/8265 2021/8266/8266 2023/8267/8267
f 2025/8265/8265 2023/8267/8267 2027/8268/8268
f 2022/8269/8269 2026/8270/8270 2028/8271/8271
f 2022/8269/8269 2028/8271/8271 2024/8272/8272
f 2025/8273/8273 2029/8274/8274 2030/8275/8275
f 2025/8273/8273 2030/8275/8275 2026/8276/8276
f 2031/8277/8277 2027/8278/8278 2028/8279/8279
f 2031/8277/8277 2028/8279/8279 2032/8280/8280
f 2029/8281/8281 2025/8282/8282 2027/8283/8283
f 2029/8281/8281 2027/8283/8283 2031/8284/8284
f 2026/8285/8285 2030/8286/8286 2032/8287/8287
f 2026/8285/8285 2032/8287/8287 2028/8288/8288
f 2029/8289/8289 2033/8290/8290 2034/8291/8291
f 2029/8289/8289 2034/8291/8291 2030/8292/8292
f 2035/8293/8293 2031/8294/8294 2032/8295/8295
f 2035/8293/8293 2032/8295/8295 2036/8296/8296
f 2033/8297/8297 2029/8298/8298 2031/8299/8299
f 2033/8297/8297 2031/8299/8299 2035/8300/8300
f 2030/8301/8301 2034/8302/8302 2036/8303/8303
f 2030/8301/8301 2036/8303/8303 2032/8304/8304
f 2033/8305/8305 2037/8306/8306 2038/8307/8307
f 2033/8305/8305 2038/8307/8307 2034/8308/8308
f 2039/8309/8309 2035/8310/8310 2036/8311/8311
f 2039/8309/8309 2036/8311/8311 2040/8312/8312
f 2037/8313/8313 2033/8314/8314 2035/8315/8315
f 2037/8313/8313 2035/8315/8315 2039/8316/8316
f 2034/8317/8317 2038/8318/8318 2040/8319/8319
f 2034/8317/8317 2040/8319/8319 2036/8320/8320
f 2037/8321/8321 2041/8322/8322 2042/8323/8323
f 2037/8321/8321 2042/8323/8323 2038/8324/8324
f 2043/8325/8325 2039/8326/8326 2040/8327/8327
f 2043/8325/8325 2040/8327/8327 2044/8328/8328
f 2041/8329/8329 2037/8330/8330 2039/8331/8331
f 2041/8329/8329 2039/8331/8331 2043/8332/8332
f 2038/8333/8333 2042/8334/8334 2044/8335/8335
f 2038/8333/8333 2044/8335/8335 2040/8336/8336
f 2041/8337/8337 2005/8338/8338 2008/8339/8339
f 2041/8337/8337 2008/8339/8339 2042/8340/8340
f 2010/8341/8341 2043/8342/8342 2044/8343/8343
f 2010/8341/8341 2044/8343/8343 2011/8344/8344
f 2005/8345/8345 2041/8346/8346 2043/8347/8347
f 2005/8345/8345 2043/8347/8347 2010/8348/8348
f 2042/8349/8349 2008/8350/8350 2011/8351/8351
f 2042/8349/8349 2011/8351/8351 2044/8352/8352
f 2045/8353/8353 2046/8354/8354 2047/8355/8355
f 2045/8353/8353 2047/8355/8355 2048/8356/8356
f 2049/8357/8357 2050/8358/8358 2051/8359/8359
f 2049/8357/8357 2051/8359/8359 2052/8360/8360
f 2051/8361/8361 2050/8362/8362 2047/8363/8363
f 2051/8361/8361 2047/8363/8363 2046/8364/8364
f 2052/8365/8365 2045/8366/8366 2048/8367/8367
f 2052/8365/8365 2048/8367/8367 2049/8368/8368
f 2049/8369/8369 2048/8370/8370 2047/8371/8371
f 2049/8369/8369 2047/8371/8371 2050/8372/8372
f 2052/8373/8373 2051/8374/8374 2046/8375/8375
f 2052/8373/8373 2046/8375/8375 2045/8376/8376
f 2053/8377/8377 2054/8378/8378 2055/8379/8379
f 2053/8377/8377 2055/8379/8379 2056/8380/8380
f 2057/8381/8381 2058/8382/8382 2059/8383/8383
f 2057/8381/8381 2059/8383/8383 2060/8384/8384
f 2059/8385/8385 2058/8386/8386 2055/8387/8387
f 2059/8385/8385 2055/8387/8387 2054/8388/8388
f 2060/8389/8389 2053/8390/8390 2056/8391/8391
f 2060/8389/8389 2056/8391/8391 2057/8392/8392
f 2057/8393/8393 2056/8394/8394 2055/8395/8395
f 2057/8393/8393 2055/8395/8395 2058/8396/8396
f 2060/8397/8397 2059/8398/8398 2054/8399/8399
f 2060/8397/8397 2054/8399/8399 2053/8400/8400
f 2061/8401/8401 2062/8402/8402 2063/8403/8403
f 2061/8401/8401 2063/8403/8403 2064/8404/8404
f 2065/8405/8405 2066/8406/8406 2067/8407/8407
f 2065/8405/8405 2067/8407/8407 2068/8408/8408
f 2062/8409/8409 2061/8410/8410 2066/8411/8411
f 2062/8409/8409 2066/8411/8411 2065/8412/8412
f 2064/8413/8413 2063/8414/8414 2068/8415/8415
f 2064/8413/8413 2068/8415/8415 2067/8416/8416
f 2062/8417/8417 2069/8418/8418 2070/8419/8419
f 2062/8417/8417 2070/8419/8419 2063/8420/8420
f 2071/8421/8421 2065/8422/8422 2068/8423/8423
f 2071/8421/8421 2068/8423/8423 2072/8424/8424
f 2069/8425/8425 2062/8426/8426 2065/8427/8427
f 2069/8425/8425 2065/8427/8427 2071/8428/8428
f 2063/8429/8429 2070/8430/8430 2072/8431/8431
f 2063/8429/8429 2072/8431/8431 2068/8432/8432
f 2069/8433/8433 2073/8434/8434 2074/8435/8435
f 2069/8433/8433 2074/8435/8435 2070/8436/8436
f 2075/8437/8437 2071/8438/8438 2072/8439/8439
f 2075/8437/8437 2072/8439/8439 2076/8440/8440
f 2073/8441/8441 2069/8442/8442 2071/8443/8443
f 2073/8441/8441 2071/8443/8443 2075/8444/8444
f 2070/8445/8445 2074/8446/8446 2076/8447/8447
f 2070/8445/8445 2076/8447/8447 2072/8448/8448
f 2073/8449/8449 2077/8450/8450 2078/8451/8451
f 2073/8449/8449 2078/8451/8451 2074/8452/8452
f 2079/8453/8453 2075/8454/8454 2076/8455/8455
f 2079/8453/8453 2076/8455/8455 2080/8456/8456
f 2077/8457/8457 2073/8458/8458 2075/8459/8459
f 2077/8457/8457 2075/8459/8459 2079/8460/8460
f 2074/8461/8461 2078/8462/8462 2080/8463/8463
f 2074/8461/8461 2080/8463/8463 2076/8464/8464
f 2077/8465/8465 2081/8466/8466 2082/8467/8467
f 2077/8465/8465 2082/8467/8467 2078/8468/8468
f 2083/8469/8469 2079/8470/8470 2080/8471/8471
f 2083/8469/8469 2080/8471/8471 2084/8472/8472
f 2081/8473/8473 2077/8474/8474 2079/8475/8475
f 2081/8473/8473 2079/8475/8475 2083/8476/8476
f 2078/8477/8477 2082/8478/8478 2084/8479/8479
f 2078/8477/8477 2084/8479/8479 2080/8480/8480
f 2081/8481/8481 2085/8482/8482 2086/8483/8483
f 2081/8481/8481 2086/8483/8483 2082/8484/8484
f 2087/8485/8485 2083/8486/8486 2084/8487/8487
f 2087/8485/8485 2084/8487/8487 2088/8488/8488
f 2085/8489/8489 2081/8490/8490 2083/8491/8491
f 2085/8489/8489 2083/8491/8491 2087/8492/8492
f 2082/8493/8493 2086/8494/8494 2088/8495/8495
f 2082/8493/8493 2088/8495/8495 2084/8496/8496
f 2085/8497/8497 2089/8498/8498 2090/8499/8499
f 2085/8497/8497 2090/8499/8499 2086/8500/8500
f 2091/8501/8501 2087/8502/8502 2088/8503/8503
f 2091/8501/8501 2088/8503/8503 2092/8504/8504
f 2089/8505/8505 2085/8506/8506 2087/8507/8507
f 2089/8505/8505 2087/8507/8507 2091/8508/8508
f 2086/8509/8509 2090/8510/8510 2092/8511/8511
f 2086/8509/8509 2092/8511/8511 2088/8512/8512
f 2089/8513/8513 2093/8514/8514 2094/8515/8515
f 2089/8513/8513 2094/8515/8515 2090/8516/8516
f 2095/8517/8517 2091/8518/8518 2092/8519/8519
f 2095/8517/8517 2092/8519/8519 2096/8520/8520
f 2093/8521/8521 2089/8522/8522 2091/8523/8523
f 2093/8521/8521 2091/8523/8523 2095/8524/8524
f 2090/8525/8525 2094/8526/8526 2096/8527/8527
f 2090/8525/8525 2096/8527/8527 2092/8528/8528
f 2093/8529/8529 2097/8530/8530 2098/8531/8531
f 2093/8529/8529 2098/8531/8531 2094/8532/8532
f 2099/8533/8533 2095/8534/8534 2096/8535/8535
f 2099/8533/8533 2096/8535/8535 2100/8536/8536
f 2097/8537/8537 2093/8538/8538 2095/8539/8539
f 2097/8537/8537 2095/8539/8539 2099/8540/8540
f 2094/8541/8541 2098/8542/8542 2100/8543/8543
f 2094/8541/8541 2100/8543/8543 2096/8544/8544
f 2097/8545/8545 2061/8546/8546 2064/8547/8547
f 2097/8545/8545 2064/8547/8547 2098/8548/8548
f 2066/8549/8549 2099/8550/8550 2100/8551/8551
f 2066/8549/8549 2100/8551/8551 2067/8552/8552
f 2061/8553/8553 2097/8554/8554 2099/8555/8555
f 2061/8553/8553 2099/8555/8555 2066/8556/8556
f 2098/8557/8557 2064/8558/8558 2067/8559/8559
f 2098/8557/8557 2067/8559/8559 2100/8560/8560
f 2101/8561/8561 2102/8562/8562 2103/8563/8563
f 2101/8561/8561 2103/8563/8563 2104/8564/8564
f 2102/8565/8565 2105/8566/8566 2106/8567/8567
f 2102/8565/8565 2106/8567/8567 2103/8568/8568
f 2105/8569/8569 2107/8570/8570 2108/8571/8571
f 2105/8569/8569 2108/8571/8571 2106/8572/8572
f 2107/8573/8573 2109/8574/8574 2110/8575/8575
f 2107/8573/8573 2110/8575/8575 2108/8576/8576
f 2109/8577/8577 2111/8578/8578 2112/8579/8579
f 2109/8577/8577 2112/8579/8579 2110/8580/8580
f 2111/8581/8581 2113/8582/8582 2114/8583/8583
f 2111/8581/8581 2114/8583/8583 2112/8584/8584
f 2113/8585/8585 2115/8586/8586 2116/8587/8587
f 2113/8585/8585 2116/8587/8587 2114/8588/8588
f 2115/8589/8589 2117/8590/8590 2118/8591/8591
f 2115/8589/8589 2118/8591/8591 2116/8592/8592
f 2117/8593/8593 2119/8594/8594 2120/8595/8595
f 2117/8593/8593 2120/8595/8595 2118/8596/8596
f 2119/8597/8597 2121/8598/8598 2122/8599/8599
f 2119/8597/8597 2122/8599/8599 2120/8600/8600
f 2121/8601/8601 2123/8602/8602 2124/8603/8603
f 2121/8601/8601 2124/8603/8603 2122/8604/8604
f 2123/8605/8605 2101/8606/8606 2104/8607/8607
f 2123/8605/8605 2104/8607/8607 2124/8608/8608
f 2104/8609/8609 2103/8610/8610 2125/8611/8611
f 2104/8609/8609 2125/8611/8611 2126/8612/8612
f 2103/8613/8613 2106/8614/8614 2127/8615/8615
f 2103/8613/8613 2127/8615/8615 2125/8616/8616
f 2106/8617/8617 2108/8618/8618 2128/8619/8619
f 2106/8617/8617 2128/8619/8619 2127/8620/8620
f 2108/8621/8621 2110/8622/8622 2129/8623/8623
f 2108/8621/8621 2129/8623/8623 2128/8624/8624
f 2110/8625/8625 2112/8626/8626 2130/8627/8627
f 2110/8625/8625 2130/8627/8627 2129/8628/8628
f 2112/8629/8629 2114/8630/8630 2131/8631/8631
f 2112/8629/8629 2131/8631/8631 2130/8632/8632
f 2114/8633/8633 2116/8634/8634 2132/8635/8635
f 2114/8633/8633 2132/8635/8635 2131/8636/8636
f 2116/8637/8637 2118/8638/8638 2133/8639/8639
f 2116/8637/8637 2133/8639/8639 2132/8640/8640
f 2118/8641/8641 2120/8642/8642 2134/8643/8643
f 2118/8641/8641 2134/8643/8643 2133/8644/8644
f 2120/8645/8645 2122/8646/8646 2135/8647/8647
f 2120/8645/8645 2135/8647/8647 2134/8648/8648
f 2122/8649/8649 2124/8650/8650 2136/8651/8651
f 2122/8649/8649 2136/8651/8651 2135/8652/8652
f 2124/8653/8653 2104/8654/8654 2126/8655/8655
f 2124/8653/8653 2126/8655/8655 2136/8656/8656
f 2126/8657/8657 2125/8658/8658 2137/8659/8659
f 2126/8657/8657 2137/8659/8659 2138/8660/8660
f 2125/8661/8661 2127/8662/8662 2139/8663/8663
f 2125/8661/8661 2139/8663/8663 2137/8664/8664
f 2127/8665/8665 2128/8666/8666 2140/8667/8667
f 2127/8665/8665 2140/8667/8667 2139/8668/8668
f 2128/8669/8669 2129/8670/8670 2141/8671/8671
f 2128/8669/8669 2141/8671/8671 2140/8672/8672
f 2129/8673/8673 2130/8674/8674 2142/8675/8675
f 2129/8673/8673 2142/8675/8675 2141/8676/8676
f 2130/8677/8677 2131/8678/8678 2143/8679/8679
f 2130/8677/8677 2143/8679/8679 2142/8680/8680
f 2131/8681/8681 2132/8682/8682 2144/8683/8683
f 2131/8681/8681 2144/8683/8683 2143/8684/8684
f 2132/8685/8685 2133/8686/8686 2145/8687/8687
f 2132/8685/8685 2145/8687/8687 2144/8688/8688
f 2133/8689/8689 2134/8690/8690 2146/8691/8691
f 2133/8689/8689 2146/8691/8691 2145/8692/8692
f 2134/8693/8693 2135/8694/8694 2147/8695/8695
f 2134/8693/8693 2147/8695/8695 2146/8696/8696
f 2135/8697/8697 2136/8698/8698 2148/8699/8699
f 2135/8697/8697 2148/8699/8699 2147/8700/8700
f 2136/8701/8701 2126/8702/8702 2138/8703/8703
f 2136/8701/8701 2138/8703/8703 2148/8704/8704
f 2138/8705/8705 2137/8706/8706 2149/8707/8707
f 2138/8705/8705 2149/8707/8707 2150/8708/8708
f 2137/8709/8709 2139/8710/8710 2151/8711/8711
f 2137/8709/8709 2151/8711/8711 2149/8712/8712
f 2139/8713/8713 2140/8714/8714 2152/8715/8715
f 2139/8713/8713 2152/8715/8715 2151/8716/8716
f 2140/8717/8717 2141/8718/8718 2153/8719/8719
f 2140/8717/8717 2153/8719/8719 2152/8720/8720
f 2141/8721/8721 2142/8722/8722 2154/8723/8723
f 2141/8721/8721 2154/8723/8723 2153/8724/8724
f 2142/8725/8725 2143/8726/8726 2155/8727/8727
f 2142/8725/8725 2155/8727/8727 2154/8728/8728
f 2143/8729/8729 2144/8730/8730 2156/8731/8731
f 2143/8729/8729 2156/8731/8731 2155/8732/8732
f 2144/8733/8733 2145/8734/8734 2157/8735/8735
f 2144/8733/8733 2157/8735/8735 2156/8736/8736
f 2145/8737/8737 2146/8738/8738 2158/8739/8739
f 2145/8737/8737 2158/8739/8739 2157/8740/8740
f 2146/8741/8741 2147/8742/8742 2159/8743/8743
f 2146/8741/8741 2159/8743/8743 2158/8744/8744
f 2147/8745/8745 2148/8746/8746 2160/8747/8747
f 2147/8745/8745 2160/8747/8747 2159/8748/8748
f 2148/8749/8749 2138/8750/8750 2150/8751/8751
f 2148/8749/8749 2150/8751/8751 2160/8752/8752
f 2161/8753/8753 2102/8754/8754 2101/8755/8755
f 2161/8756/8756 2105/8757/8757 2102/8758/8758
f 2161/8759/8759 2107/8760/8760 2105/8761/8761
f 2161/8762/8762 2109/8763/8763 2107/8764/8764
f 2161/8765/8765 2111/8766/8766 2109/8767/8767
f 2161/8768/8768 2113/8769/8769 2111/8770/8770
f 2161/8771/8771 2115/8772/8772 2113/8773/8773
f 2161/8774/8774 2117/8775/8775 2115/8776/8776
f 2161/8777/8777 2119/8778/8778 2117/8779/8779
f 2161/8780/8780 2121/8781/8781 2119/8782/8782
f 2161/8783/8783 2123/8784/8784 2121/8785/8785
f 2161/8786/8786 2101/8787/8787 2123/8788/8788
f 2162/8789/8789 2150/8790/8790 2149/8791/8791
f 2162/8792/8792 2149/8793/8793 2151/8794/8794
f 2162/8795/8795 2151/8796/8796 2152/8797/8797
f 2162/8798/8798 2152/8799/8799 2153/8800/8800
f 2162/8801/8801 2153/8802/8802 2154/8803/8803
f 2162/8804/8804 2154/8805/8805 2155/8806/8806
f 2162/8807/8807 2155/8808/8808 2156/8809/8809
f 2162/8810/8810 2156/8811/8811 2157/8812/8812
f 2162/8813/8813 2157/8814/8814 2158/8815/8815
f 2162/8816/8816 2158/8817/8817 2159/8818/8818
f 2162/8819/8819 2159/8820/8820 2160/8821/8821
f 2162/8822/8822 2160/8823/8823 2150/8824/8824
f 2163/8825/8825 2164/8826/8826 2165/8827/8827
f 2163/8825/8825 2165/8827/8827 2166/8828/8828
f 2167/8829/8829 2166/8830/8830 2165/8831/8831
f 2168/8832/8832 2164/8833/8833 2163/8834/8834
f 2164/8835/8835 2169/8836/8836 2170/8837/8837
f 2164/8835/8835 2170/8837/8837 2165/8838/8838
f 2167/8839/8839 2165/8840/8840 2170/8841/8841
f 2168/8842/8842 2169/8843/8843 2164/8844/8844
f 2169/8845/8845 2171/8846/8846 2172/8847/8847
f 2169/8845/8845 2172/8847/8847 2170/8848/8848
f 2167/8849/8849 2170/8850/8850 2172/8851/8851
f 2168/8852/8852 2171/8853/8853 2169/8854/8854
f 2171/8855/8855 2173/8856/8856 2174/8857/8857
f 2171/8855/8855 2174/8857/8857 2172/8858/8858
f 2167/8859/8859 2172/8860/8860 2174/8861/8861
f 2168/8862/8862 2173/8863/8863 2171/8864/8864
f 2173/8865/8865 2175/8866/8866 2176/8867/8867
f 2173/8865/8865 2176/8867/8867 2174/8868/8868
f 2167/8869/8869 2174/8870/8870 2176/8871/8871
f 2168/8872/8872 2175/8873/8873 2173/8874/8874
f 2175/8875/8875 2177/8876/8876 2178/8877/8877
f 2175/8875/8875 2178/8877/8877 2176/8878/8878
f 2167/8879/8879 2176/8880/8880 2178/8881/8881
f 2168/8882/8882 2177/8883/8883 2175/8884/8884
f 2177/8885/8885 2179/8886/8886 2180/8887/8887
f 2177/8885/8885 2180/8887/8887 2178/8888/8888
f 2167/8889/8889 2178/8890/8890 2180/8891/8891
f 2168/8892/8892 2179/8893/8893 2177/8894/8894
f 2179/8895/8895 2181/8896/8896 2182/8897/8897
f 2179/8895/8895 2182/8897/8897 2180/8898/8898
f 2167/8899/8899 2180/8900/8900 2182/8901/8901
f 2168/8902/8902 2181/8903/8903 2179/8904/8904
f 2181/8905/8905 2183/8906/8906 2184/8907/8907
f 2181/8905/8905 2184/8907/8907 2182/8908/8908
f 2167/8909/8909 2182/8910/8910 2184/8911/8911
f 2168/8912/8912 2183/8913/8913 2181/8914/8914
f 2183/8915/8915 2185/8916/8916 2186/8917/8917
f 2183/8915/8915 2186/8917/8917 2184/8918/8918
f 2167/8919/8919 2184/8920/8920 2186/8921/8921
f 2168/8922/8922 2185/8923/8923 2183/8924/8924
f 2185/8925/8925 2187/8926/8926 2188/8927/8927
f 2185/8925/8925 2188/8927/8927 2186/8928/8928
f 2167/8929/8929 2186/8930/8930 2188/8931/8931
f 2168/8932/8932 2187/8933/8933 2185/8934/8934
f 2187/8935/8935 2163/8936/8936 2166/8937/8937
f 2187/8935/8935 2166/8937/8937 2188/8938/8938
f 2167/8939/8939 2188/8940/8940 2166/8941/8941
f 2168/8942/8942 2163/8943/8943 2187/8944/8944
f 2189/8945/8945 2190/8946/8946 2191/8947/8947
f 2189/8945/8945 2191/8947/8947 2192/8948/8948
f 2193/8949/8949 2192/8950/8950 2191/8951/8951
f 2194/8952/8952 2190/8953/8953 2189/8954/8954
f 2190/8955/8955 2195/8956/8956 2196/8957/8957
f 2190/8955/8955 2196/8957/8957 2191/8958/8958
f 2193/8959/8959 2191/8960/8960 2196/8961/8961
f 2194/8962/8962 2195/8963/8963 2190/8964/8964
f 2195/8965/8965 2197/8966/8966 2198/8967/8967
f 2195/8965/8965 2198/8967/8967 2196/8968/8968
f 2193/8969/8969 2196/8970/8970 2198/8971/8971
f 2194/8972/8972 2197/8973/8973 2195/8974/8974
f 2197/8975/8975 2199/8976/8976 2200/8977/8977
f 2197/8975/8975 2200/8977/8977 2198/8978/8978
f 2193/8979/8979 2198/8980/8980 2200/8981/8981
f 2194/8982/8982 2199/8983/8983 2197/8984/8984
f 2199/8985/8985 2201/8986/8986 2202/8987/8987
f 2199/8985/8985 2202/8987/8987 2200/8988/8988
f 2193/8989/8989 2200/8990/8990 2202/8991/8991
f 2194/8992/8992 2201/8993/8993 2199/8994/8994
f 2201/8995/8995 2203/8996/8996 2204/8997/8997
f 2201/8995/8995 2204/8997/8997 2202/8998/8998
f 2193/8999/8999 2202/9000/9000 2204/9001/9001
f 2194/9002/9002 2203/9003/9003 2201/9004/9004
f 2203/9005/9005 2205/9006/9006 2206/9007/9007
f 2203/9005/9005 2206/9007/9007 2204/9008/9008
f 2193/9009/9009 2204/9010/9010 2206/9011/9011
f 2194/9012/9012 2205/9013/9013 2203/9014/9014
f 2205/9015/9015 2207/9016/9016 2208/9017/9017
f 2205/9015/9015 2208/9017/9017 2206/9018/9018
f 2193/9019/9019 2206/9020/9020 2208/9021/9021
f 2194/9022/9022 2207/9023/9023 2205/9024/9024
f 2207/9025/9025 2209/9026/9026 2210/9027/9027
f 2207/9025/9025 2210/9027/9027 2208/9028/9028
f 2193/9029/9029 2208/9030/9030 2210/9031/9031
f 2194/9032/9032 2209/9033/9033 2207/9034/9034
f 2209/9035/9035 2211/9036/9036 2212/9037/9037
f 2209/9035/9035 2212/9037/9037 2210/9038/9038
f 2193/9039/9039 2210/9040/9040 2212/9041/9041
f 2194/9042/9042 2211/9043/9043 2209/9044/9044
f 2211/9045/9045 2213/9046/9046 2214/9047/9047
f 2211/9045/9045 2214/9047/9047 2212/9048/9048
f 2193/9049/9049 2212/9050/9050 2214/9051/9051
f 2194/9052/9052 2213/9053/9053 2211/9054/9054
f 2213/9055/9055 2189/9056/9056 2192/9057/9057
f 2213/9055/9055 2192/9057/9057 2214/9058/9058
f 2193/9059/9059 2214/9060/9060 2192/9061/9061
f 2194/9062/9062 2189/9063/9063 2213/9064/9064
f 2215/9065/9065 2216/9066/9066 2217/9067/9067
f 2215/9065/9065 2217/9067/9067 2218/9068/9068
f 2219/9069/9069 2220/9070/9070 2221/9071/9071
f 2219/9069/9069 2221/9071/9071 2222/9072/9072
f 2216/9073/9073 2215/9074/9074 2220/9075/9075
f 2216/9073/9073 2220/9075/9075 2219/9076/9076
f 2218/9077/9077 2217/9078/9078 2222/9079/9079
f 2218/9077/9077 2222/9079/9079 2221/9080/9080
f 2216/9081/9081 2223/9082/9082 2224/9083/9083
f 2216/9081/9081 2224/9083/9083 2217/9084/9084
f 2225/9085/9085 2219/9086/9086 2222/9087/9087
f 2225/9085/9085 2222/9087/9087 2226/9088/9088
f 2223/9089/9089 2216/9090/9090 2219/9091/9091
f 2223/9089/9089 2219/9091/9091 2225/9092/9092
f 2217/9093/9093 2224/9094/9094 2226/9095/9095
f 2217/9093/9093 2226/9095/9095 2222/9096/9096
f 2223/9097/9097 2227/9098/9098 2228/9099/9099
f 2223/9097/9097 2228/9099/9099 2224/9100/9100
f 2229/9101/9101 2225/9102/9102 2226/9103/9103
f 2229/9101/9101 2226/9103/9103 2230/9104/9104
f 2227/9105/9105 2223/9106/9106 2225/9107/9107
f 2227/9105/9105 2225/9107/9107 2229/9108/9108
f 2224/9109/9109 2228/9110/9110 2230/9111/9111
f 2224/9109/9109 2230/9111/9111 2226/9112/9112
f 2227/9113/9113 2231/9114/9114 2232/9115/9115
f 2227/9113/9113 2232/9115/9115 2228/9116/9116
f 2233/9117/9117 2229/9118/9118 2230/9119/9119
f 2233/9117/9117 2230/9119/9119 2234/9120/9120
f 2231/9121/9121 2227/9122/9122 2229/9123/9123
f 2231/9121/9121 2229/9123/9123 2233/9124/9124
f 2228/9125/9125 2232/9126/9126 2234/9127/9127
f 2228/9125/9125 2234/9127/9127 2230/9128/9128
f 2231/9129/9129 2235/9130/9130 2236/9131/9131
f 2231/9129/9129 2236/9131/9131 2232/9132/9132
f 2237/9133/9133 2233/9134/9134 2234/9135/9135
f 2237/9133/9133 2234/9135/9135 2238/9136/9136
f 2235/9137/9137 2231/9138/9138 2233/9139/9139
f 2235/9137/9137 2233/9139/9139 2237/9140/9140
f 2232/9141/9141 2236/9142/9142 2238/9143/9143
f 2232/9141/9141 2238/9143/9143 2234/9144/9144
f 2235/9145/9145 2239/9146/9146 2240/9147/9147
f 2235/9145/9145 2240/9147/9147 2236/9148/9148
f 2241/9149/9149 2237/9150/9150 2238/9151/9151
f 2241/9149/9149 2238/9151/9151 2242/9152/9152
f 2239/9153/9153 2235/9154/9154 2237/9155/9155
f 2239/9153/9153 2237/9155/9155 2241/9156/9156
f 2236/9157/9157 2240/9158/9158 2242/9159/9159
f 2236/9157/9157 2242/9159/9159 2238/9160/9160
f 2239/9161/9161 2243/9162/9162 2244/9163/9163
f 2239/9161/9161 2244/9163/9163 2240/9164/9164
f 2245/9165/9165 2241/9166/9166 2242/9167/9167
f 2245/9165/9165 2242/9167/9167 2246/9168/9168
f 2243/9169/9169 2239/9170/9170 2241/9171/9171
f 2243/9169/9169 2241/9171/9171 2245/9172/9172
f 2240/9173/9173 2244/9174/9174 2246/9175/9175
f 2240/9173/9173 2246/9175/9175 2242/9176/9176
f 2243/9177/9177 2247/9178/9178 2248/9179/9179
f 2243/9177/9177 2248/9179/9179 2244/9180/9180
f 2249/9181/9181 2245/9182/9182 2246/9183/9183
f 2249/9181/9181 2246/9183/9183 2250/9184/9184
f 2247/9185/9185 2243/9186/9186 2245/9187/9187
f 2247/9185/9185 2245/9187/9187 2249/9188/9188
f 2244/9189/9189 2248/9190/9190 2250/9191/9191
f 2244/9189/9189 2250/9191/9191 2246/9192/9192
f 2247/9193/9193 2251/9194/9194 2252/9195/9195
f 2247/9193/9193 2252/9195/9195 2248/9196/9196
f 2253/9197/9197 2249/9198/9198 2250/9199/9199
f 2253/9197/9197 2250/9199/9199 2254/9200/9200
f 2251/9201/9201 2247/9202/9202 2249/9203/9203
f 2251/9201/9201 2249/9203/9203 2253/9204/9204
f 2248/9205/9205 2252/9206/9206 2254/9207/9207
f 2248/9205/9205 2254/9207/9207 2250/9208/9208
f 2251/9209/9209 2215/9210/9210 2218/9211/9211
f 2251/9209/9209 2218/9211/9211 2252/9212/9212
f 2220/9213/9213 2253/9214/9214 2254/9215/9215
f 2220/9213/9213 2254/9215/9215 2221/9216/9216
f 2215/9217/9217 2251/9218/9218 2253/9219/9219
f 2215/9217/9217 2253/9219/9219 2220/9220/9220
f 2252/9221/9221 2218/9222/9222 2221/9223/9223
f 2252/9221/9221 2221/9223/9223 2254/9224/9224
f 2255/9225/9225 2256/9226/9226 2257/9227/9227
f 2255/9225/9225 2257/9227/9227 2258/9228/9228
f 2259/9229/9229 2260/9230/9230 2261/9231/9231
f 2259/9229/9229 2261/9231/9231 2262/9232/9232
f 2256/9233/9233 2255/9234/9234 2260/9235/9235
f 2256/9233/9233 2260/9235/9235 2259/9236/9236
f 2258/9237/9237 2257/9238/9238 2262/9239/9239
f 2258/9237/9237 2262/9239/9239 2261/9240/9240
f 2256/9241/9241 2263/9242/9242 2264/9243/9243
f 2256/9241/9241 2264/9243/9243 2257/9244/9244
f 2265/9245/9245 2259/9246/9246 2262/9247/9247
f 2265/9245/9245 2262/9247/9247 2266/9248/9248
f 2263/9249/9249 2256/9250/9250 2259/9251/9251
f 2263/9249/9249 2259/9251/9251 2265/9252/9252
f 2257/9253/9253 2264/9254/9254 2266/9255/9255
f 2257/9253/9253 2266/9255/9255 2262/9256/9256
f 2263/9257/9257 2267/9258/9258 2268/9259/9259
f 2263/9257/9257 2268/9259/9259 2264/9260/9260
f 2269/9261/9261 2265/9262/9262 2266/9263/9263
f 2269/9261/9261 2266/9263/9263 2270/9264/9264
f 2267/9265/9265 2263/9266/9266 2265/9267/9267
f 2267/9265/9265 2265/9267/9267 2269/9268/9268
f 2264/9269/9269 2268/9270/9270 2270/9271/9271
f 2264/9269/9269 2270/9271/9271 2266/9272/9272
f 2267/9273/9273 2271/9274/9274 2272/9275/9275
f 2267/9273/9273 2272/9275/9275 2268/9276/9276
f 2273/9277/9277 2269/9278/9278 2270/9279/9279
f 2273/9277/9277 2270/9279/9279 2274/9280/9280
f 2271/9281/9281 2267/9282/9282 2269/9283/9283
f 2271/9281/9281 2269/9283/9283 2273/9284/9284
f 2268/9285/9285 2272/9286/9286 2274/9287/9287
f 2268/9285/9285 2274/9287/9287 2270/9288/9288
f 2271/9289/9289 2275/9290/9290 2276/9291/9291
f 2271/9289/9289 2276/9291/9291 2272/9292/9292
f 2277/9293/9293 2273/9294/9294 2274/9295/9295
f 2277/9293/9293 2274/9295/9295 2278/9296/9296
f 2275/9297/9297 2271/9298/9298 2273/9299/9299
f 2275/9297/9297 2273/9299/9299 2277/9300/9300
f 2272/9301/9301 2276/9302/9302 2278/9303/9303
f 2272/9301/9301 2278/9303/9303 2274/9304/9304
f 2275/9305/9305 2279/9306/9306 2280/9307/9307
f 2275/9305/9305 2280/9307/9307 2276/9308/9308
f 2281/9309/9309 2277/9310/9310 2278/9311/9311
f 2281/9309/9309 2278/9311/9311 2282/9312/9312
f 2279/9313/9313 2275/9314/9314 2277/9315/9315
f 2279/9313/9313 2277/9315/9315 2281/9316/9316
f 2276/9317/9317 2280/9318/9318 2282/9319/9319
f 2276/9317/9317 2282/9319/9319 2278/9320/9320
f 2279/9321/9321 2283/9322/9322 2284/9323/9323
f 2279/9321/9321 2284/9323/9323 2280/9324/9324
f 2285/9325/9325 2281/9326/9326 2282/9327/9327
f 2285/9325/9325 2282/9327/9327 2286/9328/9328
f 2283/9329/9329 2279/9330/9330 2281/9331/9331
f 2283/9329/9329 2281/9331/9331 2285/9332/9332
f 2280/9333/9333 2284/9334/9334 2286/9335/9335
f 2280/9333/9333 2286/9335/9335 2282/9336/9336
f 2283/9337/9337 2287/9338/9338 2288/9339/9339
f 2283/9337/9337 2288/9339/9339 2284/9340/9340
f 2289/9341/9341 2285/9342/9342 2286/9343/9343
f 2289/9341/9341 2286/9343/9343 2290/9344/9344
f 2287/9345/9345 2283/9346/9346 2285/9347/9347
f 2287/9345/9345 2285/9347/9347 2289/9348/9348
f 2284/9349/9349 2288/9350/9350 2290/9351/9351
f 2284/9349/9349 2290/9351/9351 2286/9352/9352
f 2287/9353/9353 2291/9354/9354 2292/9355/9355
f 2287/9353/9353 2292/9355/9355 2288/9356/9356
f 2293/9357/9357 2289/9358/9358 2290/9359/9359
f 2293/9357/9357 2290/9359/9359 2294/9360/9360
f 2291/9361/9361 2287/9362/9362 2289/9363/9363
f 2291/9361/9361 2289/9363/9363 2293/9364/9364
f 2288/9365/9365 2292/9366/9366 2294/9367/9367
f 2288/9365/9365 2294/9367/9367 2290/9368/9368
f 2291/9369/9369 2255/9370/9370 2258/9371/9371
f 2291/9369/9369 2258/9371/9371 2292/9372/9372
f 2260/9373/9373 2293/9374/9374 2294/9375/9375
f 2260/9373/9373 2294/9375/9375 2261/9376/9376
f 2255/9377/9377 2291/9378/9378 2293/9379/9379
f 2255/9377/9377 2293/9379/9379 2260/9380/9380
f 2292/9381/9381 2258/9382/9382 2261/9383/9383
f 2292/9381/9381 2261/9383/9383 2294/9384/9384
f 2295/9385/9385 2296/9386/9386 2297/9387/9387
f 2295/9385/9385 2297/9387/9387 2298/9388/9388
f 2299/9389/9389 2300/9390/9390 2301/9391/9391
f 2299/9389/9389 2301/9391/9391 2302/9392/9392
f 2301/9393/9393 2300/9394/9394 2297/9395/9395
f 2301/9393/9393 2297/9395/9395 2296/9396/9396
f 2302/9397/9397 2295/9398/9398 2298/9399/9399
f 2302/9397/9397 2298/9399/9399 2299/9400/9400
f 2299/9401/9401 2298/9402/9402 2297/9403/9403
f 2299/9401/9401 2297/9403/9403 2300/9404/9404
f 2302/9405/9405 2301/9406/9406 2296/9407/9407
f 2302/9405/9405 2296/9407/9407 2295/9408/9408
f 2303/9409/9409 2304/9410/9410 2305/9411/9411
f 2303/9409/9409 2305/9411/9411 2306/9412/9412
f 2307/9413/9413 2308/9414/9414 2309/9415/9415
f 2307/9413/9413 2309/9415/9415 2310/9416/9416
f 2309/9417/9417 2308/9418/9418 2305/9419/9419
f 2309/9417/9417 2305/9419/9419 2304/9420/9420
f 2310/9421/9421 2303/9422/9422 2306/9423/9423
f 2310/9421/9421 2306/9423/9423 2307/9424/9424
f 2307/9425/9425 2306/9426/9426 2305/9427/9427
f 2307/9425/9425 2305/9427/9427 2308/9428/9428
f 2310/9429/9429 2309/9430/9430 2304/9431/9431
f 2310/9429/9429 2304/9431/9431 2303/9432/9432
f 2311/9433/9433 2312/9434/9434 2313/9435/9435
f 2311/9433/9433 2313/9435/9435 2314/9436/9436
f 2315/9437/9437 2316/9438/9438 2317/9439/9439
f 2315/9437/9437 2317/9439/9439 2318/9440/9440
f 2312/9441/9441 2311/9442/9442 2316/9443/9443
f 2312/9441/9441 2316/9443/9443 2315/9444/9444
f 2314/9445/9445 2313/9446/9446 2318/9447/9447
f 2314/9445/9445 2318/9447/9447 2317/9448/9448
f 2312/9449/9449 2319/9450/9450 2320/9451/9451
f 2312/9449/9449 2320/9451/9451 2313/9452/9452
f 2321/9453/9453 2315/9454/9454 2318/9455/9455
f 2321/9453/9453 2318/9455/9455 2322/9456/9456
f 2319/9457/9457 2312/9458/9458 2315/9459/9459
f 2319/9457/9457 2315/9459/9459 2321/9460/9460
f 2313/9461/9461 2320/9462/9462 2322/9463/9463
f 2313/9461/9461 2322/9463/9463 2318/9464/9464
f 2319/9465/9465 2323/9466/9466 2324/9467/9467
f 2319/9465/9465 2324/9467/9467 2320/9468/9468
f 2325/9469/9469 2321/9470/9470 2322/9471/9471
f 2325/9469/9469 2322/9471/9471 2326/9472/9472
f 2323/9473/9473 2319/9474/9474 2321/9475/9475
f 2323/9473/9473 2321/9475/9475 2325/9476/9476
f 2320/9477/9477 2324/9478/9478 2326/9479/9479
f 2320/9477/9477 2326/9479/9479 2322/9480/9480
f 2323/9481/9481 2327/9482/9482 2328/9483/9483
f 2323/9481/9481 2328/9483/9483 2324/9484/9484
f 2329/9485/9485 2325/9486/9486 2326/9487/9487
f 2329/9485/9485 2326/9487/9487 2330/9488/9488
f 2327/9489/9489 2323/9490/9490 2325/9491/9491
f 2327/9489/9489 2325/9491/9491 2329/9492/9492
f 2324/9493/9493 2328/9494/9494 2330/9495/9495
f 2324/9493/9493 2330/9495/9495 2326/9496/9496
f 2327/9497/9497 2331/9498/9498 2332/9499/9499
f 2327/9497/9497 2332/9499/9499 2328/9500/9500
f 2333/9501/9501 2329/9502/9502 2330/9503/9503
f 2333/9501/9501 2330/9503/9503 2334/9504/9504
f 2331/9505/9505 2327/9506/9506 2329/9507/9507
f 2331/9505/9505 2329/9507/9507 2333/9508/9508
f 2328/9509/9509 2332/9510/9510 2334/9511/9511
f 2328/9509/9509 2334/9511/9511 2330/9512/9512
f 2331/9513/9513 2335/9514/9514 2336/9515/9515
f 2331/9513/9513 2336/9515/9515 2332/9516/9516
f 2337/9517/9517 2333/9518/9518 2334/9519/9519
f 2337/9517/9517 2334/9519/9519 2338/9520/9520
f 2335/9521/9521 2331/9522/9522 2333/9523/9523
f 2335/9521/9521 2333/9523/9523 2337/9524/9524
f 2332/9525/9525 2336/9526/9526 2338/9527/9527
f 2332/9525/9525 2338/9527/9527 2334/9528/9528
f 2335/9529/9529 2339/9530/9530 2340/9531/9531
f 2335/9529/9529 2340/9531/9531 2336/9532/9532
f 2341/9533/9533 2337/9534/9534 2338/9535/9535
f 2341/9533/9533 2338/9535/9535 2342/9536/9536
f 2339/9537/9537 2335/9538/9538 2337/9539/9539
f 2339/9537/9537 2337/9539/9539 2341/9540/9540
f 2336/9541/9541 2340/9542/9542 2342/9543/9543
f 2336/9541/9541 2342/9543/9543 2338/9544/9544
f 2339/9545/9545 2343/9546/9546 2344/9547/9547
f 2339/9545/9545 2344/9547/9547 2340/9548/9548
f 2345/9549/9549 2341/9550/9550 2342/9551/9551
f 2345/9549/9549 2342/9551/9551 2346/9552/9552
f 2343/9553/9553 2339/9554/9554 2341/9555/9555
f 2343/9553/9553 2341/9555/9555 2345/9556/9556
f 2340/9557/9557 2344/9558/9558 2346/9559/9559
f 2340/9557/9557 2346/9559/9559 2342/9560/9560
f 2343/9561/9561 2347/9562/9562 2348/9563/9563
f 2343/9561/9561 2348/9563/9563 2344/9564/9564
f 2349/9565/9565 2345/9566/9566 2346/9567/9567
f 2349/9565/9565 2346/9567/9567 2350/9568/9568
f 2347/9569/9569 2343/9570/9570 2345/9571/9571
f 2347/9569/9569 2345/9571/9571 2349/9572/9572
f 2344/9573/9573 2348/9574/9574 2350/9575/9575
f 2344/9573/9573 2350/9575/9575 2346/9576/9576
f 2347/9577/9577 2311/9578/9578 2314/9579/9579
f 2347/9577/9577 2314/9579/9579 2348/9580/9580
f 2316/9581/9581 2349/9582/9582 2350/9583/9583
f 2316/9581/9581 2350/9583/9583 2317/9584/9584
f 2311/9585/9585 2347/9586/9586 2349/9587/9587
f 2311/9585/9585 2349/9587/9587 2316/9588/9588
f 2348/9589/9589 2314/9590/9590 2317/9591/9591
f 2348/9589/9589 2317/9591/9591 2350/9592/9592
f 2351/9593/9593 2352/9594/9594 2353/9595/9595
f 2351/9593/9593 2353/9595/9595 2354/9596/9596
f 2352/9597/9597 2355/9598/9598 2356/9599/9599
f 2352/9597/9597 2356/9599/9599 2353/9600/9600
f 2355/9601/9601 2357/9602/9602 2358/9603/9603
f 2355/9601/9601 2358/9603/9603 2356/9604/9604
f 2357/9605/9605 2351/9606/9606 2354/9607/9607
f 2357/9605/9605 2354/9607/9607 2358/9608/9608
f 2351/9609/9609 2357/9610/9610 2355/9611/9611
f 2351/9609/9609 2355/9611/9611 2352/9612/9612
f 2354/9613/9613 2353/9614/9614 2356/9615/9615
f 2354/9613/9613 2356/9615/9615 2358/9616/9616
f 2359/9617/9617 2360/9618/9618 2361/9619/9619
f 2359/9617/9617 2361/9619/9619 2362/9620/9620
f 2360/9621/9621 2363/9622/9622 2364/9623/9623
f 2360/9621/9621 2364/9623/9623 2361/9624/9624
f 2363/9625/9625 2365/9626/9626 2366/9627/9627
f 2363/9625/9625 2366/9627/9627 2364/9628/9628
f 2365/9629/9629 2359/9630/9630 2362/9631/9631
f 2365/9629/9629 2362/9631/9631 2366/9632/9632
f 2359/9633/9633 2365/9634/9634 2363/9635/9635
f 2359/9633/9633 2363/9635/9635 2360/9636/9636
f 2362/9637/9637 2361/9638/9638 2364/9639/9639
f 2362/9637/9637 2364/9639/9639 2366/9640/9640
f 2367/9641/9641 2368/9642/9642 2369/9643/9643
f 2367/9641/9641 2369/9643/9643 2370/9644/9644
f 2368/9645/9645 2371/9646/9646 2372/9647/9647
f 2368/9645/9645 2372/9647/9647 2369/9648/9648
f 2371/9649/9649 2373/9650/9650 2374/9651/9651
f 2371/9649/9649 2374/9651/9651 2372/9652/9652
f 2373/9653/9653 2375/9654/9654 2376/9655/9655
f 2373/9653/9653 2376/9655/9655 2374/9656/9656
f 2375/9657/9657 2377/9658/9658 2378/9659/9659
f 2375/9657/9657 2378/9659/9659 2376/9660/9660
f 2377/9661/9661 2379/9662/9662 2380/9663/9663
f 2377/9661/9661 2380/9663/9663 2378/9664/9664
f 2379/9665/9665 2381/9666/9666 2382/9667/9667
f 2379/9665/9665 2382/9667/9667 2380/9668/9668
f 2381/9669/9669 2383/9670/9670 2384/9671/9671
f 2381/9669/9669 2384/9671/9671 2382/9672/9672
f 2383/9673/9673 2385/9674/9674 2386/9675/9675
f 2383/9673/9673 2386/9675/9675 2384/9676/9676
f 2385/9677/9677 2367/9678/9678 2370/9679/9679
f 2385/9677/9677 2370/9679/9679 2386/9680/9680
f 2370/9681/9681 2369/9682/9682 2387/9683/9683
f 2370/9681/9681 2387/9683/9683 2388/9684/9684
f 2369/9685/9685 2372/9686/9686 2389/9687/9687
f 2369/9685/9685 2389/9687/9687 2387/9688/9688
f 2372/9689/9689 2374/9690/9690 2390/9691/9691
f 2372/9689/9689 2390/9691/9691 2389/9692/9692
f 2374/9693/9693 2376/9694/9694 2391/9695/9695
f 2374/9693/9693 2391/9695/9695 2390/9696/9696
f 2376/9697/9697 2378/9698/9698 2392/9699/9699
f 2376/9697/9697 2392/9699/9699 2391/9700/9700
f 2378/9701/9701 2380/9702/9702 2393/9703/9703
f 2378/9701/9701 2393/9703/9703 2392/9704/9704
f 2380/9705/9705 2382/9706/9706 2394/9707/9707
f 2380/9705/9705 2394/9707/9707 2393/9708/9708
f 2382/9709/9709 2384/9710/9710 2395/9711/9711
f 2382/9709/9709 2395/9711/9711 2394/9712/9712
f 2384/9713/9713 2386/9714/9714 2396/9715/9715
f 2384/9713/9713 2396/9715/9715 2395/9716/9716
f 2386/9717/9717 2370/9718/9718 2388/9719/9719
f 2386/9717/9717 2388/9719/9719 2396/9720/9720
f 2388/9721/9721 2387/9722/9722 2397/9723/9723
f 2388/9721/9721 2397/9723/9723 2398/9724/9724
f 2387/9725/9725 2389/9726/9726 2399/9727/9727
f 2387/9725/9725 2399/9727/9727 2397/9728/9728
f 2389/9729/9729 2390/9730/9730 2400/9731/9731
f 2389/9729/9729 2400/9731/9731 2399/9732/9732
f 2390/9733/9733 2391/9734/9734 2401/9735/9735
f 2390/9733/9733 2401/9735/9735 2400/9736/9736
f 2391/9737/9737 2392/9738/9738 2402/9739/9739
f 2391/9737/9737 2402/9739/9739 2401/9740/9740
f 2392/9741/9741 2393/9742/9742 2403/9743/9743
f 2392/9741/9741 2403/9743/9743 2402/9744/9744
f 2393/9745/9745 2394/9746/9746 2404/9747/9747
f 2393/9745/9745 2404/9747/9747 2403/9748/9748
f 2394/9749/9749 2395/9750/9750 2405/9751/9751
f 2394/9749/9749 2405/9751/9751 2404/9752/9752
f 2395/9753/9753 2396/9754/9754 2406/9755/9755
f 2395/9753/9753 2406/9755/9755 2405/9756/9756
f 2396/9757/9757 2388/9758/9758 2398/9759/9759
f 2396/9757/9757 2398/9759/9759 2406/9760/9760
f 2398/9761/9761 2397/9762/9762 2407/9763/9763
f 2398/9761/9761 2407/9763/9763 2408/9764/9764
f 2397/9765/9765 2399/9766/9766 2409/9767/9767
f 2397/9765/9765 2409/9767/9767 2407/9768/9768
f 2399/9769/9769 2400/9770/9770 2410/9771/9771
f 2399/9769/9769 2410/9771/9771 2409/9772/9772
f 2400/9773/9773 2401/9774/9774 2411/9775/9775
f 2400/9773/9773 2411/9775/9775 2410/9776/9776
f 2401/9777/9777 2402/9778/9778 2412/9779/9779
f 2401/9777/9777 2412/9779/9779 2411/9780/9780
f 2402/9781/9781 2403/9782/9782 2413/9783/9783
f 2402/9781/9781 2413/9783/9783 2412/9784/9784
f 2403/9785/9785 2404/9786/9786 2414/9787/9787
f 2403/9785/9785 2414/9787/9787 2413/9788/9788
f 2404/9789/9789 2405/9790/9790 2415/9791/9791
f 2404/9789/9789 2415/9791/9791 2414/9792/9792
f 2405/9793/9793 2406/9794/9794 2416/9795/9795
f 2405/9793/9793 2416/9795/9795 2415/9796/9796
f 2406/9797/9797 2398/9798/9798 2408/9799/9799
f 2406/9797/9797 2408/9799/9799 2416/9800/9800
f 2417/9801/9801 2368/9802/9802 2367/9803/9803
f 2417/9804/9804 2371/9805/9805 2368/9806/9806
f 2417/9807/9807 2373/9808/9808 2371/9809/9809
f 2417/9810/9810 2375/9811/9811 2373/9812/9812
f 2417/9813/9813 2377/9814/9814 2375/9815/9815
f 2417/9816/9816 2379/9817/9817 2377/9818/9818
f 2417/9819/9819 2381/9820/9820 2379/9821/9821
f 2417/9822/9822 2383/9823/9823 2381/9824/9824
f 2417/9825/9825 2385/9826/9826 2383/9827/9827
f 2417/9828/9828 2367/9829/9829 2385/9830/9830
f 2418/9831/9831 2408/9832/9832 2407/9833/9833
f 2418/9834/9834 2407/9835/9835 2409/9836/9836
f 2418/9837/9837 2409/9838/9838 2410/9839/9839
f 2418/9840/9840 2410/9841/9841 2411/9842/9842
f 2418/9843/9843 2411/9844/9844 2412/9845/9845
f 2418/9846/9846 2412/9847/9847 2413/9848/9848
f 2418/9849/9849 2413/9850/9850 2414/9851/9851
f 2418/9852/9852 2414/9853/9853 2415/9854/9854
f 2418/9855/9855 2415/9856/9856 2416/9857/9857
f 2418/9858/9858 2416/9859/9859 2408/9860/9860
f 2419/9861/9861 2420/9862/9862 2421/9863/9863
f 2419/9861/9861 2421/9863/9863 2422/9864/9864
f 2420/9865/9865 2423/9866/9866 2424/9867/9867
f 2420/9865/9865 2424/9867/9867 2421/9868/9868
f 2423/9869/9869 2425/9870/9870 2426/9871/9871
f 2423/9869/9869 2426/9871/9871 2424/9872/9872
f 2425/9873/9873 2419/9874/9874 2422/9875/9875
f 2425/9873/9873 2422/9875/9875 2426/9876/9876
f 2419/9877/9877 2425/9878/9878 2423/9879/9879
f 2419/9877/9877 2423/9879/9879 2420/9880/9880
f 2422/9881/9881 2421/9882/9882 2424/9883/9883
f 2422/9881/9881 2424/9883/9883 2426/9884/9884
f 2427/9885/9885 2428/9886/9886 2429/9887/9887
f 2427/9885/9885 2429/9887/9887 2430/9888/9888
f 2428/9889/9889 2431/9890/9890 2432/9891/9891
f 2428/9889/9889 2432/9891/9891 2429/9892/9892
f 2431/9893/9893 2433/9894/9894 2434/9895/9895
f 2431/9893/9893 2434/9895/9895 2432/9896/9896
f 2433/9897/9897 2427/9898/9898 2430/9899/9899
f 2433/9897/9897 2430/9899/9899 2434/9900/9900
f 2427/9901/9901 2433/9902/9902 2431/9903/9903
f 2427/9901/9901 2431/9903/9903 2428/9904/9904
f 2430/9905/9905 2429/9906/9906 2432/9907/9907
f 2430/9905/9905 2432/9907/9907 2434/9908/9908
f 2435/9909/9909 2436/9910/9910 2437/9911/9911
f 2435/9909/9909 2437/9911/9911 2438/9912/9912
f 2436/9913/9913 2439/9914/9914 2440/9915/9915
f 2436/9913/9913 2440/9915/9915 2437/9916/9916
f 2439/9917/9917 2441/9918/9918 2442/9919/9919
f 2439/9917/9917 2442/9919/9919 2440/9920/9920
f 2441/9921/9921 2435/9922/9922 2438/9923/9923
f 2441/9921/9921 2438/9923/9923 2442/9924/9924
f 2435/9925/9925 2441/9926/9926 2439/9927/9927
f 2435/9925/9925 2439/9927/9927 2436/9928/9928
f 2438/9929/9929 2437/9930/9930 2440/9931/9931
f 2438/9929/9929 2440/9931/9931 2442/9932/9932
f 2443/9933/9933 2444/9934/9934 2445/9935/9935
f 2443/9933/9933 2445/9935/9935 2446/9936/9936
f 2444/9937/9937 2447/9938/9938 2448/9939/9939
f 2444/9937/9937 2448/9939/9939 2445/9940/9940
f 2447/9941/9941 2449/9942/9942 2450/9943/9943
f 2447/9941/9941 2450/9943/9943 2448/9944/9944
f 2449/9945/9945 2451/9946/9946 2452/9947/9947
f 2449/9945/9945 2452/9947/9947 2450/9948/9948
f 2451/9949/9949 2453/9950/9950 2454/9951/9951
f 2451/9949/9949 2454/9951/9951 2452/9952/9952
f 2453/9953/9953 2455/9954/9954 2456/9955/9955
f 2453/9953/9953 2456/9955/9955 2454/9956/9956
f 2455/9957/9957 2457/9958/9958 2458/9959/9959
f 2455/9957/9957 2458/9959/9959 2456/9960/9960
f 2457/9961/9961 2459/9962/9962 2460/9963/9963
f 2457/9961/9961 2460/9963/9963 2458/9964/9964
f 2459/9965/9965 2461/9966/9966 2462/9967/9967
f 2459/9965/9965 2462/9967/9967 2460/9968/9968
f 2461/9969/9969 2463/9970/9970 2464/9971/9971
f 2461/9969/9969 2464/9971/9971 2462/9972/9972
f 2463/9973/9973 2465/9974/9974 2466/9975/9975
f 2463/9973/9973 2466/9975/9975 2464/9976/9976
f 2465/9977/9977 2443/9978/9978 2446/9979/9979
f 2465/9977/9977 2446/9979/9979 2466/9980/9980
f 2446/9981/9981 2445/9982/9982 2467/9983/9983
f 2446/9981/9981 2467/9983/9983 2468/9984/9984
f 2445/9985/9985 2448/9986/9986 2469/9987/9987
f 2445/9985/9985 2469/9987/9987 2467/9988/9988
f 2448/9989/9989 2450/9990/9990 2470/9991/9991
f 2448/9989/9989 2470/9991/9991 2469/9992/9992
f 2450/9993/9993 2452/9994/9994 2471/9995/9995
f 2450/9993/9993 2471/9995/9995 2470/9996/9996
f 2452/9997/9997 2454/9998/9998 2472/9999/9999
f 2452/9997/9997 2472/9999/9999 2471/10000/10000
f 2454/10001/10001 2456/10002/10002 2473/10003/10003
f 2454/10001/10001 2473/10003/10003 2472/10004/10004
f 2456/10005/10005 2458/10006/10006 2474/10007/10007
f 2456/10005/10005 2474/10007/10007 2473/10008/10008
f 2458/10009/10009 2460/10010/10010 2475/10011/10011
f 2458/10009/10009 2475/10011/10011 2474/10012/10012
f 2460/10013/10013 2462/10014/10014 2476/10015/10015
f 2460/10013/10013 2476/10015/10015 2475/10016/10016
f 2462/10017/10017 2464/10018/10018 2477/10019/10019
f 2462/10017/10017 2477/10019/10019 2476/10020/10020
f 2464/10021/10021 2466/10022/10022 2478/10023/10023
f 2464/10021/10021 2478/10023/10023 2477/10024/10024
f 2466/10025/10025 2446/10026/10026 2468/10027/10027
f 2466/10025/10025 2468/10027/10027 2478/10028/10028
f 2468/10029/10029 2467/10030/10030 2479/10031/10031
f 2468/10029/10029 2479/10031/10031 2480/10032/10032
f 2467/10033/10033 2469/10034/10034 2481/10035/10035
f 2467/10033/10033 2481/10035/10035 2479/10036/10036
f 2469/10037/10037 2470/10038/10038 2482/10039/10039
f 2469/10037/10037 2482/10039/10039 2481/10040/10040
f 2470/10041/10041 2471/10042/10042 2483/10043/10043
f 2470/10041/10041 2483/10043/10043 2482/10044/10044
f 2471/10045/10045 2472/10046/10046 2484/10047/10047
f 2471/10045/10045 2484/10047/10047 2483/10048/10048
f 2472/10049/10049 2473/10050/10050 2485/10051/10051
f 2472/10049/10049 2485/10051/10051 2484/10052/10052
f 2473/10053/10053 2474/10054/10054 2486/10055/10055
f 2473/10053/10053 2486/10055/10055 2485/10056/10056
f 2474/10057/10057 2475/10058/10058 2487/10059/10059
f 2474/10057/10057 2487/10059/10059 2486/10060/10060
f 2475/10061/10061 2476/10062/10062 2488/10063/10063
f 2475/10061/10061 2488/10063/10063 2487/10064/10064
f 2476/10065/10065 2477/10066/10066 2489/10067/10067
f 2476/10065/10065 2489/10067/10067 2488/10068/10068
f 2477/10069/10069 2478/10070/10070 2490/10071/10071
f 2477/10069/10069 2490/10071/10071 2489/10072/10072
f 2478/10073/10073 2468/10074/10074 2480/10075/10075
f 2478/10073/10073 2480/10075/10075 2490/10076/10076
f 2491/10077/10077 2444/10078/10078 2443/10079/10079
f 2491/10080/10080 2447/10081/10081 2444/10082/10082
f 2491/10083/10083 2449/10084/10084 2447/10085/10085
f 2491/10086/10086 2451/10087/10087 2449/10088/10088
f 2491/10089/10089 2453/10090/10090 2451/10091/10091
f 2491/10092/10092 2455/10093/10093 2453/10094/10094
f 2491/10095/10095 2457/10096/10096 2455/10097/10097
f 2491/10098/10098 2459/10099/10099 2457/10100/10100
f 2491/10101/10101 2461/10102/10102 2459/10103/10103
f 2491/10104/10104 2463/10105/10105 2461/10106/10106
f 2491/10107/10107 2465/10108/10108 2463/10109/10109
f 2491/10110/10110 2443/10111/10111 2465/10112/10112
f 2480/10113/10113 2479/10114/10114 2492/10115/10115
f 2479/10116/10116 2481/10117/10117 2492/10118/10118
f 2481/10119/10119 2482/10120/10120 2492/10121/10121
f 2482/10122/10122 2483/10123/10123 2492/10124/10124
f 2483/10125/10125 2484/10126/10126 2492/10127/10127
f 2484/10128/10128 2485/10129/10129 2492/10130/10130
f 2485/10131/10131 2486/10132/10132 2492/10133/10133
f 2486/10134/10134 2487/10135/10135 2492/10136/10136
f 2487/10137/10137 2488/10138/10138 2492/10139/10139
f 2488/10140/10140 2489/10141/10141 2492/10142/10142
f 2489/10143/10143 2490/10144/10144 2492/10145/10145
f 2490/10146/10146 2480/10147/10147 2492/10148/10148
f 2493/10149/10149 2494/10150/10150 2495/10151/10151
f 2493/10149/10149 2495/10151/10151 2496/10152/10152
f 2496/10153/10153 2495/10154/10154 2497/10155/10155
f 2496/10153/10153 2497/10155/10155 2498/10156/10156
f 2498/10157/10157 2497/10158/10158 2499/10159/10159
f 2498/10157/10157 2499/10159/10159 2500/10160/10160
f 2500/10161/10161 2499/10162/10162 2501/10163/10163
f 2500/10161/10161 2501/10163/10163 2502/10164/10164
f 2502/10165/10165 2501/10166/10166 2503/10167/10167
f 2502/10165/10165 2503/10167/10167 2504/10168/10168
f 2504/10169/10169 2503/10170/10170 2505/10171/10171
f 2504/10169/10169 2505/10171/10171 2506/10172/10172
f 2506/10173/10173 2505/10174/10174 2507/10175/10175
f 2506/10173/10173 2507/10175/10175 2508/10176/10176
f 2508/10177/10177 2507/10178/10178 2509/10179/10179
f 2508/10177/10177 2509/10179/10179 2510/10180/10180
f 2510/10181/10181 2509/10182/10182 2511/10183/10183
f 2510/10181/10181 2511/10183/10183 2512/10184/10184
f 2512/10185/10185 2511/10186/10186 2513/10187/10187
f 2512/10185/10185 2513/10187/10187 2514/10188/10188
f 2514/10189/10189 2513/10190/10190 2515/10191/10191
f 2514/10189/10189 2515/10191/10191 2516/10192/10192
f 2516/10193/10193 2515/10194/10194 2494/10195/10195
f 2516/10193/10193 2494/10195/10195 2493/10196/10196
f 2494/10197/10197 2517/10198/10198 2518/10199/10199
f 2494/10197/10197 2518/10199/10199 2495/10200/10200
f 2495/10201/10201 2518/10202/10202 2519/10203/10203
f 2495/10201/10201 2519/10203/10203 2497/10204/10204
f 2497/10205/10205 2519/10206/10206 2520/10207/10207
f 2497/10205/10205 2520/10207/10207 2499/10208/10208
f 2499/10209/10209 2520/10210/10210 2521/10211/10211
f 2499/10209/10209 2521/10211/10211 2501/10212/10212
f 2501/10213/10213 2521/10214/10214 2522/10215/10215
f 2501/10213/10213 2522/10215/10215 2503/10216/10216
f 2503/10217/10217 2522/10218/10218 2523/10219/10219
f 2503/10217/10217 2523/10219/10219 2505/10220/10220
f 2505/10221/10221 2523/10222/10222 2524/10223/10223
f 2505/10221/10221 2524/10223/10223 2507/10224/10224
f 2507/10225/10225 2524/10226/10226 2525/10227/10227
f 2507/10225/10225 2525/10227/10227 2509/10228/10228
f 2509/10229/10229 2525/10230/10230 2526/10231/10231
f 2509/10229/10229 2526/10231/10231 2511/10232/10232
f 2511/10233/10233 2526/10234/10234 2527/10235/10235
f 2511/10233/10233 2527/10235/10235 2513/10236/10236
f 2513/10237/10237 2527/10238/10238 2528/10239/10239
f 2513/10237/10237 2528/10239/10239 2515/10240/10240
f 2515/10241/10241 2528/10242/10242 2517/10243/10243
f 2515/10241/10241 2517/10243/10243 2494/10244/10244
f 2517/10245/10245 2529/10246/10246 2530/10247/10247
f 2517/10245/10245 2530/10247/10247 2518/10248/10248
f 2518/10249/10249 2530/10250/10250 2531/10251/10251
f 2518/10249/10249 2531/10251/10251 2519/10252/10252
f 2519/10253/10253 2531/10254/10254 2532/10255/10255
f 2519/10253/10253 2532/10255/10255 2520/10256/10256
f 2520/10257/10257 2532/10258/10258 2533/10259/10259
f 2520/10257/10257 2533/10259/10259 2521/10260/10260
f 2521/10261/10261 2533/10262/10262 2534/10263/10263
f 2521/10261/10261 2534/10263/10263 2522/10264/10264
f 2522/10265/10265 2534/10266/10266 2535/10267/10267
f 2522/10265/10265 2535/10267/10267 2523/10268/10268
f 2523/10269/10269 2535/10270/10270 2536/10271/10271
f 2523/10269/10269 2536/10271/10271 2524/10272/10272
f 2524/10273/10273 2536/10274/10274 2537/10275/10275
f 2524/10273/10273 2537/10275/10275 2525/10276/10276
f 2525/10277/10277 2537/10278/10278 2538/10279/10279
f 2525/10277/10277 2538/10279/10279 2526/10280/10280
f 2526/10281/10281 2538/10282/10282 2539/10283/10283
f 2526/10281/10281 2539/10283/10283 2527/10284/10284
f 2527/10285/10285 2539/10286/10286 2540/10287/10287
f 2527/10285/10285 2540/10287/10287 2528/10288/10288
f 2528/10289/10289 2540/10290/10290 2529/10291/10291
f 2528/10289/10289 2529/10291/10291 2517/10292/10292
f 2541/10293/10293 2493/10294/10294 2496/10295/10295
f 2541/10296/10296 2496/10297/10297 2498/10298/10298
f 2541/10299/10299 2498/10300/10300 2500/10301/10301
f 2541/10302/10302 2500/10303/10303 2502/10304/10304
f 2541/10305/10305 2502/10306/10306 2504/10307/10307
f 2541/10308/10308 2504/10309/10309 2506/10310/10310
f 2541/10311/10311 2506/10312/10312 2508/10313/10313
f 2541/10314/10314 2508/10315/10315 2510/10316/10316
f 2541/10317/10317 2510/10318/10318 2512/10319/10319
f 2541/10320/10320 2512/10321/10321 2514/10322/10322
f 2541/10323/10323 2514/10324/10324 2516/10325/10325
f 2541/10326/10326 2516/10327/10327 2493/10328/10328
f 2529/10329/10329 2542/10330/10330 2530/10331/10331
f 2530/10332/10332 2542/10333/10333 2531/10334/10334
f 2531/10335/10335 2542/10336/10336 2532/10337/10337
f 2532/10338/10338 2542/10339/10339 2533/10340/10340
f 2533/10341/10341 2542/10342/10342 2534/10343/10343
f 2534/10344/10344 2542/10345/10345 2535/10346/10346
f 2535/10347/10347 2542/10348/10348 2536/10349/10349
f 2536/10350/10350 2542/10351/10351 2537/10352/10352
f 2537/10353/10353 2542/10354/10354 2538/10355/10355
f 2538/10356/10356 2542/10357/10357 2539/10358/10358
f 2539/10359/10359 2542/10360/10360 2540/10361/10361
f 2540/10362/10362 2542/10363/10363 2529/10364/10364
